time,temperature_2m,relative_humidity_2m,apparent_temperature,precipitation,rain,weather_code,cloud_cover,wind_speed_10m,wind_direction_10m,latitude,longitude
2025-01-01T00:00,18.2,87,18.5,0.0,0.0,0,1,12.0,66,12.9716,77.5946
2025-01-01T01:00,17.6,88,17.8,0.0,0.0,0,0,11.9,67,12.9716,77.5946
2025-01-01T02:00,17.1,87,16.9,0.0,0.0,0,2,12.4,64,12.9716,77.5946
2025-01-01T03:00,16.8,84,16.2,0.0,0.0,0,16,12.8,61,12.9716,77.5946
2025-01-01T04:00,16.4,83,15.7,0.0,0.0,2,76,12.0,62,12.9716,77.5946
2025-01-01T05:00,16.0,84,15.4,0.0,0.0,0,18,11.1,70,12.9716,77.5946
2025-01-01T06:00,16.8,93,17.1,0.0,0.0,1,20,11.4,69,12.9716,77.5946
2025-01-01T07:00,17.2,90,17.4,0.0,0.0,0,2,10.9,73,12.9716,77.5946
2025-01-01T08:00,19.1,80,19.4,0.0,0.0,0,0,10.6,76,12.9716,77.5946
2025-01-01T09:00,21.3,65,20.9,0.0,0.0,3,93,12.6,79,12.9716,77.5946
2025-01-01T10:00,23.2,54,22.7,0.0,0.0,3,96,14.1,77,12.9716,77.5946
2025-01-01T11:00,24.7,47,24.7,0.0,0.0,2,79,14.7,76,12.9716,77.5946
2025-01-01T12:00,25.7,44,26.0,0.0,0.0,3,93,14.7,76,12.9716,77.5946
2025-01-01T13:00,26.1,44,26.3,0.0,0.0,3,100,14.4,78,12.9716,77.5946
2025-01-01T14:00,26.6,43,26.6,0.0,0.0,3,97,13.5,80,12.9716,77.5946
2025-01-01T15:00,26.5,43,25.5,0.0,0.0,3,89,13.4,79,12.9716,77.5946
2025-01-01T16:00,25.9,45,24.8,0.0,0.0,2,76,13.2,78,12.9716,77.5946
2025-01-01T17:00,24.9,48,24.0,0.0,0.0,1,25,12.3,83,12.9716,77.5946
2025-01-01T18:00,23.2,54,22.7,0.0,0.0,0,17,10.2,97,12.9716,77.5946
2025-01-01T19:00,22.1,58,21.7,0.0,0.0,1,42,10.3,95,12.9716,77.5946
2025-01-01T20:00,21.0,62,20.8,0.0,0.0,0,17,9.0,87,12.9716,77.5946
2025-01-01T21:00,19.9,68,19.7,0.0,0.0,3,81,9.7,90,12.9716,77.5946
2025-01-01T22:00,18.9,76,19.0,0.0,0.0,3,96,9.4,87,12.9716,77.5946
2025-01-01T23:00,18.2,84,18.6,0.0,0.0,3,100,10.1,84,12.9716,77.5946
2025-01-02T00:00,17.6,92,18.3,0.0,0.0,3,98,10.1,86,12.9716,77.5946
2025-01-02T01:00,17.1,97,18.0,0.0,0.0,3,100,9.6,81,12.9716,77.5946
2025-01-02T02:00,16.8,98,17.7,0.0,0.0,3,100,9.3,77,12.9716,77.5946
2025-01-02T03:00,16.6,99,17.4,0.0,0.0,3,100,9.3,77,12.9716,77.5946
2025-01-02T04:00,16.3,99,17.0,0.0,0.0,3,100,9.3,77,12.9716,77.5946
2025-01-02T05:00,16.2,99,16.9,0.0,0.0,3,100,9.2,67,12.9716,77.5946
2025-01-02T06:00,16.4,94,16.6,0.0,0.0,3,98,11.5,68,12.9716,77.5946
2025-01-02T07:00,16.5,84,15.9,0.0,0.0,3,100,12.1,75,12.9716,77.5946
2025-01-02T08:00,18.0,77,17.6,0.0,0.0,3,100,10.9,74,12.9716,77.5946
2025-01-02T09:00,20.5,65,19.8,0.0,0.0,3,95,13.2,75,12.9716,77.5946
2025-01-02T10:00,22.5,55,21.9,0.0,0.0,3,99,13.7,76,12.9716,77.5946
2025-01-02T11:00,24.2,49,24.4,0.0,0.0,3,100,13.6,79,12.9716,77.5946
2025-01-02T12:00,25.3,46,25.8,0.0,0.0,3,100,13.6,79,12.9716,77.5946
2025-01-02T13:00,26.1,43,26.2,0.0,0.0,3,96,13.7,81,12.9716,77.5946
2025-01-02T14:00,26.4,42,26.2,0.0,0.0,1,31,14.2,83,12.9716,77.5946
2025-01-02T15:00,26.0,44,25.2,0.0,0.0,1,37,14.0,82,12.9716,77.5946
2025-01-02T16:00,25.1,48,24.1,0.0,0.0,2,65,13.6,84,12.9716,77.5946
2025-01-02T17:00,23.8,52,23.0,0.0,0.0,3,93,12.3,83,12.9716,77.5946
2025-01-02T18:00,22.7,58,22.7,0.0,0.0,3,97,8.9,76,12.9716,77.5946
2025-01-02T19:00,21.8,62,22.1,0.0,0.0,3,91,7.5,82,12.9716,77.5946
2025-01-02T20:00,20.7,69,21.0,0.0,0.0,3,100,8.1,115,12.9716,77.5946
2025-01-02T21:00,19.8,70,19.8,0.0,0.0,3,100,9.2,111,12.9716,77.5946
2025-01-02T22:00,19.1,73,19.0,0.0,0.0,3,100,9.0,90,12.9716,77.5946
2025-01-02T23:00,18.3,77,18.2,0.0,0.0,3,100,9.6,86,12.9716,77.5946
2025-01-03T00:00,17.6,85,17.8,0.0,0.0,3,100,9.8,85,12.9716,77.5946
2025-01-03T01:00,16.9,92,17.5,0.0,0.0,3,100,9.0,89,12.9716,77.5946
2025-01-03T02:00,16.4,95,17.0,0.0,0.0,3,100,8.8,95,12.9716,77.5946
2025-01-03T03:00,16.4,97,17.1,0.0,0.0,3,100,8.5,83,12.9716,77.5946
2025-01-03T04:00,16.7,95,17.6,0.0,0.0,3,100,7.7,72,12.9716,77.5946
2025-01-03T05:00,16.5,97,17.3,0.0,0.0,3,100,8.2,64,12.9716,77.5946
2025-01-03T06:00,17.2,91,17.9,0.0,0.0,2,55,8.5,72,12.9716,77.5946
2025-01-03T07:00,16.8,92,17.4,0.0,0.0,1,37,8.1,66,12.9716,77.5946
2025-01-03T08:00,18.0,79,18.1,0.0,0.0,2,57,8.9,63,12.9716,77.5946
2025-01-03T09:00,20.0,66,19.3,0.0,0.0,3,93,12.1,70,12.9716,77.5946
2025-01-03T10:00,22.0,53,21.0,0.0,0.0,3,100,13.8,73,12.9716,77.5946
2025-01-03T11:00,23.7,43,22.8,0.0,0.0,3,100,14.9,72,12.9716,77.5946
2025-01-03T12:00,24.8,42,24.1,0.0,0.0,3,97,15.1,75,12.9716,77.5946
2025-01-03T13:00,25.7,41,25.3,0.0,0.0,2,57,15.1,78,12.9716,77.5946
2025-01-03T14:00,25.9,42,25.4,0.0,0.0,3,100,15.1,82,12.9716,77.5946
2025-01-03T15:00,25.6,44,24.3,0.0,0.0,3,96,15.8,82,12.9716,77.5946
2025-01-03T16:00,24.8,45,23.0,0.0,0.0,2,68,15.9,86,12.9716,77.5946
2025-01-03T17:00,23.3,49,21.8,0.0,0.0,0,3,14.8,90,12.9716,77.5946
2025-01-03T18:00,22.3,55,21.4,0.0,0.0,0,4,12.1,83,12.9716,77.5946
2025-01-03T19:00,21.3,62,21.0,0.0,0.0,0,4,10.3,96,12.9716,77.5946
2025-01-03T20:00,20.2,69,20.1,0.0,0.0,0,17,9.5,109,12.9716,77.5946
2025-01-03T21:00,19.2,74,19.2,0.0,0.0,0,6,9.3,106,12.9716,77.5946
2025-01-03T22:00,18.4,78,18.6,0.0,0.0,0,2,8.4,105,12.9716,77.5946
2025-01-03T23:00,17.6,82,17.8,0.0,0.0,0,0,8.4,99,12.9716,77.5946
2025-01-04T00:00,16.9,86,17.2,0.0,0.0,0,0,7.6,95,12.9716,77.5946
2025-01-04T01:00,16.2,90,16.5,0.0,0.0,0,0,8.0,95,12.9716,77.5946
2025-01-04T02:00,15.6,94,15.8,0.0,0.0,0,0,8.3,88,12.9716,77.5946
2025-01-04T03:00,15.1,95,15.2,0.0,0.0,0,0,8.6,80,12.9716,77.5946
2025-01-04T04:00,14.6,95,14.6,0.0,0.0,0,2,8.6,80,12.9716,77.5946
2025-01-04T05:00,14.2,94,13.9,0.0,0.0,0,5,9.5,81,12.9716,77.5946
2025-01-04T06:00,14.9,97,14.9,0.0,0.0,3,100,9.4,92,12.9716,77.5946
2025-01-04T07:00,15.1,91,14.7,0.0,0.0,3,100,10.3,93,12.9716,77.5946
2025-01-04T08:00,16.7,80,16.2,0.0,0.0,1,30,10.2,97,12.9716,77.5946
2025-01-04T09:00,19.1,68,18.5,0.0,0.0,0,9,10.4,98,12.9716,77.5946
2025-01-04T10:00,21.1,58,21.0,0.0,0.0,0,6,10.5,96,12.9716,77.5946
2025-01-04T11:00,23.1,50,23.5,0.0,0.0,0,2,10.7,95,12.9716,77.5946
2025-01-04T12:00,24.6,45,25.4,0.0,0.0,0,5,11.2,92,12.9716,77.5946
2025-01-04T13:00,25.5,43,26.2,0.0,0.0,0,6,11.9,93,12.9716,77.5946
2025-01-04T14:00,25.8,44,25.9,0.0,0.0,0,8,12.3,93,12.9716,77.5946
2025-01-04T15:00,25.6,43,24.8,0.0,0.0,0,5,12.5,94,12.9716,77.5946
2025-01-04T16:00,24.9,47,24.1,0.0,0.0,0,2,11.5,98,12.9716,77.5946
2025-01-04T17:00,23.8,52,23.2,0.0,0.0,0,2,11.0,104,12.9716,77.5946
2025-01-04T18:00,22.8,56,22.8,0.0,0.0,0,0,7.2,104,12.9716,77.5946
2025-01-04T19:00,21.8,62,22.0,0.0,0.0,0,5,7.7,102,12.9716,77.5946
2025-01-04T20:00,20.6,68,20.7,0.0,0.0,0,0,8.8,105,12.9716,77.5946
2025-01-04T21:00,19.7,70,19.7,0.0,0.0,0,0,8.5,95,12.9716,77.5946
2025-01-04T22:00,18.8,73,18.8,0.0,0.0,0,0,8.6,101,12.9716,77.5946
2025-01-04T23:00,18.1,78,18.1,0.0,0.0,0,0,8.6,102,12.9716,77.5946
2025-01-05T00:00,17.4,82,17.5,0.0,0.0,0,0,9.0,100,12.9716,77.5946
2025-01-05T01:00,16.8,85,16.8,0.0,0.0,0,0,9.6,102,12.9716,77.5946
2025-01-05T02:00,16.1,90,16.1,0.0,0.0,0,0,10.1,100,12.9716,77.5946
2025-01-05T03:00,15.6,94,15.6,0.0,0.0,0,0,10.7,96,12.9716,77.5946
2025-01-05T04:00,15.3,96,15.3,0.0,0.0,0,3,10.3,91,12.9716,77.5946
2025-01-05T05:00,14.9,97,14.9,0.0,0.0,0,4,9.7,92,12.9716,77.5946
2025-01-05T06:00,15.3,99,15.6,0.0,0.0,3,100,9.2,96,12.9716,77.5946
2025-01-05T07:00,15.4,98,15.8,0.0,0.0,3,100,8.6,92,12.9716,77.5946
2025-01-05T08:00,16.4,90,16.6,0.0,0.0,3,98,9.0,88,12.9716,77.5946
2025-01-05T09:00,19.1,73,19.4,0.0,0.0,1,27,7.3,80,12.9716,77.5946
2025-01-05T10:00,21.5,59,21.7,0.0,0.0,0,2,7.1,83,12.9716,77.5946
2025-01-05T11:00,23.6,47,24.4,0.0,0.0,0,14,7.4,77,12.9716,77.5946
2025-01-05T12:00,25.2,40,26.2,0.0,0.0,2,79,7.5,79,12.9716,77.5946
2025-01-05T13:00,26.1,37,27.0,0.0,0.0,3,90,7.9,90,12.9716,77.5946
2025-01-05T14:00,26.5,36,26.7,0.0,0.0,2,79,8.5,90,12.9716,77.5946
2025-01-05T15:00,26.3,37,25.6,0.0,0.0,3,82,9.0,84,12.9716,77.5946
2025-01-05T16:00,25.5,39,24.3,0.0,0.0,2,50,9.3,81,12.9716,77.5946
2025-01-05T17:00,24.3,42,22.9,0.0,0.0,0,15,10.3,78,12.9716,77.5946
2025-01-05T18:00,23.4,50,22.7,0.0,0.0,0,0,9.4,73,12.9716,77.5946
2025-01-05T19:00,22.3,57,22.1,0.0,0.0,0,0,9.0,74,12.9716,77.5946
2025-01-05T20:00,21.0,66,20.9,0.0,0.0,0,0,10.1,106,12.9716,77.5946
2025-01-05T21:00,20.0,69,19.6,0.0,0.0,0,3,11.6,108,12.9716,77.5946
2025-01-05T22:00,19.3,70,18.9,0.0,0.0,0,1,10.5,97,12.9716,77.5946
2025-01-05T23:00,18.4,73,17.9,0.0,0.0,0,12,10.7,104,12.9716,77.5946
2025-01-06T00:00,17.7,76,17.1,0.0,0.0,1,33,11.0,105,12.9716,77.5946
2025-01-06T01:00,16.9,83,16.6,0.0,0.0,0,3,10.7,98,12.9716,77.5946
2025-01-06T02:00,16.1,93,16.2,0.0,0.0,3,88,10.7,99,12.9716,77.5946
2025-01-06T03:00,15.9,99,16.2,0.0,0.0,3,100,11.1,99,12.9716,77.5946
2025-01-06T04:00,15.9,99,16.4,0.0,0.0,3,100,10.1,101,12.9716,77.5946
2025-01-06T05:00,15.8,99,16.3,0.0,0.0,3,100,9.2,101,12.9716,77.5946
2025-01-06T06:00,15.9,94,16.7,0.0,0.0,3,100,5.6,96,12.9716,77.5946
2025-01-06T07:00,16.3,90,16.9,0.0,0.0,3,100,5.8,88,12.9716,77.5946
2025-01-06T08:00,17.7,78,18.0,0.0,0.0,0,15,6.4,79,12.9716,77.5946
2025-01-06T09:00,19.8,67,20.1,0.0,0.0,0,11,5.5,79,12.9716,77.5946
2025-01-06T10:00,21.9,55,22.4,0.0,0.0,0,0,5.8,81,12.9716,77.5946
2025-01-06T11:00,23.6,47,24.7,0.0,0.0,0,0,6.3,83,12.9716,77.5946
2025-01-06T12:00,24.9,43,26.4,0.0,0.0,0,1,6.7,95,12.9716,77.5946
2025-01-06T13:00,25.8,42,27.2,0.0,0.0,0,0,7.2,104,12.9716,77.5946
2025-01-06T14:00,26.2,42,27.2,0.0,0.0,0,0,7.6,109,12.9716,77.5946
2025-01-06T15:00,26.2,40,26.0,0.0,0.0,0,0,8.2,109,12.9716,77.5946
2025-01-06T16:00,25.7,40,24.9,0.0,0.0,0,0,7.9,107,12.9716,77.5946
2025-01-06T17:00,24.7,45,24.1,0.0,0.0,0,0,7.8,103,12.9716,77.5946
2025-01-06T18:00,23.4,56,23.6,0.0,0.0,0,1,7.3,121,12.9716,77.5946
2025-01-06T19:00,22.1,58,21.7,0.0,0.0,0,0,10.1,129,12.9716,77.5946
2025-01-06T20:00,21.1,58,20.4,0.0,0.0,0,0,9.7,117,12.9716,77.5946
2025-01-06T21:00,20.1,65,19.4,0.0,0.0,0,0,11.9,112,12.9716,77.5946
2025-01-06T22:00,19.3,68,18.6,0.0,0.0,0,0,11.5,115,12.9716,77.5946
2025-01-06T23:00,18.7,71,18.2,0.0,0.0,0,0,10.7,110,12.9716,77.5946
2025-01-07T00:00,18.2,74,17.8,0.0,0.0,0,0,9.4,114,12.9716,77.5946
2025-01-07T01:00,17.6,76,17.4,0.0,0.0,0,0,8.5,115,12.9716,77.5946
2025-01-07T02:00,17.2,79,17.4,0.0,0.0,0,0,6.4,106,12.9716,77.5946
2025-01-07T03:00,16.7,81,16.8,0.0,0.0,0,0,6.3,93,12.9716,77.5946
2025-01-07T04:00,16.1,84,16.1,0.0,0.0,0,0,7.6,91,12.9716,77.5946
2025-01-07T05:00,15.3,90,15.3,0.0,0.0,0,1,8.3,91,12.9716,77.5946
2025-01-07T06:00,16.2,97,16.8,0.0,0.0,3,100,8.8,105,12.9716,77.5946
2025-01-07T07:00,16.6,92,17.2,0.0,0.0,3,100,7.9,103,12.9716,77.5946
2025-01-07T08:00,18.2,80,18.7,0.0,0.0,3,83,7.6,97,12.9716,77.5946
2025-01-07T09:00,20.6,68,21.2,0.0,0.0,0,18,6.1,87,12.9716,77.5946
2025-01-07T10:00,22.8,58,23.8,0.0,0.0,0,2,5.4,76,12.9716,77.5946
2025-01-07T11:00,24.6,48,26.2,0.0,0.0,0,0,5.7,66,12.9716,77.5946
2025-01-07T12:00,26.0,41,27.4,0.0,0.0,0,0,7.2,63,12.9716,77.5946
2025-01-07T13:00,26.9,36,27.8,0.0,0.0,1,27,7.7,65,12.9716,77.5946
2025-01-07T14:00,27.3,33,27.5,0.0,0.0,2,68,7.9,66,12.9716,77.5946
2025-01-07T15:00,27.3,32,26.5,0.0,0.0,1,40,7.8,71,12.9716,77.5946
2025-01-07T16:00,26.7,33,25.3,0.0,0.0,0,0,8.0,80,12.9716,77.5946
2025-01-07T17:00,25.6,37,24.2,0.0,0.0,0,1,9.2,91,12.9716,77.5946
2025-01-07T18:00,24.2,45,23.6,0.0,0.0,0,0,7.2,91,12.9716,77.5946
2025-01-07T19:00,23.7,48,23.2,0.0,0.0,0,0,7.0,91,12.9716,77.5946
2025-01-07T20:00,23.2,49,22.6,0.0,0.0,0,0,7.5,98,12.9716,77.5946
2025-01-07T21:00,21.9,53,21.2,0.0,0.0,0,0,8.0,84,12.9716,77.5946
2025-01-07T22:00,20.1,60,19.3,0.0,0.0,0,0,10.2,66,12.9716,77.5946
2025-01-07T23:00,19.2,66,18.6,0.0,0.0,0,0,9.8,77,12.9716,77.5946
2025-01-08T00:00,18.5,72,18.0,0.0,0.0,0,0,10.3,83,12.9716,77.5946
2025-01-08T01:00,17.8,78,17.3,0.0,0.0,0,10,12.3,87,12.9716,77.5946
2025-01-08T02:00,16.8,93,17.0,0.0,0.0,3,98,11.5,92,12.9716,77.5946
2025-01-08T03:00,16.7,97,17.2,0.0,0.0,3,100,11.2,89,12.9716,77.5946
2025-01-08T04:00,16.6,97,17.5,0.0,0.0,3,100,8.5,91,12.9716,77.5946
2025-01-08T05:00,16.4,97,17.4,0.0,0.0,3,100,7.4,86,12.9716,77.5946
2025-01-08T06:00,16.4,98,17.3,0.0,0.0,3,100,8.3,68,12.9716,77.5946
2025-01-08T07:00,16.7,94,17.4,0.0,0.0,1,41,7.9,70,12.9716,77.5946
2025-01-08T08:00,18.4,78,19.0,0.0,0.0,0,1,5.5,71,12.9716,77.5946
2025-01-08T09:00,21.3,53,20.6,0.0,0.0,0,0,8.0,65,12.9716,77.5946
2025-01-08T10:00,23.4,38,22.1,0.0,0.0,0,0,10.2,59,12.9716,77.5946
2025-01-08T11:00,25.0,32,24.1,0.0,0.0,0,0,10.5,59,12.9716,77.5946
2025-01-08T12:00,26.1,28,25.4,0.0,0.0,0,0,10.3,65,12.9716,77.5946
2025-01-08T13:00,26.8,26,26.1,0.0,0.0,0,0,10.2,69,12.9716,77.5946
2025-01-08T14:00,27.1,25,25.8,0.0,0.0,0,0,10.4,72,12.9716,77.5946
2025-01-08T15:00,27.0,26,24.9,0.0,0.0,0,0,10.4,80,12.9716,77.5946
2025-01-08T16:00,26.2,28,23.8,0.0,0.0,0,0,10.3,84,12.9716,77.5946
2025-01-08T17:00,25.1,32,22.8,0.0,0.0,0,0,10.5,85,12.9716,77.5946
2025-01-08T18:00,23.9,36,22.1,0.0,0.0,0,0,8.5,96,12.9716,77.5946
2025-01-08T19:00,22.7,42,20.8,0.0,0.0,0,0,10.5,96,12.9716,77.5946
2025-01-08T20:00,20.9,48,19.1,0.0,0.0,0,0,11.4,106,12.9716,77.5946
2025-01-08T21:00,19.4,59,18.0,0.0,0.0,0,0,12.0,102,12.9716,77.5946
2025-01-08T22:00,18.6,68,17.5,0.0,0.0,0,0,12.3,93,12.9716,77.5946
2025-01-08T23:00,17.7,74,16.8,0.0,0.0,0,0,12.6,91,12.9716,77.5946
2025-01-09T00:00,16.8,82,16.1,0.0,0.0,0,0,12.6,89,12.9716,77.5946
2025-01-09T01:00,16.0,90,15.5,0.0,0.0,0,11,12.5,83,12.9716,77.5946
2025-01-09T02:00,15.4,95,15.1,0.0,0.0,2,73,12.2,82,12.9716,77.5946
2025-01-09T03:00,15.1,96,14.8,0.0,0.0,3,89,12.0,83,12.9716,77.5946
2025-01-09T04:00,14.9,96,14.5,0.0,0.0,0,6,11.8,83,12.9716,77.5946
2025-01-09T05:00,14.7,94,14.2,0.0,0.0,0,0,11.5,81,12.9716,77.5946
2025-01-09T06:00,14.6,93,14.0,0.0,0.0,3,86,11.8,82,12.9716,77.5946
2025-01-09T07:00,15.0,89,14.3,0.0,0.0,2,76,11.4,83,12.9716,77.5946
2025-01-09T08:00,16.6,75,15.6,0.0,0.0,0,5,10.9,82,12.9716,77.5946
2025-01-09T09:00,19.3,57,17.6,0.0,0.0,0,0,13.2,85,12.9716,77.5946
2025-01-09T10:00,21.3,50,19.9,0.0,0.0,0,7,15.0,86,12.9716,77.5946
2025-01-09T11:00,22.6,54,22.4,0.0,0.0,0,8,15.3,93,12.9716,77.5946
2025-01-09T12:00,24.4,46,24.4,0.0,0.0,0,17,15.0,95,12.9716,77.5946
2025-01-09T13:00,25.3,44,25.2,0.0,0.0,0,5,15.2,95,12.9716,77.5946
2025-01-09T14:00,25.7,42,25.2,0.0,0.0,0,3,14.9,99,12.9716,77.5946
2025-01-09T15:00,25.8,42,24.7,0.0,0.0,0,4,13.6,105,12.9716,77.5946
2025-01-09T16:00,25.9,40,24.4,0.0,0.0,0,17,12.6,112,12.9716,77.5946
2025-01-09T17:00,23.3,55,22.0,0.0,0.0,3,80,16.7,101,12.9716,77.5946
2025-01-09T18:00,22.8,58,22.2,0.0,0.0,1,20,12.8,101,12.9716,77.5946
2025-01-09T19:00,21.9,64,21.8,0.0,0.0,3,96,11.4,95,12.9716,77.5946
2025-01-09T20:00,21.1,71,21.0,0.0,0.0,0,5,13.1,99,12.9716,77.5946
2025-01-09T21:00,19.9,81,20.1,0.0,0.0,0,9,13.4,98,12.9716,77.5946
2025-01-09T22:00,19.3,84,19.4,0.0,0.0,0,0,14.4,99,12.9716,77.5946
2025-01-09T23:00,18.7,85,18.7,0.0,0.0,0,0,14.3,101,12.9716,77.5946
2025-01-10T00:00,18.2,85,18.1,0.0,0.0,0,2,13.6,98,12.9716,77.5946
2025-01-10T01:00,17.7,84,17.3,0.0,0.0,0,0,13.9,93,12.9716,77.5946
2025-01-10T02:00,17.2,82,16.6,0.0,0.0,0,0,12.6,92,12.9716,77.5946
2025-01-10T03:00,16.6,82,15.9,0.0,0.0,0,0,12.8,91,12.9716,77.5946
2025-01-10T04:00,16.2,84,15.6,0.0,0.0,0,0,11.7,86,12.9716,77.5946
2025-01-10T05:00,16.0,86,15.2,0.0,0.0,0,0,12.8,87,12.9716,77.5946
2025-01-10T06:00,16.4,94,16.5,0.0,0.0,3,100,12.0,82,12.9716,77.5946
2025-01-10T07:00,16.9,90,16.7,0.0,0.0,1,38,12.8,79,12.9716,77.5946
2025-01-10T08:00,18.6,78,18.1,0.0,0.0,1,29,13.4,85,12.9716,77.5946
2025-01-10T09:00,21.0,65,20.4,0.0,0.0,0,19,12.8,92,12.9716,77.5946
2025-01-10T10:00,23.0,56,22.8,0.0,0.0,0,16,11.8,99,12.9716,77.5946
2025-01-10T11:00,24.9,50,25.5,0.0,0.0,1,42,11.3,115,12.9716,77.5946
2025-01-10T12:00,26.4,43,26.7,0.0,0.0,3,100,11.1,122,12.9716,77.5946
2025-01-10T13:00,26.9,42,26.8,0.0,0.0,2,74,11.4,123,12.9716,77.5946
2025-01-10T14:00,25.8,48,25.1,0.0,0.0,3,81,13.5,115,12.9716,77.5946
2025-01-10T15:00,26.6,43,25.7,0.0,0.0,0,3,12.3,117,12.9716,77.5946
2025-01-10T16:00,25.7,49,25.0,0.0,0.0,2,50,14.7,118,12.9716,77.5946
2025-01-10T17:00,24.0,58,23.7,0.0,0.0,1,35,14.2,111,12.9716,77.5946
2025-01-10T18:00,22.4,62,22.3,0.0,0.0,0,1,11.5,104,12.9716,77.5946
2025-01-10T19:00,21.4,69,21.5,0.0,0.0,0,3,12.1,105,12.9716,77.5946
2025-01-10T20:00,20.7,74,21.1,0.0,0.0,0,5,10.7,98,12.9716,77.5946
2025-01-10T21:00,20.0,78,20.3,0.0,0.0,0,0,12.3,104,12.9716,77.5946
2025-01-10T22:00,19.3,84,19.4,0.0,0.0,0,0,14.5,104,12.9716,77.5946
2025-01-10T23:00,18.3,94,18.8,0.0,0.0,3,89,13.7,101,12.9716,77.5946
2025-01-11T00:00,17.9,98,18.8,0.0,0.0,3,100,12.2,98,12.9716,77.5946
2025-01-11T01:00,17.7,99,18.5,0.0,0.0,3,100,13.2,100,12.9716,77.5946
2025-01-11T02:00,17.9,97,18.5,0.0,0.0,3,100,13.7,101,12.9716,77.5946
2025-01-11T03:00,18.6,91,19.2,0.0,0.0,3,100,13.0,100,12.9716,77.5946
2025-01-11T04:00,18.7,89,19.3,0.0,0.0,3,98,12.6,100,12.9716,77.5946
2025-01-11T05:00,18.4,91,19.1,0.0,0.0,3,100,10.9,99,12.9716,77.5946
2025-01-11T06:00,18.4,92,19.2,0.0,0.0,3,100,11.4,95,12.9716,77.5946
2025-01-11T07:00,18.7,89,19.3,0.0,0.0,2,72,12.1,90,12.9716,77.5946
2025-01-11T08:00,20.2,79,20.5,0.0,0.0,3,100,12.6,93,12.9716,77.5946
2025-01-11T09:00,21.9,69,22.3,0.0,0.0,2,75,10.5,97,12.9716,77.5946
2025-01-11T10:00,23.7,61,24.4,0.0,0.0,2,67,9.6,99,12.9716,77.5946
2025-01-11T11:00,25.2,54,26.3,0.0,0.0,3,100,11.2,105,12.9716,77.5946
2025-01-11T12:00,26.7,47,28.0,0.0,0.0,3,84,9.7,108,12.9716,77.5946
2025-01-11T13:00,27.7,41,28.7,0.0,0.0,3,99,9.4,108,12.9716,77.5946
2025-01-11T14:00,27.3,43,27.0,0.0,0.0,3,100,9.6,107,12.9716,77.5946
2025-01-11T15:00,27.3,43,27.1,0.0,0.0,3,100,9.1,100,12.9716,77.5946
2025-01-11T16:00,26.5,46,26.3,0.0,0.0,3,94,9.9,87,12.9716,77.5946
2025-01-11T17:00,25.5,49,25.2,0.0,0.0,3,95,10.6,86,12.9716,77.5946
2025-01-11T18:00,23.0,65,23.3,0.0,0.0,3,94,12.4,109,12.9716,77.5946
2025-01-11T19:00,21.9,75,22.5,0.0,0.0,3,100,13.0,101,12.9716,77.5946
2025-01-11T20:00,21.3,78,22.1,0.0,0.0,3,100,12.3,96,12.9716,77.5946
2025-01-11T21:00,20.4,82,21.4,0.0,0.0,3,100,11.3,91,12.9716,77.5946
2025-01-11T22:00,19.3,89,20.4,0.0,0.0,3,83,10.9,81,12.9716,77.5946
2025-01-11T23:00,18.5,95,19.7,0.0,0.0,3,100,11.0,84,12.9716,77.5946
2025-01-12T00:00,18.2,96,19.1,0.0,0.0,3,100,12.4,91,12.9716,77.5946
2025-01-12T01:00,18.2,94,18.8,0.0,0.0,3,100,13.4,97,12.9716,77.5946
2025-01-12T02:00,18.1,92,18.6,0.0,0.0,3,100,12.7,98,12.9716,77.5946
2025-01-12T03:00,18.1,90,18.8,0.0,0.0,3,100,10.6,89,12.9716,77.5946
2025-01-12T04:00,18.0,89,18.9,0.0,0.0,3,100,8.4,71,12.9716,77.5946
2025-01-12T05:00,17.3,94,18.5,0.0,0.0,3,99,6.3,77,12.9716,77.5946
2025-01-12T06:00,17.2,96,18.1,0.0,0.0,3,100,9.2,79,12.9716,77.5946
2025-01-12T07:00,17.2,95,18.0,0.0,0.0,3,100,9.4,83,12.9716,77.5946
2025-01-12T08:00,18.4,86,18.8,0.0,0.0,2,69,11.1,83,12.9716,77.5946
2025-01-12T09:00,20.9,71,21.5,0.0,0.0,0,14,8.9,82,12.9716,77.5946
2025-01-12T10:00,23.5,60,24.5,0.0,0.0,0,0,8.1,78,12.9716,77.5946
2025-01-12T11:00,25.9,49,27.6,0.0,0.0,0,16,8.0,74,12.9716,77.5946
2025-01-12T12:00,27.5,40,29.1,0.0,0.0,0,7,7.9,77,12.9716,77.5946
2025-01-12T13:00,28.7,38,29.9,0.0,0.0,2,79,9.9,90,12.9716,77.5946
2025-01-12T14:00,28.4,41,28.2,0.0,0.0,3,98,11.5,98,12.9716,77.5946
2025-01-12T15:00,27.0,48,26.9,0.0,0.0,0,14,12.3,96,12.9716,77.5946
2025-01-12T16:00,27.1,48,27.3,0.0,0.0,1,35,10.6,94,12.9716,77.5946
2025-01-12T17:00,25.1,59,25.5,0.0,0.0,2,64,13.3,100,12.9716,77.5946
2025-01-12T18:00,24.9,57,25.0,0.0,0.0,0,11,12.7,113,12.9716,77.5946
2025-01-12T19:00,22.6,73,23.3,0.0,0.0,0,3,13.8,105,12.9716,77.5946
2025-01-12T20:00,21.5,82,22.4,0.0,0.0,0,11,14.6,106,12.9716,77.5946
2025-01-12T21:00,20.5,89,21.6,0.0,0.0,3,82,14.5,101,12.9716,77.5946
2025-01-12T22:00,20.0,92,21.0,0.0,0.0,3,100,14.7,98,12.9716,77.5946
2025-01-12T23:00,19.7,93,20.9,0.0,0.0,3,100,13.4,98,12.9716,77.5946
2025-01-13T00:00,19.6,92,20.8,0.0,0.0,3,100,12.6,92,12.9716,77.5946
2025-01-13T01:00,19.6,91,20.8,0.0,0.0,3,100,12.1,89,12.9716,77.5946
2025-01-13T02:00,19.6,90,20.7,0.0,0.0,3,100,11.5,92,12.9716,77.5946
2025-01-13T03:00,19.6,88,20.8,0.0,0.0,3,100,10.5,96,12.9716,77.5946
2025-01-13T04:00,19.5,88,20.7,0.0,0.0,3,100,9.8,96,12.9716,77.5946
2025-01-13T05:00,19.0,91,20.3,0.0,0.0,3,100,9.6,95,12.9716,77.5946
2025-01-13T06:00,19.6,88,21.0,0.0,0.0,3,100,8.7,83,12.9716,77.5946
2025-01-13T07:00,20.0,85,20.9,0.0,0.0,3,90,12.0,78,12.9716,77.5946
2025-01-13T08:00,21.3,77,21.9,0.0,0.0,2,61,13.0,76,12.9716,77.5946
2025-01-13T09:00,23.7,64,23.8,0.0,0.0,1,46,14.4,77,12.9716,77.5946
2025-01-13T10:00,25.5,56,25.5,0.0,0.0,1,46,14.1,73,12.9716,77.5946
2025-01-13T11:00,26.9,50,27.2,0.0,0.0,3,100,13.9,70,12.9716,77.5946
2025-01-13T12:00,27.1,50,27.5,0.1,0.1,51,35,13.0,66,12.9716,77.5946
2025-01-13T13:00,28.1,48,29.6,0.1,0.1,51,38,11.8,69,12.9716,77.5946
2025-01-13T14:00,28.2,48,29.2,0.0,0.0,1,37,12.0,72,12.9716,77.5946
2025-01-13T15:00,26.3,56,26.6,0.2,0.2,51,82,14.5,76,12.9716,77.5946
2025-01-13T16:00,25.2,63,26.1,0.1,0.1,51,37,12.7,78,12.9716,77.5946
2025-01-13T17:00,23.8,70,24.6,0.3,0.3,51,72,14.5,69,12.9716,77.5946
2025-01-13T18:00,22.6,74,23.5,0.0,0.0,2,56,12.4,87,12.9716,77.5946
2025-01-13T19:00,21.8,81,22.9,0.0,0.0,2,54,13.2,88,12.9716,77.5946
2025-01-13T20:00,21.1,87,22.3,0.0,0.0,1,38,14.1,92,12.9716,77.5946
2025-01-13T21:00,20.6,89,22.0,0.0,0.0,3,88,12.6,88,12.9716,77.5946
2025-01-13T22:00,20.5,89,21.7,0.0,0.0,3,100,13.2,92,12.9716,77.5946
2025-01-13T23:00,20.4,90,21.7,0.0,0.0,3,100,12.6,88,12.9716,77.5946
2025-01-14T00:00,20.3,90,21.6,0.0,0.0,3,100,12.6,88,12.9716,77.5946
2025-01-14T01:00,20.2,90,21.6,0.0,0.0,3,100,11.7,88,12.9716,77.5946
2025-01-14T02:00,20.1,90,21.2,0.0,0.0,3,100,13.0,91,12.9716,77.5946
2025-01-14T03:00,19.8,91,21.3,0.0,0.0,3,100,10.6,91,12.9716,77.5946
2025-01-14T04:00,19.8,90,21.4,0.0,0.0,3,100,9.4,91,12.9716,77.5946
2025-01-14T05:00,19.7,90,21.4,0.0,0.0,3,96,8.7,86,12.9716,77.5946
2025-01-14T06:00,19.4,93,20.8,0.0,0.0,3,99,10.8,88,12.9716,77.5946
2025-01-14T07:00,19.6,90,20.7,0.0,0.0,3,98,11.9,92,12.9716,77.5946
2025-01-14T08:00,20.6,82,21.1,0.0,0.0,3,98,14.9,92,12.9716,77.5946
2025-01-14T09:00,22.3,71,22.4,0.0,0.0,3,100,15.9,95,12.9716,77.5946
2025-01-14T10:00,23.4,66,23.6,0.0,0.0,3,100,14.6,95,12.9716,77.5946
2025-01-14T11:00,24.9,59,24.9,0.0,0.0,3,100,15.0,93,12.9716,77.5946
2025-01-14T12:00,25.7,56,26.1,0.1,0.1,51,100,15.1,90,12.9716,77.5946
2025-01-14T13:00,27.0,51,28.2,0.0,0.0,2,74,15.0,87,12.9716,77.5946
2025-01-14T14:00,27.5,48,28.2,0.0,0.0,2,51,14.7,84,12.9716,77.5946
2025-01-14T15:00,27.1,48,26.9,0.0,0.0,3,83,14.9,82,12.9716,77.5946
2025-01-14T16:00,26.4,50,26.0,0.0,0.0,1,20,14.9,82,12.9716,77.5946
2025-01-14T17:00,25.4,53,24.7,0.0,0.0,1,27,16.2,82,12.9716,77.5946
2025-01-14T18:00,22.7,69,23.1,0.0,0.0,0,18,12.8,93,12.9716,77.5946
2025-01-14T19:00,21.7,75,22.2,0.0,0.0,0,8,13.2,87,12.9716,77.5946
2025-01-14T20:00,20.7,80,21.2,0.0,0.0,1,25,13.9,95,12.9716,77.5946
2025-01-14T21:00,20.0,80,20.1,0.0,0.0,2,50,14.6,93,12.9716,77.5946
2025-01-14T22:00,19.3,77,19.0,0.0,0.0,3,99,14.4,89,12.9716,77.5946
2025-01-14T23:00,18.6,78,18.0,0.0,0.0,3,92,13.9,85,12.9716,77.5946
2025-01-15T00:00,17.8,83,17.5,0.0,0.0,3,100,13.6,82,12.9716,77.5946
2025-01-15T01:00,17.2,90,17.1,0.0,0.0,3,100,13.4,85,12.9716,77.5946
2025-01-15T02:00,16.9,94,17.1,0.0,0.0,3,100,12.6,87,12.9716,77.5946
2025-01-15T03:00,16.8,96,17.2,0.0,0.0,3,100,11.9,87,12.9716,77.5946
2025-01-15T04:00,17.3,95,17.4,0.0,0.0,3,100,14.3,85,12.9716,77.5946
2025-01-15T05:00,17.6,91,17.9,0.0,0.0,2,72,12.5,83,12.9716,77.5946
2025-01-15T06:00,17.1,95,17.6,0.0,0.0,3,100,11.0,76,12.9716,77.5946
2025-01-15T07:00,17.1,94,17.4,0.0,0.0,3,100,12.3,75,12.9716,77.5946
2025-01-15T08:00,18.4,85,18.0,0.0,0.0,2,67,15.7,77,12.9716,77.5946
2025-01-15T09:00,20.7,69,20.1,0.0,0.0,2,73,14.7,82,12.9716,77.5946
2025-01-15T10:00,22.7,61,22.5,0.0,0.0,3,100,13.8,82,12.9716,77.5946
2025-01-15T11:00,23.6,57,23.2,0.0,0.0,3,100,13.2,88,12.9716,77.5946
2025-01-15T12:00,24.2,54,23.5,0.0,0.0,3,100,13.7,92,12.9716,77.5946
2025-01-15T13:00,23.8,54,22.9,0.0,0.0,3,100,15.2,95,12.9716,77.5946
2025-01-15T14:00,22.7,59,22.1,0.2,0.2,51,100,13.7,85,12.9716,77.5946
2025-01-15T15:00,24.4,51,23.9,0.0,0.0,1,25,11.1,63,12.9716,77.5946
2025-01-15T16:00,25.5,46,24.5,0.0,0.0,1,22,13.5,69,12.9716,77.5946
2025-01-15T17:00,24.1,51,23.1,0.0,0.0,0,6,13.9,86,12.9716,77.5946
2025-01-15T18:00,22.2,64,22.5,0.0,0.0,3,100,8.7,58,12.9716,77.5946
2025-01-15T19:00,21.8,65,21.7,0.0,0.0,3,100,11.8,83,12.9716,77.5946
2025-01-15T20:00,21.0,70,21.2,0.0,0.0,3,86,10.9,84,12.9716,77.5946
2025-01-15T21:00,20.2,74,20.2,0.0,0.0,3,89,12.2,91,12.9716,77.5946
2025-01-15T22:00,19.4,79,19.3,0.0,0.0,3,95,13.3,89,12.9716,77.5946
2025-01-15T23:00,18.6,84,18.5,0.0,0.0,2,78,13.7,91,12.9716,77.5946
2025-01-16T00:00,17.9,89,17.7,0.0,0.0,2,55,14.8,90,12.9716,77.5946
2025-01-16T01:00,17.2,91,16.7,0.0,0.0,0,6,16.7,90,12.9716,77.5946
2025-01-16T02:00,16.7,94,16.1,0.0,0.0,2,63,16.7,88,12.9716,77.5946
2025-01-16T03:00,16.3,97,16.1,0.0,0.0,3,100,15.2,84,12.9716,77.5946
2025-01-16T04:00,16.4,96,16.2,0.0,0.0,3,100,14.1,80,12.9716,77.5946
2025-01-16T05:00,16.3,95,16.2,0.0,0.0,3,100,13.4,79,12.9716,77.5946
2025-01-16T06:00,16.1,95,15.8,0.0,0.0,2,62,13.9,80,12.9716,77.5946
2025-01-16T07:00,16.4,93,15.9,0.0,0.0,3,83,15.5,81,12.9716,77.5946
2025-01-16T08:00,18.3,80,17.2,0.0,0.0,3,83,17.7,86,12.9716,77.5946
2025-01-16T09:00,20.7,66,19.8,0.0,0.0,0,19,14.7,84,12.9716,77.5946
2025-01-16T10:00,22.7,57,22.3,0.0,0.0,0,17,13.3,88,12.9716,77.5946
2025-01-16T11:00,24.2,52,24.7,0.0,0.0,0,10,13.5,93,12.9716,77.5946
2025-01-16T12:00,25.6,47,26.2,0.0,0.0,0,13,13.9,94,12.9716,77.5946
2025-01-16T13:00,26.3,44,26.9,0.0,0.0,0,11,13.2,94,12.9716,77.5946
2025-01-16T14:00,26.6,43,26.9,0.0,0.0,0,2,12.5,94,12.9716,77.5946
2025-01-16T15:00,26.7,43,26.3,0.0,0.0,0,6,12.1,91,12.9716,77.5946
2025-01-16T16:00,26.4,43,25.5,0.0,0.0,1,27,12.0,82,12.9716,77.5946
2025-01-16T17:00,25.3,46,24.4,0.0,0.0,0,17,11.8,84,12.9716,77.5946
2025-01-16T18:00,23.3,54,23.1,0.0,0.0,0,4,8.7,94,12.9716,77.5946
2025-01-16T19:00,22.2,61,22.2,0.0,0.0,0,11,9.6,102,12.9716,77.5946
2025-01-16T20:00,21.2,68,21.4,0.0,0.0,0,1,10.1,102,12.9716,77.5946
2025-01-16T21:00,20.2,76,20.5,0.0,0.0,0,1,11.1,106,12.9716,77.5946
2025-01-16T22:00,19.5,79,19.6,0.0,0.0,0,0,12.4,103,12.9716,77.5946
2025-01-16T23:00,18.5,84,18.6,0.0,0.0,0,0,12.6,94,12.9716,77.5946
2025-01-17T00:00,17.7,91,17.9,0.0,0.0,3,92,13.1,89,12.9716,77.5946
2025-01-17T01:00,17.3,96,17.5,0.0,0.0,3,100,13.9,94,12.9716,77.5946
2025-01-17T02:00,17.1,97,17.4,0.0,0.0,3,100,13.9,89,12.9716,77.5946
2025-01-17T03:00,17.3,92,17.6,0.0,0.0,3,100,12.0,81,12.9716,77.5946
2025-01-17T04:00,17.1,91,17.5,0.0,0.0,3,99,10.6,80,12.9716,77.5946
2025-01-17T05:00,16.2,97,16.5,0.0,0.0,3,100,11.1,82,12.9716,77.5946
2025-01-17T06:00,16.4,94,16.4,0.0,0.0,2,69,12.6,79,12.9716,77.5946
2025-01-17T07:00,16.4,92,16.6,0.0,0.0,1,27,10.2,73,12.9716,77.5946
2025-01-17T08:00,18.2,80,18.3,0.0,0.0,0,7,9.7,74,12.9716,77.5946
2025-01-17T09:00,20.7,66,20.3,0.0,0.0,0,1,11.2,75,12.9716,77.5946
2025-01-17T10:00,22.9,56,22.7,0.0,0.0,0,0,12.8,75,12.9716,77.5946
2025-01-17T11:00,24.6,49,25.1,0.0,0.0,1,25,13.2,73,12.9716,77.5946
2025-01-17T12:00,25.7,46,26.7,0.0,0.0,0,15,12.6,73,12.9716,77.5946
2025-01-17T13:00,26.3,46,27.3,0.0,0.0,0,6,12.9,78,12.9716,77.5946
2025-01-17T14:00,26.7,43,26.9,0.0,0.0,1,21,13.7,81,12.9716,77.5946
2025-01-17T15:00,26.7,42,25.8,0.0,0.0,0,13,14.6,89,12.9716,77.5946
2025-01-17T16:00,26.1,43,24.7,0.0,0.0,0,12,14.8,92,12.9716,77.5946
2025-01-17T17:00,24.8,46,23.5,0.0,0.0,0,7,13.7,93,12.9716,77.5946
2025-01-17T18:00,22.7,55,21.9,0.0,0.0,0,0,12.0,111,12.9716,77.5946
2025-01-17T19:00,21.4,65,21.2,0.0,0.0,0,0,11.5,104,12.9716,77.5946
2025-01-17T20:00,20.3,72,20.5,0.0,0.0,0,0,10.7,99,12.9716,77.5946
2025-01-17T21:00,19.4,80,19.8,0.0,0.0,0,0,10.6,94,12.9716,77.5946
2025-01-17T22:00,18.6,86,19.2,0.0,0.0,3,94,11.0,90,12.9716,77.5946
2025-01-17T23:00,17.9,92,18.2,0.0,0.0,3,98,13.0,91,12.9716,77.5946
2025-01-18T00:00,17.4,94,17.7,0.0,0.0,3,100,13.5,88,12.9716,77.5946
2025-01-18T01:00,17.2,93,17.4,0.0,0.0,3,100,12.7,83,12.9716,77.5946
2025-01-18T02:00,17.1,91,17.1,0.0,0.0,3,100,12.3,75,12.9716,77.5946
2025-01-18T03:00,16.6,92,16.7,0.0,0.0,3,100,11.7,77,12.9716,77.5946
2025-01-18T04:00,16.3,93,16.2,0.0,0.0,3,100,11.8,81,12.9716,77.5946
2025-01-18T05:00,15.8,94,15.8,0.0,0.0,3,100,11.4,74,12.9716,77.5946
2025-01-18T06:00,16.5,91,16.5,0.0,0.0,3,100,11.9,72,12.9716,77.5946
2025-01-18T07:00,16.9,88,16.9,0.0,0.0,3,96,10.6,69,12.9716,77.5946
2025-01-18T08:00,18.2,78,17.9,0.0,0.0,3,100,11.3,70,12.9716,77.5946
2025-01-18T09:00,20.2,66,19.8,0.0,0.0,3,100,11.3,72,12.9716,77.5946
2025-01-18T10:00,22.0,59,21.7,0.0,0.0,2,77,11.5,79,12.9716,77.5946
2025-01-18T11:00,24.1,50,24.7,0.0,0.0,1,43,11.4,85,12.9716,77.5946
2025-01-18T12:00,25.8,43,26.4,0.0,0.0,3,92,11.9,86,12.9716,77.5946
2025-01-18T13:00,26.7,40,27.2,0.0,0.0,3,90,12.8,90,12.9716,77.5946
2025-01-18T14:00,27.0,40,26.8,0.0,0.0,3,100,14.2,94,12.9716,77.5946
2025-01-18T15:00,27.3,39,26.3,0.0,0.0,3,100,14.2,92,12.9716,77.5946
2025-01-18T16:00,26.3,43,25.2,0.0,0.0,3,100,13.0,88,12.9716,77.5946
2025-01-18T17:00,25.4,46,24.6,0.0,0.0,3,100,11.9,86,12.9716,77.5946
2025-01-18T18:00,23.6,57,23.3,0.0,0.0,3,100,12.2,92,12.9716,77.5946
2025-01-18T19:00,23.0,61,23.0,0.0,0.0,3,100,11.2,90,12.9716,77.5946
2025-01-18T20:00,22.5,63,22.3,0.0,0.0,3,100,12.3,82,12.9716,77.5946
2025-01-18T21:00,21.6,68,21.4,0.0,0.0,3,100,13.3,77,12.9716,77.5946
2025-01-18T22:00,21.0,72,21.1,0.0,0.0,3,100,12.1,72,12.9716,77.5946
2025-01-18T23:00,20.4,74,20.7,0.0,0.0,3,100,10.9,66,12.9716,77.5946
2025-01-19T00:00,20.0,75,20.2,0.0,0.0,3,100,11.5,68,12.9716,77.5946
2025-01-19T01:00,19.7,75,19.8,0.0,0.0,3,100,11.0,65,12.9716,77.5946
2025-01-19T02:00,19.2,77,19.2,0.0,0.0,3,100,10.9,52,12.9716,77.5946
2025-01-19T03:00,18.5,80,18.5,0.0,0.0,3,100,11.1,59,12.9716,77.5946
2025-01-19T04:00,18.5,81,18.5,0.0,0.0,3,98,11.1,58,12.9716,77.5946
2025-01-19T05:00,18.3,82,18.2,0.1,0.1,51,85,11.8,61,12.9716,77.5946
2025-01-19T06:00,18.4,84,18.9,0.1,0.1,51,98,10.2,54,12.9716,77.5946
2025-01-19T07:00,18.3,88,18.7,1.6,1.6,61,100,12.2,54,12.9716,77.5946
2025-01-19T08:00,18.4,88,18.6,0.4,0.4,51,100,13.6,54,12.9716,77.5946
2025-01-19T09:00,18.7,86,18.9,0.8,0.8,53,100,13.2,52,12.9716,77.5946
2025-01-19T10:00,19.4,84,20.1,0.5,0.5,53,100,10.9,51,12.9716,77.5946
2025-01-19T11:00,20.9,78,21.2,0.0,0.0,3,100,14.4,58,12.9716,77.5946
2025-01-19T12:00,22.7,72,23.0,0.0,0.0,3,100,15.6,69,12.9716,77.5946
2025-01-19T13:00,22.3,75,23.0,0.4,0.4,51,95,13.8,64,12.9716,77.5946
2025-01-19T14:00,22.2,78,23.4,1.2,1.2,55,98,12.2,53,12.9716,77.5946
2025-01-19T15:00,21.6,83,23.4,0.5,0.5,53,100,9.7,45,12.9716,77.5946
2025-01-19T16:00,22.5,77,23.9,0.3,0.3,51,97,11.2,46,12.9716,77.5946
2025-01-19T17:00,22.9,74,24.5,0.1,0.1,51,94,9.4,54,12.9716,77.5946
2025-01-19T18:00,20.6,90,22.5,0.0,0.0,3,100,9.3,63,12.9716,77.5946
2025-01-19T19:00,19.9,94,22.2,0.0,0.0,3,100,7.3,67,12.9716,77.5946
2025-01-19T20:00,19.7,95,21.8,0.0,0.0,3,87,8.1,72,12.9716,77.5946
2025-01-19T21:00,19.5,95,21.4,0.0,0.0,2,72,8.3,77,12.9716,77.5946
2025-01-19T22:00,19.0,95,21.0,0.0,0.0,3,100,6.8,79,12.9716,77.5946
2025-01-19T23:00,18.6,96,20.4,0.0,0.0,3,100,6.9,76,12.9716,77.5946
2025-01-20T00:00,18.3,97,20.0,0.0,0.0,3,100,7.5,73,12.9716,77.5946
2025-01-20T01:00,18.6,97,20.3,0.0,0.0,3,100,8.6,70,12.9716,77.5946
2025-01-20T02:00,18.5,98,20.1,0.0,0.0,3,100,9.5,68,12.9716,77.5946
2025-01-20T03:00,18.5,98,20.0,0.0,0.0,3,100,9.7,75,12.9716,77.5946
2025-01-20T04:00,18.6,96,20.1,0.0,0.0,3,100,8.8,70,12.9716,77.5946
2025-01-20T05:00,18.2,97,19.7,0.0,0.0,3,100,8.7,63,12.9716,77.5946
2025-01-20T06:00,17.9,100,19.5,0.0,0.0,3,100,8.2,67,12.9716,77.5946
2025-01-20T07:00,17.9,94,19.0,0.0,0.0,1,48,9.4,73,12.9716,77.5946
2025-01-20T08:00,19.1,85,20.1,0.0,0.0,0,15,8.6,68,12.9716,77.5946
2025-01-20T09:00,21.2,68,21.6,0.0,0.0,0,3,9.1,68,12.9716,77.5946
2025-01-20T10:00,23.2,55,23.6,0.0,0.0,2,50,10.2,60,12.9716,77.5946
2025-01-20T11:00,24.8,47,25.6,0.0,0.0,2,74,10.3,57,12.9716,77.5946
2025-01-20T12:00,26.1,40,26.8,0.0,0.0,1,20,10.5,57,12.9716,77.5946
2025-01-20T13:00,26.9,35,27.3,0.0,0.0,0,1,10.7,53,12.9716,77.5946
2025-01-20T14:00,27.3,34,27.1,0.0,0.0,0,0,11.1,53,12.9716,77.5946
2025-01-20T15:00,27.2,35,26.2,0.0,0.0,0,0,11.5,60,12.9716,77.5946
2025-01-20T16:00,26.7,34,25.0,0.0,0.0,0,0,11.4,62,12.9716,77.5946
2025-01-20T17:00,25.6,37,24.1,0.0,0.0,0,0,9.9,63,12.9716,77.5946
2025-01-20T18:00,23.5,50,23.2,0.0,0.0,1,40,7.3,59,12.9716,77.5946
2025-01-20T19:00,22.2,56,21.9,0.0,0.0,3,88,8.0,54,12.9716,77.5946
2025-01-20T20:00,21.0,60,20.5,0.0,0.0,1,34,9.3,47,12.9716,77.5946
2025-01-20T21:00,20.0,66,19.7,0.0,0.0,1,26,8.9,61,12.9716,77.5946
2025-01-20T22:00,19.0,72,19.0,0.0,0.0,0,6,8.4,71,12.9716,77.5946
2025-01-20T23:00,18.3,78,18.4,0.0,0.0,3,84,8.8,79,12.9716,77.5946
2025-01-21T00:00,17.8,83,18.0,0.0,0.0,2,67,9.2,78,12.9716,77.5946
2025-01-21T01:00,17.1,88,17.5,0.0,0.0,3,84,9.0,75,12.9716,77.5946
2025-01-21T02:00,16.6,91,17.0,0.0,0.0,0,14,8.6,68,12.9716,77.5946
2025-01-21T03:00,16.2,93,16.6,0.0,0.0,0,0,8.5,65,12.9716,77.5946
2025-01-21T04:00,15.9,93,16.2,0.0,0.0,0,0,8.9,69,12.9716,77.5946
2025-01-21T05:00,15.7,93,15.7,0.0,0.0,0,0,9.4,73,12.9716,77.5946
2025-01-21T06:00,15.7,88,15.5,0.0,0.0,0,0,9.6,70,12.9716,77.5946
2025-01-21T07:00,16.2,82,15.7,0.0,0.0,0,0,10.1,74,12.9716,77.5946
2025-01-21T08:00,18.4,70,18.1,0.0,0.0,0,0,8.1,77,12.9716,77.5946
2025-01-21T09:00,20.9,58,20.2,0.0,0.0,0,0,9.7,74,12.9716,77.5946
2025-01-21T10:00,23.1,47,22.6,0.0,0.0,1,27,10.1,70,12.9716,77.5946
2025-01-21T11:00,25.1,36,24.8,0.0,0.0,3,90,10.6,66,12.9716,77.5946
2025-01-21T12:00,26.6,29,26.2,0.0,0.0,3,100,10.9,61,12.9716,77.5946
2025-01-21T13:00,27.5,26,26.8,0.0,0.0,3,99,11.0,60,12.9716,77.5946
2025-01-21T14:00,27.8,24,26.4,0.0,0.0,3,99,11.2,64,12.9716,77.5946
2025-01-21T15:00,27.6,24,25.4,0.0,0.0,3,86,11.6,69,12.9716,77.5946
2025-01-21T16:00,26.9,28,24.4,0.0,0.0,2,74,11.3,72,12.9716,77.5946
2025-01-21T17:00,25.7,32,23.6,0.0,0.0,1,24,10.9,78,12.9716,77.5946
2025-01-21T18:00,23.5,38,21.9,0.0,0.0,1,26,7.9,89,12.9716,77.5946
2025-01-21T19:00,22.1,42,20.2,0.0,0.0,2,60,9.7,86,12.9716,77.5946
2025-01-21T20:00,20.7,48,19.0,0.0,0.0,3,91,10.0,76,12.9716,77.5946
2025-01-21T21:00,19.6,53,18.0,0.0,0.0,3,93,10.5,78,12.9716,77.5946
2025-01-21T22:00,18.7,58,17.2,0.0,0.0,3,96,10.5,78,12.9716,77.5946
2025-01-21T23:00,17.9,62,16.6,0.0,0.0,3,99,10.0,77,12.9716,77.5946
2025-01-22T00:00,17.4,64,16.0,0.0,0.0,3,86,10.0,76,12.9716,77.5946
2025-01-22T01:00,16.7,69,15.5,0.0,0.0,0,14,10.5,74,12.9716,77.5946
2025-01-22T02:00,16.2,74,15.2,0.0,0.0,0,9,10.2,77,12.9716,77.5946
2025-01-22T03:00,15.8,79,15.0,0.0,0.0,0,2,10.0,77,12.9716,77.5946
2025-01-22T04:00,15.6,80,14.7,0.0,0.0,0,0,10.0,76,12.9716,77.5946
2025-01-22T05:00,15.4,79,14.5,0.0,0.0,0,0,9.7,75,12.9716,77.5946
2025-01-22T06:00,15.6,77,14.7,0.0,0.0,0,0,9.0,85,12.9716,77.5946
2025-01-22T07:00,16.2,73,15.1,0.0,0.0,0,0,10.1,91,12.9716,77.5946
2025-01-22T08:00,18.6,59,17.4,0.0,0.0,0,0,8.7,95,12.9716,77.5946
2025-01-22T09:00,21.6,42,19.7,0.0,0.0,0,0,9.7,100,12.9716,77.5946
2025-01-22T10:00,24.1,38,23.4,0.0,0.0,0,0,7.2,96,12.9716,77.5946
2025-01-22T11:00,26.3,34,26.6,0.0,0.0,0,0,6.6,101,12.9716,77.5946
2025-01-22T12:00,27.8,33,28.6,0.0,0.0,0,0,7.9,107,12.9716,77.5946
2025-01-22T13:00,28.5,35,29.5,0.0,0.0,0,0,9.3,109,12.9716,77.5946
2025-01-22T14:00,28.6,38,29.5,0.0,0.0,0,0,10.5,102,12.9716,77.5946
2025-01-22T15:00,28.0,44,28.3,0.0,0.0,0,17,12.2,114,12.9716,77.5946
2025-01-22T16:00,27.3,46,26.9,0.0,0.0,1,45,13.8,125,12.9716,77.5946
2025-01-22T17:00,26.2,47,25.9,0.0,0.0,0,13,10.6,105,12.9716,77.5946
2025-01-22T18:00,25.0,52,25.1,0.0,0.0,2,67,9.9,94,12.9716,77.5946
2025-01-22T19:00,23.7,60,24.0,0.0,0.0,0,6,10.3,115,12.9716,77.5946
2025-01-22T20:00,22.3,68,22.7,0.0,0.0,0,2,11.6,122,12.9716,77.5946
2025-01-22T21:00,21.1,73,21.4,0.0,0.0,0,2,12.3,111,12.9716,77.5946
2025-01-22T22:00,20.2,77,20.4,0.0,0.0,0,0,12.3,105,12.9716,77.5946
2025-01-22T23:00,19.5,80,19.7,0.0,0.0,0,0,12.4,103,12.9716,77.5946
2025-01-23T00:00,18.9,83,19.1,0.0,0.0,0,19,11.8,99,12.9716,77.5946
2025-01-23T01:00,18.1,89,18.5,0.0,0.0,3,97,11.9,100,12.9716,77.5946
2025-01-23T02:00,17.5,94,18.0,0.0,0.0,2,71,12.2,103,12.9716,77.5946
2025-01-23T03:00,17.0,98,17.5,0.0,0.0,3,100,12.2,103,12.9716,77.5946
2025-01-23T04:00,16.7,100,17.4,0.0,0.0,3,100,11.5,99,12.9716,77.5946
2025-01-23T05:00,16.7,100,17.6,0.0,0.0,3,100,9.0,90,12.9716,77.5946
2025-01-23T06:00,17.4,99,18.6,0.0,0.0,3,100,9.5,100,12.9716,77.5946
2025-01-23T07:00,17.7,94,18.8,0.0,0.0,3,100,8.7,98,12.9716,77.5946
2025-01-23T08:00,19.4,83,20.4,0.0,0.0,3,98,8.3,94,12.9716,77.5946
2025-01-23T09:00,22.2,66,23.0,0.0,0.0,3,100,7.2,96,12.9716,77.5946
2025-01-23T10:00,25.2,47,25.7,0.0,0.0,2,68,7.3,99,12.9716,77.5946
2025-01-23T11:00,27.6,32,27.8,0.0,0.0,2,71,8.8,94,12.9716,77.5946
2025-01-23T12:00,28.9,26,28.6,0.0,0.0,2,62,11.0,88,12.9716,77.5946
2025-01-23T13:00,29.5,25,29.0,0.0,0.0,3,100,11.9,87,12.9716,77.5946
2025-01-23T14:00,29.7,26,28.8,0.0,0.0,3,100,11.9,86,12.9716,77.5946
2025-01-23T15:00,29.3,26,27.4,0.0,0.0,3,100,12.6,86,12.9716,77.5946
2025-01-23T16:00,28.4,27,25.9,0.0,0.0,3,99,13.0,88,12.9716,77.5946
2025-01-23T17:00,27.3,30,24.9,0.0,0.0,3,80,12.3,94,12.9716,77.5946
2025-01-23T18:00,25.3,40,24.0,0.0,0.0,2,58,10.3,97,12.9716,77.5946
2025-01-23T19:00,23.8,50,23.0,0.0,0.0,3,86,10.5,110,12.9716,77.5946
2025-01-23T20:00,22.3,58,21.8,0.0,0.0,3,100,10.9,117,12.9716,77.5946
2025-01-23T21:00,20.9,65,20.6,0.0,0.0,3,99,11.1,120,12.9716,77.5946
2025-01-23T22:00,20.0,72,20.0,0.0,0.0,3,100,10.7,115,12.9716,77.5946
2025-01-23T23:00,19.4,79,19.8,0.0,0.0,3,100,9.8,110,12.9716,77.5946
2025-01-24T00:00,18.8,85,19.6,0.0,0.0,3,100,8.8,105,12.9716,77.5946
2025-01-24T01:00,18.1,90,19.0,0.0,0.0,3,100,8.8,109,12.9716,77.5946
2025-01-24T02:00,17.1,96,18.0,0.0,0.0,3,84,8.8,107,12.9716,77.5946
2025-01-24T03:00,16.7,99,17.7,0.0,0.0,3,100,9.2,102,12.9716,77.5946
2025-01-24T04:00,16.8,96,17.2,0.0,0.0,3,100,11.8,107,12.9716,77.5946
2025-01-24T05:00,17.0,90,17.4,0.0,0.0,2,75,10.1,90,12.9716,77.5946
2025-01-24T06:00,16.3,93,16.6,0.0,0.0,3,100,10.0,76,12.9716,77.5946
2025-01-24T07:00,16.6,86,16.5,0.0,0.0,3,89,9.8,77,12.9716,77.5946
2025-01-24T08:00,17.9,74,17.8,0.0,0.0,3,85,7.4,87,12.9716,77.5946
2025-01-24T09:00,20.3,59,19.9,0.0,0.0,1,42,6.5,98,12.9716,77.5946
2025-01-24T10:00,22.7,49,22.8,0.0,0.0,1,43,7.0,103,12.9716,77.5946
2025-01-24T11:00,24.8,41,25.4,0.0,0.0,2,71,8.0,106,12.9716,77.5946
2025-01-24T12:00,26.5,33,26.9,0.0,0.0,1,44,9.1,105,12.9716,77.5946
2025-01-24T13:00,27.5,29,27.4,0.0,0.0,1,35,10.6,105,12.9716,77.5946
2025-01-24T14:00,27.7,30,27.2,0.0,0.0,0,15,11.4,106,12.9716,77.5946
2025-01-24T15:00,27.4,35,26.7,0.0,0.0,0,0,11.0,105,12.9716,77.5946
2025-01-24T16:00,26.7,37,25.3,0.0,0.0,0,0,11.3,104,12.9716,77.5946
2025-01-24T17:00,25.4,42,24.1,0.0,0.0,0,0,12.1,102,12.9716,77.5946
2025-01-24T18:00,23.9,50,23.5,0.0,0.0,0,0,9.0,102,12.9716,77.5946
2025-01-24T19:00,22.8,52,22.2,0.0,0.0,0,0,9.6,98,12.9716,77.5946
2025-01-24T20:00,21.6,55,20.7,0.0,0.0,0,0,10.3,106,12.9716,77.5946
2025-01-24T21:00,20.5,61,20.0,0.0,0.0,0,13,9.3,105,12.9716,77.5946
2025-01-24T22:00,19.7,68,19.6,0.0,0.0,2,68,8.3,94,12.9716,77.5946
2025-01-24T23:00,19.1,73,19.0,0.0,0.0,2,57,9.1,83,12.9716,77.5946
2025-01-25T00:00,18.4,77,18.4,0.0,0.0,3,80,9.9,88,12.9716,77.5946
2025-01-25T01:00,17.6,82,17.6,0.0,0.0,2,75,9.9,89,12.9716,77.5946
2025-01-25T02:00,16.6,89,16.9,0.0,0.0,0,10,8.6,79,12.9716,77.5946
2025-01-25T03:00,15.9,93,16.2,0.0,0.0,0,0,8.8,73,12.9716,77.5946
2025-01-25T04:00,15.6,94,15.7,0.0,0.0,0,0,9.0,74,12.9716,77.5946
2025-01-25T05:00,15.3,93,15.2,0.0,0.0,0,0,9.5,81,12.9716,77.5946
2025-01-25T06:00,15.2,97,15.2,0.0,0.0,3,100,10.7,95,12.9716,77.5946
2025-01-25T07:00,14.9,98,15.0,0.0,0.0,3,100,9.6,82,12.9716,77.5946
2025-01-25T08:00,16.3,85,16.3,0.0,0.0,2,77,8.0,82,12.9716,77.5946
2025-01-25T09:00,19.9,62,19.2,0.0,0.0,1,39,9.4,90,12.9716,77.5946
2025-01-25T10:00,22.8,47,22.4,0.0,0.0,3,90,9.9,89,12.9716,77.5946
2025-01-25T11:00,25.2,38,25.5,0.0,0.0,2,58,9.5,91,12.9716,77.5946
2025-01-25T12:00,27.0,31,27.2,0.0,0.0,3,83,10.1,90,12.9716,77.5946
2025-01-25T13:00,28.2,29,28.3,0.0,0.0,3,91,10.5,84,12.9716,77.5946
2025-01-25T14:00,28.9,27,28.4,0.0,0.0,3,86,10.5,82,12.9716,77.5946
2025-01-25T15:00,29.0,24,27.2,0.0,0.0,3,99,11.4,75,12.9716,77.5946
2025-01-25T16:00,28.2,27,25.7,0.0,0.0,3,93,12.6,66,12.9716,77.5946
2025-01-25T17:00,26.8,30,24.2,0.0,0.0,2,75,13.9,63,12.9716,77.5946
2025-01-25T18:00,25.6,31,23.5,0.0,0.0,1,44,9.1,73,12.9716,77.5946
2025-01-25T19:00,24.2,39,22.4,0.0,0.0,1,44,10.7,95,12.9716,77.5946
2025-01-25T20:00,22.7,47,21.3,0.0,0.0,1,20,11.0,88,12.9716,77.5946
2025-01-25T21:00,21.4,54,20.3,0.0,0.0,2,55,10.8,91,12.9716,77.5946
2025-01-25T22:00,20.2,64,19.6,0.0,0.0,3,91,10.5,103,12.9716,77.5946
2025-01-25T23:00,19.4,72,19.2,0.0,0.0,3,97,10.2,99,12.9716,77.5946
2025-01-26T00:00,18.6,78,18.6,0.0,0.0,2,68,10.1,102,12.9716,77.5946
2025-01-26T01:00,17.8,83,17.9,0.0,0.0,1,28,10.4,100,12.9716,77.5946
2025-01-26T02:00,17.1,85,17.1,0.0,0.0,3,89,9.8,98,12.9716,77.5946
2025-01-26T03:00,16.4,86,16.3,0.0,0.0,3,83,9.6,93,12.9716,77.5946
2025-01-26T04:00,16.0,84,15.6,0.0,0.0,3,90,9.4,87,12.9716,77.5946
2025-01-26T05:00,15.8,78,14.8,0.0,0.0,1,46,10.3,86,12.9716,77.5946
2025-01-26T06:00,15.1,94,15.0,0.0,0.0,3,85,10.2,80,12.9716,77.5946
2025-01-26T07:00,15.3,78,14.0,0.0,0.0,2,76,11.2,78,12.9716,77.5946
2025-01-26T08:00,17.9,56,16.2,0.0,0.0,1,45,9.3,74,12.9716,77.5946
2025-01-26T09:00,22.0,33,19.2,0.0,0.0,1,22,10.7,78,12.9716,77.5946
2025-01-26T10:00,25.4,18,22.0,0.0,0.0,1,41,13.8,83,12.9716,77.5946
2025-01-26T11:00,27.2,16,24.3,0.0,0.0,3,91,15.4,80,12.9716,77.5946
2025-01-26T12:00,28.3,15,25.8,0.0,0.0,1,37,15.9,80,12.9716,77.5946
2025-01-26T13:00,28.9,15,26.5,0.0,0.0,3,82,15.6,78,12.9716,77.5946
2025-01-26T14:00,29.1,16,26.4,0.0,0.0,3,96,15.3,77,12.9716,77.5946
2025-01-26T15:00,28.8,17,25.6,0.0,0.0,3,100,14.8,77,12.9716,77.5946
2025-01-26T16:00,27.9,18,23.8,0.0,0.0,3,100,15.3,78,12.9716,77.5946
2025-01-26T17:00,26.6,20,22.5,0.0,0.0,3,96,15.0,86,12.9716,77.5946
2025-01-26T18:00,25.2,25,22.0,0.0,0.0,2,72,11.9,95,12.9716,77.5946
2025-01-26T19:00,23.5,35,20.7,0.0,0.0,1,39,13.2,112,12.9716,77.5946
2025-01-26T20:00,22.0,40,19.5,0.0,0.0,0,0,13.7,111,12.9716,77.5946
2025-01-26T21:00,21.0,47,18.9,0.0,0.0,0,16,12.5,101,12.9716,77.5946
2025-01-26T22:00,20.0,56,18.7,0.0,0.0,0,17,10.7,98,12.9716,77.5946
2025-01-26T23:00,19.1,61,18.1,0.0,0.0,0,17,10.3,94,12.9716,77.5946
2025-01-27T00:00,18.4,67,17.5,0.0,0.0,3,88,10.3,88,12.9716,77.5946
2025-01-27T01:00,17.6,76,17.3,0.0,0.0,3,95,8.9,81,12.9716,77.5946
2025-01-27T02:00,16.9,83,17.0,0.0,0.0,2,57,7.6,78,12.9716,77.5946
2025-01-27T03:00,16.2,88,16.4,0.0,0.0,2,63,7.4,84,12.9716,77.5946
2025-01-27T04:00,15.8,88,15.9,0.0,0.0,2,51,7.0,93,12.9716,77.5946
2025-01-27T05:00,15.3,85,15.4,0.0,0.0,0,12,5.4,98,12.9716,77.5946
2025-01-27T06:00,15.0,96,15.6,0.0,0.0,2,57,5.6,96,12.9716,77.5946
2025-01-27T07:00,15.0,96,15.3,0.0,0.0,3,80,6.9,99,12.9716,77.5946
2025-01-27T08:00,16.7,81,17.1,0.0,0.0,0,12,4.5,90,12.9716,77.5946
2025-01-27T09:00,21.0,49,20.2,0.0,0.0,0,0,5.6,86,12.9716,77.5946
2025-01-27T10:00,24.0,30,22.6,0.0,0.0,0,0,7.4,67,12.9716,77.5946
2025-01-27T11:00,25.8,23,24.6,0.0,0.0,1,36,9.6,52,12.9716,77.5946
2025-01-27T12:00,27.0,22,26.0,0.0,0.0,2,66,11.3,53,12.9716,77.5946
2025-01-27T13:00,27.8,21,26.7,0.0,0.0,0,18,11.8,63,12.9716,77.5946
2025-01-27T14:00,28.2,21,26.7,0.0,0.0,0,2,11.6,71,12.9716,77.5946
2025-01-27T15:00,28.0,23,25.8,0.0,0.0,0,0,12.0,77,12.9716,77.5946
2025-01-27T16:00,27.3,26,24.6,0.0,0.0,0,2,11.9,79,12.9716,77.5946
2025-01-27T17:00,26.1,30,23.7,0.0,0.0,0,0,11.6,86,12.9716,77.5946
2025-01-27T18:00,25.0,37,23.4,0.0,0.0,0,8,9.0,96,12.9716,77.5946
2025-01-27T19:00,24.0,41,22.6,0.0,0.0,0,11,9.4,97,12.9716,77.5946
2025-01-27T20:00,22.2,48,20.6,0.0,0.0,0,0,11.7,113,12.9716,77.5946
2025-01-27T21:00,20.8,52,19.3,0.0,0.0,0,0,11.1,102,12.9716,77.5946
2025-01-27T22:00,20.1,52,18.5,0.0,0.0,0,0,10.4,100,12.9716,77.5946
2025-01-27T23:00,19.3,59,18.2,0.0,0.0,0,0,10.1,95,12.9716,77.5946
2025-01-28T00:00,18.7,66,17.9,0.0,0.0,1,48,10.3,93,12.9716,77.5946
2025-01-28T01:00,17.7,73,16.9,0.0,0.0,1,44,11.1,102,12.9716,77.5946
2025-01-28T02:00,16.7,81,16.1,0.0,0.0,2,66,11.2,105,12.9716,77.5946
2025-01-28T03:00,16.2,88,16.0,0.0,0.0,0,10,11.0,105,12.9716,77.5946
2025-01-28T04:00,15.8,93,15.8,0.0,0.0,0,0,10.3,105,12.9716,77.5946
2025-01-28T05:00,15.5,95,15.7,0.0,0.0,0,6,9.1,99,12.9716,77.5946
2025-01-28T06:00,15.6,99,16.1,0.0,0.0,3,100,8.6,98,12.9716,77.5946
2025-01-28T07:00,15.7,98,16.4,0.0,0.0,3,100,7.9,102,12.9716,77.5946
2025-01-28T08:00,16.5,91,17.2,0.0,0.0,3,89,6.2,97,12.9716,77.5946
2025-01-28T09:00,19.7,65,19.9,0.0,0.0,3,88,4.9,94,12.9716,77.5946
2025-01-28T10:00,23.1,37,22.6,0.0,0.0,3,98,5.6,75,12.9716,77.5946
2025-01-28T11:00,25.2,28,24.8,0.0,0.0,3,100,7.5,75,12.9716,77.5946
2025-01-28T12:00,26.6,28,26.6,0.0,0.0,3,100,8.6,82,12.9716,77.5946
2025-01-28T13:00,27.6,25,27.4,0.0,0.0,3,100,9.2,88,12.9716,77.5946
2025-01-28T14:00,28.1,23,27.0,0.0,0.0,3,100,10.0,83,12.9716,77.5946
2025-01-28T15:00,28.0,23,26.1,0.0,0.0,3,100,10.0,81,12.9716,77.5946
2025-01-28T16:00,27.2,26,24.8,0.0,0.0,3,100,10.0,84,12.9716,77.5946
2025-01-28T17:00,26.0,31,23.7,0.0,0.0,3,100,10.5,84,12.9716,77.5946
2025-01-28T18:00,24.9,35,23.2,0.0,0.0,3,100,8.0,82,12.9716,77.5946
2025-01-28T19:00,24.1,40,22.8,0.0,0.0,3,98,7.9,86,12.9716,77.5946
2025-01-28T20:00,22.5,49,21.5,0.0,0.0,3,99,9.6,110,12.9716,77.5946
2025-01-28T21:00,21.2,52,20.2,0.0,0.0,3,100,9.3,106,12.9716,77.5946
2025-01-28T22:00,20.3,55,19.1,0.0,0.0,3,98,9.8,103,12.9716,77.5946
2025-01-28T23:00,19.6,59,18.5,0.0,0.0,3,100,10.3,101,12.9716,77.5946
2025-01-29T00:00,19.0,66,18.3,0.0,0.0,3,100,10.2,107,12.9716,77.5946
2025-01-29T01:00,17.8,71,16.7,0.0,0.0,3,100,12.3,104,12.9716,77.5946
2025-01-29T02:00,16.5,79,15.6,0.0,0.0,3,100,12.1,100,12.9716,77.5946
2025-01-29T03:00,15.9,86,15.3,0.0,0.0,3,93,11.9,100,12.9716,77.5946
2025-01-29T04:00,15.5,91,15.1,0.0,0.0,1,32,11.6,97,12.9716,77.5946
2025-01-29T05:00,15.2,95,14.9,0.0,0.0,0,6,11.2,93,12.9716,77.5946
2025-01-29T06:00,15.6,99,15.9,0.0,0.0,3,100,10.3,87,12.9716,77.5946
2025-01-29T07:00,15.6,96,15.8,0.0,0.0,3,100,9.8,77,12.9716,77.5946
2025-01-29T08:00,17.4,81,17.5,0.0,0.0,1,40,7.9,73,12.9716,77.5946
2025-01-29T09:00,20.7,61,20.5,0.0,0.0,1,36,7.3,65,12.9716,77.5946
2025-01-29T10:00,24.0,40,23.3,0.0,0.0,2,66,10.1,57,12.9716,77.5946
2025-01-29T11:00,26.3,28,25.3,0.0,0.0,3,98,11.9,56,12.9716,77.5946
2025-01-29T12:00,28.0,23,26.9,0.0,0.0,3,100,12.3,60,12.9716,77.5946
2025-01-29T13:00,29.0,21,27.9,0.0,0.0,3,100,12.0,66,12.9716,77.5946
2025-01-29T14:00,29.4,23,28.1,0.0,0.0,3,100,12.0,68,12.9716,77.5946
2025-01-29T15:00,29.3,22,27.0,0.0,0.0,3,100,12.5,67,12.9716,77.5946
2025-01-29T16:00,28.4,26,25.8,0.0,0.0,3,100,12.5,72,12.9716,77.5946
2025-01-29T17:00,27.0,33,25.0,0.0,0.0,3,100,12.5,79,12.9716,77.5946
2025-01-29T18:00,25.8,45,25.2,0.0,0.0,3,100,10.1,95,12.9716,77.5946
2025-01-29T19:00,24.6,52,24.2,0.0,0.0,3,100,11.2,101,12.9716,77.5946
2025-01-29T20:00,23.1,60,22.9,0.0,0.0,3,100,11.6,105,12.9716,77.5946
2025-01-29T21:00,21.8,66,21.9,0.0,0.0,3,99,10.4,98,12.9716,77.5946
2025-01-29T22:00,20.6,73,21.0,0.0,0.0,3,80,9.8,97,12.9716,77.5946
2025-01-29T23:00,19.8,77,20.3,0.0,0.0,0,6,9.4,92,12.9716,77.5946
2025-01-30T00:00,18.9,80,19.3,0.0,0.0,0,2,9.4,86,12.9716,77.5946
2025-01-30T01:00,18.1,81,18.2,0.0,0.0,1,35,9.4,82,12.9716,77.5946
2025-01-30T02:00,17.3,83,17.3,0.0,0.0,3,99,9.2,89,12.9716,77.5946
2025-01-30T03:00,16.8,84,16.7,0.0,0.0,0,13,9.1,82,12.9716,77.5946
2025-01-30T04:00,16.4,84,16.3,0.0,0.0,1,30,8.5,86,12.9716,77.5946
2025-01-30T05:00,16.1,84,16.0,0.0,0.0,0,1,7.6,90,12.9716,77.5946
2025-01-30T06:00,16.3,96,17.0,0.0,0.0,1,23,8.6,102,12.9716,77.5946
2025-01-30T07:00,16.4,92,16.8,0.0,0.0,2,50,8.5,102,12.9716,77.5946
2025-01-30T08:00,17.9,82,18.5,0.0,0.0,1,25,6.6,111,12.9716,77.5946
2025-01-30T09:00,21.0,66,21.5,0.0,0.0,0,1,6.3,121,12.9716,77.5946
2025-01-30T10:00,24.1,52,25.1,0.0,0.0,0,12,6.2,139,12.9716,77.5946
2025-01-30T11:00,26.2,46,28.1,0.0,0.0,0,3,6.8,143,12.9716,77.5946
2025-01-30T12:00,27.6,46,30.2,0.0,0.0,2,76,7.5,150,12.9716,77.5946
2025-01-30T13:00,28.8,42,31.1,0.0,0.0,1,22,7.2,145,12.9716,77.5946
2025-01-30T14:00,29.3,39,30.9,0.0,0.0,3,89,7.8,136,12.9716,77.5946
2025-01-30T15:00,29.3,38,30.0,0.0,0.0,3,99,7.9,129,12.9716,77.5946
2025-01-30T16:00,28.8,39,28.7,0.0,0.0,3,97,8.2,123,12.9716,77.5946
2025-01-30T17:00,27.6,41,27.2,0.0,0.0,2,56,9.8,116,12.9716,77.5946
2025-01-30T18:00,26.2,46,26.0,0.0,0.0,3,97,9.5,104,12.9716,77.5946
2025-01-30T19:00,24.9,55,25.2,0.0,0.0,3,98,9.8,120,12.9716,77.5946
2025-01-30T20:00,24.1,58,24.4,0.0,0.0,1,49,10.2,118,12.9716,77.5946
2025-01-30T21:00,23.1,64,23.5,0.0,0.0,0,2,10.5,117,12.9716,77.5946
2025-01-30T22:00,22.3,69,23.0,0.0,0.0,0,7,10.0,118,12.9716,77.5946
2025-01-30T23:00,21.6,72,22.5,0.0,0.0,1,32,8.3,110,12.9716,77.5946
2025-01-31T00:00,20.9,74,21.8,0.0,0.0,1,34,7.6,115,12.9716,77.5946
2025-01-31T01:00,20.1,80,21.3,0.0,0.0,1,49,7.1,117,12.9716,77.5946
2025-01-31T02:00,19.2,89,20.5,0.0,0.0,3,92,8.3,112,12.9716,77.5946
2025-01-31T03:00,18.5,96,20.1,0.0,0.0,3,100,8.8,113,12.9716,77.5946
2025-01-31T04:00,18.5,99,20.1,0.0,0.0,3,100,9.6,120,12.9716,77.5946
2025-01-31T05:00,18.5,98,20.4,0.0,0.0,3,100,7.0,108,12.9716,77.5946
2025-01-31T06:00,19.2,96,21.2,0.0,0.0,3,100,8.2,119,12.9716,77.5946
2025-01-31T07:00,19.5,92,21.3,0.0,0.0,2,72,7.9,106,12.9716,77.5946
2025-01-31T08:00,21.0,82,22.7,0.0,0.0,0,15,7.7,101,12.9716,77.5946
2025-01-31T09:00,23.8,66,25.2,0.0,0.0,0,11,6.5,98,12.9716,77.5946
2025-01-31T10:00,26.7,46,27.8,0.0,0.0,0,0,6.4,100,12.9716,77.5946
2025-01-31T11:00,28.5,36,29.7,0.0,0.0,0,1,7.5,98,12.9716,77.5946
2025-01-31T12:00,29.7,33,31.2,0.0,0.0,2,64,8.2,105,12.9716,77.5946
2025-01-31T13:00,30.3,33,31.7,0.0,0.0,1,45,9.4,114,12.9716,77.5946
2025-01-31T14:00,30.5,33,31.5,0.0,0.0,1,24,9.7,114,12.9716,77.5946
2025-01-31T15:00,30.3,34,30.5,0.0,0.0,1,31,9.6,111,12.9716,77.5946
2025-01-31T16:00,29.6,35,28.9,0.0,0.0,1,31,10.1,107,12.9716,77.5946
2025-01-31T17:00,28.8,39,28.2,0.0,0.0,0,13,10.7,106,12.9716,77.5946
2025-01-31T18:00,27.3,42,27.0,0.0,0.0,0,9,9.1,126,12.9716,77.5946
2025-01-31T19:00,26.1,47,26.0,0.0,0.0,0,8,9.1,111,12.9716,77.5946
2025-01-31T20:00,25.2,50,25.3,0.0,0.0,0,0,8.4,109,12.9716,77.5946
2025-01-31T21:00,24.2,54,24.2,0.0,0.0,0,0,9.5,119,12.9716,77.5946
2025-01-31T22:00,23.0,63,23.2,0.0,0.0,0,0,10.9,124,12.9716,77.5946
2025-01-31T23:00,22.3,69,22.8,0.0,0.0,0,3,10.7,117,12.9716,77.5946
2025-02-01T00:00,21.0,81,21.9,0.0,0.0,0,1,12.5,122,12.9716,77.5946
2025-02-01T01:00,19.9,94,21.5,0.0,0.0,3,100,11.8,114,12.9716,77.5946
2025-02-01T02:00,19.5,99,21.3,0.0,0.0,3,100,12.0,116,12.9716,77.5946
2025-02-01T03:00,19.4,98,21.3,0.0,0.0,3,100,10.3,119,12.9716,77.5946
2025-02-01T04:00,19.4,96,21.2,0.0,0.0,3,100,9.9,106,12.9716,77.5946
2025-02-01T05:00,19.4,95,21.2,0.0,0.0,3,100,8.9,109,12.9716,77.5946
2025-02-01T06:00,19.9,91,21.8,0.0,0.0,3,100,7.7,120,12.9716,77.5946
2025-02-01T07:00,20.0,89,21.9,0.0,0.0,3,100,7.3,118,12.9716,77.5946
2025-02-01T08:00,21.3,81,22.8,0.0,0.0,1,40,8.5,115,12.9716,77.5946
2025-02-01T09:00,23.8,66,25.2,0.0,0.0,1,37,7.2,112,12.9716,77.5946
2025-02-01T10:00,26.1,53,27.8,0.0,0.0,0,3,5.8,99,12.9716,77.5946
2025-02-01T11:00,28.3,40,29.8,0.0,0.0,0,0,7.1,69,12.9716,77.5946
2025-02-01T12:00,29.4,34,30.6,0.0,0.0,0,0,9.5,54,12.9716,77.5946
2025-02-01T13:00,30.2,29,30.9,0.0,0.0,0,6,10.2,56,12.9716,77.5946
2025-02-01T14:00,30.5,26,30.2,0.0,0.0,1,24,11.0,58,12.9716,77.5946
2025-02-01T15:00,30.4,24,28.9,0.0,0.0,1,26,11.2,60,12.9716,77.5946
2025-02-01T16:00,29.7,24,27.2,0.0,0.0,0,9,11.4,61,12.9716,77.5946
2025-02-01T17:00,28.7,25,26.3,0.0,0.0,0,7,10.9,66,12.9716,77.5946
2025-02-01T18:00,27.7,33,26.4,0.0,0.0,0,5,8.6,74,12.9716,77.5946
2025-02-01T19:00,27.1,34,25.8,0.0,0.0,0,2,7.8,94,12.9716,77.5946
2025-02-01T20:00,25.9,35,24.8,0.0,0.0,0,1,6.5,84,12.9716,77.5946
2025-02-01T21:00,23.9,40,22.4,0.0,0.0,0,5,9.4,86,12.9716,77.5946
2025-02-01T22:00,23.1,46,21.8,0.0,0.0,0,6,10.3,88,12.9716,77.5946
2025-02-01T23:00,22.8,48,21.5,0.0,0.0,1,28,11.0,104,12.9716,77.5946
2025-02-02T00:00,22.1,51,20.8,0.0,0.0,3,84,12.1,101,12.9716,77.5946
2025-02-02T01:00,20.6,58,19.6,0.0,0.0,1,44,11.8,96,12.9716,77.5946
2025-02-02T02:00,19.2,72,18.8,0.0,0.0,3,92,11.4,97,12.9716,77.5946
2025-02-02T03:00,18.3,85,18.6,0.0,0.0,2,77,11.1,99,12.9716,77.5946
2025-02-02T04:00,17.9,92,18.7,0.0,0.0,3,86,10.1,100,12.9716,77.5946
2025-02-02T05:00,17.5,97,18.6,0.0,0.0,3,100,8.6,105,12.9716,77.5946
2025-02-02T06:00,17.7,98,19.4,0.0,0.0,3,100,6.0,117,12.9716,77.5946
2025-02-02T07:00,18.4,91,19.9,0.0,0.0,3,91,6.0,119,12.9716,77.5946
2025-02-02T08:00,20.1,79,21.4,0.0,0.0,1,34,5.6,115,12.9716,77.5946
2025-02-02T09:00,22.9,63,24.2,0.0,0.0,1,20,4.3,118,12.9716,77.5946
2025-02-02T10:00,26.1,41,26.9,0.0,0.0,1,38,4.5,92,12.9716,77.5946
2025-02-02T11:00,28.4,27,28.6,0.0,0.0,1,30,6.3,59,12.9716,77.5946
2025-02-02T12:00,29.8,21,29.9,0.0,0.0,1,22,6.9,53,12.9716,77.5946
2025-02-02T13:00,30.7,18,30.4,0.0,0.0,0,16,8.0,59,12.9716,77.5946
2025-02-02T14:00,31.0,16,29.7,0.0,0.0,1,22,9.7,62,12.9716,77.5946
2025-02-02T15:00,30.7,15,28.1,0.0,0.0,1,31,11.0,65,12.9716,77.5946
2025-02-02T16:00,29.9,15,26.2,0.0,0.0,1,39,11.6,68,12.9716,77.5946
2025-02-02T17:00,28.7,19,25.3,0.0,0.0,3,99,11.8,71,12.9716,77.5946
2025-02-02T18:00,27.7,21,25.0,0.0,0.0,3,92,7.9,78,12.9716,77.5946
2025-02-02T19:00,26.6,25,24.2,0.0,0.0,2,52,7.6,90,12.9716,77.5946
2025-02-02T20:00,25.1,29,22.8,0.0,0.0,2,74,7.8,64,12.9716,77.5946
2025-02-02T21:00,23.3,37,21.4,0.0,0.0,1,44,8.5,78,12.9716,77.5946
2025-02-02T22:00,22.3,41,20.5,0.0,0.0,0,15,9.5,89,12.9716,77.5946
2025-02-02T23:00,21.3,44,19.4,0.0,0.0,0,9,10.3,90,12.9716,77.5946
2025-02-03T00:00,20.3,48,18.3,0.0,0.0,0,5,11.4,86,12.9716,77.5946
2025-02-03T01:00,19.1,59,17.7,0.0,0.0,1,22,11.5,92,12.9716,77.5946
2025-02-03T02:00,18.3,71,17.7,0.0,0.0,3,88,10.6,94,12.9716,77.5946
2025-02-03T03:00,18.0,78,17.8,0.0,0.0,3,89,10.1,92,12.9716,77.5946
2025-02-03T04:00,17.6,83,17.9,0.0,0.0,3,100,8.3,95,12.9716,77.5946
2025-02-03T05:00,17.2,86,17.8,0.0,0.0,3,99,6.1,87,12.9716,77.5946
2025-02-03T06:00,17.0,93,18.0,0.0,0.0,1,37,6.0,87,12.9716,77.5946
2025-02-03T07:00,16.8,92,17.5,0.0,0.0,1,49,8.1,89,12.9716,77.5946
2025-02-03T08:00,18.8,79,19.6,0.0,0.0,0,18,6.5,88,12.9716,77.5946
2025-02-03T09:00,23.5,44,22.6,0.0,0.0,0,17,7.6,89,12.9716,77.5946
2025-02-03T10:00,26.9,18,24.2,0.0,0.0,1,30,10.4,90,12.9716,77.5946
2025-02-03T11:00,28.6,13,26.2,0.0,0.0,2,74,11.9,93,12.9716,77.5946
2025-02-03T12:00,29.7,12,27.5,0.0,0.0,2,52,12.6,100,12.9716,77.5946
2025-02-03T13:00,30.2,12,28.2,0.0,0.0,1,23,12.6,103,12.9716,77.5946
2025-02-03T14:00,30.3,13,28.1,0.0,0.0,2,62,12.2,104,12.9716,77.5946
2025-02-03T15:00,30.0,16,27.3,0.0,0.0,2,51,11.7,105,12.9716,77.5946
2025-02-03T16:00,29.4,18,26.0,0.0,0.0,2,68,11.6,103,12.9716,77.5946
2025-02-03T17:00,28.5,19,24.9,0.0,0.0,0,12,12.3,105,12.9716,77.5946
2025-02-03T18:00,26.7,24,24.2,0.0,0.0,0,7,8.0,117,12.9716,77.5946
2025-02-03T19:00,25.0,31,22.9,0.0,0.0,1,21,8.6,106,12.9716,77.5946
2025-02-03T20:00,23.7,38,22.1,0.0,0.0,0,14,8.4,99,12.9716,77.5946
2025-02-03T21:00,22.9,39,21.0,0.0,0.0,3,81,9.4,95,12.9716,77.5946
2025-02-03T22:00,22.1,42,20.3,0.0,0.0,3,88,9.2,97,12.9716,77.5946
2025-02-03T23:00,21.5,46,20.1,0.0,0.0,3,87,8.7,96,12.9716,77.5946
2025-02-04T00:00,20.8,52,19.5,0.0,0.0,3,91,9.5,92,12.9716,77.5946
2025-02-04T01:00,19.9,54,18.6,0.0,0.0,1,24,10.1,93,12.9716,77.5946
2025-02-04T02:00,19.1,58,17.9,0.0,0.0,1,22,9.2,92,12.9716,77.5946
2025-02-04T03:00,18.4,63,17.5,0.0,0.0,3,96,8.5,88,12.9716,77.5946
2025-02-04T04:00,17.9,67,17.3,0.0,0.0,3,87,7.6,85,12.9716,77.5946
2025-02-04T05:00,17.4,72,17.1,0.0,0.0,3,89,6.9,85,12.9716,77.5946
2025-02-04T06:00,17.0,73,16.9,0.0,0.0,1,49,5.2,84,12.9716,77.5946
2025-02-04T07:00,17.7,71,17.4,0.0,0.0,3,84,7.0,78,12.9716,77.5946
2025-02-04T08:00,20.7,59,20.6,0.0,0.0,3,100,5.6,84,12.9716,77.5946
2025-02-04T09:00,24.0,41,22.8,0.0,0.0,3,99,7.9,94,12.9716,77.5946
2025-02-04T10:00,26.9,24,24.9,0.0,0.0,3,100,9.5,100,12.9716,77.5946
2025-02-04T11:00,28.7,20,27.2,0.0,0.0,3,100,11.0,104,12.9716,77.5946
2025-02-04T12:00,29.8,19,28.6,0.0,0.0,3,100,11.7,104,12.9716,77.5946
2025-02-04T13:00,30.5,19,29.5,0.0,0.0,3,98,11.8,101,12.9716,77.5946
2025-02-04T14:00,30.7,19,29.3,0.0,0.0,3,100,12.2,99,12.9716,77.5946
2025-02-04T15:00,30.5,19,28.2,0.0,0.0,3,100,12.1,96,12.9716,77.5946
2025-02-04T16:00,29.9,17,26.3,0.0,0.0,3,97,12.8,88,12.9716,77.5946
2025-02-04T17:00,28.5,20,24.9,0.0,0.0,3,98,14.3,83,12.9716,77.5946
2025-02-04T18:00,27.2,22,24.0,0.0,0.0,3,100,10.9,70,12.9716,77.5946
2025-02-04T19:00,25.8,27,23.3,0.0,0.0,3,96,9.0,93,12.9716,77.5946
2025-02-04T20:00,24.5,31,22.1,0.0,0.0,3,85,10.1,107,12.9716,77.5946
2025-02-04T21:00,23.5,37,21.6,0.0,0.0,3,87,9.0,105,12.9716,77.5946
2025-02-04T22:00,22.8,41,21.2,0.0,0.0,3,100,8.5,102,12.9716,77.5946
2025-02-04T23:00,22.0,44,20.1,0.0,0.0,3,89,11.3,104,12.9716,77.5946
2025-02-05T00:00,20.9,49,19.2,0.0,0.0,3,90,11.2,105,12.9716,77.5946
2025-02-05T01:00,20.1,53,18.8,0.0,0.0,3,86,9.4,102,12.9716,77.5946
2025-02-05T02:00,19.3,57,18.3,0.0,0.0,3,94,7.9,90,12.9716,77.5946
2025-02-05T03:00,18.9,60,18.0,0.0,0.0,3,100,8.5,90,12.9716,77.5946
2025-02-05T04:00,18.7,63,17.7,0.0,0.0,2,64,9.0,95,12.9716,77.5946
2025-02-05T05:00,18.4,65,17.6,0.0,0.0,3,80,9.2,96,12.9716,77.5946
2025-02-05T06:00,18.2,73,17.7,0.0,0.0,0,0,9.9,102,12.9716,77.5946
2025-02-05T07:00,18.7,70,18.2,0.0,0.0,0,14,10.0,104,12.9716,77.5946
2025-02-05T08:00,21.2,58,20.8,0.0,0.0,0,3,8.1,96,12.9716,77.5946
2025-02-05T09:00,24.3,39,22.3,0.0,0.0,1,37,12.7,103,12.9716,77.5946
2025-02-05T10:00,26.3,33,24.8,0.0,0.0,0,2,13.7,101,12.9716,77.5946
2025-02-05T11:00,28.0,29,27.0,0.0,0.0,1,47,14.0,99,12.9716,77.5946
2025-02-05T12:00,29.2,26,28.5,0.0,0.0,3,94,13.9,100,12.9716,77.5946
2025-02-05T13:00,30.1,22,29.2,0.0,0.0,3,92,13.6,98,12.9716,77.5946
2025-02-05T14:00,30.4,19,28.7,0.0,0.0,3,99,13.9,93,12.9716,77.5946
2025-02-05T15:00,30.2,19,27.4,0.0,0.0,3,96,14.6,91,12.9716,77.5946
2025-02-05T16:00,29.4,20,26.0,0.0,0.0,3,93,14.4,92,12.9716,77.5946
2025-02-05T17:00,28.2,24,24.9,0.0,0.0,3,85,14.4,89,12.9716,77.5946
2025-02-05T18:00,26.8,29,24.3,0.0,0.0,1,27,12.0,76,12.9716,77.5946
2025-02-05T19:00,25.7,34,23.5,0.0,0.0,0,0,12.2,82,12.9716,77.5946
2025-02-05T20:00,24.7,38,23.0,0.0,0.0,0,0,10.7,96,12.9716,77.5946
2025-02-05T21:00,23.8,42,22.2,0.0,0.0,0,0,10.7,97,12.9716,77.5946
2025-02-05T22:00,22.4,46,20.8,0.0,0.0,0,0,11.5,99,12.9716,77.5946
2025-02-05T23:00,21.2,49,19.7,0.0,0.0,0,0,10.8,101,12.9716,77.5946
2025-02-06T00:00,20.4,52,19.1,0.0,0.0,0,0,9.6,98,12.9716,77.5946
2025-02-06T01:00,19.7,55,18.5,0.0,0.0,0,0,9.0,92,12.9716,77.5946
2025-02-06T02:00,19.1,58,17.9,0.0,0.0,0,0,8.8,85,12.9716,77.5946
2025-02-06T03:00,18.4,59,17.2,0.0,0.0,0,0,8.8,79,12.9716,77.5946
2025-02-06T04:00,17.8,60,16.4,0.0,0.0,0,0,9.3,75,12.9716,77.5946
2025-02-06T05:00,17.4,59,15.6,0.0,0.0,0,0,10.7,81,12.9716,77.5946
2025-02-06T06:00,17.7,67,16.6,0.0,0.0,0,0,10.5,95,12.9716,77.5946
2025-02-06T07:00,18.1,62,16.8,0.0,0.0,0,0,10.7,96,12.9716,77.5946
2025-02-06T08:00,20.6,48,19.2,0.0,0.0,0,0,8.5,96,12.9716,77.5946
2025-02-06T09:00,23.9,30,21.2,0.0,0.0,0,0,10.5,102,12.9716,77.5946
2025-02-06T10:00,26.3,21,23.6,0.0,0.0,0,0,12.3,104,12.9716,77.5946
2025-02-06T11:00,27.8,18,25.6,0.0,0.0,2,77,13.8,105,12.9716,77.5946
2025-02-06T12:00,28.8,19,27.2,0.0,0.0,2,51,13.7,107,12.9716,77.5946
2025-02-06T13:00,29.5,19,28.0,0.0,0.0,0,0,13.8,108,12.9716,77.5946
2025-02-06T14:00,29.7,18,27.9,0.0,0.0,0,0,13.6,105,12.9716,77.5946
2025-02-06T15:00,29.7,18,26.9,0.0,0.0,0,0,13.6,102,12.9716,77.5946
2025-02-06T16:00,29.0,20,25.5,0.0,0.0,0,0,13.9,100,12.9716,77.5946
2025-02-06T17:00,27.8,25,24.9,0.0,0.0,0,0,13.5,102,12.9716,77.5946
2025-02-06T18:00,26.2,35,24.7,0.0,0.0,0,0,9.0,113,12.9716,77.5946
2025-02-06T19:00,24.7,41,23.7,0.0,0.0,0,0,7.8,103,12.9716,77.5946
2025-02-06T20:00,23.6,43,22.7,0.0,0.0,0,0,6.7,99,12.9716,77.5946
2025-02-06T21:00,22.8,46,22.1,0.0,0.0,0,0,5.9,101,12.9716,77.5946
2025-02-06T22:00,22.0,49,21.2,0.0,0.0,0,0,7.3,106,12.9716,77.5946
2025-02-06T23:00,21.1,52,19.8,0.0,0.0,0,0,10.0,98,12.9716,77.5946
2025-02-07T00:00,20.1,57,19.2,0.0,0.0,0,0,8.7,94,12.9716,77.5946
2025-02-07T01:00,19.4,61,18.6,0.0,0.0,2,55,8.1,96,12.9716,77.5946
2025-02-07T02:00,18.7,64,18.1,0.0,0.0,3,84,8.0,98,12.9716,77.5946
2025-02-07T03:00,18.2,68,17.8,0.0,0.0,2,70,7.8,97,12.9716,77.5946
2025-02-07T04:00,17.8,72,17.5,0.0,0.0,2,65,7.8,97,12.9716,77.5946
2025-02-07T05:00,17.4,75,17.3,0.0,0.0,2,61,7.0,91,12.9716,77.5946
2025-02-07T06:00,17.3,76,17.1,0.0,0.0,2,52,7.2,94,12.9716,77.5946
2025-02-07T07:00,18.0,72,17.7,0.0,0.0,2,62,8.1,96,12.9716,77.5946
2025-02-07T08:00,20.7,57,20.4,0.0,0.0,1,37,6.3,97,12.9716,77.5946
2025-02-07T09:00,24.0,33,21.8,0.0,0.0,1,43,8.9,104,12.9716,77.5946
2025-02-07T10:00,26.4,21,23.6,0.0,0.0,0,2,12.7,108,12.9716,77.5946
2025-02-07T11:00,27.8,18,25.6,0.0,0.0,0,0,14.2,110,12.9716,77.5946
2025-02-07T12:00,28.9,18,27.4,0.0,0.0,0,0,12.9,110,12.9716,77.5946
2025-02-07T13:00,29.5,18,28.4,0.0,0.0,0,0,11.6,112,12.9716,77.5946
2025-02-07T14:00,29.9,18,28.5,0.0,0.0,0,0,11.0,109,12.9716,77.5946
2025-02-07T15:00,30.1,16,27.4,0.0,0.0,0,0,11.7,99,12.9716,77.5946
2025-02-07T16:00,29.4,17,25.6,0.0,0.0,2,63,13.2,87,12.9716,77.5946
2025-02-07T17:00,28.1,20,24.4,0.0,0.0,3,97,14.6,81,12.9716,77.5946
2025-02-07T18:00,26.3,22,23.1,0.0,0.0,0,0,10.8,79,12.9716,77.5946
2025-02-07T19:00,25.0,27,22.0,0.0,0.0,1,25,11.9,90,12.9716,77.5946
2025-02-07T20:00,23.9,33,21.4,0.0,0.0,0,1,11.2,101,12.9716,77.5946
2025-02-07T21:00,22.9,39,20.9,0.0,0.0,0,0,10.0,104,12.9716,77.5946
2025-02-07T22:00,22.2,42,20.0,0.0,0.0,0,0,12.1,93,12.9716,77.5946
2025-02-07T23:00,21.3,50,19.5,0.0,0.0,0,0,13.0,93,12.9716,77.5946
2025-02-08T00:00,20.5,56,19.2,0.0,0.0,0,0,10.9,97,12.9716,77.5946
2025-02-08T01:00,19.6,60,18.6,0.0,0.0,0,0,9.9,99,12.9716,77.5946
2025-02-08T02:00,18.8,63,17.9,0.0,0.0,0,0,9.4,98,12.9716,77.5946
2025-02-08T03:00,18.2,66,17.5,0.0,0.0,0,12,8.9,98,12.9716,77.5946
2025-02-08T04:00,17.8,68,17.2,0.0,0.0,0,0,8.3,94,12.9716,77.5946
2025-02-08T05:00,17.6,69,17.0,0.0,0.0,0,0,8.1,96,12.9716,77.5946
2025-02-08T06:00,17.6,75,17.5,0.0,0.0,0,0,7.2,94,12.9716,77.5946
2025-02-08T07:00,18.4,69,18.0,0.0,0.0,0,0,8.1,91,12.9716,77.5946
2025-02-08T08:00,21.3,53,20.6,0.0,0.0,0,0,6.9,97,12.9716,77.5946
2025-02-08T09:00,24.3,34,22.0,0.0,0.0,0,0,11.1,106,12.9716,77.5946
2025-02-08T10:00,26.2,31,24.4,0.0,0.0,0,17,13.2,104,12.9716,77.5946
2025-02-08T11:00,27.7,28,26.8,0.0,0.0,0,3,13.2,96,12.9716,77.5946
2025-02-08T12:00,28.9,26,28.4,0.0,0.0,0,0,13.7,91,12.9716,77.5946
2025-02-08T13:00,29.8,25,28.9,0.0,0.0,0,0,15.4,85,12.9716,77.5946
2025-02-08T14:00,29.9,24,28.4,0.0,0.0,0,0,16.1,85,12.9716,77.5946
2025-02-08T15:00,29.6,25,27.5,0.0,0.0,0,8,15.7,87,12.9716,77.5946
2025-02-08T16:00,28.9,27,26.2,0.0,0.0,0,5,15.1,91,12.9716,77.5946
2025-02-08T17:00,27.7,32,25.4,0.0,0.0,0,4,14.5,97,12.9716,77.5946
2025-02-08T18:00,26.2,37,24.5,0.0,0.0,3,99,12.6,100,12.9716,77.5946
2025-02-08T19:00,25.5,39,23.9,0.0,0.0,3,87,12.3,101,12.9716,77.5946
2025-02-08T20:00,24.7,42,23.1,0.0,0.0,1,44,12.3,94,12.9716,77.5946
2025-02-08T21:00,23.5,45,22.1,0.0,0.0,3,97,11.4,96,12.9716,77.5946
2025-02-08T22:00,22.4,49,21.2,0.0,0.0,3,81,11.1,98,12.9716,77.5946
2025-02-08T23:00,21.6,55,20.4,0.0,0.0,2,76,12.6,104,12.9716,77.5946
2025-02-09T00:00,20.6,62,20.0,0.0,0.0,2,65,10.1,109,12.9716,77.5946
2025-02-09T01:00,19.9,65,19.5,0.0,0.0,1,23,8.9,96,12.9716,77.5946
2025-02-09T02:00,19.2,69,19.0,0.0,0.0,3,82,8.7,96,12.9716,77.5946
2025-02-09T03:00,18.6,72,18.5,0.0,0.0,2,61,8.7,97,12.9716,77.5946
2025-02-09T04:00,18.2,75,18.1,0.0,0.0,2,75,8.7,94,12.9716,77.5946
2025-02-09T05:00,18.0,75,17.9,0.0,0.0,3,91,8.1,94,12.9716,77.5946
2025-02-09T06:00,18.0,81,18.5,0.0,0.0,2,67,7.6,97,12.9716,77.5946
2025-02-09T07:00,18.7,75,18.8,0.0,0.0,2,60,8.5,95,12.9716,77.5946
2025-02-09T08:00,21.6,56,21.3,0.0,0.0,2,62,7.3,99,12.9716,77.5946
2025-02-09T09:00,24.3,41,22.8,0.0,0.0,2,73,10.5,93,12.9716,77.5946
2025-02-09T10:00,26.3,35,25.0,0.0,0.0,3,87,13.5,85,12.9716,77.5946
2025-02-09T11:00,27.9,30,27.0,0.0,0.0,3,85,14.8,84,12.9716,77.5946
2025-02-09T12:00,29.1,26,28.2,0.0,0.0,3,94,16.0,82,12.9716,77.5946
2025-02-09T13:00,29.5,25,28.5,0.0,0.0,3,94,16.5,83,12.9716,77.5946
2025-02-09T14:00,29.6,26,28.5,0.0,0.0,3,86,15.9,87,12.9716,77.5946
2025-02-09T15:00,29.4,28,27.9,0.0,0.0,3,80,14.4,93,12.9716,77.5946
2025-02-09T16:00,28.6,31,26.5,0.0,0.0,3,82,14.1,94,12.9716,77.5946
2025-02-09T17:00,27.3,35,25.2,0.0,0.0,0,4,15.1,93,12.9716,77.5946
2025-02-09T18:00,25.9,40,24.5,0.0,0.0,0,1,11.9,94,12.9716,77.5946
2025-02-09T19:00,25.4,40,24.4,0.0,0.0,0,0,8.8,90,12.9716,77.5946
2025-02-09T20:00,24.7,44,23.6,0.0,0.0,0,0,10.6,88,12.9716,77.5946
2025-02-09T21:00,23.1,51,22.2,0.0,0.0,0,0,10.8,93,12.9716,77.5946
2025-02-09T22:00,22.0,58,21.4,0.0,0.0,0,0,11.5,98,12.9716,77.5946
2025-02-09T23:00,21.1,64,20.7,0.0,0.0,0,0,11.7,100,12.9716,77.5946
2025-02-10T00:00,20.1,73,20.0,0.0,0.0,0,2,12.1,100,12.9716,77.5946
2025-02-10T01:00,19.2,80,19.4,0.0,0.0,0,0,11.2,101,12.9716,77.5946
2025-02-10T02:00,18.5,84,19.0,0.0,0.0,0,0,9.8,103,12.9716,77.5946
2025-02-10T03:00,18.0,87,18.6,0.0,0.0,0,0,9.3,98,12.9716,77.5946
2025-02-10T04:00,17.5,89,18.1,0.0,0.0,0,0,8.8,94,12.9716,77.5946
2025-02-10T05:00,17.1,91,17.7,0.0,0.0,0,0,8.7,94,12.9716,77.5946
2025-02-10T06:00,17.2,98,18.5,0.0,0.0,3,100,8.1,102,12.9716,77.5946
2025-02-10T07:00,17.5,95,18.5,0.0,0.0,3,97,8.6,106,12.9716,77.5946
2025-02-10T08:00,19.3,82,20.2,0.0,0.0,1,29,7.9,106,12.9716,77.5946
2025-02-10T09:00,22.0,61,22.0,0.0,0.0,0,5,9.7,106,12.9716,77.5946
2025-02-10T10:00,24.4,42,24.0,0.0,0.0,0,2,10.3,96,12.9716,77.5946
2025-02-10T11:00,26.2,35,26.3,0.0,0.0,0,2,10.8,88,12.9716,77.5946
2025-02-10T12:00,27.7,29,27.7,0.0,0.0,0,1,11.5,82,12.9716,77.5946
2025-02-10T13:00,28.6,26,28.2,0.0,0.0,0,2,12.6,80,12.9716,77.5946
2025-02-10T14:00,28.9,24,27.9,0.0,0.0,2,74,13.2,78,12.9716,77.5946
2025-02-10T15:00,28.7,27,27.0,0.0,0.0,1,38,13.8,77,12.9716,77.5946
2025-02-10T16:00,27.9,29,25.4,0.0,0.0,0,13,13.6,79,12.9716,77.5946
2025-02-10T17:00,26.9,30,24.5,0.0,0.0,0,2,12.3,87,12.9716,77.5946
2025-02-10T18:00,26.1,35,24.9,0.0,0.0,0,3,6.9,95,12.9716,77.5946
2025-02-10T19:00,25.1,38,24.0,0.0,0.0,0,0,6.8,87,12.9716,77.5946
2025-02-10T20:00,24.0,43,23.1,0.0,0.0,0,0,7.6,86,12.9716,77.5946
2025-02-10T21:00,23.0,48,22.3,0.0,0.0,2,71,6.7,92,12.9716,77.5946
2025-02-10T22:00,22.0,52,21.2,0.0,0.0,3,84,8.3,90,12.9716,77.5946
2025-02-10T23:00,21.0,57,20.3,0.0,0.0,1,47,9.3,82,12.9716,77.5946
2025-02-11T00:00,20.1,63,19.6,0.0,0.0,1,31,9.2,84,12.9716,77.5946
2025-02-11T01:00,19.4,68,19.2,0.0,0.0,2,65,8.6,89,12.9716,77.5946
2025-02-11T02:00,18.6,74,18.7,0.0,0.0,3,92,8.3,86,12.9716,77.5946
2025-02-11T03:00,17.9,81,18.1,0.0,0.0,3,85,8.5,89,12.9716,77.5946
2025-02-11T04:00,17.2,86,17.6,0.0,0.0,3,81,8.7,94,12.9716,77.5946
2025-02-11T05:00,16.6,92,17.1,0.0,0.0,3,80,8.5,95,12.9716,77.5946
2025-02-11T06:00,16.6,99,17.5,0.0,0.0,3,100,8.7,103,12.9716,77.5946
2025-02-11T07:00,16.7,97,17.5,0.0,0.0,3,100,8.7,107,12.9716,77.5946
2025-02-11T08:00,18.3,80,18.9,0.0,0.0,3,99,6.8,107,12.9716,77.5946
2025-02-11T09:00,21.8,54,21.6,0.0,0.0,3,92,5.9,104,12.9716,77.5946
2025-02-11T10:00,25.3,29,24.3,0.0,0.0,2,68,7.3,97,12.9716,77.5946
2025-02-11T11:00,27.7,20,26.8,0.0,0.0,3,88,8.6,88,12.9716,77.5946
2025-02-11T12:00,29.2,19,28.8,0.0,0.0,3,96,9.1,81,12.9716,77.5946
2025-02-11T13:00,30.1,18,29.6,0.0,0.0,3,93,9.6,77,12.9716,77.5946
2025-02-11T14:00,30.7,16,29.3,0.0,0.0,3,93,10.4,70,12.9716,77.5946
2025-02-11T15:00,30.5,16,28.1,0.0,0.0,3,100,11.7,67,12.9716,77.5946
2025-02-11T16:00,29.7,18,26.2,0.0,0.0,3,100,12.5,67,12.9716,77.5946
2025-02-11T17:00,28.5,20,25.2,0.0,0.0,3,100,12.2,68,12.9716,77.5946
2025-02-11T18:00,27.2,22,24.4,0.0,0.0,3,100,8.5,58,12.9716,77.5946
2025-02-11T19:00,26.2,27,24.0,0.0,0.0,3,95,7.4,83,12.9716,77.5946
2025-02-11T20:00,24.5,32,22.2,0.0,0.0,2,50,9.6,98,12.9716,77.5946
2025-02-11T21:00,23.0,37,20.9,0.0,0.0,1,28,9.8,95,12.9716,77.5946
2025-02-11T22:00,22.0,41,20.1,0.0,0.0,2,77,9.5,99,12.9716,77.5946
2025-02-11T23:00,21.1,46,19.4,0.0,0.0,3,81,9.5,99,12.9716,77.5946
2025-02-12T00:00,20.5,51,19.0,0.0,0.0,3,97,9.9,93,12.9716,77.5946
2025-02-12T01:00,19.8,55,18.6,0.0,0.0,3,94,9.4,91,12.9716,77.5946
2025-02-12T02:00,19.1,59,18.0,0.0,0.0,3,95,9.5,88,12.9716,77.5946
2025-02-12T03:00,18.4,61,17.4,0.0,0.0,3,100,9.0,90,12.9716,77.5946
2025-02-12T04:00,17.7,66,16.9,0.0,0.0,3,100,8.0,95,12.9716,77.5946
2025-02-12T05:00,17.1,70,16.6,0.0,0.0,3,100,6.9,96,12.9716,77.5946
2025-02-12T06:00,17.0,78,17.0,0.0,0.0,2,51,7.2,84,12.9716,77.5946
2025-02-12T07:00,17.5,78,17.3,0.0,0.0,3,95,8.9,82,12.9716,77.5946
2025-02-12T08:00,20.5,64,20.5,0.0,0.0,3,100,7.4,77,12.9716,77.5946
2025-02-12T09:00,24.4,35,22.6,0.0,0.0,3,100,9.2,74,12.9716,77.5946
2025-02-12T10:00,27.5,18,25.0,0.0,0.0,3,100,10.3,75,12.9716,77.5946
2025-02-12T11:00,29.5,13,27.4,0.0,0.0,3,99,11.7,73,12.9716,77.5946
2025-02-12T12:00,30.8,10,28.6,0.0,0.0,3,99,13.0,71,12.9716,77.5946
2025-02-12T13:00,31.5,10,29.2,0.0,0.0,3,99,13.3,71,12.9716,77.5946
2025-02-12T14:00,31.6,11,29.2,0.0,0.0,3,95,13.2,70,12.9716,77.5946
2025-02-12T15:00,31.5,11,28.3,0.0,0.0,0,17,12.3,69,12.9716,77.5946
2025-02-12T16:00,30.9,12,26.7,0.0,0.0,0,10,11.9,75,12.9716,77.5946
2025-02-12T17:00,29.8,14,25.7,0.0,0.0,0,0,12.8,76,12.9716,77.5946
2025-02-12T18:00,28.3,16,24.7,0.0,0.0,0,0,9.6,93,12.9716,77.5946
2025-02-12T19:00,27.0,17,23.5,0.0,0.0,0,0,9.7,102,12.9716,77.5946
2025-02-12T20:00,25.4,22,22.1,0.0,0.0,0,0,10.3,95,12.9716,77.5946
2025-02-12T21:00,23.7,29,21.1,0.0,0.0,0,0,9.3,98,12.9716,77.5946
2025-02-12T22:00,22.8,31,20.2,0.0,0.0,0,0,9.0,96,12.9716,77.5946
2025-02-12T23:00,22.0,30,19.1,0.0,0.0,0,0,9.5,91,12.9716,77.5946
2025-02-13T00:00,21.0,32,18.1,0.0,0.0,1,31,9.4,91,12.9716,77.5946
2025-02-13T01:00,20.2,38,17.7,0.0,0.0,2,69,9.2,91,12.9716,77.5946
2025-02-13T02:00,19.4,45,17.3,0.0,0.0,2,72,8.6,98,12.9716,77.5946
2025-02-13T03:00,18.6,50,17.0,0.0,0.0,3,87,7.4,104,12.9716,77.5946
2025-02-13T04:00,18.2,54,16.9,0.0,0.0,1,40,6.7,96,12.9716,77.5946
2025-02-13T05:00,17.8,58,16.6,0.0,0.0,0,0,6.5,96,12.9716,77.5946
2025-02-13T06:00,17.9,68,17.4,0.0,0.0,3,91,7.0,93,12.9716,77.5946
2025-02-13T07:00,18.9,64,18.3,0.0,0.0,3,94,8.5,88,12.9716,77.5946
2025-02-13T08:00,22.5,49,21.8,0.0,0.0,2,71,7.0,86,12.9716,77.5946
2025-02-13T09:00,26.4,23,23.6,0.0,0.0,2,79,9.2,84,12.9716,77.5946
2025-02-13T10:00,28.6,20,26.2,0.0,0.0,2,78,11.7,72,12.9716,77.5946
2025-02-13T11:00,30.0,19,28.5,0.0,0.0,3,86,12.6,66,12.9716,77.5946
2025-02-13T12:00,31.2,18,30.1,0.0,0.0,3,90,13.0,66,12.9716,77.5946
2025-02-13T13:00,31.7,17,30.5,0.0,0.0,3,94,13.4,64,12.9716,77.5946
2025-02-13T14:00,31.9,16,30.3,0.0,0.0,3,95,12.7,67,12.9716,77.5946
2025-02-13T15:00,31.7,16,29.4,0.0,0.0,3,94,11.7,70,12.9716,77.5946
2025-02-13T16:00,30.9,17,27.7,0.0,0.0,3,96,11.1,77,12.9716,77.5946
2025-02-13T17:00,29.8,19,26.5,0.0,0.0,3,99,12.3,83,12.9716,77.5946
2025-02-13T18:00,28.4,22,25.6,0.0,0.0,3,96,10.1,96,12.9716,77.5946
2025-02-13T19:00,27.3,24,24.7,0.0,0.0,3,98,9.7,90,12.9716,77.5946
2025-02-13T20:00,25.7,29,23.4,0.0,0.0,3,98,9.1,98,12.9716,77.5946
2025-02-13T21:00,24.3,30,21.8,0.0,0.0,3,88,9.7,102,12.9716,77.5946
2025-02-13T22:00,23.4,30,20.4,0.0,0.0,2,55,11.6,102,12.9716,77.5946
2025-02-13T23:00,22.3,31,19.0,0.0,0.0,0,11,13.3,103,12.9716,77.5946
2025-02-14T00:00,21.3,36,18.5,0.0,0.0,0,1,11.3,99,12.9716,77.5946
2025-02-14T01:00,20.7,38,18.3,0.0,0.0,0,1,9.6,95,12.9716,77.5946
2025-02-14T02:00,20.0,41,17.9,0.0,0.0,0,0,8.3,104,12.9716,77.5946
2025-02-14T03:00,19.8,44,17.8,0.0,0.0,0,0,8.3,110,12.9716,77.5946
2025-02-14T04:00,19.3,48,17.9,0.0,0.0,0,0,5.7,118,12.9716,77.5946
2025-02-14T05:00,18.4,53,17.4,0.0,0.0,0,0,4.1,124,12.9716,77.5946
2025-02-14T06:00,18.5,55,17.7,0.0,0.0,0,0,4.5,119,12.9716,77.5946
2025-02-14T07:00,19.8,50,18.6,0.0,0.0,0,0,6.2,120,12.9716,77.5946
2025-02-14T08:00,23.1,39,22.1,0.0,0.0,0,0,3.7,125,12.9716,77.5946
2025-02-14T09:00,26.7,24,24.7,0.0,0.0,0,0,5.0,116,12.9716,77.5946
2025-02-14T10:00,28.9,19,27.2,0.0,0.0,0,0,8.1,77,12.9716,77.5946
2025-02-14T11:00,30.2,18,29.0,0.0,0.0,0,0,10.5,68,12.9716,77.5946
2025-02-14T12:00,31.2,17,30.3,0.0,0.0,0,0,11.2,69,12.9716,77.5946
2025-02-14T13:00,31.9,15,31.0,0.0,0.0,2,54,10.8,66,12.9716,77.5946
2025-02-14T14:00,32.1,16,30.7,0.0,0.0,3,94,10.9,63,12.9716,77.5946
2025-02-14T15:00,31.7,17,29.5,0.0,0.0,3,97,11.6,60,12.9716,77.5946
2025-02-14T16:00,31.0,18,27.9,0.0,0.0,3,96,11.8,61,12.9716,77.5946
2025-02-14T17:00,30.1,21,27.2,0.0,0.0,3,94,11.1,63,12.9716,77.5946
2025-02-14T18:00,28.6,24,26.5,0.0,0.0,0,0,7.4,89,12.9716,77.5946
2025-02-14T19:00,27.7,25,25.9,0.0,0.0,0,0,5.3,80,12.9716,77.5946
2025-02-14T20:00,26.0,29,23.8,0.0,0.0,0,0,9.1,63,12.9716,77.5946
2025-02-14T21:00,24.8,33,22.7,0.0,0.0,0,0,9.2,90,12.9716,77.5946
2025-02-14T22:00,23.9,34,21.9,0.0,0.0,0,0,9.0,105,12.9716,77.5946
2025-02-14T23:00,23.2,36,21.2,0.0,0.0,0,0,9.0,100,12.9716,77.5946
2025-02-15T00:00,22.0,40,20.3,0.0,0.0,0,0,7.6,105,12.9716,77.5946
2025-02-15T01:00,20.8,43,19.7,0.0,0.0,0,0,3.8,98,12.9716,77.5946
2025-02-15T02:00,20.3,46,19.0,0.0,0.0,0,0,5.5,139,12.9716,77.5946
2025-02-15T03:00,19.8,48,18.4,0.0,0.0,0,0,6.8,138,12.9716,77.5946
2025-02-15T04:00,19.5,47,18.0,0.0,0.0,0,0,6.4,130,12.9716,77.5946
2025-02-15T05:00,19.3,48,17.8,0.0,0.0,0,0,6.1,137,12.9716,77.5946
2025-02-15T06:00,19.2,56,18.5,0.0,0.0,0,0,4.8,132,12.9716,77.5946
2025-02-15T07:00,20.3,53,19.5,0.0,0.0,0,0,6.4,137,12.9716,77.5946
2025-02-15T08:00,23.4,44,22.8,0.0,0.0,0,0,4.3,163,12.9716,77.5946
2025-02-15T09:00,26.0,33,24.9,0.0,0.0,0,0,4.3,158,12.9716,77.5946
2025-02-15T10:00,28.2,26,27.9,0.0,0.0,0,0,4.5,92,12.9716,77.5946
2025-02-15T11:00,29.8,24,29.7,0.0,0.0,0,0,8.6,53,12.9716,77.5946
2025-02-15T12:00,30.5,24,30.4,0.0,0.0,0,0,11.8,44,12.9716,77.5946
2025-02-15T13:00,31.1,23,31.0,0.0,0.0,1,34,11.8,43,12.9716,77.5946
2025-02-15T14:00,31.3,23,30.7,0.0,0.0,3,84,12.6,42,12.9716,77.5946
2025-02-15T15:00,31.0,24,29.6,0.0,0.0,2,57,12.9,47,12.9716,77.5946
2025-02-15T16:00,30.9,23,28.7,0.0,0.0,1,41,10.4,46,12.9716,77.5946
2025-02-15T17:00,30.0,24,27.4,0.0,0.0,2,73,12.5,45,12.9716,77.5946
2025-02-15T18:00,28.5,27,26.3,0.0,0.0,0,0,10.8,38,12.9716,77.5946
2025-02-15T19:00,27.5,28,25.5,0.0,0.0,0,0,9.5,39,12.9716,77.5946
2025-02-15T20:00,26.5,30,24.8,0.0,0.0,0,0,7.7,54,12.9716,77.5946
2025-02-15T21:00,25.1,36,23.3,0.0,0.0,0,0,10.0,77,12.9716,77.5946
2025-02-15T22:00,24.5,39,23.0,0.0,0.0,0,0,9.4,95,12.9716,77.5946
2025-02-15T23:00,23.6,41,21.8,0.0,0.0,0,0,11.1,99,12.9716,77.5946
2025-02-16T00:00,22.0,48,20.3,0.0,0.0,0,0,12.2,104,12.9716,77.5946
2025-02-16T01:00,20.9,52,19.5,0.0,0.0,0,0,10.7,104,12.9716,77.5946
2025-02-16T02:00,20.0,55,18.8,0.0,0.0,0,0,9.7,101,12.9716,77.5946
2025-02-16T03:00,19.4,58,18.5,0.0,0.0,0,0,8.3,95,12.9716,77.5946
2025-02-16T04:00,19.1,59,18.3,0.0,0.0,0,0,7.4,104,12.9716,77.5946
2025-02-16T05:00,18.8,61,18.2,0.0,0.0,0,0,6.3,110,12.9716,77.5946
2025-02-16T06:00,18.9,65,18.4,0.0,0.0,1,26,7.2,103,12.9716,77.5946
2025-02-16T07:00,19.7,62,19.3,0.0,0.0,2,66,6.7,90,12.9716,77.5946
2025-02-16T08:00,22.4,53,22.5,0.0,0.0,3,99,4.4,102,12.9716,77.5946
2025-02-16T09:00,25.4,39,24.6,0.0,0.0,3,91,6.1,93,12.9716,77.5946
2025-02-16T10:00,27.6,29,26.9,0.0,0.0,3,82,7.8,77,12.9716,77.5946
2025-02-16T11:00,29.3,24,29.0,0.0,0.0,2,69,9.3,63,12.9716,77.5946
2025-02-16T12:00,30.5,21,30.4,0.0,0.0,2,52,9.9,68,12.9716,77.5946
2025-02-16T13:00,31.5,18,30.9,0.0,0.0,2,75,11.0,66,12.9716,77.5946
2025-02-16T14:00,31.9,16,30.4,0.0,0.0,3,85,12.5,60,12.9716,77.5946
2025-02-16T15:00,31.5,18,29.5,0.0,0.0,3,85,12.2,57,12.9716,77.5946
2025-02-16T16:00,30.8,21,28.0,0.0,0.0,3,81,11.5,60,12.9716,77.5946
2025-02-16T17:00,29.8,23,27.2,0.0,0.0,3,84,10.8,64,12.9716,77.5946
2025-02-16T18:00,28.5,26,26.4,0.0,0.0,0,0,8.9,77,12.9716,77.5946
2025-02-16T19:00,27.4,29,25.6,0.0,0.0,0,0,8.8,89,12.9716,77.5946
2025-02-16T20:00,25.9,35,24.1,0.0,0.0,0,0,11.0,86,12.9716,77.5946
2025-02-16T21:00,24.6,40,23.1,0.0,0.0,0,0,10.3,95,12.9716,77.5946
2025-02-16T22:00,23.8,42,22.0,0.0,0.0,0,0,12.6,101,12.9716,77.5946
2025-02-16T23:00,22.5,49,20.9,0.0,0.0,0,0,14.0,98,12.9716,77.5946
2025-02-17T00:00,21.2,57,20.2,0.0,0.0,0,0,12.3,104,12.9716,77.5946
2025-02-17T01:00,20.5,62,19.7,0.0,0.0,0,0,11.3,97,12.9716,77.5946
2025-02-17T02:00,19.7,66,19.1,0.0,0.0,0,0,11.0,93,12.9716,77.5946
2025-02-17T03:00,19.1,70,18.7,0.0,0.0,0,0,10.3,93,12.9716,77.5946
2025-02-17T04:00,18.7,71,18.3,0.0,0.0,0,0,9.7,93,12.9716,77.5946
2025-02-17T05:00,18.4,71,18.0,0.0,0.0,0,0,9.8,96,12.9716,77.5946
2025-02-17T06:00,18.3,76,18.2,0.0,0.0,0,0,9.6,99,12.9716,77.5946
2025-02-17T07:00,18.9,73,18.8,0.0,0.0,0,0,9.2,96,12.9716,77.5946
2025-02-17T08:00,21.7,60,21.7,0.0,0.0,0,0,7.5,107,12.9716,77.5946
2025-02-17T09:00,24.8,41,23.7,0.0,0.0,0,0,8.7,111,12.9716,77.5946
2025-02-17T10:00,27.2,29,26.2,0.0,0.0,0,0,9.4,108,12.9716,77.5946
2025-02-17T11:00,29.1,22,28.3,0.0,0.0,0,16,10.2,97,12.9716,77.5946
2025-02-17T12:00,30.2,21,29.9,0.0,0.0,1,23,10.7,85,12.9716,77.5946
2025-02-17T13:00,31.0,20,30.8,0.0,0.0,1,26,10.4,81,12.9716,77.5946
2025-02-17T14:00,31.8,17,30.7,0.0,0.0,1,47,10.8,75,12.9716,77.5946
2025-02-17T15:00,31.7,16,29.3,0.0,0.0,1,44,12.2,66,12.9716,77.5946
2025-02-17T16:00,30.6,19,27.2,0.0,0.0,1,22,13.6,59,12.9716,77.5946
2025-02-17T17:00,29.2,23,26.3,0.0,0.0,0,1,12.6,65,12.9716,77.5946
2025-02-17T18:00,28.1,26,25.7,0.0,0.0,0,0,10.3,71,12.9716,77.5946
2025-02-17T19:00,26.8,29,24.6,0.0,0.0,0,0,10.3,101,12.9716,77.5946
2025-02-17T20:00,25.1,36,23.1,0.0,0.0,0,0,11.4,106,12.9716,77.5946
2025-02-17T21:00,24.2,42,22.8,0.0,0.0,0,0,10.2,104,12.9716,77.5946
2025-02-17T22:00,23.6,46,22.5,0.0,0.0,0,0,9.9,106,12.9716,77.5946
2025-02-17T23:00,22.7,48,21.5,0.0,0.0,0,0,10.7,112,12.9716,77.5946
2025-02-18T00:00,21.7,54,20.8,0.0,0.0,0,0,9.7,115,12.9716,77.5946
2025-02-18T01:00,20.7,63,20.4,0.0,0.0,0,0,8.9,111,12.9716,77.5946
2025-02-18T02:00,19.9,70,20.1,0.0,0.0,0,0,7.9,107,12.9716,77.5946
2025-02-18T03:00,19.3,75,19.8,0.0,0.0,0,0,7.6,102,12.9716,77.5946
2025-02-18T04:00,18.8,79,19.5,0.0,0.0,0,0,7.3,101,12.9716,77.5946
2025-02-18T05:00,18.4,83,19.2,0.0,0.0,0,0,7.2,103,12.9716,77.5946
2025-02-18T06:00,18.3,83,19.0,0.0,0.0,0,0,8.1,102,12.9716,77.5946
2025-02-18T07:00,19.0,81,19.8,0.0,0.0,0,0,7.8,98,12.9716,77.5946
2025-02-18T08:00,22.1,67,23.3,0.0,0.0,0,0,4.4,109,12.9716,77.5946
2025-02-18T09:00,25.7,38,24.9,0.0,0.0,0,0,5.6,121,12.9716,77.5946
2025-02-18T10:00,28.2,21,26.6,0.0,0.0,1,36,8.0,104,12.9716,77.5946
2025-02-18T11:00,29.8,17,28.3,0.0,0.0,3,93,10.5,93,12.9716,77.5946
2025-02-18T12:00,30.6,18,29.6,0.0,0.0,3,94,11.7,86,12.9716,77.5946
2025-02-18T13:00,31.2,17,30.5,0.0,0.0,3,99,11.0,90,12.9716,77.5946
2025-02-18T14:00,31.7,17,30.6,0.0,0.0,3,100,10.4,92,12.9716,77.5946
2025-02-18T15:00,31.6,17,29.4,0.0,0.0,3,98,11.8,83,12.9716,77.5946
2025-02-18T16:00,30.9,18,27.4,0.0,0.0,1,39,13.7,71,12.9716,77.5946
2025-02-18T17:00,29.7,19,26.0,0.0,0.0,0,0,14.9,69,12.9716,77.5946
2025-02-18T18:00,28.2,22,25.2,0.0,0.0,0,0,11.2,75,12.9716,77.5946
2025-02-18T19:00,26.5,28,24.1,0.0,0.0,0,0,9.9,112,12.9716,77.5946
2025-02-18T20:00,24.9,39,23.3,0.0,0.0,0,0,10.6,114,12.9716,77.5946
2025-02-18T21:00,23.9,45,22.7,0.0,0.0,0,0,10.5,117,12.9716,77.5946
2025-02-18T22:00,23.2,51,22.4,0.0,0.0,0,0,10.7,121,12.9716,77.5946
2025-02-18T23:00,22.7,53,21.9,0.0,0.0,0,0,10.7,115,12.9716,77.5946
2025-02-19T00:00,22.0,55,21.3,0.0,0.0,0,0,10.4,107,12.9716,77.5946
2025-02-19T01:00,21.2,60,20.6,0.0,0.0,0,0,10.4,105,12.9716,77.5946
2025-02-19T02:00,20.6,64,20.4,0.0,0.0,0,0,9.6,104,12.9716,77.5946
2025-02-19T03:00,20.0,68,20.0,0.0,0.0,0,0,8.6,110,12.9716,77.5946
2025-02-19T04:00,19.5,71,19.8,0.0,0.0,0,0,7.0,113,12.9716,77.5946
2025-02-19T05:00,19.0,73,19.3,0.0,0.0,0,0,6.4,117,12.9716,77.5946
2025-02-19T06:00,18.9,76,19.4,0.0,0.0,1,27,6.7,117,12.9716,77.5946
2025-02-19T07:00,19.7,72,20.1,0.0,0.0,3,88,7.1,120,12.9716,77.5946
2025-02-19T08:00,23.0,55,23.5,0.0,0.0,2,55,4.4,128,12.9716,77.5946
2025-02-19T09:00,26.6,36,25.8,0.0,0.0,0,11,6.2,120,12.9716,77.5946
2025-02-19T10:00,29.3,23,28.0,0.0,0.0,1,25,8.6,102,12.9716,77.5946
2025-02-19T11:00,30.8,20,30.0,0.0,0.0,0,0,10.1,84,12.9716,77.5946
2025-02-19T12:00,31.7,20,31.5,0.0,0.0,0,0,10.6,76,12.9716,77.5946
2025-02-19T13:00,32.4,19,32.3,0.0,0.0,0,0,10.2,77,12.9716,77.5946
2025-02-19T14:00,32.9,18,32.0,0.0,0.0,0,0,11.0,75,12.9716,77.5946
2025-02-19T15:00,32.3,19,30.4,0.0,0.0,0,0,13.1,71,12.9716,77.5946
2025-02-19T16:00,31.5,20,28.6,0.0,0.0,0,0,12.8,73,12.9716,77.5946
2025-02-19T17:00,30.6,23,28.2,0.0,0.0,0,0,11.0,79,12.9716,77.5946
2025-02-19T18:00,29.3,25,27.1,0.0,0.0,0,0,9.9,85,12.9716,77.5946
2025-02-19T19:00,28.5,27,26.4,0.0,0.0,0,0,10.1,92,12.9716,77.5946
2025-02-19T20:00,26.8,32,24.7,0.0,0.0,0,0,11.2,106,12.9716,77.5946
2025-02-19T21:00,25.1,37,23.3,0.0,0.0,0,0,11.5,115,12.9716,77.5946
2025-02-19T22:00,24.3,40,22.5,0.0,0.0,0,0,11.4,113,12.9716,77.5946
2025-02-19T23:00,23.3,47,22.1,0.0,0.0,0,0,11.4,113,12.9716,77.5946
2025-02-20T00:00,22.0,59,22.0,0.0,0.0,0,0,8.4,113,12.9716,77.5946
2025-02-20T01:00,21.1,68,21.5,0.0,0.0,0,0,8.3,124,12.9716,77.5946
2025-02-20T02:00,20.5,73,21.3,0.0,0.0,0,0,7.4,124,12.9716,77.5946
2025-02-20T03:00,20.0,76,20.7,0.0,0.0,0,0,7.4,129,12.9716,77.5946
2025-02-20T04:00,19.7,76,20.4,0.0,0.0,0,0,7.4,131,12.9716,77.5946
2025-02-20T05:00,19.5,75,20.2,0.0,0.0,0,0,6.9,131,12.9716,77.5946
2025-02-20T06:00,19.7,78,20.7,0.0,0.0,0,0,7.0,134,12.9716,77.5946
2025-02-20T07:00,20.6,73,21.5,0.0,0.0,0,0,6.5,134,12.9716,77.5946
2025-02-20T08:00,23.4,59,24.3,0.0,0.0,0,0,5.0,154,12.9716,77.5946
2025-02-20T09:00,26.2,44,26.0,0.0,0.0,0,0,7.3,136,12.9716,77.5946
2025-02-20T10:00,28.6,33,28.4,0.0,0.0,0,0,9.3,119,12.9716,77.5946
2025-02-20T11:00,30.3,28,30.4,0.0,0.0,0,0,10.7,102,12.9716,77.5946
2025-02-20T12:00,31.4,25,31.9,0.0,0.0,0,0,11.4,85,12.9716,77.5946
2025-02-20T13:00,32.1,24,32.4,0.0,0.0,0,0,11.7,81,12.9716,77.5946
2025-02-20T14:00,32.7,20,32.2,0.0,0.0,0,0,11.7,80,12.9716,77.5946
2025-02-20T15:00,32.4,20,30.7,0.0,0.0,0,0,13.3,72,12.9716,77.5946
2025-02-20T16:00,31.5,22,28.4,0.0,0.0,0,0,15.3,69,12.9716,77.5946
2025-02-20T17:00,30.4,23,27.6,0.0,0.0,0,1,13.8,75,12.9716,77.5946
2025-02-20T18:00,28.8,24,26.0,0.0,0.0,0,6,12.1,84,12.9716,77.5946
2025-02-20T19:00,27.5,31,25.5,0.0,0.0,0,5,11.5,99,12.9716,77.5946
2025-02-20T20:00,25.9,40,24.4,0.0,0.0,0,1,12.6,109,12.9716,77.5946
2025-02-20T21:00,25.0,43,23.8,0.0,0.0,0,1,11.4,106,12.9716,77.5946
2025-02-20T22:00,24.2,46,23.2,0.0,0.0,0,0,10.6,113,12.9716,77.5946
2025-02-20T23:00,23.2,51,22.6,0.0,0.0,0,0,9.6,123,12.9716,77.5946
2025-02-21T00:00,22.3,56,21.7,0.0,0.0,0,0,10.2,122,12.9716,77.5946
2025-02-21T01:00,21.3,60,20.9,0.0,0.0,0,0,9.3,115,12.9716,77.5946
2025-02-21T02:00,20.3,66,20.3,0.0,0.0,0,0,7.9,102,12.9716,77.5946
2025-02-21T03:00,19.6,70,19.8,0.0,0.0,0,0,7.5,105,12.9716,77.5946
2025-02-21T04:00,19.0,75,19.3,0.0,0.0,0,0,7.4,112,12.9716,77.5946
2025-02-21T05:00,18.5,78,19.1,0.0,0.0,0,0,6.8,107,12.9716,77.5946
2025-02-21T06:00,18.6,79,19.0,0.0,0.0,0,0,7.7,106,12.9716,77.5946
2025-02-21T07:00,19.3,76,19.7,0.0,0.0,0,0,7.9,101,12.9716,77.5946
2025-02-21T08:00,22.2,63,22.8,0.0,0.0,0,0,6.3,103,12.9716,77.5946
2025-02-21T09:00,25.9,39,24.9,0.0,0.0,0,0,8.3,108,12.9716,77.5946
2025-02-21T10:00,28.5,27,27.4,0.0,0.0,0,0,10.1,102,12.9716,77.5946
2025-02-21T11:00,30.1,23,29.6,0.0,0.0,0,0,11.0,88,12.9716,77.5946
2025-02-21T12:00,31.3,21,31.1,0.0,0.0,0,0,11.5,79,12.9716,77.5946
2025-02-21T13:00,32.1,18,31.5,0.0,0.0,0,0,11.7,75,12.9716,77.5946
2025-02-21T14:00,32.3,17,31.1,0.0,0.0,0,0,12.7,69,12.9716,77.5946
2025-02-21T15:00,31.8,19,29.8,0.0,0.0,0,0,12.8,68,12.9716,77.5946
2025-02-21T16:00,31.1,20,28.1,0.0,0.0,0,0,12.7,69,12.9716,77.5946
2025-02-21T17:00,30.0,24,27.2,0.0,0.0,0,0,13.2,73,12.9716,77.5946
2025-02-21T18:00,28.7,30,26.8,0.0,0.0,0,5,11.7,87,12.9716,77.5946
2025-02-21T19:00,27.4,35,25.6,0.0,0.0,0,3,14.1,94,12.9716,77.5946
2025-02-21T20:00,25.9,41,24.4,0.0,0.0,0,0,13.2,95,12.9716,77.5946
2025-02-21T21:00,25.2,44,23.9,0.0,0.0,0,1,12.6,99,12.9716,77.5946
2025-02-21T22:00,24.4,46,23.1,0.0,0.0,0,1,13.3,98,12.9716,77.5946
2025-02-21T23:00,23.4,51,22.3,0.0,0.0,0,0,12.3,93,12.9716,77.5946
2025-02-22T00:00,22.3,58,21.5,0.0,0.0,0,0,13.0,96,12.9716,77.5946
2025-02-22T01:00,21.3,67,21.2,0.0,0.0,0,0,11.6,96,12.9716,77.5946
2025-02-22T02:00,20.6,73,21.2,0.0,0.0,0,0,9.1,105,12.9716,77.5946
2025-02-22T03:00,19.9,78,20.7,0.0,0.0,0,0,8.0,106,12.9716,77.5946
2025-02-22T04:00,19.3,82,20.4,0.0,0.0,0,12,7.1,99,12.9716,77.5946
2025-02-22T05:00,18.8,86,20.0,0.0,0.0,2,57,6.7,106,12.9716,77.5946
2025-02-22T06:00,18.5,91,20.0,0.0,0.0,0,18,6.7,96,12.9716,77.5946
2025-02-22T07:00,18.8,90,20.4,0.0,0.0,0,17,6.5,98,12.9716,77.5946
2025-02-22T08:00,21.4,73,22.7,0.0,0.0,0,6,5.9,90,12.9716,77.5946
2025-02-22T09:00,25.1,48,25.0,0.0,0.0,0,0,7.8,94,12.9716,77.5946
2025-02-22T10:00,28.1,30,27.2,0.0,0.0,0,0,11.0,91,12.9716,77.5946
2025-02-22T11:00,30.0,27,29.9,0.0,0.0,0,0,11.6,75,12.9716,77.5946
2025-02-22T12:00,31.4,22,31.0,0.0,0.0,0,0,13.2,59,12.9716,77.5946
2025-02-22T13:00,32.2,19,31.2,0.0,0.0,1,49,14.7,47,12.9716,77.5946
2025-02-22T14:00,32.1,21,31.0,0.0,0.0,3,92,14.4,44,12.9716,77.5946
2025-02-22T15:00,32.1,20,30.3,0.0,0.0,3,91,12.6,47,12.9716,77.5946
2025-02-22T16:00,31.7,18,28.4,0.0,0.0,3,82,14.3,44,12.9716,77.5946
2025-02-22T17:00,30.5,20,27.0,0.0,0.0,2,76,16.4,40,12.9716,77.5946
2025-02-22T18:00,29.0,24,25.9,0.0,0.0,0,0,14.7,33,12.9716,77.5946
2025-02-22T19:00,28.1,26,26.0,0.0,0.0,0,0,8.7,37,12.9716,77.5946
2025-02-22T20:00,27.1,28,25.4,0.0,0.0,0,1,6.3,75,12.9716,77.5946
2025-02-22T21:00,25.9,35,24.2,0.0,0.0,0,1,9.6,93,12.9716,77.5946
2025-02-22T22:00,24.5,42,22.9,0.0,0.0,0,0,12.3,96,12.9716,77.5946
2025-02-22T23:00,23.3,47,21.9,0.0,0.0,0,0,13.0,107,12.9716,77.5946
2025-02-23T00:00,22.6,52,21.7,0.0,0.0,0,0,10.7,102,12.9716,77.5946
2025-02-23T01:00,21.7,57,21.3,0.0,0.0,0,0,8.9,98,12.9716,77.5946
2025-02-23T02:00,21.1,62,21.0,0.0,0.0,0,0,8.0,99,12.9716,77.5946
2025-02-23T03:00,20.6,65,20.7,0.0,0.0,0,0,7.7,93,12.9716,77.5946
2025-02-23T04:00,20.3,69,20.6,0.0,0.0,0,0,7.4,96,12.9716,77.5946
2025-02-23T05:00,19.9,72,20.5,0.0,0.0,0,0,6.7,96,12.9716,77.5946
2025-02-23T06:00,19.8,78,21.1,0.0,0.0,0,0,4.3,114,12.9716,77.5946
2025-02-23T07:00,20.5,74,21.7,0.0,0.0,0,0,4.8,117,12.9716,77.5946
2025-02-23T08:00,23.2,59,24.1,0.0,0.0,0,0,4.3,95,12.9716,77.5946
2025-02-23T09:00,26.6,34,25.4,0.0,0.0,0,0,7.6,93,12.9716,77.5946
2025-02-23T10:00,28.7,27,27.3,0.0,0.0,0,0,12.3,75,12.9716,77.5946
2025-02-23T11:00,30.1,23,28.8,0.0,0.0,0,0,14.8,61,12.9716,77.5946
2025-02-23T12:00,31.2,18,29.2,0.0,0.0,0,0,18.1,53,12.9716,77.5946
2025-02-23T13:00,31.2,20,29.8,0.0,0.0,0,3,17.5,58,12.9716,77.5946
2025-02-23T14:00,31.9,19,29.9,0.0,0.0,0,0,17.0,58,12.9716,77.5946
2025-02-23T15:00,31.9,18,28.8,0.0,0.0,0,11,18.2,58,12.9716,77.5946
2025-02-23T16:00,31.2,18,27.1,0.0,0.0,1,25,17.6,49,12.9716,77.5946
2025-02-23T17:00,30.2,18,26.2,0.0,0.0,0,4,16.6,39,12.9716,77.5946
2025-02-23T18:00,28.8,19,25.1,0.0,0.0,0,5,13.6,66,12.9716,77.5946
2025-02-23T19:00,27.7,21,24.7,0.0,0.0,1,26,9.6,64,12.9716,77.5946
2025-02-23T20:00,26.2,27,23.5,0.0,0.0,0,0,11.3,89,12.9716,77.5946
2025-02-23T21:00,24.8,34,22.3,0.0,0.0,0,0,13.0,94,12.9716,77.5946
2025-02-23T22:00,23.5,38,20.9,0.0,0.0,0,0,14.4,90,12.9716,77.5946
2025-02-23T23:00,22.5,44,20.4,0.0,0.0,0,0,13.7,95,12.9716,77.5946
2025-02-24T00:00,21.6,50,19.8,0.0,0.0,0,0,13.1,99,12.9716,77.5946
2025-02-24T01:00,20.9,54,19.4,0.0,0.0,0,0,12.3,94,12.9716,77.5946
2025-02-24T02:00,20.3,57,19.0,0.0,0.0,0,0,12.5,97,12.9716,77.5946
2025-02-24T03:00,20.0,59,18.7,0.0,0.0,0,0,12.1,93,12.9716,77.5946
2025-02-24T04:00,19.5,60,18.3,0.0,0.0,0,0,11.9,90,12.9716,77.5946
2025-02-24T05:00,19.2,60,17.8,0.0,0.0,0,0,12.2,90,12.9716,77.5946
2025-02-24T06:00,19.3,67,18.5,0.0,0.0,0,0,11.4,93,12.9716,77.5946
2025-02-24T07:00,20.1,60,19.1,0.0,0.0,0,0,11.2,95,12.9716,77.5946
2025-02-24T08:00,22.7,46,21.4,0.0,0.0,0,0,10.3,93,12.9716,77.5946
2025-02-24T09:00,25.7,31,23.1,0.0,0.0,0,0,13.0,90,12.9716,77.5946
2025-02-24T10:00,27.8,24,25.3,0.0,0.0,0,0,15.9,80,12.9716,77.5946
2025-02-24T11:00,29.3,18,26.9,0.0,0.0,0,0,17.2,67,12.9716,77.5946
2025-02-24T12:00,29.9,18,28.1,0.0,0.0,0,0,17.2,65,12.9716,77.5946
2025-02-24T13:00,30.5,17,28.7,0.0,0.0,0,0,16.5,72,12.9716,77.5946
2025-02-24T14:00,30.5,17,28.3,0.0,0.0,0,0,16.6,74,12.9716,77.5946
2025-02-24T15:00,30.2,17,27.3,0.0,0.0,0,0,16.2,78,12.9716,77.5946
2025-02-24T16:00,29.7,19,25.9,0.0,0.0,0,0,15.6,83,12.9716,77.5946
2025-02-24T17:00,28.4,22,24.9,0.0,0.0,0,0,15.1,87,12.9716,77.5946
2025-02-24T18:00,27.1,25,24.2,0.0,0.0,0,0,11.9,89,12.9716,77.5946
2025-02-24T19:00,26.4,29,23.9,0.0,0.0,0,0,11.7,85,12.9716,77.5946
2025-02-24T20:00,25.0,35,22.6,0.0,0.0,0,2,13.5,98,12.9716,77.5946
2025-02-24T21:00,23.8,40,21.5,0.0,0.0,0,2,14.1,96,12.9716,77.5946
2025-02-24T22:00,23.0,46,21.2,0.0,0.0,0,0,13.6,84,12.9716,77.5946
2025-02-24T23:00,21.8,53,20.3,0.0,0.0,0,0,13.2,78,12.9716,77.5946
2025-02-25T00:00,21.0,56,19.8,0.0,0.0,0,0,12.0,83,12.9716,77.5946
2025-02-25T01:00,20.0,64,19.3,0.0,0.0,0,0,10.8,100,12.9716,77.5946
2025-02-25T02:00,19.0,73,18.8,0.0,0.0,0,1,10.2,98,12.9716,77.5946
2025-02-25T03:00,18.4,78,18.3,0.0,0.0,0,0,10.5,94,12.9716,77.5946
2025-02-25T04:00,17.8,81,17.8,0.0,0.0,2,50,10.3,94,12.9716,77.5946
2025-02-25T05:00,17.5,81,17.4,0.0,0.0,2,77,9.7,87,12.9716,77.5946
2025-02-25T06:00,17.7,80,17.5,0.0,0.0,3,100,10.7,81,12.9716,77.5946
2025-02-25T07:00,18.5,74,18.0,0.0,0.0,3,87,11.1,82,12.9716,77.5946
2025-02-25T08:00,20.8,58,20.1,0.0,0.0,2,64,9.6,86,12.9716,77.5946
2025-02-25T09:00,24.0,41,22.1,0.0,0.0,3,89,12.2,91,12.9716,77.5946
2025-02-25T10:00,26.4,30,24.8,0.0,0.0,3,80,13.5,88,12.9716,77.5946
2025-02-25T11:00,28.1,26,27.3,0.0,0.0,2,72,13.3,88,12.9716,77.5946
2025-02-25T12:00,29.2,25,28.9,0.0,0.0,3,93,13.5,92,12.9716,77.5946
2025-02-25T13:00,29.9,25,29.8,0.0,0.0,3,99,13.3,91,12.9716,77.5946
2025-02-25T14:00,30.1,26,29.7,0.0,0.0,3,83,13.4,96,12.9716,77.5946
2025-02-25T15:00,30.0,27,28.6,0.0,0.0,3,89,14.2,97,12.9716,77.5946
2025-02-25T16:00,29.1,29,26.8,0.0,0.0,2,63,14.6,99,12.9716,77.5946
2025-02-25T17:00,28.1,32,26.0,0.0,0.0,3,86,13.7,89,12.9716,77.5946
2025-02-25T18:00,27.1,32,24.9,0.0,0.0,3,86,13.4,83,12.9716,77.5946
2025-02-25T19:00,26.6,34,24.6,0.0,0.0,3,86,12.1,93,12.9716,77.5946
2025-02-25T20:00,24.4,45,22.9,0.0,0.0,2,71,14.5,96,12.9716,77.5946
2025-02-25T21:00,23.4,48,21.8,0.0,0.0,0,2,14.9,101,12.9716,77.5946
2025-02-25T22:00,22.3,51,20.5,0.0,0.0,0,0,15.9,94,12.9716,77.5946
2025-02-25T23:00,21.2,58,19.8,0.0,0.0,0,0,14.4,89,12.9716,77.5946
2025-02-26T00:00,20.3,65,19.5,0.0,0.0,1,31,13.1,88,12.9716,77.5946
2025-02-26T01:00,19.7,70,19.2,0.0,0.0,0,1,12.3,85,12.9716,77.5946
2025-02-26T02:00,19.4,69,18.7,0.0,0.0,1,45,12.4,81,12.9716,77.5946
2025-02-26T03:00,19.1,70,18.3,0.0,0.0,3,84,13.2,80,12.9716,77.5946
2025-02-26T04:00,18.8,69,17.8,0.0,0.0,3,92,13.4,79,12.9716,77.5946
2025-02-26T05:00,18.6,68,17.5,0.0,0.0,3,97,13.0,76,12.9716,77.5946
2025-02-26T06:00,19.1,57,17.1,0.0,0.0,3,92,15.0,79,12.9716,77.5946
2025-02-26T07:00,19.8,53,18.0,0.0,0.0,3,90,12.3,80,12.9716,77.5946
2025-02-26T08:00,22.1,43,19.8,0.0,0.0,3,91,14.0,83,12.9716,77.5946
2025-02-26T09:00,25.1,31,22.0,0.0,0.0,3,87,15.7,85,12.9716,77.5946
2025-02-26T10:00,27.1,29,24.9,0.0,0.0,2,76,17.1,82,12.9716,77.5946
2025-02-26T11:00,28.7,28,27.6,0.0,0.0,2,58,16.9,76,12.9716,77.5946
2025-02-26T12:00,29.8,27,29.2,0.0,0.0,0,0,16.4,78,12.9716,77.5946
2025-02-26T13:00,30.5,26,29.9,0.0,0.0,0,0,16.6,81,12.9716,77.5946
2025-02-26T14:00,30.7,25,29.6,0.0,0.0,0,0,16.8,81,12.9716,77.5946
2025-02-26T15:00,30.4,26,28.6,0.0,0.0,0,0,16.8,80,12.9716,77.5946
2025-02-26T16:00,29.6,29,27.0,0.0,0.0,0,0,16.6,81,12.9716,77.5946
2025-02-26T17:00,28.4,31,25.8,0.0,0.0,0,0,16.4,78,12.9716,77.5946
2025-02-26T18:00,27.0,37,24.9,0.0,0.0,0,8,15.7,74,12.9716,77.5946
2025-02-26T19:00,26.4,38,24.5,0.0,0.0,0,1,14.5,82,12.9716,77.5946
2025-02-26T20:00,25.2,45,23.7,0.0,0.0,0,0,15.5,91,12.9716,77.5946
2025-02-26T21:00,23.9,49,22.2,0.0,0.0,0,0,16.7,84,12.9716,77.5946
2025-02-26T22:00,22.7,50,20.8,0.0,0.0,0,0,16.7,88,12.9716,77.5946
2025-02-26T23:00,21.8,53,20.0,0.0,0.0,0,0,15.8,82,12.9716,77.5946
2025-02-27T00:00,20.9,54,19.2,0.0,0.0,0,0,14.7,79,12.9716,77.5946
2025-02-27T01:00,20.4,52,18.4,0.0,0.0,3,89,13.9,80,12.9716,77.5946
2025-02-27T02:00,19.6,54,17.7,0.0,0.0,2,69,13.6,78,12.9716,77.5946
2025-02-27T03:00,19.2,55,17.2,0.0,0.0,1,48,13.7,77,12.9716,77.5946
2025-02-27T04:00,18.8,55,16.7,0.0,0.0,3,100,13.5,80,12.9716,77.5946
2025-02-27T05:00,18.4,56,16.2,0.0,0.0,2,60,13.3,82,12.9716,77.5946
2025-02-27T06:00,17.9,74,17.1,0.0,0.0,3,90,12.2,82,12.9716,77.5946
2025-02-27T07:00,18.7,69,18.0,0.0,0.0,2,74,11.2,80,12.9716,77.5946
2025-02-27T08:00,21.3,56,20.3,0.0,0.0,3,82,10.9,81,12.9716,77.5946
2025-02-27T09:00,24.5,37,22.3,0.0,0.0,3,86,13.2,85,12.9716,77.5946
2025-02-27T10:00,27.2,25,24.9,0.0,0.0,3,96,15.7,86,12.9716,77.5946
2025-02-27T11:00,28.9,21,27.1,0.0,0.0,3,85,16.4,88,12.9716,77.5946
2025-02-27T12:00,30.0,20,28.7,0.0,0.0,3,100,16.0,89,12.9716,77.5946
2025-02-27T13:00,30.7,19,29.5,0.0,0.0,3,100,15.5,89,12.9716,77.5946
2025-02-27T14:00,30.9,19,29.3,0.0,0.0,3,98,15.3,88,12.9716,77.5946
2025-02-27T15:00,30.6,19,28.1,0.0,0.0,3,99,15.2,86,12.9716,77.5946
2025-02-27T16:00,29.8,21,26.3,0.0,0.0,3,98,14.8,87,12.9716,77.5946
2025-02-27T17:00,28.4,26,25.5,0.0,0.0,3,95,14.9,83,12.9716,77.5946
2025-02-27T18:00,26.8,34,24.9,0.0,0.0,3,88,12.9,74,12.9716,77.5946
2025-02-27T19:00,26.1,39,24.8,0.0,0.0,3,89,10.8,75,12.9716,77.5946
2025-02-27T20:00,25.0,45,24.0,0.0,0.0,3,96,11.2,101,12.9716,77.5946
2025-02-27T21:00,23.9,46,22.4,0.0,0.0,3,86,13.4,105,12.9716,77.5946
2025-02-27T22:00,22.9,45,20.8,0.0,0.0,3,95,14.2,99,12.9716,77.5946
2025-02-27T23:00,21.9,49,20.3,0.0,0.0,3,98,12.5,94,12.9716,77.5946
2025-02-28T00:00,20.8,56,19.7,0.0,0.0,3,96,10.7,95,12.9716,77.5946
2025-02-28T01:00,20.1,60,19.2,0.0,0.0,3,99,10.1,86,12.9716,77.5946
2025-02-28T02:00,19.2,64,18.5,0.0,0.0,3,98,9.7,79,12.9716,77.5946
2025-02-28T03:00,18.5,65,17.6,0.0,0.0,3,99,9.6,77,12.9716,77.5946
2025-02-28T04:00,18.0,64,16.8,0.0,0.0,3,100,10.1,73,12.9716,77.5946
2025-02-28T05:00,17.7,63,16.4,0.0,0.0,3,98,10.4,73,12.9716,77.5946
2025-02-28T06:00,18.2,71,17.5,0.0,0.0,3,94,11.1,77,12.9716,77.5946
2025-02-28T07:00,19.1,67,18.3,0.0,0.0,3,96,11.0,75,12.9716,77.5946
2025-02-28T08:00,21.8,53,20.8,0.0,0.0,3,99,11.1,76,12.9716,77.5946
2025-02-28T09:00,25.0,38,23.0,0.0,0.0,3,100,13.4,83,12.9716,77.5946
2025-02-28T10:00,27.3,32,26.1,0.0,0.0,3,99,13.6,82,12.9716,77.5946
2025-02-28T11:00,29.0,30,28.8,0.0,0.0,3,98,13.1,88,12.9716,77.5946
2025-02-28T12:00,30.3,26,30.7,0.0,0.0,3,99,11.8,77,12.9716,77.5946
2025-02-28T13:00,31.3,23,31.2,0.0,0.0,3,99,12.7,83,12.9716,77.5946
2025-02-28T14:00,31.4,24,31.0,0.0,0.0,3,99,13.2,87,12.9716,77.5946
2025-02-28T15:00,31.2,26,30.1,0.0,0.0,3,100,13.5,92,12.9716,77.5946
2025-02-28T16:00,30.5,28,28.4,0.0,0.0,3,98,13.9,96,12.9716,77.5946
2025-02-28T17:00,29.2,31,27.3,0.0,0.0,2,71,13.8,105,12.9716,77.5946
2025-02-28T18:00,27.8,33,26.1,0.0,0.0,0,2,12.0,102,12.9716,77.5946
2025-02-28T19:00,26.9,38,25.6,0.0,0.0,0,5,11.4,74,12.9716,77.5946
2025-02-28T20:00,25.9,45,25.2,0.0,0.0,1,34,10.4,81,12.9716,77.5946
2025-02-28T21:00,24.7,51,24.0,0.0,0.0,3,88,12.7,105,12.9716,77.5946
2025-02-28T22:00,23.2,60,22.7,0.0,0.0,2,63,14.8,103,12.9716,77.5946
2025-02-28T23:00,22.3,67,22.1,0.0,0.0,2,60,14.8,99,12.9716,77.5946
2025-03-01T00:00,21.2,74,21.3,0.0,0.0,2,61,13.5,99,12.9716,77.5946
2025-03-01T01:00,20.3,81,20.9,0.0,0.0,3,99,11.9,89,12.9716,77.5946
2025-03-01T02:00,19.5,89,20.5,0.0,0.0,3,99,12.1,93,12.9716,77.5946
2025-03-01T03:00,18.8,95,20.1,0.0,0.0,3,100,10.8,85,12.9716,77.5946
2025-03-01T04:00,18.7,97,20.0,0.0,0.0,3,100,10.8,86,12.9716,77.5946
2025-03-01T05:00,18.8,93,20.0,0.0,0.0,2,72,10.3,86,12.9716,77.5946
2025-03-01T06:00,18.9,94,19.9,0.0,0.0,3,100,12.1,94,12.9716,77.5946
2025-03-01T07:00,19.6,88,20.6,0.0,0.0,2,76,11.2,93,12.9716,77.5946
2025-03-01T08:00,21.6,76,22.7,0.0,0.0,2,55,9.6,94,12.9716,77.5946
2025-03-01T09:00,24.3,63,25.1,0.0,0.0,2,54,10.2,97,12.9716,77.5946
2025-03-01T10:00,26.7,53,28.4,0.0,0.0,2,77,10.1,94,12.9716,77.5946
2025-03-01T11:00,28.4,45,30.2,0.0,0.0,2,78,12.8,101,12.9716,77.5946
2025-03-01T12:00,29.8,40,31.4,0.0,0.0,0,18,13.1,111,12.9716,77.5946
2025-03-01T13:00,30.9,36,32.7,0.0,0.0,1,33,12.3,111,12.9716,77.5946
2025-03-01T14:00,31.4,35,32.9,0.0,0.0,2,74,11.6,106,12.9716,77.5946
2025-03-01T15:00,31.4,34,31.9,0.0,0.0,3,100,11.2,108,12.9716,77.5946
2025-03-01T16:00,31.1,35,30.5,0.0,0.0,3,95,12.2,104,12.9716,77.5946
2025-03-01T17:00,30.0,37,29.2,0.0,0.0,3,99,13.3,90,12.9716,77.5946
2025-03-01T18:00,27.6,45,26.9,0.0,0.0,3,90,14.2,88,12.9716,77.5946
2025-03-01T19:00,26.6,49,26.3,0.0,0.0,3,99,13.7,90,12.9716,77.5946
2025-03-01T20:00,25.7,55,25.9,0.0,0.0,0,6,12.7,97,12.9716,77.5946
2025-03-01T21:00,24.6,60,25.1,0.0,0.0,1,30,12.1,96,12.9716,77.5946
2025-03-01T22:00,23.8,64,24.3,0.0,0.0,0,2,12.1,108,12.9716,77.5946
2025-03-01T23:00,22.8,70,23.3,0.0,0.0,0,0,13.8,110,12.9716,77.5946
2025-03-02T00:00,21.9,77,22.6,0.0,0.0,0,0,14.2,108,12.9716,77.5946
2025-03-02T01:00,21.2,82,22.2,0.0,0.0,0,0,13.5,106,12.9716,77.5946
2025-03-02T02:00,20.5,88,21.7,0.0,0.0,1,36,12.7,97,12.9716,77.5946
2025-03-02T03:00,19.7,93,21.2,0.0,0.0,3,100,11.8,98,12.9716,77.5946
2025-03-02T04:00,19.6,95,21.1,0.0,0.0,3,100,11.9,95,12.9716,77.5946
2025-03-02T05:00,19.8,92,21.2,0.0,0.0,2,60,11.5,92,12.9716,77.5946
2025-03-02T06:00,19.6,93,21.1,0.0,0.0,0,19,11.2,88,12.9716,77.5946
2025-03-02T07:00,20.0,90,21.5,0.0,0.0,2,76,10.8,92,12.9716,77.5946
2025-03-02T08:00,22.1,76,23.5,0.0,0.0,3,100,8.8,102,12.9716,77.5946
2025-03-02T09:00,24.8,58,25.7,0.0,0.0,3,100,7.9,102,12.9716,77.5946
2025-03-02T10:00,27.7,40,28.3,0.0,0.0,3,99,8.8,107,12.9716,77.5946
2025-03-02T11:00,29.7,31,30.6,0.0,0.0,3,88,8.8,107,12.9716,77.5946
2025-03-02T12:00,31.0,27,32.1,0.0,0.0,3,98,8.9,104,12.9716,77.5946
2025-03-02T13:00,31.8,25,32.7,0.0,0.0,3,97,9.3,99,12.9716,77.5946
2025-03-02T14:00,32.2,25,32.7,0.0,0.0,1,37,9.5,99,12.9716,77.5946
2025-03-02T15:00,31.9,27,31.9,0.0,0.0,1,25,9.7,100,12.9716,77.5946
2025-03-02T16:00,31.6,29,30.5,0.0,0.0,2,57,9.6,99,12.9716,77.5946
2025-03-02T17:00,30.9,29,29.8,0.0,0.0,3,100,9.2,92,12.9716,77.5946
2025-03-02T18:00,29.6,33,28.8,0.0,0.0,3,100,8.7,107,12.9716,77.5946
2025-03-02T19:00,28.7,33,27.6,0.0,0.0,3,99,9.7,86,12.9716,77.5946
2025-03-02T20:00,27.5,36,26.6,0.0,0.0,3,96,8.6,102,12.9716,77.5946
2025-03-02T21:00,26.7,39,25.9,0.0,0.0,2,72,8.3,101,12.9716,77.5946
2025-03-02T22:00,25.8,43,25.0,0.0,0.0,2,55,9.3,103,12.9716,77.5946
2025-03-02T23:00,24.7,48,24.2,0.0,0.0,3,99,9.8,110,12.9716,77.5946
2025-03-03T00:00,23.6,57,23.6,0.0,0.0,3,93,9.7,112,12.9716,77.5946
2025-03-03T01:00,22.2,72,23.0,0.0,0.0,2,63,11.4,113,12.9716,77.5946
2025-03-03T02:00,21.0,86,22.9,0.0,0.0,1,42,8.7,132,12.9716,77.5946
2025-03-03T03:00,20.4,91,22.8,0.0,0.0,1,49,6.7,164,12.9716,77.5946
2025-03-03T04:00,20.2,91,22.4,0.0,0.0,0,10,6.9,147,12.9716,77.5946
2025-03-03T05:00,20.2,86,22.1,0.0,0.0,0,2,6.6,133,12.9716,77.5946
2025-03-03T06:00,20.7,89,22.8,0.0,0.0,0,0,7.3,121,12.9716,77.5946
2025-03-03T07:00,21.5,81,23.5,0.0,0.0,2,76,6.4,115,12.9716,77.5946
2025-03-03T08:00,24.1,65,25.9,0.0,0.0,3,94,4.9,126,12.9716,77.5946
2025-03-03T09:00,26.9,50,28.1,0.0,0.0,3,94,4.4,117,12.9716,77.5946
2025-03-03T10:00,29.3,37,30.4,0.0,0.0,3,98,6.3,66,12.9716,77.5946
2025-03-03T11:00,31.1,27,31.3,0.0,0.0,3,100,11.2,46,12.9716,77.5946
2025-03-03T12:00,32.4,21,31.9,0.0,0.0,3,100,13.2,45,12.9716,77.5946
2025-03-03T13:00,33.1,19,32.1,0.0,0.0,3,95,14.7,42,12.9716,77.5946
2025-03-03T14:00,33.1,18,31.5,0.0,0.0,3,100,15.3,48,12.9716,77.5946
2025-03-03T15:00,32.9,18,30.1,0.0,0.0,2,73,14.8,48,12.9716,77.5946
2025-03-03T16:00,32.3,18,28.9,0.0,0.0,3,100,15.2,46,12.9716,77.5946
2025-03-03T17:00,31.3,19,28.0,0.0,0.0,3,100,14.5,48,12.9716,77.5946
2025-03-03T18:00,30.2,22,27.6,0.0,0.0,3,100,10.6,50,12.9716,77.5946
2025-03-03T19:00,29.2,23,27.2,0.0,0.0,3,100,6.6,57,12.9716,77.5946
2025-03-03T20:00,27.9,26,26.3,0.0,0.0,3,100,5.3,55,12.9716,77.5946
2025-03-03T21:00,26.9,32,25.5,0.0,0.0,3,100,6.9,84,12.9716,77.5946
2025-03-03T22:00,26.1,39,24.6,0.0,0.0,3,100,12.0,82,12.9716,77.5946
2025-03-03T23:00,25.5,37,23.4,0.0,0.0,3,100,13.6,84,12.9716,77.5946
2025-03-04T00:00,24.2,44,22.9,0.0,0.0,3,100,10.9,97,12.9716,77.5946
2025-03-04T01:00,23.2,50,22.4,0.0,0.0,3,100,10.0,105,12.9716,77.5946
2025-03-04T02:00,22.7,54,22.2,0.0,0.0,3,100,9.3,103,12.9716,77.5946
2025-03-04T03:00,22.3,57,22.0,0.0,0.0,3,100,8.8,99,12.9716,77.5946
2025-03-04T04:00,21.9,59,21.8,0.0,0.0,3,100,7.8,103,12.9716,77.5946
2025-03-04T05:00,21.6,60,21.8,0.0,0.0,3,100,6.8,93,12.9716,77.5946
2025-03-04T06:00,21.6,66,22.2,0.0,0.0,3,100,6.7,93,12.9716,77.5946
2025-03-04T07:00,22.7,61,23.2,0.0,0.0,3,100,7.2,87,12.9716,77.5946
2025-03-04T08:00,25.2,48,25.5,0.0,0.0,3,100,5.4,94,12.9716,77.5946
2025-03-04T09:00,28.5,29,26.8,0.0,0.0,3,100,9.4,82,12.9716,77.5946
2025-03-04T10:00,30.1,25,28.1,0.0,0.0,3,87,15.8,71,12.9716,77.5946
2025-03-04T11:00,31.7,20,30.1,0.0,0.0,1,46,16.9,67,12.9716,77.5946
2025-03-04T12:00,32.3,21,31.2,0.0,0.0,1,26,17.5,66,12.9716,77.5946
2025-03-04T13:00,33.0,20,32.2,0.0,0.0,1,23,16.0,75,12.9716,77.5946
2025-03-04T14:00,33.1,19,31.6,0.0,0.0,2,55,17.0,75,12.9716,77.5946
2025-03-04T15:00,32.7,20,30.6,0.0,0.0,3,100,16.2,80,12.9716,77.5946
2025-03-04T16:00,31.9,22,28.8,0.0,0.0,3,100,16.0,89,12.9716,77.5946
2025-03-04T17:00,31.1,23,28.3,0.0,0.0,3,97,14.6,103,12.9716,77.5946
2025-03-04T18:00,29.6,23,26.8,0.0,0.0,3,100,12.5,84,12.9716,77.5946
2025-03-04T19:00,29.0,25,26.6,0.0,0.0,3,100,10.9,96,12.9716,77.5946
2025-03-04T20:00,27.9,29,25.4,0.0,0.0,3,98,13.4,110,12.9716,77.5946
2025-03-04T21:00,26.7,30,24.3,0.0,0.0,3,100,12.1,107,12.9716,77.5946
2025-03-04T22:00,25.6,31,23.5,0.0,0.0,3,100,9.9,102,12.9716,77.5946
2025-03-04T23:00,24.8,32,22.6,0.0,0.0,3,100,9.6,103,12.9716,77.5946
2025-03-05T00:00,24.0,34,21.8,0.0,0.0,3,100,10.4,108,12.9716,77.5946
2025-03-05T01:00,23.5,36,21.4,0.0,0.0,3,100,10.2,111,12.9716,77.5946
2025-03-05T02:00,23.0,39,21.3,0.0,0.0,3,100,8.3,110,12.9716,77.5946
2025-03-05T03:00,22.7,41,21.3,0.0,0.0,3,100,6.9,107,12.9716,77.5946
2025-03-05T04:00,22.5,41,21.1,0.0,0.0,3,99,7.4,112,12.9716,77.5946
2025-03-05T05:00,22.0,43,20.9,0.0,0.0,3,100,5.7,114,12.9716,77.5946
2025-03-05T06:00,21.7,50,21.0,0.0,0.0,3,100,6.1,118,12.9716,77.5946
2025-03-05T07:00,23.0,45,22.0,0.0,0.0,3,100,7.7,120,12.9716,77.5946
2025-03-05T08:00,26.3,36,25.4,0.0,0.0,3,99,5.7,134,12.9716,77.5946
2025-03-05T09:00,28.9,26,26.8,0.0,0.0,3,100,8.9,126,12.9716,77.5946
2025-03-05T10:00,30.7,21,29.1,0.0,0.0,3,100,11.0,93,12.9716,77.5946
2025-03-05T11:00,31.5,21,30.6,0.0,0.0,3,100,12.9,71,12.9716,77.5946
2025-03-05T12:00,33.2,17,32.6,0.0,0.0,3,100,11.8,71,12.9716,77.5946
2025-03-05T13:00,33.1,19,32.1,0.0,0.0,3,100,16.1,57,12.9716,77.5946
2025-03-05T14:00,33.0,20,32.5,0.0,0.0,2,53,11.5,68,12.9716,77.5946
2025-03-05T15:00,33.1,21,32.1,0.0,0.0,3,96,10.5,86,12.9716,77.5946
2025-03-05T16:00,32.5,21,30.3,0.0,0.0,3,88,11.1,98,12.9716,77.5946
2025-03-05T17:00,31.8,23,29.5,0.0,0.0,3,100,11.6,105,12.9716,77.5946
2025-03-05T18:00,30.5,23,28.5,0.0,0.0,1,47,8.7,83,12.9716,77.5946
2025-03-05T19:00,29.2,26,27.5,0.0,0.0,1,45,7.3,83,12.9716,77.5946
2025-03-05T20:00,28.3,28,26.9,0.0,0.0,3,92,5.5,81,12.9716,77.5946
2025-03-05T21:00,27.6,29,26.4,0.0,0.0,0,1,4.9,82,12.9716,77.5946
2025-03-05T22:00,26.5,33,25.0,0.0,0.0,0,1,8.0,117,12.9716,77.5946
2025-03-05T23:00,25.0,37,24.1,0.0,0.0,0,5,4.0,98,12.9716,77.5946
2025-03-06T00:00,24.0,39,23.4,0.0,0.0,0,0,3.1,97,12.9716,77.5946
2025-03-06T01:00,23.7,40,22.5,0.0,0.0,0,0,7.1,105,12.9716,77.5946
2025-03-06T02:00,23.2,43,21.8,0.0,0.0,0,0,9.5,122,12.9716,77.5946
2025-03-06T03:00,22.8,46,21.8,0.0,0.0,0,0,8.1,141,12.9716,77.5946
2025-03-06T04:00,22.3,48,21.5,0.0,0.0,1,48,6.9,160,12.9716,77.5946
2025-03-06T05:00,22.1,47,21.4,0.0,0.0,0,15,5.4,150,12.9716,77.5946
2025-03-06T06:00,21.9,53,21.8,0.0,0.0,0,0,4.2,168,12.9716,77.5946
2025-03-06T07:00,23.1,48,22.6,0.0,0.0,0,0,5.9,191,12.9716,77.5946
2025-03-06T08:00,25.1,45,25.0,0.0,0.0,0,0,5.6,213,12.9716,77.5946
2025-03-06T09:00,27.7,37,27.4,0.0,0.0,0,0,5.8,219,12.9716,77.5946
2025-03-06T10:00,29.7,30,30.7,0.0,0.0,0,0,3.1,216,12.9716,77.5946
2025-03-06T11:00,31.6,25,33.3,0.0,0.0,0,4,2.2,24,12.9716,77.5946
2025-03-06T12:00,32.8,22,34.0,0.0,0.0,0,7,6.9,30,12.9716,77.5946
2025-03-06T13:00,33.3,22,33.6,0.0,0.0,0,7,11.5,29,12.9716,77.5946
2025-03-06T14:00,33.1,21,32.7,0.0,0.0,0,3,12.2,28,12.9716,77.5946
2025-03-06T15:00,33.2,21,32.3,0.0,0.0,2,64,9.8,47,12.9716,77.5946
2025-03-06T16:00,32.9,19,30.0,0.0,0.0,3,90,13.2,55,12.9716,77.5946
2025-03-06T17:00,31.5,19,28.1,0.0,0.0,3,85,15.3,46,12.9716,77.5946
2025-03-06T18:00,30.3,24,28.0,0.0,0.0,2,75,11.6,44,12.9716,77.5946
2025-03-06T19:00,29.2,26,27.3,0.0,0.0,3,94,9.2,59,12.9716,77.5946
2025-03-06T20:00,28.3,26,26.3,0.0,0.0,3,89,8.2,71,12.9716,77.5946
2025-03-06T21:00,27.3,27,25.9,0.0,0.0,3,88,4.0,51,12.9716,77.5946
2025-03-06T22:00,25.7,31,24.5,0.0,0.0,3,95,3.0,17,12.9716,77.5946
2025-03-06T23:00,24.7,36,23.9,0.0,0.0,3,97,2.6,12,12.9716,77.5946
2025-03-07T00:00,24.0,36,23.0,0.0,0.0,3,99,2.8,79,12.9716,77.5946
2025-03-07T01:00,23.1,37,21.3,0.0,0.0,3,97,8.4,101,12.9716,77.5946
2025-03-07T02:00,22.0,47,20.9,0.0,0.0,3,81,8.0,98,12.9716,77.5946
2025-03-07T03:00,21.6,52,20.8,0.0,0.0,3,94,7.7,90,12.9716,77.5946
2025-03-07T04:00,21.1,56,20.6,0.0,0.0,3,83,7.6,89,12.9716,77.5946
2025-03-07T05:00,20.5,59,20.2,0.0,0.0,3,94,6.8,108,12.9716,77.5946
2025-03-07T06:00,20.3,63,20.2,0.0,0.0,1,24,7.2,108,12.9716,77.5946
2025-03-07T07:00,20.9,60,21.0,0.0,0.0,2,51,5.1,129,12.9716,77.5946
2025-03-07T08:00,23.5,54,24.0,0.0,0.0,3,93,4.1,146,12.9716,77.5946
2025-03-07T09:00,26.7,40,26.7,0.0,0.0,3,93,4.9,147,12.9716,77.5946
2025-03-07T10:00,29.3,27,29.6,0.0,0.0,2,73,4.1,124,12.9716,77.5946
2025-03-07T11:00,31.3,19,32.1,0.0,0.0,2,78,3.0,65,12.9716,77.5946
2025-03-07T12:00,32.9,14,33.1,0.0,0.0,3,97,5.7,35,12.9716,77.5946
2025-03-07T13:00,33.8,12,33.1,0.0,0.0,3,94,8.7,32,12.9716,77.5946
2025-03-07T14:00,34.0,10,32.3,0.0,0.0,3,96,10.8,30,12.9716,77.5946
2025-03-07T15:00,34.0,10,31.4,0.0,0.0,3,98,10.8,28,12.9716,77.5946
2025-03-07T16:00,33.7,10,29.9,0.0,0.0,3,81,9.7,31,12.9716,77.5946
2025-03-07T17:00,32.4,11,28.1,0.0,0.0,1,27,12.4,39,12.9716,77.5946
2025-03-07T18:00,30.6,12,26.6,0.0,0.0,0,1,10.6,39,12.9716,77.5946
2025-03-07T19:00,29.0,14,25.6,0.0,0.0,0,0,8.0,52,12.9716,77.5946
2025-03-07T20:00,27.5,16,24.6,0.0,0.0,0,0,4.2,25,12.9716,77.5946
2025-03-07T21:00,26.0,18,23.3,0.0,0.0,0,0,3.6,27,12.9716,77.5946
2025-03-07T22:00,25.5,19,22.5,0.0,0.0,0,0,5.7,58,12.9716,77.5946
2025-03-07T23:00,24.8,20,22.0,0.0,0.0,0,0,5.0,77,12.9716,77.5946
2025-03-08T00:00,24.2,21,20.8,0.0,0.0,0,0,8.6,92,12.9716,77.5946
2025-03-08T01:00,22.2,29,19.1,0.0,0.0,0,0,11.2,108,12.9716,77.5946
2025-03-08T02:00,21.2,38,18.8,0.0,0.0,0,0,9.5,117,12.9716,77.5946
2025-03-08T03:00,20.4,46,18.7,0.0,0.0,0,0,8.6,123,12.9716,77.5946
2025-03-08T04:00,20.0,50,18.5,0.0,0.0,0,0,8.4,124,12.9716,77.5946
2025-03-08T05:00,19.7,52,18.3,0.0,0.0,0,0,8.5,132,12.9716,77.5946
2025-03-08T06:00,19.9,56,19.3,0.0,0.0,0,0,6.0,139,12.9716,77.5946
2025-03-08T07:00,21.3,52,20.8,0.0,0.0,2,59,5.5,139,12.9716,77.5946
2025-03-08T08:00,23.5,64,24.9,0.0,0.0,2,56,5.7,198,12.9716,77.5946
2025-03-08T09:00,25.9,55,27.1,0.0,0.0,0,4,6.1,214,12.9716,77.5946
2025-03-08T10:00,28.2,42,30.2,0.0,0.0,0,0,5.3,225,12.9716,77.5946
2025-03-08T11:00,30.3,33,33.1,0.0,0.0,0,0,2.7,238,12.9716,77.5946
2025-03-08T12:00,32.3,25,34.8,0.0,0.0,0,0,2.3,309,12.9716,77.5946
2025-03-08T13:00,33.8,17,34.6,0.0,0.0,0,0,5.4,8,12.9716,77.5946
2025-03-08T14:00,34.2,15,33.5,0.0,0.0,0,0,9.5,22,12.9716,77.5946
2025-03-08T15:00,33.9,15,31.9,0.0,0.0,0,0,11.1,27,12.9716,77.5946
2025-03-08T16:00,33.5,14,30.4,0.0,0.0,0,0,9.3,29,12.9716,77.5946
2025-03-08T17:00,32.6,14,29.1,0.0,0.0,0,0,10.6,46,12.9716,77.5946
2025-03-08T18:00,30.9,14,27.4,0.0,0.0,0,0,9.4,45,12.9716,77.5946
2025-03-08T19:00,29.5,17,26.3,0.0,0.0,0,0,8.9,63,12.9716,77.5946
2025-03-08T20:00,28.1,23,25.4,0.0,0.0,0,0,9.5,75,12.9716,77.5946
2025-03-08T21:00,27.2,28,24.9,0.0,0.0,0,0,9.6,87,12.9716,77.5946
2025-03-08T22:00,26.2,28,24.1,0.0,0.0,0,0,7.9,106,12.9716,77.5946
2025-03-08T23:00,24.2,32,22.8,0.0,0.0,0,0,3.1,77,12.9716,77.5946
2025-03-09T00:00,23.4,34,21.6,0.0,0.0,0,0,6.2,68,12.9716,77.5946
2025-03-09T01:00,22.3,39,20.8,0.0,0.0,0,0,6.4,106,12.9716,77.5946
2025-03-09T02:00,21.4,46,20.0,0.0,0.0,0,0,8.1,121,12.9716,77.5946
2025-03-09T03:00,20.8,55,19.8,0.0,0.0,0,0,9.8,125,12.9716,77.5946
2025-03-09T04:00,20.5,59,19.7,0.0,0.0,0,0,10.0,116,12.9716,77.5946
2025-03-09T05:00,20.2,59,19.3,0.0,0.0,0,14,9.8,110,12.9716,77.5946
2025-03-09T06:00,20.1,66,20.0,0.0,0.0,1,27,8.2,112,12.9716,77.5946
2025-03-09T07:00,21.2,61,21.1,0.0,0.0,3,83,8.0,110,12.9716,77.5946
2025-03-09T08:00,24.2,48,24.0,0.0,0.0,3,89,6.7,109,12.9716,77.5946
2025-03-09T09:00,27.7,30,26.1,0.0,0.0,3,85,8.3,103,12.9716,77.5946
2025-03-09T10:00,30.3,20,28.8,0.0,0.0,2,63,10.5,94,12.9716,77.5946
2025-03-09T11:00,31.9,18,31.1,0.0,0.0,3,86,11.8,82,12.9716,77.5946
2025-03-09T12:00,33.1,15,31.9,0.0,0.0,3,91,13.7,77,12.9716,77.5946
2025-03-09T13:00,33.7,13,32.2,0.0,0.0,3,96,14.6,74,12.9716,77.5946
2025-03-09T14:00,33.5,14,31.5,0.0,0.0,3,96,15.0,73,12.9716,77.5946
2025-03-09T15:00,33.0,15,30.2,0.0,0.0,3,93,15.1,81,12.9716,77.5946
2025-03-09T16:00,32.2,15,28.4,0.0,0.0,3,80,15.3,89,12.9716,77.5946
2025-03-09T17:00,30.8,19,27.2,0.0,0.0,2,61,15.3,91,12.9716,77.5946
2025-03-09T18:00,29.4,23,26.5,0.0,0.0,1,34,13.3,92,12.9716,77.5946
2025-03-09T19:00,28.2,26,25.6,0.0,0.0,0,5,12.2,92,12.9716,77.5946
2025-03-09T20:00,26.9,30,24.4,0.0,0.0,0,9,12.7,98,12.9716,77.5946
2025-03-09T21:00,25.9,36,23.4,0.0,0.0,0,0,16.7,92,12.9716,77.5946
2025-03-09T22:00,24.3,49,22.9,0.0,0.0,0,0,15.8,97,12.9716,77.5946
2025-03-09T23:00,22.8,64,22.5,0.0,0.0,0,0,15.2,101,12.9716,77.5946
2025-03-10T00:00,21.4,75,21.7,0.0,0.0,0,0,14.5,101,12.9716,77.5946
2025-03-10T01:00,20.3,82,20.8,0.0,0.0,0,0,13.6,102,12.9716,77.5946
2025-03-10T02:00,19.3,88,19.9,0.0,0.0,0,12,13.2,102,12.9716,77.5946
2025-03-10T03:00,18.4,94,19.1,0.0,0.0,3,89,13.3,100,12.9716,77.5946
2025-03-10T04:00,18.2,93,18.8,0.0,0.0,2,65,12.7,97,12.9716,77.5946
2025-03-10T05:00,17.8,93,18.2,0.0,0.0,1,37,12.8,100,12.9716,77.5946
2025-03-10T06:00,17.9,90,18.1,0.0,0.0,0,6,12.9,98,12.9716,77.5946
2025-03-10T07:00,18.6,85,18.8,0.0,0.0,0,4,12.1,94,12.9716,77.5946
2025-03-10T08:00,20.9,69,20.6,0.0,0.0,0,10,13.2,95,12.9716,77.5946
2025-03-10T09:00,24.1,50,23.2,0.0,0.0,0,0,12.3,96,12.9716,77.5946
2025-03-10T10:00,26.9,35,26.3,0.0,0.0,0,0,13.0,100,12.9716,77.5946
2025-03-10T11:00,29.0,27,28.7,0.0,0.0,0,0,13.2,95,12.9716,77.5946
2025-03-10T12:00,30.6,23,30.2,0.0,0.0,0,0,14.4,89,12.9716,77.5946
2025-03-10T13:00,31.4,21,30.7,0.0,0.0,0,0,15.6,84,12.9716,77.5946
2025-03-10T14:00,31.6,22,30.5,0.0,0.0,1,41,16.3,83,12.9716,77.5946
2025-03-10T15:00,31.3,24,29.5,0.0,0.0,1,42,16.9,83,12.9716,77.5946
2025-03-10T16:00,30.6,26,28.0,0.0,0.0,1,28,15.4,79,12.9716,77.5946
2025-03-10T17:00,29.3,28,26.7,0.0,0.0,0,9,16.3,77,12.9716,77.5946
2025-03-10T18:00,27.6,36,26.0,0.0,0.0,0,1,13.7,80,12.9716,77.5946
2025-03-10T19:00,26.8,38,25.6,0.0,0.0,0,16,11.0,79,12.9716,77.5946
2025-03-10T20:00,26.0,39,24.6,0.0,0.0,2,58,11.2,84,12.9716,77.5946
2025-03-10T21:00,25.2,41,23.7,0.0,0.0,3,82,12.3,96,12.9716,77.5946
2025-03-10T22:00,24.1,45,22.5,0.0,0.0,3,94,13.7,92,12.9716,77.5946
2025-03-10T23:00,22.5,56,21.3,0.0,0.0,3,87,14.4,89,12.9716,77.5946
2025-03-11T00:00,21.0,69,21.0,0.0,0.0,3,100,11.2,79,12.9716,77.5946
2025-03-11T01:00,19.9,78,20.4,0.0,0.0,3,100,11.1,73,12.9716,77.5946
2025-03-11T02:00,19.0,85,19.6,0.0,0.0,3,100,11.4,74,12.9716,77.5946
2025-03-11T03:00,18.8,82,19.2,0.0,0.0,3,100,10.0,62,12.9716,77.5946
2025-03-11T04:00,18.6,78,18.5,0.0,0.0,3,100,10.6,67,12.9716,77.5946
2025-03-11T05:00,18.2,74,17.6,0.0,0.0,1,36,12.0,69,12.9716,77.5946
2025-03-11T06:00,18.5,86,18.8,0.0,0.0,2,68,12.5,75,12.9716,77.5946
2025-03-11T07:00,19.5,73,19.1,0.0,0.0,0,9,13.4,78,12.9716,77.5946
2025-03-11T08:00,21.6,64,21.6,0.0,0.0,0,7,10.3,79,12.9716,77.5946
2025-03-11T09:00,25.0,46,24.2,0.0,0.0,2,70,11.4,85,12.9716,77.5946
2025-03-11T10:00,27.6,35,26.8,0.0,0.0,3,98,14.8,84,12.9716,77.5946
2025-03-11T11:00,29.6,28,28.6,0.0,0.0,3,96,18.2,87,12.9716,77.5946
2025-03-11T12:00,29.9,36,30.6,0.0,0.0,3,93,17.7,94,12.9716,77.5946
2025-03-11T13:00,31.2,35,31.9,0.0,0.0,3,100,18.1,84,12.9716,77.5946
2025-03-11T14:00,28.8,44,27.8,0.9,0.9,53,99,21.6,97,12.9716,77.5946
2025-03-11T15:00,29.0,46,28.3,0.6,0.6,53,49,19.7,86,12.9716,77.5946
2025-03-11T16:00,26.7,59,26.8,0.8,0.8,53,58,18.8,95,12.9716,77.5946
2025-03-11T17:00,26.8,57,26.8,0.0,0.0,2,76,18.1,85,12.9716,77.5946
2025-03-11T18:00,26.0,59,26.0,0.1,0.1,51,64,18.1,96,12.9716,77.5946
2025-03-11T19:00,21.9,81,22.5,0.1,0.1,51,40,16.6,108,12.9716,77.5946
2025-03-11T20:00,21.5,82,22.7,0.0,0.0,3,100,12.2,112,12.9716,77.5946
2025-03-11T21:00,21.1,86,22.5,0.0,0.0,3,100,12.5,102,12.9716,77.5946
2025-03-11T22:00,21.0,89,23.0,0.0,0.0,3,100,9.6,94,12.9716,77.5946
2025-03-11T23:00,20.8,91,23.0,0.0,0.0,3,100,8.6,105,12.9716,77.5946
2025-03-12T00:00,20.5,93,22.8,0.0,0.0,3,96,8.7,95,12.9716,77.5946
2025-03-12T01:00,20.3,94,22.4,0.0,0.0,3,96,9.9,100,12.9716,77.5946
2025-03-12T02:00,20.2,93,22.2,0.0,0.0,3,100,9.1,99,12.9716,77.5946
2025-03-12T03:00,20.2,92,22.3,0.0,0.0,3,100,8.1,89,12.9716,77.5946
2025-03-12T04:00,20.0,94,22.1,0.0,0.0,3,100,7.8,94,12.9716,77.5946
2025-03-12T05:00,20.1,92,22.4,0.0,0.0,2,64,6.9,96,12.9716,77.5946
2025-03-12T06:00,20.2,89,22.3,0.0,0.0,3,82,6.1,93,12.9716,77.5946
2025-03-12T07:00,21.0,84,23.2,0.0,0.0,3,85,5.3,82,12.9716,77.5946
2025-03-12T08:00,23.5,68,25.0,0.0,0.0,2,74,6.9,85,12.9716,77.5946
2025-03-12T09:00,26.1,55,27.0,0.0,0.0,1,43,8.8,88,12.9716,77.5946
2025-03-12T10:00,28.4,48,29.8,0.0,0.0,0,11,12.2,89,12.9716,77.5946
2025-03-12T11:00,30.0,43,31.6,0.0,0.0,1,25,14.6,89,12.9716,77.5946
2025-03-12T12:00,30.4,43,32.0,0.2,0.2,51,89,16.4,93,12.9716,77.5946
2025-03-12T13:00,30.6,43,32.1,0.2,0.2,51,95,16.7,92,12.9716,77.5946
2025-03-12T14:00,30.5,44,31.8,0.0,0.0,2,53,13.8,76,12.9716,77.5946
2025-03-12T15:00,30.7,44,31.9,0.1,0.1,51,54,11.7,88,12.9716,77.5946
2025-03-12T16:00,27.4,56,28.6,0.3,0.3,51,80,11.0,85,12.9716,77.5946
2025-03-12T17:00,25.1,68,26.5,1.5,1.5,61,100,13.1,105,12.9716,77.5946
2025-03-12T18:00,26.2,56,26.6,0.0,0.0,3,87,13.7,108,12.9716,77.5946
2025-03-12T19:00,25.6,60,26.4,0.0,0.0,1,31,12.1,127,12.9716,77.5946
2025-03-12T20:00,24.2,71,25.7,0.0,0.0,1,28,11.3,141,12.9716,77.5946
2025-03-12T21:00,23.3,78,25.4,0.0,0.0,3,100,8.9,135,12.9716,77.5946
2025-03-12T22:00,22.7,81,25.2,0.0,0.0,3,100,7.2,118,12.9716,77.5946
2025-03-12T23:00,22.1,84,24.7,0.0,0.0,3,100,6.3,114,12.9716,77.5946
2025-03-13T00:00,21.5,87,24.0,0.0,0.0,3,94,6.8,90,12.9716,77.5946
2025-03-13T01:00,20.9,90,23.3,0.0,0.0,3,100,6.6,112,12.9716,77.5946
2025-03-13T02:00,20.5,92,22.9,0.0,0.0,3,85,6.4,100,12.9716,77.5946
2025-03-13T03:00,20.0,93,22.4,0.0,0.0,2,57,6.2,83,12.9716,77.5946
2025-03-13T04:00,19.4,95,22.0,0.0,0.0,1,38,4.3,95,12.9716,77.5946
2025-03-13T05:00,18.7,98,21.2,0.0,0.0,2,64,3.1,59,12.9716,77.5946
2025-03-13T06:00,19.4,98,22.0,0.0,0.0,3,100,5.7,81,12.9716,77.5946
2025-03-13T07:00,19.9,93,22.5,0.0,0.0,1,49,4.8,79,12.9716,77.5946
2025-03-13T08:00,22.6,77,25.1,0.0,0.0,2,74,3.7,79,12.9716,77.5946
2025-03-13T09:00,26.8,52,28.2,0.0,0.0,1,45,5.0,88,12.9716,77.5946
2025-03-13T10:00,29.8,28,29.7,0.0,0.0,2,61,8.3,66,12.9716,77.5946
2025-03-13T11:00,31.7,20,31.3,0.0,0.0,1,20,10.5,59,12.9716,77.5946
2025-03-13T12:00,33.2,15,32.5,0.0,0.0,0,17,11.4,59,12.9716,77.5946
2025-03-13T13:00,34.0,13,33.0,0.0,0.0,1,33,12.2,63,12.9716,77.5946
2025-03-13T14:00,34.0,15,32.6,0.0,0.0,3,81,13.2,68,12.9716,77.5946
2025-03-13T15:00,33.6,17,31.6,0.0,0.0,1,24,13.5,74,12.9716,77.5946
2025-03-13T16:00,33.0,17,29.6,0.0,0.0,0,0,14.1,79,12.9716,77.5946
2025-03-13T17:00,31.6,21,28.5,0.0,0.0,0,1,14.8,87,12.9716,77.5946
2025-03-13T18:00,30.0,24,27.6,0.0,0.0,0,0,11.4,93,12.9716,77.5946
2025-03-13T19:00,28.9,26,26.6,0.0,0.0,0,0,10.9,99,12.9716,77.5946
2025-03-13T20:00,27.6,29,25.2,0.0,0.0,0,0,13.1,108,12.9716,77.5946
2025-03-13T21:00,26.2,33,23.9,0.0,0.0,0,0,12.9,126,12.9716,77.5946
2025-03-13T22:00,25.1,38,23.3,0.0,0.0,0,0,11.8,123,12.9716,77.5946
2025-03-13T23:00,24.5,43,23.2,0.0,0.0,0,3,10.4,116,12.9716,77.5946
2025-03-14T00:00,23.7,48,23.0,0.0,0.0,1,20,8.9,115,12.9716,77.5946
2025-03-14T01:00,23.0,56,22.9,0.0,0.0,1,21,8.6,120,12.9716,77.5946
2025-03-14T02:00,22.3,62,22.7,0.0,0.0,0,1,7.0,132,12.9716,77.5946
2025-03-14T03:00,21.2,68,22.2,0.0,0.0,0,0,4.8,169,12.9716,77.5946
2025-03-14T04:00,20.3,73,21.4,0.0,0.0,0,0,4.2,185,12.9716,77.5946
2025-03-14T05:00,19.7,77,21.1,0.0,0.0,0,0,3.1,201,12.9716,77.5946
2025-03-14T06:00,20.2,83,22.6,0.0,0.0,0,0,1.5,194,12.9716,77.5946
2025-03-14T07:00,21.9,76,24.1,0.0,0.0,0,0,2.9,176,12.9716,77.5946
2025-03-14T08:00,25.4,55,26.9,0.0,0.0,0,0,2.6,141,12.9716,77.5946
2025-03-14T09:00,29.3,24,27.5,0.0,0.0,0,3,7.4,96,12.9716,77.5946
2025-03-14T10:00,31.5,15,29.0,0.0,0.0,1,33,13.3,87,12.9716,77.5946
2025-03-14T11:00,32.7,14,31.0,0.0,0.0,2,74,13.7,85,12.9716,77.5946
2025-03-14T12:00,34.0,11,32.1,0.0,0.0,1,20,14.8,84,12.9716,77.5946
2025-03-14T13:00,34.4,11,32.4,0.0,0.0,0,0,15.9,80,12.9716,77.5946
2025-03-14T14:00,34.4,12,32.2,0.0,0.0,0,0,15.7,77,12.9716,77.5946
2025-03-14T15:00,34.2,13,31.6,0.0,0.0,0,0,14.3,83,12.9716,77.5946
2025-03-14T16:00,33.5,15,29.9,0.0,0.0,0,0,14.4,81,12.9716,77.5946
2025-03-14T17:00,32.3,17,28.8,0.0,0.0,0,0,14.3,86,12.9716,77.5946
2025-03-14T18:00,31.0,21,28.2,0.0,0.0,0,0,11.6,95,12.9716,77.5946
2025-03-14T19:00,29.5,24,26.7,0.0,0.0,0,0,13.4,110,12.9716,77.5946
2025-03-14T20:00,27.7,31,25.3,0.0,0.0,0,0,14.3,113,12.9716,77.5946
2025-03-14T21:00,26.2,37,24.2,0.0,0.0,0,0,13.9,121,12.9716,77.5946
2025-03-14T22:00,25.3,42,23.7,0.0,0.0,0,0,13.8,123,12.9716,77.5946
2025-03-14T23:00,24.4,47,23.3,0.0,0.0,0,0,12.4,121,12.9716,77.5946
2025-03-15T00:00,23.7,51,23.0,0.0,0.0,0,7,11.2,118,12.9716,77.5946
2025-03-15T01:00,23.0,54,22.6,0.0,0.0,0,0,10.1,114,12.9716,77.5946
2025-03-15T02:00,22.4,58,22.3,0.0,0.0,0,9,8.6,112,12.9716,77.5946
2025-03-15T03:00,21.8,60,21.9,0.0,0.0,0,1,7.1,109,12.9716,77.5946
2025-03-15T04:00,21.3,61,21.5,0.0,0.0,0,0,6.8,115,12.9716,77.5946
2025-03-15T05:00,20.8,64,20.9,0.0,0.0,0,0,7.1,117,12.9716,77.5946
2025-03-15T06:00,20.4,71,21.0,0.0,0.0,0,0,7.3,121,12.9716,77.5946
2025-03-15T07:00,21.0,72,21.7,0.0,0.0,0,0,8.7,120,12.9716,77.5946
2025-03-15T08:00,23.8,61,24.8,0.0,0.0,0,0,7.0,134,12.9716,77.5946
2025-03-15T09:00,27.4,35,26.8,0.0,0.0,0,10,6.5,138,12.9716,77.5946
2025-03-15T10:00,30.1,20,29.1,0.0,0.0,0,0,8.2,122,12.9716,77.5946
2025-03-15T11:00,32.1,13,30.6,0.0,0.0,0,0,11.6,103,12.9716,77.5946
2025-03-15T12:00,33.1,12,31.6,0.0,0.0,0,0,13.7,92,12.9716,77.5946
2025-03-15T13:00,33.6,12,32.1,0.0,0.0,0,0,14.1,92,12.9716,77.5946
2025-03-15T14:00,33.7,14,32.2,0.0,0.0,0,0,13.5,87,12.9716,77.5946
2025-03-15T15:00,33.5,13,30.8,0.0,0.0,0,0,14.5,84,12.9716,77.5946
2025-03-15T16:00,32.8,10,27.9,0.0,0.0,2,56,17.0,80,12.9716,77.5946
2025-03-15T17:00,31.6,10,26.4,0.0,0.0,3,81,17.1,82,12.9716,77.5946
2025-03-15T18:00,30.2,13,26.0,0.0,0.0,3,99,13.0,91,12.9716,77.5946
2025-03-15T19:00,28.7,18,25.2,0.0,0.0,0,2,11.3,81,12.9716,77.5946
2025-03-15T20:00,27.1,23,24.0,0.0,0.0,0,0,11.6,106,12.9716,77.5946
2025-03-15T21:00,25.9,29,23.1,0.0,0.0,0,0,12.1,115,12.9716,77.5946
2025-03-15T22:00,24.9,35,22.8,0.0,0.0,0,0,11.5,112,12.9716,77.5946
2025-03-15T23:00,24.1,40,22.5,0.0,0.0,0,0,10.0,111,12.9716,77.5946
2025-03-16T00:00,23.3,45,22.1,0.0,0.0,0,0,8.8,102,12.9716,77.5946
2025-03-16T01:00,22.7,49,21.9,0.0,0.0,0,0,8.9,96,12.9716,77.5946
2025-03-16T02:00,22.0,56,21.7,0.0,0.0,0,0,7.5,110,12.9716,77.5946
2025-03-16T03:00,20.8,66,21.3,0.0,0.0,0,8,5.6,138,12.9716,77.5946
2025-03-16T04:00,20.1,75,21.0,0.0,0.0,0,0,6.2,126,12.9716,77.5946
2025-03-16T05:00,19.8,79,20.9,0.0,0.0,0,0,6.8,117,12.9716,77.5946
2025-03-16T06:00,19.8,83,21.0,0.0,0.0,0,0,7.9,117,12.9716,77.5946
2025-03-16T07:00,21.0,77,22.3,0.0,0.0,0,0,7.2,103,12.9716,77.5946
2025-03-16T08:00,24.0,61,25.1,0.0,0.0,0,0,6.2,123,12.9716,77.5946
2025-03-16T09:00,27.0,39,26.9,0.0,0.0,0,0,6.0,136,12.9716,77.5946
2025-03-16T10:00,29.4,30,30.1,0.0,0.0,0,0,5.2,136,12.9716,77.5946
2025-03-16T11:00,31.4,25,32.5,0.0,0.0,1,36,6.1,130,12.9716,77.5946
2025-03-16T12:00,32.7,23,33.8,0.0,0.0,0,0,8.5,126,12.9716,77.5946
2025-03-16T13:00,33.4,22,34.1,0.0,0.0,0,3,10.6,120,12.9716,77.5946
2025-03-16T14:00,33.4,22,33.3,0.0,0.0,2,66,11.9,113,12.9716,77.5946
2025-03-16T15:00,33.1,22,32.1,0.0,0.0,2,68,12.4,111,12.9716,77.5946
2025-03-16T16:00,32.4,24,30.4,0.0,0.0,2,60,11.7,119,12.9716,77.5946
2025-03-16T17:00,31.4,27,29.6,0.0,0.0,0,12,12.6,123,12.9716,77.5946
2025-03-16T18:00,29.9,33,28.4,0.0,0.0,0,9,14.2,130,12.9716,77.5946
2025-03-16T19:00,28.6,40,27.7,0.0,0.0,0,1,13.5,144,12.9716,77.5946
2025-03-16T20:00,27.8,43,27.6,0.0,0.0,0,2,10.7,134,12.9716,77.5946
2025-03-16T21:00,26.6,50,26.2,0.0,0.0,1,20,14.9,132,12.9716,77.5946
2025-03-16T22:00,25.4,59,25.9,0.0,0.0,2,75,12.8,132,12.9716,77.5946
2025-03-16T23:00,24.6,64,25.6,0.0,0.0,1,39,10.9,142,12.9716,77.5946
2025-03-17T00:00,24.0,68,25.5,0.0,0.0,0,5,8.9,152,12.9716,77.5946
2025-03-17T01:00,23.3,72,24.7,0.0,0.0,0,3,9.9,189,12.9716,77.5946
2025-03-17T02:00,22.4,76,24.0,0.0,0.0,3,100,9.2,213,12.9716,77.5946
2025-03-17T03:00,22.1,77,23.9,0.0,0.0,3,100,7.1,210,12.9716,77.5946
2025-03-17T04:00,21.7,78,23.7,0.0,0.0,2,53,5.7,215,12.9716,77.5946
2025-03-17T05:00,21.4,80,23.3,0.0,0.0,0,0,5.7,224,12.9716,77.5946
2025-03-17T06:00,22.2,78,24.7,0.0,0.0,3,96,3.2,218,12.9716,77.5946
2025-03-17T07:00,23.3,74,25.9,0.0,0.0,3,89,3.0,237,12.9716,77.5946
2025-03-17T08:00,25.7,64,28.2,0.0,0.0,3,84,3.8,259,12.9716,77.5946
2025-03-17T09:00,28.1,52,29.8,0.0,0.0,2,71,5.8,266,12.9716,77.5946
2025-03-17T10:00,30.2,41,32.5,0.0,0.0,0,14,5.3,260,12.9716,77.5946
2025-03-17T11:00,32.1,32,34.7,0.0,0.0,1,21,2.9,263,12.9716,77.5946
2025-03-17T12:00,33.8,26,36.8,0.0,0.0,3,85,1.8,276,12.9716,77.5946
2025-03-17T13:00,34.9,22,37.0,0.0,0.0,3,81,1.7,288,12.9716,77.5946
2025-03-17T14:00,35.1,21,35.8,0.0,0.0,2,60,1.8,360,12.9716,77.5946
2025-03-17T15:00,34.8,20,34.0,0.0,0.0,3,93,3.6,18,12.9716,77.5946
2025-03-17T16:00,34.6,19,32.9,0.0,0.0,2,51,6.9,20,12.9716,77.5946
2025-03-17T17:00,34.0,19,33.0,0.0,0.0,3,96,1.6,63,12.9716,77.5946
2025-03-17T18:00,31.8,26,31.2,0.0,0.0,3,99,3.9,127,12.9716,77.5946
2025-03-17T19:00,24.4,64,24.4,0.0,0.0,3,95,17.4,212,12.9716,77.5946
2025-03-17T20:00,25.0,60,26.0,0.0,0.0,1,21,8.7,193,12.9716,77.5946
2025-03-17T21:00,24.3,67,26.1,0.0,0.0,1,20,6.9,247,12.9716,77.5946
2025-03-17T22:00,23.6,70,25.7,0.0,0.0,0,4,4.4,240,12.9716,77.5946
2025-03-17T23:00,23.3,70,25.3,0.0,0.0,1,31,5.2,168,12.9716,77.5946
2025-03-18T00:00,23.1,71,25.5,0.0,0.0,0,7,2.4,171,12.9716,77.5946
2025-03-18T01:00,22.8,74,25.1,0.0,0.0,0,13,3.8,180,12.9716,77.5946
2025-03-18T02:00,22.4,76,24.8,0.0,0.0,0,2,2.9,202,12.9716,77.5946
2025-03-18T03:00,22.0,79,24.2,0.0,0.0,0,1,5.0,161,12.9716,77.5946
2025-03-18T04:00,21.8,77,23.6,0.0,0.0,0,0,6.0,175,12.9716,77.5946
2025-03-18T05:00,21.4,77,23.4,0.0,0.0,0,1,3.8,183,12.9716,77.5946
2025-03-18T06:00,22.5,74,24.3,0.0,0.0,0,0,6.0,159,12.9716,77.5946
2025-03-18T07:00,23.4,69,25.1,0.0,0.0,0,0,6.2,163,12.9716,77.5946
2025-03-18T08:00,25.7,57,27.0,0.0,0.0,0,0,6.8,180,12.9716,77.5946
2025-03-18T09:00,28.1,47,29.2,0.0,0.0,0,0,6.4,170,12.9716,77.5946
2025-03-18T10:00,30.6,34,32.1,0.0,0.0,0,0,5.7,134,12.9716,77.5946
2025-03-18T11:00,32.9,21,33.5,0.0,0.0,0,0,7.4,90,12.9716,77.5946
2025-03-18T12:00,33.9,17,33.9,0.0,0.0,0,0,10.7,73,12.9716,77.5946
2025-03-18T13:00,34.3,18,34.4,0.0,0.0,0,0,11.1,77,12.9716,77.5946
2025-03-18T14:00,34.8,16,34.3,0.0,0.0,0,0,10.4,89,12.9716,77.5946
2025-03-18T15:00,34.6,17,33.1,0.0,0.0,0,0,11.7,95,12.9716,77.5946
2025-03-18T16:00,34.0,17,31.0,0.0,0.0,1,24,13.0,88,12.9716,77.5946
2025-03-18T17:00,32.9,20,30.3,0.0,0.0,3,91,12.6,80,12.9716,77.5946
2025-03-18T18:00,31.3,22,28.8,0.0,0.0,0,9,12.2,81,12.9716,77.5946
2025-03-18T19:00,29.9,31,28.5,0.0,0.0,0,1,10.6,113,12.9716,77.5946
2025-03-18T20:00,28.4,41,28.1,0.0,0.0,0,1,10.9,119,12.9716,77.5946
2025-03-18T21:00,27.5,42,26.4,0.0,0.0,2,74,15.2,124,12.9716,77.5946
2025-03-18T22:00,25.9,52,25.4,0.0,0.0,2,66,14.9,127,12.9716,77.5946
2025-03-18T23:00,24.8,59,24.8,0.0,0.0,1,42,14.1,136,12.9716,77.5946
2025-03-19T00:00,23.7,68,24.4,0.0,0.0,0,16,13.2,134,12.9716,77.5946
2025-03-19T01:00,23.1,74,24.4,0.0,0.0,0,1,11.0,138,12.9716,77.5946
2025-03-19T02:00,22.5,77,24.2,0.0,0.0,0,0,9.2,154,12.9716,77.5946
2025-03-19T03:00,22.0,80,24.0,0.0,0.0,0,0,7.2,161,12.9716,77.5946
2025-03-19T04:00,21.7,81,23.8,0.0,0.0,0,0,6.0,177,12.9716,77.5946
2025-03-19T05:00,21.6,80,23.3,0.0,0.0,0,0,7.7,183,12.9716,77.5946
2025-03-19T06:00,21.9,86,24.5,0.0,0.0,0,3,6.3,177,12.9716,77.5946
2025-03-19T07:00,22.8,79,25.3,0.0,0.0,2,75,5.8,180,12.9716,77.5946
2025-03-19T08:00,24.8,69,27.1,0.0,0.0,3,95,6.2,197,12.9716,77.5946
2025-03-19T09:00,27.1,57,28.9,0.0,0.0,3,80,7.1,190,12.9716,77.5946
2025-03-19T10:00,29.3,45,32.0,0.0,0.0,3,98,5.8,175,12.9716,77.5946
2025-03-19T11:00,31.5,34,34.1,0.0,0.0,3,100,5.8,146,12.9716,77.5946
2025-03-19T12:00,33.2,26,34.8,0.0,0.0,3,100,8.4,127,12.9716,77.5946
2025-03-19T13:00,33.8,22,34.4,0.0,0.0,3,97,11.3,115,12.9716,77.5946
2025-03-19T14:00,33.8,21,33.5,0.0,0.0,3,96,13.1,109,12.9716,77.5946
2025-03-19T15:00,33.5,21,32.1,0.0,0.0,3,81,12.8,112,12.9716,77.5946
2025-03-19T16:00,32.8,22,30.5,0.0,0.0,1,25,12.7,115,12.9716,77.5946
2025-03-19T17:00,31.2,27,29.1,0.0,0.0,1,42,13.9,117,12.9716,77.5946
2025-03-19T18:00,29.7,33,28.4,0.0,0.0,0,5,11.8,119,12.9716,77.5946
2025-03-19T19:00,28.7,38,27.7,0.0,0.0,0,15,12.5,137,12.9716,77.5946
2025-03-19T20:00,27.4,44,26.7,0.0,0.0,0,15,13.1,127,12.9716,77.5946
2025-03-19T21:00,26.4,48,26.0,0.0,0.0,0,5,13.0,117,12.9716,77.5946
2025-03-19T22:00,25.5,54,25.3,0.0,0.0,0,2,13.2,114,12.9716,77.5946
2025-03-19T23:00,24.4,61,24.5,0.0,0.0,0,1,14.4,119,12.9716,77.5946
2025-03-20T00:00,23.1,74,24.1,0.0,0.0,0,0,13.2,121,12.9716,77.5946
2025-03-20T01:00,21.9,85,23.6,0.0,0.0,0,2,12.8,122,12.9716,77.5946
2025-03-20T02:00,21.2,91,23.0,0.0,0.0,0,7,12.5,122,12.9716,77.5946
2025-03-20T03:00,20.7,93,22.5,0.0,0.0,1,38,12.9,123,12.9716,77.5946
2025-03-20T04:00,20.3,95,22.3,0.0,0.0,3,100,10.9,121,12.9716,77.5946
2025-03-20T05:00,20.2,93,22.2,0.0,0.0,3,100,10.0,123,12.9716,77.5946
2025-03-20T06:00,20.5,94,22.8,0.0,0.0,3,84,9.2,129,12.9716,77.5946
2025-03-20T07:00,21.5,86,23.5,0.0,0.0,1,24,9.9,132,12.9716,77.5946
2025-03-20T08:00,23.7,71,25.3,0.0,0.0,1,43,9.4,130,12.9716,77.5946
2025-03-20T09:00,26.4,53,27.1,0.0,0.0,3,87,10.1,134,12.9716,77.5946
2025-03-20T10:00,28.9,41,29.9,0.0,0.0,2,51,11.3,133,12.9716,77.5946
2025-03-20T11:00,30.9,31,31.8,0.0,0.0,2,67,12.1,131,12.9716,77.5946
2025-03-20T12:00,32.2,26,33.0,0.0,0.0,0,6,12.1,125,12.9716,77.5946
2025-03-20T13:00,32.9,24,33.5,0.0,0.0,0,0,12.6,121,12.9716,77.5946
2025-03-20T14:00,33.1,24,33.3,0.0,0.0,0,0,12.4,123,12.9716,77.5946
2025-03-20T15:00,32.8,25,32.3,0.0,0.0,0,1,12.3,125,12.9716,77.5946
2025-03-20T16:00,32.0,27,30.4,0.0,0.0,0,2,11.8,123,12.9716,77.5946
2025-03-20T17:00,30.9,29,29.3,0.0,0.0,0,3,12.3,119,12.9716,77.5946
2025-03-20T18:00,29.5,28,27.5,0.0,0.0,0,0,11.6,125,12.9716,77.5946
2025-03-20T19:00,28.5,30,26.8,0.0,0.0,0,0,10.0,128,12.9716,77.5946
2025-03-20T20:00,27.6,33,26.2,0.0,0.0,0,0,8.9,119,12.9716,77.5946
2025-03-20T21:00,26.6,40,25.3,0.0,0.0,0,0,12.2,124,12.9716,77.5946
2025-03-20T22:00,25.4,51,25.1,0.0,0.0,0,0,12.1,128,12.9716,77.5946
2025-03-20T23:00,24.5,57,24.3,0.0,0.0,0,0,13.0,125,12.9716,77.5946
2025-03-21T00:00,23.2,64,23.4,0.0,0.0,0,0,12.6,124,12.9716,77.5946
2025-03-21T01:00,22.1,73,22.8,0.0,0.0,0,0,12.1,128,12.9716,77.5946
2025-03-21T02:00,21.4,80,22.4,0.0,0.0,0,0,12.5,123,12.9716,77.5946
2025-03-21T03:00,20.9,85,22.3,0.0,0.0,0,0,10.7,143,12.9716,77.5946
2025-03-21T04:00,20.4,89,22.4,0.0,0.0,0,7,7.7,144,12.9716,77.5946
2025-03-21T05:00,20.0,93,22.2,0.0,0.0,2,79,7.4,131,12.9716,77.5946
2025-03-21T06:00,20.4,94,22.7,0.0,0.0,1,46,8.0,134,12.9716,77.5946
2025-03-21T07:00,21.3,87,23.8,0.0,0.0,0,9,6.1,133,12.9716,77.5946
2025-03-21T08:00,23.8,71,26.0,0.0,0.0,0,4,5.4,160,12.9716,77.5946
2025-03-21T09:00,26.5,56,28.1,0.0,0.0,0,0,5.6,176,12.9716,77.5946
2025-03-21T10:00,28.9,44,31.4,0.0,0.0,0,0,5.4,166,12.9716,77.5946
2025-03-21T11:00,31.0,35,33.7,0.0,0.0,0,11,5.1,141,12.9716,77.5946
2025-03-21T12:00,32.5,29,34.9,0.0,0.0,0,2,5.7,114,12.9716,77.5946
2025-03-21T13:00,33.6,26,35.4,0.0,0.0,0,8,7.8,99,12.9716,77.5946
2025-03-21T14:00,34.0,24,34.6,0.0,0.0,0,18,9.9,92,12.9716,77.5946
2025-03-21T15:00,33.8,23,33.2,0.0,0.0,1,44,10.8,90,12.9716,77.5946
2025-03-21T16:00,33.2,23,31.4,0.0,0.0,3,90,11.0,95,12.9716,77.5946
2025-03-21T17:00,32.2,25,30.6,0.0,0.0,1,48,10.0,116,12.9716,77.5946
2025-03-21T18:00,29.8,35,28.6,0.0,0.0,0,6,13.7,109,12.9716,77.5946
2025-03-21T19:00,28.8,39,27.9,0.0,0.0,0,7,13.6,124,12.9716,77.5946
2025-03-21T20:00,27.5,45,27.4,0.0,0.0,0,8,10.3,133,12.9716,77.5946
2025-03-21T21:00,26.7,49,27.2,0.0,0.0,0,1,8.9,117,12.9716,77.5946
2025-03-21T22:00,26.2,52,26.3,0.0,0.0,0,12,12.0,127,12.9716,77.5946
2025-03-21T23:00,25.2,57,25.2,0.0,0.0,0,4,13.6,137,12.9716,77.5946
2025-03-22T00:00,23.6,70,24.9,0.0,0.0,0,3,10.3,139,12.9716,77.5946
2025-03-22T01:00,22.8,78,24.6,0.0,0.0,0,3,9.5,153,12.9716,77.5946
2025-03-22T02:00,22.2,81,24.4,0.0,0.0,0,1,7.6,161,12.9716,77.5946
2025-03-22T03:00,22.0,82,24.1,0.0,0.0,0,2,7.8,175,12.9716,77.5946
2025-03-22T04:00,21.9,84,23.9,0.0,0.0,0,10,8.6,191,12.9716,77.5946
2025-03-22T05:00,21.5,86,23.9,0.0,0.0,0,0,7.3,189,12.9716,77.5946
2025-03-22T06:00,22.1,86,24.9,0.0,0.0,0,0,5.8,175,12.9716,77.5946
2025-03-22T07:00,23.2,80,26.0,0.0,0.0,0,1,5.4,180,12.9716,77.5946
2025-03-22T08:00,25.2,69,27.6,0.0,0.0,0,3,6.5,193,12.9716,77.5946
2025-03-22T09:00,27.3,56,29.2,0.1,0.1,51,18,5.9,198,12.9716,77.5946
2025-03-22T10:00,29.1,46,31.9,0.1,0.1,51,27,3.1,208,12.9716,77.5946
2025-03-22T11:00,30.8,41,34.2,0.0,0.0,1,28,2.0,190,12.9716,77.5946
2025-03-22T12:00,32.1,37,36.0,0.0,0.0,1,36,0.9,180,12.9716,77.5946
2025-03-22T13:00,33.0,34,36.7,0.0,0.0,3,100,0.6,326,12.9716,77.5946
2025-03-22T14:00,33.2,33,34.4,0.0,0.0,3,100,3.0,33,12.9716,77.5946
2025-03-22T15:00,22.1,87,23.2,15.0,15.0,65,86,18.4,140,12.9716,77.5946
2025-03-22T16:00,23.5,79,25.7,4.7,4.7,63,31,10.4,11,12.9716,77.5946
2025-03-22T17:00,24.8,72,27.7,3.2,3.2,63,55,4.6,31,12.9716,77.5946
2025-03-22T18:00,25.1,70,28.3,0.0,0.0,2,73,2.1,308,12.9716,77.5946
2025-03-22T19:00,22.3,83,23.8,0.6,0.6,53,96,12.9,199,12.9716,77.5946
2025-03-22T20:00,21.7,84,24.0,0.1,0.1,51,48,7.2,118,12.9716,77.5946
2025-03-22T21:00,21.7,86,23.9,0.0,0.0,3,88,8.5,128,12.9716,77.5946
2025-03-22T22:00,21.7,85,24.1,0.0,0.0,3,97,7.3,126,12.9716,77.5946
2025-03-22T23:00,21.6,86,23.8,0.0,0.0,2,51,8.2,128,12.9716,77.5946
2025-03-23T00:00,21.1,89,23.2,0.0,0.0,1,25,8.9,138,12.9716,77.5946
2025-03-23T01:00,21.0,89,23.1,0.0,0.0,3,93,8.6,141,12.9716,77.5946
2025-03-23T02:00,20.8,90,23.2,0.0,0.0,3,88,6.9,141,12.9716,77.5946
2025-03-23T03:00,20.7,90,23.5,0.0,0.0,0,13,4.3,152,12.9716,77.5946
2025-03-23T04:00,20.3,92,23.1,0.0,0.0,0,0,3.6,153,12.9716,77.5946
2025-03-23T05:00,20.2,93,22.8,0.0,0.0,0,0,4.4,148,12.9716,77.5946
2025-03-23T06:00,20.7,94,23.3,0.0,0.0,0,1,6.9,143,12.9716,77.5946
2025-03-23T07:00,21.6,90,24.5,0.0,0.0,0,18,6.6,139,12.9716,77.5946
2025-03-23T08:00,23.2,83,26.4,0.0,0.0,0,7,4.8,155,12.9716,77.5946
2025-03-23T09:00,25.0,73,28.1,0.0,0.0,0,0,4.0,153,12.9716,77.5946
2025-03-23T10:00,26.5,65,30.8,0.0,0.0,0,6,4.1,128,12.9716,77.5946
2025-03-23T11:00,27.7,59,32.5,0.0,0.0,0,13,5.0,103,12.9716,77.5946
2025-03-23T12:00,28.4,55,33.1,0.0,0.0,0,12,4.7,90,12.9716,77.5946
2025-03-23T13:00,29.0,52,33.7,0.0,0.0,0,12,4.5,90,12.9716,77.5946
2025-03-23T14:00,29.2,50,33.2,0.0,0.0,0,14,4.3,75,12.9716,77.5946
2025-03-23T15:00,29.7,46,32.5,0.0,0.0,0,10,3.2,71,12.9716,77.5946
2025-03-23T16:00,27.7,52,28.2,0.1,0.1,51,32,13.4,104,12.9716,77.5946
2025-03-23T17:00,26.1,62,27.6,0.0,0.0,2,66,10.0,108,12.9716,77.5946
2025-03-23T18:00,25.1,72,28.0,0.0,0.0,0,17,5.1,96,12.9716,77.5946
2025-03-23T19:00,24.6,73,27.2,0.0,0.0,3,93,6.6,127,12.9716,77.5946
2025-03-23T20:00,24.0,78,27.1,0.0,0.0,2,54,4.7,180,12.9716,77.5946
2025-03-23T21:00,23.7,78,26.6,0.0,0.0,3,99,4.8,146,12.9716,77.5946
2025-03-23T22:00,21.7,85,23.3,0.0,0.0,2,65,12.4,193,12.9716,77.5946
2025-03-23T23:00,21.0,84,22.8,0.0,0.0,0,13,7.5,114,12.9716,77.5946
2025-03-24T00:00,21.0,83,22.7,0.0,0.0,0,1,8.7,133,12.9716,77.5946
2025-03-24T01:00,20.7,87,22.8,0.0,0.0,0,1,6.9,152,12.9716,77.5946
2025-03-24T02:00,20.5,91,22.6,0.0,0.0,0,15,8.3,156,12.9716,77.5946
2025-03-24T03:00,20.2,95,23.1,0.0,0.0,1,21,4.0,185,12.9716,77.5946
2025-03-24T04:00,19.8,96,22.8,0.0,0.0,0,1,2.8,165,12.9716,77.5946
2025-03-24T05:00,19.9,96,22.9,0.0,0.0,0,2,3.1,114,12.9716,77.5946
2025-03-24T06:00,21.0,98,24.2,0.0,0.0,3,100,6.5,141,12.9716,77.5946
2025-03-24T07:00,21.5,95,24.7,0.0,0.0,3,91,6.0,143,12.9716,77.5946
2025-03-24T08:00,23.1,85,26.4,0.0,0.0,1,40,4.5,130,12.9716,77.5946
2025-03-24T09:00,25.0,73,28.2,0.0,0.0,1,22,3.5,81,12.9716,77.5946
2025-03-24T10:00,26.5,65,30.7,0.0,0.0,0,19,5.1,67,12.9716,77.5946
2025-03-24T11:00,27.6,57,31.4,0.0,0.0,0,11,7.2,77,12.9716,77.5946
2025-03-24T12:00,28.9,48,32.3,0.0,0.0,0,11,8.1,89,12.9716,77.5946
2025-03-24T13:00,30.2,42,33.2,0.0,0.0,1,24,8.0,104,12.9716,77.5946
2025-03-24T14:00,30.7,40,32.8,0.0,0.0,1,20,9.8,97,12.9716,77.5946
2025-03-24T15:00,30.7,38,31.6,0.0,0.0,1,27,10.6,92,12.9716,77.5946
2025-03-24T16:00,30.0,39,29.9,0.0,0.0,1,20,10.9,103,12.9716,77.5946
2025-03-24T17:00,29.1,42,29.3,0.0,0.0,1,23,9.0,120,12.9716,77.5946
2025-03-24T18:00,26.7,51,27.6,0.0,0.0,0,14,6.9,115,12.9716,77.5946
2025-03-24T19:00,25.6,54,26.2,0.0,0.0,0,16,8.2,100,12.9716,77.5946
2025-03-24T20:00,24.4,55,24.3,0.0,0.0,0,16,11.0,114,12.9716,77.5946
2025-03-24T21:00,23.7,60,23.8,0.0,0.0,0,2,11.7,115,12.9716,77.5946
2025-03-24T22:00,23.0,70,23.7,0.0,0.0,0,0,11.9,122,12.9716,77.5946
2025-03-24T23:00,22.4,75,23.6,0.0,0.0,0,0,11.1,117,12.9716,77.5946
2025-03-25T00:00,21.8,81,23.4,0.0,0.0,0,0,9.3,108,12.9716,77.5946
2025-03-25T01:00,21.2,85,23.1,0.0,0.0,0,0,9.0,105,12.9716,77.5946
2025-03-25T02:00,20.6,91,22.8,0.0,0.0,0,4,8.5,107,12.9716,77.5946
2025-03-25T03:00,20.2,96,22.8,0.0,0.0,3,82,7.0,111,12.9716,77.5946
2025-03-25T04:00,20.3,98,23.1,0.0,0.0,3,100,6.8,125,12.9716,77.5946
2025-03-25T05:00,20.1,99,22.9,0.0,0.0,3,100,6.4,137,12.9716,77.5946
2025-03-25T06:00,21.0,95,24.0,0.0,0.0,3,83,5.5,142,12.9716,77.5946
2025-03-25T07:00,21.5,91,24.5,0.0,0.0,0,19,5.8,141,12.9716,77.5946
2025-03-25T08:00,23.3,80,26.3,0.0,0.0,0,1,4.4,145,12.9716,77.5946
2025-03-25T09:00,25.7,65,28.3,0.0,0.0,0,1,4.3,152,12.9716,77.5946
2025-03-25T10:00,27.9,48,30.5,0.0,0.0,0,1,4.9,126,12.9716,77.5946
2025-03-25T11:00,29.4,35,31.4,0.0,0.0,1,24,7.2,93,12.9716,77.5946
2025-03-25T12:00,30.0,34,31.9,0.0,0.0,0,6,6.8,93,12.9716,77.5946
2025-03-25T13:00,30.9,33,33.4,0.0,0.0,1,29,5.7,108,12.9716,77.5946
2025-03-25T14:00,31.1,32,32.6,0.0,0.0,1,42,5.4,110,12.9716,77.5946
2025-03-25T15:00,31.2,31,31.1,0.0,0.0,1,30,6.2,116,12.9716,77.5946
2025-03-25T16:00,31.2,29,30.4,0.0,0.0,1,37,7.7,115,12.9716,77.5946
2025-03-25T17:00,30.4,30,29.6,0.0,0.0,3,97,7.1,126,12.9716,77.5946
2025-03-25T18:00,27.6,40,27.3,0.0,0.0,3,90,8.2,113,12.9716,77.5946
2025-03-25T19:00,26.1,47,26.0,0.0,0.0,2,55,8.6,144,12.9716,77.5946
2025-03-25T20:00,24.5,53,24.8,0.0,0.0,2,60,7.6,144,12.9716,77.5946
2025-03-25T21:00,24.3,50,23.6,0.0,0.0,1,25,11.9,131,12.9716,77.5946
2025-03-25T22:00,23.9,50,23.1,0.0,0.0,0,0,11.7,139,12.9716,77.5946
2025-03-25T23:00,22.7,56,21.9,0.0,0.0,0,0,12.9,126,12.9716,77.5946
2025-03-26T00:00,21.9,64,22.1,0.0,0.0,0,8,9.5,117,12.9716,77.5946
2025-03-26T01:00,21.0,72,22.2,0.0,0.0,0,0,5.5,131,12.9716,77.5946
2025-03-26T02:00,20.3,79,22.1,0.0,0.0,0,0,3.6,123,12.9716,77.5946
2025-03-26T03:00,19.8,83,21.7,0.0,0.0,0,0,3.4,115,12.9716,77.5946
2025-03-26T04:00,20.0,81,21.5,0.0,0.0,0,0,5.2,119,12.9716,77.5946
2025-03-26T05:00,19.6,81,21.1,0.0,0.0,0,0,4.6,129,12.9716,77.5946
2025-03-26T06:00,20.6,82,22.6,0.0,0.0,0,0,4.0,141,12.9716,77.5946
2025-03-26T07:00,22.5,72,24.3,0.0,0.0,0,0,5.0,159,12.9716,77.5946
2025-03-26T08:00,25.2,59,26.7,0.0,0.0,0,0,4.7,198,12.9716,77.5946
2025-03-26T09:00,27.4,48,28.8,0.0,0.0,0,0,3.9,196,12.9716,77.5946
2025-03-26T10:00,29.7,36,31.7,0.0,0.0,0,19,2.7,122,12.9716,77.5946
2025-03-26T11:00,31.2,29,32.7,0.0,0.0,0,15,5.5,79,12.9716,77.5946
2025-03-26T12:00,32.2,26,33.6,0.0,0.0,0,9,6.9,81,12.9716,77.5946
2025-03-26T13:00,33.1,23,34.4,0.0,0.0,1,31,6.4,100,12.9716,77.5946
2025-03-26T14:00,33.5,22,33.8,0.0,0.0,1,28,7.4,104,12.9716,77.5946
2025-03-26T15:00,33.6,21,32.5,0.0,0.0,1,30,9.4,101,12.9716,77.5946
2025-03-26T16:00,32.9,21,31.0,0.0,0.0,2,73,8.8,94,12.9716,77.5946
2025-03-26T17:00,32.1,21,30.2,0.0,0.0,2,56,8.5,94,12.9716,77.5946
2025-03-26T18:00,29.8,26,28.1,0.0,0.0,3,84,8.0,132,12.9716,77.5946
2025-03-26T19:00,28.4,30,27.0,0.0,0.0,0,5,7.4,139,12.9716,77.5946
2025-03-26T20:00,26.7,32,25.0,0.0,0.0,0,18,9.3,126,12.9716,77.5946
2025-03-26T21:00,25.6,36,24.0,0.0,0.0,0,18,10.0,124,12.9716,77.5946
2025-03-26T22:00,25.0,41,23.5,0.0,0.0,0,2,12.1,118,12.9716,77.5946
2025-03-26T23:00,23.6,46,22.6,0.0,0.0,0,0,9.7,207,12.9716,77.5946
2025-03-27T00:00,23.0,51,22.9,0.0,0.0,0,0,5.6,153,12.9716,77.5946
2025-03-27T01:00,22.2,57,22.7,0.0,0.0,0,0,3.8,121,12.9716,77.5946
2025-03-27T02:00,21.7,64,22.6,0.0,0.0,0,0,3.2,146,12.9716,77.5946
2025-03-27T03:00,22.0,65,22.7,0.0,0.0,0,0,6.0,217,12.9716,77.5946
2025-03-27T04:00,21.5,71,22.6,0.0,0.0,0,0,6.2,216,12.9716,77.5946
2025-03-27T05:00,20.6,77,22.2,0.0,0.0,0,0,3.8,239,12.9716,77.5946
2025-03-27T06:00,20.9,80,23.0,0.0,0.0,3,84,2.7,238,12.9716,77.5946
2025-03-27T07:00,22.6,72,24.8,0.0,0.0,1,27,2.7,307,12.9716,77.5946
2025-03-27T08:00,25.4,59,27.2,0.0,0.0,2,72,4.4,282,12.9716,77.5946
2025-03-27T09:00,27.7,47,28.8,0.0,0.0,2,59,6.2,277,12.9716,77.5946
2025-03-27T10:00,29.8,37,31.7,0.0,0.0,1,42,5.1,278,12.9716,77.5946
2025-03-27T11:00,31.6,28,33.4,0.0,0.0,1,45,3.3,319,12.9716,77.5946
2025-03-27T12:00,32.7,24,33.6,0.0,0.0,1,28,5.0,339,12.9716,77.5946
2025-03-27T13:00,33.7,21,34.4,0.0,0.0,1,29,6.6,349,12.9716,77.5946
2025-03-27T14:00,33.9,20,33.2,0.0,0.0,1,30,8.8,12,12.9716,77.5946
2025-03-27T15:00,33.7,19,31.2,0.0,0.0,1,24,14.0,18,12.9716,77.5946
2025-03-27T16:00,32.7,19,29.4,0.0,0.0,1,32,15.1,18,12.9716,77.5946
2025-03-27T17:00,32.9,18,30.3,0.0,0.0,2,50,9.2,7,12.9716,77.5946
2025-03-27T18:00,30.5,27,28.7,0.0,0.0,1,20,11.0,15,12.9716,77.5946
2025-03-27T19:00,29.5,30,28.0,0.0,0.0,0,6,10.5,357,12.9716,77.5946
2025-03-27T20:00,28.5,32,27.5,0.0,0.0,0,3,6.8,40,12.9716,77.5946
2025-03-27T21:00,27.5,35,26.9,0.0,0.0,1,32,5.0,90,12.9716,77.5946
2025-03-27T22:00,27.1,36,26.2,0.0,0.0,1,26,7.4,116,12.9716,77.5946
2025-03-27T23:00,26.2,39,25.0,0.0,0.0,1,20,10.1,117,12.9716,77.5946
2025-03-28T00:00,24.8,44,23.6,0.0,0.0,1,21,11.4,119,12.9716,77.5946
2025-03-28T01:00,24.1,47,23.1,0.0,0.0,0,9,11.0,125,12.9716,77.5946
2025-03-28T02:00,23.5,49,22.7,0.0,0.0,0,0,10.3,147,12.9716,77.5946
2025-03-28T03:00,23.1,51,22.3,0.0,0.0,0,0,10.3,168,12.9716,77.5946
2025-03-28T04:00,22.5,55,22.0,0.0,0.0,0,0,9.4,191,12.9716,77.5946
2025-03-28T05:00,21.8,65,22.3,0.0,0.0,0,0,7.7,210,12.9716,77.5946
2025-03-28T06:00,21.8,73,23.1,0.0,0.0,0,0,6.8,217,12.9716,77.5946
2025-03-28T07:00,22.8,73,24.9,0.0,0.0,0,0,4.1,225,12.9716,77.5946
2025-03-28T08:00,25.1,67,27.3,0.0,0.0,1,22,6.1,227,12.9716,77.5946
2025-03-28T09:00,27.7,50,29.0,0.0,0.0,1,21,7.7,229,12.9716,77.5946
2025-03-28T10:00,30.0,37,32.1,0.0,0.0,1,27,4.8,225,12.9716,77.5946
2025-03-28T11:00,32.0,29,34.6,0.0,0.0,1,28,0.3,315,12.9716,77.5946
2025-03-28T12:00,33.3,24,34.9,0.0,0.0,1,39,5.1,48,12.9716,77.5946
2025-03-28T13:00,33.9,22,34.3,0.0,0.0,1,34,7.3,62,12.9716,77.5946
2025-03-28T14:00,35.2,18,34.9,0.0,0.0,2,63,7.5,60,12.9716,77.5946
2025-03-28T15:00,34.7,18,32.6,0.0,0.0,3,100,10.3,63,12.9716,77.5946
2025-03-28T16:00,33.3,21,30.9,0.0,0.0,3,100,12.7,77,12.9716,77.5946
2025-03-28T17:00,32.7,22,30.5,0.0,0.0,1,21,11.8,98,12.9716,77.5946
2025-03-28T18:00,31.1,26,29.2,0.0,0.0,0,6,12.2,110,12.9716,77.5946
2025-03-28T19:00,30.1,29,28.5,0.0,0.0,0,6,11.6,108,12.9716,77.5946
2025-03-28T20:00,29.5,30,27.5,0.0,0.0,0,6,12.9,109,12.9716,77.5946
2025-03-28T21:00,27.9,34,26.3,0.0,0.0,0,3,12.6,110,12.9716,77.5946
2025-03-28T22:00,26.5,40,25.1,0.0,0.0,0,4,13.0,118,12.9716,77.5946
2025-03-28T23:00,25.7,41,24.6,0.0,0.0,0,7,11.1,120,12.9716,77.5946
2025-03-29T00:00,25.0,43,24.2,0.0,0.0,0,1,8.9,135,12.9716,77.5946
2025-03-29T01:00,24.3,46,23.6,0.0,0.0,0,3,8.3,141,12.9716,77.5946
2025-03-29T02:00,23.9,47,23.1,0.0,0.0,0,0,9.7,162,12.9716,77.5946
2025-03-29T03:00,23.5,48,22.8,0.0,0.0,0,0,9.4,179,12.9716,77.5946
2025-03-29T04:00,22.9,51,22.4,0.0,0.0,0,0,8.4,189,12.9716,77.5946
2025-03-29T05:00,22.2,54,22.0,0.0,0.0,0,0,6.5,199,12.9716,77.5946
2025-03-29T06:00,22.2,59,22.8,0.0,0.0,0,0,3.8,185,12.9716,77.5946
2025-03-29T07:00,24.0,53,24.6,0.0,0.0,0,7,3.8,185,12.9716,77.5946
2025-03-29T08:00,26.7,46,27.4,0.0,0.0,1,34,4.8,217,12.9716,77.5946
2025-03-29T09:00,28.9,36,28.9,0.0,0.0,1,25,6.7,194,12.9716,77.5946
2025-03-29T10:00,30.7,30,31.7,0.0,0.0,2,63,5.8,175,12.9716,77.5946
2025-03-29T11:00,32.7,22,33.9,0.0,0.0,2,50,5.7,139,12.9716,77.5946
2025-03-29T12:00,34.1,17,34.2,0.0,0.0,2,70,9.7,92,12.9716,77.5946
2025-03-29T13:00,34.4,16,33.8,0.0,0.0,1,30,13.4,78,12.9716,77.5946
2025-03-29T14:00,34.9,15,33.9,0.0,0.0,1,37,12.1,87,12.9716,77.5946
2025-03-29T15:00,34.8,15,32.7,0.0,0.0,1,36,13.2,83,12.9716,77.5946
2025-03-29T16:00,33.7,15,30.0,0.0,0.0,0,14,14.7,78,12.9716,77.5946
2025-03-29T17:00,32.8,17,29.7,0.0,0.0,0,0,12.5,86,12.9716,77.5946
2025-03-29T18:00,31.4,17,28.5,0.0,0.0,0,0,9.6,111,12.9716,77.5946
2025-03-29T19:00,30.2,19,27.6,0.0,0.0,0,0,7.9,114,12.9716,77.5946
2025-03-29T20:00,28.7,22,25.8,0.0,0.0,0,0,11.3,132,12.9716,77.5946
2025-03-29T21:00,27.9,26,24.8,0.0,0.0,0,0,15.7,138,12.9716,77.5946
2025-03-29T22:00,27.0,29,24.2,0.0,0.0,0,0,13.6,131,12.9716,77.5946
2025-03-29T23:00,25.9,32,23.6,0.0,0.0,0,0,12.1,122,12.9716,77.5946
2025-03-30T00:00,25.0,35,23.2,0.0,0.0,0,0,9.8,121,12.9716,77.5946
2025-03-30T01:00,24.2,38,22.5,0.0,0.0,0,0,9.2,118,12.9716,77.5946
2025-03-30T02:00,23.3,40,21.5,0.0,0.0,0,0,10.3,121,12.9716,77.5946
2025-03-30T03:00,22.9,40,21.0,0.0,0.0,0,0,9.6,127,12.9716,77.5946
2025-03-30T04:00,22.5,38,20.3,0.0,0.0,0,0,9.7,129,12.9716,77.5946
2025-03-30T05:00,22.2,34,19.7,0.0,0.0,0,0,9.6,143,12.9716,77.5946
2025-03-30T06:00,22.0,44,20.7,0.0,0.0,0,0,7.1,150,12.9716,77.5946
2025-03-30T07:00,23.4,41,22.3,0.0,0.0,0,0,6.2,147,12.9716,77.5946
2025-03-30T08:00,26.4,35,25.4,0.0,0.0,0,0,6.1,185,12.9716,77.5946
2025-03-30T09:00,28.9,26,27.4,0.0,0.0,0,0,7.0,179,12.9716,77.5946
2025-03-30T10:00,31.1,19,30.4,0.0,0.0,0,0,7.3,152,12.9716,77.5946
2025-03-30T11:00,33.1,14,32.5,0.0,0.0,0,0,8.7,127,12.9716,77.5946
2025-03-30T12:00,34.3,13,33.5,0.0,0.0,0,0,12.0,97,12.9716,77.5946
2025-03-30T13:00,34.4,14,33.2,0.0,0.0,0,0,14.3,80,12.9716,77.5946
2025-03-30T14:00,34.4,15,33.2,0.0,0.0,0,0,13.5,86,12.9716,77.5946
2025-03-30T15:00,34.1,16,31.8,0.0,0.0,0,0,15.3,91,12.9716,77.5946
2025-03-30T16:00,33.7,17,30.4,0.0,0.0,0,3,15.2,85,12.9716,77.5946
2025-03-30T17:00,32.6,18,28.9,0.0,0.0,0,18,17.4,72,12.9716,77.5946
2025-03-30T18:00,30.8,18,27.3,0.0,0.0,0,10,13.5,95,12.9716,77.5946
2025-03-30T19:00,29.1,23,26.5,0.0,0.0,0,0,10.4,129,12.9716,77.5946
2025-03-30T20:00,27.4,28,25.3,0.0,0.0,0,0,9.7,146,12.9716,77.5946
2025-03-30T21:00,26.5,31,24.3,0.0,0.0,0,3,10.9,129,12.9716,77.5946
2025-03-30T22:00,26.0,31,23.6,0.0,0.0,0,0,12.2,117,12.9716,77.5946
2025-03-30T23:00,25.6,32,23.1,0.0,0.0,0,1,12.6,116,12.9716,77.5946
2025-03-31T00:00,25.0,34,22.7,0.0,0.0,0,0,12.2,117,12.9716,77.5946
2025-03-31T01:00,24.2,37,22.1,0.0,0.0,0,0,11.1,120,12.9716,77.5946
2025-03-31T02:00,23.5,39,21.7,0.0,0.0,0,0,10.5,119,12.9716,77.5946
2025-03-31T03:00,23.0,42,21.4,0.0,0.0,0,0,9.6,120,12.9716,77.5946
2025-03-31T04:00,22.6,43,21.6,0.0,0.0,0,0,5.5,126,12.9716,77.5946
2025-03-31T05:00,22.1,46,21.2,0.0,0.0,0,0,5.7,139,12.9716,77.5946
2025-03-31T06:00,21.5,47,21.0,0.0,0.0,0,0,2.5,184,12.9716,77.5946
2025-03-31T07:00,23.2,42,22.8,0.0,0.0,0,2,2.0,175,12.9716,77.5946
2025-03-31T08:00,26.4,32,25.6,0.0,0.0,0,15,2.3,198,12.9716,77.5946
2025-03-31T09:00,29.1,25,28.0,0.0,0.0,0,13,3.6,221,12.9716,77.5946
2025-03-31T10:00,31.3,19,31.3,0.0,0.0,0,3,2.6,164,12.9716,77.5946
2025-03-31T11:00,33.2,15,33.0,0.0,0.0,0,14,7.1,99,12.9716,77.5946
2025-03-31T12:00,33.8,17,33.1,0.0,0.0,1,47,13.6,82,12.9716,77.5946
2025-03-31T13:00,33.3,19,31.9,0.0,0.0,0,10,13.3,74,12.9716,77.5946
2025-03-31T14:00,34.4,17,32.8,0.0,0.0,0,13,15.0,72,12.9716,77.5946
2025-03-31T15:00,34.0,17,31.8,0.0,0.0,3,87,14.7,57,12.9716,77.5946
2025-03-31T16:00,33.8,17,30.4,0.0,0.0,3,82,15.1,78,12.9716,77.5946
2025-03-31T17:00,32.4,21,29.1,0.0,0.0,1,43,16.7,65,12.9716,77.5946
2025-03-31T18:00,30.5,26,28.1,0.0,0.0,3,81,14.1,93,12.9716,77.5946
2025-03-31T19:00,29.1,30,26.9,0.0,0.0,2,75,14.4,99,12.9716,77.5946
2025-03-31T20:00,28.0,34,26.5,0.0,0.0,0,18,11.7,103,12.9716,77.5946
2025-03-31T21:00,27.0,38,25.9,0.0,0.0,0,7,10.6,108,12.9716,77.5946
2025-03-31T22:00,25.8,42,24.7,0.0,0.0,0,5,11.4,113,12.9716,77.5946
2025-03-31T23:00,24.7,47,24.1,0.0,0.0,0,4,10.2,108,12.9716,77.5946
2025-04-01T00:00,24.1,51,23.6,0.0,0.0,0,0,10.5,106,12.9716,77.5946
2025-04-01T01:00,22.8,59,22.5,0.0,0.0,0,0,12.0,106,12.9716,77.5946
2025-04-01T02:00,21.5,72,21.9,0.0,0.0,0,0,11.5,115,12.9716,77.5946
2025-04-01T03:00,20.4,83,21.8,0.0,0.0,0,0,9.2,133,12.9716,77.5946
2025-04-01T04:00,19.9,88,21.4,0.0,0.0,0,0,8.5,151,12.9716,77.5946
2025-04-01T05:00,19.6,88,21.0,0.0,0.0,0,0,8.7,132,12.9716,77.5946
2025-04-01T06:00,20.5,83,22.3,0.0,0.0,0,0,5.7,143,12.9716,77.5946
2025-04-01T07:00,21.9,75,23.8,0.0,0.0,0,0,4.8,169,12.9716,77.5946
2025-04-01T08:00,24.2,64,25.8,0.0,0.0,1,30,6.0,187,12.9716,77.5946
2025-04-01T09:00,26.6,53,28.6,0.0,0.0,0,5,3.5,208,12.9716,77.5946
2025-04-01T10:00,29.1,40,31.9,0.0,0.0,1,29,0.9,281,12.9716,77.5946
2025-04-01T11:00,31.1,30,33.3,0.0,0.0,0,14,5.0,15,12.9716,77.5946
2025-04-01T12:00,32.5,23,33.5,0.0,0.0,1,31,9.7,28,12.9716,77.5946
2025-04-01T13:00,32.8,23,33.4,0.0,0.0,1,40,11.5,32,12.9716,77.5946
2025-04-01T14:00,33.3,22,33.8,0.0,0.0,0,14,8.8,49,12.9716,77.5946
2025-04-01T15:00,32.9,21,31.6,0.0,0.0,0,6,11.0,71,12.9716,77.5946
2025-04-01T16:00,32.0,23,29.6,0.0,0.0,2,52,12.4,71,12.9716,77.5946
2025-04-01T17:00,30.6,25,28.1,0.0,0.0,0,18,13.6,79,12.9716,77.5946
2025-04-01T18:00,29.5,28,27.5,0.0,0.0,2,63,11.8,107,12.9716,77.5946
2025-04-01T19:00,27.7,37,26.5,0.0,0.0,0,8,11.7,108,12.9716,77.5946
2025-04-01T20:00,26.9,41,26.1,0.0,0.0,0,6,11.3,108,12.9716,77.5946
2025-04-01T21:00,25.8,47,25.0,0.0,0.0,0,0,12.7,111,12.9716,77.5946
2025-04-01T22:00,24.7,52,24.0,0.0,0.0,0,2,13.8,126,12.9716,77.5946
2025-04-01T23:00,23.0,66,23.2,0.0,0.0,0,14,13.9,124,12.9716,77.5946
2025-04-02T00:00,21.9,78,22.9,0.0,0.0,0,8,12.6,121,12.9716,77.5946
2025-04-02T01:00,21.4,83,22.8,0.0,0.0,0,6,11.6,147,12.9716,77.5946
2025-04-02T02:00,20.9,87,22.8,0.0,0.0,0,7,8.6,150,12.9716,77.5946
2025-04-02T03:00,20.6,89,22.7,0.0,0.0,1,28,6.9,127,12.9716,77.5946
2025-04-02T04:00,20.4,90,22.6,0.0,0.0,0,17,6.7,136,12.9716,77.5946
2025-04-02T05:00,20.4,89,22.2,0.0,0.0,1,28,8.4,140,12.9716,77.5946
2025-04-02T06:00,20.5,91,22.6,0.0,0.0,3,99,8.3,134,12.9716,77.5946
2025-04-02T07:00,21.7,82,23.4,0.0,0.0,1,34,9.5,147,12.9716,77.5946
2025-04-02T08:00,24.0,68,25.3,0.0,0.0,1,23,10.2,154,12.9716,77.5946
2025-04-02T09:00,26.4,56,27.5,0.0,0.0,0,15,9.4,154,12.9716,77.5946
2025-04-02T10:00,28.5,46,30.4,0.0,0.0,0,9,9.3,151,12.9716,77.5946
2025-04-02T11:00,30.1,38,32.4,0.0,0.0,0,14,7.4,151,12.9716,77.5946
2025-04-02T12:00,31.6,33,34.0,0.0,0.0,0,12,6.9,147,12.9716,77.5946
2025-04-02T13:00,32.5,31,34.5,0.0,0.0,0,16,8.2,148,12.9716,77.5946
2025-04-02T14:00,32.6,30,33.9,0.0,0.0,1,25,9.0,133,12.9716,77.5946
2025-04-02T15:00,32.4,32,33.0,0.0,0.0,1,24,9.7,115,12.9716,77.5946
2025-04-02T16:00,31.5,34,31.1,0.1,0.1,51,26,10.3,112,12.9716,77.5946
2025-04-02T17:00,30.4,37,29.9,0.0,0.0,1,30,11.7,113,12.9716,77.5946
2025-04-02T18:00,29.5,37,28.7,0.0,0.0,0,14,11.9,120,12.9716,77.5946
2025-04-02T19:00,28.4,41,27.8,0.0,0.0,1,21,12.5,118,12.9716,77.5946
2025-04-02T20:00,28.1,41,27.9,0.0,0.0,1,32,9.0,121,12.9716,77.5946
2025-04-02T21:00,26.0,57,26.3,0.0,0.0,1,20,13.9,131,12.9716,77.5946
2025-04-02T22:00,24.6,68,25.9,0.0,0.0,0,17,11.2,154,12.9716,77.5946
2025-04-02T23:00,24.0,72,25.7,0.0,0.0,3,90,10.4,146,12.9716,77.5946
2025-04-03T00:00,23.4,77,25.4,0.0,0.0,3,100,9.3,148,12.9716,77.5946
2025-04-03T01:00,22.9,80,25.2,0.0,0.0,3,94,8.0,149,12.9716,77.5946
2025-04-03T02:00,22.7,81,25.2,0.0,0.0,3,99,6.2,154,12.9716,77.5946
2025-04-03T03:00,22.3,83,24.9,0.0,0.0,3,96,5.6,149,12.9716,77.5946
2025-04-03T04:00,21.6,84,24.0,0.4,0.4,51,91,6.0,123,12.9716,77.5946
2025-04-03T05:00,20.7,90,23.2,1.4,1.4,61,64,6.1,109,12.9716,77.5946
2025-04-03T06:00,20.6,89,23.4,0.4,0.4,51,100,3.0,52,12.9716,77.5946
2025-04-03T07:00,21.3,85,23.9,0.2,0.2,51,85,4.4,117,12.9716,77.5946
2025-04-03T08:00,23.9,73,26.3,0.0,0.0,3,100,5.6,112,12.9716,77.5946
2025-04-03T09:00,26.2,61,28.5,0.0,0.0,2,66,4.8,135,12.9716,77.5946
2025-04-03T10:00,28.6,51,31.7,0.0,0.0,0,17,4.7,137,12.9716,77.5946
2025-04-03T11:00,30.0,45,33.3,0.1,0.1,51,50,7.0,122,12.9716,77.5946
2025-04-03T12:00,31.3,39,34.1,0.0,0.0,1,43,6.3,121,12.9716,77.5946
2025-04-03T13:00,32.3,35,34.7,0.0,0.0,3,88,7.4,104,12.9716,77.5946
2025-04-03T14:00,32.7,35,33.8,0.0,0.0,3,100,11.6,106,12.9716,77.5946
2025-04-03T15:00,28.2,50,29.5,1.8,1.8,61,62,7.8,138,12.9716,77.5946
2025-04-03T16:00,29.2,46,31.0,0.3,0.3,51,40,2.4,144,12.9716,77.5946
2025-04-03T17:00,26.3,60,28.9,3.4,3.4,63,99,2.0,260,12.9716,77.5946
2025-04-03T18:00,25.8,66,28.2,0.0,0.0,3,99,6.0,147,12.9716,77.5946
2025-04-03T19:00,24.8,74,27.5,0.0,0.0,3,96,6.5,134,12.9716,77.5946
2025-04-03T20:00,24.1,77,26.7,0.0,0.0,3,99,7.7,127,12.9716,77.5946
2025-04-03T21:00,23.4,80,25.9,0.0,0.0,3,99,7.9,139,12.9716,77.5946
2025-04-03T22:00,22.7,83,25.4,0.0,0.0,3,91,6.4,137,12.9716,77.5946
2025-04-03T23:00,22.5,85,25.9,0.0,0.0,3,82,3.0,128,12.9716,77.5946
2025-04-04T00:00,22.0,89,25.9,0.0,0.0,1,39,0.0,270,12.9716,77.5946
2025-04-04T01:00,21.6,90,25.0,0.0,0.0,2,79,1.9,343,12.9716,77.5946
2025-04-04T02:00,21.0,94,24.6,0.0,0.0,2,77,1.5,14,12.9716,77.5946
2025-04-04T03:00,20.8,94,24.0,0.0,0.0,3,84,2.9,338,12.9716,77.5946
2025-04-04T04:00,20.4,94,22.7,0.0,0.0,1,21,8.0,332,12.9716,77.5946
2025-04-04T05:00,19.9,92,22.0,0.0,0.0,0,5,7.3,330,12.9716,77.5946
2025-04-04T06:00,20.8,89,22.9,0.0,0.0,3,100,8.4,350,12.9716,77.5946
2025-04-04T07:00,20.7,91,22.9,0.3,0.3,51,100,8.0,340,12.9716,77.5946
2025-04-04T08:00,21.1,89,23.2,0.7,0.7,53,100,9.7,359,12.9716,77.5946
2025-04-04T09:00,21.6,87,24.0,0.5,0.5,53,100,7.7,21,12.9716,77.5946
2025-04-04T10:00,23.1,78,25.6,0.2,0.2,51,100,6.2,26,12.9716,77.5946
2025-04-04T11:00,24.9,66,27.3,0.0,0.0,3,100,3.5,69,12.9716,77.5946
2025-04-04T12:00,25.9,61,28.2,0.0,0.0,3,97,2.8,40,12.9716,77.5946
2025-04-04T13:00,27.8,55,31.5,0.0,0.0,1,49,6.2,22,12.9716,77.5946
2025-04-04T14:00,28.9,50,32.5,0.0,0.0,1,22,6.7,20,12.9716,77.5946
2025-04-04T15:00,29.1,47,31.0,0.1,0.1,51,29,6.7,351,12.9716,77.5946
2025-04-04T16:00,28.6,47,29.9,0.1,0.1,51,57,5.6,61,12.9716,77.5946
2025-04-04T17:00,27.0,60,29.3,0.1,0.1,51,60,5.2,131,12.9716,77.5946
2025-04-04T18:00,23.9,72,25.4,0.6,0.6,53,68,10.4,28,12.9716,77.5946
2025-04-04T19:00,22.9,79,25.1,0.2,0.2,51,41,8.0,62,12.9716,77.5946
2025-04-04T20:00,22.7,81,25.3,0.1,0.1,51,87,6.4,80,12.9716,77.5946
2025-04-04T21:00,22.3,83,24.6,0.1,0.1,51,82,7.3,107,12.9716,77.5946
2025-04-04T22:00,21.7,84,23.9,0.0,0.0,2,57,7.2,109,12.9716,77.5946
2025-04-04T23:00,21.3,87,24.1,0.0,0.0,3,89,3.7,169,12.9716,77.5946
2025-04-05T00:00,21.0,89,23.6,0.0,0.0,3,96,6.1,175,12.9716,77.5946
2025-04-05T01:00,20.6,90,23.5,0.0,0.0,2,69,2.9,191,12.9716,77.5946
2025-04-05T02:00,20.1,93,22.7,0.0,0.0,1,40,5.1,157,12.9716,77.5946
2025-04-05T03:00,19.8,94,22.6,0.0,0.0,0,18,3.6,162,12.9716,77.5946
2025-04-05T04:00,19.6,96,22.6,0.0,0.0,1,41,1.9,209,12.9716,77.5946
2025-04-05T05:00,19.5,96,22.3,0.0,0.0,2,69,3.8,177,12.9716,77.5946
2025-04-05T06:00,20.6,95,23.8,0.0,0.0,3,100,3.3,174,12.9716,77.5946
2025-04-05T07:00,21.6,90,24.9,0.0,0.0,3,93,2.4,171,12.9716,77.5946
2025-04-05T08:00,23.7,76,26.7,0.0,0.0,3,94,3.3,186,12.9716,77.5946
2025-04-05T09:00,25.5,66,28.5,0.0,0.0,3,100,2.9,169,12.9716,77.5946
2025-04-05T10:00,27.2,56,30.9,0.0,0.0,1,42,3.8,82,12.9716,77.5946
2025-04-05T11:00,28.5,50,32.2,0.0,0.0,3,88,6.5,77,12.9716,77.5946
2025-04-05T12:00,29.3,47,33.2,0.0,0.0,3,88,6.1,76,12.9716,77.5946
2025-04-05T13:00,30.1,45,34.1,0.0,0.0,3,100,4.8,79,12.9716,77.5946
2025-04-05T14:00,30.7,43,34.3,0.0,0.0,3,97,4.1,77,12.9716,77.5946
2025-04-05T15:00,31.1,41,33.6,0.0,0.0,1,47,6.4,65,12.9716,77.5946
2025-04-05T16:00,30.6,41,31.7,0.0,0.0,2,67,5.9,63,12.9716,77.5946
2025-04-05T17:00,29.4,43,30.4,0.0,0.0,1,47,6.5,96,12.9716,77.5946
2025-04-05T18:00,27.7,53,29.6,0.0,0.0,2,68,4.3,107,12.9716,77.5946
2025-04-05T19:00,26.6,54,27.4,0.0,0.0,3,95,9.8,110,12.9716,77.5946
2025-04-05T20:00,24.7,66,26.1,0.0,0.0,3,99,9.1,122,12.9716,77.5946
2025-04-05T21:00,24.2,69,25.7,0.0,0.0,1,45,9.0,149,12.9716,77.5946
2025-04-05T22:00,23.3,75,25.6,0.0,0.0,2,61,5.8,234,12.9716,77.5946
2025-04-05T23:00,23.0,80,26.3,0.0,0.0,1,49,1.0,68,12.9716,77.5946
2025-04-06T00:00,22.6,81,25.6,0.0,0.0,0,17,3.3,158,12.9716,77.5946
2025-04-06T01:00,22.3,82,25.2,0.0,0.0,2,59,3.6,150,12.9716,77.5946
2025-04-06T02:00,21.8,86,24.9,0.0,0.0,1,23,2.7,118,12.9716,77.5946
2025-04-06T03:00,21.4,88,24.6,0.0,0.0,1,25,1.8,96,12.9716,77.5946
2025-04-06T04:00,21.1,88,24.0,0.0,0.0,1,25,2.7,110,12.9716,77.5946
2025-04-06T05:00,20.9,88,23.6,0.0,0.0,0,4,3.7,129,12.9716,77.5946
2025-04-06T06:00,22.1,87,25.4,0.0,0.0,3,100,3.1,100,12.9716,77.5946
2025-04-06T07:00,23.1,81,26.3,0.0,0.0,3,93,2.7,138,12.9716,77.5946
2025-04-06T08:00,24.8,71,27.8,0.0,0.0,2,63,3.1,159,12.9716,77.5946
2025-04-06T09:00,26.8,58,29.4,0.0,0.0,0,13,2.1,165,12.9716,77.5946
2025-04-06T10:00,28.8,49,32.2,0.0,0.0,0,3,1.8,96,12.9716,77.5946
2025-04-06T11:00,30.6,42,34.5,0.0,0.0,1,21,3.6,57,12.9716,77.5946
2025-04-06T12:00,31.8,38,35.2,0.0,0.0,1,35,5.5,36,12.9716,77.5946
2025-04-06T13:00,32.6,35,34.5,0.0,0.0,1,39,9.4,26,12.9716,77.5946
2025-04-06T14:00,32.3,33,32.9,0.0,0.0,2,65,10.7,22,12.9716,77.5946
2025-04-06T15:00,32.9,31,32.6,0.0,0.0,1,27,9.4,38,12.9716,77.5946
2025-04-06T16:00,32.8,29,31.8,0.0,0.0,3,85,11.1,31,12.9716,77.5946
2025-04-06T17:00,31.7,29,30.1,0.0,0.0,1,37,13.3,28,12.9716,77.5946
2025-04-06T18:00,30.1,34,29.6,0.0,0.0,1,26,8.1,78,12.9716,77.5946
2025-04-06T19:00,28.2,40,27.6,0.0,0.0,1,27,11.2,102,12.9716,77.5946
2025-04-06T20:00,27.6,41,26.9,0.0,0.0,0,16,11.4,74,12.9716,77.5946
2025-04-06T21:00,27.1,42,26.3,0.0,0.0,1,30,12.1,79,12.9716,77.5946
2025-04-06T22:00,26.2,45,25.6,0.0,0.0,0,19,11.5,112,12.9716,77.5946
2025-04-06T23:00,24.9,53,25.0,0.0,0.0,0,9,10.0,131,12.9716,77.5946
2025-04-07T00:00,24.1,62,25.2,0.0,0.0,0,11,7.6,133,12.9716,77.5946
2025-04-07T01:00,23.4,70,24.9,0.0,0.0,1,20,8.1,135,12.9716,77.5946
2025-04-07T02:00,22.8,78,25.1,0.0,0.0,0,2,6.4,130,12.9716,77.5946
2025-04-07T03:00,21.9,88,24.7,0.0,0.0,2,59,6.1,118,12.9716,77.5946
2025-04-07T04:00,21.4,93,24.3,0.0,0.0,1,47,7.1,117,12.9716,77.5946
2025-04-07T05:00,21.0,95,23.8,0.0,0.0,2,68,8.0,124,12.9716,77.5946
2025-04-07T06:00,21.4,93,24.5,0.0,0.0,0,11,5.8,124,12.9716,77.5946
2025-04-07T07:00,22.7,86,26.0,0.0,0.0,0,5,3.5,114,12.9716,77.5946
2025-04-07T08:00,25.5,66,28.2,0.0,0.0,0,0,3.0,128,12.9716,77.5946
2025-04-07T09:00,28.5,44,29.8,0.0,0.0,0,0,4.7,92,12.9716,77.5946
2025-04-07T10:00,31.1,28,31.4,0.0,0.0,0,0,8.7,83,12.9716,77.5946
2025-04-07T11:00,32.5,25,33.1,0.0,0.0,0,0,11.4,75,12.9716,77.5946
2025-04-07T12:00,34.0,19,34.0,0.0,0.0,0,0,12.3,61,12.9716,77.5946
2025-04-07T13:00,34.5,18,33.6,0.0,0.0,0,1,16.3,54,12.9716,77.5946
2025-04-07T14:00,34.5,19,33.6,0.0,0.0,0,1,15.0,56,12.9716,77.5946
2025-04-07T15:00,34.8,19,33.2,0.0,0.0,0,5,13.4,64,12.9716,77.5946
2025-04-07T16:00,34.4,18,31.4,0.0,0.0,1,32,15.1,75,12.9716,77.5946
2025-04-07T17:00,32.9,21,29.7,0.0,0.0,3,99,16.5,74,12.9716,77.5946
2025-04-07T18:00,30.4,28,28.8,0.0,0.0,1,48,10.2,114,12.9716,77.5946
2025-04-07T19:00,28.8,34,27.4,0.0,0.0,3,83,11.8,102,12.9716,77.5946
2025-04-07T20:00,27.8,37,26.4,0.0,0.0,3,82,12.8,101,12.9716,77.5946
2025-04-07T21:00,26.8,41,25.8,0.0,0.0,3,81,11.2,101,12.9716,77.5946
2025-04-07T22:00,26.0,43,24.9,0.0,0.0,2,69,13.0,100,12.9716,77.5946
2025-04-07T23:00,24.9,47,24.2,0.0,0.0,3,87,10.6,111,12.9716,77.5946
2025-04-08T00:00,23.7,57,23.9,0.0,0.0,2,69,9.0,120,12.9716,77.5946
2025-04-08T01:00,22.8,68,23.8,0.0,0.0,2,73,8.2,105,12.9716,77.5946
2025-04-08T02:00,21.9,76,23.4,0.0,0.0,2,70,7.7,111,12.9716,77.5946
2025-04-08T03:00,21.2,81,23.1,0.0,0.0,3,88,6.8,108,12.9716,77.5946
2025-04-08T04:00,20.7,86,22.7,0.0,0.0,3,81,6.2,116,12.9716,77.5946
2025-04-08T05:00,20.3,89,22.6,0.0,0.0,1,48,5.1,132,12.9716,77.5946
2025-04-08T06:00,21.6,89,24.5,0.0,0.0,2,54,5.8,146,12.9716,77.5946
2025-04-08T07:00,23.6,76,26.4,0.0,0.0,1,43,4.6,171,12.9716,77.5946
2025-04-08T08:00,26.6,55,28.0,0.0,0.0,0,0,6.9,187,12.9716,77.5946
2025-04-08T09:00,28.9,42,30.1,0.0,0.0,0,0,5.0,165,12.9716,77.5946
2025-04-08T10:00,31.4,26,32.2,0.0,0.0,0,0,5.2,96,12.9716,77.5946
2025-04-08T11:00,33.0,20,32.9,0.0,0.0,0,10,11.0,69,12.9716,77.5946
2025-04-08T12:00,33.5,21,33.6,0.0,0.0,1,26,12.7,67,12.9716,77.5946
2025-04-08T13:00,34.0,18,32.6,0.0,0.0,1,27,14.0,64,12.9716,77.5946
2025-04-08T14:00,34.1,18,32.3,0.0,0.0,0,14,16.0,64,12.9716,77.5946
2025-04-08T15:00,34.4,18,32.2,0.0,0.0,2,63,13.6,62,12.9716,77.5946
2025-04-08T16:00,33.9,17,31.0,0.0,0.0,3,87,11.8,78,12.9716,77.5946
2025-04-08T17:00,31.2,26,28.0,0.0,0.0,3,86,20.6,72,12.9716,77.5946
2025-04-08T18:00,29.8,28,27.1,0.0,0.0,2,59,17.0,77,12.9716,77.5946
2025-04-08T19:00,28.6,32,26.7,0.0,0.0,0,17,13.9,77,12.9716,77.5946
2025-04-08T20:00,27.6,37,25.9,0.0,0.0,0,13,14.8,88,12.9716,77.5946
2025-04-08T21:00,26.9,40,26.0,0.0,0.0,0,4,10.9,83,12.9716,77.5946
2025-04-08T22:00,26.2,42,25.4,0.0,0.0,0,19,10.3,89,12.9716,77.5946
2025-04-08T23:00,25.2,45,24.1,0.0,0.0,0,8,11.8,98,12.9716,77.5946
2025-04-09T00:00,24.0,51,23.5,0.0,0.0,0,6,10.3,95,12.9716,77.5946
2025-04-09T01:00,23.0,58,23.0,0.0,0.0,0,2,8.7,95,12.9716,77.5946
2025-04-09T02:00,22.0,65,22.5,0.0,0.0,0,0,8.0,95,12.9716,77.5946
2025-04-09T03:00,21.3,70,22.3,0.0,0.0,0,2,6.5,82,12.9716,77.5946
2025-04-09T04:00,20.9,74,22.3,0.0,0.0,0,2,4.6,54,12.9716,77.5946
2025-04-09T05:00,20.6,76,22.1,0.0,0.0,0,5,4.2,43,12.9716,77.5946
2025-04-09T06:00,21.2,79,22.7,0.0,0.0,3,100,7.6,82,12.9716,77.5946
2025-04-09T07:00,22.8,70,24.5,0.0,0.0,3,98,4.9,90,12.9716,77.5946
2025-04-09T08:00,25.9,48,26.4,0.0,0.0,2,52,5.5,99,12.9716,77.5946
2025-04-09T09:00,28.5,37,28.7,0.0,0.0,0,5,6.2,97,12.9716,77.5946
2025-04-09T10:00,30.9,28,31.4,0.0,0.0,0,13,8.1,77,12.9716,77.5946
2025-04-09T11:00,32.4,24,32.8,0.0,0.0,0,1,11.8,62,12.9716,77.5946
2025-04-09T12:00,33.3,22,33.5,0.0,0.0,1,29,13.8,50,12.9716,77.5946
2025-04-09T13:00,33.0,23,32.5,0.0,0.0,2,62,14.2,40,12.9716,77.5946
2025-04-09T14:00,32.9,23,32.1,0.0,0.0,1,49,13.1,49,12.9716,77.5946
2025-04-09T15:00,33.1,22,31.6,0.0,0.0,1,44,10.7,48,12.9716,77.5946
2025-04-09T16:00,32.9,21,30.5,0.0,0.0,1,47,11.5,45,12.9716,77.5946
2025-04-09T17:00,31.6,25,29.4,0.0,0.0,1,47,12.7,36,12.9716,77.5946
2025-04-09T18:00,30.5,26,28.6,0.0,0.0,2,79,11.5,63,12.9716,77.5946
2025-04-09T19:00,29.5,31,28.2,0.0,0.0,1,23,10.4,81,12.9716,77.5946
2025-04-09T20:00,28.2,35,27.3,0.0,0.0,0,5,9.2,91,12.9716,77.5946
2025-04-09T21:00,27.3,38,26.5,0.0,0.0,0,4,8.7,97,12.9716,77.5946
2025-04-09T22:00,26.9,37,25.9,0.0,0.0,0,0,8.8,86,12.9716,77.5946
2025-04-09T23:00,26.0,40,24.8,0.0,0.0,0,14,11.2,122,12.9716,77.5946
2025-04-10T00:00,24.7,47,24.2,0.0,0.0,0,9,8.7,137,12.9716,77.5946
2025-04-10T01:00,23.9,54,23.8,0.0,0.0,1,27,9.4,122,12.9716,77.5946
2025-04-10T02:00,23.0,60,23.5,0.0,0.0,3,100,7.2,176,12.9716,77.5946
2025-04-10T03:00,22.6,61,22.9,0.0,0.0,3,98,8.2,189,12.9716,77.5946
2025-04-10T04:00,21.6,67,22.0,0.0,0.0,3,99,9.1,197,12.9716,77.5946
2025-04-10T05:00,20.8,82,22.3,0.0,0.0,3,99,8.8,203,12.9716,77.5946
2025-04-10T06:00,20.9,91,23.2,0.0,0.0,3,86,8.2,218,12.9716,77.5946
2025-04-10T07:00,22.4,83,24.9,0.0,0.0,3,99,7.0,228,12.9716,77.5946
2025-04-10T08:00,25.1,68,26.9,0.0,0.0,3,99,9.1,234,12.9716,77.5946
2025-04-10T09:00,27.3,56,28.4,0.0,0.0,3,100,11.1,236,12.9716,77.5946
2025-04-10T10:00,29.9,41,31.6,0.0,0.0,3,100,9.2,254,12.9716,77.5946
2025-04-10T11:00,31.2,33,32.8,0.0,0.0,3,100,6.4,280,12.9716,77.5946
2025-04-10T12:00,32.0,29,33.0,0.0,0.0,2,79,6.8,299,12.9716,77.5946
2025-04-10T13:00,33.2,26,34.2,0.0,0.0,3,100,7.8,323,12.9716,77.5946
2025-04-10T14:00,33.0,25,32.0,0.0,0.0,3,100,9.4,340,12.9716,77.5946
2025-04-10T15:00,32.5,25,31.4,0.0,0.0,1,20,8.0,346,12.9716,77.5946
2025-04-10T16:00,32.5,25,31.2,0.0,0.0,2,72,7.6,359,12.9716,77.5946
2025-04-10T17:00,31.6,26,30.6,0.0,0.0,0,13,6.4,8,12.9716,77.5946
2025-04-10T18:00,30.3,33,30.4,0.0,0.0,3,94,4.5,268,12.9716,77.5946
2025-04-10T19:00,29.4,36,29.3,0.0,0.0,3,100,5.9,259,12.9716,77.5946
2025-04-10T20:00,28.7,38,28.7,0.0,0.0,3,84,6.5,262,12.9716,77.5946
2025-04-10T21:00,27.7,41,27.5,0.0,0.0,3,96,8.6,300,12.9716,77.5946
2025-04-10T22:00,25.7,53,26.0,0.0,0.0,3,86,10.3,293,12.9716,77.5946
2025-04-10T23:00,24.7,61,25.8,0.0,0.0,1,37,8.9,283,12.9716,77.5946
2025-04-11T00:00,23.9,66,25.4,0.0,0.0,0,12,7.4,284,12.9716,77.5946
2025-04-11T01:00,23.3,70,25.0,0.0,0.0,1,25,6.6,286,12.9716,77.5946
2025-04-11T02:00,22.7,74,24.7,0.0,0.0,0,0,5.4,262,12.9716,77.5946
2025-04-11T03:00,21.9,80,23.6,0.0,0.0,2,67,8.1,227,12.9716,77.5946
2025-04-11T04:00,21.3,83,23.1,0.0,0.0,1,44,8.0,230,12.9716,77.5946
2025-04-11T05:00,20.7,87,22.5,0.0,0.0,0,5,8.7,222,12.9716,77.5946
2025-04-11T06:00,21.5,80,23.4,0.0,0.0,0,4,6.4,260,12.9716,77.5946
2025-04-11T07:00,22.9,72,24.4,0.0,0.0,0,1,8.2,256,12.9716,77.5946
2025-04-11T08:00,25.1,60,26.1,0.0,0.0,0,1,10.1,248,12.9716,77.5946
2025-04-11T09:00,27.4,52,28.4,0.0,0.0,0,1,11.0,251,12.9716,77.5946
2025-04-11T10:00,29.6,45,31.7,0.0,0.0,0,3,10.3,265,12.9716,77.5946
2025-04-11T11:00,31.6,36,33.9,0.0,0.0,0,5,10.2,279,12.9716,77.5946
2025-04-11T12:00,33.1,31,35.3,0.0,0.0,0,6,10.2,293,12.9716,77.5946
2025-04-11T13:00,34.1,27,35.9,0.0,0.0,1,30,9.3,311,12.9716,77.5946
2025-04-11T14:00,33.7,27,34.4,0.0,0.0,2,50,7.5,310,12.9716,77.5946
2025-04-11T15:00,33.6,27,33.7,0.0,0.0,2,59,3.7,325,12.9716,77.5946
2025-04-11T16:00,31.9,31,31.4,0.0,0.0,2,55,9.0,345,12.9716,77.5946
2025-04-11T17:00,24.5,61,25.5,2.9,2.9,63,100,8.3,265,12.9716,77.5946
2025-04-11T18:00,30.0,35,30.4,0.0,0.0,3,84,2.7,212,12.9716,77.5946
2025-04-11T19:00,23.4,68,24.0,1.5,1.5,61,55,13.0,194,12.9716,77.5946
2025-04-11T20:00,24.8,63,26.9,0.1,0.1,51,53,3.2,47,12.9716,77.5946
2025-04-11T21:00,24.6,66,26.4,0.2,0.2,51,46,6.1,225,12.9716,77.5946
2025-04-11T22:00,23.7,64,25.0,0.0,0.0,0,13,6.6,249,12.9716,77.5946
2025-04-11T23:00,23.3,69,25.3,0.0,0.0,0,18,3.8,275,12.9716,77.5946
2025-04-12T00:00,23.4,64,24.5,0.0,0.0,0,10,6.9,290,12.9716,77.5946
2025-04-12T01:00,22.7,67,23.9,0.0,0.0,1,45,6.7,256,12.9716,77.5946
2025-04-12T02:00,22.1,71,23.6,0.0,0.0,3,100,5.5,234,12.9716,77.5946
2025-04-12T03:00,21.8,73,23.2,0.0,0.0,3,88,6.6,223,12.9716,77.5946
2025-04-12T04:00,21.5,77,23.1,0.0,0.0,2,73,5.8,240,12.9716,77.5946
2025-04-12T05:00,21.3,80,23.2,0.0,0.0,1,41,5.8,231,12.9716,77.5946
2025-04-12T06:00,20.6,89,22.7,0.0,0.0,3,100,8.1,227,12.9716,77.5946
2025-04-12T07:00,21.5,88,24.2,0.0,0.0,2,74,6.3,235,12.9716,77.5946
2025-04-12T08:00,23.9,77,26.5,0.0,0.0,1,30,6.6,237,12.9716,77.5946
2025-04-12T09:00,26.7,60,28.9,0.0,0.0,0,2,7.4,256,12.9716,77.5946
2025-04-12T10:00,29.2,46,31.8,0.0,0.0,0,0,7.4,276,12.9716,77.5946
2025-04-12T11:00,31.1,38,34.1,0.0,0.0,0,4,6.9,300,12.9716,77.5946
2025-04-12T12:00,32.4,34,35.5,0.0,0.0,0,15,7.2,321,12.9716,77.5946
2025-04-12T13:00,33.3,31,35.8,0.0,0.0,2,51,8.1,356,12.9716,77.5946
2025-04-12T14:00,33.5,29,34.2,0.0,0.0,2,69,9.5,27,12.9716,77.5946
2025-04-12T15:00,30.8,34,31.2,0.4,0.4,51,49,4.6,339,12.9716,77.5946
2025-04-12T16:00,29.9,37,29.4,0.2,0.2,51,99,11.0,32,12.9716,77.5946
2025-04-12T17:00,25.6,56,26.5,0.8,0.8,53,100,8.7,253,12.9716,77.5946
2025-04-12T18:00,27.3,50,29.0,0.0,0.0,0,19,2.7,184,12.9716,77.5946
2025-04-12T19:00,25.5,59,27.0,0.1,0.1,51,44,6.1,284,12.9716,77.5946
2025-04-12T20:00,23.0,67,24.0,0.0,0.0,2,58,8.3,316,12.9716,77.5946
2025-04-12T21:00,23.2,69,25.3,0.0,0.0,3,100,3.3,131,12.9716,77.5946
2025-04-12T22:00,23.5,69,25.6,0.0,0.0,3,100,3.9,112,12.9716,77.5946
2025-04-12T23:00,23.7,72,26.4,0.0,0.0,3,98,2.2,156,12.9716,77.5946
2025-04-13T00:00,23.8,73,26.5,0.0,0.0,2,50,2.7,200,12.9716,77.5946
2025-04-13T01:00,23.2,72,25.6,0.0,0.0,3,82,3.0,303,12.9716,77.5946
2025-04-13T02:00,22.6,71,24.1,0.0,0.0,3,98,7.0,310,12.9716,77.5946
2025-04-13T03:00,22.2,71,23.9,0.0,0.0,3,89,4.2,320,12.9716,77.5946
2025-04-13T04:00,21.7,76,23.9,0.0,0.0,1,45,2.7,298,12.9716,77.5946
2025-04-13T05:00,21.5,75,23.3,0.0,0.0,3,100,3.7,284,12.9716,77.5946
2025-04-13T06:00,21.1,75,22.6,0.0,0.0,1,34,4.5,74,12.9716,77.5946
2025-04-13T07:00,22.7,71,24.9,0.0,0.0,0,16,1.9,343,12.9716,77.5946
2025-04-13T08:00,25.4,59,27.5,0.0,0.0,3,99,1.9,319,12.9716,77.5946
2025-04-13T09:00,27.1,51,28.8,0.0,0.0,3,84,2.8,305,12.9716,77.5946
2025-04-13T10:00,28.6,45,30.0,0.0,0.0,1,30,4.7,16,12.9716,77.5946
2025-04-13T11:00,29.0,42,30.8,0.3,0.3,51,25,7.8,42,12.9716,77.5946
2025-04-13T12:00,30.4,40,33.0,0.0,0.0,1,20,5.4,4,12.9716,77.5946
2025-04-13T13:00,31.4,37,33.7,0.0,0.0,0,12,7.9,33,12.9716,77.5946
2025-04-13T14:00,32.1,33,34.1,0.0,0.0,1,35,7.6,65,12.9716,77.5946
2025-04-13T15:00,31.9,32,32.2,0.0,0.0,1,30,8.2,64,12.9716,77.5946
2025-04-13T16:00,31.6,30,30.9,0.0,0.0,0,19,8.5,69,12.9716,77.5946
2025-04-13T17:00,31.0,31,30.3,0.0,0.0,2,69,9.0,68,12.9716,77.5946
2025-04-13T18:00,27.7,58,30.7,0.0,0.0,1,35,0.6,236,12.9716,77.5946
2025-04-13T19:00,26.6,49,26.9,0.0,0.0,1,43,9.0,106,12.9716,77.5946
2025-04-13T20:00,25.7,49,26.0,0.0,0.0,2,52,6.8,151,12.9716,77.5946
2025-04-13T21:00,25.3,52,25.8,0.0,0.0,1,34,7.2,117,12.9716,77.5946
2025-04-13T22:00,24.6,57,25.7,0.0,0.0,0,1,5.2,119,12.9716,77.5946
2025-04-13T23:00,23.6,64,25.2,0.0,0.0,0,2,4.2,83,12.9716,77.5946
2025-04-14T00:00,23.2,64,24.5,0.0,0.0,0,3,4.9,107,12.9716,77.5946
2025-04-14T01:00,22.7,64,23.7,0.0,0.0,0,3,5.5,109,12.9716,77.5946
2025-04-14T02:00,22.4,65,23.6,0.0,0.0,0,0,4.9,94,12.9716,77.5946
2025-04-14T03:00,22.1,66,23.2,0.0,0.0,0,0,4.8,110,12.9716,77.5946
2025-04-14T04:00,22.3,62,22.4,0.0,0.0,1,45,9.0,110,12.9716,77.5946
2025-04-14T05:00,21.4,66,22.1,0.0,0.0,0,10,6.1,124,12.9716,77.5946
2025-04-14T06:00,22.2,70,23.6,0.0,0.0,0,0,6.1,124,12.9716,77.5946
2025-04-14T07:00,23.7,68,25.6,0.0,0.0,0,0,4.7,140,12.9716,77.5946
2025-04-14T08:00,26.4,58,28.3,0.0,0.0,0,5,5.6,163,12.9716,77.5946
2025-04-14T09:00,28.8,45,30.2,0.0,0.0,0,13,5.6,182,12.9716,77.5946
2025-04-14T10:00,30.8,38,33.6,0.0,0.0,0,2,2.3,148,12.9716,77.5946
2025-04-14T11:00,32.5,30,34.8,0.0,0.0,0,9,5.3,62,12.9716,77.5946
2025-04-14T12:00,33.5,26,34.9,0.0,0.0,1,32,9.9,46,12.9716,77.5946
2025-04-14T13:00,33.1,26,33.8,0.0,0.0,1,40,8.0,50,12.9716,77.5946
2025-04-14T14:00,33.4,27,34.2,0.0,0.0,1,35,6.0,25,12.9716,77.5946
2025-04-14T15:00,33.7,26,33.9,0.0,0.0,1,33,4.5,5,12.9716,77.5946
2025-04-14T16:00,32.2,27,31.5,0.0,0.0,3,91,6.9,83,12.9716,77.5946
2025-04-14T17:00,28.4,41,27.6,0.1,0.1,51,45,14.1,149,12.9716,77.5946
2025-04-14T18:00,27.3,51,28.6,0.3,0.3,51,50,6.0,155,12.9716,77.5946
2025-04-14T19:00,26.7,54,27.7,0.3,0.3,51,57,8.8,152,12.9716,77.5946
2025-04-14T20:00,25.7,58,26.9,0.0,0.0,1,32,8.6,98,12.9716,77.5946
2025-04-14T21:00,24.6,63,25.9,0.0,0.0,0,12,8.7,122,12.9716,77.5946
2025-04-14T22:00,23.7,69,25.5,0.0,0.0,0,9,6.2,139,12.9716,77.5946
2025-04-14T23:00,23.1,74,25.5,0.0,0.0,0,1,4.1,232,12.9716,77.5946
2025-04-15T00:00,22.4,80,25.2,0.0,0.0,0,1,3.2,218,12.9716,77.5946
2025-04-15T01:00,22.1,79,24.7,0.0,0.0,0,1,3.3,216,12.9716,77.5946
2025-04-15T02:00,21.7,79,24.1,0.0,0.0,0,0,3.5,192,12.9716,77.5946
2025-04-15T03:00,21.4,77,23.4,0.0,0.0,0,0,4.2,173,12.9716,77.5946
2025-04-15T04:00,20.9,80,22.8,0.0,0.0,0,0,4.1,167,12.9716,77.5946
2025-04-15T05:00,20.7,79,22.4,0.0,0.0,0,0,4.8,158,12.9716,77.5946
2025-04-15T06:00,21.6,66,22.2,0.0,0.0,3,99,7.4,203,12.9716,77.5946
2025-04-15T07:00,22.8,62,23.7,0.0,0.0,1,45,5.2,209,12.9716,77.5946
2025-04-15T08:00,25.4,51,26.2,0.0,0.0,0,4,4.8,233,12.9716,77.5946
2025-04-15T09:00,28.2,42,29.2,0.0,0.0,0,0,3.9,254,12.9716,77.5946
2025-04-15T10:00,30.7,33,32.4,0.0,0.0,0,11,3.6,240,12.9716,77.5946
2025-04-15T11:00,32.9,25,35.5,0.0,0.0,2,60,1.0,22,12.9716,77.5946
2025-04-15T12:00,32.9,23,32.0,0.0,0.0,2,75,5.9,47,12.9716,77.5946
2025-04-15T13:00,33.6,22,33.0,0.0,0.0,1,31,10.1,44,12.9716,77.5946
2025-04-15T14:00,33.3,23,32.4,0.0,0.0,2,53,10.1,41,12.9716,77.5946
2025-04-15T15:00,33.1,23,31.8,0.0,0.0,3,88,7.3,46,12.9716,77.5946
2025-04-15T16:00,33.1,23,31.8,0.0,0.0,2,71,6.4,63,12.9716,77.5946
2025-04-15T17:00,32.7,23,31.4,0.0,0.0,0,7,7.4,86,12.9716,77.5946
2025-04-15T18:00,30.0,30,29.1,0.0,0.0,0,12,7.6,85,12.9716,77.5946
2025-04-15T19:00,29.0,35,28.7,0.0,0.0,0,13,5.8,104,12.9716,77.5946
2025-04-15T20:00,28.0,38,27.3,0.0,0.0,0,14,9.1,126,12.9716,77.5946
2025-04-15T21:00,26.8,41,26.3,0.0,0.0,1,27,8.6,106,12.9716,77.5946
2025-04-15T22:00,26.2,45,25.7,0.0,0.0,1,21,10.6,113,12.9716,77.5946
2025-04-15T23:00,25.7,50,25.4,0.0,0.0,0,5,12.3,119,12.9716,77.5946
2025-04-16T00:00,24.4,57,24.9,0.0,0.0,0,1,9.2,154,12.9716,77.5946
2025-04-16T01:00,23.4,67,24.6,0.0,0.0,0,0,7.8,142,12.9716,77.5946
2025-04-16T02:00,22.6,76,24.4,0.0,0.0,0,1,7.8,122,12.9716,77.5946
2025-04-16T03:00,22.2,82,24.5,0.0,0.0,0,16,7.3,138,12.9716,77.5946
2025-04-16T04:00,21.9,85,24.2,0.0,0.0,1,23,8.1,137,12.9716,77.5946
2025-04-16T05:00,21.7,85,23.7,0.0,0.0,1,22,9.8,145,12.9716,77.5946
2025-04-16T06:00,21.8,90,24.3,0.0,0.0,0,12,9.8,154,12.9716,77.5946
2025-04-16T07:00,23.3,78,25.9,0.0,0.0,0,2,6.2,173,12.9716,77.5946
2025-04-16T08:00,25.8,62,27.6,0.0,0.0,0,0,8.0,200,12.9716,77.5946
2025-04-16T09:00,27.9,53,29.6,0.0,0.0,0,0,8.4,211,12.9716,77.5946
2025-04-16T10:00,29.9,44,32.6,0.0,0.0,0,2,7.4,221,12.9716,77.5946
2025-04-16T11:00,31.5,38,34.9,0.0,0.0,1,43,5.2,243,12.9716,77.5946
2025-04-16T12:00,32.4,36,35.0,0.0,0.0,1,30,5.4,274,12.9716,77.5946
2025-04-16T13:00,33.6,32,36.4,0.0,0.0,1,31,6.8,288,12.9716,77.5946
2025-04-16T14:00,34.0,31,35.8,0.0,0.0,3,99,7.6,306,12.9716,77.5946
2025-04-16T15:00,29.0,48,29.5,2.3,2.3,61,95,12.8,272,12.9716,77.5946
2025-04-16T16:00,23.1,75,23.4,6.0,6.0,63,95,18.2,162,12.9716,77.5946
2025-04-16T17:00,27.6,60,30.5,0.5,0.5,53,28,2.5,8,12.9716,77.5946
2025-04-16T18:00,24.7,65,26.3,0.8,0.8,53,100,8.0,70,12.9716,77.5946
2025-04-16T19:00,25.1,65,27.2,0.7,0.7,53,91,5.0,2,12.9716,77.5946
2025-04-16T20:00,23.8,72,25.5,0.4,0.4,51,74,9.4,250,12.9716,77.5946
2025-04-16T21:00,22.0,80,24.1,0.1,0.1,51,100,6.8,230,12.9716,77.5946
2025-04-16T22:00,22.0,80,23.8,0.0,0.0,3,99,8.6,203,12.9716,77.5946
2025-04-16T23:00,23.0,72,25.1,0.0,0.0,1,25,4.9,197,12.9716,77.5946
2025-04-17T00:00,22.5,77,24.8,0.0,0.0,3,94,5.1,219,12.9716,77.5946
2025-04-17T01:00,22.2,81,24.7,0.0,0.0,2,63,4.5,217,12.9716,77.5946
2025-04-17T02:00,21.9,80,24.4,0.0,0.0,0,12,3.1,239,12.9716,77.5946
2025-04-17T03:00,21.7,79,24.1,0.0,0.0,0,7,3.3,209,12.9716,77.5946
2025-04-17T04:00,21.5,77,23.4,0.0,0.0,0,0,5.0,201,12.9716,77.5946
2025-04-17T05:00,21.1,80,23.0,0.0,0.0,0,2,4.6,193,12.9716,77.5946
2025-04-17T06:00,22.6,81,25.7,0.0,0.0,0,0,2.1,211,12.9716,77.5946
2025-04-17T07:00,24.0,73,26.9,0.0,0.0,2,64,2.7,242,12.9716,77.5946
2025-04-17T08:00,26.1,62,28.3,0.0,0.0,0,2,5.2,239,12.9716,77.5946
2025-04-17T09:00,28.0,54,30.1,0.0,0.0,0,13,7.3,260,12.9716,77.5946
2025-04-17T10:00,29.6,49,32.9,0.0,0.0,1,31,6.7,272,12.9716,77.5946
2025-04-17T11:00,31.3,41,35.5,0.0,0.0,1,43,2.6,295,12.9716,77.5946
2025-04-17T12:00,32.2,37,35.4,0.0,0.0,1,29,1.8,276,12.9716,77.5946
2025-04-17T13:00,33.3,32,36.1,0.0,0.0,1,39,2.8,11,12.9716,77.5946
2025-04-17T14:00,33.2,30,34.7,0.0,0.0,1,35,5.7,41,12.9716,77.5946
2025-04-17T15:00,32.8,31,33.1,0.0,0.0,1,29,7.6,38,12.9716,77.5946
2025-04-17T16:00,32.1,33,32.3,0.1,0.1,51,11,7.1,41,12.9716,77.5946
2025-04-17T17:00,31.6,35,32.0,0.0,0.0,0,14,6.2,46,12.9716,77.5946
2025-04-17T18:00,29.3,46,31.0,0.0,0.0,0,19,4.3,73,12.9716,77.5946
2025-04-17T19:00,28.6,51,30.7,0.0,0.0,0,13,4.2,80,12.9716,77.5946
2025-04-17T20:00,27.9,53,29.9,0.0,0.0,0,9,4.9,90,12.9716,77.5946
2025-04-17T21:00,27.1,58,29.4,0.0,0.0,0,15,4.0,98,12.9716,77.5946
2025-04-17T22:00,26.7,55,28.2,0.0,0.0,0,7,5.9,113,12.9716,77.5946
2025-04-17T23:00,25.8,58,27.2,0.0,0.0,0,7,6.6,119,12.9716,77.5946
2025-04-18T00:00,25.3,61,26.8,0.0,0.0,0,1,7.8,132,12.9716,77.5946
2025-04-18T01:00,24.5,64,25.6,0.0,0.0,0,0,10.4,181,12.9716,77.5946
2025-04-18T02:00,23.2,71,25.0,0.0,0.0,0,3,5.7,169,12.9716,77.5946
2025-04-18T03:00,22.3,76,24.0,0.0,0.0,0,1,7.3,187,12.9716,77.5946
2025-04-18T04:00,21.7,80,23.7,0.0,0.0,0,1,6.8,191,12.9716,77.5946
2025-04-18T05:00,21.3,84,23.5,0.0,0.0,0,1,6.7,194,12.9716,77.5946
2025-04-18T06:00,22.1,88,24.9,0.0,0.0,0,1,6.6,197,12.9716,77.5946
2025-04-18T07:00,23.7,82,27.1,0.0,0.0,0,0,4.1,209,12.9716,77.5946
2025-04-18T08:00,26.1,68,28.7,0.0,0.0,0,1,7.6,208,12.9716,77.5946
2025-04-18T09:00,28.2,55,30.3,0.0,0.0,0,2,8.7,217,12.9716,77.5946
2025-04-18T10:00,30.0,48,33.3,0.0,0.0,0,7,7.1,227,12.9716,77.5946
2025-04-18T11:00,31.6,44,35.7,0.0,0.0,0,16,5.4,236,12.9716,77.5946
2025-04-18T12:00,32.6,41,37.1,0.0,0.0,2,54,4.4,232,12.9716,77.5946
2025-04-18T13:00,33.3,38,37.4,0.0,0.0,3,87,2.5,225,12.9716,77.5946
2025-04-18T14:00,33.6,34,35.7,0.0,0.0,3,95,0.7,270,12.9716,77.5946
2025-04-18T15:00,33.0,32,33.8,0.0,0.0,2,52,4.3,22,12.9716,77.5946
2025-04-18T16:00,29.8,44,30.6,0.4,0.4,51,72,9.8,211,12.9716,77.5946
2025-04-18T17:00,28.5,52,30.6,0.4,0.4,51,49,4.8,285,12.9716,77.5946
2025-04-18T18:00,27.6,57,29.8,0.3,0.3,51,38,5.1,350,12.9716,77.5946
2025-04-18T19:00,26.4,64,29.1,0.0,0.0,1,20,4.9,242,12.9716,77.5946
2025-04-18T20:00,25.5,71,28.9,0.0,0.0,1,38,3.1,267,12.9716,77.5946
2025-04-18T21:00,24.4,75,27.3,0.0,0.0,0,7,4.9,231,12.9716,77.5946
2025-04-18T22:00,23.6,79,26.6,0.0,0.0,1,30,4.8,312,12.9716,77.5946
2025-04-18T23:00,23.3,77,25.5,0.0,0.0,1,31,7.5,305,12.9716,77.5946
2025-04-19T00:00,22.9,78,25.2,0.0,0.0,0,12,6.7,304,12.9716,77.5946
2025-04-19T01:00,22.7,80,25.3,0.0,0.0,0,9,4.9,306,12.9716,77.5946
2025-04-19T02:00,22.3,82,25.2,0.0,0.0,0,4,3.5,258,12.9716,77.5946
2025-04-19T03:00,21.8,84,24.2,0.0,0.0,0,0,6.3,217,12.9716,77.5946
2025-04-19T04:00,21.4,86,23.9,0.0,0.0,0,0,5.7,226,12.9716,77.5946
2025-04-19T05:00,21.0,91,23.6,0.0,0.0,0,0,6.4,218,12.9716,77.5946
2025-04-19T06:00,21.2,90,24.0,0.0,0.0,3,100,5.7,212,12.9716,77.5946
2025-04-19T07:00,22.5,86,25.6,0.0,0.0,3,100,5.1,222,12.9716,77.5946
2025-04-19T08:00,24.5,78,27.8,0.0,0.0,3,100,5.2,239,12.9716,77.5946
2025-04-19T09:00,26.7,66,29.7,0.0,0.0,3,100,5.0,257,12.9716,77.5946
2025-04-19T10:00,29.0,54,32.8,0.0,0.0,3,100,4.9,280,12.9716,77.5946
2025-04-19T11:00,30.7,45,34.5,0.0,0.0,3,100,4.8,312,12.9716,77.5946
2025-04-19T12:00,31.7,39,34.8,0.0,0.0,3,100,5.8,340,12.9716,77.5946
2025-04-19T13:00,32.6,35,35.1,0.0,0.0,3,98,7.4,356,12.9716,77.5946
2025-04-19T14:00,32.9,33,34.2,0.0,0.0,2,68,8.9,14,12.9716,77.5946
2025-04-19T15:00,32.8,32,33.4,0.0,0.0,1,33,9.8,24,12.9716,77.5946
2025-04-19T16:00,32.4,33,32.4,0.0,0.0,1,20,9.0,23,12.9716,77.5946
2025-04-19T17:00,31.7,35,32.2,0.0,0.0,2,56,5.4,30,12.9716,77.5946
2025-04-19T18:00,29.6,53,32.7,0.0,0.0,2,75,1.5,76,12.9716,77.5946
2025-04-19T19:00,28.4,64,32.7,0.0,0.0,3,82,0.9,270,12.9716,77.5946
2025-04-19T20:00,27.6,64,31.2,0.0,0.0,1,45,1.9,214,12.9716,77.5946
2025-04-19T21:00,26.7,68,30.3,0.0,0.0,1,26,2.9,202,12.9716,77.5946
2025-04-19T22:00,25.9,72,29.8,0.0,0.0,2,76,1.9,248,12.9716,77.5946
2025-04-19T23:00,25.2,69,27.7,0.0,0.0,2,72,6.2,249,12.9716,77.5946
2025-04-20T00:00,24.0,70,26.0,0.0,0.0,0,12,6.9,256,12.9716,77.5946
2025-04-20T01:00,23.1,75,25.4,0.0,0.0,0,10,5.3,242,12.9716,77.5946
2025-04-20T02:00,22.5,79,24.9,0.0,0.0,0,5,5.2,221,12.9716,77.5946
2025-04-20T03:00,21.9,82,24.5,0.0,0.0,0,19,4.6,225,12.9716,77.5946
2025-04-20T04:00,21.5,85,24.0,0.0,0.0,0,1,5.9,207,12.9716,77.5946
2025-04-20T05:00,21.1,91,23.8,0.0,0.0,0,0,5.8,210,12.9716,77.5946
2025-04-20T06:00,21.6,92,24.6,0.0,0.0,0,8,6.6,213,12.9716,77.5946
2025-04-20T07:00,23.1,87,26.4,0.0,0.0,1,22,6.6,223,12.9716,77.5946
2025-04-20T08:00,25.6,73,28.7,0.0,0.0,3,94,6.0,221,12.9716,77.5946
2025-04-20T09:00,28.1,58,30.9,0.0,0.0,3,98,6.5,236,12.9716,77.5946
2025-04-20T10:00,30.2,48,33.7,0.0,0.0,3,92,6.1,247,12.9716,77.5946
2025-04-20T11:00,31.7,42,35.8,0.0,0.0,2,60,3.3,264,12.9716,77.5946
2025-04-20T12:00,33.2,35,37.4,0.0,0.0,3,88,2.2,346,12.9716,77.5946
2025-04-20T13:00,34.4,30,37.5,0.0,0.0,3,83,5.0,38,12.9716,77.5946
2025-04-20T14:00,34.3,29,35.7,0.0,0.0,1,29,7.4,45,12.9716,77.5946
2025-04-20T15:00,33.7,30,33.8,0.0,0.0,2,56,10.0,52,12.9716,77.5946
2025-04-20T16:00,33.0,31,32.8,0.0,0.0,1,29,8.9,69,12.9716,77.5946
2025-04-20T17:00,32.5,31,32.3,0.0,0.0,1,25,8.4,80,12.9716,77.5946
2025-04-20T18:00,24.0,70,25.1,0.1,0.1,51,26,13.1,16,12.9716,77.5946
2025-04-20T19:00,24.5,68,26.6,0.0,0.0,1,36,6.2,44,12.9716,77.5946
2025-04-20T20:00,25.1,69,28.1,0.0,0.0,0,15,2.4,324,12.9716,77.5946
2025-04-20T21:00,24.7,73,27.6,0.0,0.0,0,13,4.4,339,12.9716,77.5946
2025-04-20T22:00,24.3,77,27.1,0.0,0.0,1,36,6.9,25,12.9716,77.5946
2025-04-20T23:00,24.1,74,26.8,0.0,0.0,0,3,5.5,341,12.9716,77.5946
2025-04-21T00:00,23.1,82,25.9,0.0,0.0,0,0,6.6,317,12.9716,77.5946
2025-04-21T01:00,22.6,84,25.5,0.0,0.0,0,0,5.3,352,12.9716,77.5946
2025-04-21T02:00,22.0,88,25.5,0.0,0.0,0,0,2.1,290,12.9716,77.5946
2025-04-21T03:00,21.7,88,24.7,0.0,0.0,0,1,3.7,284,12.9716,77.5946
2025-04-21T04:00,21.1,91,24.5,0.0,0.0,0,0,1.9,326,12.9716,77.5946
2025-04-21T05:00,20.9,92,24.5,0.0,0.0,0,0,0.3,225,12.9716,77.5946
2025-04-21T06:00,20.9,92,24.1,0.0,0.0,3,83,2.7,266,12.9716,77.5946
2025-04-21T07:00,23.0,79,26.2,0.0,0.0,0,0,1.7,328,12.9716,77.5946
2025-04-21T08:00,26.5,59,29.1,0.0,0.0,0,0,1.7,32,12.9716,77.5946
2025-04-21T09:00,29.1,47,31.4,0.0,0.0,0,0,2.9,90,12.9716,77.5946
2025-04-21T10:00,31.2,37,33.6,0.0,0.0,0,7,5.8,88,12.9716,77.5946
2025-04-21T11:00,32.6,31,34.3,0.0,0.0,0,14,10.7,85,12.9716,77.5946
2025-04-21T12:00,33.0,30,34.5,0.0,0.0,0,12,11.9,90,12.9716,77.5946
2025-04-21T13:00,33.7,29,35.1,0.0,0.0,0,4,11.1,98,12.9716,77.5946
2025-04-21T14:00,34.2,27,34.9,0.0,0.0,0,10,12.8,92,12.9716,77.5946
2025-04-21T15:00,33.8,26,33.1,0.0,0.0,0,7,13.4,84,12.9716,77.5946
2025-04-21T16:00,33.1,27,31.5,0.0,0.0,0,16,13.7,71,12.9716,77.5946
2025-04-21T17:00,32.2,29,30.8,0.0,0.0,0,19,13.6,64,12.9716,77.5946
2025-04-21T18:00,30.3,33,29.6,0.0,0.0,0,8,8.8,89,12.9716,77.5946
2025-04-21T19:00,28.8,41,29.0,0.0,0.0,0,2,7.7,139,12.9716,77.5946
2025-04-21T20:00,27.6,49,28.7,0.0,0.0,0,1,6.0,123,12.9716,77.5946
2025-04-21T21:00,26.8,51,27.8,0.0,0.0,0,2,7.3,113,12.9716,77.5946
2025-04-21T22:00,26.3,52,27.2,0.0,0.0,0,0,6.9,120,12.9716,77.5946
2025-04-21T23:00,25.5,54,26.4,0.0,0.0,0,0,6.5,122,12.9716,77.5946
2025-04-22T00:00,25.1,55,25.9,0.0,0.0,0,0,6.7,104,12.9716,77.5946
2025-04-22T01:00,24.8,56,25.5,0.0,0.0,0,0,6.8,112,12.9716,77.5946
2025-04-22T02:00,24.1,58,25.0,0.0,0.0,0,0,5.9,104,12.9716,77.5946
2025-04-22T03:00,23.5,60,24.3,0.0,0.0,0,0,6.1,95,12.9716,77.5946
2025-04-22T04:00,22.7,63,23.2,0.0,0.0,0,0,8.6,105,12.9716,77.5946
2025-04-22T05:00,21.9,67,22.3,0.0,0.0,0,0,9.4,113,12.9716,77.5946
2025-04-22T06:00,22.1,70,22.9,0.0,0.0,0,0,9.8,108,12.9716,77.5946
2025-04-22T07:00,23.9,67,25.2,0.0,0.0,0,1,8.9,122,12.9716,77.5946
2025-04-22T08:00,26.9,55,28.1,0.0,0.0,0,15,8.5,134,12.9716,77.5946
2025-04-22T09:00,29.6,39,30.4,0.0,0.0,1,25,7.3,126,12.9716,77.5946
2025-04-22T10:00,31.9,26,32.4,0.0,0.0,1,32,8.3,103,12.9716,77.5946
2025-04-22T11:00,33.3,22,33.7,0.0,0.0,0,0,10.4,88,12.9716,77.5946
2025-04-22T12:00,34.0,21,34.5,0.0,0.0,0,1,12.0,81,12.9716,77.5946
2025-04-22T13:00,34.5,22,35.0,0.0,0.0,1,27,12.1,80,12.9716,77.5946
2025-04-22T14:00,34.6,22,34.3,0.0,0.0,0,15,11.7,76,12.9716,77.5946
2025-04-22T15:00,34.5,22,33.4,0.0,0.0,1,49,13.9,73,12.9716,77.5946
2025-04-22T16:00,33.7,23,31.6,0.0,0.0,2,71,14.1,76,12.9716,77.5946
2025-04-22T17:00,32.5,25,30.5,0.0,0.0,3,86,13.5,88,12.9716,77.5946
2025-04-22T18:00,30.7,29,29.5,0.0,0.0,2,52,9.1,97,12.9716,77.5946
2025-04-22T19:00,29.5,31,28.0,0.0,0.0,0,2,10.8,111,12.9716,77.5946
2025-04-22T20:00,27.6,41,27.1,0.0,0.0,0,2,9.8,126,12.9716,77.5946
2025-04-22T21:00,26.5,47,26.5,0.0,0.0,2,76,10.2,135,12.9716,77.5946
2025-04-22T22:00,26.0,49,26.1,0.0,0.0,0,8,9.3,131,12.9716,77.5946
2025-04-22T23:00,25.5,51,25.6,0.0,0.0,0,10,9.5,123,12.9716,77.5946
2025-04-23T00:00,24.9,53,25.0,0.0,0.0,0,11,9.5,117,12.9716,77.5946
2025-04-23T01:00,24.3,56,24.6,0.0,0.0,1,24,9.3,117,12.9716,77.5946
2025-04-23T02:00,23.8,60,24.3,0.0,0.0,1,33,8.6,126,12.9716,77.5946
2025-04-23T03:00,23.5,63,24.4,0.0,0.0,0,16,7.6,146,12.9716,77.5946
2025-04-23T04:00,22.3,69,24.0,0.0,0.0,0,7,3.6,221,12.9716,77.5946
2025-04-23T05:00,21.7,76,23.9,0.0,0.0,0,0,2.0,170,12.9716,77.5946
2025-04-23T06:00,23.9,65,25.3,0.0,0.0,0,0,6.6,164,12.9716,77.5946
2025-04-23T07:00,25.3,58,26.7,0.0,0.0,0,0,5.2,194,12.9716,77.5946
2025-04-23T08:00,27.7,46,28.4,0.0,0.0,0,4,6.3,231,12.9716,77.5946
2025-04-23T09:00,29.6,39,30.6,0.0,0.0,0,3,5.4,244,12.9716,77.5946
2025-04-23T10:00,31.5,33,33.7,0.0,0.0,0,7,3.6,252,12.9716,77.5946
2025-04-23T11:00,33.5,27,36.4,0.0,0.0,0,3,1.7,302,12.9716,77.5946
2025-04-23T12:00,35.1,21,36.9,0.0,0.0,0,1,5.4,50,12.9716,77.5946
2025-04-23T13:00,35.5,20,36.1,0.0,0.0,0,6,11.4,66,12.9716,77.5946
2025-04-23T14:00,35.1,22,35.4,0.0,0.0,0,5,12.5,65,12.9716,77.5946
2025-04-23T15:00,34.7,24,34.3,0.0,0.0,0,18,11.6,64,12.9716,77.5946
2025-04-23T16:00,33.9,26,32.5,0.0,0.0,0,7,12.5,63,12.9716,77.5946
2025-04-23T17:00,32.9,28,31.9,0.0,0.0,0,14,11.2,69,12.9716,77.5946
2025-04-23T18:00,32.3,27,31.5,0.0,0.0,0,2,6.6,81,12.9716,77.5946
2025-04-23T19:00,31.5,28,30.5,0.0,0.0,0,6,8.2,123,12.9716,77.5946
2025-04-23T20:00,30.2,32,29.0,0.0,0.0,0,10,11.7,115,12.9716,77.5946
2025-04-23T21:00,28.5,44,28.5,0.0,0.0,0,15,11.3,136,12.9716,77.5946
2025-04-23T22:00,27.6,46,27.5,0.0,0.0,1,22,11.2,131,12.9716,77.5946
2025-04-23T23:00,26.8,46,26.7,0.0,0.0,0,2,10.7,136,12.9716,77.5946
2025-04-24T00:00,25.9,50,26.2,0.0,0.0,0,11,8.8,178,12.9716,77.5946
2025-04-24T01:00,24.7,56,25.2,0.0,0.0,0,0,8.2,195,12.9716,77.5946
2025-04-24T02:00,23.4,68,24.7,0.0,0.0,0,0,8.0,198,12.9716,77.5946
2025-04-24T03:00,22.1,82,24.3,0.0,0.0,0,0,7.7,201,12.9716,77.5946
2025-04-24T04:00,21.5,88,24.1,0.0,0.0,0,0,6.6,215,12.9716,77.5946
2025-04-24T05:00,21.1,91,23.6,0.0,0.0,0,1,7.1,221,12.9716,77.5946
2025-04-24T06:00,22.1,94,25.6,0.0,0.0,1,45,6.7,232,12.9716,77.5946
2025-04-24T07:00,23.5,86,27.0,0.0,0.0,1,20,6.0,261,12.9716,77.5946
2025-04-24T08:00,26.2,70,29.5,0.0,0.0,1,22,5.2,295,12.9716,77.5946
2025-04-24T09:00,29.1,55,32.0,0.0,0.0,1,22,6.2,300,12.9716,77.5946
2025-04-24T10:00,31.8,39,34.8,0.0,0.0,2,52,5.1,333,12.9716,77.5946
2025-04-24T11:00,34.3,25,36.1,0.0,0.0,1,22,6.2,30,12.9716,77.5946
2025-04-24T12:00,35.7,19,36.5,0.0,0.0,0,17,10.1,63,12.9716,77.5946
2025-04-24T13:00,36.0,18,36.3,0.0,0.0,0,0,12.1,75,12.9716,77.5946
2025-04-24T14:00,36.2,16,35.6,0.0,0.0,0,3,12.2,81,12.9716,77.5946
2025-04-24T15:00,35.8,17,33.8,0.0,0.0,0,8,14.3,75,12.9716,77.5946
2025-04-24T16:00,34.8,18,31.8,0.0,0.0,0,3,14.6,72,12.9716,77.5946
2025-04-24T17:00,33.7,21,31.4,0.0,0.0,0,5,12.6,88,12.9716,77.5946
2025-04-24T18:00,32.5,27,31.5,0.0,0.0,3,80,8.3,90,12.9716,77.5946
2025-04-24T19:00,31.6,29,31.1,0.0,0.0,1,40,6.5,85,12.9716,77.5946
2025-04-24T20:00,30.9,31,29.5,0.0,0.0,0,5,12.3,93,12.9716,77.5946
2025-04-24T21:00,29.3,36,28.6,0.0,0.0,0,5,10.6,105,12.9716,77.5946
2025-04-24T22:00,28.2,43,28.3,0.0,0.0,0,3,9.0,119,12.9716,77.5946
2025-04-24T23:00,27.1,50,27.6,0.0,0.0,0,0,9.8,133,12.9716,77.5946
2025-04-25T00:00,26.1,58,26.9,0.0,0.0,0,0,12.0,125,12.9716,77.5946
2025-04-25T01:00,24.9,70,26.8,0.0,0.0,0,0,9.3,144,12.9716,77.5946
2025-04-25T02:00,23.8,79,26.4,0.0,0.0,0,0,8.1,168,12.9716,77.5946
2025-04-25T03:00,23.2,80,25.7,0.0,0.0,0,0,7.8,185,12.9716,77.5946
2025-04-25T04:00,22.4,83,24.7,0.0,0.0,0,7,7.9,197,12.9716,77.5946
2025-04-25T05:00,21.8,92,24.9,0.0,0.0,1,34,6.5,194,12.9716,77.5946
2025-04-25T06:00,22.7,91,26.3,0.0,0.0,0,10,6.0,170,12.9716,77.5946
2025-04-25T07:00,24.3,83,27.8,0.0,0.0,2,56,6.3,182,12.9716,77.5946
2025-04-25T08:00,26.6,68,29.5,0.0,0.0,2,79,6.8,202,12.9716,77.5946
2025-04-25T09:00,28.6,57,31.4,0.0,0.0,0,10,6.3,217,12.9716,77.5946
2025-04-25T10:00,30.9,46,34.7,0.0,0.0,0,11,4.5,223,12.9716,77.5946
2025-04-25T11:00,33.2,33,36.6,0.0,0.0,0,19,1.7,162,12.9716,77.5946
2025-04-25T12:00,35.3,22,37.0,0.0,0.0,0,14,6.2,102,12.9716,77.5946
2025-04-25T13:00,35.6,20,35.6,0.0,0.0,0,14,12.6,80,12.9716,77.5946
2025-04-25T14:00,34.5,24,33.8,0.0,0.0,1,28,16.3,82,12.9716,77.5946
2025-04-25T15:00,34.0,26,33.2,0.0,0.0,1,43,13.1,78,12.9716,77.5946
2025-04-25T16:00,33.4,28,32.5,0.0,0.0,1,34,10.8,72,12.9716,77.5946
2025-04-25T17:00,32.9,28,31.4,0.0,0.0,0,15,13.4,72,12.9716,77.5946
2025-04-25T18:00,32.0,28,31.0,0.0,0.0,0,7,8.7,86,12.9716,77.5946
2025-04-25T19:00,31.2,30,30.9,0.0,0.0,1,29,4.5,61,12.9716,77.5946
2025-04-25T20:00,30.6,32,29.9,0.0,0.0,0,5,8.7,76,12.9716,77.5946
2025-04-25T21:00,28.9,39,29.2,0.0,0.0,0,1,6.1,92,12.9716,77.5946
2025-04-25T22:00,28.2,44,28.4,0.0,0.0,0,18,10.0,128,12.9716,77.5946
2025-04-25T23:00,27.6,46,27.5,0.0,0.0,1,40,11.7,128,12.9716,77.5946
2025-04-26T00:00,26.4,49,26.1,0.0,0.0,0,12,13.0,127,12.9716,77.5946
2025-04-26T01:00,25.1,61,25.8,0.0,0.0,1,31,11.8,123,12.9716,77.5946
2025-04-26T02:00,23.5,74,25.3,0.0,0.0,2,58,9.4,181,12.9716,77.5946
2025-04-26T03:00,22.9,74,25.6,0.0,0.0,3,86,1.7,238,12.9716,77.5946
2025-04-26T04:00,22.7,74,25.1,0.0,0.0,3,91,2.5,90,12.9716,77.5946
2025-04-26T05:00,22.5,77,24.7,0.0,0.0,3,85,5.4,105,12.9716,77.5946
2025-04-26T06:00,23.4,81,26.6,0.0,0.0,3,100,3.8,135,12.9716,77.5946
2025-04-26T07:00,24.6,77,27.8,0.0,0.0,3,100,5.2,158,12.9716,77.5946
2025-04-26T08:00,26.8,66,29.7,0.0,0.0,3,100,5.6,174,12.9716,77.5946
2025-04-26T09:00,29.3,52,31.9,0.0,0.0,3,100,5.2,178,12.9716,77.5946
2025-04-26T10:00,31.6,39,34.2,0.0,0.0,3,100,6.4,137,12.9716,77.5946
2025-04-26T11:00,33.7,27,35.0,0.0,0.0,3,100,10.6,111,12.9716,77.5946
2025-04-26T12:00,33.9,25,33.7,0.0,0.0,3,100,13.4,94,12.9716,77.5946
2025-04-26T13:00,34.3,24,34.3,0.0,0.0,3,100,13.9,90,12.9716,77.5946
2025-04-26T14:00,34.0,27,34.3,0.0,0.0,3,100,12.9,97,12.9716,77.5946
2025-04-26T15:00,33.3,28,32.1,0.0,0.0,3,100,12.9,98,12.9716,77.5946
2025-04-26T16:00,33.1,28,31.8,0.0,0.0,3,100,12.3,87,12.9716,77.5946
2025-04-26T17:00,32.4,29,31.5,0.0,0.0,3,100,10.6,93,12.9716,77.5946
2025-04-26T18:00,30.4,39,30.3,0.0,0.0,2,68,11.5,132,12.9716,77.5946
2025-04-26T19:00,29.6,39,29.9,0.0,0.0,3,100,7.8,130,12.9716,77.5946
2025-04-26T20:00,28.8,41,28.9,0.0,0.0,3,100,8.8,137,12.9716,77.5946
2025-04-26T21:00,28.2,42,27.9,0.0,0.0,3,100,10.9,134,12.9716,77.5946
2025-04-26T22:00,27.5,46,27.6,0.0,0.0,3,100,9.8,128,12.9716,77.5946
2025-04-26T23:00,26.8,48,27.1,0.0,0.0,3,90,9.2,130,12.9716,77.5946
2025-04-27T00:00,25.4,58,26.0,0.0,0.0,1,47,11.6,129,12.9716,77.5946
2025-04-27T01:00,23.9,73,25.4,0.0,0.0,2,68,11.2,131,12.9716,77.5946
2025-04-27T02:00,23.1,81,25.2,0.0,0.0,1,20,10.1,134,12.9716,77.5946
2025-04-27T03:00,22.8,82,25.2,0.0,0.0,1,28,8.7,146,12.9716,77.5946
2025-04-27T04:00,22.5,83,25.1,0.0,0.0,0,11,6.5,183,12.9716,77.5946
2025-04-27T05:00,21.9,85,24.9,0.0,0.0,1,20,3.5,258,12.9716,77.5946
2025-04-27T06:00,22.8,83,26.1,0.0,0.0,3,100,3.0,194,12.9716,77.5946
2025-04-27T07:00,24.2,76,27.3,0.0,0.0,3,100,4.3,163,12.9716,77.5946
2025-04-27T08:00,26.3,63,28.8,0.0,0.0,3,100,5.1,176,12.9716,77.5946
2025-04-27T09:00,28.5,51,30.8,0.0,0.0,3,100,2.9,176,12.9716,77.5946
2025-04-27T10:00,30.5,40,32.9,0.0,0.0,3,100,2.2,114,12.9716,77.5946
2025-04-27T11:00,32.7,31,35.0,0.0,0.0,3,100,5.1,82,12.9716,77.5946
2025-04-27T12:00,33.6,26,34.5,0.0,0.0,2,58,8.7,76,12.9716,77.5946
2025-04-27T13:00,34.1,25,34.9,0.0,0.0,1,21,11.0,75,12.9716,77.5946
2025-04-27T14:00,34.3,24,34.5,0.0,0.0,1,28,11.7,75,12.9716,77.5946
2025-04-27T15:00,33.4,25,32.0,0.0,0.0,1,32,12.8,76,12.9716,77.5946
2025-04-27T16:00,32.7,26,31.0,0.0,0.0,1,24,13.1,81,12.9716,77.5946
2025-04-27T17:00,32.0,28,30.4,0.0,0.0,2,62,13.5,76,12.9716,77.5946
2025-04-27T18:00,32.0,28,30.8,0.0,0.0,1,39,10.6,87,12.9716,77.5946
2025-04-27T19:00,29.6,40,29.3,0.0,0.0,2,76,12.6,63,12.9716,77.5946
2025-04-27T20:00,29.3,38,29.3,0.0,0.0,1,44,7.4,67,12.9716,77.5946
2025-04-27T21:00,28.3,42,28.1,0.0,0.0,1,26,10.7,120,12.9716,77.5946
2025-04-27T22:00,24.9,69,26.1,0.0,0.0,0,12,14.3,115,12.9716,77.5946
2025-04-27T23:00,24.0,77,25.9,0.0,0.0,0,4,12.5,126,12.9716,77.5946
2025-04-28T00:00,23.3,83,25.7,0.0,0.0,1,26,10.4,127,12.9716,77.5946
2025-04-28T01:00,23.0,83,25.4,0.0,0.0,0,1,9.7,133,12.9716,77.5946
2025-04-28T02:00,22.5,86,25.0,0.0,0.0,0,2,9.4,142,12.9716,77.5946
2025-04-28T03:00,22.3,87,25.1,0.0,0.0,0,0,7.1,146,12.9716,77.5946
2025-04-28T04:00,22.1,88,25.3,0.0,0.0,0,0,4.0,175,12.9716,77.5946
2025-04-28T05:00,21.9,89,25.4,0.0,0.0,0,2,1.9,151,12.9716,77.5946
2025-04-28T06:00,22.4,86,25.4,0.0,0.0,3,92,5.0,145,12.9716,77.5946
2025-04-28T07:00,23.6,78,26.6,0.0,0.0,0,0,4.5,166,12.9716,77.5946
2025-04-28T08:00,25.9,65,28.3,0.0,0.0,0,4,6.3,173,12.9716,77.5946
2025-04-28T09:00,28.1,53,30.4,0.0,0.0,3,98,6.2,165,12.9716,77.5946
2025-04-28T10:00,30.2,43,33.3,0.0,0.0,2,54,4.4,145,12.9716,77.5946
2025-04-28T11:00,32.0,36,35.3,0.0,0.0,0,13,4.9,100,12.9716,77.5946
2025-04-28T12:00,33.2,31,35.5,0.0,0.0,1,24,7.2,68,12.9716,77.5946
2025-04-28T13:00,33.4,30,35.1,0.0,0.0,1,34,9.6,60,12.9716,77.5946
2025-04-28T14:00,33.4,30,34.5,0.0,0.0,0,13,9.3,61,12.9716,77.5946
2025-04-28T15:00,32.7,31,32.6,0.0,0.0,0,18,10.3,54,12.9716,77.5946
2025-04-28T16:00,32.2,32,32.0,0.0,0.0,1,30,9.0,61,12.9716,77.5946
2025-04-28T17:00,31.5,33,31.1,0.0,0.0,1,30,9.3,81,12.9716,77.5946
2025-04-28T18:00,29.9,40,30.5,0.0,0.0,3,99,6.7,82,12.9716,77.5946
2025-04-28T19:00,29.4,41,29.9,0.0,0.0,3,100,7.0,122,12.9716,77.5946
2025-04-28T20:00,29.1,42,29.8,0.0,0.0,3,100,6.2,128,12.9716,77.5946
2025-04-28T21:00,28.1,45,28.8,0.0,0.0,3,98,6.4,135,12.9716,77.5946
2025-04-28T22:00,26.9,52,27.3,0.0,0.0,3,92,11.1,143,12.9716,77.5946
2025-04-28T23:00,25.2,62,26.4,0.0,0.0,3,90,9.6,128,12.9716,77.5946
2025-04-29T00:00,24.3,69,25.8,0.0,0.0,0,6,10.4,120,12.9716,77.5946
2025-04-29T01:00,23.7,74,25.6,0.0,0.0,0,1,9.2,129,12.9716,77.5946
2025-04-29T02:00,23.1,78,25.5,0.0,0.0,0,0,7.2,141,12.9716,77.5946
2025-04-29T03:00,22.7,82,25.3,0.0,0.0,0,0,6.4,135,12.9716,77.5946
2025-04-29T04:00,22.3,84,24.9,0.0,0.0,0,2,6.5,152,12.9716,77.5946
2025-04-29T05:00,22.1,85,24.7,0.0,0.0,2,78,6.5,157,12.9716,77.5946
2025-04-29T06:00,23.0,79,25.6,0.0,0.0,3,100,6.0,147,12.9716,77.5946
2025-04-29T07:00,24.5,71,27.0,0.0,0.0,3,100,5.8,182,12.9716,77.5946
2025-04-29T08:00,26.5,60,28.6,0.0,0.0,3,100,5.6,211,12.9716,77.5946
2025-04-29T09:00,28.6,50,30.6,0.0,0.0,3,88,5.0,221,12.9716,77.5946
2025-04-29T10:00,31.0,40,34.3,0.0,0.0,0,15,2.4,189,12.9716,77.5946
2025-04-29T11:00,33.3,30,35.8,0.0,0.0,1,30,4.5,88,12.9716,77.5946
2025-04-29T12:00,34.3,25,34.8,0.0,0.0,2,71,12.5,63,12.9716,77.5946
2025-04-29T13:00,34.1,24,34.2,0.0,0.0,1,29,13.8,53,12.9716,77.5946
2025-04-29T14:00,34.2,24,33.9,0.1,0.1,51,36,10.5,59,12.9716,77.5946
2025-04-29T15:00,33.7,26,32.6,0.1,0.1,51,17,13.5,63,12.9716,77.5946
2025-04-29T16:00,32.7,29,31.2,0.0,0.0,0,6,14.4,57,12.9716,77.5946
2025-04-29T17:00,31.9,31,31.0,0.0,0.0,0,10,11.8,71,12.9716,77.5946
2025-04-29T18:00,30.1,38,30.0,0.0,0.0,1,28,10.3,88,12.9716,77.5946
2025-04-29T19:00,29.5,42,29.8,0.0,0.0,3,86,9.4,119,12.9716,77.5946
2025-04-29T20:00,28.9,45,29.7,0.0,0.0,0,9,7.8,122,12.9716,77.5946
2025-04-29T21:00,28.1,48,29.1,0.0,0.0,0,14,7.3,123,12.9716,77.5946
2025-04-29T22:00,27.1,54,28.8,0.0,0.0,1,30,5.2,117,12.9716,77.5946
2025-04-29T23:00,26.4,58,28.1,0.0,0.0,0,11,6.9,137,12.9716,77.5946
2025-04-30T00:00,25.8,60,27.3,0.0,0.0,0,1,8.1,127,12.9716,77.5946
2025-04-30T01:00,25.5,59,26.5,0.0,0.0,0,3,9.3,131,12.9716,77.5946
2025-04-30T02:00,24.6,62,25.8,0.0,0.0,3,99,8.1,159,12.9716,77.5946
2025-04-30T03:00,23.7,66,25.0,0.0,0.0,3,100,7.7,162,12.9716,77.5946
2025-04-30T04:00,23.0,71,24.6,0.0,0.0,3,100,7.2,162,12.9716,77.5946
2025-04-30T05:00,22.4,76,24.5,0.0,0.0,3,100,5.4,174,12.9716,77.5946
2025-04-30T06:00,23.1,74,25.4,0.0,0.0,3,95,5.2,209,12.9716,77.5946
2025-04-30T07:00,24.2,74,27.1,0.0,0.0,2,71,4.4,210,12.9716,77.5946
2025-04-30T08:00,26.6,64,29.2,0.0,0.0,3,98,6.0,221,12.9716,77.5946
2025-04-30T09:00,28.8,53,31.0,0.0,0.0,3,100,7.3,234,12.9716,77.5946
2025-04-30T10:00,31.0,42,34.1,0.0,0.0,3,100,4.2,252,12.9716,77.5946
2025-04-30T11:00,32.6,32,35.1,0.0,0.0,3,100,0.9,281,12.9716,77.5946
2025-04-30T12:00,33.9,26,35.6,0.0,0.0,3,99,2.7,53,12.9716,77.5946
2025-04-30T13:00,34.7,24,35.8,0.0,0.0,3,99,5.7,53,12.9716,77.5946
2025-04-30T14:00,34.4,24,34.4,0.0,0.0,2,75,9.7,56,12.9716,77.5946
2025-04-30T15:00,33.7,26,32.8,0.2,0.2,51,27,12.2,52,12.9716,77.5946
2025-04-30T16:00,32.7,28,31.8,0.3,0.3,51,25,9.8,50,12.9716,77.5946
2025-04-30T17:00,31.7,33,31.5,0.2,0.2,51,21,7.9,77,12.9716,77.5946
2025-04-30T18:00,30.9,37,31.4,0.1,0.1,51,15,6.8,117,12.9716,77.5946
2025-04-30T19:00,29.5,42,30.6,0.2,0.2,51,89,4.8,105,12.9716,77.5946
2025-04-30T20:00,29.5,42,30.7,0.0,0.0,0,18,4.0,190,12.9716,77.5946
2025-04-30T21:00,28.6,49,30.7,0.0,0.0,1,48,2.0,180,12.9716,77.5946
2025-04-30T22:00,28.1,52,30.2,0.0,0.0,1,44,2.3,219,12.9716,77.5946
2025-04-30T23:00,27.4,54,29.6,0.0,0.0,0,19,2.9,173,12.9716,77.5946
2025-05-01T00:00,27.0,51,28.4,0.0,0.0,1,28,4.8,143,12.9716,77.5946
2025-05-01T01:00,26.5,51,27.2,0.0,0.0,0,8,7.5,147,12.9716,77.5946
2025-05-01T02:00,25.6,51,26.3,0.0,0.0,0,1,6.2,128,12.9716,77.5946
2025-05-01T03:00,24.7,54,25.1,0.0,0.0,0,17,7.9,137,12.9716,77.5946
2025-05-01T04:00,23.8,60,24.0,0.0,0.0,0,6,10.5,160,12.9716,77.5946
2025-05-01T05:00,23.1,64,24.2,0.0,0.0,0,2,6.8,183,12.9716,77.5946
2025-05-01T06:00,23.8,68,25.7,0.0,0.0,3,99,5.4,182,12.9716,77.5946
2025-05-01T07:00,24.5,65,26.4,0.0,0.0,3,100,5.7,235,12.9716,77.5946
2025-05-01T08:00,26.4,58,28.2,0.0,0.0,3,95,5.1,247,12.9716,77.5946
2025-05-01T09:00,28.7,48,30.4,0.0,0.0,1,20,6.0,249,12.9716,77.5946
2025-05-01T10:00,30.9,40,33.5,0.0,0.0,1,46,5.4,255,12.9716,77.5946
2025-05-01T11:00,32.8,34,36.1,0.0,0.0,3,83,4.4,251,12.9716,77.5946
2025-05-01T12:00,33.6,31,36.2,0.0,0.0,3,100,3.9,248,12.9716,77.5946
2025-05-01T13:00,33.7,29,34.7,0.0,0.0,3,100,2.3,270,12.9716,77.5946
2025-05-01T14:00,34.6,25,35.2,0.0,0.0,3,100,4.6,18,12.9716,77.5946
2025-05-01T15:00,34.1,26,33.3,0.2,0.2,51,100,9.4,45,12.9716,77.5946
2025-05-01T16:00,33.2,29,32.4,0.6,0.6,53,100,10.7,49,12.9716,77.5946
2025-05-01T17:00,32.0,32,32.1,0.5,0.5,53,100,5.7,41,12.9716,77.5946
2025-05-01T18:00,29.5,43,30.1,0.0,0.0,2,71,8.6,98,12.9716,77.5946
2025-05-01T19:00,28.4,51,30.1,0.0,0.0,3,94,5.7,162,12.9716,77.5946
2025-05-01T20:00,27.1,58,29.3,0.0,0.0,3,100,5.6,165,12.9716,77.5946
2025-05-01T21:00,26.2,63,28.4,0.0,0.0,3,100,6.9,189,12.9716,77.5946
2025-05-01T22:00,25.3,67,27.8,0.0,0.0,3,100,4.9,184,12.9716,77.5946
2025-05-01T23:00,24.6,69,26.8,0.0,0.0,3,100,6.7,216,12.9716,77.5946
2025-05-02T00:00,23.9,71,25.8,0.0,0.0,2,73,7.4,225,12.9716,77.5946
2025-05-02T01:00,23.3,74,25.5,0.0,0.0,3,94,6.1,225,12.9716,77.5946
2025-05-02T02:00,23.0,77,25.5,0.0,0.0,2,55,4.9,216,12.9716,77.5946
2025-05-02T03:00,22.8,77,25.4,0.0,0.0,3,98,4.1,209,12.9716,77.5946
2025-05-02T04:00,22.8,76,24.9,0.0,0.0,3,100,6.4,196,12.9716,77.5946
2025-05-02T05:00,22.4,78,24.5,0.0,0.0,3,100,6.0,201,12.9716,77.5946
2025-05-02T06:00,21.8,88,24.9,0.0,0.0,0,0,3.9,286,12.9716,77.5946
2025-05-02T07:00,23.6,79,26.5,0.0,0.0,0,0,5.1,321,12.9716,77.5946
2025-05-02T08:00,26.2,65,28.7,0.0,0.0,0,0,6.1,320,12.9716,77.5946
2025-05-02T09:00,28.6,53,31.2,0.0,0.0,0,0,4.7,313,12.9716,77.5946
2025-05-02T10:00,30.8,45,34.6,0.0,0.0,0,13,2.5,315,12.9716,77.5946
2025-05-02T11:00,32.4,40,36.8,0.0,0.0,2,55,2.7,37,12.9716,77.5946
2025-05-02T12:00,32.7,37,35.6,0.0,0.0,1,49,2.8,55,12.9716,77.5946
2025-05-02T13:00,33.3,35,35.8,0.0,0.0,1,28,4.0,80,12.9716,77.5946
2025-05-02T14:00,33.7,34,35.8,0.0,0.0,1,29,6.0,83,12.9716,77.5946
2025-05-02T15:00,33.4,33,35.0,0.0,0.0,1,34,4.6,69,12.9716,77.5946
2025-05-02T16:00,33.0,34,33.8,0.0,0.0,2,53,5.1,36,12.9716,77.5946
2025-05-02T17:00,32.1,37,33.5,0.0,0.0,2,68,2.5,86,12.9716,77.5946
2025-05-02T18:00,25.9,67,28.2,2.9,2.9,63,99,7.8,299,12.9716,77.5946
2025-05-02T19:00,26.4,64,28.7,0.0,0.0,3,80,7.1,109,12.9716,77.5946
2025-05-02T20:00,25.7,64,27.9,0.0,0.0,2,51,5.7,143,12.9716,77.5946
2025-05-02T21:00,25.2,68,27.9,0.0,0.0,2,75,4.0,150,12.9716,77.5946
2025-05-02T22:00,24.8,71,27.4,0.0,0.0,2,75,5.7,224,12.9716,77.5946
2025-05-02T23:00,23.7,76,26.2,0.0,0.0,3,100,6.8,209,12.9716,77.5946
2025-05-03T00:00,22.9,79,25.0,0.0,0.0,3,90,8.6,206,12.9716,77.5946
2025-05-03T01:00,22.4,81,24.8,0.0,0.0,3,96,7.0,220,12.9716,77.5946
2025-05-03T02:00,22.1,84,24.3,0.0,0.0,3,100,8.3,221,12.9716,77.5946
2025-05-03T03:00,21.7,87,24.1,0.0,0.0,3,99,8.1,227,12.9716,77.5946
2025-05-03T04:00,21.5,90,24.0,0.0,0.0,3,100,8.8,227,12.9716,77.5946
2025-05-03T05:00,21.3,94,24.1,0.0,0.0,3,100,7.8,224,12.9716,77.5946
2025-05-03T06:00,21.4,87,23.9,0.0,0.0,3,100,6.4,259,12.9716,77.5946
2025-05-03T07:00,23.1,77,25.4,0.0,0.0,3,86,6.9,275,12.9716,77.5946
2025-05-03T08:00,25.5,65,27.5,0.0,0.0,1,41,6.8,287,12.9716,77.5946
2025-05-03T09:00,28.3,52,30.4,0.0,0.0,3,98,5.9,270,12.9716,77.5946
2025-05-03T10:00,30.5,44,33.4,0.0,0.0,3,100,6.5,267,12.9716,77.5946
2025-05-03T11:00,31.9,40,35.4,0.0,0.0,3,100,6.5,265,12.9716,77.5946
2025-05-03T12:00,33.5,37,37.4,0.0,0.0,3,99,6.7,267,12.9716,77.5946
2025-05-03T13:00,34.5,35,38.1,0.0,0.0,3,98,6.8,270,12.9716,77.5946
2025-05-03T14:00,30.9,43,33.0,1.7,1.7,61,100,6.7,254,12.9716,77.5946
2025-05-03T15:00,24.0,78,26.2,7.4,7.4,63,93,11.1,143,12.9716,77.5946
2025-05-03T16:00,27.6,62,30.6,0.2,0.2,51,86,3.8,8,12.9716,77.5946
2025-05-03T17:00,27.2,63,29.2,0.0,0.0,3,100,10.9,261,12.9716,77.5946
2025-05-03T18:00,29.3,45,30.7,0.0,0.0,3,95,4.6,259,12.9716,77.5946
2025-05-03T19:00,29.1,46,30.6,0.0,0.0,1,34,4.6,281,12.9716,77.5946
2025-05-03T20:00,27.9,51,29.6,0.0,0.0,1,27,5.0,218,12.9716,77.5946
2025-05-03T21:00,27.4,49,28.5,0.0,0.0,3,100,6.4,190,12.9716,77.5946
2025-05-03T22:00,27.0,48,27.6,0.0,0.0,3,100,7.8,247,12.9716,77.5946
2025-05-03T23:00,25.0,58,26.1,0.0,0.0,3,98,6.9,287,12.9716,77.5946
2025-05-04T00:00,24.1,65,25.5,0.0,0.0,2,53,7.0,260,12.9716,77.5946
2025-05-04T01:00,23.4,72,25.4,0.0,0.0,0,4,5.8,231,12.9716,77.5946
2025-05-04T02:00,22.8,79,25.1,0.0,0.0,0,14,7.3,228,12.9716,77.5946
2025-05-04T03:00,22.2,85,24.8,0.0,0.0,0,19,7.3,226,12.9716,77.5946
2025-05-04T04:00,21.7,90,24.5,0.0,0.0,2,69,7.3,220,12.9716,77.5946
2025-05-04T05:00,21.3,93,24.2,0.0,0.0,1,49,7.3,247,12.9716,77.5946
2025-05-04T06:00,21.4,96,24.4,0.0,0.0,3,100,8.7,248,12.9716,77.5946
2025-05-04T07:00,22.6,88,25.2,0.0,0.0,1,36,10.5,286,12.9716,77.5946
2025-05-04T08:00,25.2,72,27.4,0.0,0.0,1,29,10.9,294,12.9716,77.5946
2025-05-04T09:00,27.8,60,30.0,0.0,0.0,1,42,9.9,291,12.9716,77.5946
2025-05-04T10:00,29.9,49,32.7,0.0,0.0,2,60,9.8,293,12.9716,77.5946
2025-05-04T11:00,31.6,42,34.7,0.0,0.0,2,78,9.9,295,12.9716,77.5946
2025-05-04T12:00,32.3,39,34.9,0.0,0.0,1,36,9.9,297,12.9716,77.5946
2025-05-04T13:00,33.2,35,35.9,0.0,0.0,1,24,8.5,298,12.9716,77.5946
2025-05-04T14:00,33.6,33,35.3,0.0,0.0,3,92,8.7,317,12.9716,77.5946
2025-05-04T15:00,33.7,31,34.2,0.0,0.0,3,98,6.9,332,12.9716,77.5946
2025-05-04T16:00,29.4,44,28.7,0.2,0.2,51,57,18.5,328,12.9716,77.5946
2025-05-04T17:00,29.6,40,30.8,0.1,0.1,51,33,2.1,52,12.9716,77.5946
2025-05-04T18:00,30.3,35,30.2,0.0,0.0,1,38,6.8,11,12.9716,77.5946
2025-05-04T19:00,28.8,44,30.1,0.0,0.0,0,14,3.6,18,12.9716,77.5946
2025-05-04T20:00,28.4,47,30.0,0.0,0.0,2,65,3.1,324,12.9716,77.5946
2025-05-04T21:00,27.4,52,29.1,0.0,0.0,2,71,3.8,289,12.9716,77.5946
2025-05-04T22:00,27.5,50,29.5,0.0,0.0,2,79,0.9,281,12.9716,77.5946
2025-05-04T23:00,26.3,48,27.3,0.0,0.0,3,96,3.6,153,12.9716,77.5946
2025-05-05T00:00,24.7,54,24.7,0.0,0.0,2,53,10.9,144,12.9716,77.5946
2025-05-05T01:00,23.5,64,24.3,0.0,0.0,2,58,9.4,148,12.9716,77.5946
2025-05-05T02:00,22.8,79,24.8,0.0,0.0,0,0,9.1,142,12.9716,77.5946
2025-05-05T03:00,22.6,86,25.3,0.0,0.0,0,0,8.0,136,12.9716,77.5946
2025-05-05T04:00,22.3,86,25.0,0.0,0.0,0,0,7.4,139,12.9716,77.5946
2025-05-05T05:00,22.0,84,24.6,0.0,0.0,0,1,5.5,157,12.9716,77.5946
2025-05-05T06:00,21.8,81,24.2,0.0,0.0,3,92,4.2,168,12.9716,77.5946
2025-05-05T07:00,23.8,68,25.8,0.0,0.0,1,21,4.1,182,12.9716,77.5946
2025-05-05T08:00,26.3,55,27.9,0.0,0.0,1,36,5.2,205,12.9716,77.5946
2025-05-05T09:00,28.8,44,30.3,0.0,0.0,1,37,5.6,225,12.9716,77.5946
2025-05-05T10:00,30.9,37,33.4,0.0,0.0,2,63,4.9,264,12.9716,77.5946
2025-05-05T11:00,33.1,28,35.3,0.0,0.0,3,93,5.3,298,12.9716,77.5946
2025-05-05T12:00,34.1,23,34.8,0.0,0.0,2,65,6.4,320,12.9716,77.5946
2025-05-05T13:00,35.2,20,35.9,0.0,0.0,3,100,8.1,348,12.9716,77.5946
2025-05-05T14:00,35.3,20,35.1,0.0,0.0,3,97,9.4,8,12.9716,77.5946
2025-05-05T15:00,35.0,20,33.7,0.0,0.0,3,96,7.7,3,12.9716,77.5946
2025-05-05T16:00,34.2,21,33.2,0.0,0.0,1,43,4.5,353,12.9716,77.5946
2025-05-05T17:00,33.5,21,32.5,0.0,0.0,1,42,4.0,3,12.9716,77.5946
2025-05-05T18:00,30.6,44,32.8,0.0,0.0,1,30,1.6,27,12.9716,77.5946
2025-05-05T19:00,28.7,46,29.9,0.0,0.0,1,38,5.2,226,12.9716,77.5946
2025-05-05T20:00,27.3,52,28.9,0.0,0.0,0,11,4.8,233,12.9716,77.5946
2025-05-05T21:00,26.6,52,27.7,0.0,0.0,1,24,5.4,230,12.9716,77.5946
2025-05-05T22:00,25.7,60,27.6,0.0,0.0,1,33,3.9,233,12.9716,77.5946
2025-05-05T23:00,25.7,60,28.1,0.0,0.0,1,44,0.9,307,12.9716,77.5946
2025-05-06T00:00,24.2,66,26.4,0.0,0.0,1,22,3.5,208,12.9716,77.5946
2025-05-06T01:00,23.6,64,24.7,0.0,0.0,0,2,6.7,200,12.9716,77.5946
2025-05-06T02:00,22.1,79,24.0,0.0,0.0,0,0,7.8,202,12.9716,77.5946
2025-05-06T03:00,21.6,88,24.1,0.0,0.0,0,0,8.0,216,12.9716,77.5946
2025-05-06T04:00,21.3,93,24.1,0.0,0.0,0,17,7.1,234,12.9716,77.5946
2025-05-06T05:00,21.0,95,24.0,0.0,0.0,3,99,6.5,228,12.9716,77.5946
2025-05-06T06:00,21.6,92,24.8,0.0,0.0,2,66,4.9,264,12.9716,77.5946
2025-05-06T07:00,23.0,83,26.3,0.0,0.0,1,44,4.0,288,12.9716,77.5946
2025-05-06T08:00,25.7,62,27.5,0.0,0.0,0,0,6.8,325,12.9716,77.5946
2025-05-06T09:00,28.3,48,29.6,0.0,0.0,0,0,8.6,319,12.9716,77.5946
2025-05-06T10:00,30.4,39,31.9,0.0,0.0,0,11,10.0,311,12.9716,77.5946
2025-05-06T11:00,31.7,32,33.0,0.0,0.0,1,22,9.7,313,12.9716,77.5946
2025-05-06T12:00,32.9,28,34.3,0.0,0.0,0,14,8.7,307,12.9716,77.5946
2025-05-06T13:00,33.8,25,34.8,0.0,0.0,0,14,9.0,300,12.9716,77.5946
2025-05-06T14:00,34.0,24,34.2,0.0,0.0,0,16,9.7,297,12.9716,77.5946
2025-05-06T15:00,33.8,24,33.3,0.0,0.0,0,17,9.3,292,12.9716,77.5946
2025-05-06T16:00,33.2,25,32.1,0.0,0.0,1,42,8.7,297,12.9716,77.5946
2025-05-06T17:00,32.0,27,31.2,0.0,0.0,1,31,6.7,268,12.9716,77.5946
2025-05-06T18:00,30.1,35,30.6,0.0,0.0,0,16,3.1,291,12.9716,77.5946
2025-05-06T19:00,28.4,45,29.7,0.0,0.0,0,14,2.3,184,12.9716,77.5946
2025-05-06T20:00,27.6,45,28.4,0.0,0.0,0,10,4.8,193,12.9716,77.5946
2025-05-06T21:00,26.5,51,27.7,0.0,0.0,0,3,4.0,207,12.9716,77.5946
2025-05-06T22:00,25.7,57,27.4,0.0,0.0,0,0,3.3,283,12.9716,77.5946
2025-05-06T23:00,25.0,58,26.6,0.0,0.0,0,10,3.1,234,12.9716,77.5946
2025-05-07T00:00,24.3,54,24.4,0.0,0.0,0,11,8.7,210,12.9716,77.5946
2025-05-07T01:00,23.3,58,23.5,0.0,0.0,0,5,9.0,134,12.9716,77.5946
2025-05-07T02:00,23.2,60,23.5,0.0,0.0,0,0,9.0,186,12.9716,77.5946
2025-05-07T03:00,22.1,69,23.1,0.0,0.0,0,0,7.0,212,12.9716,77.5946
2025-05-07T04:00,21.2,76,22.8,0.0,0.0,0,0,5.7,208,12.9716,77.5946
2025-05-07T05:00,20.8,80,22.5,0.0,0.0,0,13,5.9,258,12.9716,77.5946
2025-05-07T06:00,21.7,88,23.7,0.0,0.0,2,71,10.7,287,12.9716,77.5946
2025-05-07T07:00,23.1,72,25.0,0.0,0.0,1,48,5.7,323,12.9716,77.5946
2025-05-07T08:00,25.7,60,27.0,0.0,0.0,3,93,9.1,330,12.9716,77.5946
2025-05-07T09:00,28.2,52,29.6,0.0,0.0,3,82,10.4,330,12.9716,77.5946
2025-05-07T10:00,29.8,40,30.9,0.0,0.0,3,90,10.3,324,12.9716,77.5946
2025-05-07T11:00,31.5,33,32.8,0.0,0.0,3,87,9.7,315,12.9716,77.5946
2025-05-07T12:00,32.8,28,34.4,0.0,0.0,2,67,8.6,301,12.9716,77.5946
2025-05-07T13:00,33.3,26,34.6,0.0,0.0,1,31,7.9,282,12.9716,77.5946
2025-05-07T14:00,33.5,26,34.0,0.0,0.0,1,36,9.0,267,12.9716,77.5946
2025-05-07T15:00,32.6,29,32.2,0.0,0.0,2,62,10.3,258,12.9716,77.5946
2025-05-07T16:00,31.7,32,31.1,0.0,0.0,1,45,10.2,263,12.9716,77.5946
2025-05-07T17:00,30.9,33,30.4,0.0,0.0,2,78,9.5,259,12.9716,77.5946
2025-05-07T18:00,30.1,34,29.7,0.0,0.0,2,52,7.4,264,12.9716,77.5946
2025-05-07T19:00,29.1,37,29.0,0.0,0.0,0,16,6.4,248,12.9716,77.5946
2025-05-07T20:00,28.5,40,29.2,0.0,0.0,3,84,3.0,253,12.9716,77.5946
2025-05-07T21:00,28.1,44,29.5,0.0,0.0,3,85,0.7,90,12.9716,77.5946
2025-05-07T22:00,27.9,44,29.3,0.0,0.0,1,20,0.2,90,12.9716,77.5946
2025-05-07T23:00,26.9,42,26.6,0.0,0.0,3,100,8.0,214,12.9716,77.5946
2025-05-08T00:00,25.1,51,25.4,0.0,0.0,3,100,7.8,247,12.9716,77.5946
2025-05-08T01:00,24.1,56,25.2,0.0,0.0,3,100,3.7,259,12.9716,77.5946
2025-05-08T02:00,23.6,60,24.9,0.0,0.0,3,100,3.6,233,12.9716,77.5946
2025-05-08T03:00,23.0,65,24.3,0.0,0.0,3,100,5.1,260,12.9716,77.5946
2025-05-08T04:00,22.6,68,23.9,0.0,0.0,3,97,6.5,262,12.9716,77.5946
2025-05-08T05:00,22.3,71,23.6,0.0,0.0,0,0,7.0,267,12.9716,77.5946
2025-05-08T06:00,21.8,79,23.7,0.0,0.0,0,0,6.1,298,12.9716,77.5946
2025-05-08T07:00,23.3,74,25.3,0.0,0.0,0,0,7.6,301,12.9716,77.5946
2025-05-08T08:00,25.4,62,26.8,0.0,0.0,0,10,9.3,310,12.9716,77.5946
2025-05-08T09:00,27.8,48,28.6,0.0,0.0,1,49,9.9,314,12.9716,77.5946
2025-05-08T10:00,29.7,39,31.2,0.0,0.0,0,11,9.1,308,12.9716,77.5946
2025-05-08T11:00,30.9,35,33.0,0.0,0.0,0,18,7.5,300,12.9716,77.5946
2025-05-08T12:00,31.9,32,33.8,0.0,0.0,1,20,7.1,285,12.9716,77.5946
2025-05-08T13:00,32.8,28,34.3,0.0,0.0,1,30,8.5,263,12.9716,77.5946
2025-05-08T14:00,32.5,28,32.7,0.0,0.0,1,26,10.8,255,12.9716,77.5946
2025-05-08T15:00,31.9,30,31.6,0.0,0.0,0,17,11.4,255,12.9716,77.5946
2025-05-08T16:00,31.2,31,30.3,0.0,0.0,0,19,10.7,258,12.9716,77.5946
2025-05-08T17:00,30.3,33,29.5,0.0,0.0,0,9,10.3,257,12.9716,77.5946
2025-05-08T18:00,29.7,33,28.9,0.0,0.0,1,40,8.7,263,12.9716,77.5946
2025-05-08T19:00,28.3,41,28.5,0.0,0.0,1,28,6.0,254,12.9716,77.5946
2025-05-08T20:00,27.3,46,28.0,0.0,0.0,0,11,5.5,218,12.9716,77.5946
2025-05-08T21:00,26.5,50,27.3,0.0,0.0,0,3,6.0,226,12.9716,77.5946
2025-05-08T22:00,25.6,53,26.3,0.0,0.0,0,3,7.6,245,12.9716,77.5946
2025-05-08T23:00,24.2,60,25.4,0.0,0.0,0,6,5.2,250,12.9716,77.5946
2025-05-09T00:00,23.4,64,24.6,0.0,0.0,0,2,6.2,234,12.9716,77.5946
2025-05-09T01:00,22.8,68,24.1,0.0,0.0,0,3,6.3,267,12.9716,77.5946
2025-05-09T02:00,22.4,70,23.6,0.0,0.0,0,13,6.9,277,12.9716,77.5946
2025-05-09T03:00,21.9,72,23.2,0.0,0.0,0,13,6.7,273,12.9716,77.5946
2025-05-09T04:00,21.3,75,22.7,0.0,0.0,0,0,6.0,254,12.9716,77.5946
2025-05-09T05:00,20.8,78,22.3,0.0,0.0,0,0,5.7,246,12.9716,77.5946
2025-05-09T06:00,21.3,78,23.2,0.0,0.0,0,1,5.2,316,12.9716,77.5946
2025-05-09T07:00,22.9,71,24.7,0.0,0.0,0,8,5.5,316,12.9716,77.5946
2025-05-09T08:00,25.4,56,26.3,0.0,0.0,0,14,7.7,324,12.9716,77.5946
2025-05-09T09:00,27.7,45,28.5,0.0,0.0,1,21,8.4,318,12.9716,77.5946
2025-05-09T10:00,29.7,39,31.8,0.0,0.0,1,41,5.5,319,12.9716,77.5946
2025-05-09T11:00,31.0,35,33.5,0.0,0.0,1,32,3.5,309,12.9716,77.5946
2025-05-09T12:00,32.2,31,35.3,0.0,0.0,1,36,0.7,256,12.9716,77.5946
2025-05-09T13:00,32.4,30,34.6,0.1,0.1,51,29,2.7,233,12.9716,77.5946
2025-05-09T14:00,32.2,31,33.9,0.0,0.0,1,34,5.1,219,12.9716,77.5946
2025-05-09T15:00,32.0,31,32.5,0.0,0.0,0,18,5.9,225,12.9716,77.5946
2025-05-09T16:00,31.2,33,31.0,0.0,0.0,1,27,6.9,233,12.9716,77.5946
2025-05-09T17:00,30.1,36,30.1,0.0,0.0,1,20,7.1,225,12.9716,77.5946
2025-05-09T18:00,28.8,43,29.9,0.0,0.0,1,32,4.3,358,12.9716,77.5946
2025-05-09T19:00,28.1,48,29.4,0.0,0.0,0,16,4.6,64,12.9716,77.5946
2025-05-09T20:00,28.0,49,29.6,0.0,0.0,0,19,3.5,105,12.9716,77.5946
2025-05-09T21:00,26.5,56,27.7,0.0,0.0,1,37,9.2,106,12.9716,77.5946
2025-05-09T22:00,25.7,60,27.6,0.0,0.0,1,40,4.5,40,12.9716,77.5946
2025-05-09T23:00,25.6,59,27.3,0.0,0.0,0,16,5.8,20,12.9716,77.5946
2025-05-10T00:00,24.0,66,25.0,0.1,0.1,51,78,10.1,266,12.9716,77.5946
2025-05-10T01:00,23.7,63,25.2,0.0,0.0,3,85,5.1,321,12.9716,77.5946
2025-05-10T02:00,23.1,66,24.8,0.0,0.0,3,99,3.6,276,12.9716,77.5946
2025-05-10T03:00,22.7,68,24.1,0.0,0.0,3,100,5.1,228,12.9716,77.5946
2025-05-10T04:00,21.9,72,23.5,0.0,0.0,3,100,4.7,208,12.9716,77.5946
2025-05-10T05:00,21.5,75,23.2,0.0,0.0,3,88,4.2,220,12.9716,77.5946
2025-05-10T06:00,21.9,77,24.2,0.0,0.0,3,100,3.2,207,12.9716,77.5946
2025-05-10T07:00,23.8,68,26.1,0.0,0.0,3,100,3.1,239,12.9716,77.5946
2025-05-10T08:00,25.9,59,27.6,0.0,0.0,3,86,6.1,246,12.9716,77.5946
2025-05-10T09:00,27.9,52,29.5,0.0,0.0,1,20,8.1,249,12.9716,77.5946
2025-05-10T10:00,29.5,44,32.1,0.1,0.1,51,32,6.1,246,12.9716,77.5946
2025-05-10T11:00,30.4,39,32.8,0.1,0.1,51,39,6.1,240,12.9716,77.5946
2025-05-10T12:00,30.9,37,33.0,0.1,0.1,51,31,6.6,235,12.9716,77.5946
2025-05-10T13:00,31.1,37,32.5,0.1,0.1,51,62,8.9,234,12.9716,77.5946
2025-05-10T14:00,31.6,36,33.2,0.1,0.1,51,96,9.6,236,12.9716,77.5946
2025-05-10T15:00,31.3,36,31.9,0.1,0.1,51,34,9.7,236,12.9716,77.5946
2025-05-10T16:00,30.6,38,30.9,0.0,0.0,1,27,8.3,243,12.9716,77.5946
2025-05-10T17:00,29.8,39,30.0,0.0,0.0,1,26,8.2,238,12.9716,77.5946
2025-05-10T18:00,29.4,39,30.3,0.0,0.0,1,26,3.1,332,12.9716,77.5946
2025-05-10T19:00,28.5,42,29.7,0.0,0.0,1,35,1.2,39,12.9716,77.5946
2025-05-10T20:00,28.2,44,29.1,0.0,0.0,1,28,4.5,56,12.9716,77.5946
2025-05-10T21:00,27.8,47,29.2,0.0,0.0,1,26,3.0,76,12.9716,77.5946
2025-05-10T22:00,26.8,52,28.0,0.0,0.0,2,71,6.4,202,12.9716,77.5946
2025-05-10T23:00,24.7,59,25.5,0.0,0.0,2,75,9.1,261,12.9716,77.5946
2025-05-11T00:00,23.6,63,24.7,0.0,0.0,3,86,6.9,277,12.9716,77.5946
2025-05-11T01:00,22.9,66,24.2,0.0,0.0,2,61,6.1,289,12.9716,77.5946
2025-05-11T02:00,22.4,70,23.6,0.0,0.0,1,39,6.8,258,12.9716,77.5946
2025-05-11T03:00,21.9,73,23.2,0.0,0.0,0,0,7.1,255,12.9716,77.5946
2025-05-11T04:00,21.4,77,22.9,0.0,0.0,0,0,6.3,246,12.9716,77.5946
2025-05-11T05:00,21.0,79,22.7,0.0,0.0,0,0,6.5,247,12.9716,77.5946
2025-05-11T06:00,21.8,82,23.9,0.0,0.0,0,9,6.7,232,12.9716,77.5946
2025-05-11T07:00,23.0,77,25.3,0.0,0.0,0,2,6.8,252,12.9716,77.5946
2025-05-11T08:00,25.4,66,27.6,0.0,0.0,0,3,6.4,254,12.9716,77.5946
2025-05-11T09:00,27.9,53,29.7,0.0,0.0,0,2,7.6,255,12.9716,77.5946
2025-05-11T10:00,29.7,47,32.6,0.0,0.0,0,6,7.5,249,12.9716,77.5946
2025-05-11T11:00,30.8,43,34.7,0.3,0.3,51,31,4.2,245,12.9716,77.5946
2025-05-11T12:00,31.3,41,34.8,0.4,0.4,51,57,3.1,267,12.9716,77.5946
2025-05-11T13:00,31.7,39,34.3,0.5,0.5,53,35,4.1,255,12.9716,77.5946
2025-05-11T14:00,32.1,40,35.1,0.1,0.1,51,100,4.9,260,12.9716,77.5946
2025-05-11T15:00,31.1,43,32.8,0.0,0.0,3,100,5.2,243,12.9716,77.5946
2025-05-11T16:00,24.1,77,26.4,6.3,6.3,63,80,10.3,179,12.9716,77.5946
2025-05-11T17:00,25.6,68,28.4,0.4,0.4,51,72,4.4,32,12.9716,77.5946
2025-05-11T18:00,27.4,59,29.9,0.0,0.0,2,69,4.2,320,12.9716,77.5946
2025-05-11T19:00,27.2,62,30.3,0.0,0.0,1,40,3.5,39,12.9716,77.5946
2025-05-11T20:00,26.8,65,30.0,0.0,0.0,1,26,3.1,90,12.9716,77.5946
2025-05-11T21:00,26.4,66,29.5,0.0,0.0,1,29,3.8,115,12.9716,77.5946
2025-05-11T22:00,25.4,68,27.1,0.0,0.0,1,30,10.9,234,12.9716,77.5946
2025-05-11T23:00,23.7,73,25.3,0.0,0.0,1,21,10.1,271,12.9716,77.5946
2025-05-12T00:00,23.0,78,25.0,0.0,0.0,0,17,9.3,243,12.9716,77.5946
2025-05-12T01:00,22.5,81,24.7,0.0,0.0,0,13,8.4,250,12.9716,77.5946
2025-05-12T02:00,22.0,85,24.3,0.0,0.0,0,14,8.0,256,12.9716,77.5946
2025-05-12T03:00,21.5,88,24.0,0.0,0.0,1,23,7.5,260,12.9716,77.5946
2025-05-12T04:00,21.2,91,23.8,0.0,0.0,0,9,7.7,259,12.9716,77.5946
2025-05-12T05:00,20.9,94,23.6,0.0,0.0,0,1,7.0,270,12.9716,77.5946
2025-05-12T06:00,21.7,92,24.6,0.0,0.0,0,7,7.0,266,12.9716,77.5946
2025-05-12T07:00,23.1,85,26.1,0.0,0.0,0,0,7.0,266,12.9716,77.5946
2025-05-12T08:00,25.2,73,27.7,0.0,0.0,0,0,9.0,257,12.9716,77.5946
2025-05-12T09:00,27.2,64,29.8,0.0,0.0,0,0,10.0,253,12.9716,77.5946
2025-05-12T10:00,28.9,55,32.6,0.0,0.0,1,22,7.8,263,12.9716,77.5946
2025-05-12T11:00,30.0,50,33.9,0.1,0.1,51,33,6.6,283,12.9716,77.5946
2025-05-12T12:00,30.9,46,34.9,0.0,0.0,1,40,5.4,291,12.9716,77.5946
2025-05-12T13:00,31.2,45,34.4,0.0,0.0,3,96,6.0,299,12.9716,77.5946
2025-05-12T14:00,31.1,45,33.1,0.0,0.0,2,74,5.3,303,12.9716,77.5946
2025-05-12T15:00,31.0,45,33.3,0.1,0.1,51,34,3.6,279,12.9716,77.5946
2025-05-12T16:00,30.8,45,33.0,0.0,0.0,1,41,3.5,249,12.9716,77.5946
2025-05-12T17:00,28.7,53,30.8,0.2,0.2,51,84,5.7,281,12.9716,77.5946
2025-05-12T18:00,29.1,50,31.2,0.2,0.2,51,54,4.4,32,12.9716,77.5946
2025-05-12T19:00,24.4,76,26.0,0.5,0.5,53,86,14.5,227,12.9716,77.5946
2025-05-12T20:00,24.5,74,26.9,0.1,0.1,51,63,8.3,237,12.9716,77.5946
2025-05-12T21:00,22.6,81,24.7,0.0,0.0,3,85,9.1,238,12.9716,77.5946
2025-05-12T22:00,22.4,83,25.0,0.0,0.0,2,56,5.5,261,12.9716,77.5946
2025-05-12T23:00,21.4,87,23.6,0.0,0.0,0,11,7.6,218,12.9716,77.5946
2025-05-13T00:00,21.1,91,23.4,0.0,0.0,0,19,8.9,230,12.9716,77.5946
2025-05-13T01:00,21.0,95,23.7,0.0,0.0,1,43,7.8,236,12.9716,77.5946
2025-05-13T02:00,20.9,96,23.6,0.0,0.0,3,99,8.1,238,12.9716,77.5946
2025-05-13T03:00,20.9,96,23.9,0.0,0.0,3,85,6.2,260,12.9716,77.5946
2025-05-13T04:00,20.9,94,24.1,0.0,0.0,1,22,4.5,268,12.9716,77.5946
2025-05-13T05:00,20.7,95,23.7,0.0,0.0,2,59,5.4,307,12.9716,77.5946
2025-05-13T06:00,21.6,91,24.7,0.0,0.0,1,47,5.2,297,12.9716,77.5946
2025-05-13T07:00,23.1,84,26.2,0.0,0.0,2,77,6.4,288,12.9716,77.5946
2025-05-13T08:00,25.5,71,28.2,0.0,0.0,0,13,6.7,290,12.9716,77.5946
2025-05-13T09:00,28.0,57,30.4,0.0,0.0,3,100,7.5,285,12.9716,77.5946
2025-05-13T10:00,29.9,49,33.4,0.0,0.0,3,100,6.0,273,12.9716,77.5946
2025-05-13T11:00,31.7,43,36.0,0.0,0.0,3,100,4.5,268,12.9716,77.5946
2025-05-13T12:00,32.9,40,37.2,0.0,0.0,3,98,3.7,259,12.9716,77.5946
2025-05-13T13:00,33.5,38,37.1,0.0,0.0,3,100,5.1,253,12.9716,77.5946
2025-05-13T14:00,30.9,46,33.3,1.2,1.2,55,100,5.4,233,12.9716,77.5946
2025-05-13T15:00,26.8,68,30.4,3.2,3.2,63,32,2.9,169,12.9716,77.5946
2025-05-13T16:00,28.5,58,31.2,0.0,0.0,1,21,5.9,180,12.9716,77.5946
2025-05-13T17:00,29.0,55,31.8,0.0,0.0,1,32,4.7,238,12.9716,77.5946
2025-05-13T18:00,26.5,66,29.0,0.0,0.0,1,29,8.6,233,12.9716,77.5946
2025-05-13T19:00,20.9,86,21.4,0.0,0.0,1,42,17.9,255,12.9716,77.5946
2025-05-13T20:00,21.5,86,23.5,0.1,0.1,51,41,9.2,339,12.9716,77.5946
2025-05-13T21:00,22.3,83,24.5,0.2,0.2,51,7,8.9,322,12.9716,77.5946
2025-05-13T22:00,22.8,81,25.1,0.0,0.0,0,17,7.8,322,12.9716,77.5946
2025-05-13T23:00,22.6,81,25.2,0.0,0.0,0,17,5.9,320,12.9716,77.5946
2025-05-14T00:00,22.3,83,24.9,0.0,0.0,2,76,5.9,297,12.9716,77.5946
2025-05-14T01:00,21.9,86,24.6,0.0,0.0,2,77,5.4,278,12.9716,77.5946
2025-05-14T02:00,21.4,89,24.3,0.0,0.0,3,94,5.6,266,12.9716,77.5946
2025-05-14T03:00,21.1,91,24.1,0.0,0.0,3,87,4.8,290,12.9716,77.5946
2025-05-14T04:00,21.0,91,23.6,0.0,0.0,1,48,6.3,294,12.9716,77.5946
2025-05-14T05:00,20.8,93,23.5,0.0,0.0,3,86,5.9,272,12.9716,77.5946
2025-05-14T06:00,21.4,91,24.4,0.0,0.0,3,97,4.7,317,12.9716,77.5946
2025-05-14T07:00,22.8,85,26.0,0.0,0.0,3,96,4.5,310,12.9716,77.5946
2025-05-14T08:00,25.1,75,28.3,0.0,0.0,3,92,5.3,305,12.9716,77.5946
2025-05-14T09:00,27.6,61,30.6,0.0,0.0,2,66,5.6,320,12.9716,77.5946
2025-05-14T10:00,29.1,52,32.8,0.1,0.1,51,72,3.9,338,12.9716,77.5946
2025-05-14T11:00,29.6,50,33.2,0.2,0.2,51,100,4.0,360,12.9716,77.5946
2025-05-14T12:00,30.6,47,34.9,0.1,0.1,51,100,4.3,28,12.9716,77.5946
2025-05-14T13:00,31.8,44,36.2,0.0,0.0,3,100,4.8,29,12.9716,77.5946
2025-05-14T14:00,32.4,41,35.9,0.0,0.0,3,100,6.2,46,12.9716,77.5946
2025-05-14T15:00,32.2,41,34.6,0.0,0.0,3,100,6.4,47,12.9716,77.5946
2025-05-14T16:00,31.6,41,33.4,0.0,0.0,3,97,4.1,49,12.9716,77.5946
2025-05-14T17:00,29.3,46,31.0,1.2,1.2,55,56,3.4,273,12.9716,77.5946
2025-05-14T18:00,28.7,52,30.6,0.0,0.0,3,100,6.4,8,12.9716,77.5946
2025-05-14T19:00,27.9,62,31.4,0.0,0.0,2,79,2.3,4,12.9716,77.5946
2025-05-14T20:00,27.7,60,30.7,0.0,0.0,3,87,2.5,266,12.9716,77.5946
2025-05-14T21:00,25.1,71,27.0,0.0,0.0,2,58,11.2,228,12.9716,77.5946
2025-05-14T22:00,23.9,78,26.5,0.0,0.0,1,43,7.8,176,12.9716,77.5946
2025-05-14T23:00,23.6,81,26.6,0.0,0.0,0,5,5.6,239,12.9716,77.5946
2025-05-15T00:00,22.9,87,25.9,0.0,0.0,0,14,8.0,224,12.9716,77.5946
2025-05-15T01:00,22.4,91,25.8,0.0,0.0,2,57,6.5,226,12.9716,77.5946
2025-05-15T02:00,22.0,94,25.6,0.0,0.0,3,81,5.4,228,12.9716,77.5946
2025-05-15T03:00,21.9,96,25.6,0.0,0.0,3,98,4.6,231,12.9716,77.5946
2025-05-15T04:00,21.8,96,25.6,0.0,0.0,2,63,3.7,231,12.9716,77.5946
2025-05-15T05:00,21.5,97,25.1,0.0,0.0,3,89,5.4,250,12.9716,77.5946
2025-05-15T06:00,21.1,90,24.1,0.0,0.0,3,96,3.2,273,12.9716,77.5946
2025-05-15T07:00,22.5,85,25.5,0.0,0.0,3,100,5.8,266,12.9716,77.5946
2025-05-15T08:00,24.7,75,27.4,0.0,0.0,3,99,7.3,280,12.9716,77.5946
2025-05-15T09:00,26.8,64,29.4,0.0,0.0,3,99,7.0,288,12.9716,77.5946
2025-05-15T10:00,28.9,53,32.2,0.0,0.0,3,100,6.8,292,12.9716,77.5946
2025-05-15T11:00,30.7,47,35.0,0.0,0.0,1,29,5.0,289,12.9716,77.5946
2025-05-15T12:00,31.7,43,36.0,0.0,0.0,3,80,4.3,270,12.9716,77.5946
2025-05-15T13:00,32.9,40,37.4,0.0,0.0,3,97,4.4,261,12.9716,77.5946
2025-05-15T14:00,33.1,39,36.7,0.0,0.0,3,88,4.9,262,12.9716,77.5946
2025-05-15T15:00,29.8,54,32.0,1.3,1.3,61,94,9.4,232,12.9716,77.5946
2025-05-15T16:00,28.0,59,30.1,0.5,0.5,53,44,10.1,205,12.9716,77.5946
2025-05-15T17:00,26.5,63,27.9,0.0,0.0,3,84,12.8,259,12.9716,77.5946
2025-05-15T18:00,27.4,57,28.5,0.0,0.0,1,33,12.5,198,12.9716,77.5946
2025-05-15T19:00,25.3,67,27.1,0.0,0.0,1,34,8.9,199,12.9716,77.5946
2025-05-15T20:00,24.8,70,27.4,0.0,0.0,0,17,4.3,253,12.9716,77.5946
2025-05-15T21:00,24.6,71,26.6,0.0,0.0,0,15,8.8,258,12.9716,77.5946
2025-05-15T22:00,24.1,73,26.4,0.0,0.0,0,4,7.0,260,12.9716,77.5946
2025-05-15T23:00,23.6,77,26.4,0.0,0.0,0,2,5.1,247,12.9716,77.5946
2025-05-16T00:00,23.2,80,26.0,0.0,0.0,0,3,5.2,248,12.9716,77.5946
2025-05-16T01:00,22.7,83,25.6,0.0,0.0,0,5,5.0,255,12.9716,77.5946
2025-05-16T02:00,22.1,87,25.1,0.0,0.0,2,63,5.7,242,12.9716,77.5946
2025-05-16T03:00,21.8,90,24.7,0.0,0.0,1,22,6.2,240,12.9716,77.5946
2025-05-16T04:00,21.5,92,24.6,0.0,0.0,3,100,5.5,253,12.9716,77.5946
2025-05-16T05:00,21.3,93,24.4,0.0,0.0,3,99,5.9,250,12.9716,77.5946
2025-05-16T06:00,21.3,96,24.7,0.0,0.0,3,99,5.6,237,12.9716,77.5946
2025-05-16T07:00,22.8,90,26.2,0.0,0.0,0,17,6.0,253,12.9716,77.5946
2025-05-16T08:00,24.7,80,28.1,0.0,0.0,0,2,6.4,262,12.9716,77.5946
2025-05-16T09:00,26.9,69,30.4,0.0,0.0,0,12,7.0,260,12.9716,77.5946
2025-05-16T10:00,28.7,59,32.7,0.0,0.0,0,8,7.6,270,12.9716,77.5946
2025-05-16T11:00,30.0,54,34.3,0.0,0.0,1,33,8.0,284,12.9716,77.5946
2025-05-16T12:00,30.9,50,35.1,0.0,0.0,3,98,8.9,289,12.9716,77.5946
2025-05-16T13:00,30.2,50,32.4,0.1,0.1,51,76,10.3,295,12.9716,77.5946
2025-05-16T14:00,29.6,53,32.6,0.8,0.8,53,33,9.0,301,12.9716,77.5946
2025-05-16T15:00,29.7,54,32.9,2.0,2.0,61,45,1.8,323,12.9716,77.5946
2025-05-16T16:00,29.1,55,31.6,0.1,0.1,51,42,6.4,232,12.9716,77.5946
2025-05-16T17:00,26.7,66,30.1,0.6,0.6,53,85,2.6,326,12.9716,77.5946
2025-05-16T18:00,25.9,72,28.1,0.0,0.0,3,100,13.4,244,12.9716,77.5946
2025-05-16T19:00,24.4,80,27.9,0.0,0.0,3,99,5.6,255,12.9716,77.5946
2025-05-16T20:00,24.1,83,27.6,0.0,0.0,3,100,6.4,245,12.9716,77.5946
2025-05-16T21:00,23.7,84,26.9,0.0,0.0,3,100,7.7,279,12.9716,77.5946
2025-05-16T22:00,23.6,82,26.7,0.0,0.0,3,100,6.3,309,12.9716,77.5946
2025-05-16T23:00,23.2,83,26.2,0.0,0.0,3,100,6.2,338,12.9716,77.5946
2025-05-17T00:00,22.8,86,25.9,0.0,0.0,3,100,5.6,331,12.9716,77.5946
2025-05-17T01:00,22.3,90,25.6,0.0,0.0,3,100,5.9,348,12.9716,77.5946
2025-05-17T02:00,22.3,91,26.2,0.0,0.0,3,100,1.9,319,12.9716,77.5946
2025-05-17T03:00,21.6,93,24.7,0.4,0.4,51,100,6.7,284,12.9716,77.5946
2025-05-17T04:00,21.3,95,24.3,0.1,0.1,51,100,7.3,234,12.9716,77.5946
2025-05-17T05:00,21.1,96,24.6,0.0,0.0,3,100,3.4,227,12.9716,77.5946
2025-05-17T06:00,22.0,95,25.5,0.0,0.0,3,100,5.8,275,12.9716,77.5946
2025-05-17T07:00,22.9,90,26.0,0.0,0.0,3,100,9.2,271,12.9716,77.5946
2025-05-17T08:00,24.0,84,27.2,0.0,0.0,3,100,8.6,286,12.9716,77.5946
2025-05-17T09:00,25.6,75,28.5,0.1,0.1,51,33,8.8,303,12.9716,77.5946
2025-05-17T10:00,27.4,66,31.2,0.1,0.1,51,34,10.1,297,12.9716,77.5946
2025-05-17T11:00,28.5,61,32.6,0.1,0.1,51,88,11.1,295,12.9716,77.5946
2025-05-17T12:00,29.4,56,33.7,0.1,0.1,51,100,10.2,301,12.9716,77.5946
2025-05-17T13:00,28.3,59,30.4,0.1,0.1,51,100,9.9,266,12.9716,77.5946
2025-05-17T14:00,24.6,82,27.4,5.0,5.0,63,100,12.1,183,12.9716,77.5946
2025-05-17T15:00,23.1,89,27.0,2.1,2.1,61,100,3.6,81,12.9716,77.5946
2025-05-17T16:00,24.9,81,28.9,0.1,0.1,51,100,4.1,299,12.9716,77.5946
2025-05-17T17:00,22.7,90,26.1,1.2,1.2,55,100,6.7,93,12.9716,77.5946
2025-05-17T18:00,22.7,87,25.5,1.4,1.4,61,100,8.2,280,12.9716,77.5946
2025-05-17T19:00,22.5,93,26.3,3.4,3.4,63,100,4.8,295,12.9716,77.5946
2025-05-17T20:00,22.4,93,26.3,1.9,1.9,61,100,3.5,291,12.9716,77.5946
2025-05-17T21:00,21.9,95,25.4,2.1,2.1,61,100,6.2,278,12.9716,77.5946
2025-05-17T22:00,21.3,97,24.7,2.6,2.6,63,100,5.6,277,12.9716,77.5946
2025-05-17T23:00,21.2,97,25.2,1.8,1.8,61,100,1.1,351,12.9716,77.5946
2025-05-18T00:00,20.9,98,24.6,2.0,2.0,61,100,2.9,11,12.9716,77.5946
2025-05-18T01:00,20.6,98,24.1,4.0,4.0,63,100,2.9,4,12.9716,77.5946
2025-05-18T02:00,20.5,98,23.4,2.1,2.1,61,100,7.4,293,12.9716,77.5946
2025-05-18T03:00,20.6,98,23.4,0.9,0.9,53,100,8.5,275,12.9716,77.5946
2025-05-18T04:00,20.6,98,23.3,0.0,0.0,3,100,9.0,283,12.9716,77.5946
2025-05-18T05:00,20.9,96,23.6,0.0,0.0,3,100,8.5,287,12.9716,77.5946
2025-05-18T06:00,21.0,96,24.0,0.0,0.0,3,100,6.8,282,12.9716,77.5946
2025-05-18T07:00,22.1,91,25.4,0.0,0.0,3,100,6.0,297,12.9716,77.5946
2025-05-18T08:00,23.6,84,26.7,0.0,0.0,3,100,7.8,292,12.9716,77.5946
2025-05-18T09:00,25.5,72,28.0,0.0,0.0,3,94,10.6,294,12.9716,77.5946
2025-05-18T10:00,26.9,66,30.3,0.0,0.0,1,26,11.1,301,12.9716,77.5946
2025-05-18T11:00,27.7,64,32.1,0.0,0.0,3,100,10.1,310,12.9716,77.5946
2025-05-18T12:00,28.6,62,33.8,0.0,0.0,3,100,9.2,313,12.9716,77.5946
2025-05-18T13:00,29.1,60,34.1,0.0,0.0,3,100,7.4,331,12.9716,77.5946
2025-05-18T14:00,29.1,58,32.9,0.0,0.0,3,100,7.8,338,12.9716,77.5946
2025-05-18T15:00,27.5,64,30.2,0.0,0.0,3,100,7.7,349,12.9716,77.5946
2025-05-18T16:00,26.4,69,29.9,0.1,0.1,51,100,3.5,9,12.9716,77.5946
2025-05-18T17:00,25.8,74,29.1,0.0,0.0,3,100,6.3,75,12.9716,77.5946
2025-05-18T18:00,23.9,85,27.8,0.0,0.0,3,100,3.6,45,12.9716,77.5946
2025-05-18T19:00,23.9,87,28.3,0.0,0.0,3,100,1.9,61,12.9716,77.5946
2025-05-18T20:00,24.0,86,28.4,0.0,0.0,3,100,1.6,63,12.9716,77.5946
2025-05-18T21:00,23.2,92,27.8,1.6,1.6,61,100,0.4,243,12.9716,77.5946
2025-05-18T22:00,22.5,96,26.8,4.8,4.8,63,100,3.1,291,12.9716,77.5946
2025-05-18T23:00,22.3,96,26.4,1.0,1.0,55,100,3.8,197,12.9716,77.5946
2025-05-19T00:00,21.9,96,25.5,0.5,0.5,53,100,5.7,189,12.9716,77.5946
2025-05-19T01:00,21.6,97,25.3,0.3,0.3,51,100,5.6,245,12.9716,77.5946
2025-05-19T02:00,21.5,98,25.4,0.6,0.6,53,100,4.5,209,12.9716,77.5946
2025-05-19T03:00,21.4,97,24.8,0.7,0.7,53,100,5.9,243,12.9716,77.5946
2025-05-19T04:00,21.1,97,24.6,0.0,0.0,3,100,4.8,245,12.9716,77.5946
2025-05-19T05:00,21.2,96,24.3,0.1,0.1,51,100,6.6,303,12.9716,77.5946
2025-05-19T06:00,21.5,95,24.4,0.4,0.4,51,100,8.6,327,12.9716,77.5946
2025-05-19T07:00,21.7,95,24.6,0.2,0.2,51,100,9.0,325,12.9716,77.5946
2025-05-19T08:00,22.8,88,25.4,0.0,0.0,3,100,11.1,335,12.9716,77.5946
2025-05-19T09:00,24.5,78,27.2,0.0,0.0,3,100,9.4,342,12.9716,77.5946
2025-05-19T10:00,26.1,70,29.0,0.0,0.0,3,100,7.2,338,12.9716,77.5946
2025-05-19T11:00,26.7,68,29.7,0.0,0.0,3,100,6.8,333,12.9716,77.5946
2025-05-19T12:00,27.8,66,32.9,0.1,0.1,51,100,5.6,339,12.9716,77.5946
2025-05-19T13:00,28.3,63,32.5,0.2,0.2,51,100,5.3,348,12.9716,77.5946
2025-05-19T14:00,24.4,84,27.7,7.0,7.0,63,100,9.0,96,12.9716,77.5946
2025-05-19T15:00,24.4,83,27.7,1.2,1.2,55,100,8.6,188,12.9716,77.5946
2025-05-19T16:00,23.6,86,27.5,2.4,2.4,61,100,4.3,152,12.9716,77.5946
2025-05-19T17:00,24.0,84,27.6,0.2,0.2,51,100,5.2,200,12.9716,77.5946
2025-05-19T18:00,22.9,93,27.3,0.6,0.6,53,100,2.2,171,12.9716,77.5946
2025-05-19T19:00,22.3,97,26.3,0.2,0.2,51,100,5.6,174,12.9716,77.5946
2025-05-19T20:00,22.2,96,26.4,0.0,0.0,3,100,3.1,201,12.9716,77.5946
2025-05-19T21:00,21.9,98,26.2,0.0,0.0,3,100,2.1,340,12.9716,77.5946
2025-05-19T22:00,22.2,98,26.3,0.0,0.0,3,100,4.7,358,12.9716,77.5946
2025-05-19T23:00,22.0,97,26.5,0.2,0.2,51,100,1.0,338,12.9716,77.5946
2025-05-20T00:00,22.0,97,25.9,0.1,0.1,51,100,5.3,232,12.9716,77.5946
2025-05-20T01:00,21.4,93,24.8,1.4,1.4,61,100,4.4,279,12.9716,77.5946
2025-05-20T02:00,21.3,97,24.7,1.3,1.3,61,100,5.2,254,12.9716,77.5946
2025-05-20T03:00,21.1,98,24.8,0.1,0.1,51,100,3.7,223,12.9716,77.5946
2025-05-20T04:00,21.0,98,24.2,0.0,0.0,3,100,6.6,229,12.9716,77.5946
2025-05-20T05:00,20.8,98,24.0,0.0,0.0,3,100,6.4,245,12.9716,77.5946
2025-05-20T06:00,21.4,98,24.5,0.7,0.7,53,100,9.1,231,12.9716,77.5946
2025-05-20T07:00,21.6,97,24.9,0.4,0.4,51,100,7.3,232,12.9716,77.5946
2025-05-20T08:00,22.2,93,25.9,0.7,0.7,53,100,4.8,257,12.9716,77.5946
2025-05-20T09:00,23.1,89,26.6,0.4,0.4,51,100,6.4,260,12.9716,77.5946
2025-05-20T10:00,23.6,86,26.9,0.2,0.2,51,100,8.1,257,12.9716,77.5946
2025-05-20T11:00,23.9,84,27.0,1.2,1.2,55,100,8.0,252,12.9716,77.5946
2025-05-20T12:00,24.8,81,28.2,0.4,0.4,51,100,7.2,266,12.9716,77.5946
2025-05-20T13:00,25.8,76,28.8,0.1,0.1,51,100,9.9,245,12.9716,77.5946
2025-05-20T14:00,27.4,69,30.7,0.1,0.1,51,100,11.7,236,12.9716,77.5946
2025-05-20T15:00,22.2,92,24.8,7.9,7.9,65,100,11.0,232,12.9716,77.5946
2025-05-20T16:00,22.9,89,25.5,0.1,0.1,51,99,12.0,240,12.9716,77.5946
2025-05-20T17:00,24.0,82,26.6,0.1,0.1,51,99,11.6,242,12.9716,77.5946
2025-05-20T18:00,23.2,90,26.6,0.0,0.0,3,100,7.5,233,12.9716,77.5946
2025-05-20T19:00,22.8,91,26.2,0.0,0.0,3,100,7.6,218,12.9716,77.5946
2025-05-20T20:00,22.7,92,26.0,0.0,0.0,3,100,8.4,211,12.9716,77.5946
2025-05-20T21:00,22.5,92,25.4,0.0,0.0,3,100,10.1,223,12.9716,77.5946
2025-05-20T22:00,22.2,92,25.0,0.0,0.0,3,100,10.1,243,12.9716,77.5946
2025-05-20T23:00,21.9,92,24.4,0.0,0.0,3,100,10.5,243,12.9716,77.5946
2025-05-21T00:00,21.4,94,24.0,0.0,0.0,3,100,10.2,240,12.9716,77.5946
2025-05-21T01:00,21.1,95,23.4,0.0,0.0,3,100,11.1,241,12.9716,77.5946
2025-05-21T02:00,20.7,97,22.9,0.0,0.0,3,100,11.3,241,12.9716,77.5946
2025-05-21T03:00,20.6,97,22.7,0.0,0.0,3,100,12.2,237,12.9716,77.5946
2025-05-21T04:00,20.5,98,22.6,0.0,0.0,3,100,12.4,240,12.9716,77.5946
2025-05-21T05:00,20.6,97,22.7,0.0,0.0,3,100,12.2,243,12.9716,77.5946
2025-05-21T06:00,20.5,97,22.5,0.0,0.0,3,100,12.7,227,12.9716,77.5946
2025-05-21T07:00,21.5,92,22.9,0.0,0.0,3,100,17.1,238,12.9716,77.5946
2025-05-21T08:00,23.0,83,24.2,0.0,0.0,3,100,18.2,240,12.9716,77.5946
2025-05-21T09:00,24.4,76,25.4,0.0,0.0,3,100,18.6,242,12.9716,77.5946
2025-05-21T10:00,25.3,70,26.5,0.0,0.0,3,100,18.3,246,12.9716,77.5946
2025-05-21T11:00,25.6,68,26.5,0.0,0.0,3,100,18.1,248,12.9716,77.5946
2025-05-21T12:00,26.5,65,28.5,0.2,0.2,51,100,17.9,257,12.9716,77.5946
2025-05-21T13:00,25.6,71,27.3,2.2,2.2,61,100,15.8,247,12.9716,77.5946
2025-05-21T14:00,25.8,70,27.2,1.3,1.3,61,100,16.3,253,12.9716,77.5946
2025-05-21T15:00,24.5,83,27.8,4.1,4.1,63,100,9.0,273,12.9716,77.5946
2025-05-21T16:00,25.7,73,28.2,0.1,0.1,51,100,10.7,250,12.9716,77.5946
2025-05-21T17:00,25.4,68,26.7,0.0,0.0,3,100,13.9,250,12.9716,77.5946
2025-05-21T18:00,23.2,78,24.3,0.0,0.0,3,100,15.6,258,12.9716,77.5946
2025-05-21T19:00,22.6,76,23.2,0.0,0.0,3,100,16.4,267,12.9716,77.5946
2025-05-21T20:00,21.8,73,21.5,0.0,0.0,3,100,17.5,266,12.9716,77.5946
2025-05-21T21:00,21.1,77,21.3,0.0,0.0,3,100,15.2,264,12.9716,77.5946
2025-05-21T22:00,20.7,79,21.1,0.0,0.0,3,100,14.1,260,12.9716,77.5946
2025-05-21T23:00,20.8,79,21.2,0.0,0.0,3,100,13.8,258,12.9716,77.5946
2025-05-22T00:00,20.7,81,21.4,0.0,0.0,3,100,13.2,256,12.9716,77.5946
2025-05-22T01:00,20.5,84,21.5,0.0,0.0,3,100,12.0,251,12.9716,77.5946
2025-05-22T02:00,20.0,88,21.1,0.0,0.0,3,100,11.5,247,12.9716,77.5946
2025-05-22T03:00,19.8,90,21.1,0.0,0.0,3,100,10.8,246,12.9716,77.5946
2025-05-22T04:00,19.8,92,21.3,0.0,0.0,3,100,10.2,242,12.9716,77.5946
2025-05-22T05:00,19.3,95,21.1,0.0,0.0,3,100,9.2,242,12.9716,77.5946
2025-05-22T06:00,20.1,96,22.0,0.0,0.0,3,100,10.8,244,12.9716,77.5946
2025-05-22T07:00,21.4,89,22.8,0.0,0.0,3,100,15.2,254,12.9716,77.5946
2025-05-22T08:00,23.0,79,24.0,0.0,0.0,3,100,16.6,250,12.9716,77.5946
2025-05-22T09:00,24.6,72,25.4,0.0,0.0,3,100,17.5,251,12.9716,77.5946
2025-05-22T10:00,25.8,65,26.4,0.0,0.0,3,100,18.8,253,12.9716,77.5946
2025-05-22T11:00,26.3,64,27.0,0.0,0.0,3,100,18.9,252,12.9716,77.5946
2025-05-22T12:00,26.7,64,28.1,0.0,0.0,1,48,18.0,252,12.9716,77.5946
2025-05-22T13:00,28.3,57,30.8,0.1,0.1,51,70,18.4,256,12.9716,77.5946
2025-05-22T14:00,28.6,55,30.3,0.0,0.0,3,94,18.9,255,12.9716,77.5946
2025-05-22T15:00,28.6,52,29.6,0.0,0.0,1,24,18.1,253,12.9716,77.5946
2025-05-22T16:00,28.0,54,28.3,0.0,0.0,2,71,17.3,245,12.9716,77.5946
2025-05-22T17:00,26.9,61,28.2,0.0,0.0,1,42,13.3,242,12.9716,77.5946
2025-05-22T18:00,25.2,67,27.1,0.0,0.0,2,61,9.1,234,12.9716,77.5946
2025-05-22T19:00,24.0,74,26.2,0.0,0.0,3,89,8.0,236,12.9716,77.5946
2025-05-22T20:00,23.3,78,25.5,0.0,0.0,3,100,8.9,243,12.9716,77.5946
2025-05-22T21:00,22.7,81,24.7,0.0,0.0,3,100,10.4,234,12.9716,77.5946
2025-05-22T22:00,21.9,85,23.8,0.0,0.0,3,100,11.2,232,12.9716,77.5946
2025-05-22T23:00,21.3,88,23.3,0.0,0.0,3,100,10.5,235,12.9716,77.5946
2025-05-23T00:00,21.1,90,23.1,0.0,0.0,3,100,10.6,235,12.9716,77.5946
2025-05-23T01:00,20.7,93,22.8,0.0,0.0,2,74,10.5,235,12.9716,77.5946
2025-05-23T02:00,20.5,95,22.7,0.0,0.0,2,62,10.8,238,12.9716,77.5946
2025-05-23T03:00,20.5,96,22.6,0.0,0.0,3,100,11.1,240,12.9716,77.5946
2025-05-23T04:00,20.6,96,22.8,0.0,0.0,3,100,10.7,237,12.9716,77.5946
2025-05-23T05:00,20.6,97,22.7,0.0,0.0,3,100,11.7,236,12.9716,77.5946
2025-05-23T06:00,21.0,94,23.3,0.0,0.0,3,99,11.0,232,12.9716,77.5946
2025-05-23T07:00,22.4,88,24.4,0.0,0.0,3,97,13.8,230,12.9716,77.5946
2025-05-23T08:00,24.1,78,25.3,0.1,0.1,51,100,18.1,233,12.9716,77.5946
2025-05-23T09:00,24.6,76,25.6,0.1,0.1,51,100,19.4,230,12.9716,77.5946
2025-05-23T10:00,26.1,69,27.4,0.2,0.2,51,100,20.7,235,12.9716,77.5946
2025-05-23T11:00,26.8,67,28.4,0.2,0.2,51,100,21.7,236,12.9716,77.5946
2025-05-23T12:00,27.9,62,30.0,0.1,0.1,51,50,21.7,234,12.9716,77.5946
2025-05-23T13:00,28.1,62,30.3,0.1,0.1,51,36,22.2,236,12.9716,77.5946
2025-05-23T14:00,26.5,70,29.1,1.2,1.2,55,64,18.7,234,12.9716,77.5946
2025-05-23T15:00,27.1,67,28.3,0.5,0.5,53,72,21.8,237,12.9716,77.5946
2025-05-23T16:00,25.7,73,27.2,0.4,0.4,51,91,17.5,236,12.9716,77.5946
2025-05-23T17:00,25.7,73,27.3,0.2,0.2,51,55,16.9,235,12.9716,77.5946
2025-05-23T18:00,24.2,79,26.0,0.0,0.0,3,92,14.6,230,12.9716,77.5946
2025-05-23T19:00,23.6,80,25.3,0.0,0.0,3,80,14.2,231,12.9716,77.5946
2025-05-23T20:00,23.1,81,24.5,0.0,0.0,3,96,15.0,232,12.9716,77.5946
2025-05-23T21:00,22.5,85,24.0,0.0,0.0,3,100,15.3,230,12.9716,77.5946
2025-05-23T22:00,22.1,89,23.8,0.0,0.0,3,99,15.4,221,12.9716,77.5946
2025-05-23T23:00,21.8,91,23.4,0.0,0.0,3,97,16.1,221,12.9716,77.5946
2025-05-24T00:00,21.2,92,22.7,0.0,0.0,3,100,15.8,221,12.9716,77.5946
2025-05-24T01:00,21.3,92,22.8,0.0,0.0,3,100,16.1,222,12.9716,77.5946
2025-05-24T02:00,21.3,92,22.5,0.0,0.0,3,99,17.7,225,12.9716,77.5946
2025-05-24T03:00,21.0,93,22.3,0.0,0.0,3,100,16.9,225,12.9716,77.5946
2025-05-24T04:00,20.8,93,22.1,0.0,0.0,3,100,16.2,220,12.9716,77.5946
2025-05-24T05:00,21.0,93,22.2,0.1,0.1,51,100,17.3,224,12.9716,77.5946
2025-05-24T06:00,21.4,92,22.2,0.0,0.0,3,100,21.4,224,12.9716,77.5946
2025-05-24T07:00,21.8,92,22.8,0.5,0.5,53,100,20.8,226,12.9716,77.5946
2025-05-24T08:00,22.3,93,24.1,1.9,1.9,61,100,18.1,221,12.9716,77.5946
2025-05-24T09:00,23.2,85,24.3,0.0,0.0,3,100,20.6,230,12.9716,77.5946
2025-05-24T10:00,24.1,81,25.0,1.1,1.1,55,100,22.7,231,12.9716,77.5946
2025-05-24T11:00,24.6,80,25.4,1.0,1.0,55,100,23.7,229,12.9716,77.5946
2025-05-24T12:00,24.4,79,24.6,0.2,0.2,51,100,27.2,230,12.9716,77.5946
2025-05-24T13:00,24.8,77,24.9,0.2,0.2,51,100,27.2,233,12.9716,77.5946
2025-05-24T14:00,24.7,78,25.6,0.4,0.4,51,100,22.3,236,12.9716,77.5946
2025-05-24T15:00,25.5,74,26.0,0.1,0.1,51,100,24.9,240,12.9716,77.5946
2025-05-24T16:00,24.9,75,25.6,0.0,0.0,3,100,22.1,238,12.9716,77.5946
2025-05-24T17:00,24.2,79,25.2,0.0,0.0,3,100,19.9,239,12.9716,77.5946
2025-05-24T18:00,23.3,85,24.7,0.0,0.0,3,99,18.9,233,12.9716,77.5946
2025-05-24T19:00,22.5,89,24.0,0.0,0.0,3,100,17.8,232,12.9716,77.5946
2025-05-24T20:00,22.2,90,23.5,0.0,0.0,3,100,18.7,230,12.9716,77.5946
2025-05-24T21:00,21.8,91,23.1,0.0,0.0,3,100,17.6,230,12.9716,77.5946
2025-05-24T22:00,21.6,92,23.2,0.0,0.0,3,100,16.4,235,12.9716,77.5946
2025-05-24T23:00,21.5,93,23.2,0.0,0.0,3,100,16.2,230,12.9716,77.5946
2025-05-25T00:00,21.3,93,22.6,0.0,0.0,3,100,17.6,227,12.9716,77.5946
2025-05-25T01:00,20.9,95,22.1,0.0,0.0,3,100,18.7,230,12.9716,77.5946
2025-05-25T02:00,20.8,95,21.8,0.1,0.1,51,100,19.2,227,12.9716,77.5946
2025-05-25T03:00,20.5,95,21.3,0.1,0.1,51,100,19.9,225,12.9716,77.5946
2025-05-25T04:00,20.4,96,20.9,0.2,0.2,51,100,21.7,228,12.9716,77.5946
2025-05-25T05:00,20.6,95,21.2,0.4,0.4,51,100,21.1,231,12.9716,77.5946
2025-05-25T06:00,21.5,94,22.4,0.0,0.0,3,97,21.6,225,12.9716,77.5946
2025-05-25T07:00,22.1,93,22.9,0.2,0.2,51,99,23.1,233,12.9716,77.5946
2025-05-25T08:00,23.0,86,23.3,0.1,0.1,51,99,25.9,232,12.9716,77.5946
2025-05-25T09:00,24.2,78,24.2,0.3,0.3,51,97,27.2,235,12.9716,77.5946
2025-05-25T10:00,25.2,75,25.9,0.2,0.2,51,62,25.6,239,12.9716,77.5946
2025-05-25T11:00,26.4,70,27.3,0.1,0.1,51,92,27.8,238,12.9716,77.5946
2025-05-25T12:00,26.0,73,27.3,0.3,0.3,51,85,26.4,241,12.9716,77.5946
2025-05-25T13:00,26.9,68,27.9,0.3,0.3,51,100,29.2,243,12.9716,77.5946
2025-05-25T14:00,26.2,72,26.7,0.6,0.6,53,95,25.4,242,12.9716,77.5946
2025-05-25T15:00,24.0,85,25.1,1.5,1.5,61,100,23.8,244,12.9716,77.5946
2025-05-25T16:00,24.2,82,25.3,0.2,0.2,51,94,22.0,240,12.9716,77.5946
2025-05-25T17:00,23.7,83,24.4,0.3,0.3,51,100,23.7,247,12.9716,77.5946
2025-05-25T18:00,22.0,94,23.4,0.9,0.9,53,100,19.7,242,12.9716,77.5946
2025-05-25T19:00,21.7,94,23.1,0.7,0.7,53,100,19.1,236,12.9716,77.5946
2025-05-25T20:00,21.4,95,22.6,0.7,0.7,53,100,19.4,232,12.9716,77.5946
2025-05-25T21:00,21.2,96,22.5,0.2,0.2,51,100,18.7,234,12.9716,77.5946
2025-05-25T22:00,20.9,96,22.3,0.1,0.1,51,100,17.3,231,12.9716,77.5946
2025-05-25T23:00,20.3,97,21.4,0.1,0.1,51,100,17.7,228,12.9716,77.5946
2025-05-26T00:00,20.1,98,21.2,0.4,0.4,51,100,17.8,235,12.9716,77.5946
2025-05-26T01:00,20.2,98,21.3,0.6,0.6,53,100,18.2,232,12.9716,77.5946
2025-05-26T02:00,20.3,98,21.4,0.3,0.3,51,100,18.8,236,12.9716,77.5946
2025-05-26T03:00,20.4,98,21.6,0.5,0.5,53,100,18.1,241,12.9716,77.5946
2025-05-26T04:00,20.3,98,21.4,0.4,0.4,51,100,18.3,240,12.9716,77.5946
2025-05-26T05:00,20.2,97,21.2,0.2,0.2,51,100,18.8,242,12.9716,77.5946
2025-05-26T06:00,20.6,95,21.7,0.0,0.0,3,100,18.5,239,12.9716,77.5946
2025-05-26T07:00,21.1,95,22.0,0.0,0.0,3,100,20.5,242,12.9716,77.5946
2025-05-26T08:00,22.0,90,22.6,0.1,0.1,51,100,23.3,244,12.9716,77.5946
2025-05-26T09:00,22.8,86,23.9,0.2,0.2,51,100,19.8,240,12.9716,77.5946
2025-05-26T10:00,23.2,86,24.4,0.7,0.7,53,100,20.2,246,12.9716,77.5946
2025-05-26T11:00,23.0,88,24.7,4.7,4.7,63,100,18.2,249,12.9716,77.5946
2025-05-26T12:00,23.7,83,25.0,0.2,0.2,51,100,18.9,246,12.9716,77.5946
2025-05-26T13:00,25.5,74,27.2,0.1,0.1,51,100,22.0,259,12.9716,77.5946
2025-05-26T14:00,21.8,89,22.0,2.1,2.1,61,100,24.6,265,12.9716,77.5946
2025-05-26T15:00,22.9,89,24.6,0.5,0.5,53,100,18.1,260,12.9716,77.5946
2025-05-26T16:00,22.0,90,23.1,1.1,1.1,55,99,19.6,250,12.9716,77.5946
2025-05-26T17:00,21.3,92,21.5,1.0,1.0,55,100,24.6,261,12.9716,77.5946
2025-05-26T18:00,21.4,94,23.2,2.1,2.1,61,100,15.6,241,12.9716,77.5946
2025-05-26T19:00,21.2,95,22.5,0.0,0.0,3,100,18.9,256,12.9716,77.5946
2025-05-26T20:00,21.4,92,22.3,0.0,0.0,3,100,20.2,254,12.9716,77.5946
2025-05-26T21:00,21.1,93,22.0,0.0,0.0,3,100,20.0,249,12.9716,77.5946
2025-05-26T22:00,21.0,93,21.6,0.0,0.0,3,100,20.7,247,12.9716,77.5946
2025-05-26T23:00,20.8,91,21.9,0.0,0.0,3,100,16.8,261,12.9716,77.5946
2025-05-27T00:00,20.4,93,21.3,0.0,0.0,3,100,17.6,255,12.9716,77.5946
2025-05-27T01:00,20.5,93,21.5,0.0,0.0,3,100,17.4,262,12.9716,77.5946
2025-05-27T02:00,20.4,93,21.0,0.0,0.0,3,100,19.9,260,12.9716,77.5946
2025-05-27T03:00,20.6,94,21.9,0.0,0.0,3,100,16.1,250,12.9716,77.5946
2025-05-27T04:00,20.7,95,22.0,0.0,0.0,3,100,16.7,243,12.9716,77.5946
2025-05-27T05:00,20.7,95,21.9,0.0,0.0,3,100,17.5,243,12.9716,77.5946
2025-05-27T06:00,21.2,95,22.6,0.2,0.2,51,100,17.5,253,12.9716,77.5946
2025-05-27T07:00,22.0,90,22.8,0.1,0.1,51,100,21.4,262,12.9716,77.5946
2025-05-27T08:00,21.8,90,23.0,0.1,0.1,51,100,18.4,259,12.9716,77.5946
2025-05-27T09:00,23.3,81,23.4,0.0,0.0,3,100,25.6,266,12.9716,77.5946
2025-05-27T10:00,24.8,75,25.1,1.1,1.1,55,100,26.5,268,12.9716,77.5946
2025-05-27T11:00,25.6,69,25.3,0.1,0.1,51,97,26.4,265,12.9716,77.5946
2025-05-27T12:00,26.3,67,27.0,0.5,0.5,53,100,28.8,273,12.9716,77.5946
2025-05-27T13:00,26.0,68,25.9,0.6,0.6,53,100,26.8,270,12.9716,77.5946
2025-05-27T14:00,25.7,70,25.6,0.1,0.1,51,100,26.1,272,12.9716,77.5946
2025-05-27T15:00,25.6,69,25.5,0.1,0.1,51,100,25.2,271,12.9716,77.5946
2025-05-27T16:00,25.3,69,24.9,0.1,0.1,51,99,26.0,265,12.9716,77.5946
2025-05-27T17:00,24.5,73,24.8,0.1,0.1,51,100,22.0,262,12.9716,77.5946
2025-05-27T18:00,23.5,80,24.6,0.1,0.1,51,100,18.3,260,12.9716,77.5946
2025-05-27T19:00,22.8,78,22.9,0.0,0.0,3,100,21.7,266,12.9716,77.5946
2025-05-27T20:00,22.3,84,23.1,0.0,0.0,3,100,18.7,262,12.9716,77.5946
2025-05-27T21:00,21.9,88,23.1,0.0,0.0,3,100,17.7,261,12.9716,77.5946
2025-05-27T22:00,21.6,88,22.8,0.0,0.0,3,100,16.6,257,12.9716,77.5946
2025-05-27T23:00,21.4,89,22.5,0.0,0.0,3,99,16.6,250,12.9716,77.5946
2025-05-28T00:00,21.1,89,22.1,0.0,0.0,3,100,17.0,253,12.9716,77.5946
2025-05-28T01:00,21.1,88,21.9,0.0,0.0,3,100,17.3,255,12.9716,77.5946
2025-05-28T02:00,20.9,87,21.5,0.0,0.0,3,100,17.9,257,12.9716,77.5946
2025-05-28T03:00,21.0,87,21.5,0.0,0.0,3,100,18.6,260,12.9716,77.5946
2025-05-28T04:00,20.9,88,21.4,0.0,0.0,3,100,19.2,258,12.9716,77.5946
2025-05-28T05:00,21.0,88,21.6,0.0,0.0,3,100,18.4,256,12.9716,77.5946
2025-05-28T06:00,21.4,90,22.3,0.0,0.0,3,100,18.4,265,12.9716,77.5946
2025-05-28T07:00,22.1,86,23.4,0.0,0.0,3,100,16.3,265,12.9716,77.5946
2025-05-28T08:00,23.3,79,23.1,0.1,0.1,51,100,25.4,268,12.9716,77.5946
2025-05-28T09:00,23.7,78,23.6,0.1,0.1,51,100,25.9,272,12.9716,77.5946
2025-05-28T10:00,25.4,71,25.1,0.2,0.2,51,100,27.6,273,12.9716,77.5946
2025-05-28T11:00,25.7,69,26.4,0.4,0.4,51,100,25.6,274,12.9716,77.5946
2025-05-28T12:00,26.3,68,27.3,0.2,0.2,51,100,24.2,274,12.9716,77.5946
2025-05-28T13:00,26.2,67,27.1,0.3,0.3,51,100,23.8,278,12.9716,77.5946
2025-05-28T14:00,26.4,64,26.3,0.1,0.1,51,100,24.4,275,12.9716,77.5946
2025-05-28T15:00,25.9,72,26.9,1.1,1.1,55,99,20.6,261,12.9716,77.5946
2025-05-28T16:00,24.6,78,25.9,0.7,0.7,53,97,19.0,283,12.9716,77.5946
2025-05-28T17:00,24.8,72,25.2,0.1,0.1,51,100,21.5,266,12.9716,77.5946
2025-05-28T18:00,22.7,86,23.7,0.0,0.0,3,100,19.9,261,12.9716,77.5946
2025-05-28T19:00,22.6,83,23.1,0.0,0.0,3,100,21.5,260,12.9716,77.5946
2025-05-28T20:00,22.2,83,22.7,0.0,0.0,3,100,20.2,257,12.9716,77.5946
2025-05-28T21:00,22.1,84,22.7,0.0,0.0,3,100,19.4,257,12.9716,77.5946
2025-05-28T22:00,21.7,85,22.3,0.0,0.0,3,100,19.2,260,12.9716,77.5946
2025-05-28T23:00,21.5,86,22.0,0.0,0.0,3,100,19.2,257,12.9716,77.5946
2025-05-29T00:00,21.5,88,22.1,0.0,0.0,3,100,19.9,257,12.9716,77.5946
2025-05-29T01:00,21.4,89,21.9,0.0,0.0,3,100,20.8,258,12.9716,77.5946
2025-05-29T02:00,21.3,88,22.0,0.0,0.0,3,100,19.5,256,12.9716,77.5946
2025-05-29T03:00,21.1,90,22.1,0.0,0.0,3,100,17.3,247,12.9716,77.5946
2025-05-29T04:00,21.1,91,22.1,0.0,0.0,3,100,17.2,245,12.9716,77.5946
2025-05-29T05:00,21.0,91,21.9,0.2,0.2,51,100,18.2,252,12.9716,77.5946
2025-05-29T06:00,21.4,88,22.7,0.0,0.0,3,100,15.0,251,12.9716,77.5946
2025-05-29T07:00,21.9,87,23.6,0.0,0.0,3,100,13.5,247,12.9716,77.5946
2025-05-29T08:00,22.6,84,23.4,0.1,0.1,51,100,19.6,248,12.9716,77.5946
2025-05-29T09:00,23.3,82,23.8,0.4,0.4,51,100,23.1,256,12.9716,77.5946
2025-05-29T10:00,23.9,81,25.0,0.5,0.5,53,100,20.2,249,12.9716,77.5946
2025-05-29T11:00,25.4,73,26.8,0.2,0.2,51,100,22.1,263,12.9716,77.5946
2025-05-29T12:00,24.9,75,25.5,0.1,0.1,51,100,22.5,255,12.9716,77.5946
2025-05-29T13:00,26.0,67,26.4,0.1,0.1,51,100,24.0,267,12.9716,77.5946
2025-05-29T14:00,25.1,70,25.4,0.1,0.1,51,100,21.6,267,12.9716,77.5946
2025-05-29T15:00,23.0,84,24.1,0.6,0.6,53,100,19.2,253,12.9716,77.5946
2025-05-29T16:00,22.6,88,24.8,1.1,1.1,55,100,13.0,246,12.9716,77.5946
2025-05-29T17:00,21.7,95,23.9,2.4,2.4,61,100,14.2,248,12.9716,77.5946
2025-05-29T18:00,23.0,83,24.8,0.0,0.0,3,100,14.0,238,12.9716,77.5946
2025-05-29T19:00,22.5,84,24.0,0.0,0.0,3,99,14.8,239,12.9716,77.5946
2025-05-29T20:00,21.8,88,23.1,0.2,0.2,51,100,15.9,242,12.9716,77.5946
2025-05-29T21:00,21.2,93,23.0,0.2,0.2,51,100,14.4,242,12.9716,77.5946
2025-05-29T22:00,20.9,95,22.7,0.1,0.1,51,100,14.2,244,12.9716,77.5946
2025-05-29T23:00,20.7,96,22.5,0.1,0.1,51,100,13.8,249,12.9716,77.5946
2025-05-30T00:00,20.6,96,22.4,0.0,0.0,3,100,13.1,251,12.9716,77.5946
2025-05-30T01:00,20.6,96,22.5,0.1,0.1,51,100,12.8,253,12.9716,77.5946
2025-05-30T02:00,20.5,97,22.6,0.3,0.3,51,100,12.1,247,12.9716,77.5946
2025-05-30T03:00,20.5,97,22.7,0.1,0.1,51,100,11.3,241,12.9716,77.5946
2025-05-30T04:00,20.7,96,22.7,0.3,0.3,51,100,13.1,252,12.9716,77.5946
2025-05-30T05:00,20.7,96,22.7,0.2,0.2,51,100,12.9,261,12.9716,77.5946
2025-05-30T06:00,20.7,95,22.7,0.0,0.0,3,100,12.2,257,12.9716,77.5946
2025-05-30T07:00,21.2,93,22.9,0.0,0.0,3,100,14.8,271,12.9716,77.5946
2025-05-30T08:00,21.5,91,23.5,0.0,0.0,3,100,12.6,265,12.9716,77.5946
2025-05-30T09:00,22.5,85,23.6,0.1,0.1,51,100,17.5,268,12.9716,77.5946
2025-05-30T10:00,24.2,75,25.0,0.1,0.1,51,100,18.9,278,12.9716,77.5946
2025-05-30T11:00,23.7,78,25.1,0.0,0.0,3,100,15.7,271,12.9716,77.5946
2025-05-30T12:00,23.8,79,25.3,0.3,0.3,51,100,15.1,267,12.9716,77.5946
2025-05-30T13:00,23.7,81,25.3,0.2,0.2,51,100,15.4,254,12.9716,77.5946
2025-05-30T14:00,24.1,78,25.0,0.1,0.1,51,100,19.9,258,12.9716,77.5946
2025-05-30T15:00,23.9,80,25.3,0.2,0.2,51,100,17.4,254,12.9716,77.5946
2025-05-30T16:00,23.8,80,25.2,0.1,0.1,51,100,17.3,256,12.9716,77.5946
2025-05-30T17:00,23.6,81,25.3,0.0,0.0,3,100,15.0,253,12.9716,77.5946
2025-05-30T18:00,22.0,93,23.7,0.1,0.1,51,100,17.3,240,12.9716,77.5946
2025-05-30T19:00,21.6,91,23.3,0.0,0.0,3,100,14.7,242,12.9716,77.5946
2025-05-30T20:00,21.7,91,23.4,0.0,0.0,3,100,15.2,246,12.9716,77.5946
2025-05-30T21:00,21.7,90,23.0,0.0,0.0,3,100,17.1,258,12.9716,77.5946
2025-05-30T22:00,21.6,91,23.2,0.0,0.0,3,100,16.3,256,12.9716,77.5946
2025-05-30T23:00,21.6,92,23.2,0.0,0.0,3,100,15.5,255,12.9716,77.5946
2025-05-31T00:00,21.7,91,23.1,0.0,0.0,3,100,17.3,257,12.9716,77.5946
2025-05-31T01:00,21.6,91,22.7,0.0,0.0,3,100,18.6,256,12.9716,77.5946
2025-05-31T02:00,21.4,89,22.2,0.0,0.0,3,100,19.4,257,12.9716,77.5946
2025-05-31T03:00,21.3,92,22.4,0.0,0.0,3,100,18.4,256,12.9716,77.5946
2025-05-31T04:00,21.3,92,22.7,0.0,0.0,3,100,17.0,257,12.9716,77.5946
2025-05-31T05:00,21.1,92,22.3,0.0,0.0,3,100,17.1,261,12.9716,77.5946
2025-05-31T06:00,21.0,94,22.8,0.0,0.0,3,100,13.9,269,12.9716,77.5946
2025-05-31T07:00,21.9,89,23.2,0.1,0.1,51,100,17.5,272,12.9716,77.5946
2025-05-31T08:00,23.0,82,24.2,0.0,0.0,3,100,18.1,280,12.9716,77.5946
2025-05-31T09:00,24.5,74,25.3,0.0,0.0,3,100,19.0,279,12.9716,77.5946
2025-05-31T10:00,26.2,65,27.1,0.0,0.0,3,100,20.4,279,12.9716,77.5946
2025-05-31T11:00,26.5,63,26.9,0.0,0.0,3,100,19.3,271,12.9716,77.5946
2025-05-31T12:00,27.1,61,27.8,0.0,0.0,3,100,19.2,263,12.9716,77.5946
2025-05-31T13:00,28.3,57,30.5,0.0,0.0,3,100,18.0,258,12.9716,77.5946
2025-05-31T14:00,28.6,52,29.2,0.0,0.0,3,100,16.2,267,12.9716,77.5946
2025-05-31T15:00,29.5,47,30.0,0.0,0.0,3,100,15.0,276,12.9716,77.5946
2025-05-31T16:00,28.7,51,29.3,0.0,0.0,3,100,14.4,269,12.9716,77.5946
2025-05-31T17:00,27.7,55,28.9,0.0,0.0,3,100,11.7,269,12.9716,77.5946
2025-05-31T18:00,25.6,71,27.4,0.0,0.0,3,100,13.2,241,12.9716,77.5946
2025-05-31T19:00,24.3,78,26.4,0.0,0.0,3,100,12.5,250,12.9716,77.5946
2025-05-31T20:00,23.7,81,25.9,0.0,0.0,3,98,11.5,247,12.9716,77.5946
2025-05-31T21:00,23.0,82,24.9,0.0,0.0,3,99,12.2,250,12.9716,77.5946
2025-05-31T22:00,22.0,85,23.9,0.0,0.0,3,93,11.3,261,12.9716,77.5946
2025-05-31T23:00,21.3,88,23.0,0.0,0.0,3,99,11.6,264,12.9716,77.5946
2025-06-01T00:00,20.5,92,22.3,0.0,0.0,2,68,11.5,259,12.9716,77.5946
2025-06-01T01:00,20.1,94,21.8,0.0,0.0,3,99,12.3,259,12.9716,77.5946
2025-06-01T02:00,19.7,98,21.4,0.0,0.0,3,100,12.6,261,12.9716,77.5946
2025-06-01T03:00,20.0,98,21.7,0.0,0.0,3,100,13.9,260,12.9716,77.5946
2025-06-01T04:00,20.3,96,22.0,0.0,0.0,3,100,13.7,260,12.9716,77.5946
2025-06-01T05:00,20.3,97,22.0,0.0,0.0,3,100,13.6,259,12.9716,77.5946
2025-06-01T06:00,21.3,96,23.7,0.0,0.0,3,100,12.2,253,12.9716,77.5946
2025-06-01T07:00,22.2,92,24.2,0.0,0.0,3,98,15.1,261,12.9716,77.5946
2025-06-01T08:00,24.0,80,25.8,0.0,0.0,3,100,14.7,264,12.9716,77.5946
2025-06-01T09:00,25.3,72,26.7,0.0,0.0,3,97,16.2,266,12.9716,77.5946
2025-06-01T10:00,26.5,66,29.3,0.0,0.0,3,88,14.8,265,12.9716,77.5946
2025-06-01T11:00,27.7,61,30.8,0.0,0.0,3,97,15.7,265,12.9716,77.5946
2025-06-01T12:00,29.1,53,32.0,0.0,0.0,3,81,15.9,264,12.9716,77.5946
2025-06-01T13:00,29.4,52,32.0,0.0,0.0,1,49,16.2,262,12.9716,77.5946
2025-06-01T14:00,29.6,50,31.7,0.0,0.0,1,28,16.3,262,12.9716,77.5946
2025-06-01T15:00,29.3,48,30.2,0.0,0.0,2,53,16.4,258,12.9716,77.5946
2025-06-01T16:00,28.6,53,29.2,0.0,0.0,2,77,15.9,256,12.9716,77.5946
2025-06-01T17:00,27.1,60,28.3,0.0,0.0,3,99,13.9,245,12.9716,77.5946
2025-06-01T18:00,26.2,63,27.7,0.0,0.0,3,97,10.7,262,12.9716,77.5946
2025-06-01T19:00,25.0,67,26.2,0.0,0.0,3,95,12.8,261,12.9716,77.5946
2025-06-01T20:00,23.7,71,24.5,0.0,0.0,3,100,14.1,259,12.9716,77.5946
2025-06-01T21:00,22.5,78,23.6,0.0,0.0,3,100,13.9,253,12.9716,77.5946
2025-06-01T22:00,21.7,81,22.9,0.0,0.0,3,97,12.5,254,12.9716,77.5946
2025-06-01T23:00,21.1,86,22.6,0.0,0.0,3,89,11.1,250,12.9716,77.5946
2025-06-02T00:00,20.7,89,22.4,0.0,0.0,3,90,10.9,246,12.9716,77.5946
2025-06-02T01:00,20.3,93,22.2,0.0,0.0,3,100,10.7,243,12.9716,77.5946
2025-06-02T02:00,19.9,96,21.7,0.0,0.0,3,100,10.8,238,12.9716,77.5946
2025-06-02T03:00,19.6,98,21.4,0.0,0.0,3,100,11.3,237,12.9716,77.5946
2025-06-02T04:00,19.5,99,21.4,0.0,0.0,3,100,11.5,239,12.9716,77.5946
2025-06-02T05:00,19.7,98,21.5,0.0,0.0,3,100,11.9,245,12.9716,77.5946
2025-06-02T06:00,20.4,99,22.6,0.0,0.0,3,100,11.8,241,12.9716,77.5946
2025-06-02T07:00,21.4,92,23.0,0.0,0.0,3,100,15.0,250,12.9716,77.5946
2025-06-02T08:00,23.2,80,24.3,0.0,0.0,3,100,16.8,251,12.9716,77.5946
2025-06-02T09:00,24.7,71,25.6,0.0,0.0,3,100,17.4,251,12.9716,77.5946
2025-06-02T10:00,26.1,65,27.3,0.0,0.0,3,100,19.2,253,12.9716,77.5946
2025-06-02T11:00,27.2,60,28.6,0.0,0.0,3,100,20.2,251,12.9716,77.5946
2025-06-02T12:00,27.3,60,28.7,0.0,0.0,3,99,16.7,248,12.9716,77.5946
2025-06-02T13:00,28.6,58,31.5,0.0,0.0,3,100,16.2,244,12.9716,77.5946
2025-06-02T14:00,28.8,56,31.0,0.0,0.0,3,100,17.1,245,12.9716,77.5946
2025-06-02T15:00,28.9,56,30.3,0.1,0.1,51,100,16.9,243,12.9716,77.5946
2025-06-02T16:00,27.5,58,27.7,1.3,1.3,61,100,19.3,250,12.9716,77.5946
2025-06-02T17:00,25.4,68,26.9,0.1,0.1,51,100,13.5,233,12.9716,77.5946
2025-06-02T18:00,24.7,68,26.2,0.0,0.0,3,100,10.7,254,12.9716,77.5946
2025-06-02T19:00,23.9,72,25.7,0.0,0.0,3,100,9.2,247,12.9716,77.5946
2025-06-02T20:00,23.8,74,25.5,0.0,0.0,3,100,10.6,246,12.9716,77.5946
2025-06-02T21:00,23.3,76,24.6,0.0,0.0,3,100,13.5,247,12.9716,77.5946
2025-06-02T22:00,22.4,80,23.9,0.0,0.0,3,100,12.5,250,12.9716,77.5946
2025-06-02T23:00,21.7,84,23.4,0.0,0.0,3,100,11.1,250,12.9716,77.5946
2025-06-03T00:00,21.2,88,22.8,0.0,0.0,3,100,12.2,243,12.9716,77.5946
2025-06-03T01:00,20.7,91,22.1,0.0,0.0,3,100,13.7,238,12.9716,77.5946
2025-06-03T02:00,20.4,93,21.9,0.0,0.0,3,100,13.4,244,12.9716,77.5946
2025-06-03T03:00,20.0,95,21.5,0.0,0.0,3,100,13.1,245,12.9716,77.5946
2025-06-03T04:00,19.9,95,21.3,0.0,0.0,3,100,13.9,246,12.9716,77.5946
2025-06-03T05:00,20.0,95,21.5,0.0,0.0,3,100,13.0,246,12.9716,77.5946
2025-06-03T06:00,20.7,94,22.6,0.0,0.0,3,100,12.2,243,12.9716,77.5946
2025-06-03T07:00,21.8,89,23.1,0.0,0.0,2,77,16.9,245,12.9716,77.5946
2025-06-03T08:00,23.6,78,24.5,0.1,0.1,51,45,18.7,250,12.9716,77.5946
2025-06-03T09:00,24.7,72,25.1,0.1,0.1,51,30,20.9,250,12.9716,77.5946
2025-06-03T10:00,26.2,66,27.5,0.1,0.1,51,60,20.2,251,12.9716,77.5946
2025-06-03T11:00,26.9,67,29.1,0.1,0.1,51,86,19.7,252,12.9716,77.5946
2025-06-03T12:00,27.5,62,28.7,0.0,0.0,3,95,18.1,254,12.9716,77.5946
2025-06-03T13:00,27.9,61,30.4,0.4,0.4,51,91,17.5,255,12.9716,77.5946
2025-06-03T14:00,28.8,57,30.7,0.0,0.0,3,100,17.6,252,12.9716,77.5946
2025-06-03T15:00,26.0,67,27.1,0.7,0.7,53,96,17.5,260,12.9716,77.5946
2025-06-03T16:00,26.6,64,27.8,0.1,0.1,51,93,16.2,244,12.9716,77.5946
2025-06-03T17:00,25.8,68,27.5,0.2,0.2,51,90,13.4,241,12.9716,77.5946
2025-06-03T18:00,25.0,73,27.4,0.0,0.0,3,100,9.2,231,12.9716,77.5946
2025-06-03T19:00,24.0,77,26.4,0.0,0.0,3,100,8.9,243,12.9716,77.5946
2025-06-03T20:00,23.5,81,25.9,0.0,0.0,3,100,10.1,226,12.9716,77.5946
2025-06-03T21:00,22.9,83,25.0,0.0,0.0,3,100,10.7,247,12.9716,77.5946
2025-06-03T22:00,22.2,83,24.0,0.0,0.0,3,100,11.0,256,12.9716,77.5946
2025-06-03T23:00,21.6,86,23.6,0.0,0.0,3,100,10.0,244,12.9716,77.5946
2025-06-04T00:00,21.0,89,23.0,0.0,0.0,3,99,9.9,241,12.9716,77.5946
2025-06-04T01:00,20.6,92,22.7,0.0,0.0,3,100,9.3,245,12.9716,77.5946
2025-06-04T02:00,20.1,95,22.2,0.0,0.0,3,98,9.3,243,12.9716,77.5946
2025-06-04T03:00,19.8,97,21.9,0.0,0.0,3,97,9.0,235,12.9716,77.5946
2025-06-04T04:00,19.6,98,21.6,0.0,0.0,3,100,10.0,236,12.9716,77.5946
2025-06-04T05:00,19.4,99,21.5,0.0,0.0,3,100,9.9,233,12.9716,77.5946
2025-06-04T06:00,20.8,93,23.2,0.0,0.0,3,99,8.9,236,12.9716,77.5946
2025-06-04T07:00,21.9,87,24.2,0.0,0.0,3,95,9.8,244,12.9716,77.5946
2025-06-04T08:00,23.6,78,25.4,0.0,0.0,0,9,11.7,250,12.9716,77.5946
2025-06-04T09:00,25.3,67,26.9,0.0,0.0,1,32,13.0,259,12.9716,77.5946
2025-06-04T10:00,26.6,61,28.8,0.0,0.0,0,11,13.3,257,12.9716,77.5946
2025-06-04T11:00,27.8,57,30.5,0.0,0.0,0,14,14.2,258,12.9716,77.5946
2025-06-04T12:00,28.6,53,31.2,0.0,0.0,1,23,14.8,260,12.9716,77.5946
2025-06-04T13:00,29.3,50,31.7,0.0,0.0,1,49,14.1,263,12.9716,77.5946
2025-06-04T14:00,29.3,50,31.0,0.0,0.0,1,31,14.4,269,12.9716,77.5946
2025-06-04T15:00,29.3,50,30.2,0.0,0.0,1,28,15.1,271,12.9716,77.5946
2025-06-04T16:00,28.8,51,29.5,0.0,0.0,2,63,13.6,264,12.9716,77.5946
2025-06-04T17:00,28.1,50,28.4,0.5,0.5,53,86,14.4,260,12.9716,77.5946
2025-06-04T18:00,26.5,60,28.0,0.0,0.0,2,74,10.0,261,12.9716,77.5946
2025-06-04T19:00,25.1,67,27.0,0.0,0.0,3,90,9.2,267,12.9716,77.5946
2025-06-04T20:00,24.3,71,25.7,0.0,0.0,3,84,13.1,255,12.9716,77.5946
2025-06-04T21:00,23.2,72,24.0,0.0,0.0,3,99,13.9,265,12.9716,77.5946
2025-06-04T22:00,22.2,80,23.7,0.0,0.0,3,91,11.1,261,12.9716,77.5946
2025-06-04T23:00,21.7,84,23.6,0.0,0.0,3,98,9.4,259,12.9716,77.5946
2025-06-05T00:00,20.9,89,23.0,0.0,0.0,3,100,8.8,261,12.9716,77.5946
2025-06-05T01:00,20.4,92,22.5,0.0,0.0,3,100,8.8,253,12.9716,77.5946
2025-06-05T02:00,19.9,95,22.0,0.0,0.0,3,99,8.8,253,12.9716,77.5946
2025-06-05T03:00,19.7,96,21.8,0.0,0.0,3,93,8.7,263,12.9716,77.5946
2025-06-05T04:00,19.5,97,21.5,0.0,0.0,3,91,8.8,269,12.9716,77.5946
2025-06-05T05:00,19.4,98,21.5,0.0,0.0,3,83,8.4,260,12.9716,77.5946
2025-06-05T06:00,19.9,97,22.2,0.0,0.0,2,53,8.5,258,12.9716,77.5946
2025-06-05T07:00,21.1,88,23.0,0.0,0.0,0,19,10.6,271,12.9716,77.5946
2025-06-05T08:00,23.1,78,25.2,0.0,0.0,0,3,7.9,271,12.9716,77.5946
2025-06-05T09:00,25.2,65,27.1,0.0,0.0,1,22,9.3,280,12.9716,77.5946
2025-06-05T10:00,27.0,56,29.3,0.0,0.0,3,97,11.6,286,12.9716,77.5946
2025-06-05T11:00,28.4,51,30.9,0.0,0.0,3,90,12.9,290,12.9716,77.5946
2025-06-05T12:00,29.3,47,31.7,0.0,0.0,3,92,12.9,295,12.9716,77.5946
2025-06-05T13:00,29.6,46,32.1,0.0,0.0,3,97,10.6,291,12.9716,77.5946
2025-06-05T14:00,30.2,42,32.5,0.0,0.0,3,95,10.3,286,12.9716,77.5946
2025-06-05T15:00,29.7,43,30.4,0.0,0.0,3,99,11.8,281,12.9716,77.5946
2025-06-05T16:00,29.0,46,29.5,0.0,0.0,3,97,11.1,277,12.9716,77.5946
2025-06-05T17:00,28.4,48,29.0,0.0,0.0,3,91,9.8,277,12.9716,77.5946
2025-06-05T18:00,27.3,53,28.6,0.0,0.0,3,100,7.3,279,12.9716,77.5946
2025-06-05T19:00,26.1,64,28.8,0.0,0.0,3,96,3.2,243,12.9716,77.5946
2025-06-05T20:00,25.6,69,28.8,0.0,0.0,1,26,2.4,189,12.9716,77.5946
2025-06-05T21:00,25.1,65,27.2,0.0,0.0,3,94,5.6,255,12.9716,77.5946
2025-06-05T22:00,24.1,68,26.0,0.0,0.0,1,25,6.4,260,12.9716,77.5946
2025-06-05T23:00,23.2,71,25.1,0.0,0.0,0,16,6.0,263,12.9716,77.5946
2025-06-06T00:00,22.5,73,24.3,0.0,0.0,0,16,6.0,254,12.9716,77.5946
2025-06-06T01:00,21.7,78,23.3,0.0,0.0,0,3,7.2,256,12.9716,77.5946
2025-06-06T02:00,21.1,83,23.1,0.0,0.0,0,1,6.1,251,12.9716,77.5946
2025-06-06T03:00,20.7,87,22.7,0.0,0.0,0,1,7.2,269,12.9716,77.5946
2025-06-06T04:00,20.3,89,22.5,0.0,0.0,0,15,6.7,273,12.9716,77.5946
2025-06-06T05:00,20.0,91,22.2,0.0,0.0,1,37,6.6,281,12.9716,77.5946
2025-06-06T06:00,21.4,90,24.3,0.0,0.0,3,90,5.6,295,12.9716,77.5946
2025-06-06T07:00,22.8,81,25.3,0.0,0.0,3,100,6.7,301,12.9716,77.5946
2025-06-06T08:00,24.6,70,26.4,0.0,0.0,3,90,9.4,302,12.9716,77.5946
2025-06-06T09:00,26.5,58,28.0,0.1,0.1,51,91,10.7,299,12.9716,77.5946
2025-06-06T10:00,28.2,50,30.3,0.0,0.0,1,25,10.1,299,12.9716,77.5946
2025-06-06T11:00,29.9,44,32.5,0.0,0.0,1,30,9.5,285,12.9716,77.5946
2025-06-06T12:00,30.5,41,32.5,0.0,0.0,1,40,10.2,279,12.9716,77.5946
2025-06-06T13:00,31.3,38,33.2,0.0,0.0,1,22,10.7,275,12.9716,77.5946
2025-06-06T14:00,31.6,37,32.9,0.0,0.0,2,58,12.0,279,12.9716,77.5946
2025-06-06T15:00,31.3,38,31.8,0.0,0.0,1,45,13.1,283,12.9716,77.5946
2025-06-06T16:00,30.5,40,30.3,0.0,0.0,1,32,12.5,291,12.9716,77.5946
2025-06-06T17:00,30.2,39,30.1,0.0,0.0,1,28,10.7,279,12.9716,77.5946
2025-06-06T18:00,27.8,54,29.5,0.1,0.1,51,30,6.8,235,12.9716,77.5946
2025-06-06T19:00,26.9,61,29.3,0.0,0.0,0,12,5.3,232,12.9716,77.5946
2025-06-06T20:00,26.0,68,29.3,0.0,0.0,2,64,2.5,172,12.9716,77.5946
2025-06-06T21:00,25.6,75,29.6,0.0,0.0,2,72,1.3,124,12.9716,77.5946
2025-06-06T22:00,24.5,70,25.9,0.0,0.0,3,86,12.4,223,12.9716,77.5946
2025-06-06T23:00,23.5,75,25.2,0.0,0.0,2,77,9.9,282,12.9716,77.5946
2025-06-07T00:00,22.8,79,24.9,0.0,0.0,3,90,8.3,275,12.9716,77.5946
2025-06-07T01:00,22.3,82,24.6,0.0,0.0,3,91,7.4,248,12.9716,77.5946
2025-06-07T02:00,21.5,87,23.9,0.0,0.0,2,69,7.3,234,12.9716,77.5946
2025-06-07T03:00,21.0,90,23.6,0.0,0.0,0,18,6.3,243,12.9716,77.5946
2025-06-07T04:00,20.5,93,23.0,0.0,0.0,2,63,6.7,232,12.9716,77.5946
2025-06-07T05:00,20.2,94,22.5,0.0,0.0,2,64,7.5,237,12.9716,77.5946
2025-06-07T06:00,21.3,89,23.7,0.0,0.0,3,94,7.2,257,12.9716,77.5946
2025-06-07T07:00,22.6,81,24.7,0.0,0.0,3,100,8.4,260,12.9716,77.5946
2025-06-07T08:00,24.3,71,26.3,0.0,0.0,3,98,8.0,264,12.9716,77.5946
2025-06-07T09:00,26.2,61,28.0,0.0,0.0,3,99,8.6,272,12.9716,77.5946
2025-06-07T10:00,28.2,50,30.4,0.0,0.0,3,82,9.9,275,12.9716,77.5946
2025-06-07T11:00,29.5,44,31.6,0.1,0.1,51,97,11.2,271,12.9716,77.5946
2025-06-07T12:00,30.1,42,31.9,0.1,0.1,51,69,10.7,263,12.9716,77.5946
2025-06-07T13:00,30.8,40,32.8,0.1,0.1,51,87,11.4,254,12.9716,77.5946
2025-06-07T14:00,30.9,39,32.3,0.0,0.0,3,97,12.3,248,12.9716,77.5946
2025-06-07T15:00,30.5,41,31.3,0.0,0.0,1,32,13.0,251,12.9716,77.5946
2025-06-07T16:00,29.8,43,29.8,0.0,0.0,1,32,13.0,260,12.9716,77.5946
2025-06-07T17:00,29.2,44,29.2,0.0,0.0,1,20,12.7,263,12.9716,77.5946
2025-06-07T18:00,28.3,46,28.9,0.0,0.0,2,66,9.3,234,12.9716,77.5946
2025-06-07T19:00,27.0,52,28.0,0.0,0.0,0,17,8.0,222,12.9716,77.5946
2025-06-07T20:00,26.2,55,27.2,0.0,0.0,1,28,8.0,228,12.9716,77.5946
2025-06-07T21:00,25.2,60,26.1,0.0,0.0,1,40,10.0,247,12.9716,77.5946
2025-06-07T22:00,24.0,68,25.5,0.0,0.0,1,28,8.6,258,12.9716,77.5946
2025-06-07T23:00,23.1,75,24.9,0.0,0.0,2,56,8.9,252,12.9716,77.5946
2025-06-08T00:00,22.4,81,24.5,0.0,0.0,2,75,8.8,266,12.9716,77.5946
2025-06-08T01:00,21.8,84,24.0,0.0,0.0,1,34,8.3,265,12.9716,77.5946
2025-06-08T02:00,21.4,86,23.5,0.0,0.0,3,80,8.7,265,12.9716,77.5946
2025-06-08T03:00,20.9,88,23.0,0.0,0.0,3,100,8.3,269,12.9716,77.5946
2025-06-08T04:00,20.6,89,22.7,0.0,0.0,3,100,7.7,269,12.9716,77.5946
2025-06-08T05:00,20.2,91,22.3,0.0,0.0,3,100,7.7,259,12.9716,77.5946
2025-06-08T06:00,21.3,88,23.7,0.0,0.0,3,100,6.7,279,12.9716,77.5946
2025-06-08T07:00,22.5,81,24.5,0.0,0.0,3,98,8.7,274,12.9716,77.5946
2025-06-08T08:00,24.0,72,25.9,0.0,0.0,2,67,9.4,281,12.9716,77.5946
2025-06-08T09:00,26.4,61,27.9,0.0,0.0,2,75,10.4,290,12.9716,77.5946
2025-06-08T10:00,28.8,51,30.9,0.0,0.0,1,46,11.5,292,12.9716,77.5946
2025-06-08T11:00,30.1,46,32.5,0.0,0.0,3,100,12.4,300,12.9716,77.5946
2025-06-08T12:00,30.8,45,33.6,0.1,0.1,51,100,12.3,300,12.9716,77.5946
2025-06-08T13:00,31.3,43,33.3,0.0,0.0,3,100,11.5,300,12.9716,77.5946
2025-06-08T14:00,31.8,41,33.8,0.0,0.0,3,83,11.5,300,12.9716,77.5946
2025-06-08T15:00,31.6,41,32.6,0.0,0.0,3,97,10.7,297,12.9716,77.5946
2025-06-08T16:00,30.9,42,31.7,0.0,0.0,3,95,9.6,290,12.9716,77.5946
2025-06-08T17:00,28.1,53,29.4,0.4,0.4,51,92,9.3,326,12.9716,77.5946
2025-06-08T18:00,28.1,51,29.3,0.0,0.0,3,100,8.4,220,12.9716,77.5946
2025-06-08T19:00,27.5,54,29.3,0.0,0.0,3,100,5.8,234,12.9716,77.5946
2025-06-08T20:00,25.5,62,27.3,0.0,0.0,3,100,6.2,296,12.9716,77.5946
2025-06-08T21:00,24.4,68,26.4,0.2,0.2,51,61,6.6,291,12.9716,77.5946
2025-06-08T22:00,22.7,80,24.4,0.8,0.8,53,100,11.2,298,12.9716,77.5946
2025-06-08T23:00,21.8,87,24.2,1.4,1.4,61,100,8.0,288,12.9716,77.5946
2025-06-09T00:00,21.1,93,23.9,3.5,3.5,63,98,6.6,241,12.9716,77.5946
2025-06-09T01:00,20.6,97,23.8,5.8,5.8,63,100,4.2,239,12.9716,77.5946
2025-06-09T02:00,20.6,97,23.2,0.3,0.3,51,100,8.4,225,12.9716,77.5946
2025-06-09T03:00,20.3,98,22.5,0.1,0.1,51,100,11.0,238,12.9716,77.5946
2025-06-09T04:00,20.4,98,22.8,0.0,0.0,3,100,10.3,255,12.9716,77.5946
2025-06-09T05:00,20.8,96,23.0,0.0,0.0,3,100,11.8,264,12.9716,77.5946
2025-06-09T06:00,21.1,96,23.6,0.0,0.0,2,72,10.6,272,12.9716,77.5946
2025-06-09T07:00,22.0,91,24.1,0.1,0.1,51,99,13.2,280,12.9716,77.5946
2025-06-09T08:00,23.1,83,25.1,0.0,0.0,2,74,13.3,286,12.9716,77.5946
2025-06-09T09:00,24.8,75,26.5,0.0,0.0,2,51,14.5,285,12.9716,77.5946
2025-06-09T10:00,26.3,68,28.9,0.0,0.0,1,35,14.3,288,12.9716,77.5946
2025-06-09T11:00,27.4,64,30.6,0.0,0.0,2,56,15.2,291,12.9716,77.5946
2025-06-09T12:00,28.3,59,31.7,0.0,0.0,3,97,15.5,293,12.9716,77.5946
2025-06-09T13:00,28.8,56,31.4,0.0,0.0,3,100,16.0,300,12.9716,77.5946
2025-06-09T14:00,28.4,54,29.2,0.0,0.0,3,100,14.8,306,12.9716,77.5946
2025-06-09T15:00,27.2,61,28.8,0.5,0.5,53,100,12.5,342,12.9716,77.5946
2025-06-09T16:00,27.0,62,28.9,1.1,1.1,55,100,10.1,303,12.9716,77.5946
2025-06-09T17:00,25.2,69,26.5,0.5,0.5,53,99,14.2,288,12.9716,77.5946
2025-06-09T18:00,24.7,72,26.1,0.0,0.0,3,100,13.6,300,12.9716,77.5946
2025-06-09T19:00,23.3,77,24.9,0.0,0.0,3,100,12.3,307,12.9716,77.5946
2025-06-09T20:00,23.0,82,25.2,0.0,0.0,3,100,10.7,290,12.9716,77.5946
2025-06-09T21:00,22.9,85,25.4,0.0,0.0,3,100,10.7,293,12.9716,77.5946
2025-06-09T22:00,22.3,87,24.7,0.0,0.0,3,96,9.8,290,12.9716,77.5946
2025-06-09T23:00,21.8,90,24.3,0.0,0.0,3,100,9.3,289,12.9716,77.5946
2025-06-10T00:00,21.4,92,23.8,0.0,0.0,3,100,10.4,287,12.9716,77.5946
2025-06-10T01:00,21.0,93,23.2,0.0,0.0,3,100,11.0,291,12.9716,77.5946
2025-06-10T02:00,20.8,94,22.9,0.0,0.0,1,29,11.4,283,12.9716,77.5946
2025-06-10T03:00,20.5,93,22.4,0.0,0.0,2,76,11.4,277,12.9716,77.5946
2025-06-10T04:00,20.2,93,22.1,0.0,0.0,0,15,10.1,276,12.9716,77.5946
2025-06-10T05:00,20.1,92,21.6,0.0,0.0,1,29,11.2,276,12.9716,77.5946
2025-06-10T06:00,21.0,89,22.8,0.0,0.0,0,14,10.5,276,12.9716,77.5946
2025-06-10T07:00,22.0,85,24.0,0.0,0.0,0,0,10.5,265,12.9716,77.5946
2025-06-10T08:00,23.6,77,25.2,0.0,0.0,0,11,12.6,272,12.9716,77.5946
2025-06-10T09:00,25.3,68,26.9,0.0,0.0,0,6,13.4,275,12.9716,77.5946
2025-06-10T10:00,26.8,62,29.2,0.0,0.0,1,33,14.4,293,12.9716,77.5946
2025-06-10T11:00,28.0,57,30.5,0.1,0.1,51,34,15.7,311,12.9716,77.5946
2025-06-10T12:00,29.0,57,32.3,0.1,0.1,51,100,14.6,303,12.9716,77.5946
2025-06-10T13:00,29.8,55,32.8,0.0,0.0,3,100,15.0,312,12.9716,77.5946
2025-06-10T14:00,29.3,55,31.4,0.0,0.0,2,61,14.9,322,12.9716,77.5946
2025-06-10T15:00,29.4,55,31.8,0.2,0.2,51,89,12.6,324,12.9716,77.5946
2025-06-10T16:00,25.3,70,26.4,0.1,0.1,51,97,17.2,293,12.9716,77.5946
2025-06-10T17:00,22.7,87,25.5,4.4,4.4,63,100,8.3,281,12.9716,77.5946
2025-06-10T18:00,24.4,76,26.8,0.0,0.0,3,100,9.6,244,12.9716,77.5946
2025-06-10T19:00,22.9,82,24.9,0.1,0.1,51,100,11.7,283,12.9716,77.5946
2025-06-10T20:00,22.9,83,25.2,0.0,0.0,3,100,10.3,272,12.9716,77.5946
2025-06-10T21:00,22.4,86,24.4,0.0,0.0,3,100,11.7,279,12.9716,77.5946
2025-06-10T22:00,22.1,87,24.3,0.0,0.0,3,100,10.7,275,12.9716,77.5946
2025-06-10T23:00,21.8,89,23.9,0.0,0.0,3,100,11.7,267,12.9716,77.5946
2025-06-11T00:00,21.6,90,23.8,0.0,0.0,3,100,10.4,260,12.9716,77.5946
2025-06-11T01:00,21.1,93,23.5,0.0,0.0,3,100,9.7,267,12.9716,77.5946
2025-06-11T02:00,21.0,93,23.3,0.0,0.0,2,61,9.9,268,12.9716,77.5946
2025-06-11T03:00,20.6,95,22.8,0.0,0.0,3,100,10.1,260,12.9716,77.5946
2025-06-11T04:00,20.7,94,22.8,0.0,0.0,3,93,10.4,260,12.9716,77.5946
2025-06-11T05:00,20.5,94,22.5,0.0,0.0,3,99,10.5,262,12.9716,77.5946
2025-06-11T06:00,21.2,95,23.7,0.0,0.0,3,100,10.1,268,12.9716,77.5946
2025-06-11T07:00,22.4,87,24.5,0.0,0.0,3,100,12.6,280,12.9716,77.5946
2025-06-11T08:00,23.9,79,25.6,0.0,0.0,3,99,14.7,276,12.9716,77.5946
2025-06-11T09:00,25.2,73,26.9,0.0,0.0,3,98,14.9,285,12.9716,77.5946
2025-06-11T10:00,26.8,67,29.3,0.0,0.0,3,99,16.4,299,12.9716,77.5946
2025-06-11T11:00,27.7,64,30.8,0.0,0.0,3,99,16.8,294,12.9716,77.5946
2025-06-11T12:00,27.5,63,31.1,0.0,0.0,3,100,15.4,286,12.9716,77.5946
2025-06-11T13:00,27.8,61,29.5,0.0,0.0,3,100,13.9,299,12.9716,77.5946
2025-06-11T14:00,27.6,62,29.1,0.2,0.2,51,100,14.1,302,12.9716,77.5946
2025-06-11T15:00,26.2,66,27.4,1.1,1.1,55,100,16.9,277,12.9716,77.5946
2025-06-11T16:00,24.8,76,27.2,1.0,1.0,55,100,10.8,223,12.9716,77.5946
2025-06-11T17:00,24.3,79,26.9,2.3,2.3,61,100,10.3,297,12.9716,77.5946
2025-06-11T18:00,24.0,79,26.2,0.0,0.0,3,100,11.3,245,12.9716,77.5946
2025-06-11T19:00,21.7,89,23.2,0.2,0.2,51,100,15.3,288,12.9716,77.5946
2025-06-11T20:00,20.4,95,22.4,0.6,0.6,53,100,11.2,298,12.9716,77.5946
2025-06-11T21:00,20.6,96,23.0,0.8,0.8,53,100,10.0,300,12.9716,77.5946
2025-06-11T22:00,20.7,96,23.2,0.3,0.3,51,100,9.7,267,12.9716,77.5946
2025-06-11T23:00,20.8,96,23.3,0.5,0.5,53,100,9.7,254,12.9716,77.5946
2025-06-12T00:00,20.8,98,23.2,0.2,0.2,51,100,11.4,241,12.9716,77.5946
2025-06-12T01:00,20.7,98,22.7,0.1,0.1,51,100,13.2,241,12.9716,77.5946
2025-06-12T02:00,20.5,98,22.4,0.0,0.0,3,100,13.5,247,12.9716,77.5946
2025-06-12T03:00,20.3,98,22.1,0.0,0.0,3,100,13.4,250,12.9716,77.5946
2025-06-12T04:00,20.4,97,22.1,0.0,0.0,3,100,14.5,247,12.9716,77.5946
2025-06-12T05:00,20.5,96,22.2,0.0,0.0,3,100,14.2,252,12.9716,77.5946
2025-06-12T06:00,20.7,96,22.9,0.1,0.1,51,100,11.8,245,12.9716,77.5946
2025-06-12T07:00,21.2,93,23.0,0.1,0.1,51,100,13.9,246,12.9716,77.5946
2025-06-12T08:00,22.1,88,23.6,0.0,0.0,3,100,16.2,255,12.9716,77.5946
2025-06-12T09:00,23.0,82,24.3,0.1,0.1,51,100,16.4,266,12.9716,77.5946
2025-06-12T10:00,23.8,77,25.1,0.1,0.1,51,100,16.4,266,12.9716,77.5946
2025-06-12T11:00,25.5,69,27.2,0.1,0.1,51,97,15.2,263,12.9716,77.5946
2025-06-12T12:00,26.3,65,29.3,0.3,0.3,51,88,14.4,257,12.9716,77.5946
2025-06-12T13:00,26.6,63,28.9,0.3,0.3,51,58,14.0,258,12.9716,77.5946
2025-06-12T14:00,27.5,59,30.0,0.2,0.2,51,63,12.3,255,12.9716,77.5946
2025-06-12T15:00,27.6,58,28.9,0.1,0.1,51,70,16.4,247,12.9716,77.5946
2025-06-12T16:00,24.9,76,27.3,0.2,0.2,51,99,11.3,260,12.9716,77.5946
2025-06-12T17:00,24.5,77,26.5,0.4,0.4,51,99,12.9,228,12.9716,77.5946
2025-06-12T18:00,24.0,74,25.1,0.0,0.0,3,100,15.6,249,12.9716,77.5946
2025-06-12T19:00,23.5,73,23.9,0.0,0.0,3,100,17.7,243,12.9716,77.5946
2025-06-12T20:00,22.3,78,23.1,0.0,0.0,3,89,15.5,241,12.9716,77.5946
2025-06-12T21:00,21.6,83,22.8,0.0,0.0,1,30,13.2,231,12.9716,77.5946
2025-06-12T22:00,21.1,88,22.3,0.0,0.0,2,63,14.2,231,12.9716,77.5946
2025-06-12T23:00,20.8,91,22.3,0.0,0.0,3,100,13.5,225,12.9716,77.5946
2025-06-13T00:00,20.7,92,22.2,0.0,0.0,3,100,13.7,224,12.9716,77.5946
2025-06-13T01:00,20.6,93,22.2,0.0,0.0,3,100,13.2,231,12.9716,77.5946
2025-06-13T02:00,20.5,94,22.1,0.0,0.0,3,99,13.8,237,12.9716,77.5946
2025-06-13T03:00,20.4,95,22.1,0.0,0.0,3,100,13.5,232,12.9716,77.5946
2025-06-13T04:00,20.7,94,22.2,0.1,0.1,51,100,14.7,233,12.9716,77.5946
2025-06-13T05:00,20.6,95,22.0,0.1,0.1,51,100,15.6,233,12.9716,77.5946
2025-06-13T06:00,20.8,94,22.5,0.0,0.0,3,100,13.5,233,12.9716,77.5946
2025-06-13T07:00,21.5,91,23.2,0.0,0.0,3,100,14.7,237,12.9716,77.5946
2025-06-13T08:00,22.0,91,23.7,0.3,0.3,51,88,15.7,242,12.9716,77.5946
2025-06-13T09:00,24.1,83,26.5,0.1,0.1,51,90,13.4,252,12.9716,77.5946
2025-06-13T10:00,25.5,75,27.3,0.0,0.0,3,91,16.0,246,12.9716,77.5946
2025-06-13T11:00,26.2,72,28.4,0.1,0.1,51,100,16.3,251,12.9716,77.5946
2025-06-13T12:00,25.8,71,27.3,0.1,0.1,51,99,16.2,261,12.9716,77.5946
2025-06-13T13:00,25.1,74,26.5,0.5,0.5,53,100,17.2,225,12.9716,77.5946
2025-06-13T14:00,23.5,88,26.3,0.6,0.6,53,99,11.8,208,12.9716,77.5946
2025-06-13T15:00,24.2,86,26.6,0.3,0.3,51,92,15.8,238,12.9716,77.5946
2025-06-13T16:00,23.8,84,25.8,1.3,1.3,61,86,16.4,243,12.9716,77.5946
2025-06-13T17:00,23.9,84,26.0,0.1,0.1,51,72,15.5,237,12.9716,77.5946
2025-06-13T18:00,23.3,85,25.5,0.1,0.1,51,100,14.1,231,12.9716,77.5946
2025-06-13T19:00,22.6,90,25.1,0.1,0.1,51,95,12.1,227,12.9716,77.5946
2025-06-13T20:00,22.2,91,24.4,0.1,0.1,51,98,14.1,232,12.9716,77.5946
2025-06-13T21:00,21.9,92,23.9,0.0,0.0,3,100,14.2,232,12.9716,77.5946
2025-06-13T22:00,21.5,93,23.5,0.0,0.0,3,87,13.0,227,12.9716,77.5946
2025-06-13T23:00,20.9,95,22.8,0.0,0.0,3,100,13.1,232,12.9716,77.5946
2025-06-14T00:00,20.6,96,22.4,0.0,0.0,3,88,14.4,240,12.9716,77.5946
2025-06-14T01:00,20.5,97,22.1,0.0,0.0,2,79,15.1,244,12.9716,77.5946
2025-06-14T02:00,20.5,96,22.1,0.0,0.0,3,95,14.5,245,12.9716,77.5946
2025-06-14T03:00,20.3,96,21.8,0.0,0.0,3,100,14.6,241,12.9716,77.5946
2025-06-14T04:00,20.1,97,21.6,0.0,0.0,3,100,15.1,237,12.9716,77.5946
2025-06-14T05:00,20.0,96,21.3,0.0,0.0,3,98,14.9,234,12.9716,77.5946
2025-06-14T06:00,20.6,97,22.2,0.1,0.1,51,75,15.0,238,12.9716,77.5946
2025-06-14T07:00,21.3,91,22.5,0.1,0.1,51,47,17.6,241,12.9716,77.5946
2025-06-14T08:00,22.8,82,23.6,0.2,0.2,51,95,18.7,244,12.9716,77.5946
2025-06-14T09:00,24.1,76,24.8,0.1,0.1,51,100,20.3,249,12.9716,77.5946
2025-06-14T10:00,24.8,75,26.0,0.1,0.1,51,100,17.8,247,12.9716,77.5946
2025-06-14T11:00,24.8,75,25.8,0.7,0.7,53,100,21.6,251,12.9716,77.5946
2025-06-14T12:00,25.6,72,27.7,0.6,0.6,53,100,19.7,242,12.9716,77.5946
2025-06-14T13:00,25.2,77,27.7,0.3,0.3,51,100,16.7,237,12.9716,77.5946
2025-06-14T14:00,27.0,70,30.0,0.1,0.1,51,100,17.6,241,12.9716,77.5946
2025-06-14T15:00,24.7,81,27.1,0.9,0.9,53,100,13.9,226,12.9716,77.5946
2025-06-14T16:00,23.5,83,24.6,2.2,2.2,61,100,20.2,242,12.9716,77.5946
2025-06-14T17:00,22.8,88,24.6,0.2,0.2,51,100,16.7,237,12.9716,77.5946
2025-06-14T18:00,22.7,84,23.7,0.1,0.1,51,100,19.1,236,12.9716,77.5946
2025-06-14T19:00,22.0,87,23.2,0.0,0.0,3,100,17.3,232,12.9716,77.5946
2025-06-14T20:00,21.5,88,22.4,0.0,0.0,3,100,18.9,234,12.9716,77.5946
2025-06-14T21:00,21.3,89,22.0,0.0,0.0,3,100,19.6,240,12.9716,77.5946
2025-06-14T22:00,21.4,88,22.1,0.0,0.0,3,100,19.1,245,12.9716,77.5946
2025-06-14T23:00,21.3,88,21.8,0.0,0.0,3,100,20.1,246,12.9716,77.5946
2025-06-15T00:00,21.2,89,21.7,0.0,0.0,3,100,20.4,242,12.9716,77.5946
2025-06-15T01:00,20.9,89,21.4,0.0,0.0,3,100,19.5,245,12.9716,77.5946
2025-06-15T02:00,20.9,89,21.4,0.0,0.0,3,100,19.0,244,12.9716,77.5946
2025-06-15T03:00,20.6,91,21.6,0.3,0.3,51,100,16.3,244,12.9716,77.5946
2025-06-15T04:00,20.7,91,21.6,0.0,0.0,3,100,16.8,244,12.9716,77.5946
2025-06-15T05:00,20.8,91,21.3,0.0,0.0,3,100,20.1,242,12.9716,77.5946
2025-06-15T06:00,20.9,93,21.7,0.0,0.0,3,100,19.8,231,12.9716,77.5946
2025-06-15T07:00,21.3,93,22.0,0.1,0.1,51,100,21.7,227,12.9716,77.5946
2025-06-15T08:00,22.9,84,23.7,0.1,0.1,51,100,21.2,231,12.9716,77.5946
2025-06-15T09:00,23.3,82,23.0,0.2,0.2,51,100,28.8,235,12.9716,77.5946
2025-06-15T10:00,23.8,82,23.8,0.3,0.3,51,100,28.1,235,12.9716,77.5946
2025-06-15T11:00,23.4,85,23.7,0.3,0.3,51,100,26.6,234,12.9716,77.5946
2025-06-15T12:00,23.4,84,23.7,0.4,0.4,51,100,26.5,240,12.9716,77.5946
2025-06-15T13:00,23.1,84,23.2,0.5,0.5,53,100,26.4,243,12.9716,77.5946
2025-06-15T14:00,24.3,77,24.7,0.4,0.4,51,100,25.0,246,12.9716,77.5946
2025-06-15T15:00,24.3,76,24.4,0.6,0.6,53,100,27.6,248,12.9716,77.5946
2025-06-15T16:00,23.0,83,23.3,0.2,0.2,51,100,23.5,249,12.9716,77.5946
2025-06-15T17:00,22.3,89,23.3,0.2,0.2,51,100,20.8,245,12.9716,77.5946
2025-06-15T18:00,21.6,91,22.7,0.1,0.1,51,100,19.5,244,12.9716,77.5946
2025-06-15T19:00,21.0,93,22.4,0.2,0.2,51,99,16.0,236,12.9716,77.5946
2025-06-15T20:00,20.6,92,21.5,0.0,0.0,3,100,17.5,238,12.9716,77.5946
2025-06-15T21:00,20.6,91,21.2,0.0,0.0,3,100,18.3,242,12.9716,77.5946
2025-06-15T22:00,20.6,91,21.2,0.0,0.0,3,100,18.8,238,12.9716,77.5946
2025-06-15T23:00,20.5,93,21.2,0.1,0.1,51,100,19.2,238,12.9716,77.5946
2025-06-16T00:00,20.3,95,21.0,1.3,1.3,61,100,20.2,236,12.9716,77.5946
2025-06-16T01:00,20.3,96,20.8,2.0,2.0,61,100,21.7,240,12.9716,77.5946
2025-06-16T02:00,20.2,96,20.7,0.4,0.4,51,100,21.2,241,12.9716,77.5946
2025-06-16T03:00,20.2,95,20.6,0.1,0.1,51,100,21.5,243,12.9716,77.5946
2025-06-16T04:00,20.1,95,20.6,0.0,0.0,3,100,20.4,244,12.9716,77.5946
2025-06-16T05:00,20.1,95,20.6,0.1,0.1,51,100,20.1,245,12.9716,77.5946
2025-06-16T06:00,20.4,94,21.0,0.0,0.0,3,100,20.1,237,12.9716,77.5946
2025-06-16T07:00,21.1,91,21.8,0.5,0.5,53,100,20.5,245,12.9716,77.5946
2025-06-16T08:00,22.0,89,22.9,1.7,1.7,61,100,20.4,241,12.9716,77.5946
2025-06-16T09:00,22.0,88,22.3,0.2,0.2,51,100,24.1,247,12.9716,77.5946
2025-06-16T10:00,23.8,78,23.6,0.5,0.5,53,98,26.9,258,12.9716,77.5946
2025-06-16T11:00,25.7,65,25.7,0.2,0.2,51,100,29.4,260,12.9716,77.5946
2025-06-16T12:00,25.8,65,25.9,0.2,0.2,51,100,28.9,258,12.9716,77.5946
2025-06-16T13:00,25.9,64,25.4,0.1,0.1,51,100,29.9,261,12.9716,77.5946
2025-06-16T14:00,24.5,71,24.0,0.2,0.2,51,100,26.3,258,12.9716,77.5946
2025-06-16T15:00,23.7,78,24.0,0.4,0.4,51,100,23.3,259,12.9716,77.5946
2025-06-16T16:00,23.0,84,24.1,0.5,0.5,53,100,18.8,252,12.9716,77.5946
2025-06-16T17:00,22.4,86,23.2,0.4,0.4,51,100,20.5,245,12.9716,77.5946
2025-06-16T18:00,23.6,78,24.4,0.0,0.0,3,100,18.6,253,12.9716,77.5946
2025-06-16T19:00,22.6,82,23.9,0.0,0.0,3,99,15.4,246,12.9716,77.5946
2025-06-16T20:00,22.1,87,23.7,0.0,0.0,3,99,14.5,245,12.9716,77.5946
2025-06-16T21:00,21.9,87,23.3,0.0,0.0,3,87,15.2,247,12.9716,77.5946
2025-06-16T22:00,21.7,87,22.8,0.0,0.0,3,99,15.9,238,12.9716,77.5946
2025-06-16T23:00,21.2,89,22.5,0.0,0.0,3,80,15.3,236,12.9716,77.5946
2025-06-17T00:00,20.9,90,22.1,0.0,0.0,3,95,15.3,234,12.9716,77.5946
2025-06-17T01:00,20.6,91,21.8,0.0,0.0,2,65,15.5,235,12.9716,77.5946
2025-06-17T02:00,20.3,93,21.5,0.0,0.0,3,100,15.2,236,12.9716,77.5946
2025-06-17T03:00,20.2,93,21.3,0.0,0.0,3,100,16.2,232,12.9716,77.5946
2025-06-17T04:00,20.1,93,20.9,0.0,0.0,3,100,17.0,234,12.9716,77.5946
2025-06-17T05:00,20.2,93,20.8,0.0,0.0,3,100,18.5,237,12.9716,77.5946
2025-06-17T06:00,20.6,96,22.1,0.2,0.2,51,99,15.7,234,12.9716,77.5946
2025-06-17T07:00,21.6,90,23.0,0.0,0.0,3,99,16.2,240,12.9716,77.5946
2025-06-17T08:00,22.3,87,23.2,0.2,0.2,51,100,19.5,242,12.9716,77.5946
2025-06-17T09:00,22.6,82,23.4,1.2,1.2,55,100,18.5,245,12.9716,77.5946
2025-06-17T10:00,22.3,87,23.5,0.4,0.4,51,100,17.7,247,12.9716,77.5946
2025-06-17T11:00,25.4,70,27.2,0.3,0.3,51,100,21.3,259,12.9716,77.5946
2025-06-17T12:00,25.7,69,26.5,0.4,0.4,51,100,21.8,262,12.9716,77.5946
2025-06-17T13:00,26.2,65,27.3,0.1,0.1,51,100,23.3,265,12.9716,77.5946
2025-06-17T14:00,26.0,65,26.8,0.1,0.1,51,100,22.8,261,12.9716,77.5946
2025-06-17T15:00,25.5,67,25.5,0.2,0.2,51,100,22.1,264,12.9716,77.5946
2025-06-17T16:00,24.4,73,25.0,0.2,0.2,51,100,20.0,259,12.9716,77.5946
2025-06-17T17:00,23.9,78,25.4,0.1,0.1,51,100,15.0,251,12.9716,77.5946
2025-06-17T18:00,21.6,91,23.9,1.0,1.0,55,100,11.4,257,12.9716,77.5946
2025-06-17T19:00,20.8,96,23.0,2.1,2.1,61,97,11.4,237,12.9716,77.5946
2025-06-17T20:00,20.9,95,23.1,0.1,0.1,51,99,11.8,253,12.9716,77.5946
2025-06-17T21:00,21.0,96,23.1,0.0,0.0,3,94,13.3,243,12.9716,77.5946
2025-06-17T22:00,21.0,97,23.0,0.0,0.0,3,100,14.3,252,12.9716,77.5946
2025-06-17T23:00,20.7,97,22.6,0.0,0.0,3,100,13.9,259,12.9716,77.5946
2025-06-18T00:00,20.4,98,22.3,0.0,0.0,3,98,13.6,264,12.9716,77.5946
2025-06-18T01:00,20.4,96,22.1,0.0,0.0,3,89,13.5,260,12.9716,77.5946
2025-06-18T02:00,20.2,96,21.7,0.0,0.0,3,81,14.3,258,12.9716,77.5946
2025-06-18T03:00,20.1,95,21.4,0.0,0.0,3,100,15.5,255,12.9716,77.5946
2025-06-18T04:00,20.0,96,21.4,0.0,0.0,3,100,14.7,248,12.9716,77.5946
2025-06-18T05:00,19.9,97,21.3,0.0,0.0,3,100,14.6,240,12.9716,77.5946
2025-06-18T06:00,20.4,98,22.5,0.0,0.0,3,100,11.9,229,12.9716,77.5946
2025-06-18T07:00,20.7,98,22.5,0.0,0.0,3,100,15.0,231,12.9716,77.5946
2025-06-18T08:00,22.4,86,23.7,0.1,0.1,51,100,17.2,247,12.9716,77.5946
2025-06-18T09:00,23.8,80,25.0,0.1,0.1,51,100,17.8,259,12.9716,77.5946
2025-06-18T10:00,24.9,74,26.3,0.1,0.1,51,100,18.4,262,12.9716,77.5946
2025-06-18T11:00,25.8,69,27.3,0.0,0.0,3,100,17.9,260,12.9716,77.5946
2025-06-18T12:00,26.5,65,28.1,0.0,0.0,3,100,17.5,260,12.9716,77.5946
2025-06-18T13:00,27.7,59,29.3,0.1,0.1,51,100,19.1,259,12.9716,77.5946
2025-06-18T14:00,27.1,61,28.2,0.3,0.3,51,100,20.3,262,12.9716,77.5946
2025-06-18T15:00,27.5,61,28.4,0.3,0.3,51,99,17.3,254,12.9716,77.5946
2025-06-18T16:00,27.2,60,27.6,0.0,0.0,3,100,19.0,263,12.9716,77.5946
2025-06-18T17:00,25.6,69,27.1,0.0,0.0,3,100,13.9,250,12.9716,77.5946
2025-06-18T18:00,24.1,81,26.7,0.0,0.0,3,100,10.5,253,12.9716,77.5946
2025-06-18T19:00,23.6,81,25.8,0.0,0.0,3,100,11.9,238,12.9716,77.5946
2025-06-18T20:00,22.8,85,25.0,0.0,0.0,3,100,11.8,243,12.9716,77.5946
2025-06-18T21:00,22.2,87,24.2,0.0,0.0,3,100,12.9,243,12.9716,77.5946
2025-06-18T22:00,21.7,88,23.4,0.0,0.0,3,100,13.6,247,12.9716,77.5946
2025-06-18T23:00,21.2,91,23.0,0.0,0.0,3,100,13.0,246,12.9716,77.5946
2025-06-19T00:00,20.7,95,22.6,0.0,0.0,3,100,13.0,245,12.9716,77.5946
2025-06-19T01:00,20.4,97,22.2,0.0,0.0,3,100,13.2,244,12.9716,77.5946
2025-06-19T02:00,20.2,97,21.8,0.0,0.0,3,100,14.2,246,12.9716,77.5946
2025-06-19T03:00,20.2,97,21.8,0.0,0.0,3,100,14.2,244,12.9716,77.5946
2025-06-19T04:00,20.0,97,21.4,0.0,0.0,3,100,14.4,248,12.9716,77.5946
2025-06-19T05:00,20.0,97,21.5,0.0,0.0,3,100,14.1,249,12.9716,77.5946
2025-06-19T06:00,20.9,95,22.7,0.0,0.0,3,100,14.2,250,12.9716,77.5946
2025-06-19T07:00,21.9,89,23.3,0.0,0.0,3,100,16.2,251,12.9716,77.5946
2025-06-19T08:00,23.4,78,23.9,0.0,0.0,3,100,20.3,253,12.9716,77.5946
2025-06-19T09:00,24.7,71,24.9,0.0,0.0,3,100,21.7,255,12.9716,77.5946
2025-06-19T10:00,25.7,65,25.9,0.0,0.0,3,100,23.1,252,12.9716,77.5946
2025-06-19T11:00,26.9,61,27.8,0.0,0.0,3,100,20.3,246,12.9716,77.5946
2025-06-19T12:00,27.9,58,29.8,0.0,0.0,3,100,19.2,251,12.9716,77.5946
2025-06-19T13:00,28.7,53,30.3,0.0,0.0,3,100,19.8,260,12.9716,77.5946
2025-06-19T14:00,28.2,54,29.1,0.0,0.0,3,100,19.4,264,12.9716,77.5946
2025-06-19T15:00,28.4,54,29.0,0.0,0.0,3,100,19.0,257,12.9716,77.5946
2025-06-19T16:00,27.9,54,28.1,0.0,0.0,3,100,17.8,259,12.9716,77.5946
2025-06-19T17:00,26.7,62,27.5,0.0,0.0,3,100,16.6,252,12.9716,77.5946
2025-06-19T18:00,25.3,65,26.3,0.0,0.0,3,100,13.3,251,12.9716,77.5946
2025-06-19T19:00,24.3,70,25.4,0.0,0.0,3,100,13.4,250,12.9716,77.5946
2025-06-19T20:00,23.2,74,24.2,0.0,0.0,3,100,13.8,257,12.9716,77.5946
2025-06-19T21:00,22.3,80,23.6,0.0,0.0,3,100,12.7,255,12.9716,77.5946
2025-06-19T22:00,21.6,84,23.1,0.0,0.0,3,100,12.3,243,12.9716,77.5946
2025-06-19T23:00,21.1,88,22.6,0.0,0.0,3,99,12.9,245,12.9716,77.5946
2025-06-20T00:00,20.9,92,22.4,0.0,0.0,3,99,14.5,247,12.9716,77.5946
2025-06-20T01:00,20.6,93,22.1,0.0,0.0,3,100,14.4,246,12.9716,77.5946
2025-06-20T02:00,20.2,94,21.6,0.0,0.0,3,100,13.8,243,12.9716,77.5946
2025-06-20T03:00,19.9,95,21.3,0.0,0.0,3,100,13.6,244,12.9716,77.5946
2025-06-20T04:00,19.8,98,21.4,0.0,0.0,3,100,12.9,243,12.9716,77.5946
2025-06-20T05:00,19.8,98,21.4,0.0,0.0,3,100,13.4,244,12.9716,77.5946
2025-06-20T06:00,20.5,97,22.3,0.0,0.0,3,100,14.5,240,12.9716,77.5946
2025-06-20T07:00,21.4,92,22.5,0.2,0.2,51,99,19.0,247,12.9716,77.5946
2025-06-20T08:00,23.1,82,24.2,0.0,0.0,3,100,18.0,254,12.9716,77.5946
2025-06-20T09:00,24.5,72,24.9,0.0,0.0,3,100,21.5,258,12.9716,77.5946
2025-06-20T10:00,25.5,66,26.2,0.0,0.0,3,100,20.7,263,12.9716,77.5946
2025-06-20T11:00,27.0,58,28.2,0.0,0.0,3,100,20.7,263,12.9716,77.5946
2025-06-20T12:00,27.4,56,27.8,0.0,0.0,3,100,20.0,269,12.9716,77.5946
2025-06-20T13:00,28.1,54,29.7,0.0,0.0,3,100,19.3,267,12.9716,77.5946
2025-06-20T14:00,28.4,55,30.3,0.0,0.0,3,100,17.1,268,12.9716,77.5946
2025-06-20T15:00,28.7,51,29.3,0.0,0.0,3,100,17.3,258,12.9716,77.5946
2025-06-20T16:00,26.4,63,27.2,0.1,0.1,51,100,17.3,259,12.9716,77.5946
2025-06-20T17:00,25.9,67,27.2,0.0,0.0,3,91,14.7,255,12.9716,77.5946
2025-06-20T18:00,24.9,71,26.6,0.0,0.0,2,59,12.0,263,12.9716,77.5946
2025-06-20T19:00,23.1,79,25.1,0.2,0.2,51,99,10.3,259,12.9716,77.5946
2025-06-20T20:00,22.4,82,24.3,0.0,0.0,1,40,10.9,251,12.9716,77.5946
2025-06-20T21:00,22.2,83,23.7,0.0,0.0,3,97,13.8,253,12.9716,77.5946
2025-06-20T22:00,21.6,85,22.7,0.0,0.0,3,100,15.2,257,12.9716,77.5946
2025-06-20T23:00,20.9,89,22.3,0.0,0.0,2,71,13.9,257,12.9716,77.5946
2025-06-21T00:00,20.5,92,21.7,0.0,0.0,3,83,14.5,259,12.9716,77.5946
2025-06-21T01:00,20.2,93,21.4,0.0,0.0,1,49,15.0,260,12.9716,77.5946
2025-06-21T02:00,19.9,95,21.3,0.0,0.0,3,95,13.8,261,12.9716,77.5946
2025-06-21T03:00,19.8,95,21.1,0.0,0.0,3,100,14.1,260,12.9716,77.5946
2025-06-21T04:00,19.9,94,21.1,0.0,0.0,3,98,14.9,259,12.9716,77.5946
2025-06-21T05:00,19.7,95,20.8,0.0,0.0,3,94,14.3,260,12.9716,77.5946
2025-06-21T06:00,20.7,93,22.2,0.0,0.0,3,100,14.7,264,12.9716,77.5946
2025-06-21T07:00,21.8,87,23.1,0.0,0.0,3,100,15.3,262,12.9716,77.5946
2025-06-21T08:00,23.1,76,23.7,0.0,0.0,3,96,17.0,265,12.9716,77.5946
2025-06-21T09:00,24.7,68,24.4,0.0,0.0,3,100,22.3,269,12.9716,77.5946
2025-06-21T10:00,26.2,60,26.5,0.0,0.0,3,100,22.1,269,12.9716,77.5946
2025-06-21T11:00,27.4,54,27.6,0.0,0.0,3,100,21.6,269,12.9716,77.5946
2025-06-21T12:00,27.1,57,27.6,0.1,0.1,51,100,19.5,274,12.9716,77.5946
2025-06-21T13:00,28.2,56,29.5,0.0,0.0,3,100,17.8,268,12.9716,77.5946
2025-06-21T14:00,26.8,61,27.2,0.0,0.0,3,100,18.8,258,12.9716,77.5946
2025-06-21T15:00,27.7,57,28.4,0.0,0.0,3,100,16.3,264,12.9716,77.5946
2025-06-21T16:00,26.3,61,26.4,0.0,0.0,3,100,19.5,267,12.9716,77.5946
2025-06-21T17:00,25.2,71,27.4,0.0,0.0,3,100,10.0,262,12.9716,77.5946
2025-06-21T18:00,25.2,66,26.3,0.0,0.0,3,81,13.9,280,12.9716,77.5946
2025-06-21T19:00,23.7,74,25.1,0.1,0.1,51,95,12.4,283,12.9716,77.5946
2025-06-21T20:00,23.2,77,24.4,0.0,0.0,3,90,14.2,255,12.9716,77.5946
2025-06-21T21:00,22.5,81,23.9,0.0,0.0,3,99,13.0,256,12.9716,77.5946
2025-06-21T22:00,22.2,82,23.5,0.0,0.0,3,100,13.8,258,12.9716,77.5946
2025-06-21T23:00,21.6,84,22.8,0.0,0.0,3,100,14.4,258,12.9716,77.5946
2025-06-22T00:00,20.9,88,22.0,0.0,0.0,3,100,14.7,262,12.9716,77.5946
2025-06-22T01:00,20.3,92,21.6,0.0,0.0,3,100,14.0,254,12.9716,77.5946
2025-06-22T02:00,20.1,93,21.4,0.0,0.0,3,96,14.5,256,12.9716,77.5946
2025-06-22T03:00,20.2,93,21.4,0.0,0.0,3,100,15.1,255,12.9716,77.5946
2025-06-22T04:00,20.2,92,21.2,0.0,0.0,3,100,15.7,257,12.9716,77.5946
2025-06-22T05:00,20.2,91,21.1,0.0,0.0,3,86,15.6,259,12.9716,77.5946
2025-06-22T06:00,21.0,91,22.4,0.0,0.0,3,100,14.8,256,12.9716,77.5946
2025-06-22T07:00,22.0,86,23.2,0.0,0.0,3,100,16.2,255,12.9716,77.5946
2025-06-22T08:00,23.3,77,24.2,0.0,0.0,3,89,17.1,259,12.9716,77.5946
2025-06-22T09:00,25.0,66,24.7,0.0,0.0,3,86,22.6,265,12.9716,77.5946
2025-06-22T10:00,26.6,59,26.7,0.0,0.0,3,100,24.1,264,12.9716,77.5946
2025-06-22T11:00,27.3,56,27.1,0.0,0.0,3,100,20.7,262,12.9716,77.5946
2025-06-22T12:00,28.8,49,29.9,0.0,0.0,3,100,20.1,263,12.9716,77.5946
2025-06-22T13:00,28.2,51,28.4,0.0,0.0,3,100,19.4,263,12.9716,77.5946
2025-06-22T14:00,29.0,51,29.9,0.0,0.0,3,100,17.2,263,12.9716,77.5946
2025-06-22T15:00,26.9,59,27.4,0.3,0.3,51,100,16.9,271,12.9716,77.5946
2025-06-22T16:00,24.0,75,25.6,0.5,0.5,53,100,12.7,252,12.9716,77.5946
2025-06-22T17:00,23.3,79,24.8,0.2,0.2,51,100,14.5,276,12.9716,77.5946
2025-06-22T18:00,21.8,84,22.5,0.1,0.1,51,100,17.7,260,12.9716,77.5946
2025-06-22T19:00,20.5,89,22.0,0.2,0.2,51,100,11.3,262,12.9716,77.5946
2025-06-22T20:00,20.8,91,22.8,0.0,0.0,3,100,9.8,244,12.9716,77.5946
2025-06-22T21:00,21.0,91,22.7,0.0,0.0,3,100,13.0,250,12.9716,77.5946
2025-06-22T22:00,21.2,91,22.6,0.0,0.0,3,100,15.7,250,12.9716,77.5946
2025-06-22T23:00,20.9,93,22.5,0.2,0.2,51,100,13.9,253,12.9716,77.5946
2025-06-23T00:00,20.6,96,22.3,0.4,0.4,51,100,14.7,245,12.9716,77.5946
2025-06-23T01:00,20.4,97,21.8,0.3,0.3,51,100,16.4,247,12.9716,77.5946
2025-06-23T02:00,20.1,97,21.3,0.0,0.0,3,100,16.2,251,12.9716,77.5946
2025-06-23T03:00,20.0,95,21.1,0.0,0.0,3,100,16.3,253,12.9716,77.5946
2025-06-23T04:00,19.9,95,21.0,0.0,0.0,3,100,15.9,247,12.9716,77.5946
2025-06-23T05:00,19.9,94,21.0,0.0,0.0,3,100,15.2,249,12.9716,77.5946
2025-06-23T06:00,20.4,91,21.4,0.0,0.0,3,100,16.3,244,12.9716,77.5946
2025-06-23T07:00,20.9,88,22.0,0.0,0.0,3,100,15.5,245,12.9716,77.5946
2025-06-23T08:00,21.5,84,21.3,0.1,0.1,51,100,23.3,245,12.9716,77.5946
2025-06-23T09:00,22.3,79,22.2,0.2,0.2,51,100,21.4,246,12.9716,77.5946
2025-06-23T10:00,24.6,68,24.8,0.0,0.0,3,100,22.7,260,12.9716,77.5946
2025-06-23T11:00,25.4,63,24.8,0.0,0.0,3,100,23.8,258,12.9716,77.5946
2025-06-23T12:00,26.2,58,25.0,0.0,0.0,3,100,26.5,263,12.9716,77.5946
2025-06-23T13:00,26.9,57,26.5,0.1,0.1,51,100,23.4,263,12.9716,77.5946
2025-06-23T14:00,26.0,62,25.7,0.0,0.0,3,100,22.1,263,12.9716,77.5946
2025-06-23T15:00,26.3,60,25.7,0.0,0.0,3,100,23.3,266,12.9716,77.5946
2025-06-23T16:00,25.6,61,24.9,0.0,0.0,3,100,22.5,263,12.9716,77.5946
2025-06-23T17:00,24.9,65,24.6,0.0,0.0,3,100,21.2,263,12.9716,77.5946
2025-06-23T18:00,25.0,64,24.8,0.0,0.0,3,100,19.9,260,12.9716,77.5946
2025-06-23T19:00,23.5,73,23.7,0.0,0.0,3,100,19.3,265,12.9716,77.5946
2025-06-23T20:00,22.6,77,22.9,0.0,0.0,3,100,18.8,261,12.9716,77.5946
2025-06-23T21:00,21.8,82,22.5,0.0,0.0,3,100,17.2,257,12.9716,77.5946
2025-06-23T22:00,21.3,83,21.7,0.0,0.0,3,100,17.5,262,12.9716,77.5946
2025-06-23T23:00,21.0,83,21.3,0.0,0.0,3,100,17.3,259,12.9716,77.5946
2025-06-24T00:00,20.7,85,21.1,0.0,0.0,3,100,17.3,257,12.9716,77.5946
2025-06-24T01:00,20.7,85,20.9,0.0,0.0,3,100,18.6,257,12.9716,77.5946
2025-06-24T02:00,20.6,85,20.7,0.0,0.0,3,100,18.8,260,12.9716,77.5946
2025-06-24T03:00,20.6,86,20.8,0.0,0.0,3,100,18.5,259,12.9716,77.5946
2025-06-24T04:00,20.6,87,21.0,0.0,0.0,3,100,18.1,257,12.9716,77.5946
2025-06-24T05:00,20.7,88,21.2,0.0,0.0,3,100,18.0,256,12.9716,77.5946
2025-06-24T06:00,21.5,85,21.9,0.0,0.0,3,100,19.5,258,12.9716,77.5946
2025-06-24T07:00,22.3,82,22.9,0.0,0.0,3,100,18.8,252,12.9716,77.5946
2025-06-24T08:00,23.5,75,22.8,0.2,0.2,51,100,26.9,258,12.9716,77.5946
2025-06-24T09:00,24.7,70,23.7,0.2,0.2,51,100,28.9,262,12.9716,77.5946
2025-06-24T10:00,25.5,65,24.6,0.0,0.0,3,100,27.4,263,12.9716,77.5946
2025-06-24T11:00,26.6,58,25.7,0.0,0.0,3,100,28.1,266,12.9716,77.5946
2025-06-24T12:00,27.0,56,26.3,0.1,0.1,51,100,28.8,270,12.9716,77.5946
2025-06-24T13:00,27.0,55,25.4,0.1,0.1,51,100,28.4,269,12.9716,77.5946
2025-06-24T14:00,26.9,56,25.5,0.1,0.1,51,100,27.5,275,12.9716,77.5946
2025-06-24T15:00,26.9,57,25.6,0.0,0.0,3,100,26.8,272,12.9716,77.5946
2025-06-24T16:00,25.8,60,24.6,0.0,0.0,3,100,26.2,275,12.9716,77.5946
2025-06-24T17:00,25.1,65,24.4,0.0,0.0,3,100,23.8,268,12.9716,77.5946
2025-06-24T18:00,24.0,71,24.3,0.0,0.0,3,93,19.5,259,12.9716,77.5946
2025-06-24T19:00,23.2,75,24.0,0.0,0.0,3,100,16.0,256,12.9716,77.5946
2025-06-24T20:00,22.3,83,23.5,0.2,0.2,51,100,15.0,252,12.9716,77.5946
2025-06-24T21:00,21.9,86,22.9,0.0,0.0,3,100,17.4,254,12.9716,77.5946
2025-06-24T22:00,21.4,88,22.3,0.0,0.0,3,100,17.5,265,12.9716,77.5946
2025-06-24T23:00,21.0,89,22.0,0.0,0.0,3,100,16.5,262,12.9716,77.5946
2025-06-25T00:00,20.8,88,21.4,0.0,0.0,3,97,18.2,261,12.9716,77.5946
2025-06-25T01:00,20.6,88,21.1,0.0,0.0,3,94,18.5,259,12.9716,77.5946
2025-06-25T02:00,20.4,89,20.8,0.0,0.0,3,100,18.6,261,12.9716,77.5946
2025-06-25T03:00,20.3,89,20.5,0.0,0.0,3,100,19.2,260,12.9716,77.5946
2025-06-25T04:00,20.2,90,20.6,0.0,0.0,3,100,18.0,258,12.9716,77.5946
2025-06-25T05:00,20.3,89,20.7,0.0,0.0,3,100,18.4,258,12.9716,77.5946
2025-06-25T06:00,21.6,86,22.4,0.0,0.0,3,100,18.3,253,12.9716,77.5946
2025-06-25T07:00,22.4,83,23.8,0.0,0.0,3,100,14.7,255,12.9716,77.5946
2025-06-25T08:00,24.1,73,24.0,0.0,0.0,3,100,23.8,260,12.9716,77.5946
2025-06-25T09:00,25.0,69,24.8,0.3,0.3,51,100,23.9,264,12.9716,77.5946
2025-06-25T10:00,26.2,62,25.9,0.1,0.1,51,100,24.5,267,12.9716,77.5946
2025-06-25T11:00,27.4,59,28.4,0.0,0.0,3,100,20.9,272,12.9716,77.5946
2025-06-25T12:00,27.4,59,27.5,1.3,1.3,61,100,25.8,273,12.9716,77.5946
2025-06-25T13:00,26.0,68,26.7,3.8,3.8,63,100,22.9,270,12.9716,77.5946
2025-06-25T14:00,24.7,75,26.3,0.4,0.4,51,88,15.0,267,12.9716,77.5946
2025-06-25T15:00,26.1,67,26.6,0.2,0.2,51,90,22.9,270,12.9716,77.5946
2025-06-25T16:00,24.7,73,25.9,0.1,0.1,51,98,16.6,268,12.9716,77.5946
2025-06-25T17:00,24.6,71,25.3,0.1,0.1,51,78,18.4,261,12.9716,77.5946
2025-06-25T18:00,21.7,86,22.5,1.2,1.2,55,100,18.6,261,12.9716,77.5946
2025-06-25T19:00,20.9,91,22.6,1.1,1.1,55,100,12.3,249,12.9716,77.5946
2025-06-25T20:00,21.2,92,22.8,0.0,0.0,3,100,14.7,253,12.9716,77.5946
2025-06-25T21:00,21.3,91,22.7,0.0,0.0,3,100,16.1,250,12.9716,77.5946
2025-06-25T22:00,21.2,89,22.0,0.0,0.0,3,100,18.3,259,12.9716,77.5946
2025-06-25T23:00,20.8,89,21.4,0.0,0.0,3,100,18.2,262,12.9716,77.5946
2025-06-26T00:00,20.8,88,21.3,0.0,0.0,3,100,18.7,259,12.9716,77.5946
2025-06-26T01:00,20.7,88,21.2,0.0,0.0,3,100,18.5,257,12.9716,77.5946
2025-06-26T02:00,20.6,89,21.1,0.0,0.0,3,100,19.1,256,12.9716,77.5946
2025-06-26T03:00,20.8,88,21.3,0.0,0.0,3,100,19.1,256,12.9716,77.5946
2025-06-26T04:00,20.9,88,21.7,0.0,0.0,3,100,17.1,253,12.9716,77.5946
2025-06-26T05:00,20.8,90,22.0,0.0,0.0,3,100,14.8,247,12.9716,77.5946
2025-06-26T06:00,21.5,89,22.7,0.0,0.0,3,100,17.1,252,12.9716,77.5946
2025-06-26T07:00,22.4,85,24.1,0.0,0.0,3,100,13.8,243,12.9716,77.5946
2025-06-26T08:00,23.6,77,23.8,0.0,0.0,3,100,23.3,257,12.9716,77.5946
2025-06-26T09:00,24.4,73,24.3,0.1,0.1,51,100,24.7,260,12.9716,77.5946
2025-06-26T10:00,25.3,70,25.3,0.3,0.3,51,100,24.3,264,12.9716,77.5946
2025-06-26T11:00,26.2,65,26.1,0.2,0.2,51,100,24.7,267,12.9716,77.5946
2025-06-26T12:00,27.4,59,27.8,0.0,0.0,3,100,23.4,264,12.9716,77.5946
2025-06-26T13:00,28.0,55,28.6,0.0,0.0,3,100,25.2,268,12.9716,77.5946
2025-06-26T14:00,25.9,65,26.2,0.0,0.0,3,100,21.2,265,12.9716,77.5946
2025-06-26T15:00,26.3,62,26.3,0.0,0.0,3,100,21.1,266,12.9716,77.5946
2025-06-26T16:00,25.9,63,25.7,0.0,0.0,3,100,21.8,266,12.9716,77.5946
2025-06-26T17:00,24.7,71,25.4,0.0,0.0,3,100,18.1,263,12.9716,77.5946
2025-06-26T18:00,23.3,76,24.3,0.6,0.6,53,100,15.8,259,12.9716,77.5946
2025-06-26T19:00,22.4,86,24.4,1.4,1.4,61,100,12.6,237,12.9716,77.5946
2025-06-26T20:00,22.6,83,23.9,0.0,0.0,3,100,15.9,255,12.9716,77.5946
2025-06-26T21:00,22.1,85,23.4,0.0,0.0,3,100,16.0,249,12.9716,77.5946
2025-06-26T22:00,21.5,87,22.6,0.0,0.0,3,100,16.4,255,12.9716,77.5946
2025-06-26T23:00,21.0,89,22.2,0.0,0.0,3,100,15.3,257,12.9716,77.5946
2025-06-27T00:00,20.8,91,22.1,0.0,0.0,3,100,14.5,253,12.9716,77.5946
2025-06-27T01:00,20.6,91,21.8,0.0,0.0,3,99,14.3,255,12.9716,77.5946
2025-06-27T02:00,20.3,92,21.5,0.0,0.0,3,95,14.1,256,12.9716,77.5946
2025-06-27T03:00,20.0,92,20.9,0.0,0.0,3,97,15.5,252,12.9716,77.5946
2025-06-27T04:00,19.9,91,20.5,0.0,0.0,3,99,16.2,253,12.9716,77.5946
2025-06-27T05:00,19.5,91,20.2,0.0,0.0,3,100,14.8,256,12.9716,77.5946
2025-06-27T06:00,20.4,94,21.6,0.0,0.0,3,100,15.8,249,12.9716,77.5946
2025-06-27T07:00,21.2,89,22.0,0.2,0.2,51,100,18.7,251,12.9716,77.5946
2025-06-27T08:00,22.2,82,23.1,0.0,0.0,3,100,17.3,248,12.9716,77.5946
2025-06-27T09:00,23.2,75,23.6,0.1,0.1,51,100,18.8,252,12.9716,77.5946
2025-06-27T10:00,24.2,70,24.3,0.1,0.1,51,100,20.2,254,12.9716,77.5946
2025-06-27T11:00,25.5,63,25.4,0.1,0.1,51,100,20.2,254,12.9716,77.5946
2025-06-27T12:00,26.8,57,26.4,0.0,0.0,3,100,20.9,255,12.9716,77.5946
2025-06-27T13:00,27.9,52,27.4,0.0,0.0,3,100,21.4,259,12.9716,77.5946
2025-06-27T14:00,26.8,58,26.7,0.0,0.0,3,100,20.0,261,12.9716,77.5946
2025-06-27T15:00,27.0,58,27.1,0.0,0.0,3,100,19.2,257,12.9716,77.5946
2025-06-27T16:00,27.3,55,27.0,0.0,0.0,3,100,19.4,264,12.9716,77.5946
2025-06-27T17:00,26.1,61,26.4,0.0,0.0,3,100,17.2,264,12.9716,77.5946
2025-06-27T18:00,24.6,69,25.0,0.1,0.1,51,66,19.0,250,12.9716,77.5946
2025-06-27T19:00,22.7,79,24.1,0.0,0.0,2,53,13.1,247,12.9716,77.5946
2025-06-27T20:00,22.3,83,23.8,0.0,0.0,2,56,13.8,246,12.9716,77.5946
2025-06-27T21:00,21.8,85,23.0,0.0,0.0,2,72,15.3,253,12.9716,77.5946
2025-06-27T22:00,21.4,86,22.6,0.0,0.0,3,99,15.1,258,12.9716,77.5946
2025-06-27T23:00,21.1,87,22.2,0.0,0.0,3,100,14.7,259,12.9716,77.5946
2025-06-28T00:00,20.9,87,22.0,0.0,0.0,3,100,13.9,264,12.9716,77.5946
2025-06-28T01:00,20.7,89,22.0,0.0,0.0,3,100,12.8,261,12.9716,77.5946
2025-06-28T02:00,20.7,89,22.0,0.0,0.0,3,100,13.0,256,12.9716,77.5946
2025-06-28T03:00,20.7,89,22.1,0.0,0.0,3,100,12.9,254,12.9716,77.5946
2025-06-28T04:00,20.5,90,21.9,0.0,0.0,3,100,12.9,252,12.9716,77.5946
2025-06-28T05:00,20.4,91,21.6,0.0,0.0,3,100,13.9,251,12.9716,77.5946
2025-06-28T06:00,21.0,87,22.1,0.0,0.0,3,99,14.8,261,12.9716,77.5946
2025-06-28T07:00,21.7,83,22.2,0.0,0.0,3,100,18.7,262,12.9716,77.5946
2025-06-28T08:00,23.6,72,23.5,0.1,0.1,51,100,21.0,261,12.9716,77.5946
2025-06-28T09:00,24.7,66,24.3,0.0,0.0,3,99,21.6,262,12.9716,77.5946
2025-06-28T10:00,26.1,61,25.9,0.0,0.0,3,100,20.9,260,12.9716,77.5946
2025-06-28T11:00,27.2,57,27.0,0.1,0.1,51,57,20.6,260,12.9716,77.5946
2025-06-28T12:00,28.5,52,29.6,0.2,0.2,51,99,20.3,263,12.9716,77.5946
2025-06-28T13:00,29.4,49,30.7,0.1,0.1,51,100,19.6,263,12.9716,77.5946
2025-06-28T14:00,28.6,51,29.2,0.1,0.1,51,99,19.2,253,12.9716,77.5946
2025-06-28T15:00,27.2,56,27.2,0.9,0.9,53,100,20.0,256,12.9716,77.5946
2025-06-28T16:00,25.2,68,26.5,0.4,0.4,51,100,13.5,245,12.9716,77.5946
2025-06-28T17:00,24.6,69,25.2,0.0,0.0,3,91,17.5,251,12.9716,77.5946
2025-06-28T18:00,22.9,80,23.4,3.0,3.0,63,99,20.4,242,12.9716,77.5946
2025-06-28T19:00,21.4,88,22.9,0.1,0.1,51,96,13.8,255,12.9716,77.5946
2025-06-28T20:00,21.5,89,23.3,0.0,0.0,3,100,12.2,251,12.9716,77.5946
2025-06-28T21:00,21.4,91,23.3,0.0,0.0,3,95,12.5,250,12.9716,77.5946
2025-06-28T22:00,21.2,90,22.8,0.0,0.0,3,100,14.2,255,12.9716,77.5946
2025-06-28T23:00,20.8,90,22.3,0.0,0.0,3,99,13.5,256,12.9716,77.5946
2025-06-29T00:00,20.5,92,22.0,0.0,0.0,3,98,13.1,251,12.9716,77.5946
2025-06-29T01:00,20.1,94,21.4,0.0,0.0,3,100,13.9,246,12.9716,77.5946
2025-06-29T02:00,20.2,94,21.5,0.0,0.0,3,100,14.9,247,12.9716,77.5946
2025-06-29T03:00,20.1,94,21.3,0.0,0.0,3,100,14.6,248,12.9716,77.5946
2025-06-29T04:00,20.3,93,21.6,0.1,0.1,51,100,14.4,252,12.9716,77.5946
2025-06-29T05:00,20.0,95,21.4,0.0,0.0,3,100,13.8,257,12.9716,77.5946
2025-06-29T06:00,20.6,94,22.1,0.0,0.0,3,100,14.2,248,12.9716,77.5946
2025-06-29T07:00,21.1,91,22.2,0.0,0.0,3,100,17.0,252,12.9716,77.5946
2025-06-29T08:00,22.4,80,22.9,0.0,0.0,3,100,18.4,258,12.9716,77.5946
2025-06-29T09:00,23.6,71,23.2,0.0,0.0,3,100,22.5,260,12.9716,77.5946
2025-06-29T10:00,25.3,61,24.2,0.0,0.0,3,100,24.1,263,12.9716,77.5946
2025-06-29T11:00,27.5,50,26.0,0.0,0.0,3,100,25.9,268,12.9716,77.5946
2025-06-29T12:00,28.0,49,26.7,0.0,0.0,3,100,25.4,267,12.9716,77.5946
2025-06-29T13:00,28.8,44,27.4,0.0,0.0,3,100,24.8,271,12.9716,77.5946
2025-06-29T14:00,29.3,42,27.6,0.0,0.0,3,98,24.3,268,12.9716,77.5946
2025-06-29T15:00,28.5,47,27.4,0.0,0.0,3,100,21.4,269,12.9716,77.5946
2025-06-29T16:00,28.0,49,27.4,0.0,0.0,3,100,18.6,266,12.9716,77.5946
2025-06-29T17:00,26.9,53,26.7,0.0,0.0,3,100,17.5,269,12.9716,77.5946
2025-06-29T18:00,26.1,58,26.4,0.1,0.1,51,100,15.9,265,12.9716,77.5946
2025-06-29T19:00,24.8,66,25.3,0.0,0.0,3,100,16.0,261,12.9716,77.5946
2025-06-29T20:00,23.5,72,24.0,0.0,0.0,3,100,17.1,261,12.9716,77.5946
2025-06-29T21:00,22.3,78,23.0,0.0,0.0,3,100,16.3,262,12.9716,77.5946
2025-06-29T22:00,21.5,83,22.4,0.0,0.0,3,100,15.4,260,12.9716,77.5946
2025-06-29T23:00,21.1,86,22.2,0.0,0.0,3,100,13.7,257,12.9716,77.5946
2025-06-30T00:00,20.5,89,21.7,0.0,0.0,3,100,13.1,257,12.9716,77.5946
2025-06-30T01:00,20.0,91,21.2,0.0,0.0,3,100,13.0,256,12.9716,77.5946
2025-06-30T02:00,19.7,92,20.9,0.0,0.0,3,100,12.7,257,12.9716,77.5946
2025-06-30T03:00,19.5,94,20.5,0.0,0.0,2,68,13.9,259,12.9716,77.5946
2025-06-30T04:00,19.2,96,20.1,0.0,0.0,3,100,15.0,256,12.9716,77.5946
2025-06-30T05:00,19.5,94,20.6,0.0,0.0,3,100,14.2,258,12.9716,77.5946
2025-06-30T06:00,20.2,94,21.7,0.0,0.0,3,100,13.7,251,12.9716,77.5946
2025-06-30T07:00,21.4,87,22.3,0.0,0.0,3,100,17.7,249,12.9716,77.5946
2025-06-30T08:00,22.9,77,23.0,0.0,0.0,3,100,21.8,260,12.9716,77.5946
2025-06-30T09:00,24.7,67,24.4,0.0,0.0,3,98,22.2,261,12.9716,77.5946
2025-06-30T10:00,26.6,59,26.9,0.0,0.0,3,100,20.9,259,12.9716,77.5946
2025-06-30T11:00,28.0,51,28.7,0.0,0.0,3,100,22.3,268,12.9716,77.5946
2025-06-30T12:00,29.4,45,29.7,0.0,0.0,3,100,24.3,273,12.9716,77.5946
2025-06-30T13:00,28.7,50,29.0,0.3,0.3,51,94,21.6,272,12.9716,77.5946
2025-06-30T14:00,29.1,48,29.6,0.0,0.0,3,97,22.0,270,12.9716,77.5946
2025-06-30T15:00,28.3,51,27.7,0.1,0.1,51,100,21.3,274,12.9716,77.5946
2025-06-30T16:00,27.4,53,26.8,0.2,0.2,51,100,21.3,273,12.9716,77.5946
2025-06-30T17:00,25.8,62,26.0,0.2,0.2,51,100,18.5,271,12.9716,77.5946
2025-06-30T18:00,25.6,62,26.2,0.0,0.0,3,100,14.9,261,12.9716,77.5946
2025-06-30T19:00,24.0,72,25.5,0.1,0.1,51,100,11.7,268,12.9716,77.5946
2025-06-30T20:00,23.5,75,24.7,0.1,0.1,51,100,14.8,254,12.9716,77.5946
2025-06-30T21:00,22.7,78,23.6,0.0,0.0,3,99,15.9,260,12.9716,77.5946
2025-06-30T22:00,22.0,82,23.1,0.0,0.0,3,97,14.9,263,12.9716,77.5946
2025-06-30T23:00,21.4,85,22.7,0.0,0.0,3,100,13.1,262,12.9716,77.5946
2025-07-01T00:00,20.9,87,22.1,0.0,0.0,3,100,13.5,265,12.9716,77.5946
2025-07-01T01:00,20.5,89,21.8,0.0,0.0,3,100,13.1,263,12.9716,77.5946
2025-07-01T02:00,20.2,90,21.3,0.0,0.0,3,100,13.8,262,12.9716,77.5946
2025-07-01T03:00,20.2,90,21.4,0.0,0.0,3,100,13.4,264,12.9716,77.5946
2025-07-01T04:00,20.1,90,21.2,0.0,0.0,3,100,13.7,259,12.9716,77.5946
2025-07-01T05:00,20.2,90,21.2,0.0,0.0,3,100,14.2,255,12.9716,77.5946
2025-07-01T06:00,20.8,88,22.2,0.0,0.0,3,100,12.8,253,12.9716,77.5946
2025-07-01T07:00,21.9,83,22.7,0.0,0.0,3,100,16.9,258,12.9716,77.5946
2025-07-01T08:00,23.4,74,23.7,0.1,0.1,51,100,19.7,264,12.9716,77.5946
2025-07-01T09:00,24.1,70,24.5,0.0,0.0,3,100,18.4,259,12.9716,77.5946
2025-07-01T10:00,25.9,60,25.5,0.0,0.0,3,100,22.4,267,12.9716,77.5946
2025-07-01T11:00,26.6,56,25.9,0.0,0.0,3,100,21.6,268,12.9716,77.5946
2025-07-01T12:00,27.9,50,27.3,0.0,0.0,3,100,22.1,270,12.9716,77.5946
2025-07-01T13:00,28.5,50,28.6,0.0,0.0,3,100,20.9,270,12.9716,77.5946
2025-07-01T14:00,28.4,50,28.1,0.0,0.0,3,100,20.4,272,12.9716,77.5946
2025-07-01T15:00,28.4,49,27.9,0.0,0.0,3,100,19.9,277,12.9716,77.5946
2025-07-01T16:00,27.1,54,26.6,0.0,0.0,3,100,20.2,271,12.9716,77.5946
2025-07-01T17:00,26.2,59,25.9,0.0,0.0,3,100,20.7,267,12.9716,77.5946
2025-07-01T18:00,24.8,66,26.0,0.0,0.0,3,100,12.0,261,12.9716,77.5946
2025-07-01T19:00,24.2,71,25.3,0.0,0.0,3,100,13.7,259,12.9716,77.5946
2025-07-01T20:00,23.4,75,24.2,0.0,0.0,3,100,16.3,256,12.9716,77.5946
2025-07-01T21:00,22.6,79,23.6,0.0,0.0,3,100,15.0,256,12.9716,77.5946
2025-07-01T22:00,22.0,84,23.3,0.0,0.0,3,100,14.3,258,12.9716,77.5946
2025-07-01T23:00,21.4,87,22.5,0.0,0.0,3,100,15.3,254,12.9716,77.5946
2025-07-02T00:00,20.9,89,22.3,0.0,0.0,3,100,13.9,253,12.9716,77.5946
2025-07-02T01:00,20.6,91,22.0,0.0,0.0,3,100,13.8,254,12.9716,77.5946
2025-07-02T02:00,20.5,91,21.8,0.0,0.0,3,100,14.5,256,12.9716,77.5946
2025-07-02T03:00,20.3,92,21.4,0.0,0.0,3,98,14.8,261,12.9716,77.5946
2025-07-02T04:00,20.1,93,21.2,0.0,0.0,3,99,14.8,257,12.9716,77.5946
2025-07-02T05:00,20.1,92,21.2,0.0,0.0,3,100,14.8,257,12.9716,77.5946
2025-07-02T06:00,21.3,89,22.7,0.0,0.0,3,100,15.3,248,12.9716,77.5946
2025-07-02T07:00,22.3,84,23.7,0.0,0.0,3,100,14.7,252,12.9716,77.5946
2025-07-02T08:00,23.6,74,23.6,0.0,0.0,3,100,22.0,262,12.9716,77.5946
2025-07-02T09:00,25.2,66,25.0,0.0,0.0,3,100,22.0,266,12.9716,77.5946
2025-07-02T10:00,26.4,62,26.8,0.0,0.0,3,100,20.3,269,12.9716,77.5946
2025-07-02T11:00,27.2,59,28.1,0.1,0.1,51,100,20.5,272,12.9716,77.5946
2025-07-02T12:00,28.4,55,29.8,0.1,0.1,51,100,19.4,268,12.9716,77.5946
2025-07-02T13:00,25.6,65,26.9,1.4,1.4,61,100,19.6,276,12.9716,77.5946
2025-07-02T14:00,27.0,58,27.2,0.1,0.1,51,100,18.3,281,12.9716,77.5946
2025-07-02T15:00,24.6,69,25.0,0.7,0.7,53,100,18.9,261,12.9716,77.5946
2025-07-02T16:00,23.9,75,24.8,0.4,0.4,51,100,17.8,259,12.9716,77.5946
2025-07-02T17:00,23.5,79,25.4,0.1,0.1,51,100,12.4,257,12.9716,77.5946
2025-07-02T18:00,22.3,86,24.2,0.0,0.0,3,100,11.9,259,12.9716,77.5946
2025-07-02T19:00,21.4,89,23.0,0.3,0.3,51,100,13.4,252,12.9716,77.5946
2025-07-02T20:00,20.8,92,22.8,0.2,0.2,51,100,10.5,243,12.9716,77.5946
2025-07-02T21:00,21.0,91,22.5,0.0,0.0,3,100,13.4,252,12.9716,77.5946
2025-07-02T22:00,20.3,96,21.9,3.2,3.2,63,100,14.7,259,12.9716,77.5946
2025-07-02T23:00,20.3,96,21.9,2.3,2.3,61,100,14.2,248,12.9716,77.5946
2025-07-03T00:00,20.3,96,21.8,0.0,0.0,3,100,14.2,249,12.9716,77.5946
2025-07-03T01:00,20.2,97,21.6,0.3,0.3,51,100,15.4,244,12.9716,77.5946
2025-07-03T02:00,20.2,97,21.4,0.5,0.5,53,100,16.5,245,12.9716,77.5946
2025-07-03T03:00,20.0,97,21.2,1.0,1.0,55,100,16.1,252,12.9716,77.5946
2025-07-03T04:00,19.9,96,20.9,0.8,0.8,53,100,16.6,253,12.9716,77.5946
2025-07-03T05:00,19.7,96,20.8,0.3,0.3,51,100,15.6,258,12.9716,77.5946
2025-07-03T06:00,20.3,97,21.9,0.6,0.6,53,100,14.3,243,12.9716,77.5946
2025-07-03T07:00,20.8,93,21.8,0.2,0.2,51,100,18.2,249,12.9716,77.5946
2025-07-03T08:00,21.7,86,22.2,0.2,0.2,51,100,20.4,250,12.9716,77.5946
2025-07-03T09:00,22.9,78,23.3,0.1,0.1,51,100,20.2,257,12.9716,77.5946
2025-07-03T10:00,23.8,74,24.1,0.1,0.1,51,100,20.7,263,12.9716,77.5946
2025-07-03T11:00,24.3,71,24.3,0.0,0.0,3,100,21.3,261,12.9716,77.5946
2025-07-03T12:00,25.2,67,25.3,0.0,0.0,3,100,21.5,262,12.9716,77.5946
2025-07-03T13:00,24.9,70,25.7,0.2,0.2,51,100,20.9,255,12.9716,77.5946
2025-07-03T14:00,24.3,75,24.5,0.4,0.4,51,100,23.5,264,12.9716,77.5946
2025-07-03T15:00,23.3,83,25.1,0.5,0.5,53,100,14.8,246,12.9716,77.5946
2025-07-03T16:00,22.7,88,25.1,0.2,0.2,51,100,11.9,231,12.9716,77.5946
2025-07-03T17:00,23.2,87,25.8,0.1,0.1,51,100,11.6,233,12.9716,77.5946
2025-07-03T18:00,23.5,76,24.5,0.0,0.0,3,100,15.9,258,12.9716,77.5946
2025-07-03T19:00,22.8,76,23.6,0.0,0.0,3,100,15.1,258,12.9716,77.5946
2025-07-03T20:00,22.2,79,23.3,0.0,0.0,3,99,13.7,254,12.9716,77.5946
2025-07-03T21:00,21.6,82,22.4,0.0,0.0,3,99,15.2,253,12.9716,77.5946
2025-07-03T22:00,21.1,85,22.2,0.0,0.0,3,100,13.9,256,12.9716,77.5946
2025-07-03T23:00,20.8,87,21.7,0.0,0.0,3,100,14.7,247,12.9716,77.5946
2025-07-04T00:00,20.6,87,21.3,0.0,0.0,3,100,16.0,247,12.9716,77.5946
2025-07-04T01:00,20.4,89,21.2,0.0,0.0,3,100,15.6,248,12.9716,77.5946
2025-07-04T02:00,20.1,90,20.8,0.0,0.0,3,100,16.5,252,12.9716,77.5946
2025-07-04T03:00,20.2,90,20.9,0.0,0.0,3,100,15.8,253,12.9716,77.5946
2025-07-04T04:00,20.0,90,20.6,0.0,0.0,3,100,16.6,255,12.9716,77.5946
2025-07-04T05:00,20.0,90,20.6,0.0,0.0,3,100,16.2,253,12.9716,77.5946
2025-07-04T06:00,20.7,89,21.5,0.0,0.0,3,91,16.6,255,12.9716,77.5946
2025-07-04T07:00,21.8,85,23.2,0.0,0.0,3,100,14.3,245,12.9716,77.5946
2025-07-04T08:00,23.5,74,23.3,0.1,0.1,51,100,23.9,259,12.9716,77.5946
2025-07-04T09:00,24.5,69,24.1,0.1,0.1,51,100,23.6,262,12.9716,77.5946
2025-07-04T10:00,25.4,65,25.2,0.0,0.0,3,100,22.3,263,12.9716,77.5946
2025-07-04T11:00,26.9,58,27.0,0.0,0.0,3,100,23.5,265,12.9716,77.5946
2025-07-04T12:00,27.9,57,29.5,0.4,0.4,51,100,22.0,267,12.9716,77.5946
2025-07-04T13:00,27.9,55,29.0,0.3,0.3,51,100,21.8,272,12.9716,77.5946
2025-07-04T14:00,28.0,58,28.7,0.4,0.4,51,100,21.5,275,12.9716,77.5946
2025-07-04T15:00,27.3,57,27.0,0.2,0.2,51,100,21.8,273,12.9716,77.5946
2025-07-04T16:00,26.5,61,26.6,0.1,0.1,51,100,19.8,269,12.9716,77.5946
2025-07-04T17:00,26.1,64,26.5,0.0,0.0,3,100,19.5,267,12.9716,77.5946
2025-07-04T18:00,24.7,70,25.7,0.0,0.0,2,79,15.2,260,12.9716,77.5946
2025-07-04T19:00,23.5,77,24.6,0.0,0.0,3,98,15.6,258,12.9716,77.5946
2025-07-04T20:00,22.9,80,24.0,0.0,0.0,3,99,15.7,257,12.9716,77.5946
2025-07-04T21:00,22.0,85,23.4,0.0,0.0,3,100,14.9,255,12.9716,77.5946
2025-07-04T22:00,21.5,89,22.9,0.0,0.0,3,100,15.1,255,12.9716,77.5946
2025-07-04T23:00,21.3,88,22.3,0.0,0.0,3,100,17.0,260,12.9716,77.5946
2025-07-05T00:00,20.8,89,21.7,0.0,0.0,3,100,16.7,259,12.9716,77.5946
2025-07-05T01:00,20.6,90,21.4,0.0,0.0,3,100,16.5,262,12.9716,77.5946
2025-07-05T02:00,20.6,89,21.4,0.0,0.0,3,100,16.5,260,12.9716,77.5946
2025-07-05T03:00,20.6,88,21.1,0.0,0.0,3,100,18.1,260,12.9716,77.5946
2025-07-05T04:00,20.5,90,21.3,0.0,0.0,3,100,17.0,257,12.9716,77.5946
2025-07-05T05:00,20.4,91,21.4,0.0,0.0,3,100,16.0,256,12.9716,77.5946
2025-07-05T06:00,20.9,91,22.3,0.0,0.0,3,99,15.3,245,12.9716,77.5946
2025-07-05T07:00,22.0,86,22.8,0.0,0.0,3,99,19.0,247,12.9716,77.5946
2025-07-05T08:00,23.7,75,23.5,0.1,0.1,51,94,24.1,257,12.9716,77.5946
2025-07-05T09:00,24.9,69,24.3,0.1,0.1,51,80,26.3,260,12.9716,77.5946
2025-07-05T10:00,25.9,63,25.4,0.0,0.0,3,84,25.0,263,12.9716,77.5946
2025-07-05T11:00,26.6,60,26.3,0.2,0.2,51,99,24.8,265,12.9716,77.5946
2025-07-05T12:00,27.7,57,28.7,0.2,0.2,51,100,25.7,265,12.9716,77.5946
2025-07-05T13:00,27.9,54,28.0,0.3,0.3,51,100,26.7,267,12.9716,77.5946
2025-07-05T14:00,28.3,52,28.1,0.2,0.2,51,100,26.1,263,12.9716,77.5946
2025-07-05T15:00,27.0,59,26.5,0.3,0.3,51,100,24.2,265,12.9716,77.5946
2025-07-05T16:00,26.6,58,25.7,0.1,0.1,51,100,25.1,261,12.9716,77.5946
2025-07-05T17:00,24.7,70,25.2,0.2,0.2,51,100,19.2,257,12.9716,77.5946
2025-07-05T18:00,22.5,84,23.5,0.6,0.6,53,100,18.3,259,12.9716,77.5946
2025-07-05T19:00,22.1,88,23.5,0.1,0.1,51,100,16.7,254,12.9716,77.5946
2025-07-05T20:00,21.6,89,22.2,0.1,0.1,51,100,20.8,255,12.9716,77.5946
2025-07-05T21:00,20.6,94,21.7,0.3,0.3,51,100,16.9,253,12.9716,77.5946
2025-07-05T22:00,20.8,95,22.4,0.0,0.0,3,100,15.0,250,12.9716,77.5946
2025-07-05T23:00,20.7,95,22.2,0.0,0.0,3,100,15.4,253,12.9716,77.5946
2025-07-06T00:00,20.6,94,21.8,0.0,0.0,3,100,16.5,256,12.9716,77.5946
2025-07-06T01:00,20.4,92,21.1,0.0,0.0,3,100,18.0,256,12.9716,77.5946
2025-07-06T02:00,20.3,91,21.0,0.0,0.0,3,100,17.7,255,12.9716,77.5946
2025-07-06T03:00,20.2,92,20.8,0.0,0.0,3,100,17.8,256,12.9716,77.5946
2025-07-06T04:00,20.2,91,21.0,0.0,0.0,3,100,16.5,254,12.9716,77.5946
2025-07-06T05:00,20.3,91,21.1,0.0,0.0,3,100,16.4,249,12.9716,77.5946
2025-07-06T06:00,20.9,88,21.8,0.0,0.0,3,100,16.6,257,12.9716,77.5946
2025-07-06T07:00,21.8,86,22.8,0.0,0.0,3,100,17.0,251,12.9716,77.5946
2025-07-06T08:00,23.4,75,22.7,0.1,0.1,51,100,27.1,260,12.9716,77.5946
2025-07-06T09:00,24.6,70,24.3,0.0,0.0,3,100,24.1,260,12.9716,77.5946
2025-07-06T10:00,25.8,63,24.8,0.1,0.1,51,100,27.3,265,12.9716,77.5946
2025-07-06T11:00,26.7,58,25.7,0.1,0.1,51,100,26.8,265,12.9716,77.5946
2025-07-06T12:00,27.3,56,27.2,0.4,0.4,51,100,28.5,263,12.9716,77.5946
2025-07-06T13:00,27.1,60,27.2,0.4,0.4,51,100,23.5,264,12.9716,77.5946
2025-07-06T14:00,25.6,63,25.5,0.4,0.4,51,100,25.8,259,12.9716,77.5946
2025-07-06T15:00,25.8,69,26.8,0.1,0.1,51,100,18.6,276,12.9716,77.5946
2025-07-06T16:00,25.4,66,25.5,0.3,0.3,51,100,21.0,275,12.9716,77.5946
2025-07-06T17:00,25.1,69,25.9,0.0,0.0,3,100,17.3,261,12.9716,77.5946
2025-07-06T18:00,23.9,73,24.3,0.0,0.0,3,100,19.6,257,12.9716,77.5946
2025-07-06T19:00,23.2,78,24.3,0.0,0.0,3,100,15.8,253,12.9716,77.5946
2025-07-06T20:00,22.1,83,22.9,0.1,0.1,51,100,17.8,248,12.9716,77.5946
2025-07-06T21:00,21.8,87,23.0,0.0,0.0,3,100,16.4,262,12.9716,77.5946
2025-07-06T22:00,21.7,84,22.4,0.0,0.0,3,100,17.5,266,12.9716,77.5946
2025-07-06T23:00,21.3,87,22.1,0.0,0.0,3,100,17.8,262,12.9716,77.5946
2025-07-07T00:00,21.0,89,21.8,0.0,0.0,3,100,17.3,260,12.9716,77.5946
2025-07-07T01:00,20.7,89,21.2,0.0,0.0,3,100,18.4,258,12.9716,77.5946
2025-07-07T02:00,20.5,90,21.0,0.0,0.0,3,100,18.6,256,12.9716,77.5946
2025-07-07T03:00,20.5,89,20.9,0.0,0.0,3,100,19.0,258,12.9716,77.5946
2025-07-07T04:00,20.4,89,20.9,0.0,0.0,3,100,18.7,259,12.9716,77.5946
2025-07-07T05:00,20.3,90,20.9,0.0,0.0,3,100,17.9,258,12.9716,77.5946
2025-07-07T06:00,21.1,87,21.6,0.0,0.0,3,100,19.0,255,12.9716,77.5946
2025-07-07T07:00,21.8,83,22.4,0.0,0.0,3,100,18.0,256,12.9716,77.5946
2025-07-07T08:00,23.2,76,22.8,0.1,0.1,51,100,24.3,261,12.9716,77.5946
2025-07-07T09:00,24.4,68,23.6,0.1,0.1,51,100,26.1,268,12.9716,77.5946
2025-07-07T10:00,25.7,62,24.8,0.1,0.1,51,100,27.6,267,12.9716,77.5946
2025-07-07T11:00,26.7,58,25.9,0.0,0.0,3,100,26.8,268,12.9716,77.5946
2025-07-07T12:00,27.4,56,26.7,0.0,0.0,3,100,25.1,274,12.9716,77.5946
2025-07-07T13:00,28.0,53,27.6,0.1,0.1,51,100,26.1,270,12.9716,77.5946
2025-07-07T14:00,28.0,53,27.4,0.3,0.3,51,100,24.0,273,12.9716,77.5946
2025-07-07T15:00,28.0,51,27.3,0.1,0.1,51,100,24.9,272,12.9716,77.5946
2025-07-07T16:00,27.2,56,26.5,0.0,0.0,3,100,23.5,275,12.9716,77.5946
2025-07-07T17:00,26.5,59,26.1,0.0,0.0,3,100,21.4,270,12.9716,77.5946
2025-07-07T18:00,25.4,64,25.9,0.0,0.0,3,100,16.8,268,12.9716,77.5946
2025-07-07T19:00,24.1,69,24.7,0.0,0.0,3,100,15.8,259,12.9716,77.5946
2025-07-07T20:00,23.0,74,23.4,0.0,0.0,3,100,17.4,257,12.9716,77.5946
2025-07-07T21:00,22.0,81,22.7,0.0,0.0,3,99,16.5,254,12.9716,77.5946
2025-07-07T22:00,21.4,86,22.3,0.0,0.0,3,100,16.6,257,12.9716,77.5946
2025-07-07T23:00,21.0,89,22.0,0.0,0.0,3,100,16.3,259,12.9716,77.5946
2025-07-08T00:00,20.7,91,21.8,0.0,0.0,3,100,15.7,259,12.9716,77.5946
2025-07-08T01:00,20.5,91,21.6,0.0,0.0,3,98,15.5,258,12.9716,77.5946
2025-07-08T02:00,20.4,92,21.4,0.0,0.0,3,100,15.6,256,12.9716,77.5946
2025-07-08T03:00,20.0,93,20.9,0.0,0.0,3,86,16.4,257,12.9716,77.5946
2025-07-08T04:00,19.9,93,20.8,0.0,0.0,3,100,16.0,258,12.9716,77.5946
2025-07-08T05:00,20.3,91,21.3,0.0,0.0,3,100,15.8,258,12.9716,77.5946
2025-07-08T06:00,21.2,89,22.3,0.0,0.0,3,100,16.7,256,12.9716,77.5946
2025-07-08T07:00,22.4,84,23.4,0.0,0.0,3,92,17.4,254,12.9716,77.5946
2025-07-08T08:00,23.9,74,23.6,0.0,0.0,3,84,24.2,265,12.9716,77.5946
2025-07-08T09:00,25.6,63,24.8,0.0,0.0,2,69,24.8,270,12.9716,77.5946
2025-07-08T10:00,26.8,56,25.8,0.0,0.0,3,98,25.7,269,12.9716,77.5946
2025-07-08T11:00,28.2,51,27.7,0.0,0.0,3,94,25.0,271,12.9716,77.5946
2025-07-08T12:00,29.2,49,30.3,0.0,0.0,3,100,22.5,268,12.9716,77.5946
2025-07-08T13:00,30.0,47,31.0,0.0,0.0,3,98,23.1,273,12.9716,77.5946
2025-07-08T14:00,30.1,46,30.3,0.0,0.0,3,100,23.0,277,12.9716,77.5946
2025-07-08T15:00,29.6,47,29.0,0.0,0.0,3,99,23.7,275,12.9716,77.5946
2025-07-08T16:00,28.1,51,26.9,0.1,0.1,51,100,24.7,270,12.9716,77.5946
2025-07-08T17:00,26.1,61,26.0,0.2,0.2,51,100,20.7,268,12.9716,77.5946
2025-07-08T18:00,26.2,59,26.3,0.0,0.0,1,41,17.1,256,12.9716,77.5946
2025-07-08T19:00,24.1,71,25.1,0.1,0.1,51,26,14.7,259,12.9716,77.5946
2025-07-08T20:00,23.6,75,24.6,0.0,0.0,0,12,15.8,253,12.9716,77.5946
2025-07-08T21:00,22.7,78,23.7,0.0,0.0,1,26,15.8,258,12.9716,77.5946
2025-07-08T22:00,21.9,84,23.1,0.0,0.0,3,100,14.9,262,12.9716,77.5946
2025-07-08T23:00,21.7,86,23.1,0.0,0.0,3,99,13.6,258,12.9716,77.5946
2025-07-09T00:00,21.4,88,22.9,0.0,0.0,2,59,14.0,254,12.9716,77.5946
2025-07-09T01:00,20.9,89,22.3,0.0,0.0,2,51,13.8,252,12.9716,77.5946
2025-07-09T02:00,20.5,89,21.7,0.0,0.0,2,60,13.4,252,12.9716,77.5946
2025-07-09T03:00,20.1,91,21.4,0.0,0.0,3,94,12.6,251,12.9716,77.5946
2025-07-09T04:00,19.8,92,20.9,0.0,0.0,3,94,13.6,250,12.9716,77.5946
2025-07-09T05:00,19.7,92,20.6,0.0,0.0,3,100,14.6,252,12.9716,77.5946
2025-07-09T06:00,21.0,89,22.1,0.0,0.0,3,96,15.5,255,12.9716,77.5946
2025-07-09T07:00,22.0,84,23.2,0.0,0.0,3,97,15.1,252,12.9716,77.5946
2025-07-09T08:00,23.2,75,23.5,0.0,0.0,3,99,19.3,261,12.9716,77.5946
2025-07-09T09:00,25.3,64,24.7,0.0,0.0,3,100,23.5,265,12.9716,77.5946
2025-07-09T10:00,26.1,60,25.9,0.0,0.0,3,99,20.7,273,12.9716,77.5946
2025-07-09T11:00,27.2,56,26.9,0.0,0.0,3,100,20.4,275,12.9716,77.5946
2025-07-09T12:00,28.4,52,28.8,0.1,0.1,51,100,21.3,279,12.9716,77.5946
2025-07-09T13:00,29.0,49,29.7,0.0,0.0,3,100,20.6,276,12.9716,77.5946
2025-07-09T14:00,28.8,50,29.0,0.0,0.0,3,100,20.5,276,12.9716,77.5946
2025-07-09T15:00,27.7,55,27.6,0.9,0.9,53,100,20.7,277,12.9716,77.5946
2025-07-09T16:00,26.7,61,27.0,0.3,0.3,51,99,19.2,277,12.9716,77.5946
2025-07-09T17:00,25.6,65,26.1,0.0,0.0,3,81,17.9,276,12.9716,77.5946
2025-07-09T18:00,24.7,69,25.8,0.2,0.2,51,73,14.6,266,12.9716,77.5946
2025-07-09T19:00,24.2,75,25.6,0.0,0.0,1,27,14.7,278,12.9716,77.5946
2025-07-09T20:00,23.4,79,24.9,0.0,0.0,3,100,14.3,265,12.9716,77.5946
2025-07-09T21:00,22.6,83,24.2,0.0,0.0,1,20,14.0,263,12.9716,77.5946
2025-07-09T22:00,22.0,85,23.5,0.0,0.0,2,58,14.4,262,12.9716,77.5946
2025-07-09T23:00,21.6,87,23.1,0.0,0.0,3,90,13.0,264,12.9716,77.5946
2025-07-10T00:00,21.1,89,22.6,0.0,0.0,3,97,13.5,261,12.9716,77.5946
2025-07-10T01:00,20.7,91,22.1,0.0,0.0,3,96,13.7,260,12.9716,77.5946
2025-07-10T02:00,20.4,91,21.6,0.0,0.0,2,66,14.2,261,12.9716,77.5946
2025-07-10T03:00,20.2,91,21.3,0.0,0.0,2,71,13.8,263,12.9716,77.5946
2025-07-10T04:00,20.1,91,21.2,0.0,0.0,3,83,13.8,264,12.9716,77.5946
2025-07-10T05:00,20.1,91,21.3,0.0,0.0,3,96,13.4,265,12.9716,77.5946
2025-07-10T06:00,21.5,88,23.2,0.0,0.0,3,100,12.6,260,12.9716,77.5946
2025-07-10T07:00,21.8,87,22.9,0.1,0.1,51,100,16.9,271,12.9716,77.5946
2025-07-10T08:00,23.1,78,23.9,0.0,0.0,3,97,18.0,279,12.9716,77.5946
2025-07-10T09:00,24.6,69,25.1,0.1,0.1,51,97,18.8,280,12.9716,77.5946
2025-07-10T10:00,26.0,63,26.4,0.1,0.1,51,100,18.5,286,12.9716,77.5946
2025-07-10T11:00,26.9,59,27.4,0.1,0.1,51,97,16.3,288,12.9716,77.5946
2025-07-10T12:00,28.5,53,29.8,0.0,0.0,3,100,15.7,288,12.9716,77.5946
2025-07-10T13:00,29.4,50,31.5,0.2,0.2,51,100,17.1,287,12.9716,77.5946
2025-07-10T14:00,29.5,50,31.1,0.2,0.2,51,98,15.7,285,12.9716,77.5946
2025-07-10T15:00,26.5,64,27.9,1.2,1.2,55,100,18.2,277,12.9716,77.5946
2025-07-10T16:00,26.5,62,27.5,0.2,0.2,51,99,14.9,278,12.9716,77.5946
2025-07-10T17:00,25.8,67,27.0,1.7,1.7,61,99,14.4,266,12.9716,77.5946
2025-07-10T18:00,22.5,90,25.3,1.3,1.3,61,51,9.0,202,12.9716,77.5946
2025-07-10T19:00,22.1,94,25.4,0.1,0.1,51,44,7.5,224,12.9716,77.5946
2025-07-10T20:00,21.9,96,25.2,0.0,0.0,1,34,7.9,231,12.9716,77.5946
2025-07-10T21:00,21.7,96,24.8,0.0,0.0,0,10,8.5,232,12.9716,77.5946
2025-07-10T22:00,21.3,96,24.1,0.0,0.0,0,11,9.8,244,12.9716,77.5946
2025-07-10T23:00,21.0,97,23.6,0.0,0.0,0,19,9.7,248,12.9716,77.5946
2025-07-11T00:00,20.8,97,23.3,0.0,0.0,1,34,10.1,258,12.9716,77.5946
2025-07-11T01:00,20.5,97,22.8,0.0,0.0,3,85,11.0,260,12.9716,77.5946
2025-07-11T02:00,20.3,97,22.3,0.0,0.0,3,97,11.3,252,12.9716,77.5946
2025-07-11T03:00,20.1,97,21.9,0.0,0.0,3,100,12.0,254,12.9716,77.5946
2025-07-11T04:00,19.9,97,21.7,0.0,0.0,3,100,12.0,257,12.9716,77.5946
2025-07-11T05:00,20.0,96,21.8,0.0,0.0,3,100,11.4,258,12.9716,77.5946
2025-07-11T06:00,20.5,96,22.7,0.0,0.0,3,100,10.7,256,12.9716,77.5946
2025-07-11T07:00,21.4,91,22.9,0.1,0.1,51,56,14.9,269,12.9716,77.5946
2025-07-11T08:00,23.2,80,24.7,0.0,0.0,2,57,14.8,271,12.9716,77.5946
2025-07-11T09:00,24.7,73,26.1,0.0,0.0,1,26,14.3,277,12.9716,77.5946
2025-07-11T10:00,26.2,65,28.2,0.1,0.1,51,31,14.9,277,12.9716,77.5946
2025-07-11T11:00,26.8,63,29.4,0.2,0.2,51,72,15.1,271,12.9716,77.5946
2025-07-11T12:00,27.7,62,30.4,0.1,0.1,51,41,14.0,262,12.9716,77.5946
2025-07-11T13:00,28.6,58,31.4,0.0,0.0,3,100,15.4,263,12.9716,77.5946
2025-07-11T14:00,27.0,59,27.2,1.3,1.3,61,94,19.7,265,12.9716,77.5946
2025-07-11T15:00,25.6,69,27.3,0.3,0.3,51,91,13.3,297,12.9716,77.5946
2025-07-11T16:00,24.3,79,26.4,1.9,1.9,61,99,13.3,238,12.9716,77.5946
2025-07-11T17:00,23.3,83,25.9,0.8,0.8,53,90,9.3,245,12.9716,77.5946
2025-07-11T18:00,23.0,87,25.5,0.1,0.1,51,92,11.9,280,12.9716,77.5946
2025-07-11T19:00,22.2,90,24.6,0.1,0.1,51,90,11.9,275,12.9716,77.5946
2025-07-11T20:00,21.8,91,23.9,0.0,0.0,1,31,12.3,266,12.9716,77.5946
2025-07-11T21:00,21.6,91,23.5,0.0,0.0,1,31,13.3,268,12.9716,77.5946
2025-07-11T22:00,21.3,93,23.3,0.0,0.0,1,41,12.6,268,12.9716,77.5946
2025-07-11T23:00,21.0,93,22.9,0.0,0.0,1,49,12.0,258,12.9716,77.5946
2025-07-12T00:00,20.7,93,22.4,0.0,0.0,2,74,12.7,259,12.9716,77.5946
2025-07-12T01:00,20.4,94,22.1,0.0,0.0,2,71,12.9,264,12.9716,77.5946
2025-07-12T02:00,20.2,95,21.9,0.0,0.0,2,57,12.1,266,12.9716,77.5946
2025-07-12T03:00,20.1,95,21.7,0.0,0.0,3,83,12.8,260,12.9716,77.5946
2025-07-12T04:00,20.2,94,21.8,0.0,0.0,3,82,12.8,261,12.9716,77.5946
2025-07-12T05:00,20.0,95,21.6,0.0,0.0,3,99,11.9,267,12.9716,77.5946
2025-07-12T06:00,20.6,95,22.7,0.0,0.0,3,92,10.6,272,12.9716,77.5946
2025-07-12T07:00,21.4,90,22.9,0.1,0.1,51,93,15.3,274,12.9716,77.5946
2025-07-12T08:00,22.9,81,24.0,0.1,0.1,51,64,17.6,277,12.9716,77.5946
2025-07-12T09:00,24.0,76,24.8,0.1,0.1,51,47,19.5,274,12.9716,77.5946
2025-07-12T10:00,24.9,71,26.0,0.1,0.1,51,81,18.9,272,12.9716,77.5946
2025-07-12T11:00,25.9,66,27.3,0.1,0.1,51,71,20.6,274,12.9716,77.5946
2025-07-12T12:00,26.7,65,28.5,0.1,0.1,51,72,19.5,276,12.9716,77.5946
2025-07-12T13:00,27.8,59,29.5,0.1,0.1,51,99,21.2,283,12.9716,77.5946
2025-07-12T14:00,26.3,60,26.2,0.1,0.1,51,89,20.4,275,12.9716,77.5946
2025-07-12T15:00,27.2,56,26.7,0.0,0.0,3,98,22.2,285,12.9716,77.5946
2025-07-12T16:00,26.2,64,26.8,0.0,0.0,3,94,17.6,278,12.9716,77.5946
2025-07-12T17:00,25.8,64,26.4,0.0,0.0,3,96,17.3,282,12.9716,77.5946
2025-07-12T18:00,24.8,71,26.6,0.0,0.0,2,79,10.8,291,12.9716,77.5946
2025-07-12T19:00,23.7,76,25.6,0.0,0.0,3,100,9.9,285,12.9716,77.5946
2025-07-12T20:00,23.1,77,24.9,0.0,0.0,2,68,10.7,278,12.9716,77.5946
2025-07-12T21:00,22.5,79,23.9,0.0,0.0,3,87,12.7,281,12.9716,77.5946
2025-07-12T22:00,22.1,82,23.7,0.0,0.0,3,89,11.4,283,12.9716,77.5946
2025-07-12T23:00,21.6,85,23.6,0.0,0.0,2,72,9.8,265,12.9716,77.5946
2025-07-13T00:00,21.4,88,23.2,0.0,0.0,3,95,11.3,263,12.9716,77.5946
2025-07-13T01:00,21.1,90,22.8,0.0,0.0,3,100,12.9,264,12.9716,77.5946
2025-07-13T02:00,20.6,91,22.3,0.0,0.0,3,89,12.1,272,12.9716,77.5946
2025-07-13T03:00,20.2,94,22.0,0.0,0.0,3,84,11.0,275,12.9716,77.5946
2025-07-13T04:00,19.9,95,21.5,0.0,0.0,3,82,12.3,260,12.9716,77.5946
2025-07-13T05:00,19.7,97,21.1,0.0,0.0,3,100,13.5,251,12.9716,77.5946
2025-07-13T06:00,20.8,93,22.5,0.0,0.0,3,100,13.0,260,12.9716,77.5946
2025-07-13T07:00,22.1,87,23.2,0.0,0.0,3,100,18.0,269,12.9716,77.5946
2025-07-13T08:00,23.4,80,24.5,0.0,0.0,3,100,17.6,272,12.9716,77.5946
2025-07-13T09:00,25.0,72,25.8,0.1,0.1,51,100,19.2,276,12.9716,77.5946
2025-07-13T10:00,26.2,67,27.9,0.0,0.0,3,100,18.2,273,12.9716,77.5946
2025-07-13T11:00,27.2,64,29.5,0.0,0.0,3,100,18.2,271,12.9716,77.5946
2025-07-13T12:00,28.2,59,31.1,0.1,0.1,51,100,17.3,274,12.9716,77.5946
2025-07-13T13:00,27.1,62,28.3,0.8,0.8,53,100,15.4,281,12.9716,77.5946
2025-07-13T14:00,25.2,71,26.7,0.7,0.7,53,100,15.1,270,12.9716,77.5946
2025-07-13T15:00,24.6,75,26.5,1.8,1.8,61,100,13.5,295,12.9716,77.5946
2025-07-13T16:00,24.9,74,26.3,1.1,1.1,55,100,15.8,270,12.9716,77.5946
2025-07-13T17:00,23.3,85,26.0,1.8,1.8,61,100,10.1,251,12.9716,77.5946
2025-07-13T18:00,23.8,83,26.6,0.0,0.0,3,99,9.9,265,12.9716,77.5946
2025-07-13T19:00,22.7,84,24.6,1.0,1.0,55,100,12.6,250,12.9716,77.5946
2025-07-13T20:00,21.8,88,23.6,0.2,0.2,51,100,13.2,259,12.9716,77.5946
2025-07-13T21:00,21.5,90,23.2,0.0,0.0,3,100,14.2,263,12.9716,77.5946
2025-07-13T22:00,21.3,92,23.2,0.0,0.0,3,100,12.4,261,12.9716,77.5946
2025-07-13T23:00,21.0,92,22.9,0.0,0.0,3,100,12.6,261,12.9716,77.5946
2025-07-14T00:00,20.6,93,22.3,0.0,0.0,3,100,12.7,263,12.9716,77.5946
2025-07-14T01:00,20.3,94,22.1,0.0,0.0,3,100,12.1,258,12.9716,77.5946
2025-07-14T02:00,20.2,95,21.8,0.0,0.0,3,100,12.9,249,12.9716,77.5946
2025-07-14T03:00,19.8,95,21.3,0.0,0.0,3,100,12.8,248,12.9716,77.5946
2025-07-14T04:00,19.6,95,21.0,0.0,0.0,3,100,13.1,249,12.9716,77.5946
2025-07-14T05:00,19.8,95,21.2,0.0,0.0,3,100,13.1,251,12.9716,77.5946
2025-07-14T06:00,20.4,94,22.2,0.0,0.0,3,100,12.0,252,12.9716,77.5946
2025-07-14T07:00,21.2,91,22.4,0.1,0.1,51,100,16.5,252,12.9716,77.5946
2025-07-14T08:00,23.1,79,23.8,0.0,0.0,3,100,18.9,256,12.9716,77.5946
2025-07-14T09:00,24.4,71,24.8,0.0,0.0,3,100,19.9,260,12.9716,77.5946
2025-07-14T10:00,25.3,69,26.4,1.6,1.6,61,100,19.7,256,12.9716,77.5946
2025-07-14T11:00,26.0,64,26.5,0.9,0.9,53,100,18.6,257,12.9716,77.5946
2025-07-14T12:00,25.0,71,25.9,0.2,0.2,51,100,18.1,254,12.9716,77.5946
2025-07-14T13:00,25.1,74,27.3,2.3,2.3,61,100,17.4,281,12.9716,77.5946
2025-07-14T14:00,26.5,66,28.0,0.1,0.1,51,100,20.6,260,12.9716,77.5946
2025-07-14T15:00,25.6,71,26.9,1.7,1.7,61,100,17.0,264,12.9716,77.5946
2025-07-14T16:00,23.8,77,25.0,1.8,1.8,61,100,16.8,276,12.9716,77.5946
2025-07-14T17:00,24.1,76,25.6,0.1,0.1,51,100,14.4,261,12.9716,77.5946
2025-07-14T18:00,23.8,77,25.0,0.0,0.0,3,100,15.6,263,12.9716,77.5946
2025-07-14T19:00,23.0,79,24.1,0.0,0.0,3,100,15.7,257,12.9716,77.5946
2025-07-14T20:00,22.3,82,23.3,0.0,0.0,3,100,15.9,254,12.9716,77.5946
2025-07-14T21:00,21.6,85,22.4,0.0,0.0,3,100,16.7,258,12.9716,77.5946
2025-07-14T22:00,21.2,87,22.0,0.0,0.0,3,100,16.7,262,12.9716,77.5946
2025-07-14T23:00,20.8,89,21.8,0.0,0.0,3,100,15.7,260,12.9716,77.5946
2025-07-15T00:00,20.7,89,21.7,0.0,0.0,3,100,15.1,258,12.9716,77.5946
2025-07-15T01:00,20.5,89,21.5,0.0,0.0,3,100,14.6,260,12.9716,77.5946
2025-07-15T02:00,20.4,89,21.4,0.0,0.0,3,100,14.5,259,12.9716,77.5946
2025-07-15T03:00,20.3,90,21.4,0.0,0.0,3,100,14.7,259,12.9716,77.5946
2025-07-15T04:00,20.3,91,21.4,0.0,0.0,3,100,14.7,256,12.9716,77.5946
2025-07-15T05:00,20.2,92,21.3,0.0,0.0,3,100,14.9,255,12.9716,77.5946
2025-07-15T06:00,20.7,90,21.9,0.0,0.0,3,100,15.1,252,12.9716,77.5946
2025-07-15T07:00,21.3,88,22.7,0.0,0.0,3,100,14.1,257,12.9716,77.5946
2025-07-15T08:00,22.4,80,22.4,0.0,0.0,3,100,22.5,262,12.9716,77.5946
2025-07-15T09:00,23.9,72,23.7,0.0,0.0,3,100,23.5,265,12.9716,77.5946
2025-07-15T10:00,24.8,70,24.9,0.0,0.0,3,100,21.9,265,12.9716,77.5946
2025-07-15T11:00,26.3,64,27.3,0.1,0.1,51,100,21.8,272,12.9716,77.5946
2025-07-15T12:00,26.2,64,26.9,0.6,0.6,53,100,24.6,264,12.9716,77.5946
2025-07-15T13:00,25.2,73,26.1,1.4,1.4,61,100,20.8,282,12.9716,77.5946
2025-07-15T14:00,27.1,62,28.2,0.0,0.0,3,100,21.4,281,12.9716,77.5946
2025-07-15T15:00,26.5,64,26.8,0.5,0.5,53,99,21.0,279,12.9716,77.5946
2025-07-15T16:00,25.7,66,25.9,0.0,0.0,3,100,20.7,267,12.9716,77.5946
2025-07-15T17:00,25.0,68,25.2,0.1,0.1,51,100,20.7,280,12.9716,77.5946
2025-07-15T18:00,23.0,80,24.9,0.1,0.1,51,90,10.8,273,12.9716,77.5946
2025-07-15T19:00,22.5,82,24.0,0.0,0.0,3,100,12.9,261,12.9716,77.5946
2025-07-15T20:00,22.4,83,24.1,0.0,0.0,3,100,12.6,261,12.9716,77.5946
2025-07-15T21:00,21.8,85,23.5,0.0,0.0,3,99,11.7,255,12.9716,77.5946
2025-07-15T22:00,21.3,86,22.7,0.0,0.0,2,79,12.5,262,12.9716,77.5946
2025-07-15T23:00,20.7,89,22.4,0.0,0.0,3,100,11.0,259,12.9716,77.5946
2025-07-16T00:00,20.3,91,22.0,0.0,0.0,3,85,10.8,255,12.9716,77.5946
2025-07-16T01:00,19.9,94,21.5,0.0,0.0,3,89,11.7,249,12.9716,77.5946
2025-07-16T02:00,19.8,95,21.4,0.0,0.0,1,40,11.7,250,12.9716,77.5946
2025-07-16T03:00,19.7,96,21.3,0.0,0.0,3,100,12.1,249,12.9716,77.5946
2025-07-16T04:00,20.0,95,21.5,0.0,0.0,3,99,12.9,249,12.9716,77.5946
2025-07-16T05:00,20.0,95,21.5,0.0,0.0,3,100,12.7,257,12.9716,77.5946
2025-07-16T06:00,20.9,93,23.1,0.0,0.0,3,98,10.4,252,12.9716,77.5946
2025-07-16T07:00,21.7,90,24.3,0.0,0.0,1,42,8.9,256,12.9716,77.5946
2025-07-16T08:00,23.2,82,25.1,0.1,0.1,51,47,13.8,276,12.9716,77.5946
2025-07-16T09:00,24.7,76,26.7,0.1,0.1,51,76,12.8,273,12.9716,77.5946
2025-07-16T10:00,26.1,68,28.3,0.0,0.0,3,99,13.9,281,12.9716,77.5946
2025-07-16T11:00,27.3,64,30.1,0.1,0.1,51,100,13.9,287,12.9716,77.5946
2025-07-16T12:00,24.4,75,26.5,0.8,0.8,53,100,14.8,269,12.9716,77.5946
2025-07-16T13:00,26.8,69,30.7,0.2,0.2,51,100,12.6,266,12.9716,77.5946
2025-07-16T14:00,28.0,61,30.5,0.1,0.1,51,100,15.8,287,12.9716,77.5946
2025-07-16T15:00,23.5,80,25.1,5.9,5.9,63,100,14.8,286,12.9716,77.5946
2025-07-16T16:00,24.0,81,26.3,0.1,0.1,51,100,12.0,283,12.9716,77.5946
2025-07-16T17:00,23.4,84,25.9,0.2,0.2,51,100,11.4,265,12.9716,77.5946
2025-07-16T18:00,21.9,92,24.8,2.6,2.6,63,98,8.6,244,12.9716,77.5946
2025-07-16T19:00,20.9,98,23.1,2.7,2.7,63,100,13.4,253,12.9716,77.5946
2025-07-16T20:00,21.0,96,23.6,0.4,0.4,51,100,9.7,251,12.9716,77.5946
2025-07-16T21:00,20.8,96,22.9,0.1,0.1,51,100,12.3,252,12.9716,77.5946
2025-07-16T22:00,20.6,97,22.8,0.1,0.1,51,100,11.7,250,12.9716,77.5946
2025-07-16T23:00,20.6,98,22.7,0.3,0.3,51,100,12.9,255,12.9716,77.5946
2025-07-17T00:00,20.4,98,22.4,0.4,0.4,51,100,13.0,260,12.9716,77.5946
2025-07-17T01:00,20.2,98,21.9,0.2,0.2,51,100,14.5,255,12.9716,77.5946
2025-07-17T02:00,20.3,97,22.1,0.1,0.1,51,100,13.3,257,12.9716,77.5946
2025-07-17T03:00,20.2,98,22.2,0.3,0.3,51,100,12.0,256,12.9716,77.5946
2025-07-17T04:00,20.1,98,22.1,0.2,0.2,51,100,12.2,246,12.9716,77.5946
2025-07-17T05:00,20.1,98,22.1,0.2,0.2,51,100,11.9,250,12.9716,77.5946
2025-07-17T06:00,20.1,97,21.7,0.1,0.1,51,98,13.8,253,12.9716,77.5946
2025-07-17T07:00,20.9,90,21.9,0.1,0.1,51,100,16.3,264,12.9716,77.5946
2025-07-17T08:00,22.1,84,22.8,0.0,0.0,3,100,18.7,272,12.9716,77.5946
2025-07-17T09:00,23.5,75,24.2,0.1,0.1,51,100,17.6,281,12.9716,77.5946
2025-07-17T10:00,24.1,74,25.5,0.0,0.0,3,100,13.5,283,12.9716,77.5946
2025-07-17T11:00,25.8,68,27.2,0.2,0.2,51,69,14.7,284,12.9716,77.5946
2025-07-17T12:00,27.6,62,30.6,0.1,0.1,51,100,13.7,293,12.9716,77.5946
2025-07-17T13:00,24.3,78,26.0,0.9,0.9,53,87,15.4,259,12.9716,77.5946
2025-07-17T14:00,25.2,75,27.6,0.2,0.2,51,67,11.5,266,12.9716,77.5946
2025-07-17T15:00,23.1,81,24.5,3.8,3.8,63,99,15.5,252,12.9716,77.5946
2025-07-17T16:00,22.8,87,25.9,1.2,1.2,55,84,6.9,285,12.9716,77.5946
2025-07-17T17:00,22.5,86,24.1,2.1,2.1,61,100,15.3,255,12.9716,77.5946
2025-07-17T18:00,23.3,82,25.8,0.1,0.1,51,100,9.0,267,12.9716,77.5946
2025-07-17T19:00,22.1,86,24.3,0.2,0.2,51,100,10.4,250,12.9716,77.5946
2025-07-17T20:00,20.6,95,22.6,3.1,3.1,63,100,11.1,241,12.9716,77.5946
2025-07-17T21:00,20.8,93,22.6,0.1,0.1,51,100,12.3,252,12.9716,77.5946
2025-07-17T22:00,20.7,94,22.6,0.1,0.1,51,100,12.0,251,12.9716,77.5946
2025-07-17T23:00,20.6,94,22.5,0.1,0.1,51,100,11.5,259,12.9716,77.5946
2025-07-18T00:00,20.2,95,21.6,0.8,0.8,53,100,14.2,261,12.9716,77.5946
2025-07-18T01:00,19.9,96,21.4,0.9,0.9,53,100,14.0,262,12.9716,77.5946
2025-07-18T02:00,19.7,98,21.3,0.9,0.9,53,100,13.4,264,12.9716,77.5946
2025-07-18T03:00,19.8,98,21.5,0.3,0.3,51,100,12.6,268,12.9716,77.5946
2025-07-18T04:00,19.8,98,21.6,0.3,0.3,51,100,12.2,271,12.9716,77.5946
2025-07-18T05:00,19.9,98,21.4,0.2,0.2,51,100,13.7,274,12.9716,77.5946
2025-07-18T06:00,20.0,97,22.1,0.1,0.1,51,100,10.4,281,12.9716,77.5946
2025-07-18T07:00,20.6,94,22.1,0.0,0.0,3,100,14.4,280,12.9716,77.5946
2025-07-18T08:00,21.4,89,22.5,0.1,0.1,51,100,16.9,285,12.9716,77.5946
2025-07-18T09:00,23.0,79,24.2,0.1,0.1,51,100,15.7,292,12.9716,77.5946
2025-07-18T10:00,24.4,73,25.5,0.2,0.2,51,100,16.3,292,12.9716,77.5946
2025-07-18T11:00,25.7,67,28.2,0.2,0.2,51,100,15.1,288,12.9716,77.5946
2025-07-18T12:00,26.4,63,29.1,0.2,0.2,51,100,14.6,289,12.9716,77.5946
2025-07-18T13:00,27.2,62,30.2,0.0,0.0,3,100,13.1,282,12.9716,77.5946
2025-07-18T14:00,27.6,61,30.5,0.0,0.0,3,100,11.9,275,12.9716,77.5946
2025-07-18T15:00,27.2,61,29.5,0.2,0.2,51,100,11.7,274,12.9716,77.5946
2025-07-18T16:00,26.6,63,28.4,0.0,0.0,3,100,11.3,271,12.9716,77.5946
2025-07-18T17:00,22.3,84,23.2,6.9,6.9,63,100,18.4,243,12.9716,77.5946
2025-07-18T18:00,23.2,83,25.5,0.0,0.0,3,100,11.4,264,12.9716,77.5946
2025-07-18T19:00,22.3,86,24.2,0.0,0.0,3,100,12.1,271,12.9716,77.5946
2025-07-18T20:00,21.6,90,23.9,0.0,0.0,3,100,10.3,272,12.9716,77.5946
2025-07-18T21:00,21.3,93,23.7,0.0,0.0,3,100,10.3,270,12.9716,77.5946
2025-07-18T22:00,21.1,94,23.5,0.0,0.0,3,100,10.3,285,12.9716,77.5946
2025-07-18T23:00,20.9,95,23.2,0.0,0.0,3,100,10.4,281,12.9716,77.5946
2025-07-19T00:00,20.7,94,22.6,0.1,0.1,51,98,12.0,279,12.9716,77.5946
2025-07-19T01:00,20.5,94,22.1,0.1,0.1,51,100,13.3,279,12.9716,77.5946
2025-07-19T02:00,20.3,93,21.5,0.0,0.0,3,100,14.7,278,12.9716,77.5946
2025-07-19T03:00,20.2,93,21.6,0.0,0.0,3,100,13.5,278,12.9716,77.5946
2025-07-19T04:00,20.1,93,21.5,0.0,0.0,3,100,13.0,275,12.9716,77.5946
2025-07-19T05:00,19.9,94,21.4,0.1,0.1,51,100,12.8,267,12.9716,77.5946
2025-07-19T06:00,19.8,93,21.2,0.0,0.0,3,93,12.3,284,12.9716,77.5946
2025-07-19T07:00,20.8,89,21.8,0.0,0.0,3,98,15.9,286,12.9716,77.5946
2025-07-19T08:00,22.4,80,23.1,0.1,0.1,51,90,17.1,290,12.9716,77.5946
2025-07-19T09:00,23.2,76,24.2,0.2,0.2,51,100,15.3,300,12.9716,77.5946
2025-07-19T10:00,24.0,75,25.6,0.2,0.2,51,79,12.8,302,12.9716,77.5946
2025-07-19T11:00,24.8,72,27.2,0.3,0.3,51,77,12.8,301,12.9716,77.5946
2025-07-19T12:00,25.3,69,27.6,0.2,0.2,51,70,12.4,292,12.9716,77.5946
2025-07-19T13:00,26.2,67,29.1,0.1,0.1,51,100,11.2,274,12.9716,77.5946
2025-07-19T14:00,22.3,87,24.4,3.7,3.7,63,100,12.3,245,12.9716,77.5946
2025-07-19T15:00,23.1,87,26.6,2.6,2.6,63,100,5.0,240,12.9716,77.5946
2025-07-19T16:00,21.4,91,23.1,8.3,8.3,65,100,14.5,262,12.9716,77.5946
2025-07-19T17:00,21.6,91,23.3,0.5,0.5,53,100,15.2,265,12.9716,77.5946
2025-07-19T18:00,21.1,94,23.4,2.8,2.8,63,99,11.4,275,12.9716,77.5946
2025-07-19T19:00,20.6,93,22.3,0.9,0.9,53,100,12.6,272,12.9716,77.5946
2025-07-19T20:00,20.7,94,22.3,0.7,0.7,53,100,14.2,273,12.9716,77.5946
2025-07-19T21:00,20.6,95,22.3,0.1,0.1,51,100,13.4,274,12.9716,77.5946
2025-07-19T22:00,20.5,94,21.9,0.1,0.1,51,100,14.8,272,12.9716,77.5946
2025-07-19T23:00,20.2,93,21.4,0.0,0.0,3,100,15.1,271,12.9716,77.5946
2025-07-20T00:00,20.0,94,21.2,0.2,0.2,51,100,14.6,273,12.9716,77.5946
2025-07-20T01:00,20.0,94,21.1,0.2,0.2,51,93,14.8,273,12.9716,77.5946
2025-07-20T02:00,19.6,96,20.9,0.1,0.1,51,99,14.2,269,12.9716,77.5946
2025-07-20T03:00,19.6,96,20.9,0.0,0.0,3,100,13.9,271,12.9716,77.5946
2025-07-20T04:00,19.6,96,20.9,0.0,0.0,3,100,13.5,272,12.9716,77.5946
2025-07-20T05:00,19.7,96,20.9,0.0,0.0,3,100,14.9,278,12.9716,77.5946
2025-07-20T06:00,19.9,95,21.3,0.0,0.0,3,100,13.9,270,12.9716,77.5946
2025-07-20T07:00,20.9,91,22.0,0.0,0.0,3,100,16.0,269,12.9716,77.5946
2025-07-20T08:00,22.2,82,23.0,0.1,0.1,51,100,17.6,277,12.9716,77.5946
2025-07-20T09:00,23.6,75,24.4,0.1,0.1,51,100,17.3,282,12.9716,77.5946
2025-07-20T10:00,24.5,71,25.4,0.1,0.1,51,100,16.4,289,12.9716,77.5946
2025-07-20T11:00,25.7,65,27.4,0.1,0.1,51,100,15.7,295,12.9716,77.5946
2025-07-20T12:00,26.2,63,28.4,0.1,0.1,51,100,14.2,296,12.9716,77.5946
2025-07-20T13:00,26.0,63,27.3,0.1,0.1,51,100,13.0,289,12.9716,77.5946
2025-07-20T14:00,26.5,63,28.3,0.1,0.1,51,100,11.7,283,12.9716,77.5946
2025-07-20T15:00,25.2,68,26.6,1.6,1.6,61,100,15.3,282,12.9716,77.5946
2025-07-20T16:00,22.9,85,25.4,5.8,5.8,63,100,10.5,233,12.9716,77.5946
2025-07-20T17:00,21.7,88,23.4,4.7,4.7,63,100,12.6,266,12.9716,77.5946
2025-07-20T18:00,21.6,89,23.6,0.0,0.0,3,100,11.3,237,12.9716,77.5946
2025-07-20T19:00,21.3,91,23.3,0.1,0.1,51,100,12.6,251,12.9716,77.5946
2025-07-20T20:00,21.0,90,22.2,0.5,0.5,53,100,15.6,259,12.9716,77.5946
2025-07-20T21:00,20.6,94,22.0,0.3,0.3,51,100,14.8,256,12.9716,77.5946
2025-07-20T22:00,20.1,96,21.5,0.9,0.9,53,100,14.9,262,12.9716,77.5946
2025-07-20T23:00,19.9,98,21.7,0.9,0.9,53,100,12.3,265,12.9716,77.5946
2025-07-21T00:00,19.9,97,21.7,0.3,0.3,51,100,12.0,256,12.9716,77.5946
2025-07-21T01:00,19.8,97,21.4,0.1,0.1,51,100,12.9,254,12.9716,77.5946
2025-07-21T02:00,19.7,98,21.2,0.0,0.0,3,100,13.5,257,12.9716,77.5946
2025-07-21T03:00,19.7,97,21.1,0.0,0.0,3,100,13.6,262,12.9716,77.5946
2025-07-21T04:00,19.5,98,20.9,0.0,0.0,3,100,13.7,261,12.9716,77.5946
2025-07-21T05:00,19.7,96,20.9,0.2,0.2,51,100,14.6,267,12.9716,77.5946
2025-07-21T06:00,20.0,95,21.6,0.0,0.0,3,100,12.3,266,12.9716,77.5946
2025-07-21T07:00,20.6,93,22.3,0.0,0.0,3,96,13.0,270,12.9716,77.5946
2025-07-21T08:00,21.9,84,22.9,0.1,0.1,51,100,16.5,276,12.9716,77.5946
2025-07-21T09:00,23.3,77,24.1,0.1,0.1,51,100,17.2,275,12.9716,77.5946
2025-07-21T10:00,23.9,75,25.3,0.2,0.2,51,100,14.2,271,12.9716,77.5946
2025-07-21T11:00,24.1,73,25.3,0.3,0.3,51,100,14.8,264,12.9716,77.5946
2025-07-21T12:00,25.1,72,26.9,0.1,0.1,51,100,13.1,254,12.9716,77.5946
2025-07-21T13:00,26.6,66,29.7,0.1,0.1,51,100,12.1,281,12.9716,77.5946
2025-07-21T14:00,23.2,80,23.8,4.5,4.5,63,100,20.4,234,12.9716,77.5946
2025-07-21T15:00,21.8,96,24.0,3.1,3.1,63,99,14.5,248,12.9716,77.5946
2025-07-21T16:00,22.3,96,25.4,2.1,2.1,61,99,10.6,271,12.9716,77.5946
2025-07-21T17:00,21.8,90,23.3,4.7,4.7,63,100,15.9,273,12.9716,77.5946
2025-07-21T18:00,21.5,91,23.5,0.2,0.2,51,100,12.8,251,12.9716,77.5946
2025-07-21T19:00,21.1,93,22.9,0.3,0.3,51,100,14.5,251,12.9716,77.5946
2025-07-21T20:00,20.9,93,22.4,0.3,0.3,51,100,15.5,255,12.9716,77.5946
2025-07-21T21:00,20.6,93,21.9,0.1,0.1,51,100,14.8,256,12.9716,77.5946
2025-07-21T22:00,20.4,93,21.5,0.2,0.2,51,100,15.8,263,12.9716,77.5946
2025-07-21T23:00,20.2,95,21.4,0.5,0.5,53,100,15.4,259,12.9716,77.5946
2025-07-22T00:00,20.0,96,21.0,0.5,0.5,53,100,17.1,262,12.9716,77.5946
2025-07-22T01:00,19.9,96,20.8,0.4,0.4,51,100,17.5,265,12.9716,77.5946
2025-07-22T02:00,19.8,96,20.7,0.3,0.3,51,100,17.5,268,12.9716,77.5946
2025-07-22T03:00,19.8,96,20.9,0.2,0.2,51,100,16.0,268,12.9716,77.5946
2025-07-22T04:00,19.8,96,21.0,0.2,0.2,51,100,15.6,263,12.9716,77.5946
2025-07-22T05:00,19.8,96,21.0,0.2,0.2,51,100,14.9,262,12.9716,77.5946
2025-07-22T06:00,19.9,95,21.5,0.0,0.0,3,100,12.4,256,12.9716,77.5946
2025-07-22T07:00,20.8,92,22.1,0.0,0.0,3,100,15.5,255,12.9716,77.5946
2025-07-22T08:00,21.7,88,22.5,0.2,0.2,51,100,18.9,257,12.9716,77.5946
2025-07-22T09:00,23.3,78,23.8,0.2,0.2,51,100,20.1,264,12.9716,77.5946
2025-07-22T10:00,24.2,76,25.2,0.2,0.2,51,100,18.4,261,12.9716,77.5946
2025-07-22T11:00,25.3,71,26.6,0.1,0.1,51,100,20.6,265,12.9716,77.5946
2025-07-22T12:00,25.1,70,25.8,0.2,0.2,51,100,18.4,260,12.9716,77.5946
2025-07-22T13:00,22.6,82,23.3,1.7,1.7,61,100,19.5,258,12.9716,77.5946
2025-07-22T14:00,24.0,80,26.0,0.1,0.1,51,56,13.5,261,12.9716,77.5946
2025-07-22T15:00,24.8,71,25.2,0.6,0.6,53,81,20.4,251,12.9716,77.5946
2025-07-22T16:00,24.2,77,25.5,3.3,3.3,63,78,17.1,261,12.9716,77.5946
2025-07-22T17:00,23.4,76,23.7,0.6,0.6,53,84,20.0,254,12.9716,77.5946
2025-07-22T18:00,22.3,82,23.2,0.1,0.1,51,71,17.1,258,12.9716,77.5946
2025-07-22T19:00,21.4,84,22.0,0.0,0.0,2,75,17.3,258,12.9716,77.5946
2025-07-22T20:00,20.8,87,21.4,0.0,0.0,3,100,17.0,263,12.9716,77.5946
2025-07-22T21:00,20.7,89,21.5,0.0,0.0,3,90,16.5,262,12.9716,77.5946
2025-07-22T22:00,20.6,90,21.5,0.0,0.0,3,92,16.9,263,12.9716,77.5946
2025-07-22T23:00,20.5,90,21.1,0.0,0.0,3,100,17.8,262,12.9716,77.5946
2025-07-23T00:00,20.2,92,21.0,0.0,0.0,3,100,17.0,264,12.9716,77.5946
2025-07-23T01:00,20.0,92,20.7,0.0,0.0,3,100,17.1,262,12.9716,77.5946
2025-07-23T02:00,19.9,92,20.4,0.0,0.0,3,100,17.5,266,12.9716,77.5946
2025-07-23T03:00,19.8,91,20.3,0.0,0.0,3,100,17.6,269,12.9716,77.5946
2025-07-23T04:00,19.9,93,20.7,0.1,0.1,51,100,16.8,264,12.9716,77.5946
2025-07-23T05:00,19.8,95,20.5,0.3,0.3,51,100,18.0,263,12.9716,77.5946
2025-07-23T06:00,20.1,93,21.1,0.3,0.3,51,100,15.8,258,12.9716,77.5946
2025-07-23T07:00,20.9,89,21.9,0.1,0.1,51,99,16.5,259,12.9716,77.5946
2025-07-23T08:00,21.8,86,22.5,0.2,0.2,51,99,18.8,260,12.9716,77.5946
2025-07-23T09:00,22.1,86,23.3,2.3,2.3,61,100,16.6,257,12.9716,77.5946
2025-07-23T10:00,23.3,77,24.0,0.8,0.8,53,97,18.6,258,12.9716,77.5946
2025-07-23T11:00,25.0,67,24.5,0.0,0.0,3,99,24.3,268,12.9716,77.5946
2025-07-23T12:00,25.4,66,25.9,0.0,0.0,3,100,24.1,273,12.9716,77.5946
2025-07-23T13:00,24.9,68,24.9,0.0,0.0,3,100,22.0,267,12.9716,77.5946
2025-07-23T14:00,25.5,64,25.5,0.2,0.2,51,100,23.7,265,12.9716,77.5946
2025-07-23T15:00,24.8,70,25.2,0.4,0.4,51,97,20.0,272,12.9716,77.5946
2025-07-23T16:00,23.9,74,24.3,1.1,1.1,55,100,20.0,268,12.9716,77.5946
2025-07-23T17:00,22.4,81,22.8,1.1,1.1,55,100,20.3,262,12.9716,77.5946
2025-07-23T18:00,22.6,81,23.4,0.0,0.0,3,100,18.0,254,12.9716,77.5946
2025-07-23T19:00,21.6,85,22.3,0.0,0.0,3,100,18.3,255,12.9716,77.5946
2025-07-23T20:00,21.2,87,21.9,0.0,0.0,3,100,17.5,258,12.9716,77.5946
2025-07-23T21:00,20.9,89,21.8,0.0,0.0,3,100,16.8,261,12.9716,77.5946
2025-07-23T22:00,20.9,89,21.7,0.0,0.0,3,100,17.6,257,12.9716,77.5946
2025-07-23T23:00,20.8,90,21.7,0.1,0.1,51,100,16.8,258,12.9716,77.5946
2025-07-24T00:00,20.5,92,21.3,0.6,0.6,53,100,18.3,257,12.9716,77.5946
2025-07-24T01:00,20.4,93,20.8,0.2,0.2,51,100,20.3,263,12.9716,77.5946
2025-07-24T02:00,20.3,93,21.0,0.1,0.1,51,100,18.4,266,12.9716,77.5946
2025-07-24T03:00,20.1,94,20.8,0.2,0.2,51,100,18.4,262,12.9716,77.5946
2025-07-24T04:00,20.1,93,20.5,0.2,0.2,51,100,19.4,260,12.9716,77.5946
2025-07-24T05:00,19.9,94,20.4,0.1,0.1,51,100,18.6,261,12.9716,77.5946
2025-07-24T06:00,20.1,91,20.6,0.0,0.0,3,100,18.1,259,12.9716,77.5946
2025-07-24T07:00,20.7,89,21.6,0.0,0.0,3,100,16.3,259,12.9716,77.5946
2025-07-24T08:00,21.2,85,21.0,0.0,0.0,3,100,23.3,266,12.9716,77.5946
2025-07-24T09:00,22.1,81,22.4,0.1,0.1,51,100,20.1,261,12.9716,77.5946
2025-07-24T10:00,23.9,73,23.7,0.1,0.1,51,100,22.8,264,12.9716,77.5946
2025-07-24T11:00,23.9,72,23.6,0.2,0.2,51,84,23.8,266,12.9716,77.5946
2025-07-24T12:00,25.1,67,25.3,0.1,0.1,51,100,25.6,273,12.9716,77.5946
2025-07-24T13:00,24.2,71,23.8,0.0,0.0,3,100,24.5,272,12.9716,77.5946
2025-07-24T14:00,23.8,72,23.3,0.0,0.0,3,100,25.1,275,12.9716,77.5946
2025-07-24T15:00,23.2,77,23.2,0.1,0.1,51,100,22.2,272,12.9716,77.5946
2025-07-24T16:00,22.5,81,22.9,0.2,0.2,51,100,20.7,272,12.9716,77.5946
2025-07-24T17:00,21.9,86,23.0,0.5,0.5,53,100,17.3,265,12.9716,77.5946
2025-07-24T18:00,21.3,91,23.0,0.2,0.2,51,100,13.1,261,12.9716,77.5946
2025-07-24T19:00,21.0,93,22.7,0.3,0.3,51,100,14.1,260,12.9716,77.5946
2025-07-24T20:00,21.0,93,22.8,0.1,0.1,51,100,13.2,255,12.9716,77.5946
2025-07-24T21:00,20.8,93,22.2,0.1,0.1,51,100,15.6,253,12.9716,77.5946
2025-07-24T22:00,20.4,95,21.4,0.2,0.2,51,100,17.3,251,12.9716,77.5946
2025-07-24T23:00,20.3,95,21.2,0.2,0.2,51,100,18.3,255,12.9716,77.5946
2025-07-25T00:00,20.3,95,21.2,0.2,0.2,51,100,17.8,254,12.9716,77.5946
2025-07-25T01:00,20.2,95,20.9,0.6,0.6,53,100,19.3,255,12.9716,77.5946
2025-07-25T02:00,19.9,97,20.5,2.8,2.8,63,100,20.1,257,12.9716,77.5946
2025-07-25T03:00,19.9,97,20.5,1.0,1.0,55,100,20.1,264,12.9716,77.5946
2025-07-25T04:00,19.8,97,20.6,0.8,0.8,53,100,18.5,264,12.9716,77.5946
2025-07-25T05:00,19.9,95,20.3,0.6,0.6,53,100,21.1,261,12.9716,77.5946
2025-07-25T06:00,20.3,96,21.5,0.4,0.4,51,100,16.7,250,12.9716,77.5946
2025-07-25T07:00,20.8,93,21.9,0.5,0.5,53,100,18.0,250,12.9716,77.5946
2025-07-25T08:00,21.6,91,22.6,0.7,0.7,53,100,19.2,251,12.9716,77.5946
2025-07-25T09:00,22.1,88,23.0,0.2,0.2,51,100,20.1,255,12.9716,77.5946
2025-07-25T10:00,23.2,81,23.6,0.1,0.1,51,100,22.7,262,12.9716,77.5946
2025-07-25T11:00,24.1,80,24.9,0.7,0.7,53,100,23.7,261,12.9716,77.5946
2025-07-25T12:00,24.4,69,23.2,0.1,0.1,51,100,28.7,265,12.9716,77.5946
2025-07-25T13:00,25.7,63,25.2,0.0,0.0,3,100,30.2,265,12.9716,77.5946
2025-07-25T14:00,24.4,69,23.4,0.3,0.3,51,100,28.3,269,12.9716,77.5946
2025-07-25T15:00,24.9,65,23.8,0.0,0.0,3,100,27.3,266,12.9716,77.5946
2025-07-25T16:00,24.3,68,23.3,0.0,0.0,3,100,26.8,263,12.9716,77.5946
2025-07-25T17:00,22.8,76,22.2,0.1,0.1,51,100,24.9,262,12.9716,77.5946
2025-07-25T18:00,22.4,79,22.6,0.1,0.1,51,100,20.2,259,12.9716,77.5946
2025-07-25T19:00,22.1,80,22.1,0.0,0.0,3,100,21.3,259,12.9716,77.5946
2025-07-25T20:00,21.7,81,21.4,0.0,0.0,3,100,22.1,261,12.9716,77.5946
2025-07-25T21:00,21.2,83,21.0,0.0,0.0,3,100,22.4,258,12.9716,77.5946
2025-07-25T22:00,21.2,83,21.0,0.0,0.0,3,100,22.0,260,12.9716,77.5946
2025-07-25T23:00,21.1,84,21.0,0.0,0.0,3,100,20.7,259,12.9716,77.5946
2025-07-26T00:00,20.9,85,20.7,0.0,0.0,3,100,22.1,256,12.9716,77.5946
2025-07-26T01:00,20.8,86,20.5,0.0,0.0,3,100,22.6,261,12.9716,77.5946
2025-07-26T02:00,20.5,87,20.0,0.1,0.1,51,100,23.9,264,12.9716,77.5946
2025-07-26T03:00,20.3,83,19.4,0.0,0.0,3,100,23.8,266,12.9716,77.5946
2025-07-26T04:00,20.3,84,19.5,0.0,0.0,3,100,23.3,266,12.9716,77.5946
2025-07-26T05:00,20.3,81,19.2,0.0,0.0,3,98,23.8,268,12.9716,77.5946
2025-07-26T06:00,20.5,89,20.8,0.1,0.1,51,100,19.3,255,12.9716,77.5946
2025-07-26T07:00,21.2,86,21.4,0.0,0.0,3,100,20.4,258,12.9716,77.5946
2025-07-26T08:00,22.4,80,21.5,0.1,0.1,51,100,28.5,263,12.9716,77.5946
2025-07-26T09:00,23.2,77,22.6,0.1,0.1,51,100,27.2,264,12.9716,77.5946
2025-07-26T10:00,24.7,70,23.7,0.0,0.0,3,100,28.7,266,12.9716,77.5946
2025-07-26T11:00,25.6,64,25.0,0.0,0.0,3,100,29.3,270,12.9716,77.5946
2025-07-26T12:00,26.2,61,26.1,0.3,0.3,51,100,29.0,271,12.9716,77.5946
2025-07-26T13:00,26.1,65,26.3,0.2,0.2,51,100,25.1,267,12.9716,77.5946
2025-07-26T14:00,25.4,69,26.3,0.5,0.5,53,59,19.4,272,12.9716,77.5946
2025-07-26T15:00,22.8,84,24.0,3.9,3.9,63,100,20.0,268,12.9716,77.5946
2025-07-26T16:00,22.7,85,24.3,0.2,0.2,51,100,15.9,264,12.9716,77.5946
2025-07-26T17:00,22.0,84,22.2,0.5,0.5,53,100,21.8,261,12.9716,77.5946
2025-07-26T18:00,21.2,90,22.1,1.8,1.8,61,100,18.3,263,12.9716,77.5946
2025-07-26T19:00,20.8,91,21.2,0.2,0.2,51,100,21.3,255,12.9716,77.5946
2025-07-26T20:00,21.1,89,21.3,0.3,0.3,51,100,22.2,267,12.9716,77.5946
2025-07-26T21:00,20.6,92,21.3,0.3,0.3,51,99,19.2,262,12.9716,77.5946
2025-07-26T22:00,20.7,90,21.0,0.2,0.2,51,100,20.9,262,12.9716,77.5946
2025-07-26T23:00,20.5,90,20.8,0.0,0.0,3,100,20.4,261,12.9716,77.5946
2025-07-27T00:00,20.2,93,21.0,0.1,0.1,51,100,17.4,265,12.9716,77.5946
2025-07-27T01:00,20.2,93,20.3,0.6,0.6,53,100,22.1,269,12.9716,77.5946
2025-07-27T02:00,20.0,90,20.1,0.0,0.0,3,100,20.4,266,12.9716,77.5946
2025-07-27T03:00,19.8,92,19.9,0.1,0.1,51,100,20.0,265,12.9716,77.5946
2025-07-27T04:00,19.9,91,20.2,0.1,0.1,51,100,19.0,260,12.9716,77.5946
2025-07-27T05:00,20.0,89,20.1,0.0,0.0,3,100,19.4,259,12.9716,77.5946
2025-07-27T06:00,20.5,89,21.2,0.1,0.1,51,100,16.7,256,12.9716,77.5946
2025-07-27T07:00,20.8,83,21.0,0.0,0.0,3,100,18.0,263,12.9716,77.5946
2025-07-27T08:00,21.4,82,21.9,0.0,0.0,3,100,16.7,259,12.9716,77.5946
2025-07-27T09:00,23.0,74,22.1,0.1,0.1,51,100,26.0,267,12.9716,77.5946
2025-07-27T10:00,24.2,68,23.5,0.1,0.1,51,100,28.6,269,12.9716,77.5946
2025-07-27T11:00,24.7,65,24.1,0.0,0.0,3,100,25.9,268,12.9716,77.5946
2025-07-27T12:00,24.8,64,23.6,0.1,0.1,51,100,26.5,272,12.9716,77.5946
2025-07-27T13:00,25.8,60,25.1,0.1,0.1,51,100,26.0,275,12.9716,77.5946
2025-07-27T14:00,25.2,62,23.8,0.2,0.2,51,100,29.5,278,12.9716,77.5946
2025-07-27T15:00,25.2,62,24.4,0.0,0.0,3,100,23.4,277,12.9716,77.5946
2025-07-27T16:00,25.4,60,24.5,0.0,0.0,3,100,22.9,278,12.9716,77.5946
2025-07-27T17:00,24.7,63,24.1,0.0,0.0,3,100,21.2,277,12.9716,77.5946
2025-07-27T18:00,22.8,78,23.7,0.1,0.1,51,64,16.3,265,12.9716,77.5946
2025-07-27T19:00,22.0,77,22.0,0.0,0.0,3,100,18.9,266,12.9716,77.5946
2025-07-27T20:00,21.5,77,21.4,0.0,0.0,3,93,18.2,268,12.9716,77.5946
2025-07-27T21:00,21.0,80,21.1,0.0,0.0,3,99,16.9,269,12.9716,77.5946
2025-07-27T22:00,20.7,80,20.9,0.0,0.0,3,99,16.0,269,12.9716,77.5946
2025-07-27T23:00,20.3,81,20.4,0.0,0.0,3,100,15.5,265,12.9716,77.5946
2025-07-28T00:00,20.0,81,20.0,0.0,0.0,3,96,16.4,258,12.9716,77.5946
2025-07-28T01:00,19.7,83,19.7,0.0,0.0,2,58,16.4,258,12.9716,77.5946
2025-07-28T02:00,19.3,87,19.1,0.0,0.0,3,100,17.6,259,12.9716,77.5946
2025-07-28T03:00,19.0,88,18.9,0.0,0.0,3,97,17.4,256,12.9716,77.5946
2025-07-28T04:00,18.9,90,18.8,0.0,0.0,3,97,18.5,259,12.9716,77.5946
2025-07-28T05:00,18.9,91,18.8,0.0,0.0,3,100,18.9,262,12.9716,77.5946
2025-07-28T06:00,20.0,91,20.5,0.0,0.0,3,100,17.9,258,12.9716,77.5946
2025-07-28T07:00,20.8,88,21.9,0.0,0.0,3,94,14.9,259,12.9716,77.5946
2025-07-28T08:00,22.3,80,22.0,0.0,0.0,3,100,23.5,276,12.9716,77.5946
2025-07-28T09:00,23.5,74,23.2,0.1,0.1,51,100,24.4,283,12.9716,77.5946
2025-07-28T10:00,24.1,73,24.5,0.0,0.0,3,100,20.0,284,12.9716,77.5946
2025-07-28T11:00,25.4,68,26.1,0.1,0.1,51,100,23.2,284,12.9716,77.5946
2025-07-28T12:00,26.1,64,26.8,0.0,0.0,3,94,23.3,285,12.9716,77.5946
2025-07-28T13:00,26.5,62,27.3,0.0,0.0,3,82,23.4,286,12.9716,77.5946
2025-07-28T14:00,26.3,63,26.5,0.1,0.1,51,15,23.1,289,12.9716,77.5946
2025-07-28T15:00,26.4,62,26.6,0.1,0.1,51,35,24.9,287,12.9716,77.5946
2025-07-28T16:00,25.8,64,25.5,0.1,0.1,51,23,22.9,287,12.9716,77.5946
2025-07-28T17:00,25.4,63,25.3,0.0,0.0,2,63,19.6,284,12.9716,77.5946
2025-07-28T18:00,23.5,72,24.3,0.0,0.0,0,5,14.9,288,12.9716,77.5946
2025-07-28T19:00,22.9,73,23.4,0.0,0.0,2,79,15.4,286,12.9716,77.5946
2025-07-28T20:00,22.6,73,23.0,0.0,0.0,0,4,15.1,279,12.9716,77.5946
2025-07-28T21:00,21.7,75,21.9,0.0,0.0,3,100,15.9,276,12.9716,77.5946
2025-07-28T22:00,20.9,77,21.1,0.0,0.0,2,70,14.9,269,12.9716,77.5946
2025-07-28T23:00,20.4,79,20.4,0.0,0.0,2,76,15.3,267,12.9716,77.5946
2025-07-29T00:00,19.9,81,19.8,0.0,0.0,2,72,15.9,265,12.9716,77.5946
2025-07-29T01:00,19.6,83,19.5,0.0,0.0,1,40,16.3,259,12.9716,77.5946
2025-07-29T02:00,19.3,86,19.3,0.0,0.0,2,57,16.0,255,12.9716,77.5946
2025-07-29T03:00,19.0,91,19.2,0.0,0.0,1,27,16.1,254,12.9716,77.5946
2025-07-29T04:00,18.8,92,19.1,0.0,0.0,0,19,16.2,255,12.9716,77.5946
2025-07-29T05:00,18.8,92,19.0,0.0,0.0,1,23,16.5,256,12.9716,77.5946
2025-07-29T06:00,19.8,93,20.6,0.1,0.1,51,100,16.0,259,12.9716,77.5946
2025-07-29T07:00,20.4,92,21.7,0.1,0.1,51,100,14.2,261,12.9716,77.5946
2025-07-29T08:00,21.4,86,21.3,0.3,0.3,51,90,23.1,268,12.9716,77.5946
2025-07-29T09:00,23.1,77,22.6,0.2,0.2,51,61,25.4,277,12.9716,77.5946
2025-07-29T10:00,24.5,69,23.8,0.1,0.1,51,100,25.5,278,12.9716,77.5946
2025-07-29T11:00,25.8,63,25.0,0.0,0.0,3,100,26.8,280,12.9716,77.5946
2025-07-29T12:00,25.8,64,25.5,0.1,0.1,51,86,24.9,278,12.9716,77.5946
2025-07-29T13:00,26.6,61,27.3,0.1,0.1,51,75,25.5,279,12.9716,77.5946
2025-07-29T14:00,27.2,58,27.8,0.0,0.0,3,98,25.1,285,12.9716,77.5946
2025-07-29T15:00,26.8,59,26.7,0.0,0.0,3,87,25.2,291,12.9716,77.5946
2025-07-29T16:00,26.0,60,25.2,0.0,0.0,1,36,24.1,289,12.9716,77.5946
2025-07-29T17:00,25.1,63,24.6,0.0,0.0,3,89,21.9,288,12.9716,77.5946
2025-07-29T18:00,22.8,80,24.3,0.1,0.1,51,97,13.7,275,12.9716,77.5946
2025-07-29T19:00,22.7,80,24.0,0.0,0.0,2,69,14.8,284,12.9716,77.5946
2025-07-29T20:00,22.4,79,23.3,0.0,0.0,3,89,15.1,290,12.9716,77.5946
2025-07-29T21:00,21.8,81,22.6,0.0,0.0,3,99,16.0,289,12.9716,77.5946
2025-07-29T22:00,21.4,83,22.2,0.0,0.0,3,91,15.6,284,12.9716,77.5946
2025-07-29T23:00,20.9,86,21.7,0.0,0.0,3,99,15.5,279,12.9716,77.5946
2025-07-30T00:00,20.5,87,21.3,0.0,0.0,3,100,15.4,277,12.9716,77.5946
2025-07-30T01:00,20.1,89,20.9,0.0,0.0,3,100,15.3,272,12.9716,77.5946
2025-07-30T02:00,19.8,90,20.5,0.0,0.0,3,100,15.3,269,12.9716,77.5946
2025-07-30T03:00,19.6,90,20.1,0.0,0.0,3,100,15.8,268,12.9716,77.5946
2025-07-30T04:00,19.3,91,19.7,0.0,0.0,3,97,16.2,271,12.9716,77.5946
2025-07-30T05:00,19.2,91,19.7,0.0,0.0,3,99,15.8,269,12.9716,77.5946
2025-07-30T06:00,20.2,89,21.0,0.0,0.0,3,100,14.9,271,12.9716,77.5946
2025-07-30T07:00,21.2,86,22.4,0.0,0.0,3,100,14.1,268,12.9716,77.5946
2025-07-30T08:00,22.7,77,22.3,0.1,0.1,51,100,23.6,274,12.9716,77.5946
2025-07-30T09:00,23.8,73,23.7,0.1,0.1,51,100,21.9,276,12.9716,77.5946
2025-07-30T10:00,25.3,66,25.4,0.0,0.0,3,100,24.5,277,12.9716,77.5946
2025-07-30T11:00,25.9,64,25.7,0.0,0.0,3,99,24.2,279,12.9716,77.5946
2025-07-30T12:00,26.2,63,26.0,0.0,0.0,3,97,23.3,276,12.9716,77.5946
2025-07-30T13:00,27.3,59,28.0,0.1,0.1,51,100,22.1,276,12.9716,77.5946
2025-07-30T14:00,27.9,55,28.9,0.1,0.1,51,98,22.3,277,12.9716,77.5946
2025-07-30T15:00,27.7,56,27.9,0.0,0.0,3,99,21.1,275,12.9716,77.5946
2025-07-30T16:00,27.3,56,27.1,0.0,0.0,3,86,20.5,271,12.9716,77.5946
2025-07-30T17:00,25.8,63,26.3,0.0,0.0,3,99,17.3,261,12.9716,77.5946
2025-07-30T18:00,24.2,74,25.8,0.0,0.0,2,68,12.8,248,12.9716,77.5946
2025-07-30T19:00,23.3,76,24.6,0.0,0.0,1,37,13.1,245,12.9716,77.5946
2025-07-30T20:00,22.8,77,24.0,0.0,0.0,3,100,13.7,249,12.9716,77.5946
2025-07-30T21:00,22.0,82,23.5,0.0,0.0,3,100,12.2,248,12.9716,77.5946
2025-07-30T22:00,21.3,87,22.9,0.0,0.0,3,100,12.3,247,12.9716,77.5946
2025-07-30T23:00,20.7,90,22.2,0.0,0.0,3,100,12.8,248,12.9716,77.5946
2025-07-31T00:00,20.3,92,21.8,0.0,0.0,3,100,13.0,250,12.9716,77.5946
2025-07-31T01:00,20.0,94,21.2,0.0,0.0,3,100,14.1,256,12.9716,77.5946
2025-07-31T02:00,19.8,94,21.1,0.0,0.0,3,100,13.6,255,12.9716,77.5946
2025-07-31T03:00,19.7,94,20.9,0.0,0.0,3,100,14.1,249,12.9716,77.5946
2025-07-31T04:00,19.4,95,20.5,0.0,0.0,3,100,14.1,251,12.9716,77.5946
2025-07-31T05:00,19.4,95,20.5,0.0,0.0,3,100,14.2,257,12.9716,77.5946
2025-07-31T06:00,20.3,95,22.2,0.0,0.0,3,100,11.5,245,12.9716,77.5946
2025-07-31T07:00,21.4,90,22.6,0.0,0.0,3,100,17.5,251,12.9716,77.5946
2025-07-31T08:00,22.9,81,23.6,0.1,0.1,51,100,19.9,260,12.9716,77.5946
2025-07-31T09:00,24.3,73,25.0,0.2,0.2,51,100,18.4,266,12.9716,77.5946
2025-07-31T10:00,25.7,68,27.6,0.3,0.3,51,100,16.0,268,12.9716,77.5946
2025-07-31T11:00,25.9,67,27.1,0.1,0.1,51,100,16.7,272,12.9716,77.5946
2025-07-31T12:00,27.0,64,29.6,0.0,0.0,3,100,16.6,279,12.9716,77.5946
2025-07-31T13:00,26.5,64,27.4,0.0,0.0,3,100,16.7,284,12.9716,77.5946
2025-07-31T14:00,27.1,60,28.0,0.0,0.0,3,100,15.8,294,12.9716,77.5946
2025-07-31T15:00,25.9,67,27.7,0.2,0.2,51,100,11.9,273,12.9716,77.5946
2025-07-31T16:00,26.5,62,27.4,0.1,0.1,51,100,15.3,287,12.9716,77.5946
2025-07-31T17:00,25.2,70,26.8,0.0,0.0,3,99,13.2,281,12.9716,77.5946
2025-07-31T18:00,22.9,84,25.8,0.1,0.1,51,95,6.9,287,12.9716,77.5946
2025-07-31T19:00,22.5,87,24.9,0.0,0.0,3,99,10.1,273,12.9716,77.5946
2025-07-31T20:00,22.1,88,24.4,0.0,0.0,3,100,9.7,259,12.9716,77.5946
2025-07-31T21:00,21.8,89,24.3,0.0,0.0,3,91,9.2,258,12.9716,77.5946
2025-07-31T22:00,21.6,90,24.0,0.0,0.0,3,100,9.6,266,12.9716,77.5946
2025-07-31T23:00,21.2,92,23.5,0.0,0.0,3,100,9.7,260,12.9716,77.5946
2025-08-01T00:00,20.6,95,22.8,0.0,0.0,3,100,10.1,268,12.9716,77.5946
2025-08-01T01:00,20.1,97,22.1,0.0,0.0,3,100,10.4,269,12.9716,77.5946
2025-08-01T02:00,19.7,98,21.7,0.0,0.0,3,100,10.6,267,12.9716,77.5946
2025-08-01T03:00,19.5,98,21.3,0.0,0.0,3,100,11.2,264,12.9716,77.5946
2025-08-01T04:00,19.5,97,21.3,0.0,0.0,3,100,11.0,259,12.9716,77.5946
2025-08-01T05:00,19.4,98,21.1,0.0,0.0,3,100,10.9,253,12.9716,77.5946
2025-08-01T06:00,20.1,96,22.4,0.0,0.0,3,100,9.0,248,12.9716,77.5946
2025-08-01T07:00,21.1,90,22.6,0.0,0.0,3,100,13.2,263,12.9716,77.5946
2025-08-01T08:00,22.6,81,23.7,0.0,0.0,3,100,15.5,273,12.9716,77.5946
2025-08-01T09:00,23.8,74,24.8,0.1,0.1,51,100,15.3,279,12.9716,77.5946
2025-08-01T10:00,24.6,70,25.9,0.1,0.1,51,100,13.9,280,12.9716,77.5946
2025-08-01T11:00,25.7,67,27.0,0.1,0.1,51,100,13.5,280,12.9716,77.5946
2025-08-01T12:00,26.4,63,28.3,0.1,0.1,51,100,12.4,278,12.9716,77.5946
2025-08-01T13:00,27.7,58,30.7,0.2,0.2,51,100,12.4,279,12.9716,77.5946
2025-08-01T14:00,28.2,57,30.9,0.2,0.2,51,100,11.8,276,12.9716,77.5946
2025-08-01T15:00,27.0,62,28.9,0.3,0.3,51,100,14.2,279,12.9716,77.5946
2025-08-01T16:00,26.2,66,28.0,0.2,0.2,51,100,11.7,295,12.9716,77.5946
2025-08-01T17:00,25.4,72,27.7,0.1,0.1,51,100,10.5,275,12.9716,77.5946
2025-08-01T18:00,25.2,70,27.5,0.0,0.0,3,100,8.6,296,12.9716,77.5946
2025-08-01T19:00,24.3,74,26.2,0.0,0.0,3,100,10.7,293,12.9716,77.5946
2025-08-01T20:00,23.4,78,25.5,0.0,0.0,3,100,9.3,288,12.9716,77.5946
2025-08-01T21:00,22.7,83,25.2,0.0,0.0,3,100,7.2,269,12.9716,77.5946
2025-08-01T22:00,21.9,87,24.4,0.0,0.0,3,100,7.6,252,12.9716,77.5946
2025-08-01T23:00,21.3,90,23.7,0.0,0.0,3,100,8.1,267,12.9716,77.5946
2025-08-02T00:00,21.0,92,23.4,0.0,0.0,3,100,8.0,286,12.9716,77.5946
2025-08-02T01:00,20.7,93,23.3,0.0,0.0,3,100,7.6,295,12.9716,77.5946
2025-08-02T02:00,20.3,96,22.8,0.0,0.0,3,100,8.1,294,12.9716,77.5946
2025-08-02T03:00,20.0,97,22.4,0.0,0.0,3,100,7.9,287,12.9716,77.5946
2025-08-02T04:00,19.8,98,22.2,0.0,0.0,3,100,7.7,281,12.9716,77.5946
2025-08-02T05:00,19.5,98,21.8,0.0,0.0,3,100,8.3,270,12.9716,77.5946
2025-08-02T06:00,19.9,98,22.3,0.0,0.0,3,100,7.7,291,12.9716,77.5946
2025-08-02T07:00,20.7,93,22.5,0.0,0.0,3,100,11.9,308,12.9716,77.5946
2025-08-02T08:00,22.0,84,23.7,0.0,0.0,3,100,11.7,322,12.9716,77.5946
2025-08-02T09:00,24.2,72,26.0,0.0,0.0,3,100,9.8,319,12.9716,77.5946
2025-08-02T10:00,25.8,65,27.9,0.0,0.0,3,100,8.8,309,12.9716,77.5946
2025-08-02T11:00,26.6,60,29.0,0.0,0.0,3,100,6.7,304,12.9716,77.5946
2025-08-02T12:00,28.0,54,31.8,0.1,0.1,51,100,7.1,308,12.9716,77.5946
2025-08-02T13:00,28.5,52,31.8,0.3,0.3,51,100,6.4,315,12.9716,77.5946
2025-08-02T14:00,28.0,54,30.6,0.3,0.3,51,100,7.5,305,12.9716,77.5946
2025-08-02T15:00,27.8,58,30.2,0.2,0.2,51,97,5.3,305,12.9716,77.5946
2025-08-02T16:00,28.2,58,30.8,0.0,0.0,3,83,5.6,295,12.9716,77.5946
2025-08-02T17:00,25.9,68,28.3,0.3,0.3,51,63,7.9,269,12.9716,77.5946
2025-08-02T18:00,25.8,66,28.0,0.0,0.0,3,86,8.0,276,12.9716,77.5946
2025-08-02T19:00,24.0,76,25.8,0.0,0.0,3,100,11.9,260,12.9716,77.5946
2025-08-02T20:00,22.8,82,25.0,0.0,0.0,3,96,10.3,269,12.9716,77.5946
2025-08-02T21:00,22.2,86,24.2,0.0,0.0,2,74,11.4,254,12.9716,77.5946
2025-08-02T22:00,21.3,89,23.2,0.0,0.0,3,96,11.9,264,12.9716,77.5946
2025-08-02T23:00,20.6,92,22.7,0.0,0.0,3,99,9.2,270,12.9716,77.5946
2025-08-03T00:00,20.0,95,21.7,0.0,0.0,3,100,11.7,280,12.9716,77.5946
2025-08-03T01:00,19.9,96,22.0,0.0,0.0,3,100,9.4,281,12.9716,77.5946
2025-08-03T02:00,19.7,97,22.1,0.0,0.0,3,100,7.4,284,12.9716,77.5946
2025-08-03T03:00,19.5,97,21.7,0.0,0.0,3,100,8.3,281,12.9716,77.5946
2025-08-03T04:00,19.5,97,21.7,0.0,0.0,3,100,8.3,271,12.9716,77.5946
2025-08-03T05:00,19.8,96,21.9,0.0,0.0,3,100,8.6,281,12.9716,77.5946
2025-08-03T06:00,20.2,98,22.8,0.0,0.0,3,100,8.0,261,12.9716,77.5946
2025-08-03T07:00,21.2,91,23.3,0.0,0.0,3,100,11.2,298,12.9716,77.5946
2025-08-03T08:00,23.0,80,24.9,0.0,0.0,3,100,11.4,322,12.9716,77.5946
2025-08-03T09:00,24.2,74,26.3,0.0,0.0,3,100,9.1,328,12.9716,77.5946
2025-08-03T10:00,25.2,69,27.7,0.1,0.1,51,99,6.4,324,12.9716,77.5946
2025-08-03T11:00,26.8,64,30.9,0.1,0.1,51,100,4.1,331,12.9716,77.5946
2025-08-03T12:00,27.6,62,32.1,0.1,0.1,51,64,2.7,312,12.9716,77.5946
2025-08-03T13:00,28.5,58,33.9,0.3,0.3,51,100,1.9,319,12.9716,77.5946
2025-08-03T14:00,28.6,57,33.0,0.1,0.1,51,100,0.4,180,12.9716,77.5946
2025-08-03T15:00,27.5,59,29.9,0.0,0.0,3,100,5.8,353,12.9716,77.5946
2025-08-03T16:00,23.8,77,26.6,0.7,0.7,53,100,5.3,305,12.9716,77.5946
2025-08-03T17:00,23.3,82,26.7,2.3,2.3,61,100,2.9,191,12.9716,77.5946
2025-08-03T18:00,22.8,82,26.0,1.4,1.4,61,100,3.7,133,12.9716,77.5946
2025-08-03T19:00,22.0,91,24.4,0.1,0.1,51,100,11.3,252,12.9716,77.5946
2025-08-03T20:00,21.2,92,23.9,0.3,0.3,51,100,7.9,231,12.9716,77.5946
2025-08-03T21:00,20.9,95,23.7,0.0,0.0,3,100,7.1,234,12.9716,77.5946
2025-08-03T22:00,20.8,96,23.3,0.0,0.0,3,100,9.2,237,12.9716,77.5946
2025-08-03T23:00,20.3,97,22.9,0.0,0.0,3,100,7.9,246,12.9716,77.5946
2025-08-04T00:00,20.1,96,22.8,0.4,0.4,51,100,6.0,273,12.9716,77.5946
2025-08-04T01:00,19.9,95,22.5,0.0,0.0,3,100,5.6,274,12.9716,77.5946
2025-08-04T02:00,19.6,97,21.8,0.0,0.0,3,100,8.4,255,12.9716,77.5946
2025-08-04T03:00,19.8,98,22.1,0.0,0.0,3,100,8.0,265,12.9716,77.5946
2025-08-04T04:00,19.8,98,22.2,0.0,0.0,3,100,8.4,281,12.9716,77.5946
2025-08-04T05:00,19.8,98,22.3,0.0,0.0,3,100,6.5,312,12.9716,77.5946
2025-08-04T06:00,20.3,96,22.9,0.1,0.1,51,100,7.3,308,12.9716,77.5946
2025-08-04T07:00,20.9,93,23.2,0.0,0.0,3,100,9.1,285,12.9716,77.5946
2025-08-04T08:00,22.9,84,25.0,0.0,0.0,3,100,11.5,292,12.9716,77.5946
2025-08-04T09:00,24.2,76,26.2,0.0,0.0,3,100,11.2,300,12.9716,77.5946
2025-08-04T10:00,25.7,69,28.2,0.0,0.0,3,100,8.6,306,12.9716,77.5946
2025-08-04T11:00,26.8,66,30.6,0.0,0.0,3,100,7.5,307,12.9716,77.5946
2025-08-04T12:00,27.8,63,32.5,0.0,0.0,3,100,6.2,300,12.9716,77.5946
2025-08-04T13:00,28.7,60,33.7,0.0,0.0,3,100,6.1,315,12.9716,77.5946
2025-08-04T14:00,28.2,60,32.0,0.1,0.1,51,100,5.4,307,12.9716,77.5946
2025-08-04T15:00,28.8,56,31.8,0.0,0.0,3,100,3.6,333,12.9716,77.5946
2025-08-04T16:00,26.9,63,29.3,0.2,0.2,51,100,7.7,12,12.9716,77.5946
2025-08-04T17:00,25.3,73,28.9,0.0,0.0,3,100,1.4,320,12.9716,77.5946
2025-08-04T18:00,23.9,78,26.9,0.5,0.5,53,100,5.2,333,12.9716,77.5946
2025-08-04T19:00,23.0,85,26.4,0.4,0.4,51,100,3.5,325,12.9716,77.5946
2025-08-04T20:00,22.5,90,26.4,0.5,0.5,53,100,2.0,297,12.9716,77.5946
2025-08-04T21:00,22.4,92,26.2,0.2,0.2,51,100,4.0,234,12.9716,77.5946
2025-08-04T22:00,22.0,94,25.2,0.1,0.1,51,100,7.1,240,12.9716,77.5946
2025-08-04T23:00,20.8,98,23.7,0.1,0.1,51,100,8.0,230,12.9716,77.5946
2025-08-05T00:00,20.6,98,24.3,1.8,1.8,61,100,2.4,9,12.9716,77.5946
2025-08-05T01:00,20.5,97,23.8,0.3,0.3,51,100,4.1,326,12.9716,77.5946
2025-08-05T02:00,20.4,99,23.7,0.1,0.1,51,100,4.6,334,12.9716,77.5946
2025-08-05T03:00,20.2,96,23.0,2.2,2.2,61,100,5.9,31,12.9716,77.5946
2025-08-05T04:00,20.4,98,23.7,1.0,1.0,55,100,3.3,54,12.9716,77.5946
2025-08-05T05:00,20.1,99,23.2,0.3,0.3,51,100,5.2,338,12.9716,77.5946
2025-08-05T06:00,20.8,99,24.1,0.0,0.0,3,100,5.7,257,12.9716,77.5946
2025-08-05T07:00,21.6,93,24.4,0.0,0.0,3,100,8.6,286,12.9716,77.5946
2025-08-05T08:00,22.6,91,26.3,0.1,0.1,51,100,4.7,293,12.9716,77.5946
2025-08-05T09:00,23.7,86,27.7,0.0,0.0,3,100,3.4,288,12.9716,77.5946
2025-08-05T10:00,25.4,79,30.6,0.1,0.1,51,94,1.4,270,12.9716,77.5946
2025-08-05T11:00,26.4,74,32.1,0.2,0.2,51,95,2.0,95,12.9716,77.5946
2025-08-05T12:00,27.2,69,33.2,0.3,0.3,51,100,3.1,103,12.9716,77.5946
2025-08-05T13:00,26.8,70,30.6,0.3,0.3,51,99,3.0,115,12.9716,77.5946
2025-08-05T14:00,25.1,72,27.6,4.7,4.7,63,100,8.4,160,12.9716,77.5946
2025-08-05T15:00,25.6,75,29.3,0.4,0.4,51,84,3.4,155,12.9716,77.5946
2025-08-05T16:00,25.6,75,29.4,0.1,0.1,51,100,3.2,289,12.9716,77.5946
2025-08-05T17:00,24.3,80,28.0,0.1,0.1,51,100,3.6,229,12.9716,77.5946
2025-08-05T18:00,22.6,87,24.9,2.8,2.8,63,100,11.1,226,12.9716,77.5946
2025-08-05T19:00,21.3,93,24.0,0.2,0.2,51,86,8.7,201,12.9716,77.5946
2025-08-05T20:00,20.9,96,23.9,0.1,0.1,51,100,6.3,215,12.9716,77.5946
2025-08-05T21:00,21.0,96,23.9,0.0,0.0,3,100,7.8,233,12.9716,77.5946
2025-08-05T22:00,21.2,94,23.9,0.1,0.1,51,91,8.7,238,12.9716,77.5946
2025-08-05T23:00,20.9,96,23.5,0.1,0.1,51,90,9.8,239,12.9716,77.5946
2025-08-06T00:00,20.8,98,23.2,0.0,0.0,3,99,11.4,239,12.9716,77.5946
2025-08-06T01:00,20.6,98,22.8,0.0,0.0,3,92,12.5,235,12.9716,77.5946
2025-08-06T02:00,20.3,98,22.1,0.0,0.0,3,99,13.4,241,12.9716,77.5946
2025-08-06T03:00,20.0,98,22.0,0.0,0.0,3,82,11.4,246,12.9716,77.5946
2025-08-06T04:00,19.9,98,22.0,0.0,0.0,2,79,10.6,251,12.9716,77.5946
2025-08-06T05:00,19.7,98,21.7,0.0,0.0,2,68,10.1,251,12.9716,77.5946
2025-08-06T06:00,20.1,97,22.1,0.0,0.0,3,88,10.9,264,12.9716,77.5946
2025-08-06T07:00,20.9,91,22.4,0.0,0.0,3,100,13.6,276,12.9716,77.5946
2025-08-06T08:00,22.1,86,24.0,0.1,0.1,51,100,11.5,278,12.9716,77.5946
2025-08-06T09:00,23.3,80,25.3,0.2,0.2,51,95,11.2,288,12.9716,77.5946
2025-08-06T10:00,24.9,74,27.7,0.1,0.1,51,74,10.0,288,12.9716,77.5946
2025-08-06T11:00,26.0,69,29.8,0.1,0.1,51,95,9.8,288,12.9716,77.5946
2025-08-06T12:00,26.9,65,31.4,0.1,0.1,51,74,8.8,281,12.9716,77.5946
2025-08-06T13:00,27.2,65,31.7,0.1,0.1,51,70,8.2,278,12.9716,77.5946
2025-08-06T14:00,27.9,64,32.5,0.1,0.1,51,94,7.5,285,12.9716,77.5946
2025-08-06T15:00,27.5,63,30.5,0.0,0.0,2,78,8.6,281,12.9716,77.5946
2025-08-06T16:00,25.8,72,28.8,0.6,0.6,53,56,6.9,221,12.9716,77.5946
2025-08-06T17:00,25.8,72,28.9,0.0,0.0,1,27,6.6,253,12.9716,77.5946
2025-08-06T18:00,24.6,80,28.0,0.0,0.0,2,66,6.5,267,12.9716,77.5946
2025-08-06T19:00,23.5,84,26.8,0.0,0.0,2,67,6.2,277,12.9716,77.5946
2025-08-06T20:00,23.1,85,26.2,0.0,0.0,3,95,5.9,268,12.9716,77.5946
2025-08-06T21:00,22.6,87,25.5,0.0,0.0,2,51,7.7,281,12.9716,77.5946
2025-08-06T22:00,22.3,90,25.2,0.0,0.0,0,3,7.8,265,12.9716,77.5946
2025-08-06T23:00,21.7,92,24.6,0.0,0.0,0,14,8.3,248,12.9716,77.5946
2025-08-07T00:00,21.2,94,23.8,0.0,0.0,2,55,8.5,257,12.9716,77.5946
2025-08-07T01:00,20.6,95,23.1,0.0,0.0,3,99,9.0,258,12.9716,77.5946
2025-08-07T02:00,20.3,96,22.9,0.0,0.0,3,100,7.0,247,12.9716,77.5946
2025-08-07T03:00,20.0,97,22.4,0.0,0.0,3,100,8.2,241,12.9716,77.5946
2025-08-07T04:00,19.9,98,22.4,0.0,0.0,3,100,7.6,245,12.9716,77.5946
2025-08-07T05:00,19.9,98,22.5,0.0,0.0,3,100,6.8,273,12.9716,77.5946
2025-08-07T06:00,20.5,99,23.7,0.6,0.6,53,100,5.8,292,12.9716,77.5946
2025-08-07T07:00,21.0,96,23.8,0.3,0.3,51,100,8.2,284,12.9716,77.5946
2025-08-07T08:00,21.6,92,24.0,0.3,0.3,51,100,10.5,264,12.9716,77.5946
2025-08-07T09:00,22.3,88,24.7,0.1,0.1,51,100,10.4,259,12.9716,77.5946
2025-08-07T10:00,23.9,79,26.4,0.0,0.0,3,100,8.9,263,12.9716,77.5946
2025-08-07T11:00,25.6,72,29.0,0.1,0.1,51,100,9.4,270,12.9716,77.5946
2025-08-07T12:00,26.7,67,31.4,0.3,0.3,51,100,8.8,265,12.9716,77.5946
2025-08-07T13:00,27.4,65,31.7,0.2,0.2,51,90,8.0,264,12.9716,77.5946
2025-08-07T14:00,27.9,66,32.7,0.0,0.0,1,21,7.3,259,12.9716,77.5946
2025-08-07T15:00,28.0,64,32.0,0.0,0.0,1,24,6.7,251,12.9716,77.5946
2025-08-07T16:00,27.8,62,30.6,0.0,0.0,1,35,7.3,245,12.9716,77.5946
2025-08-07T17:00,27.3,65,30.2,0.0,0.0,1,46,6.8,235,12.9716,77.5946
2025-08-07T18:00,25.9,74,29.7,0.0,0.0,1,21,3.1,273,12.9716,77.5946
2025-08-07T19:00,24.8,76,27.9,0.0,0.0,1,38,5.6,249,12.9716,77.5946
2025-08-07T20:00,23.7,81,26.9,0.0,0.0,3,97,4.2,192,12.9716,77.5946
2025-08-07T21:00,23.4,81,26.2,0.1,0.1,51,91,6.8,259,12.9716,77.5946
2025-08-07T22:00,22.4,85,24.9,0.0,0.0,3,100,8.5,297,12.9716,77.5946
2025-08-07T23:00,21.6,90,24.8,0.1,0.1,51,100,3.6,319,12.9716,77.5946
2025-08-08T00:00,21.5,91,24.2,0.1,0.1,51,100,7.6,324,12.9716,77.5946
2025-08-08T01:00,21.2,93,24.3,0.0,0.0,3,100,5.4,284,12.9716,77.5946
2025-08-08T02:00,21.0,95,24.3,0.0,0.0,3,100,3.9,242,12.9716,77.5946
2025-08-08T03:00,20.7,97,23.8,0.0,0.0,3,100,5.5,253,12.9716,77.5946
2025-08-08T04:00,20.5,98,23.5,0.0,0.0,3,100,5.6,248,12.9716,77.5946
2025-08-08T05:00,20.5,97,23.5,0.0,0.0,3,100,6.0,267,12.9716,77.5946
2025-08-08T06:00,20.6,95,23.1,0.5,0.5,53,100,8.8,343,12.9716,77.5946
2025-08-08T07:00,20.3,95,23.1,1.7,1.7,61,100,5.2,6,12.9716,77.5946
2025-08-08T08:00,21.0,92,24.0,0.1,0.1,51,100,4.9,272,12.9716,77.5946
2025-08-08T09:00,22.2,87,25.0,0.0,0.0,3,100,7.4,292,12.9716,77.5946
2025-08-08T10:00,23.7,80,26.4,0.0,0.0,3,100,8.2,299,12.9716,77.5946
2025-08-08T11:00,24.9,75,27.5,0.1,0.1,51,100,8.5,298,12.9716,77.5946
2025-08-08T12:00,25.8,71,28.8,0.1,0.1,51,100,6.6,287,12.9716,77.5946
2025-08-08T13:00,27.0,68,32.5,0.1,0.1,51,100,5.7,294,12.9716,77.5946
2025-08-08T14:00,27.3,66,31.6,0.1,0.1,51,100,6.7,289,12.9716,77.5946
2025-08-08T15:00,27.1,65,31.0,0.0,0.0,3,100,0.0,270,12.9716,77.5946
2025-08-08T16:00,24.7,75,27.8,0.2,0.2,51,100,4.8,338,12.9716,77.5946
2025-08-08T17:00,24.2,78,27.6,0.2,0.2,51,100,3.5,294,12.9716,77.5946
2025-08-08T18:00,23.0,90,26.4,0.2,0.2,51,100,7.0,10,12.9716,77.5946
2025-08-08T19:00,21.0,94,24.5,1.6,1.6,61,100,2.3,176,12.9716,77.5946
2025-08-08T20:00,21.1,95,24.7,0.4,0.4,51,100,2.6,231,12.9716,77.5946
2025-08-08T21:00,21.1,97,25.1,0.5,0.5,53,100,0.5,135,12.9716,77.5946
2025-08-08T22:00,20.9,98,24.7,0.2,0.2,51,100,2.3,331,12.9716,77.5946
2025-08-08T23:00,20.8,97,24.0,0.2,0.2,51,100,5.0,311,12.9716,77.5946
2025-08-09T00:00,20.5,95,23.7,0.2,0.2,51,100,2.9,263,12.9716,77.5946
2025-08-09T01:00,20.4,95,23.0,0.1,0.1,51,100,6.7,314,12.9716,77.5946
2025-08-09T02:00,20.2,96,23.3,0.2,0.2,51,100,3.9,307,12.9716,77.5946
2025-08-09T03:00,20.0,98,23.2,0.1,0.1,51,100,2.4,306,12.9716,77.5946
2025-08-09T04:00,20.1,97,23.2,0.1,0.1,51,100,3.6,297,12.9716,77.5946
2025-08-09T05:00,20.0,98,22.9,0.1,0.1,51,100,5.4,262,12.9716,77.5946
2025-08-09T06:00,20.5,98,23.8,0.1,0.1,51,100,4.4,251,12.9716,77.5946
2025-08-09T07:00,20.8,97,23.6,0.0,0.0,3,100,7.9,269,12.9716,77.5946
2025-08-09T08:00,22.0,89,24.4,0.0,0.0,3,100,10.2,284,12.9716,77.5946
2025-08-09T09:00,23.9,80,26.5,0.0,0.0,3,100,9.0,285,12.9716,77.5946
2025-08-09T10:00,24.5,75,27.1,0.1,0.1,51,100,8.0,279,12.9716,77.5946
2025-08-09T11:00,24.9,73,27.6,0.0,0.0,3,100,7.2,270,12.9716,77.5946
2025-08-09T12:00,25.5,71,28.0,0.0,0.0,3,100,7.7,261,12.9716,77.5946
2025-08-09T13:00,26.4,68,29.9,0.1,0.1,51,100,6.8,267,12.9716,77.5946
2025-08-09T14:00,26.5,66,29.0,0.0,0.0,3,100,8.0,222,12.9716,77.5946
2025-08-09T15:00,26.3,69,29.8,0.1,0.1,51,100,6.3,290,12.9716,77.5946
2025-08-09T16:00,23.1,81,25.8,2.9,2.9,63,100,6.7,308,12.9716,77.5946
2025-08-09T17:00,22.4,85,24.8,0.8,0.8,53,100,9.2,259,12.9716,77.5946
2025-08-09T18:00,22.7,87,26.0,0.4,0.4,51,100,5.1,276,12.9716,77.5946
2025-08-09T19:00,21.9,92,24.8,0.2,0.2,51,100,7.8,266,12.9716,77.5946
2025-08-09T20:00,21.3,93,24.4,0.2,0.2,51,100,5.4,276,12.9716,77.5946
2025-08-09T21:00,21.2,93,24.1,0.3,0.3,51,100,5.8,279,12.9716,77.5946
2025-08-09T22:00,21.1,94,24.0,0.7,0.7,53,100,6.7,267,12.9716,77.5946
2025-08-09T23:00,20.8,96,23.5,0.8,0.8,53,100,7.9,281,12.9716,77.5946
2025-08-10T00:00,20.6,97,23.5,0.8,0.8,53,100,6.7,297,12.9716,77.5946
2025-08-10T01:00,20.5,97,23.3,1.1,1.1,55,100,6.8,287,12.9716,77.5946
2025-08-10T02:00,20.4,98,23.2,0.8,0.8,53,100,7.2,276,12.9716,77.5946
2025-08-10T03:00,20.3,98,23.0,0.8,0.8,53,100,8.0,261,12.9716,77.5946
2025-08-10T04:00,20.2,99,22.7,0.8,0.8,53,100,9.0,265,12.9716,77.5946
2025-08-10T05:00,20.2,99,22.9,0.6,0.6,53,100,7.7,270,12.9716,77.5946
2025-08-10T06:00,20.2,99,23.1,0.1,0.1,51,100,6.5,270,12.9716,77.5946
2025-08-10T07:00,20.7,96,23.2,0.2,0.2,51,100,9.2,273,12.9716,77.5946
2025-08-10T08:00,21.7,91,24.2,0.3,0.3,51,100,9.2,274,12.9716,77.5946
2025-08-10T09:00,22.9,82,25.1,0.1,0.1,51,100,9.7,281,12.9716,77.5946
2025-08-10T10:00,24.5,72,27.3,0.1,0.1,51,100,9.4,278,12.9716,77.5946
2025-08-10T11:00,25.4,70,29.2,0.1,0.1,51,100,9.2,270,12.9716,77.5946
2025-08-10T12:00,25.9,68,29.7,0.0,0.0,3,100,8.1,257,12.9716,77.5946
2025-08-10T13:00,26.3,65,29.1,0.0,0.0,3,100,8.8,255,12.9716,77.5946
2025-08-10T14:00,26.5,60,28.0,0.0,0.0,3,100,9.0,267,12.9716,77.5946
2025-08-10T15:00,25.0,69,26.4,0.5,0.5,53,100,12.8,287,12.9716,77.5946
2025-08-10T16:00,22.8,81,25.1,1.2,1.2,55,100,8.1,267,12.9716,77.5946
2025-08-10T17:00,22.8,82,25.6,0.0,0.0,3,100,5.2,266,12.9716,77.5946
2025-08-10T18:00,21.1,91,22.8,0.9,0.9,53,100,13.2,287,12.9716,77.5946
2025-08-10T19:00,20.3,94,22.5,2.6,2.6,63,100,9.0,282,12.9716,77.5946
2025-08-10T20:00,20.0,95,22.4,1.2,1.2,55,100,6.7,275,12.9716,77.5946
2025-08-10T21:00,20.1,94,22.1,0.5,0.5,53,100,9.4,273,12.9716,77.5946
2025-08-10T22:00,20.1,95,22.0,0.2,0.2,51,100,10.3,271,12.9716,77.5946
2025-08-10T23:00,19.9,97,22.2,0.0,0.0,3,100,8.5,270,12.9716,77.5946
2025-08-11T00:00,20.0,97,22.2,0.1,0.1,51,100,9.2,254,12.9716,77.5946
2025-08-11T01:00,19.8,97,21.6,0.5,0.5,53,100,11.1,248,12.9716,77.5946
2025-08-11T02:00,19.6,98,21.5,0.5,0.5,53,100,10.4,242,12.9716,77.5946
2025-08-11T03:00,19.4,98,21.5,0.0,0.0,3,100,9.0,248,12.9716,77.5946
2025-08-11T04:00,19.2,99,21.2,0.5,0.5,53,100,9.5,245,12.9716,77.5946
2025-08-11T05:00,19.2,99,21.2,0.1,0.1,51,100,9.6,242,12.9716,77.5946
2025-08-11T06:00,19.9,98,22.1,0.2,0.2,51,100,9.2,272,12.9716,77.5946
2025-08-11T07:00,20.4,95,22.2,0.3,0.3,51,100,12.4,270,12.9716,77.5946
2025-08-11T08:00,21.6,88,23.5,0.3,0.3,51,100,11.2,271,12.9716,77.5946
2025-08-11T09:00,22.5,86,24.6,0.4,0.4,51,100,11.9,273,12.9716,77.5946
2025-08-11T10:00,23.8,78,25.6,0.0,0.0,3,100,12.2,269,12.9716,77.5946
2025-08-11T11:00,25.1,69,26.4,0.0,0.0,3,100,14.0,277,12.9716,77.5946
2025-08-11T12:00,21.7,83,23.0,1.9,1.9,61,100,13.1,304,12.9716,77.5946
2025-08-11T13:00,22.6,83,25.6,0.6,0.6,53,100,4.3,336,12.9716,77.5946
2025-08-11T14:00,24.1,77,26.5,0.2,0.2,51,99,9.2,301,12.9716,77.5946
2025-08-11T15:00,24.6,69,25.7,0.0,0.0,3,98,13.9,269,12.9716,77.5946
2025-08-11T16:00,24.7,67,25.5,0.0,0.0,2,73,15.1,269,12.9716,77.5946
2025-08-11T17:00,24.3,70,25.2,0.0,0.0,3,88,14.8,264,12.9716,77.5946
2025-08-11T18:00,22.9,86,25.8,0.5,0.5,53,99,8.1,249,12.9716,77.5946
2025-08-11T19:00,22.0,87,24.3,0.0,0.0,3,100,9.0,305,12.9716,77.5946
2025-08-11T20:00,21.5,88,23.8,0.3,0.3,51,100,8.8,287,12.9716,77.5946
2025-08-11T21:00,21.1,90,23.0,0.3,0.3,51,100,11.4,276,12.9716,77.5946
2025-08-11T22:00,21.0,91,22.9,0.0,0.0,3,100,11.3,278,12.9716,77.5946
2025-08-11T23:00,20.6,94,22.6,0.8,0.8,53,100,11.4,265,12.9716,77.5946
2025-08-12T00:00,20.3,95,22.2,0.1,0.1,51,100,11.4,265,12.9716,77.5946
2025-08-12T01:00,20.0,95,21.7,0.0,0.0,3,100,12.1,268,12.9716,77.5946
2025-08-12T02:00,19.7,96,21.2,0.0,0.0,3,99,12.6,272,12.9716,77.5946
2025-08-12T03:00,19.3,97,20.9,0.0,0.0,3,100,11.3,263,12.9716,77.5946
2025-08-12T04:00,19.2,97,20.7,0.0,0.0,3,100,11.5,262,12.9716,77.5946
2025-08-12T05:00,19.2,97,20.7,0.0,0.0,3,100,11.2,264,12.9716,77.5946
2025-08-12T06:00,19.5,96,21.3,0.0,0.0,3,100,10.8,270,12.9716,77.5946
2025-08-12T07:00,20.3,92,22.0,0.0,0.0,3,100,11.8,282,12.9716,77.5946
2025-08-12T08:00,21.6,84,22.2,0.1,0.1,51,100,17.7,285,12.9716,77.5946
2025-08-12T09:00,22.9,76,23.3,0.1,0.1,51,100,18.4,292,12.9716,77.5946
2025-08-12T10:00,23.8,73,24.6,0.0,0.0,3,100,15.9,286,12.9716,77.5946
2025-08-12T11:00,24.5,69,25.2,0.0,0.0,3,100,16.5,292,12.9716,77.5946
2025-08-12T12:00,25.5,69,27.9,0.0,0.0,3,100,15.2,301,12.9716,77.5946
2025-08-12T13:00,25.5,68,26.8,0.0,0.0,3,100,14.9,297,12.9716,77.5946
2025-08-12T14:00,25.2,70,26.7,0.5,0.5,53,100,13.6,281,12.9716,77.5946
2025-08-12T15:00,24.7,70,25.9,0.1,0.1,51,100,14.5,284,12.9716,77.5946
2025-08-12T16:00,23.2,79,24.8,2.4,2.4,61,100,12.9,262,12.9716,77.5946
2025-08-12T17:00,23.1,81,25.2,0.0,0.0,3,100,11.0,268,12.9716,77.5946
2025-08-12T18:00,22.5,76,23.5,0.1,0.1,51,100,12.8,256,12.9716,77.5946
2025-08-12T19:00,20.2,91,21.7,0.4,0.4,51,100,11.7,285,12.9716,77.5946
2025-08-12T20:00,19.9,94,21.6,0.8,0.8,53,100,11.4,258,12.9716,77.5946
2025-08-12T21:00,20.1,93,21.7,0.4,0.4,51,100,11.5,267,12.9716,77.5946
2025-08-12T22:00,19.6,96,21.1,0.8,0.8,53,100,12.8,272,12.9716,77.5946
2025-08-12T23:00,19.5,96,21.0,0.1,0.1,51,100,12.1,271,12.9716,77.5946
2025-08-13T00:00,19.4,97,21.1,0.3,0.3,51,100,11.5,268,12.9716,77.5946
2025-08-13T01:00,19.4,98,20.8,0.3,0.3,51,100,13.9,259,12.9716,77.5946
2025-08-13T02:00,19.5,98,20.8,0.3,0.3,51,100,14.5,258,12.9716,77.5946
2025-08-13T03:00,19.3,99,20.4,0.7,0.7,53,100,15.6,259,12.9716,77.5946
2025-08-13T04:00,19.2,98,20.4,0.9,0.9,53,100,14.6,267,12.9716,77.5946
2025-08-13T05:00,19.2,97,20.3,0.4,0.4,51,100,14.6,266,12.9716,77.5946
2025-08-13T06:00,19.7,98,21.3,1.8,1.8,61,100,12.4,270,12.9716,77.5946
2025-08-13T07:00,19.7,98,21.4,2.5,2.5,63,100,12.6,270,12.9716,77.5946
2025-08-13T08:00,19.9,98,21.6,1.5,1.5,61,100,13.0,270,12.9716,77.5946
2025-08-13T09:00,20.2,97,21.6,1.8,1.8,61,100,14.9,272,12.9716,77.5946
2025-08-13T10:00,20.4,97,21.9,1.9,1.9,61,100,15.7,268,12.9716,77.5946
2025-08-13T11:00,21.3,89,22.6,0.7,0.7,53,100,15.9,264,12.9716,77.5946
2025-08-13T12:00,21.6,90,23.4,0.2,0.2,51,100,13.9,260,12.9716,77.5946
2025-08-13T13:00,22.3,85,23.6,0.2,0.2,51,100,16.6,266,12.9716,77.5946
2025-08-13T14:00,23.2,84,24.8,0.5,0.5,53,100,16.8,253,12.9716,77.5946
2025-08-13T15:00,22.7,82,23.8,0.2,0.2,51,100,16.5,256,12.9716,77.5946
2025-08-13T16:00,21.9,85,22.9,0.2,0.2,51,100,16.5,250,12.9716,77.5946
2025-08-13T17:00,21.3,91,22.9,0.3,0.3,51,100,14.7,264,12.9716,77.5946
2025-08-13T18:00,20.9,93,22.5,0.2,0.2,51,100,15.2,265,12.9716,77.5946
2025-08-13T19:00,20.4,95,22.1,0.1,0.1,51,100,13.4,266,12.9716,77.5946
2025-08-13T20:00,20.3,96,22.0,0.0,0.0,3,100,13.2,259,12.9716,77.5946
2025-08-13T21:00,20.2,96,21.8,0.0,0.0,3,100,13.8,258,12.9716,77.5946
2025-08-13T22:00,19.9,95,21.3,0.0,0.0,3,100,14.2,255,12.9716,77.5946
2025-08-13T23:00,19.6,96,20.9,0.1,0.1,51,100,13.8,253,12.9716,77.5946
2025-08-14T00:00,19.3,97,20.7,0.1,0.1,51,100,12.9,252,12.9716,77.5946
2025-08-14T01:00,19.1,97,20.2,0.2,0.2,51,100,13.8,249,12.9716,77.5946
2025-08-14T02:00,19.1,97,20.0,0.2,0.2,51,100,16.0,251,12.9716,77.5946
2025-08-14T03:00,19.1,97,19.9,0.1,0.1,51,100,16.2,249,12.9716,77.5946
2025-08-14T04:00,19.0,97,19.8,0.1,0.1,51,100,15.8,249,12.9716,77.5946
2025-08-14T05:00,18.9,97,19.7,0.1,0.1,51,100,15.7,253,12.9716,77.5946
2025-08-14T06:00,19.4,98,20.7,0.1,0.1,51,100,14.7,242,12.9716,77.5946
2025-08-14T07:00,19.6,97,20.6,0.1,0.1,51,100,16.3,245,12.9716,77.5946
2025-08-14T08:00,21.1,89,22.0,0.1,0.1,51,100,17.3,253,12.9716,77.5946
2025-08-14T09:00,22.7,79,23.4,0.1,0.1,51,100,17.7,261,12.9716,77.5946
2025-08-14T10:00,23.5,74,23.8,0.2,0.2,51,100,19.0,261,12.9716,77.5946
2025-08-14T11:00,23.6,78,25.0,0.4,0.4,51,100,15.3,255,12.9716,77.5946
2025-08-14T12:00,24.6,72,25.4,0.0,0.0,3,100,18.0,262,12.9716,77.5946
2025-08-14T13:00,23.6,78,24.9,1.2,1.2,55,100,17.4,257,12.9716,77.5946
2025-08-14T14:00,24.7,72,25.5,0.1,0.1,51,100,18.9,248,12.9716,77.5946
2025-08-14T15:00,23.0,83,25.0,0.8,0.8,53,100,12.3,259,12.9716,77.5946
2025-08-14T16:00,22.5,79,22.9,0.8,0.8,53,97,19.3,272,12.9716,77.5946
2025-08-14T17:00,22.5,83,24.5,0.1,0.1,51,94,10.8,267,12.9716,77.5946
2025-08-14T18:00,21.6,92,23.6,0.2,0.2,51,92,13.4,264,12.9716,77.5946
2025-08-14T19:00,21.3,89,22.8,0.1,0.1,51,94,13.6,259,12.9716,77.5946
2025-08-14T20:00,20.7,89,21.8,0.0,0.0,3,96,14.5,259,12.9716,77.5946
2025-08-14T21:00,20.2,90,21.3,0.0,0.0,3,100,13.7,259,12.9716,77.5946
2025-08-14T22:00,19.7,91,20.7,0.0,0.0,1,28,13.8,254,12.9716,77.5946
2025-08-14T23:00,19.2,93,20.2,0.0,0.0,3,100,13.2,255,12.9716,77.5946
2025-08-15T00:00,19.1,94,20.0,0.0,0.0,3,100,14.0,257,12.9716,77.5946
2025-08-15T01:00,19.0,96,20.0,0.0,0.0,3,100,14.3,252,12.9716,77.5946
2025-08-15T02:00,19.1,96,20.0,0.0,0.0,3,100,14.7,252,12.9716,77.5946
2025-08-15T03:00,19.3,94,20.0,0.0,0.0,3,91,15.9,254,12.9716,77.5946
2025-08-15T04:00,19.2,94,19.9,0.0,0.0,3,100,15.5,257,12.9716,77.5946
2025-08-15T05:00,19.5,92,20.2,0.0,0.0,3,100,15.0,260,12.9716,77.5946
2025-08-15T06:00,19.6,98,21.5,0.0,0.0,3,100,11.0,235,12.9716,77.5946
2025-08-15T07:00,20.2,95,21.4,0.1,0.1,51,100,16.0,249,12.9716,77.5946
2025-08-15T08:00,21.1,89,22.2,0.0,0.0,3,100,16.0,256,12.9716,77.5946
2025-08-15T09:00,21.6,85,22.3,0.0,0.0,3,100,17.6,262,12.9716,77.5946
2025-08-15T10:00,23.2,76,23.4,0.0,0.0,3,95,20.4,272,12.9716,77.5946
2025-08-15T11:00,23.4,75,24.0,0.1,0.1,51,100,18.4,268,12.9716,77.5946
2025-08-15T12:00,24.7,70,26.0,0.1,0.1,51,33,17.3,272,12.9716,77.5946
2025-08-15T13:00,26.1,67,28.5,0.2,0.2,51,29,17.5,270,12.9716,77.5946
2025-08-15T14:00,24.8,74,27.2,1.9,1.9,61,100,17.9,257,12.9716,77.5946
2025-08-15T15:00,23.6,77,24.1,1.3,1.3,61,93,20.2,273,12.9716,77.5946
2025-08-15T16:00,23.5,83,25.6,1.2,1.2,55,67,13.4,239,12.9716,77.5946
2025-08-15T17:00,21.9,85,22.8,3.0,3.0,63,87,17.7,273,12.9716,77.5946
2025-08-15T18:00,22.2,85,23.8,0.0,0.0,3,91,14.4,272,12.9716,77.5946
2025-08-15T19:00,21.8,86,23.4,0.1,0.1,51,89,12.6,266,12.9716,77.5946
2025-08-15T20:00,21.3,87,22.8,0.0,0.0,3,83,13.5,261,12.9716,77.5946
2025-08-15T21:00,21.0,90,22.4,0.1,0.1,51,66,14.6,261,12.9716,77.5946
2025-08-15T22:00,20.8,90,22.2,0.1,0.1,51,84,13.7,267,12.9716,77.5946
2025-08-15T23:00,20.5,93,21.9,0.0,0.0,3,100,14.5,263,12.9716,77.5946
2025-08-16T00:00,20.5,93,21.8,0.1,0.1,51,100,15.3,266,12.9716,77.5946
2025-08-16T01:00,20.2,94,21.4,0.2,0.2,51,100,15.9,265,12.9716,77.5946
2025-08-16T02:00,20.0,94,21.0,0.2,0.2,51,100,16.1,263,12.9716,77.5946
2025-08-16T03:00,19.7,94,20.6,0.1,0.1,51,100,16.2,262,12.9716,77.5946
2025-08-16T04:00,19.7,93,20.6,0.0,0.0,3,100,15.5,260,12.9716,77.5946
2025-08-16T05:00,19.7,93,20.6,0.1,0.1,51,100,15.5,261,12.9716,77.5946
2025-08-16T06:00,20.3,93,21.7,0.0,0.0,3,100,14.4,261,12.9716,77.5946
2025-08-16T07:00,20.6,93,21.8,0.0,0.0,3,100,16.1,264,12.9716,77.5946
2025-08-16T08:00,21.3,88,21.9,0.1,0.1,51,100,19.8,273,12.9716,77.5946
2025-08-16T09:00,22.5,80,22.7,0.1,0.1,51,100,21.3,274,12.9716,77.5946
2025-08-16T10:00,24.3,72,24.9,0.4,0.4,51,100,22.1,276,12.9716,77.5946
2025-08-16T11:00,25.2,67,26.1,0.1,0.1,51,100,20.6,275,12.9716,77.5946
2025-08-16T12:00,26.4,65,28.3,0.0,0.0,3,100,20.7,277,12.9716,77.5946
2025-08-16T13:00,26.7,64,28.5,0.0,0.0,3,100,20.8,275,12.9716,77.5946
2025-08-16T14:00,25.8,70,27.6,0.7,0.7,53,100,17.4,275,12.9716,77.5946
2025-08-16T15:00,24.1,79,26.2,1.2,1.2,55,100,12.8,270,12.9716,77.5946
2025-08-16T16:00,22.8,81,23.6,1.2,1.2,55,100,18.5,268,12.9716,77.5946
2025-08-16T17:00,22.3,89,24.7,0.2,0.2,51,100,11.3,261,12.9716,77.5946
2025-08-16T18:00,21.4,86,22.5,1.0,1.0,55,100,15.0,263,12.9716,77.5946
2025-08-16T19:00,21.2,91,23.1,0.1,0.1,51,100,12.0,258,12.9716,77.5946
2025-08-16T20:00,21.2,92,23.2,0.0,0.0,3,100,11.8,253,12.9716,77.5946
2025-08-16T21:00,20.9,91,22.5,0.0,0.0,3,100,13.8,248,12.9716,77.5946
2025-08-16T22:00,20.5,93,22.0,0.0,0.0,3,100,13.0,251,12.9716,77.5946
2025-08-16T23:00,20.1,94,21.5,0.1,0.1,51,100,12.9,258,12.9716,77.5946
2025-08-17T00:00,20.1,95,21.7,0.1,0.1,51,100,13.7,261,12.9716,77.5946
2025-08-17T01:00,20.0,95,21.4,0.1,0.1,51,100,14.5,255,12.9716,77.5946
2025-08-17T02:00,19.8,95,20.9,0.0,0.0,3,100,15.6,259,12.9716,77.5946
2025-08-17T03:00,19.8,94,20.6,0.0,0.0,3,100,16.0,261,12.9716,77.5946
2025-08-17T04:00,19.7,93,20.6,0.0,0.0,3,100,15.6,262,12.9716,77.5946
2025-08-17T05:00,19.8,93,20.8,0.0,0.0,3,100,15.0,256,12.9716,77.5946
2025-08-17T06:00,20.3,96,21.8,0.0,0.0,3,100,14.7,248,12.9716,77.5946
2025-08-17T07:00,20.6,94,22.0,0.2,0.2,51,100,15.9,250,12.9716,77.5946
2025-08-17T08:00,21.5,89,22.1,0.3,0.3,51,100,20.4,256,12.9716,77.5946
2025-08-17T09:00,22.5,83,23.1,0.2,0.2,51,100,20.1,257,12.9716,77.5946
2025-08-17T10:00,24.0,76,24.8,0.1,0.1,51,100,19.7,264,12.9716,77.5946
2025-08-17T11:00,23.6,76,24.2,0.1,0.1,51,100,19.1,262,12.9716,77.5946
2025-08-17T12:00,25.5,69,26.9,0.1,0.1,51,100,20.9,269,12.9716,77.5946
2025-08-17T13:00,23.9,75,24.7,4.6,4.6,63,100,18.2,273,12.9716,77.5946
2025-08-17T14:00,23.7,79,25.4,1.8,1.8,61,100,13.7,248,12.9716,77.5946
2025-08-17T15:00,22.7,82,23.5,2.8,2.8,63,100,19.3,275,12.9716,77.5946
2025-08-17T16:00,21.9,88,23.1,4.3,4.3,63,100,17.7,258,12.9716,77.5946
2025-08-17T17:00,21.4,90,22.2,0.5,0.5,53,100,19.3,254,12.9716,77.5946
2025-08-17T18:00,20.6,91,21.5,0.6,0.6,53,100,17.2,265,12.9716,77.5946
2025-08-17T19:00,20.4,93,21.4,0.8,0.8,53,100,16.9,256,12.9716,77.5946
2025-08-17T20:00,20.4,93,21.1,0.2,0.2,51,100,18.7,253,12.9716,77.5946
2025-08-17T21:00,20.2,93,20.9,0.1,0.1,51,100,18.3,252,12.9716,77.5946
2025-08-17T22:00,20.1,93,20.8,0.2,0.2,51,100,17.8,256,12.9716,77.5946
2025-08-17T23:00,19.9,93,20.5,0.3,0.3,51,100,18.4,262,12.9716,77.5946
2025-08-18T00:00,19.8,94,20.6,0.1,0.1,51,100,16.6,261,12.9716,77.5946
2025-08-18T01:00,19.8,95,20.5,0.2,0.2,51,100,17.7,258,12.9716,77.5946
2025-08-18T02:00,19.7,94,20.3,0.1,0.1,51,100,18.0,258,12.9716,77.5946
2025-08-18T03:00,19.6,94,20.0,0.1,0.1,51,100,18.6,257,12.9716,77.5946
2025-08-18T04:00,19.4,93,19.9,0.1,0.1,51,100,17.7,258,12.9716,77.5946
2025-08-18T05:00,19.3,93,19.8,0.0,0.0,3,100,17.3,254,12.9716,77.5946
2025-08-18T06:00,20.0,94,20.8,0.1,0.1,51,100,17.0,252,12.9716,77.5946
2025-08-18T07:00,20.1,93,21.2,0.5,0.5,53,100,15.5,250,12.9716,77.5946
2025-08-18T08:00,20.6,92,21.7,0.1,0.1,51,100,16.1,254,12.9716,77.5946
2025-08-18T09:00,21.4,87,21.7,0.5,0.5,53,100,21.3,258,12.9716,77.5946
2025-08-18T10:00,21.7,83,21.7,0.4,0.4,51,100,21.7,263,12.9716,77.5946
2025-08-18T11:00,21.3,86,21.7,0.7,0.7,53,100,20.0,257,12.9716,77.5946
2025-08-18T12:00,22.2,89,23.7,0.3,0.3,51,100,17.1,251,12.9716,77.5946
2025-08-18T13:00,22.7,83,23.5,0.3,0.3,51,100,19.6,268,12.9716,77.5946
2025-08-18T14:00,22.1,87,23.8,1.4,1.4,61,100,14.4,266,12.9716,77.5946
2025-08-18T15:00,21.9,83,22.3,1.2,1.2,55,100,19.3,275,12.9716,77.5946
2025-08-18T16:00,21.9,88,23.5,0.2,0.2,51,100,15.1,255,12.9716,77.5946
2025-08-18T17:00,21.7,83,22.2,0.5,0.5,53,100,18.1,261,12.9716,77.5946
2025-08-18T18:00,21.1,90,22.2,0.1,0.1,51,100,17.0,257,12.9716,77.5946
2025-08-18T19:00,20.9,88,21.7,0.0,0.0,3,100,17.3,253,12.9716,77.5946
2025-08-18T20:00,20.6,85,20.8,0.0,0.0,3,100,18.9,258,12.9716,77.5946
2025-08-18T21:00,20.4,87,20.6,0.0,0.0,3,100,19.4,257,12.9716,77.5946
2025-08-18T22:00,20.2,87,20.4,0.0,0.0,3,100,18.4,259,12.9716,77.5946
2025-08-18T23:00,20.0,87,20.1,0.0,0.0,3,100,18.7,262,12.9716,77.5946
2025-08-19T00:00,19.9,86,19.7,0.0,0.0,3,100,19.6,262,12.9716,77.5946
2025-08-19T01:00,19.6,87,19.2,0.0,0.0,3,100,21.1,259,12.9716,77.5946
2025-08-19T02:00,19.3,88,18.8,0.0,0.0,3,100,21.0,261,12.9716,77.5946
2025-08-19T03:00,19.3,87,18.6,0.0,0.0,3,100,21.0,261,12.9716,77.5946
2025-08-19T04:00,19.1,88,18.7,0.0,0.0,3,100,19.4,262,12.9716,77.5946
2025-08-19T05:00,19.0,89,18.8,0.0,0.0,3,100,18.4,256,12.9716,77.5946
2025-08-19T06:00,19.8,89,19.7,0.0,0.0,3,100,20.0,248,12.9716,77.5946
2025-08-19T07:00,20.5,86,20.9,0.0,0.0,3,100,17.1,251,12.9716,77.5946
2025-08-19T08:00,21.7,80,20.8,0.1,0.1,51,100,25.5,257,12.9716,77.5946
2025-08-19T09:00,22.5,76,21.4,0.1,0.1,51,100,27.1,256,12.9716,77.5946
2025-08-19T10:00,23.6,70,22.2,0.0,0.0,3,100,28.5,260,12.9716,77.5946
2025-08-19T11:00,25.1,63,24.4,0.0,0.0,3,100,28.0,264,12.9716,77.5946
2025-08-19T12:00,24.8,65,24.0,0.0,0.0,3,100,25.0,263,12.9716,77.5946
2025-08-19T13:00,24.7,65,24.2,0.1,0.1,51,100,22.9,263,12.9716,77.5946
2025-08-19T14:00,25.0,63,24.3,0.0,0.0,3,100,22.8,265,12.9716,77.5946
2025-08-19T15:00,24.4,68,24.2,0.0,0.0,2,78,20.8,261,12.9716,77.5946
2025-08-19T16:00,24.7,65,24.1,0.0,0.0,3,99,23.2,261,12.9716,77.5946
2025-08-19T17:00,23.8,70,23.7,0.0,0.0,3,98,20.6,260,12.9716,77.5946
2025-08-19T18:00,22.1,72,21.5,0.0,0.0,3,100,20.8,254,12.9716,77.5946
2025-08-19T19:00,21.3,78,21.2,0.0,0.0,3,100,18.8,255,12.9716,77.5946
2025-08-19T20:00,20.9,82,21.0,0.0,0.0,3,100,18.2,256,12.9716,77.5946
2025-08-19T21:00,20.6,85,20.7,0.0,0.0,3,100,18.5,263,12.9716,77.5946
2025-08-19T22:00,20.1,88,20.5,0.0,0.0,3,100,17.4,259,12.9716,77.5946
2025-08-19T23:00,20.1,89,20.5,0.0,0.0,3,100,17.4,256,12.9716,77.5946
2025-08-20T00:00,19.9,91,20.4,0.0,0.0,3,100,16.9,256,12.9716,77.5946
2025-08-20T01:00,20.0,91,20.5,0.0,0.0,3,100,17.7,258,12.9716,77.5946
2025-08-20T02:00,19.9,91,20.2,0.0,0.0,3,100,18.9,260,12.9716,77.5946
2025-08-20T03:00,19.7,93,20.3,0.1,0.1,51,100,17.6,259,12.9716,77.5946
2025-08-20T04:00,19.5,92,19.9,0.0,0.0,3,88,17.4,259,12.9716,77.5946
2025-08-20T05:00,19.1,94,19.5,0.0,0.0,3,100,17.2,257,12.9716,77.5946
2025-08-20T06:00,19.7,91,20.3,0.0,0.0,3,100,16.8,251,12.9716,77.5946
2025-08-20T07:00,20.2,90,20.9,0.0,0.0,3,100,16.4,249,12.9716,77.5946
2025-08-20T08:00,21.7,80,21.4,0.1,0.1,51,72,22.0,253,12.9716,77.5946
2025-08-20T09:00,23.3,71,22.8,0.0,0.0,3,98,22.8,254,12.9716,77.5946
2025-08-20T10:00,24.7,64,24.7,0.0,0.0,3,100,22.4,261,12.9716,77.5946
2025-08-20T11:00,25.3,63,25.2,0.0,0.0,3,96,21.6,262,12.9716,77.5946
2025-08-20T12:00,26.2,61,26.9,0.0,0.0,2,65,20.1,263,12.9716,77.5946
2025-08-20T13:00,27.2,55,28.5,0.2,0.2,51,100,20.5,263,12.9716,77.5946
2025-08-20T14:00,26.9,57,28.0,0.5,0.5,53,100,18.6,255,12.9716,77.5946
2025-08-20T15:00,26.1,60,26.5,0.1,0.1,51,100,20.0,254,12.9716,77.5946
2025-08-20T16:00,24.9,67,25.1,0.2,0.2,51,98,19.3,256,12.9716,77.5946
2025-08-20T17:00,23.9,73,24.7,0.1,0.1,51,100,16.6,261,12.9716,77.5946
2025-08-20T18:00,23.9,70,24.9,0.0,0.0,1,28,13.1,254,12.9716,77.5946
2025-08-20T19:00,22.9,75,23.9,0.0,0.0,0,6,13.4,259,12.9716,77.5946
2025-08-20T20:00,21.8,80,22.6,0.0,0.0,0,6,14.9,262,12.9716,77.5946
2025-08-20T21:00,21.1,82,21.8,0.0,0.0,1,27,15.0,267,12.9716,77.5946
2025-08-20T22:00,20.4,85,21.2,0.0,0.0,2,50,13.6,265,12.9716,77.5946
2025-08-20T23:00,19.8,87,20.7,0.0,0.0,3,94,12.7,263,12.9716,77.5946
2025-08-21T00:00,19.4,90,20.6,0.0,0.0,1,39,11.0,251,12.9716,77.5946
2025-08-21T01:00,19.0,92,20.3,0.0,0.0,1,24,10.6,251,12.9716,77.5946
2025-08-21T02:00,18.7,95,20.0,0.0,0.0,3,94,10.2,252,12.9716,77.5946
2025-08-21T03:00,18.6,96,19.8,0.0,0.0,2,59,11.0,249,12.9716,77.5946
2025-08-21T04:00,18.4,97,19.6,0.0,0.0,1,47,11.2,246,12.9716,77.5946
2025-08-21T05:00,18.3,98,19.4,0.0,0.0,3,100,11.7,250,12.9716,77.5946
2025-08-21T06:00,19.3,95,20.7,0.0,0.0,3,100,11.8,251,12.9716,77.5946
2025-08-21T07:00,20.1,92,21.5,0.0,0.0,3,100,12.9,257,12.9716,77.5946
2025-08-21T08:00,21.5,84,22.5,0.0,0.0,3,100,15.0,267,12.9716,77.5946
2025-08-21T09:00,22.5,80,23.8,0.0,0.0,3,100,13.1,272,12.9716,77.5946
2025-08-21T10:00,23.9,73,24.9,0.0,0.0,3,100,15.5,279,12.9716,77.5946
2025-08-21T11:00,24.9,70,26.3,0.0,0.0,3,100,13.5,282,12.9716,77.5946
2025-08-21T12:00,25.5,69,27.4,0.0,0.0,3,100,11.4,282,12.9716,77.5946
2025-08-21T13:00,26.8,65,30.6,0.0,0.0,3,100,10.1,280,12.9716,77.5946
2025-08-21T14:00,26.8,66,29.6,0.1,0.1,51,100,10.5,287,12.9716,77.5946
2025-08-21T15:00,26.9,64,29.3,0.0,0.0,3,100,9.8,296,12.9716,77.5946
2025-08-21T16:00,26.3,66,28.6,0.0,0.0,3,100,8.9,295,12.9716,77.5946
2025-08-21T17:00,26.0,68,28.6,0.0,0.0,3,100,7.7,259,12.9716,77.5946
2025-08-21T18:00,24.7,75,27.7,0.0,0.0,3,100,5.2,301,12.9716,77.5946
2025-08-21T19:00,23.4,80,26.2,0.0,0.0,3,97,6.4,297,12.9716,77.5946
2025-08-21T20:00,22.6,84,25.5,0.0,0.0,3,100,6.1,300,12.9716,77.5946
2025-08-21T21:00,22.3,86,25.2,0.1,0.1,51,100,5.5,281,12.9716,77.5946
2025-08-21T22:00,22.0,87,25.0,0.0,0.0,3,99,4.5,286,12.9716,77.5946
2025-08-21T23:00,21.5,89,24.4,0.0,0.0,3,99,5.2,301,12.9716,77.5946
2025-08-22T00:00,20.9,92,23.5,0.0,0.0,2,72,6.9,298,12.9716,77.5946
2025-08-22T01:00,20.3,95,22.8,0.0,0.0,2,53,7.3,316,12.9716,77.5946
2025-08-22T02:00,20.0,95,22.4,0.0,0.0,2,76,7.4,304,12.9716,77.5946
2025-08-22T03:00,19.6,97,22.0,0.0,0.0,3,92,6.5,294,12.9716,77.5946
2025-08-22T04:00,19.4,98,21.8,0.0,0.0,3,100,6.2,278,12.9716,77.5946
2025-08-22T05:00,19.2,98,21.7,0.0,0.0,3,100,5.9,270,12.9716,77.5946
2025-08-22T06:00,20.2,98,22.9,0.0,0.0,3,100,7.0,288,12.9716,77.5946
2025-08-22T07:00,20.8,95,23.2,0.0,0.0,3,99,10.2,293,12.9716,77.5946
2025-08-22T08:00,22.5,83,24.7,0.0,0.0,3,100,9.9,269,12.9716,77.5946
2025-08-22T09:00,23.7,79,26.0,0.0,0.0,3,100,9.3,251,12.9716,77.5946
2025-08-22T10:00,24.8,77,28.5,0.2,0.2,51,100,9.5,248,12.9716,77.5946
2025-08-22T11:00,25.8,72,29.2,0.0,0.0,3,100,9.3,246,12.9716,77.5946
2025-08-22T12:00,27.0,64,30.6,0.0,0.0,3,100,9.1,255,12.9716,77.5946
2025-08-22T13:00,24.3,74,26.7,0.7,0.7,53,100,8.2,261,12.9716,77.5946
2025-08-22T14:00,25.1,73,27.9,1.0,1.0,55,100,6.7,261,12.9716,77.5946
2025-08-22T15:00,25.7,71,28.4,0.1,0.1,51,100,8.0,262,12.9716,77.5946
2025-08-22T16:00,24.2,76,26.1,2.1,2.1,61,100,11.6,274,12.9716,77.5946
2025-08-22T17:00,23.0,82,25.5,0.1,0.1,51,100,9.0,275,12.9716,77.5946
2025-08-22T18:00,24.2,75,26.6,0.0,0.0,3,99,8.0,284,12.9716,77.5946
2025-08-22T19:00,23.6,78,26.3,0.0,0.0,3,98,5.7,283,12.9716,77.5946
2025-08-22T20:00,23.0,81,25.6,0.0,0.0,3,100,7.0,271,12.9716,77.5946
2025-08-22T21:00,21.1,88,23.3,0.3,0.3,51,100,8.5,204,12.9716,77.5946
2025-08-22T22:00,20.9,91,23.6,0.1,0.1,51,100,5.5,218,12.9716,77.5946
2025-08-22T23:00,20.6,93,22.8,0.0,0.0,3,100,9.2,231,12.9716,77.5946
2025-08-23T00:00,20.0,95,22.7,0.0,0.0,3,100,5.4,217,12.9716,77.5946
2025-08-23T01:00,20.0,96,22.7,0.0,0.0,3,100,5.8,265,12.9716,77.5946
2025-08-23T02:00,19.9,96,22.4,0.0,0.0,3,100,6.9,275,12.9716,77.5946
2025-08-23T03:00,19.8,98,22.5,0.0,0.0,3,100,6.3,243,12.9716,77.5946
2025-08-23T04:00,19.7,98,22.3,0.0,0.0,3,100,7.1,243,12.9716,77.5946
2025-08-23T05:00,19.7,99,22.1,0.0,0.0,3,100,7.7,237,12.9716,77.5946
2025-08-23T06:00,19.8,98,22.3,0.0,0.0,3,100,7.1,249,12.9716,77.5946
2025-08-23T07:00,20.2,95,22.7,0.0,0.0,3,100,7.2,258,12.9716,77.5946
2025-08-23T08:00,21.1,88,23.0,0.0,0.0,3,100,9.7,273,12.9716,77.5946
2025-08-23T09:00,22.7,80,24.5,0.0,0.0,3,100,10.4,279,12.9716,77.5946
2025-08-23T10:00,24.4,73,27.2,0.0,0.0,3,100,9.9,280,12.9716,77.5946
2025-08-23T11:00,25.4,66,27.4,0.0,0.0,3,100,12.9,279,12.9716,77.5946
2025-08-23T12:00,26.6,62,29.6,0.0,0.0,3,100,11.2,276,12.9716,77.5946
2025-08-23T13:00,27.3,57,29.9,0.0,0.0,3,100,12.1,272,12.9716,77.5946
2025-08-23T14:00,27.2,57,29.7,0.0,0.0,3,100,11.4,267,12.9716,77.5946
2025-08-23T15:00,27.1,60,29.1,0.0,0.0,3,100,11.0,266,12.9716,77.5946
2025-08-23T16:00,26.7,60,28.0,0.0,0.0,3,100,11.5,272,12.9716,77.5946
2025-08-23T17:00,25.7,63,26.8,0.0,0.0,3,100,12.6,272,12.9716,77.5946
2025-08-23T18:00,24.5,69,26.4,0.0,0.0,3,100,8.5,270,12.9716,77.5946
2025-08-23T19:00,23.7,72,25.2,0.0,0.0,3,100,10.4,272,12.9716,77.5946
2025-08-23T20:00,22.2,81,24.0,0.1,0.1,51,100,9.4,223,12.9716,77.5946
2025-08-23T21:00,21.3,86,23.6,0.1,0.1,51,100,6.9,210,12.9716,77.5946
2025-08-23T22:00,21.5,87,23.6,0.0,0.0,3,100,8.9,238,12.9716,77.5946
2025-08-23T23:00,21.1,89,22.8,0.0,0.0,3,100,11.4,251,12.9716,77.5946
2025-08-24T00:00,20.4,91,22.2,0.0,0.0,3,100,10.3,248,12.9716,77.5946
2025-08-24T01:00,19.8,94,21.5,0.0,0.0,3,100,10.1,251,12.9716,77.5946
2025-08-24T02:00,19.4,96,21.2,0.0,0.0,3,100,9.7,251,12.9716,77.5946
2025-08-24T03:00,19.1,97,20.9,0.0,0.0,3,100,9.5,256,12.9716,77.5946
2025-08-24T04:00,19.0,97,20.7,0.0,0.0,3,100,9.9,261,12.9716,77.5946
2025-08-24T05:00,18.8,97,20.4,0.0,0.0,3,100,9.8,256,12.9716,77.5946
2025-08-24T06:00,19.5,96,21.2,0.0,0.0,3,99,10.8,255,12.9716,77.5946
2025-08-24T07:00,20.5,91,21.7,0.0,0.0,2,74,14.3,259,12.9716,77.5946
2025-08-24T08:00,22.1,80,22.9,0.0,0.0,3,100,15.1,273,12.9716,77.5946
2025-08-24T09:00,23.6,71,24.2,0.0,0.0,3,90,16.1,280,12.9716,77.5946
2025-08-24T10:00,25.2,62,26.4,0.0,0.0,2,67,16.1,277,12.9716,77.5946
2025-08-24T11:00,26.7,56,28.4,0.0,0.0,3,92,15.7,279,12.9716,77.5946
2025-08-24T12:00,27.2,55,29.4,0.1,0.1,51,65,14.3,280,12.9716,77.5946
2025-08-24T13:00,27.7,55,30.2,0.0,0.0,3,99,14.0,278,12.9716,77.5946
2025-08-24T14:00,27.8,55,30.0,0.1,0.1,51,100,13.5,282,12.9716,77.5946
2025-08-24T15:00,28.0,55,29.6,0.0,0.0,3,100,14.4,288,12.9716,77.5946
2025-08-24T16:00,26.8,57,27.6,0.0,0.0,3,100,13.6,292,12.9716,77.5946
2025-08-24T17:00,26.2,60,27.3,0.1,0.1,51,100,11.3,288,12.9716,77.5946
2025-08-24T18:00,24.7,66,26.3,0.0,0.0,1,33,8.5,305,12.9716,77.5946
2025-08-24T19:00,23.9,69,25.7,0.0,0.0,3,100,6.9,287,12.9716,77.5946
2025-08-24T20:00,23.1,71,24.4,0.0,0.0,3,98,9.7,280,12.9716,77.5946
2025-08-24T21:00,22.1,76,23.5,0.0,0.0,3,99,9.6,282,12.9716,77.5946
2025-08-24T22:00,21.5,81,23.1,0.0,0.0,0,12,8.8,281,12.9716,77.5946
2025-08-24T23:00,20.8,85,22.6,0.0,0.0,3,95,8.3,269,12.9716,77.5946
2025-08-25T00:00,20.2,89,21.8,0.0,0.0,3,100,9.0,268,12.9716,77.5946
2025-08-25T01:00,19.5,92,21.1,0.0,0.0,3,100,8.9,263,12.9716,77.5946
2025-08-25T02:00,18.9,95,20.5,0.0,0.0,3,100,9.0,260,12.9716,77.5946
2025-08-25T03:00,18.5,96,20.1,0.0,0.0,3,98,8.1,257,12.9716,77.5946
2025-08-25T04:00,18.1,97,19.6,0.0,0.0,3,100,7.8,255,12.9716,77.5946
2025-08-25T05:00,17.8,98,19.3,0.0,0.0,3,100,7.9,249,12.9716,77.5946
2025-08-25T06:00,18.6,97,20.1,0.0,0.0,3,100,9.6,265,12.9716,77.5946
2025-08-25T07:00,19.6,92,21.0,0.0,0.0,3,100,10.9,263,12.9716,77.5946
2025-08-25T08:00,21.3,84,22.8,0.0,0.0,3,100,10.9,261,12.9716,77.5946
2025-08-25T09:00,23.2,75,24.6,0.0,0.0,3,100,11.9,272,12.9716,77.5946
2025-08-25T10:00,25.1,64,26.8,0.0,0.0,3,90,14.1,276,12.9716,77.5946
2025-08-25T11:00,26.5,59,29.1,0.0,0.0,3,100,15.2,283,12.9716,77.5946
2025-08-25T12:00,27.0,57,29.3,0.0,0.0,3,100,17.0,290,12.9716,77.5946
2025-08-25T13:00,27.1,54,28.3,0.0,0.0,3,100,16.7,296,12.9716,77.5946
2025-08-25T14:00,27.1,52,27.4,0.0,0.0,3,100,16.1,292,12.9716,77.5946
2025-08-25T15:00,27.0,51,26.8,0.0,0.0,3,100,14.7,290,12.9716,77.5946
2025-08-25T16:00,26.6,52,26.7,0.0,0.0,3,100,12.4,279,12.9716,77.5946
2025-08-25T17:00,26.1,53,26.8,0.0,0.0,3,100,8.5,271,12.9716,77.5946
2025-08-25T18:00,24.8,63,26.2,0.0,0.0,3,100,7.7,306,12.9716,77.5946
2025-08-25T19:00,23.8,68,25.3,0.0,0.0,3,100,8.8,321,12.9716,77.5946
2025-08-25T20:00,23.2,72,25.0,0.0,0.0,3,100,7.3,324,12.9716,77.5946
2025-08-25T21:00,22.8,74,24.7,0.0,0.0,3,100,6.9,321,12.9716,77.5946
2025-08-25T22:00,22.4,76,24.2,0.0,0.0,3,100,7.5,314,12.9716,77.5946
2025-08-25T23:00,21.6,81,23.3,0.0,0.0,3,100,8.0,286,12.9716,77.5946
2025-08-26T00:00,20.8,85,22.6,0.0,0.0,3,100,7.6,284,12.9716,77.5946
2025-08-26T01:00,20.1,89,22.1,0.0,0.0,3,100,6.2,277,12.9716,77.5946
2025-08-26T02:00,19.5,92,21.5,0.0,0.0,3,100,6.6,261,12.9716,77.5946
2025-08-26T03:00,19.1,95,20.9,0.0,0.0,3,100,7.6,275,12.9716,77.5946
2025-08-26T04:00,18.8,96,20.6,0.0,0.0,3,99,7.9,281,12.9716,77.5946
2025-08-26T05:00,18.5,96,20.1,0.0,0.0,3,100,8.4,279,12.9716,77.5946
2025-08-26T06:00,19.3,97,21.4,0.0,0.0,3,100,7.8,261,12.9716,77.5946
2025-08-26T07:00,20.4,90,21.9,0.0,0.0,3,100,11.2,254,12.9716,77.5946
2025-08-26T08:00,22.0,80,23.4,0.0,0.0,3,100,11.3,248,12.9716,77.5946
2025-08-26T09:00,23.8,71,25.0,0.0,0.0,3,100,12.4,249,12.9716,77.5946
2025-08-26T10:00,24.8,65,25.9,0.3,0.3,51,100,15.3,258,12.9716,77.5946
2025-08-26T11:00,25.4,62,26.1,0.2,0.2,51,100,15.5,261,12.9716,77.5946
2025-08-26T12:00,26.4,58,27.8,0.1,0.1,51,100,15.9,265,12.9716,77.5946
2025-08-26T13:00,27.0,55,28.5,0.0,0.0,3,99,15.9,265,12.9716,77.5946
2025-08-26T14:00,27.9,51,29.5,0.0,0.0,2,69,14.6,269,12.9716,77.5946
2025-08-26T15:00,28.4,50,29.4,0.0,0.0,1,44,15.4,263,12.9716,77.5946
2025-08-26T16:00,26.6,56,26.5,0.2,0.2,51,100,17.8,267,12.9716,77.5946
2025-08-26T17:00,24.6,67,25.1,0.2,0.2,51,86,16.8,267,12.9716,77.5946
2025-08-26T18:00,23.3,74,24.9,0.0,0.0,3,99,10.1,269,12.9716,77.5946
2025-08-26T19:00,22.7,78,24.2,0.1,0.1,51,100,11.5,271,12.9716,77.5946
2025-08-26T20:00,21.6,85,23.1,0.1,0.1,51,100,12.4,273,12.9716,77.5946
2025-08-26T21:00,21.1,87,22.2,0.3,0.3,51,100,14.9,261,12.9716,77.5946
2025-08-26T22:00,20.9,88,22.3,0.1,0.1,51,100,13.2,260,12.9716,77.5946
2025-08-26T23:00,20.6,89,21.8,0.0,0.0,3,100,14.1,265,12.9716,77.5946
2025-08-27T00:00,20.3,92,21.7,0.1,0.1,51,100,12.6,268,12.9716,77.5946
2025-08-27T01:00,19.8,95,21.2,0.8,0.8,53,100,13.0,284,12.9716,77.5946
2025-08-27T02:00,19.7,96,21.1,0.5,0.5,53,100,13.7,272,12.9716,77.5946
2025-08-27T03:00,19.8,95,21.1,0.1,0.1,51,100,13.8,263,12.9716,77.5946
2025-08-27T04:00,19.5,97,20.9,0.0,0.0,3,99,13.0,264,12.9716,77.5946
2025-08-27T05:00,19.3,98,20.8,0.0,0.0,3,100,12.8,260,12.9716,77.5946
2025-08-27T06:00,20.2,93,21.7,0.0,0.0,3,100,13.3,251,12.9716,77.5946
2025-08-27T07:00,20.7,90,21.9,0.0,0.0,3,100,14.5,249,12.9716,77.5946
2025-08-27T08:00,21.5,82,22.5,0.0,0.0,3,100,14.4,250,12.9716,77.5946
2025-08-27T09:00,23.3,70,23.5,0.0,0.0,3,100,17.6,263,12.9716,77.5946
2025-08-27T10:00,24.7,66,24.7,0.0,0.0,3,100,19.5,268,12.9716,77.5946
2025-08-27T11:00,25.4,64,26.0,0.1,0.1,51,100,16.6,261,12.9716,77.5946
2025-08-27T12:00,26.7,61,28.3,0.4,0.4,51,99,18.4,264,12.9716,77.5946
2025-08-27T13:00,26.7,61,27.4,0.6,0.6,53,100,20.7,255,12.9716,77.5946
2025-08-27T14:00,24.7,77,27.0,2.3,2.3,61,100,12.0,254,12.9716,77.5946
2025-08-27T15:00,22.4,84,23.2,8.2,8.2,65,97,18.9,271,12.9716,77.5946
2025-08-27T16:00,21.9,91,23.4,0.5,0.5,53,100,17.0,264,12.9716,77.5946
2025-08-27T17:00,21.3,92,23.1,0.5,0.5,53,100,14.0,258,12.9716,77.5946
2025-08-27T18:00,21.2,93,23.4,0.2,0.2,51,100,11.1,231,12.9716,77.5946
2025-08-27T19:00,21.0,95,23.1,0.1,0.1,51,100,13.2,239,12.9716,77.5946
2025-08-27T20:00,21.0,93,22.7,0.1,0.1,51,100,14.5,249,12.9716,77.5946
2025-08-27T21:00,20.9,91,21.9,0.1,0.1,51,100,17.3,255,12.9716,77.5946
2025-08-27T22:00,20.6,93,21.8,0.0,0.0,3,100,15.4,260,12.9716,77.5946
2025-08-27T23:00,20.3,93,21.6,0.8,0.8,53,100,14.2,267,12.9716,77.5946
2025-08-28T00:00,20.1,95,21.6,1.1,1.1,55,100,14.1,249,12.9716,77.5946
2025-08-28T01:00,19.9,97,21.1,0.7,0.7,53,100,16.2,255,12.9716,77.5946
2025-08-28T02:00,19.8,98,21.0,1.0,1.0,55,100,16.0,251,12.9716,77.5946
2025-08-28T03:00,19.8,97,21.1,0.1,0.1,51,100,15.4,247,12.9716,77.5946
2025-08-28T04:00,19.6,98,20.8,0.0,0.0,3,100,15.2,248,12.9716,77.5946
2025-08-28T05:00,19.8,97,21.1,0.1,0.1,51,100,14.8,239,12.9716,77.5946
2025-08-28T06:00,20.1,96,22.0,0.1,0.1,51,100,11.4,229,12.9716,77.5946
2025-08-28T07:00,20.6,93,21.9,0.1,0.1,51,100,15.5,241,12.9716,77.5946
2025-08-28T08:00,21.8,87,22.8,0.1,0.1,51,100,17.1,245,12.9716,77.5946
2025-08-28T09:00,22.9,81,24.0,0.0,0.0,3,100,16.8,253,12.9716,77.5946
2025-08-28T10:00,23.6,79,25.1,0.2,0.2,51,100,14.8,254,12.9716,77.5946
2025-08-28T11:00,25.2,74,27.6,0.1,0.1,51,100,13.6,248,12.9716,77.5946
2025-08-28T12:00,25.8,67,26.6,0.0,0.0,3,100,17.9,238,12.9716,77.5946
2025-08-28T13:00,22.3,86,24.3,0.7,0.7,53,98,12.1,230,12.9716,77.5946
2025-08-28T14:00,23.9,78,24.9,0.1,0.1,51,78,18.4,250,12.9716,77.5946
2025-08-28T15:00,24.6,78,26.1,0.1,0.1,51,98,17.8,244,12.9716,77.5946
2025-08-28T16:00,22.7,83,24.1,1.6,1.6,61,91,15.5,245,12.9716,77.5946
2025-08-28T17:00,22.0,90,24.3,0.3,0.3,51,100,11.4,242,12.9716,77.5946
2025-08-28T18:00,21.7,91,23.9,0.3,0.3,51,100,11.8,232,12.9716,77.5946
2025-08-28T19:00,21.4,93,23.7,0.2,0.2,51,100,11.5,259,12.9716,77.5946
2025-08-28T20:00,20.5,94,22.1,1.2,1.2,55,100,13.9,241,12.9716,77.5946
2025-08-28T21:00,20.6,95,22.1,0.2,0.2,51,100,14.8,244,12.9716,77.5946
2025-08-28T22:00,20.4,95,21.6,0.2,0.2,51,100,16.2,247,12.9716,77.5946
2025-08-28T23:00,20.2,97,21.8,0.2,0.2,51,100,14.1,245,12.9716,77.5946
2025-08-29T00:00,20.2,97,22.0,0.5,0.5,53,100,13.0,252,12.9716,77.5946
2025-08-29T01:00,20.1,97,21.5,0.3,0.3,51,100,15.8,255,12.9716,77.5946
2025-08-29T02:00,19.9,96,21.2,0.0,0.0,3,100,15.4,252,12.9716,77.5946
2025-08-29T03:00,19.8,96,20.8,0.0,0.0,3,100,15.9,256,12.9716,77.5946
2025-08-29T04:00,19.6,97,20.6,0.0,0.0,3,100,16.2,253,12.9716,77.5946
2025-08-29T05:00,19.8,97,21.0,0.0,0.0,3,100,15.3,254,12.9716,77.5946
2025-08-29T06:00,20.3,95,21.7,0.0,0.0,3,100,15.0,249,12.9716,77.5946
2025-08-29T07:00,20.7,93,22.2,0.0,0.0,3,100,14.2,252,12.9716,77.5946
2025-08-29T08:00,21.1,89,22.6,0.0,0.0,3,100,13.5,258,12.9716,77.5946
2025-08-29T09:00,22.2,81,23.0,0.0,0.0,3,100,17.5,255,12.9716,77.5946
2025-08-29T10:00,23.8,71,23.8,0.0,0.0,3,100,20.9,260,12.9716,77.5946
2025-08-29T11:00,24.1,69,24.2,0.0,0.0,3,100,19.7,264,12.9716,77.5946
2025-08-29T12:00,24.3,68,23.9,0.0,0.0,3,100,22.4,266,12.9716,77.5946
2025-08-29T13:00,24.7,67,24.8,0.0,0.0,3,100,18.9,261,12.9716,77.5946
2025-08-29T14:00,25.4,64,25.5,0.0,0.0,3,100,18.9,263,12.9716,77.5946
2025-08-29T15:00,25.0,65,25.4,0.0,0.0,3,100,16.6,255,12.9716,77.5946
2025-08-29T16:00,25.0,67,25.7,0.0,0.0,3,100,16.5,252,12.9716,77.5946
2025-08-29T17:00,24.2,73,25.4,0.1,0.1,51,100,14.5,242,12.9716,77.5946
2025-08-29T18:00,24.0,70,24.9,0.0,0.0,3,100,13.9,246,12.9716,77.5946
2025-08-29T19:00,23.0,77,24.3,0.0,0.0,3,100,13.1,243,12.9716,77.5946
2025-08-29T20:00,22.3,82,23.7,0.0,0.0,3,100,13.2,253,12.9716,77.5946
2025-08-29T21:00,21.7,86,23.4,0.0,0.0,3,100,12.6,251,12.9716,77.5946
2025-08-29T22:00,21.4,88,23.3,0.0,0.0,3,100,11.6,252,12.9716,77.5946
2025-08-29T23:00,21.1,91,23.1,0.0,0.0,3,96,10.7,250,12.9716,77.5946
2025-08-30T00:00,20.7,93,22.7,0.0,0.0,3,98,10.5,245,12.9716,77.5946
2025-08-30T01:00,20.2,96,22.1,0.0,0.0,3,100,11.9,243,12.9716,77.5946
2025-08-30T02:00,20.0,97,21.8,0.0,0.0,3,99,12.0,244,12.9716,77.5946
2025-08-30T03:00,19.8,98,21.5,0.0,0.0,3,100,12.6,246,12.9716,77.5946
2025-08-30T04:00,19.7,98,21.4,0.0,0.0,3,100,12.3,241,12.9716,77.5946
2025-08-30T05:00,19.6,97,21.2,0.0,0.0,3,100,12.6,236,12.9716,77.5946
2025-08-30T06:00,20.1,98,22.3,0.0,0.0,3,100,10.6,238,12.9716,77.5946
2025-08-30T07:00,20.7,95,22.5,0.0,0.0,3,95,13.9,249,12.9716,77.5946
2025-08-30T08:00,22.4,84,23.7,0.1,0.1,51,84,16.7,256,12.9716,77.5946
2025-08-30T09:00,24.3,74,25.0,0.1,0.1,51,89,19.0,265,12.9716,77.5946
2025-08-30T10:00,25.1,71,26.5,0.2,0.2,51,55,18.3,260,12.9716,77.5946
2025-08-30T11:00,26.4,65,28.3,0.2,0.2,51,97,19.2,263,12.9716,77.5946
2025-08-30T12:00,27.6,60,30.4,0.0,0.0,1,42,18.5,259,12.9716,77.5946
2025-08-30T13:00,27.8,59,30.1,0.1,0.1,51,89,19.9,257,12.9716,77.5946
2025-08-30T14:00,27.0,62,28.4,0.6,0.6,53,69,17.8,267,12.9716,77.5946
2025-08-30T15:00,26.9,67,28.6,0.3,0.3,51,41,16.0,269,12.9716,77.5946
2025-08-30T16:00,26.3,68,27.9,0.2,0.2,51,41,15.3,270,12.9716,77.5946
2025-08-30T17:00,24.7,74,26.5,0.3,0.3,51,74,13.0,287,12.9716,77.5946
2025-08-30T18:00,23.3,80,25.6,1.5,1.5,61,54,9.1,262,12.9716,77.5946
2025-08-30T19:00,21.9,89,23.9,0.2,0.2,51,88,13.1,286,12.9716,77.5946
2025-08-30T20:00,21.3,91,23.1,0.2,0.2,51,50,13.1,282,12.9716,77.5946
2025-08-30T21:00,21.1,91,22.7,0.0,0.0,1,26,13.8,256,12.9716,77.5946
2025-08-30T22:00,20.8,91,22.3,0.0,0.0,1,35,13.8,262,12.9716,77.5946
2025-08-30T23:00,20.5,93,21.9,0.0,0.0,2,56,14.0,263,12.9716,77.5946
2025-08-31T00:00,20.3,93,21.7,0.0,0.0,3,96,13.6,263,12.9716,77.5946
2025-08-31T01:00,20.1,94,21.5,0.0,0.0,3,100,13.5,266,12.9716,77.5946
2025-08-31T02:00,19.9,95,21.1,0.0,0.0,3,100,14.7,264,12.9716,77.5946
2025-08-31T03:00,19.7,95,21.0,0.0,0.0,3,100,13.6,262,12.9716,77.5946
2025-08-31T04:00,19.7,95,21.0,0.0,0.0,3,100,13.4,258,12.9716,77.5946
2025-08-31T05:00,19.6,94,20.7,0.0,0.0,3,100,13.9,260,12.9716,77.5946
2025-08-31T06:00,20.3,93,21.9,0.0,0.0,3,100,12.0,261,12.9716,77.5946
2025-08-31T07:00,21.0,90,22.9,0.0,0.0,3,100,11.5,260,12.9716,77.5946
2025-08-31T08:00,22.3,83,23.1,0.1,0.1,51,100,17.8,268,12.9716,77.5946
2025-08-31T09:00,23.8,76,24.8,0.1,0.1,51,100,17.3,273,12.9716,77.5946
2025-08-31T10:00,24.4,74,25.6,0.0,0.0,3,100,16.7,272,12.9716,77.5946
2025-08-31T11:00,25.5,69,26.6,0.3,0.3,51,80,19.3,269,12.9716,77.5946
2025-08-31T12:00,26.5,67,29.2,0.1,0.1,51,100,17.4,277,12.9716,77.5946
2025-08-31T13:00,26.9,67,29.9,0.1,0.1,51,87,15.6,281,12.9716,77.5946
2025-08-31T14:00,26.8,65,28.7,1.5,1.5,61,87,18.5,286,12.9716,77.5946
2025-08-31T15:00,24.4,77,25.8,4.2,4.2,63,91,17.3,262,12.9716,77.5946
2025-08-31T16:00,22.7,86,25.5,3.1,3.1,63,97,8.4,289,12.9716,77.5946
2025-08-31T17:00,22.5,86,24.4,0.3,0.3,51,85,13.2,284,12.9716,77.5946
2025-08-31T18:00,22.4,87,24.8,0.1,0.1,51,74,9.7,268,12.9716,77.5946
2025-08-31T19:00,21.8,90,24.0,0.0,0.0,3,100,11.4,259,12.9716,77.5946
2025-08-31T20:00,21.5,92,24.0,0.0,0.0,3,98,9.9,261,12.9716,77.5946
2025-08-31T21:00,21.4,91,23.5,0.1,0.1,51,96,11.5,267,12.9716,77.5946
2025-08-31T22:00,21.2,93,23.2,0.0,0.0,3,90,12.5,264,12.9716,77.5946
2025-08-31T23:00,20.8,94,22.7,0.0,0.0,3,100,12.6,268,12.9716,77.5946
2025-09-01T00:00,20.5,95,22.1,0.0,0.0,3,86,13.3,268,12.9716,77.5946
2025-09-01T01:00,20.2,95,21.6,0.0,0.0,3,89,13.8,278,12.9716,77.5946
2025-09-01T02:00,19.9,95,21.3,0.0,0.0,3,98,13.5,279,12.9716,77.5946
2025-09-01T03:00,19.8,95,21.0,0.0,0.0,3,100,14.3,282,12.9716,77.5946
2025-09-01T04:00,20.0,93,21.1,0.0,0.0,3,100,14.3,276,12.9716,77.5946
2025-09-01T05:00,19.8,93,20.9,0.0,0.0,3,100,14.5,275,12.9716,77.5946
2025-09-01T06:00,20.6,91,22.1,0.0,0.0,3,99,13.4,282,12.9716,77.5946
2025-09-01T07:00,21.2,89,22.7,0.0,0.0,3,99,13.8,288,12.9716,77.5946
2025-09-01T08:00,22.4,82,23.2,0.1,0.1,51,100,18.0,286,12.9716,77.5946
2025-09-01T09:00,23.7,74,24.1,0.1,0.1,51,100,19.7,288,12.9716,77.5946
2025-09-01T10:00,24.7,69,24.7,0.1,0.1,51,100,21.9,289,12.9716,77.5946
2025-09-01T11:00,25.9,64,26.9,0.1,0.1,51,100,20.4,290,12.9716,77.5946
2025-09-01T12:00,26.5,62,28.1,0.1,0.1,51,100,19.4,291,12.9716,77.5946
2025-09-01T13:00,26.5,66,28.8,0.0,0.0,3,100,17.6,278,12.9716,77.5946
2025-09-01T14:00,26.6,64,27.7,0.0,0.0,3,100,18.8,293,12.9716,77.5946
2025-09-01T15:00,23.7,80,25.4,3.3,3.3,63,100,14.6,254,12.9716,77.5946
2025-09-01T16:00,22.6,79,23.7,0.5,0.5,53,100,14.1,247,12.9716,77.5946
2025-09-01T17:00,22.6,84,24.8,0.0,0.0,3,100,9.9,254,12.9716,77.5946
2025-09-01T18:00,23.5,74,24.8,0.0,0.0,3,100,12.8,264,12.9716,77.5946
2025-09-01T19:00,22.8,78,24.2,0.0,0.0,3,100,12.8,266,12.9716,77.5946
2025-09-01T20:00,22.3,81,24.0,0.0,0.0,3,100,11.0,269,12.9716,77.5946
2025-09-01T21:00,22.0,81,23.2,0.0,0.0,3,100,13.0,270,12.9716,77.5946
2025-09-01T22:00,21.3,81,22.2,0.0,0.0,3,100,13.8,276,12.9716,77.5946
2025-09-01T23:00,20.7,83,21.6,0.0,0.0,3,100,13.4,277,12.9716,77.5946
2025-09-02T00:00,20.1,86,20.9,0.0,0.0,3,100,13.2,277,12.9716,77.5946
2025-09-02T01:00,19.7,89,20.6,0.0,0.0,2,57,13.2,275,12.9716,77.5946
2025-09-02T02:00,19.4,90,20.2,0.0,0.0,2,68,13.4,275,12.9716,77.5946
2025-09-02T03:00,19.1,92,20.3,0.0,0.0,3,98,11.4,274,12.9716,77.5946
2025-09-02T04:00,18.9,94,20.1,0.0,0.0,3,100,11.4,265,12.9716,77.5946
2025-09-02T05:00,18.8,95,19.8,0.0,0.0,3,100,12.3,265,12.9716,77.5946
2025-09-02T06:00,19.5,92,20.6,0.0,0.0,3,100,12.4,268,12.9716,77.5946
2025-09-02T07:00,20.6,89,21.7,0.0,0.0,3,100,14.0,271,12.9716,77.5946
2025-09-02T08:00,22.0,80,22.4,0.1,0.1,51,100,18.6,280,12.9716,77.5946
2025-09-02T09:00,23.2,73,23.1,0.1,0.1,51,100,21.3,285,12.9716,77.5946
2025-09-02T10:00,24.6,67,24.6,0.2,0.2,51,100,20.7,285,12.9716,77.5946
2025-09-02T11:00,25.6,63,26.2,0.2,0.2,51,100,22.1,286,12.9716,77.5946
2025-09-02T12:00,26.5,63,28.4,0.2,0.2,51,100,19.6,283,12.9716,77.5946
2025-09-02T13:00,27.2,61,29.0,0.0,0.0,3,100,19.6,281,12.9716,77.5946
2025-09-02T14:00,26.2,61,26.1,0.4,0.4,51,100,20.5,273,12.9716,77.5946
2025-09-02T15:00,23.7,81,26.1,2.8,2.8,63,100,10.2,246,12.9716,77.5946
2025-09-02T16:00,24.4,76,26.2,0.2,0.2,51,100,12.9,262,12.9716,77.5946
2025-09-02T17:00,21.9,87,23.9,1.4,1.4,61,100,10.7,262,12.9716,77.5946
2025-09-02T18:00,21.7,87,23.3,0.2,0.2,51,100,13.2,276,12.9716,77.5946
2025-09-02T19:00,21.8,89,23.8,0.1,0.1,51,100,12.3,281,12.9716,77.5946
2025-09-02T20:00,21.3,91,23.2,0.1,0.1,51,100,12.8,269,12.9716,77.5946
2025-09-02T21:00,21.0,91,22.5,0.0,0.0,3,100,14.1,259,12.9716,77.5946
2025-09-02T22:00,20.5,91,21.5,0.0,0.0,3,100,15.6,259,12.9716,77.5946
2025-09-02T23:00,20.1,93,21.4,0.0,0.0,3,100,14.3,260,12.9716,77.5946
2025-09-03T00:00,19.9,94,21.1,0.0,0.0,3,100,14.7,262,12.9716,77.5946
2025-09-03T01:00,19.6,95,20.6,0.0,0.0,3,100,15.0,263,12.9716,77.5946
2025-09-03T02:00,19.7,94,20.6,0.0,0.0,3,100,15.5,260,12.9716,77.5946
2025-09-03T03:00,19.7,94,20.6,0.0,0.0,3,100,15.6,262,12.9716,77.5946
2025-09-03T04:00,19.6,94,20.4,0.0,0.0,3,100,16.1,264,12.9716,77.5946
2025-09-03T05:00,19.6,94,20.4,0.0,0.0,3,100,16.2,266,12.9716,77.5946
2025-09-03T06:00,20.4,93,21.8,0.0,0.0,3,100,13.9,268,12.9716,77.5946
2025-09-03T07:00,21.0,91,22.3,0.0,0.0,3,100,15.3,271,12.9716,77.5946
2025-09-03T08:00,21.7,86,22.4,0.1,0.1,51,100,18.9,274,12.9716,77.5946
2025-09-03T09:00,22.6,81,23.4,0.1,0.1,51,100,17.6,286,12.9716,77.5946
2025-09-03T10:00,24.0,74,24.9,0.2,0.2,51,100,17.2,285,12.9716,77.5946
2025-09-03T11:00,25.5,70,27.0,0.3,0.3,51,100,17.2,288,12.9716,77.5946
2025-09-03T12:00,25.1,70,26.3,0.2,0.2,51,100,17.9,283,12.9716,77.5946
2025-09-03T13:00,23.8,80,25.8,1.3,1.3,61,93,16.0,278,12.9716,77.5946
2025-09-03T14:00,23.5,79,24.9,0.4,0.4,51,100,15.0,273,12.9716,77.5946
2025-09-03T15:00,23.9,82,26.1,0.4,0.4,51,100,13.9,250,12.9716,77.5946
2025-09-03T16:00,24.0,80,25.6,0.3,0.3,51,100,16.1,260,12.9716,77.5946
2025-09-03T17:00,22.6,84,24.2,0.7,0.7,53,100,14.3,260,12.9716,77.5946
2025-09-03T18:00,20.5,95,23.0,0.9,0.9,53,100,8.8,258,12.9716,77.5946
2025-09-03T19:00,20.9,93,23.0,0.0,0.0,3,99,11.2,252,12.9716,77.5946
2025-09-03T20:00,20.9,92,22.8,0.6,0.6,53,99,11.4,257,12.9716,77.5946
2025-09-03T21:00,20.9,94,22.8,0.0,0.0,2,56,13.4,248,12.9716,77.5946
2025-09-03T22:00,20.3,95,21.8,0.0,0.0,3,94,14.1,251,12.9716,77.5946
2025-09-03T23:00,19.8,96,21.3,0.0,0.0,3,92,13.0,250,12.9716,77.5946
2025-09-04T00:00,19.6,97,21.2,0.0,0.0,2,75,12.1,252,12.9716,77.5946
2025-09-04T01:00,19.5,98,21.1,0.0,0.0,3,100,12.0,256,12.9716,77.5946
2025-09-04T02:00,19.6,97,21.0,0.0,0.0,3,100,13.1,258,12.9716,77.5946
2025-09-04T03:00,19.7,96,21.1,0.1,0.1,51,100,13.5,254,12.9716,77.5946
2025-09-04T04:00,19.6,96,21.0,0.0,0.0,3,100,13.0,256,12.9716,77.5946
2025-09-04T05:00,19.3,97,20.6,0.0,0.0,3,99,13.2,255,12.9716,77.5946
2025-09-04T06:00,19.5,98,21.4,0.0,0.0,3,100,10.8,246,12.9716,77.5946
2025-09-04T07:00,20.5,93,21.8,0.0,0.0,3,100,14.8,252,12.9716,77.5946
2025-09-04T08:00,21.6,86,22.7,0.1,0.1,51,100,16.1,263,12.9716,77.5946
2025-09-04T09:00,22.6,82,23.7,0.5,0.5,53,100,16.4,269,12.9716,77.5946
2025-09-04T10:00,24.4,75,26.3,0.6,0.6,53,100,17.1,267,12.9716,77.5946
2025-09-04T11:00,24.7,70,25.4,0.2,0.2,51,100,19.4,269,12.9716,77.5946
2025-09-04T12:00,24.8,71,25.8,0.2,0.2,51,100,17.3,271,12.9716,77.5946
2025-09-04T13:00,26.0,68,28.0,0.3,0.3,51,100,17.5,269,12.9716,77.5946
2025-09-04T14:00,25.4,69,27.4,0.6,0.6,53,100,14.4,257,12.9716,77.5946
2025-09-04T15:00,25.5,66,26.4,0.0,0.0,3,100,16.6,257,12.9716,77.5946
2025-09-04T16:00,25.0,70,26.2,0.1,0.1,51,100,15.7,271,12.9716,77.5946
2025-09-04T17:00,24.7,73,26.2,0.1,0.1,51,100,14.2,263,12.9716,77.5946
2025-09-04T18:00,23.9,76,26.1,0.0,0.0,3,98,9.6,275,12.9716,77.5946
2025-09-04T19:00,23.2,78,24.9,0.0,0.0,3,93,11.2,282,12.9716,77.5946
2025-09-04T20:00,22.6,82,24.6,0.0,0.0,1,32,10.2,263,12.9716,77.5946
2025-09-04T21:00,21.8,87,23.8,0.0,0.0,2,50,10.8,252,12.9716,77.5946
2025-09-04T22:00,21.0,90,22.9,0.0,0.0,3,99,10.7,250,12.9716,77.5946
2025-09-04T23:00,20.6,91,22.5,0.0,0.0,3,100,10.9,248,12.9716,77.5946
2025-09-05T00:00,20.2,93,21.9,0.0,0.0,3,96,11.4,254,12.9716,77.5946
2025-09-05T01:00,19.8,95,21.6,0.0,0.0,3,99,10.6,255,12.9716,77.5946
2025-09-05T02:00,19.5,97,21.3,0.0,0.0,3,98,9.9,255,12.9716,77.5946
2025-09-05T03:00,19.2,98,21.0,0.0,0.0,3,100,10.3,255,12.9716,77.5946
2025-09-05T04:00,19.4,96,21.1,0.0,0.0,3,94,10.6,255,12.9716,77.5946
2025-09-05T05:00,19.1,97,20.8,0.0,0.0,3,100,9.7,252,12.9716,77.5946
2025-09-05T06:00,19.4,98,21.6,0.0,0.0,2,56,7.9,257,12.9716,77.5946
2025-09-05T07:00,20.5,94,22.4,0.0,0.0,2,74,10.9,261,12.9716,77.5946
2025-09-05T08:00,22.4,82,24.0,0.1,0.1,51,79,13.0,270,12.9716,77.5946
2025-09-05T09:00,23.8,75,25.3,0.1,0.1,51,100,13.4,277,12.9716,77.5946
2025-09-05T10:00,24.9,70,26.4,0.2,0.2,51,100,13.3,271,12.9716,77.5946
2025-09-05T11:00,25.8,66,27.9,0.3,0.3,51,100,12.9,264,12.9716,77.5946
2025-09-05T12:00,25.8,67,28.4,0.4,0.4,51,100,13.5,269,12.9716,77.5946
2025-09-05T13:00,26.1,68,28.5,0.1,0.1,51,100,11.6,263,12.9716,77.5946
2025-09-05T14:00,26.8,64,28.9,0.0,0.0,3,100,12.2,271,12.9716,77.5946
2025-09-05T15:00,26.8,62,28.4,0.0,0.0,3,87,13.0,272,12.9716,77.5946
2025-09-05T16:00,26.8,62,28.2,0.0,0.0,1,21,12.6,272,12.9716,77.5946
2025-09-05T17:00,26.2,65,27.9,0.0,0.0,0,12,11.7,268,12.9716,77.5946
2025-09-05T18:00,24.3,76,27.3,0.0,0.0,3,98,5.1,262,12.9716,77.5946
2025-09-05T19:00,23.6,79,26.6,0.0,0.0,2,54,4.9,253,12.9716,77.5946
2025-09-05T20:00,22.9,80,24.9,0.0,0.0,1,35,9.9,241,12.9716,77.5946
2025-09-05T21:00,21.9,85,24.0,0.0,0.0,1,47,9.4,257,12.9716,77.5946
2025-09-05T22:00,21.4,89,23.5,0.1,0.1,51,29,9.9,260,12.9716,77.5946
2025-09-05T23:00,20.7,91,22.7,0.0,0.0,0,15,9.4,250,12.9716,77.5946
2025-09-06T00:00,20.1,94,22.1,0.0,0.0,0,13,9.9,248,12.9716,77.5946
2025-09-06T01:00,19.7,96,21.6,0.0,0.0,1,29,10.0,256,12.9716,77.5946
2025-09-06T02:00,19.5,97,21.3,0.0,0.0,3,80,10.3,259,12.9716,77.5946
2025-09-06T03:00,19.4,98,21.2,0.0,0.0,3,81,10.1,251,12.9716,77.5946
2025-09-06T04:00,19.4,98,21.3,0.0,0.0,3,100,9.4,252,12.9716,77.5946
2025-09-06T05:00,19.4,97,21.4,0.0,0.0,3,100,9.2,259,12.9716,77.5946
2025-09-06T06:00,19.9,98,22.2,0.0,0.0,3,100,9.0,255,12.9716,77.5946
2025-09-06T07:00,20.9,92,22.5,0.0,0.0,3,100,13.3,270,12.9716,77.5946
2025-09-06T08:00,22.6,82,24.2,0.1,0.1,51,100,13.1,272,12.9716,77.5946
2025-09-06T09:00,23.1,80,24.8,0.0,0.0,3,98,12.2,271,12.9716,77.5946
2025-09-06T10:00,24.3,74,26.2,0.0,0.0,1,39,10.9,278,12.9716,77.5946
2025-09-06T11:00,26.0,68,29.7,0.2,0.2,51,46,11.4,274,12.9716,77.5946
2025-09-06T12:00,26.7,66,30.3,0.1,0.1,51,76,10.7,278,12.9716,77.5946
2025-09-06T13:00,27.0,64,30.2,0.0,0.0,3,85,10.6,266,12.9716,77.5946
2025-09-06T14:00,26.5,63,28.4,0.0,0.0,1,37,10.5,267,12.9716,77.5946
2025-09-06T15:00,27.0,61,28.8,0.0,0.0,1,34,12.1,267,12.9716,77.5946
2025-09-06T16:00,26.5,64,28.3,0.2,0.2,51,54,10.4,269,12.9716,77.5946
2025-09-06T17:00,24.9,72,27.2,0.6,0.6,53,77,9.2,273,12.9716,77.5946
2025-09-06T18:00,23.5,81,25.6,0.0,0.0,2,64,11.8,281,12.9716,77.5946
2025-09-06T19:00,22.2,88,24.5,0.1,0.1,51,44,10.9,279,12.9716,77.5946
2025-09-06T20:00,21.1,92,23.7,0.1,0.1,51,41,7.0,270,12.9716,77.5946
2025-09-06T21:00,20.6,93,22.5,0.2,0.2,51,100,11.4,252,12.9716,77.5946
2025-09-06T22:00,20.7,92,23.0,0.9,0.9,53,100,8.3,272,12.9716,77.5946
2025-09-06T23:00,20.6,95,23.0,0.8,0.8,53,100,8.6,271,12.9716,77.5946
2025-09-07T00:00,20.5,96,23.0,0.1,0.1,51,98,9.1,256,12.9716,77.5946
2025-09-07T01:00,20.1,98,22.5,0.0,0.0,3,100,9.0,260,12.9716,77.5946
2025-09-07T02:00,19.9,98,22.3,0.0,0.0,3,100,8.7,266,12.9716,77.5946
2025-09-07T03:00,19.7,99,22.1,0.0,0.0,3,100,8.7,266,12.9716,77.5946
2025-09-07T04:00,19.6,99,21.9,0.0,0.0,3,100,8.5,272,12.9716,77.5946
2025-09-07T05:00,19.7,98,21.9,0.0,0.0,3,100,9.0,280,12.9716,77.5946
2025-09-07T06:00,20.3,97,22.6,0.0,0.0,3,100,9.8,277,12.9716,77.5946
2025-09-07T07:00,20.8,95,23.0,0.1,0.1,51,100,10.8,274,12.9716,77.5946
2025-09-07T08:00,22.4,84,24.4,0.1,0.1,51,92,11.7,280,12.9716,77.5946
2025-09-07T09:00,24.1,74,25.9,0.0,0.0,3,83,11.5,278,12.9716,77.5946
2025-09-07T10:00,25.3,69,27.9,0.1,0.1,51,97,12.5,277,12.9716,77.5946
2025-09-07T11:00,26.1,65,29.2,0.1,0.1,51,57,13.0,276,12.9716,77.5946
2025-09-07T12:00,26.7,62,29.6,0.2,0.2,51,99,14.2,278,12.9716,77.5946
2025-09-07T13:00,27.5,59,30.8,0.1,0.1,51,99,13.4,277,12.9716,77.5946
2025-09-07T14:00,27.7,57,30.1,0.1,0.1,51,97,13.1,279,12.9716,77.5946
2025-09-07T15:00,27.5,57,29.0,0.2,0.2,51,85,14.3,281,12.9716,77.5946
2025-09-07T16:00,26.3,65,28.2,0.2,0.2,51,31,10.7,265,12.9716,77.5946
2025-09-07T17:00,24.6,73,26.3,0.5,0.5,53,69,12.7,264,12.9716,77.5946
2025-09-07T18:00,24.2,75,26.6,0.0,0.0,1,31,8.5,275,12.9716,77.5946
2025-09-07T19:00,23.3,79,25.4,0.0,0.0,1,44,9.9,302,12.9716,77.5946
2025-09-07T20:00,22.4,82,24.6,0.0,0.0,2,55,8.5,316,12.9716,77.5946
2025-09-07T21:00,22.0,84,24.3,0.0,0.0,3,98,6.9,287,12.9716,77.5946
2025-09-07T22:00,21.8,84,24.1,0.0,0.0,3,91,7.6,284,12.9716,77.5946
2025-09-07T23:00,21.3,87,23.5,0.0,0.0,3,95,8.3,281,12.9716,77.5946
2025-09-08T00:00,20.8,91,23.1,0.0,0.0,3,98,7.7,288,12.9716,77.5946
2025-09-08T01:00,20.2,94,22.7,0.0,0.0,1,42,6.7,290,12.9716,77.5946
2025-09-08T02:00,19.8,96,22.2,0.0,0.0,3,98,6.6,286,12.9716,77.5946
2025-09-08T03:00,19.4,98,21.8,0.0,0.0,3,81,6.7,279,12.9716,77.5946
2025-09-08T04:00,19.1,98,21.5,0.0,0.0,2,76,6.3,268,12.9716,77.5946
2025-09-08T05:00,18.8,99,21.0,0.0,0.0,3,100,6.5,265,12.9716,77.5946
2025-09-08T06:00,19.5,99,22.0,0.0,0.0,3,100,7.4,257,12.9716,77.5946
2025-09-08T07:00,20.1,96,22.5,0.0,0.0,3,100,7.7,267,12.9716,77.5946
2025-09-08T08:00,21.8,83,23.8,0.0,0.0,3,100,8.7,276,12.9716,77.5946
2025-09-08T09:00,23.7,74,25.7,0.0,0.0,3,100,8.6,271,12.9716,77.5946
2025-09-08T10:00,25.3,67,28.7,0.0,0.0,3,98,8.7,265,12.9716,77.5946
2025-09-08T11:00,26.6,59,30.1,0.1,0.1,51,99,10.6,273,12.9716,77.5946
2025-09-08T12:00,27.4,56,30.6,0.2,0.2,51,97,11.2,276,12.9716,77.5946
2025-09-08T13:00,27.8,54,31.0,0.2,0.2,51,48,10.0,277,12.9716,77.5946
2025-09-08T14:00,28.0,53,30.1,0.2,0.2,51,34,10.1,280,12.9716,77.5946
2025-09-08T15:00,28.0,53,30.0,0.1,0.1,51,74,10.4,284,12.9716,77.5946
2025-09-08T16:00,27.6,55,28.9,0.2,0.2,51,43,9.6,286,12.9716,77.5946
2025-09-08T17:00,26.9,58,28.5,0.0,0.0,1,32,8.8,289,12.9716,77.5946
2025-09-08T18:00,25.2,69,27.8,0.0,0.0,0,19,5.4,296,12.9716,77.5946
2025-09-08T19:00,24.4,73,27.3,0.0,0.0,0,9,4.7,298,12.9716,77.5946
2025-09-08T20:00,23.8,76,26.7,0.0,0.0,1,20,3.9,313,12.9716,77.5946
2025-09-08T21:00,23.4,76,26.0,0.0,0.0,1,33,5.1,342,12.9716,77.5946
2025-09-08T22:00,22.8,78,25.1,0.0,0.0,3,85,6.2,343,12.9716,77.5946
2025-09-08T23:00,22.1,80,23.9,0.0,0.0,3,99,8.5,318,12.9716,77.5946
2025-09-09T00:00,21.5,83,23.3,0.0,0.0,0,1,8.2,320,12.9716,77.5946
2025-09-09T01:00,20.5,89,22.5,0.0,0.0,0,5,8.3,318,12.9716,77.5946
2025-09-09T02:00,20.1,93,22.2,0.0,0.0,0,9,7.8,318,12.9716,77.5946
2025-09-09T03:00,19.7,94,21.7,0.0,0.0,0,6,7.8,323,12.9716,77.5946
2025-09-09T04:00,19.4,95,21.7,0.0,0.0,0,6,5.5,311,12.9716,77.5946
2025-09-09T05:00,19.1,95,21.2,0.0,0.0,1,20,6.0,314,12.9716,77.5946
2025-09-09T06:00,19.6,95,22.1,0.0,0.0,3,90,5.2,304,12.9716,77.5946
2025-09-09T07:00,20.6,92,23.4,0.0,0.0,2,75,4.5,307,12.9716,77.5946
2025-09-09T08:00,22.7,82,25.7,0.0,0.0,3,100,4.2,324,12.9716,77.5946
2025-09-09T09:00,24.9,72,28.1,0.0,0.0,3,89,4.2,306,12.9716,77.5946
2025-09-09T10:00,26.4,65,31.1,0.2,0.2,51,99,2.5,291,12.9716,77.5946
2025-09-09T11:00,27.2,59,31.3,0.1,0.1,51,99,4.0,249,12.9716,77.5946
2025-09-09T12:00,27.7,57,31.7,0.1,0.1,51,100,5.3,237,12.9716,77.5946
2025-09-09T13:00,28.2,56,32.4,0.4,0.4,51,100,5.5,253,12.9716,77.5946
2025-09-09T14:00,28.1,57,31.5,0.1,0.1,51,100,5.0,268,12.9716,77.5946
2025-09-09T15:00,27.8,59,30.4,0.0,0.0,3,90,5.0,272,12.9716,77.5946
2025-09-09T16:00,27.6,60,30.3,0.0,0.0,3,83,5.1,278,12.9716,77.5946
2025-09-09T17:00,25.9,67,28.5,0.1,0.1,51,78,6.5,265,12.9716,77.5946
2025-09-09T18:00,24.9,75,28.6,0.3,0.3,51,90,1.7,58,12.9716,77.5946
2025-09-09T19:00,24.3,79,27.8,0.0,0.0,2,63,4.0,30,12.9716,77.5946
2025-09-09T20:00,24.0,80,27.3,0.0,0.0,1,48,4.8,115,12.9716,77.5946
2025-09-09T21:00,22.5,86,25.3,0.2,0.2,51,76,6.6,227,12.9716,77.5946
2025-09-09T22:00,22.2,88,25.7,0.0,0.0,3,86,2.5,330,12.9716,77.5946
2025-09-09T23:00,22.2,89,25.8,0.0,0.0,2,57,2.4,318,12.9716,77.5946
2025-09-10T00:00,21.9,90,25.7,0.0,0.0,2,70,1.3,270,12.9716,77.5946
2025-09-10T01:00,21.6,88,24.7,0.1,0.1,51,48,3.8,275,12.9716,77.5946
2025-09-10T02:00,21.5,88,24.9,0.0,0.0,1,47,0.9,233,12.9716,77.5946
2025-09-10T03:00,21.2,87,23.9,0.0,0.0,1,45,4.2,306,12.9716,77.5946
2025-09-10T04:00,20.7,89,23.1,0.0,0.0,1,33,5.2,295,12.9716,77.5946
2025-09-10T05:00,20.3,90,22.7,0.0,0.0,1,27,5.5,308,12.9716,77.5946
2025-09-10T06:00,19.5,96,21.2,1.6,1.6,61,100,10.3,176,12.9716,77.5946
2025-09-10T07:00,20.1,94,23.0,3.0,3.0,63,96,2.9,4,12.9716,77.5946
2025-09-10T08:00,22.3,87,25.0,0.1,0.1,51,100,7.7,279,12.9716,77.5946
2025-09-10T09:00,23.8,82,27.0,0.0,0.0,3,93,5.6,274,12.9716,77.5946
2025-09-10T10:00,25.2,76,28.9,0.0,0.0,2,62,5.0,283,12.9716,77.5946
2025-09-10T11:00,26.7,69,32.4,0.0,0.0,2,67,4.6,296,12.9716,77.5946
2025-09-10T12:00,27.6,64,33.3,0.0,0.0,3,100,3.9,304,12.9716,77.5946
2025-09-10T13:00,27.5,62,30.4,0.0,0.0,3,100,5.1,315,12.9716,77.5946
2025-09-10T14:00,25.7,70,28.7,0.8,0.8,53,46,5.1,318,12.9716,77.5946
2025-09-10T15:00,25.7,68,28.2,0.3,0.3,51,78,8.5,288,12.9716,77.5946
2025-09-10T16:00,25.7,69,28.7,0.2,0.2,51,63,4.3,265,12.9716,77.5946
2025-09-10T17:00,25.2,72,28.0,0.0,0.0,1,31,6.7,270,12.9716,77.5946
2025-09-10T18:00,25.2,76,28.9,0.0,0.0,3,95,3.3,306,12.9716,77.5946
2025-09-10T19:00,25.1,80,29.4,0.0,0.0,3,100,1.7,328,12.9716,77.5946
2025-09-10T20:00,22.8,81,24.2,0.8,0.8,53,84,14.2,252,12.9716,77.5946
2025-09-10T21:00,20.1,95,22.9,1.6,1.6,61,80,4.2,317,12.9716,77.5946
2025-09-10T22:00,20.4,95,22.8,0.2,0.2,51,83,7.8,241,12.9716,77.5946
2025-09-10T23:00,20.3,94,22.9,0.1,0.1,51,83,5.8,206,12.9716,77.5946
2025-09-11T00:00,20.1,96,22.5,0.0,0.0,3,91,7.5,235,12.9716,77.5946
2025-09-11T01:00,19.9,98,22.4,0.0,0.0,2,60,7.6,239,12.9716,77.5946
2025-09-11T02:00,19.8,98,21.7,0.0,0.0,3,100,11.6,251,12.9716,77.5946
2025-09-11T03:00,19.6,97,21.5,0.3,0.3,51,98,10.3,308,12.9716,77.5946
2025-09-11T04:00,19.5,97,21.4,0.1,0.1,51,77,9.8,300,12.9716,77.5946
2025-09-11T05:00,19.3,98,21.2,0.0,0.0,2,73,9.2,303,12.9716,77.5946
2025-09-11T06:00,19.7,95,21.6,0.0,0.0,3,100,8.8,311,12.9716,77.5946
2025-09-11T07:00,20.7,92,23.2,0.0,0.0,3,99,6.9,319,12.9716,77.5946
2025-09-11T08:00,22.1,85,24.4,0.0,0.0,3,100,8.4,317,12.9716,77.5946
2025-09-11T09:00,22.9,78,24.6,0.0,0.0,3,100,10.9,314,12.9716,77.5946
2025-09-11T10:00,23.3,72,24.5,0.0,0.0,3,100,11.6,309,12.9716,77.5946
2025-09-11T11:00,24.4,68,26.1,0.0,0.0,3,100,12.6,314,12.9716,77.5946
2025-09-11T12:00,25.0,66,26.6,0.0,0.0,3,100,12.1,319,12.9716,77.5946
2025-09-11T13:00,25.3,63,27.0,0.0,0.0,3,100,12.0,311,12.9716,77.5946
2025-09-11T14:00,25.9,60,27.7,0.0,0.0,3,100,12.1,300,12.9716,77.5946
2025-09-11T15:00,26.3,58,27.5,0.0,0.0,3,98,13.2,308,12.9716,77.5946
2025-09-11T16:00,26.2,57,26.5,0.0,0.0,3,100,14.5,309,12.9716,77.5946
2025-09-11T17:00,24.5,66,25.7,0.0,0.0,3,98,11.2,325,12.9716,77.5946
2025-09-11T18:00,23.3,74,25.3,0.0,0.0,3,100,7.7,323,12.9716,77.5946
2025-09-11T19:00,22.8,78,25.0,0.0,0.0,3,100,6.8,343,12.9716,77.5946
2025-09-11T20:00,22.5,81,25.0,0.0,0.0,3,100,6.0,351,12.9716,77.5946
2025-09-11T21:00,22.1,83,24.5,0.0,0.0,3,100,6.4,350,12.9716,77.5946
2025-09-11T22:00,21.8,84,24.2,0.0,0.0,3,100,6.3,336,12.9716,77.5946
2025-09-11T23:00,21.6,84,23.6,0.0,0.0,3,100,8.3,327,12.9716,77.5946
2025-09-12T00:00,21.4,84,23.3,0.0,0.0,3,100,8.3,311,12.9716,77.5946
2025-09-12T01:00,20.9,86,22.8,0.0,0.0,3,100,8.1,299,12.9716,77.5946
2025-09-12T02:00,20.6,88,22.5,0.0,0.0,3,100,8.7,291,12.9716,77.5946
2025-09-12T03:00,20.3,91,22.2,0.0,0.0,3,100,8.9,291,12.9716,77.5946
2025-09-12T04:00,19.9,93,21.6,0.0,0.0,3,100,10.0,308,12.9716,77.5946
2025-09-12T05:00,19.6,94,21.4,0.0,0.0,3,100,9.6,310,12.9716,77.5946
2025-09-12T06:00,20.0,92,22.0,0.0,0.0,3,100,7.6,297,12.9716,77.5946
2025-09-12T07:00,20.6,89,22.7,0.0,0.0,3,100,7.5,300,12.9716,77.5946
2025-09-12T08:00,21.2,85,23.2,0.0,0.0,3,100,8.1,298,12.9716,77.5946
2025-09-12T09:00,23.2,75,24.8,0.0,0.0,3,100,10.6,300,12.9716,77.5946
2025-09-12T10:00,24.8,67,26.1,0.0,0.0,3,100,12.5,305,12.9716,77.5946
2025-09-12T11:00,25.4,65,27.0,0.0,0.0,3,100,11.3,304,12.9716,77.5946
2025-09-12T12:00,26.3,61,28.6,0.1,0.1,51,100,11.7,304,12.9716,77.5946
2025-09-12T13:00,27.0,58,29.8,0.1,0.1,51,100,12.6,304,12.9716,77.5946
2025-09-12T14:00,27.2,56,29.2,0.1,0.1,51,100,11.4,296,12.9716,77.5946
2025-09-12T15:00,27.2,56,28.2,0.1,0.1,51,100,12.2,298,12.9716,77.5946
2025-09-12T16:00,26.7,57,27.6,0.0,0.0,3,100,11.8,295,12.9716,77.5946
2025-09-12T17:00,25.8,61,27.1,0.0,0.0,3,100,9.8,294,12.9716,77.5946
2025-09-12T18:00,24.3,69,26.1,0.0,0.0,3,100,8.0,301,12.9716,77.5946
2025-09-12T19:00,23.6,71,25.5,0.0,0.0,3,100,7.4,317,12.9716,77.5946
2025-09-12T20:00,22.9,76,25.3,0.0,0.0,3,100,5.1,337,12.9716,77.5946
2025-09-12T21:00,22.4,78,24.9,0.0,0.0,3,100,4.5,353,12.9716,77.5946
2025-09-12T22:00,21.8,81,24.2,0.0,0.0,3,100,4.2,355,12.9716,77.5946
2025-09-12T23:00,21.5,79,23.1,0.0,0.0,3,98,8.0,350,12.9716,77.5946
2025-09-13T00:00,20.9,80,22.3,0.0,0.0,2,70,8.5,356,12.9716,77.5946
2025-09-13T01:00,20.5,83,22.0,0.0,0.0,3,93,8.3,355,12.9716,77.5946
2025-09-13T02:00,20.1,86,21.7,0.0,0.0,3,100,7.5,323,12.9716,77.5946
2025-09-13T03:00,19.6,90,21.6,0.0,0.0,2,55,5.6,277,12.9716,77.5946
2025-09-13T04:00,19.2,92,21.3,0.0,0.0,3,93,5.5,253,12.9716,77.5946
2025-09-13T05:00,18.9,96,20.9,0.0,0.0,3,92,6.5,270,12.9716,77.5946
2025-09-13T06:00,20.0,97,22.3,0.2,0.2,51,100,8.6,280,12.9716,77.5946
2025-09-13T07:00,20.9,91,22.8,0.0,0.0,3,100,11.4,275,12.9716,77.5946
2025-09-13T08:00,22.4,83,24.3,0.1,0.1,51,99,10.6,281,12.9716,77.5946
2025-09-13T09:00,23.8,74,25.5,0.2,0.2,51,99,10.8,288,12.9716,77.5946
2025-09-13T10:00,25.2,68,27.5,0.2,0.2,51,100,11.2,286,12.9716,77.5946
2025-09-13T11:00,26.2,63,28.9,0.1,0.1,51,100,10.8,280,12.9716,77.5946
2025-09-13T12:00,27.1,58,30.0,0.1,0.1,51,100,10.3,269,12.9716,77.5946
2025-09-13T13:00,28.1,54,31.4,0.1,0.1,51,100,10.2,262,12.9716,77.5946
2025-09-13T14:00,27.8,53,30.0,0.1,0.1,51,99,11.3,261,12.9716,77.5946
2025-09-13T15:00,27.5,54,29.0,0.1,0.1,51,96,11.3,261,12.9716,77.5946
2025-09-13T16:00,27.3,53,28.0,0.0,0.0,3,97,11.5,256,12.9716,77.5946
2025-09-13T17:00,26.4,57,27.3,0.0,0.0,2,78,11.2,255,12.9716,77.5946
2025-09-13T18:00,24.2,70,26.6,0.0,0.0,3,100,4.3,182,12.9716,77.5946
2025-09-13T19:00,23.5,76,26.3,0.0,0.0,3,100,3.4,162,12.9716,77.5946
2025-09-13T20:00,23.2,78,26.1,0.0,0.0,3,100,3.1,177,12.9716,77.5946
2025-09-13T21:00,23.2,73,25.0,0.0,0.0,3,100,7.1,232,12.9716,77.5946
2025-09-13T22:00,22.1,77,23.2,0.0,0.0,3,100,11.6,254,12.9716,77.5946
2025-09-13T23:00,21.1,86,22.8,0.0,0.0,3,100,9.8,263,12.9716,77.5946
2025-09-14T00:00,20.6,90,22.7,0.0,0.0,3,100,8.0,252,12.9716,77.5946
2025-09-14T01:00,20.3,91,22.5,0.0,0.0,3,100,7.6,243,12.9716,77.5946
2025-09-14T02:00,19.9,93,22.0,0.0,0.0,3,100,7.5,240,12.9716,77.5946
2025-09-14T03:00,19.4,95,21.6,0.0,0.0,3,88,6.9,242,12.9716,77.5946
2025-09-14T04:00,19.0,96,21.0,0.0,0.0,3,100,7.1,251,12.9716,77.5946
2025-09-14T05:00,18.8,97,20.7,0.0,0.0,3,100,7.8,251,12.9716,77.5946
2025-09-14T06:00,19.2,96,21.2,0.0,0.0,3,100,7.7,259,12.9716,77.5946
2025-09-14T07:00,20.1,91,22.2,0.0,0.0,3,100,7.2,258,12.9716,77.5946
2025-09-14T08:00,21.7,81,23.3,0.0,0.0,3,100,9.4,265,12.9716,77.5946
2025-09-14T09:00,23.3,73,24.7,0.0,0.0,3,100,10.3,268,12.9716,77.5946
2025-09-14T10:00,24.9,66,27.0,0.0,0.0,3,100,10.1,270,12.9716,77.5946
2025-09-14T11:00,25.7,59,26.7,0.0,0.0,3,99,12.6,283,12.9716,77.5946
2025-09-14T12:00,26.9,54,28.8,0.0,0.0,3,97,13.1,279,12.9716,77.5946
2025-09-14T13:00,27.0,54,27.8,0.0,0.0,3,94,12.6,268,12.9716,77.5946
2025-09-14T14:00,27.8,50,29.1,0.0,0.0,3,100,10.5,264,12.9716,77.5946
2025-09-14T15:00,27.7,49,28.5,0.0,0.0,3,100,8.0,275,12.9716,77.5946
2025-09-14T16:00,27.1,51,28.2,0.0,0.0,3,100,5.8,261,12.9716,77.5946
2025-09-14T17:00,26.7,54,28.1,0.0,0.0,2,72,6.1,212,12.9716,77.5946
2025-09-14T18:00,25.0,65,27.1,0.0,0.0,3,89,6.0,217,12.9716,77.5946
2025-09-14T19:00,24.3,72,27.0,0.0,0.0,1,35,4.1,255,12.9716,77.5946
2025-09-14T20:00,24.0,69,25.6,0.0,0.0,1,22,8.6,241,12.9716,77.5946
2025-09-14T21:00,22.4,79,23.9,0.0,0.0,1,34,11.7,247,12.9716,77.5946
2025-09-14T22:00,21.6,84,23.6,0.0,0.0,1,36,9.1,252,12.9716,77.5946
2025-09-14T23:00,21.2,87,23.3,0.0,0.0,2,55,8.6,258,12.9716,77.5946
2025-09-15T00:00,20.7,90,22.6,0.0,0.0,2,52,9.4,267,12.9716,77.5946
2025-09-15T01:00,20.3,91,22.1,0.0,0.0,3,100,10.4,262,12.9716,77.5946
2025-09-15T02:00,19.9,93,21.5,0.0,0.0,3,99,11.1,257,12.9716,77.5946
2025-09-15T03:00,19.5,95,21.0,0.0,0.0,3,100,11.4,257,12.9716,77.5946
2025-09-15T04:00,19.3,96,20.8,0.0,0.0,3,100,11.3,257,12.9716,77.5946
2025-09-15T05:00,19.1,96,20.8,0.0,0.0,3,99,9.7,267,12.9716,77.5946
2025-09-15T06:00,19.6,96,21.8,0.0,0.0,3,100,8.0,261,12.9716,77.5946
2025-09-15T07:00,20.8,89,22.6,0.0,0.0,3,100,10.0,257,12.9716,77.5946
2025-09-15T08:00,22.9,76,24.1,0.0,0.0,3,100,12.6,266,12.9716,77.5946
2025-09-15T09:00,24.0,69,24.8,0.0,0.0,3,100,14.2,271,12.9716,77.5946
2025-09-15T10:00,25.8,61,26.6,0.0,0.0,3,100,13.9,273,12.9716,77.5946
2025-09-15T11:00,26.9,56,28.4,0.1,0.1,51,100,13.0,271,12.9716,77.5946
2025-09-15T12:00,27.9,53,30.2,0.3,0.3,51,100,12.1,274,12.9716,77.5946
2025-09-15T13:00,28.3,53,30.9,0.5,0.5,53,98,12.8,271,12.9716,77.5946
2025-09-15T14:00,28.4,53,30.4,0.8,0.8,53,94,13.2,266,12.9716,77.5946
2025-09-15T15:00,28.0,54,29.4,0.2,0.2,51,31,14.1,267,12.9716,77.5946
2025-09-15T16:00,27.3,57,27.8,0.0,0.0,1,41,15.8,253,12.9716,77.5946
2025-09-15T17:00,25.4,68,26.9,0.0,0.0,1,23,12.5,263,12.9716,77.5946
2025-09-15T18:00,24.7,71,26.2,0.0,0.0,2,71,13.2,253,12.9716,77.5946
2025-09-15T19:00,22.8,81,25.1,0.1,0.1,51,39,9.0,314,12.9716,77.5946
2025-09-15T20:00,22.1,85,24.6,0.0,0.0,3,88,7.1,306,12.9716,77.5946
2025-09-15T21:00,21.6,87,24.3,0.0,0.0,3,100,5.5,287,12.9716,77.5946
2025-09-15T22:00,21.0,89,23.3,0.0,0.0,3,100,7.8,228,12.9716,77.5946
2025-09-15T23:00,20.9,89,23.0,0.0,0.0,3,100,8.1,265,12.9716,77.5946
2025-09-16T00:00,20.6,92,22.8,0.0,0.0,3,100,8.0,262,12.9716,77.5946
2025-09-16T01:00,20.6,93,23.0,0.0,0.0,3,100,8.0,254,12.9716,77.5946
2025-09-16T02:00,20.3,95,23.0,0.0,0.0,3,100,6.2,237,12.9716,77.5946
2025-09-16T03:00,20.0,98,22.1,0.1,0.1,51,100,10.3,269,12.9716,77.5946
2025-09-16T04:00,20.1,96,22.2,0.1,0.1,51,100,9.8,275,12.9716,77.5946
2025-09-16T05:00,19.8,96,22.0,0.0,0.0,3,100,8.7,274,12.9716,77.5946
2025-09-16T06:00,20.1,98,22.6,0.0,0.0,3,100,8.3,248,12.9716,77.5946
2025-09-16T07:00,20.8,92,22.6,0.0,0.0,3,100,11.7,252,12.9716,77.5946
2025-09-16T08:00,22.1,83,23.9,0.0,0.0,3,100,10.6,256,12.9716,77.5946
2025-09-16T09:00,23.9,74,25.6,0.0,0.0,3,100,11.0,270,12.9716,77.5946
2025-09-16T10:00,24.8,70,26.6,0.1,0.1,51,100,10.5,266,12.9716,77.5946
2025-09-16T11:00,25.4,68,27.1,0.0,0.0,3,100,10.8,255,12.9716,77.5946
2025-09-16T12:00,27.0,62,30.1,0.0,0.0,3,100,10.4,260,12.9716,77.5946
2025-09-16T13:00,27.1,62,29.0,0.0,0.0,3,100,9.9,260,12.9716,77.5946
2025-09-16T14:00,27.6,59,29.2,0.0,0.0,3,100,11.2,252,12.9716,77.5946
2025-09-16T15:00,27.0,62,28.9,0.0,0.0,3,91,9.9,267,12.9716,77.5946
2025-09-16T16:00,23.0,78,24.0,1.4,1.4,61,100,16.1,241,12.9716,77.5946
2025-09-16T17:00,22.1,85,24.7,0.5,0.5,53,74,6.8,282,12.9716,77.5946
2025-09-16T18:00,21.8,91,24.7,1.5,1.5,61,100,7.0,266,12.9716,77.5946
2025-09-16T19:00,21.4,92,24.3,0.1,0.1,51,100,6.8,235,12.9716,77.5946
2025-09-16T20:00,21.5,91,24.7,0.1,0.1,51,100,4.8,255,12.9716,77.5946
2025-09-16T21:00,20.8,94,23.4,0.7,0.7,53,96,7.4,238,12.9716,77.5946
2025-09-16T22:00,20.9,95,23.6,0.1,0.1,51,99,7.5,278,12.9716,77.5946
2025-09-16T23:00,20.7,96,23.5,0.0,0.0,3,100,7.0,270,12.9716,77.5946
2025-09-17T00:00,20.5,98,23.3,0.0,0.0,3,100,7.4,248,12.9716,77.5946
2025-09-17T01:00,20.4,98,23.1,0.0,0.0,3,100,7.5,253,12.9716,77.5946
2025-09-17T02:00,20.2,97,22.9,0.0,0.0,3,100,6.9,264,12.9716,77.5946
2025-09-17T03:00,20.1,97,22.6,0.0,0.0,3,100,7.3,281,12.9716,77.5946
2025-09-17T04:00,20.1,97,22.6,0.0,0.0,3,97,7.5,280,12.9716,77.5946
2025-09-17T05:00,19.7,98,22.2,0.0,0.0,3,100,7.2,264,12.9716,77.5946
2025-09-17T06:00,20.2,97,23.1,0.0,0.0,3,100,5.9,247,12.9716,77.5946
2025-09-17T07:00,20.5,95,23.1,0.0,0.0,3,100,7.7,271,12.9716,77.5946
2025-09-17T08:00,21.7,87,23.9,0.0,0.0,3,100,9.6,293,12.9716,77.5946
2025-09-17T09:00,23.6,76,25.6,0.2,0.2,51,100,10.3,295,12.9716,77.5946
2025-09-17T10:00,23.9,76,26.0,0.1,0.1,51,100,9.6,290,12.9716,77.5946
2025-09-17T11:00,24.7,74,26.9,0.3,0.3,51,100,9.9,286,12.9716,77.5946
2025-09-17T12:00,25.0,72,27.4,0.4,0.4,51,100,8.9,298,12.9716,77.5946
2025-09-17T13:00,25.0,72,27.5,0.4,0.4,51,100,7.7,291,12.9716,77.5946
2025-09-17T14:00,25.7,69,28.2,0.2,0.2,51,100,6.9,287,12.9716,77.5946
2025-09-17T15:00,25.3,71,27.9,0.4,0.4,51,98,7.6,265,12.9716,77.5946
2025-09-17T16:00,25.4,73,28.1,0.2,0.2,51,25,8.5,252,12.9716,77.5946
2025-09-17T17:00,22.1,88,24.4,3.7,3.7,63,100,10.8,216,12.9716,77.5946
2025-09-17T18:00,23.8,82,26.9,0.0,0.0,3,100,6.8,228,12.9716,77.5946
2025-09-17T19:00,21.5,95,24.1,2.5,2.5,63,100,10.1,266,12.9716,77.5946
2025-09-17T20:00,20.9,97,23.6,1.0,1.0,55,100,8.7,262,12.9716,77.5946
2025-09-17T21:00,20.8,97,23.6,0.3,0.3,51,100,8.2,241,12.9716,77.5946
2025-09-17T22:00,20.5,96,23.4,0.9,0.9,53,100,6.0,224,12.9716,77.5946
2025-09-17T23:00,20.3,98,22.9,0.1,0.1,51,100,8.5,234,12.9716,77.5946
2025-09-18T00:00,20.2,99,22.9,0.2,0.2,51,100,7.6,232,12.9716,77.5946
2025-09-18T01:00,20.1,100,22.4,0.1,0.1,51,100,10.6,270,12.9716,77.5946
2025-09-18T02:00,20.3,97,22.2,0.1,0.1,51,100,12.4,273,12.9716,77.5946
2025-09-18T03:00,20.1,97,22.1,0.0,0.0,3,100,10.8,274,12.9716,77.5946
2025-09-18T04:00,19.8,98,22.0,0.0,0.0,3,100,9.7,270,12.9716,77.5946
2025-09-18T05:00,19.9,98,22.0,0.0,0.0,3,100,9.8,276,12.9716,77.5946
2025-09-18T06:00,20.1,98,22.0,0.2,0.2,51,100,11.8,258,12.9716,77.5946
2025-09-18T07:00,20.6,95,22.3,0.2,0.2,51,99,14.0,263,12.9716,77.5946
2025-09-18T08:00,22.3,85,24.0,0.1,0.1,51,100,13.4,265,12.9716,77.5946
2025-09-18T09:00,23.0,82,25.0,0.1,0.1,51,100,12.1,267,12.9716,77.5946
2025-09-18T10:00,25.0,76,28.5,0.1,0.1,51,95,10.7,276,12.9716,77.5946
2025-09-18T11:00,26.2,70,30.1,0.0,0.0,3,100,11.8,277,12.9716,77.5946
2025-09-18T12:00,26.9,66,30.5,0.0,0.0,3,100,12.1,282,12.9716,77.5946
2025-09-18T13:00,27.3,64,30.5,0.1,0.1,51,100,11.8,283,12.9716,77.5946
2025-09-18T14:00,26.4,67,28.8,0.0,0.0,3,96,9.0,276,12.9716,77.5946
2025-09-18T15:00,24.7,71,25.9,0.3,0.3,51,100,15.5,282,12.9716,77.5946
2025-09-18T16:00,22.1,88,25.2,4.2,4.2,63,100,5.4,250,12.9716,77.5946
2025-09-18T17:00,22.5,89,25.8,0.3,0.3,51,100,6.2,277,12.9716,77.5946
2025-09-18T18:00,22.4,88,25.4,0.0,0.0,3,100,6.0,311,12.9716,77.5946
2025-09-18T19:00,21.8,89,24.4,0.7,0.7,53,99,8.1,267,12.9716,77.5946
2025-09-18T20:00,20.5,95,22.9,7.0,7.0,63,100,8.7,256,12.9716,77.5946
2025-09-18T21:00,20.2,98,22.6,2.7,2.7,63,100,9.4,223,12.9716,77.5946
2025-09-18T22:00,20.5,96,22.7,0.1,0.1,51,100,10.5,239,12.9716,77.5946
2025-09-18T23:00,20.5,95,22.5,0.0,0.0,3,100,10.7,257,12.9716,77.5946
2025-09-19T00:00,20.1,95,21.8,0.0,0.0,3,100,12.1,258,12.9716,77.5946
2025-09-19T01:00,19.8,95,21.5,0.1,0.1,51,100,11.9,264,12.9716,77.5946
2025-09-19T02:00,19.7,96,21.4,0.1,0.1,51,100,11.4,276,12.9716,77.5946
2025-09-19T03:00,19.4,97,21.4,0.1,0.1,51,99,9.5,280,12.9716,77.5946
2025-09-19T04:00,19.3,98,21.3,0.3,0.3,51,100,8.8,282,12.9716,77.5946
2025-09-19T05:00,19.3,98,21.4,0.0,0.0,3,100,8.1,271,12.9716,77.5946
2025-09-19T06:00,19.7,98,21.9,0.9,0.9,53,100,8.9,277,12.9716,77.5946
2025-09-19T07:00,19.9,98,21.9,0.8,0.8,53,100,11.0,249,12.9716,77.5946
2025-09-19T08:00,20.8,92,22.2,0.6,0.6,53,100,14.0,269,12.9716,77.5946
2025-09-19T09:00,21.8,89,23.5,0.6,0.6,53,100,14.0,269,12.9716,77.5946
2025-09-19T10:00,21.7,88,23.3,0.8,0.8,53,100,14.5,265,12.9716,77.5946
2025-09-19T11:00,22.7,84,24.4,0.6,0.6,53,100,13.9,267,12.9716,77.5946
2025-09-19T12:00,22.7,84,24.7,0.1,0.1,51,100,12.0,258,12.9716,77.5946
2025-09-19T13:00,22.6,86,24.9,0.0,0.0,3,100,10.9,253,12.9716,77.5946
2025-09-19T14:00,24.3,79,26.8,0.1,0.1,51,100,11.7,255,12.9716,77.5946
2025-09-19T15:00,24.2,78,26.6,0.2,0.2,51,100,10.4,247,12.9716,77.5946
2025-09-19T16:00,23.6,81,26.0,0.4,0.4,51,100,9.8,238,12.9716,77.5946
2025-09-19T17:00,23.0,85,26.0,0.8,0.8,53,100,7.1,254,12.9716,77.5946
2025-09-19T18:00,22.3,84,24.6,0.0,0.0,3,100,8.7,276,12.9716,77.5946
2025-09-19T19:00,21.7,86,24.0,0.1,0.1,51,100,7.7,271,12.9716,77.5946
2025-09-19T20:00,21.0,89,23.3,0.1,0.1,51,100,8.2,260,12.9716,77.5946
2025-09-19T21:00,20.7,90,22.7,0.0,0.0,3,100,9.6,278,12.9716,77.5946
2025-09-19T22:00,20.3,92,22.2,0.1,0.1,51,100,9.7,273,12.9716,77.5946
2025-09-19T23:00,20.0,94,21.9,0.0,0.0,3,100,9.4,271,12.9716,77.5946
2025-09-20T00:00,19.8,96,21.8,0.0,0.0,3,100,9.4,268,12.9716,77.5946
2025-09-20T01:00,19.7,96,21.6,0.0,0.0,3,99,9.6,274,12.9716,77.5946
2025-09-20T02:00,19.5,96,21.3,0.0,0.0,3,97,10.3,276,12.9716,77.5946
2025-09-20T03:00,19.3,97,21.1,0.0,0.0,3,100,10.1,280,12.9716,77.5946
2025-09-20T04:00,19.3,98,21.1,0.0,0.0,3,100,9.8,294,12.9716,77.5946
2025-09-20T05:00,19.4,97,21.1,0.0,0.0,3,100,10.7,290,12.9716,77.5946
2025-09-20T06:00,19.9,97,22.1,0.1,0.1,51,100,9.6,278,12.9716,77.5946
2025-09-20T07:00,20.5,93,22.3,0.1,0.1,51,100,12.0,261,12.9716,77.5946
2025-09-20T08:00,20.9,90,22.5,0.2,0.2,51,100,12.4,278,12.9716,77.5946
2025-09-20T09:00,22.1,84,23.7,0.1,0.1,51,100,12.8,286,12.9716,77.5946
2025-09-20T10:00,23.3,77,24.7,0.0,0.0,3,100,13.1,286,12.9716,77.5946
2025-09-20T11:00,25.0,71,28.0,0.2,0.2,51,100,13.7,289,12.9716,77.5946
2025-09-20T12:00,25.9,70,29.3,0.1,0.1,51,100,13.2,282,12.9716,77.5946
2025-09-20T13:00,26.7,66,29.7,0.1,0.1,51,100,13.2,292,12.9716,77.5946
2025-09-20T14:00,23.1,83,25.8,3.0,3.0,63,99,7.3,295,12.9716,77.5946
2025-09-20T15:00,24.5,78,27.3,0.3,0.3,51,83,8.9,297,12.9716,77.5946
2025-09-20T16:00,25.2,72,27.8,0.1,0.1,51,84,7.8,285,12.9716,77.5946
2025-09-20T17:00,22.6,83,23.9,11.9,11.9,65,100,16.7,233,12.9716,77.5946
2025-09-20T18:00,23.3,81,26.3,0.0,0.0,3,94,5.6,264,12.9716,77.5946
2025-09-20T19:00,22.2,87,24.4,0.0,0.0,3,88,10.8,224,12.9716,77.5946
2025-09-20T20:00,21.1,92,23.7,0.0,0.0,2,70,7.3,232,12.9716,77.5946
2025-09-20T21:00,20.7,95,23.1,0.0,0.0,1,45,9.0,247,12.9716,77.5946
2025-09-20T22:00,20.6,95,23.0,0.0,0.0,1,48,9.0,269,12.9716,77.5946
2025-09-20T23:00,20.3,94,22.5,0.0,0.0,2,69,8.4,285,12.9716,77.5946
2025-09-21T00:00,19.9,95,22.0,0.0,0.0,3,98,8.7,291,12.9716,77.5946
2025-09-21T01:00,19.7,96,21.8,0.0,0.0,3,100,8.7,292,12.9716,77.5946
2025-09-21T02:00,19.5,97,21.6,0.0,0.0,3,100,8.8,287,12.9716,77.5946
2025-09-21T03:00,19.4,96,21.4,0.0,0.0,3,98,8.8,289,12.9716,77.5946
2025-09-21T04:00,19.3,95,21.0,0.0,0.0,3,85,9.6,284,12.9716,77.5946
2025-09-21T05:00,18.9,96,20.6,0.0,0.0,3,95,8.9,277,12.9716,77.5946
2025-09-21T06:00,19.5,95,21.4,0.0,0.0,3,99,9.2,286,12.9716,77.5946
2025-09-21T07:00,20.4,90,21.6,0.0,0.0,3,100,13.7,287,12.9716,77.5946
2025-09-21T08:00,21.9,82,22.9,0.0,0.0,3,100,14.6,291,12.9716,77.5946
2025-09-21T09:00,23.1,76,24.2,0.0,0.0,3,100,14.5,292,12.9716,77.5946
2025-09-21T10:00,24.2,73,25.8,0.1,0.1,51,100,12.1,295,12.9716,77.5946
2025-09-21T11:00,25.0,70,26.7,0.0,0.0,3,100,12.2,294,12.9716,77.5946
2025-09-21T12:00,26.4,65,30.2,0.1,0.1,51,100,11.8,299,12.9716,77.5946
2025-09-21T13:00,26.9,62,30.9,0.1,0.1,51,100,10.2,298,12.9716,77.5946
2025-09-21T14:00,27.0,61,29.9,0.2,0.2,51,96,10.3,305,12.9716,77.5946
2025-09-21T15:00,27.0,60,29.2,0.2,0.2,51,100,9.4,302,12.9716,77.5946
2025-09-21T16:00,26.2,64,28.1,0.2,0.2,51,89,9.3,280,12.9716,77.5946
2025-09-21T17:00,25.2,69,27.5,0.0,0.0,3,99,7.8,248,12.9716,77.5946
2025-09-21T18:00,22.6,86,25.8,0.2,0.2,51,95,5.0,314,12.9716,77.5946
2025-09-21T19:00,22.2,90,25.6,0.4,0.4,51,98,4.4,297,12.9716,77.5946
2025-09-21T20:00,21.8,88,23.9,0.1,0.1,51,100,11.2,268,12.9716,77.5946
2025-09-21T21:00,21.3,91,23.3,0.0,0.0,3,96,11.2,270,12.9716,77.5946
2025-09-21T22:00,20.2,95,22.2,0.3,0.3,51,100,10.5,290,12.9716,77.5946
2025-09-21T23:00,20.0,95,22.1,1.6,1.6,61,100,8.9,251,12.9716,77.5946
2025-09-22T00:00,20.1,97,22.6,0.3,0.3,51,100,7.2,251,12.9716,77.5946
2025-09-22T01:00,20.1,97,22.4,0.0,0.0,3,100,9.4,270,12.9716,77.5946
2025-09-22T02:00,20.0,98,22.3,0.0,0.0,3,100,9.0,267,12.9716,77.5946
2025-09-22T03:00,19.7,98,21.9,0.0,0.0,2,66,9.2,272,12.9716,77.5946
2025-09-22T04:00,19.4,98,21.4,0.0,0.0,3,88,9.9,273,12.9716,77.5946
2025-09-22T05:00,19.2,98,21.1,0.0,0.0,3,100,9.1,260,12.9716,77.5946
2025-09-22T06:00,19.9,96,22.0,0.0,0.0,3,100,9.2,270,12.9716,77.5946
2025-09-22T07:00,20.8,91,22.3,0.0,0.0,3,100,13.2,282,12.9716,77.5946
2025-09-22T08:00,22.2,81,23.3,0.0,0.0,3,100,15.0,287,12.9716,77.5946
2025-09-22T09:00,23.4,74,24.5,0.0,0.0,3,100,13.6,282,12.9716,77.5946
2025-09-22T10:00,24.8,68,26.5,0.0,0.0,3,100,15.0,286,12.9716,77.5946
2025-09-22T11:00,25.7,63,27.9,0.0,0.0,3,100,15.1,288,12.9716,77.5946
2025-09-22T12:00,26.4,59,28.4,0.0,0.0,3,100,14.1,283,12.9716,77.5946
2025-09-22T13:00,26.8,60,29.6,0.0,0.0,3,100,12.0,283,12.9716,77.5946
2025-09-22T14:00,27.1,58,29.5,0.0,0.0,3,100,13.1,283,12.9716,77.5946
2025-09-22T15:00,26.5,61,27.8,0.1,0.1,51,100,12.9,285,12.9716,77.5946
2025-09-22T16:00,25.9,66,27.8,0.1,0.1,51,100,10.5,262,12.9716,77.5946
2025-09-22T17:00,22.3,85,24.3,0.8,0.8,53,100,11.5,262,12.9716,77.5946
2025-09-22T18:00,23.6,75,25.2,0.0,0.0,3,100,11.4,252,12.9716,77.5946
2025-09-22T19:00,22.6,81,24.6,0.0,0.0,3,100,9.6,250,12.9716,77.5946
2025-09-22T20:00,22.1,84,23.8,0.0,0.0,3,100,12.0,261,12.9716,77.5946
2025-09-22T21:00,21.4,88,23.4,0.1,0.1,51,100,10.1,268,12.9716,77.5946
2025-09-22T22:00,21.0,90,22.5,0.0,0.0,3,100,13.0,264,12.9716,77.5946
2025-09-22T23:00,20.6,91,22.2,0.0,0.0,3,97,12.0,261,12.9716,77.5946
2025-09-23T00:00,20.1,93,21.8,0.0,0.0,3,100,11.2,260,12.9716,77.5946
2025-09-23T01:00,19.9,94,21.5,0.0,0.0,3,100,11.7,260,12.9716,77.5946
2025-09-23T02:00,19.8,95,21.3,0.0,0.0,3,100,12.5,263,12.9716,77.5946
2025-09-23T03:00,19.8,95,21.4,0.0,0.0,3,100,12.3,263,12.9716,77.5946
2025-09-23T04:00,19.8,95,21.3,0.0,0.0,3,100,12.2,261,12.9716,77.5946
2025-09-23T05:00,19.8,95,21.3,0.0,0.0,3,100,12.8,261,12.9716,77.5946
2025-09-23T06:00,20.3,93,21.7,0.1,0.1,51,100,13.3,257,12.9716,77.5946
2025-09-23T07:00,20.7,91,22.0,0.1,0.1,51,100,15.1,255,12.9716,77.5946
2025-09-23T08:00,22.3,83,23.3,0.1,0.1,51,100,16.8,268,12.9716,77.5946
2025-09-23T09:00,23.3,76,24.1,0.1,0.1,51,100,16.9,273,12.9716,77.5946
2025-09-23T10:00,23.9,79,25.4,0.2,0.2,51,100,15.8,271,12.9716,77.5946
2025-09-23T11:00,25.3,71,26.9,0.2,0.2,51,100,16.8,276,12.9716,77.5946
2025-09-23T12:00,22.3,81,23.3,5.9,5.9,63,100,15.3,283,12.9716,77.5946
2025-09-23T13:00,23.1,80,24.7,0.5,0.5,53,100,14.1,273,12.9716,77.5946
2025-09-23T14:00,24.9,71,25.9,0.4,0.4,51,100,16.7,287,12.9716,77.5946
2025-09-23T15:00,24.3,73,25.1,0.1,0.1,51,100,17.7,282,12.9716,77.5946
2025-09-23T16:00,23.5,74,24.1,0.3,0.3,51,100,17.3,281,12.9716,77.5946
2025-09-23T17:00,22.1,87,24.3,0.4,0.4,51,100,11.2,282,12.9716,77.5946
2025-09-23T18:00,23.2,78,25.1,0.0,0.0,3,100,10.3,272,12.9716,77.5946
2025-09-23T19:00,22.4,82,24.1,0.0,0.0,3,100,12.2,289,12.9716,77.5946
2025-09-23T20:00,21.7,85,23.3,0.0,0.0,3,100,12.1,287,12.9716,77.5946
2025-09-23T21:00,21.3,88,23.0,0.0,0.0,3,100,12.4,286,12.9716,77.5946
2025-09-23T22:00,21.0,91,23.0,0.0,0.0,3,100,10.5,282,12.9716,77.5946
2025-09-23T23:00,20.5,93,22.6,0.0,0.0,3,100,10.1,281,12.9716,77.5946
2025-09-24T00:00,20.3,95,22.2,0.0,0.0,3,100,10.9,286,12.9716,77.5946
2025-09-24T01:00,19.9,96,21.7,0.0,0.0,3,100,11.6,282,12.9716,77.5946
2025-09-24T02:00,19.6,96,21.3,0.0,0.0,3,100,11.7,275,12.9716,77.5946
2025-09-24T03:00,19.3,97,20.9,0.0,0.0,3,100,11.4,273,12.9716,77.5946
2025-09-24T04:00,19.2,97,20.9,0.0,0.0,3,100,10.1,268,12.9716,77.5946
2025-09-24T05:00,18.9,97,20.5,0.0,0.0,3,100,10.2,261,12.9716,77.5946
2025-09-24T06:00,19.0,97,20.7,0.0,0.0,3,100,10.3,251,12.9716,77.5946
2025-09-24T07:00,19.8,92,20.9,0.0,0.0,3,100,13.9,260,12.9716,77.5946
2025-09-24T08:00,21.2,81,21.9,0.0,0.0,3,100,14.6,274,12.9716,77.5946
2025-09-24T09:00,22.7,74,23.1,0.0,0.0,3,100,16.5,281,12.9716,77.5946
2025-09-24T10:00,24.2,67,25.2,0.0,0.0,2,77,18.1,289,12.9716,77.5946
2025-09-24T11:00,25.1,62,25.6,0.2,0.2,51,75,18.9,291,12.9716,77.5946
2025-09-24T12:00,25.4,61,25.8,0.5,0.5,53,83,19.2,285,12.9716,77.5946
2025-09-24T13:00,25.4,62,26.6,0.4,0.4,51,88,18.3,281,12.9716,77.5946
2025-09-24T14:00,25.1,71,27.2,0.6,0.6,53,84,15.4,281,12.9716,77.5946
2025-09-24T15:00,23.9,72,24.1,1.0,1.0,55,97,20.0,281,12.9716,77.5946
2025-09-24T16:00,23.1,82,25.4,0.4,0.4,51,37,10.1,271,12.9716,77.5946
2025-09-24T17:00,23.3,84,26.0,0.1,0.1,51,96,9.4,266,12.9716,77.5946
2025-09-24T18:00,21.6,88,23.6,0.0,0.0,3,100,10.1,281,12.9716,77.5946
2025-09-24T19:00,21.9,85,23.7,0.0,0.0,3,90,12.0,284,12.9716,77.5946
2025-09-24T20:00,21.4,86,23.3,0.1,0.1,51,97,10.3,267,12.9716,77.5946
2025-09-24T21:00,20.9,89,23.1,0.2,0.2,51,79,7.8,247,12.9716,77.5946
2025-09-24T22:00,20.9,90,22.7,0.0,0.0,2,77,11.6,257,12.9716,77.5946
2025-09-24T23:00,20.5,90,22.1,0.0,0.0,1,39,12.0,257,12.9716,77.5946
2025-09-25T00:00,19.9,93,21.5,0.0,0.0,1,38,11.4,259,12.9716,77.5946
2025-09-25T01:00,19.5,95,21.0,0.0,0.0,1,49,11.9,267,12.9716,77.5946
2025-09-25T02:00,19.2,96,20.6,0.0,0.0,3,89,11.9,265,12.9716,77.5946
2025-09-25T03:00,19.0,97,20.4,0.0,0.0,3,99,12.3,259,12.9716,77.5946
2025-09-25T04:00,18.9,98,20.3,0.0,0.0,3,100,12.0,261,12.9716,77.5946
2025-09-25T05:00,19.0,97,20.4,0.0,0.0,3,100,12.1,265,12.9716,77.5946
2025-09-25T06:00,19.4,95,20.8,0.0,0.0,2,53,12.1,270,12.9716,77.5946
2025-09-25T07:00,20.6,90,21.6,0.0,0.0,3,98,15.5,273,12.9716,77.5946
2025-09-25T08:00,22.1,80,22.8,0.0,0.0,3,96,16.7,278,12.9716,77.5946
2025-09-25T09:00,23.8,73,24.6,0.0,0.0,3,100,16.8,280,12.9716,77.5946
2025-09-25T10:00,24.7,71,25.7,0.0,0.0,3,100,16.7,287,12.9716,77.5946
2025-09-25T11:00,25.9,68,28.2,0.2,0.2,51,94,17.4,286,12.9716,77.5946
2025-09-25T12:00,26.6,65,29.4,0.0,0.0,3,91,17.6,285,12.9716,77.5946
2025-09-25T13:00,27.1,61,29.4,0.0,0.0,3,100,17.8,293,12.9716,77.5946
2025-09-25T14:00,25.3,71,27.2,0.4,0.4,51,45,12.2,298,12.9716,77.5946
2025-09-25T15:00,23.9,75,24.6,5.0,5.0,63,94,18.7,304,12.9716,77.5946
2025-09-25T16:00,23.8,77,25.5,2.0,2.0,61,48,13.0,275,12.9716,77.5946
2025-09-25T17:00,22.3,86,24.3,0.4,0.4,51,81,11.7,284,12.9716,77.5946
2025-09-25T18:00,22.9,85,25.3,0.0,0.0,3,96,10.4,259,12.9716,77.5946
2025-09-25T19:00,21.9,86,23.6,0.2,0.2,51,98,12.5,262,12.9716,77.5946
2025-09-25T20:00,21.7,89,23.7,0.2,0.2,51,56,11.7,268,12.9716,77.5946
2025-09-25T21:00,21.3,89,23.2,0.0,0.0,3,95,11.6,276,12.9716,77.5946
2025-09-25T22:00,20.9,90,22.7,0.0,0.0,3,100,11.4,275,12.9716,77.5946
2025-09-25T23:00,20.8,91,22.5,0.1,0.1,51,95,12.3,273,12.9716,77.5946
2025-09-26T00:00,20.5,92,22.1,0.0,0.0,3,95,11.8,278,12.9716,77.5946
2025-09-26T01:00,20.0,92,21.3,0.0,0.0,3,100,12.3,275,12.9716,77.5946
2025-09-26T02:00,19.6,92,20.8,0.0,0.0,3,100,12.4,271,12.9716,77.5946
2025-09-26T03:00,19.4,92,20.5,0.0,0.0,3,85,12.3,278,12.9716,77.5946
2025-09-26T04:00,19.1,93,20.3,0.0,0.0,3,87,11.4,273,12.9716,77.5946
2025-09-26T05:00,18.8,95,20.1,0.0,0.0,3,100,10.6,270,12.9716,77.5946
2025-09-26T06:00,19.6,90,20.9,0.0,0.0,3,100,10.8,267,12.9716,77.5946
2025-09-26T07:00,20.6,85,21.8,0.0,0.0,3,100,11.5,272,12.9716,77.5946
2025-09-26T08:00,22.2,78,22.6,0.0,0.0,3,100,16.9,279,12.9716,77.5946
2025-09-26T09:00,23.4,70,23.5,0.0,0.0,3,100,18.5,281,12.9716,77.5946
2025-09-26T10:00,24.6,65,25.0,0.0,0.0,3,100,18.3,281,12.9716,77.5946
2025-09-26T11:00,26.0,57,27.0,0.0,0.0,3,95,19.7,286,12.9716,77.5946
2025-09-26T12:00,26.3,57,27.5,0.3,0.3,51,100,20.3,287,12.9716,77.5946
2025-09-26T13:00,26.7,55,27.6,0.3,0.3,51,95,19.7,284,12.9716,77.5946
2025-09-26T14:00,26.9,55,27.7,0.1,0.1,51,99,18.9,282,12.9716,77.5946
2025-09-26T15:00,26.8,56,26.8,0.1,0.1,51,100,20.5,277,12.9716,77.5946
2025-09-26T16:00,25.1,63,25.1,0.1,0.1,51,100,18.7,278,12.9716,77.5946
2025-09-26T17:00,23.4,74,24.6,0.2,0.2,51,100,13.1,283,12.9716,77.5946
2025-09-26T18:00,23.7,69,24.2,0.0,0.0,3,100,15.1,279,12.9716,77.5946
2025-09-26T19:00,22.5,74,23.3,0.0,0.0,3,100,13.0,264,12.9716,77.5946
2025-09-26T20:00,21.8,75,22.4,0.0,0.0,3,100,13.1,257,12.9716,77.5946
2025-09-26T21:00,21.1,85,22.2,0.0,0.0,3,100,14.4,254,12.9716,77.5946
2025-09-26T22:00,20.6,86,21.4,0.0,0.0,3,100,14.8,261,12.9716,77.5946
2025-09-26T23:00,20.1,89,20.9,0.0,0.0,3,100,14.4,261,12.9716,77.5946
2025-09-27T00:00,19.8,91,20.5,0.0,0.0,3,100,15.5,260,12.9716,77.5946
2025-09-27T01:00,19.5,93,20.2,0.0,0.0,3,100,15.6,259,12.9716,77.5946
2025-09-27T02:00,19.4,93,20.1,0.0,0.0,3,100,16.2,258,12.9716,77.5946
2025-09-27T03:00,19.4,93,20.0,0.0,0.0,3,100,16.4,261,12.9716,77.5946
2025-09-27T04:00,19.6,92,19.9,0.0,0.0,3,100,18.1,261,12.9716,77.5946
2025-09-27T05:00,19.7,91,20.0,0.0,0.0,3,100,18.7,263,12.9716,77.5946
2025-09-27T06:00,20.2,91,20.9,0.0,0.0,3,100,17.3,257,12.9716,77.5946
2025-09-27T07:00,21.4,86,22.1,0.0,0.0,3,100,18.0,259,12.9716,77.5946
2025-09-27T08:00,22.8,76,22.4,0.0,0.0,3,100,24.4,262,12.9716,77.5946
2025-09-27T09:00,24.2,70,23.7,0.0,0.0,3,100,24.7,269,12.9716,77.5946
2025-09-27T10:00,25.2,64,25.1,0.1,0.1,51,100,22.9,269,12.9716,77.5946
2025-09-27T11:00,26.2,60,26.6,0.4,0.4,51,100,25.2,267,12.9716,77.5946
2025-09-27T12:00,26.1,59,26.0,0.1,0.1,51,100,25.1,265,12.9716,77.5946
2025-09-27T13:00,26.6,62,27.4,0.1,0.1,51,100,22.2,265,12.9716,77.5946
2025-09-27T14:00,25.0,68,26.5,0.3,0.3,51,100,18.0,284,12.9716,77.5946
2025-09-27T15:00,23.8,73,24.1,1.0,1.0,55,100,20.0,288,12.9716,77.5946
2025-09-27T16:00,24.5,75,26.0,0.1,0.1,51,100,15.5,275,12.9716,77.5946
2025-09-27T17:00,23.4,73,23.5,0.4,0.4,51,100,19.6,268,12.9716,77.5946
2025-09-27T18:00,22.3,80,22.9,0.3,0.3,51,100,17.7,266,12.9716,77.5946
2025-09-27T19:00,21.8,81,22.5,0.0,0.0,3,100,16.7,259,12.9716,77.5946
2025-09-27T20:00,21.3,85,22.0,0.0,0.0,3,99,16.5,259,12.9716,77.5946
2025-09-27T21:00,20.9,88,21.8,0.0,0.0,3,98,15.7,260,12.9716,77.5946
2025-09-27T22:00,20.7,89,21.7,0.0,0.0,3,93,15.5,260,12.9716,77.5946
2025-09-27T23:00,20.4,91,21.4,0.0,0.0,2,78,15.5,257,12.9716,77.5946
2025-09-28T00:00,20.0,91,21.0,0.0,0.0,2,69,14.7,255,12.9716,77.5946
2025-09-28T01:00,19.7,92,20.6,0.0,0.0,2,65,15.0,254,12.9716,77.5946
2025-09-28T02:00,19.4,93,20.1,0.0,0.0,3,97,16.1,254,12.9716,77.5946
2025-09-28T03:00,19.3,94,19.9,0.0,0.0,3,98,16.3,251,12.9716,77.5946
2025-09-28T04:00,19.4,94,20.2,0.0,0.0,3,100,15.4,249,12.9716,77.5946
2025-09-28T05:00,19.5,94,20.4,0.0,0.0,3,100,15.1,250,12.9716,77.5946
2025-09-28T06:00,20.0,95,21.5,0.0,0.0,3,100,13.1,241,12.9716,77.5946
2025-09-28T07:00,20.8,92,21.6,0.1,0.1,51,97,18.7,247,12.9716,77.5946
2025-09-28T08:00,22.6,80,22.8,0.1,0.1,51,99,21.0,248,12.9716,77.5946
2025-09-28T09:00,24.1,70,23.9,0.1,0.1,51,100,22.8,253,12.9716,77.5946
2025-09-28T10:00,25.4,65,25.4,0.2,0.2,51,100,23.3,257,12.9716,77.5946
2025-09-28T11:00,26.5,59,27.2,0.1,0.1,51,100,21.2,254,12.9716,77.5946
2025-09-28T12:00,27.7,54,29.0,0.1,0.1,51,71,22.5,256,12.9716,77.5946
2025-09-28T13:00,27.8,54,28.8,0.1,0.1,51,41,22.9,259,12.9716,77.5946
2025-09-28T14:00,28.0,52,27.8,0.3,0.3,51,32,23.5,258,12.9716,77.5946
2025-09-28T15:00,27.6,55,27.3,0.1,0.1,51,65,23.2,260,12.9716,77.5946
2025-09-28T16:00,27.1,55,26.1,0.0,0.0,3,84,23.9,259,12.9716,77.5946
2025-09-28T17:00,24.5,68,24.9,0.2,0.2,51,60,17.3,262,12.9716,77.5946
2025-09-28T18:00,24.0,70,24.6,0.0,0.0,3,99,16.6,258,12.9716,77.5946
2025-09-28T19:00,22.8,76,23.3,0.0,0.0,3,83,17.3,257,12.9716,77.5946
2025-09-28T20:00,22.2,80,22.9,0.0,0.0,3,86,16.1,260,12.9716,77.5946
2025-09-28T21:00,21.6,84,22.7,0.0,0.0,2,68,14.6,261,12.9716,77.5946
2025-09-28T22:00,21.0,87,22.1,0.0,0.0,1,46,14.6,256,12.9716,77.5946
2025-09-28T23:00,20.5,89,21.8,0.0,0.0,1,49,13.2,253,12.9716,77.5946
2025-09-29T00:00,20.1,93,21.6,0.0,0.0,3,92,12.3,243,12.9716,77.5946
2025-09-29T01:00,19.8,94,21.1,0.0,0.0,3,98,13.4,242,12.9716,77.5946
2025-09-29T02:00,19.6,95,20.7,0.0,0.0,3,100,14.1,243,12.9716,77.5946
2025-09-29T03:00,19.6,95,20.8,0.0,0.0,3,100,14.1,240,12.9716,77.5946
2025-09-29T04:00,19.6,95,20.9,0.0,0.0,3,100,13.4,239,12.9716,77.5946
2025-09-29T05:00,19.6,95,21.0,0.0,0.0,3,100,12.9,243,12.9716,77.5946
2025-09-29T06:00,19.9,94,21.1,0.0,0.0,3,99,14.4,246,12.9716,77.5946
2025-09-29T07:00,20.8,89,21.6,0.1,0.1,51,100,17.2,250,12.9716,77.5946
2025-09-29T08:00,22.2,79,22.3,0.1,0.1,51,100,20.4,254,12.9716,77.5946
2025-09-29T09:00,23.8,70,23.4,0.1,0.1,51,100,22.3,261,12.9716,77.5946
2025-09-29T10:00,25.3,62,24.7,0.0,0.0,3,100,21.9,261,12.9716,77.5946
2025-09-29T11:00,26.8,54,26.6,0.0,0.0,3,98,22.5,264,12.9716,77.5946
2025-09-29T12:00,27.8,50,27.8,0.0,0.0,3,92,23.4,267,12.9716,77.5946
2025-09-29T13:00,28.2,48,28.2,0.0,0.0,2,71,22.3,270,12.9716,77.5946
2025-09-29T14:00,28.3,47,27.5,0.0,0.0,3,90,23.0,271,12.9716,77.5946
2025-09-29T15:00,27.6,53,27.1,0.1,0.1,51,67,20.4,265,12.9716,77.5946
2025-09-29T16:00,27.0,55,26.3,0.0,0.0,1,46,21.9,265,12.9716,77.5946
2025-09-29T17:00,25.7,61,25.6,0.0,0.0,1,30,19.1,261,12.9716,77.5946
2025-09-29T18:00,24.4,69,24.8,0.0,0.0,2,56,18.2,267,12.9716,77.5946
2025-09-29T19:00,23.0,73,23.5,0.0,0.0,3,84,16.1,266,12.9716,77.5946
2025-09-29T20:00,22.1,77,22.8,0.0,0.0,3,99,15.1,262,12.9716,77.5946
2025-09-29T21:00,21.4,79,21.9,0.0,0.0,2,69,14.7,264,12.9716,77.5946
2025-09-29T22:00,20.4,83,21.1,0.0,0.0,3,100,13.4,266,12.9716,77.5946
2025-09-29T23:00,19.8,87,20.6,0.0,0.0,3,100,12.4,267,12.9716,77.5946
2025-09-30T00:00,19.2,90,20.1,0.0,0.0,3,100,12.1,274,12.9716,77.5946
2025-09-30T01:00,18.8,92,19.8,0.0,0.0,3,100,11.4,275,12.9716,77.5946
2025-09-30T02:00,18.3,95,19.2,0.0,0.0,3,100,12.3,278,12.9716,77.5946
2025-09-30T03:00,18.2,96,18.9,0.0,0.0,3,100,12.8,276,12.9716,77.5946
2025-09-30T04:00,18.0,96,18.6,0.0,0.0,3,100,13.7,269,12.9716,77.5946
2025-09-30T05:00,17.9,96,18.4,0.0,0.0,3,92,13.9,266,12.9716,77.5946
2025-09-30T06:00,18.7,95,19.5,0.0,0.0,3,100,13.5,270,12.9716,77.5946
2025-09-30T07:00,19.7,90,20.4,0.0,0.0,3,100,15.1,272,12.9716,77.5946
2025-09-30T08:00,22.0,77,21.9,0.0,0.0,3,100,19.4,270,12.9716,77.5946
2025-09-30T09:00,24.1,66,23.8,0.0,0.0,3,91,20.6,274,12.9716,77.5946
2025-09-30T10:00,26.0,57,26.1,0.0,0.0,2,72,21.4,277,12.9716,77.5946
2025-09-30T11:00,27.5,50,27.9,0.0,0.0,3,98,21.8,278,12.9716,77.5946
2025-09-30T12:00,27.8,48,27.7,0.0,0.0,3,88,21.0,280,12.9716,77.5946
2025-09-30T13:00,28.1,48,28.1,0.1,0.1,51,83,21.3,284,12.9716,77.5946
2025-09-30T14:00,28.1,48,27.5,0.0,0.0,3,83,19.2,283,12.9716,77.5946
2025-09-30T15:00,28.2,47,27.5,0.0,0.0,3,87,17.8,286,12.9716,77.5946
2025-09-30T16:00,27.9,47,27.5,0.0,0.0,3,100,16.0,282,12.9716,77.5946
2025-09-30T17:00,26.8,51,26.8,0.0,0.0,3,100,13.1,270,12.9716,77.5946
2025-09-30T18:00,25.3,60,26.0,0.0,0.0,3,100,12.0,256,12.9716,77.5946
2025-09-30T19:00,24.2,66,24.9,0.0,0.0,3,100,13.4,264,12.9716,77.5946
2025-09-30T20:00,23.1,74,23.9,0.0,0.0,3,100,14.9,271,12.9716,77.5946
2025-09-30T21:00,22.1,78,22.9,0.0,0.0,3,100,14.8,271,12.9716,77.5946
2025-09-30T22:00,21.4,82,22.4,0.0,0.0,3,100,13.7,274,12.9716,77.5946
2025-09-30T23:00,20.8,85,21.9,0.0,0.0,3,100,13.0,276,12.9716,77.5946
2025-10-01T00:00,20.4,88,21.5,0.0,0.0,3,100,12.6,271,12.9716,77.5946
2025-10-01T01:00,20.1,89,21.1,0.0,0.0,3,100,13.5,269,12.9716,77.5946
2025-10-01T02:00,19.9,90,21.1,0.0,0.0,3,100,12.2,270,12.9716,77.5946
2025-10-01T03:00,19.7,91,20.9,0.0,0.0,3,100,11.5,268,12.9716,77.5946
2025-10-01T04:00,19.4,92,20.6,0.0,0.0,3,100,12.5,265,12.9716,77.5946
2025-10-01T05:00,19.6,94,21.3,0.0,0.0,3,88,9.7,259,12.9716,77.5946
2025-10-01T06:00,19.7,93,21.2,0.0,0.0,3,100,11.3,261,12.9716,77.5946
2025-10-01T07:00,20.9,86,22.3,0.0,0.0,3,100,11.7,266,12.9716,77.5946
2025-10-01T08:00,22.9,73,23.9,0.0,0.0,3,100,12.6,272,12.9716,77.5946
2025-10-01T09:00,24.9,63,25.1,0.0,0.0,3,100,16.4,270,12.9716,77.5946
2025-10-01T10:00,26.3,56,27.0,0.0,0.0,3,100,15.7,269,12.9716,77.5946
2025-10-01T11:00,27.7,49,28.4,0.1,0.1,51,96,18.8,276,12.9716,77.5946
2025-10-01T12:00,28.2,49,29.6,0.9,0.9,53,100,15.5,278,12.9716,77.5946
2025-10-01T13:00,28.7,50,30.2,0.9,0.9,53,100,15.9,273,12.9716,77.5946
2025-10-01T14:00,29.2,49,30.7,0.1,0.1,51,100,14.8,280,12.9716,77.5946
2025-10-01T15:00,28.6,50,28.9,0.0,0.0,3,100,15.5,279,12.9716,77.5946
2025-10-01T16:00,26.7,58,27.4,0.0,0.0,3,100,14.3,265,12.9716,77.5946
2025-10-01T17:00,26.8,57,27.5,0.0,0.0,3,100,13.2,263,12.9716,77.5946
2025-10-01T18:00,25.0,65,26.5,0.1,0.1,51,100,9.8,284,12.9716,77.5946
2025-10-01T19:00,23.2,76,25.8,0.3,0.3,51,100,4.0,249,12.9716,77.5946
2025-10-01T20:00,22.7,80,24.9,0.0,0.0,3,100,8.3,297,12.9716,77.5946
2025-10-01T21:00,22.6,79,24.1,0.0,0.0,3,100,11.9,266,12.9716,77.5946
2025-10-01T22:00,21.8,82,23.0,0.0,0.0,3,100,12.5,263,12.9716,77.5946
2025-10-01T23:00,22.0,83,23.4,0.0,0.0,3,100,12.8,266,12.9716,77.5946
2025-10-02T00:00,21.5,85,22.8,0.0,0.0,3,100,13.0,265,12.9716,77.5946
2025-10-02T01:00,21.0,88,22.4,0.0,0.0,3,100,13.4,265,12.9716,77.5946
2025-10-02T02:00,20.7,88,21.9,0.0,0.0,3,100,13.4,264,12.9716,77.5946
2025-10-02T03:00,20.4,88,21.7,0.0,0.0,3,100,11.9,260,12.9716,77.5946
2025-10-02T04:00,20.0,90,21.1,0.0,0.0,3,100,12.7,254,12.9716,77.5946
2025-10-02T05:00,20.0,92,21.6,0.0,0.0,3,100,11.0,247,12.9716,77.5946
2025-10-02T06:00,19.9,93,21.5,0.0,0.0,3,100,11.4,235,12.9716,77.5946
2025-10-02T07:00,20.8,89,21.9,0.0,0.0,3,100,15.1,245,12.9716,77.5946
2025-10-02T08:00,22.8,76,23.6,0.0,0.0,3,100,15.7,261,12.9716,77.5946
2025-10-02T09:00,24.4,66,24.6,0.0,0.0,3,100,17.7,265,12.9716,77.5946
2025-10-02T10:00,26.8,56,27.2,0.0,0.0,3,100,18.9,268,12.9716,77.5946
2025-10-02T11:00,27.5,52,27.8,0.0,0.0,3,100,18.6,276,12.9716,77.5946
2025-10-02T12:00,27.1,55,27.5,0.0,0.0,3,100,14.9,277,12.9716,77.5946
2025-10-02T13:00,28.0,53,29.1,0.0,0.0,3,100,13.2,272,12.9716,77.5946
2025-10-02T14:00,27.5,53,28.0,0.3,0.3,51,100,16.3,287,12.9716,77.5946
2025-10-02T15:00,26.9,60,28.5,0.2,0.2,51,100,10.6,296,12.9716,77.5946
2025-10-02T16:00,24.1,73,25.7,2.5,2.5,63,100,12.0,257,12.9716,77.5946
2025-10-02T17:00,25.3,67,26.8,0.0,0.0,3,100,11.4,264,12.9716,77.5946
2025-10-02T18:00,24.2,75,26.2,0.0,0.0,3,100,10.6,269,12.9716,77.5946
2025-10-02T19:00,23.6,80,26.2,0.1,0.1,51,100,8.8,275,12.9716,77.5946
2025-10-02T20:00,22.8,85,25.7,0.0,0.0,3,99,6.8,270,12.9716,77.5946
2025-10-02T21:00,22.1,88,24.9,0.0,0.0,3,99,7.4,266,12.9716,77.5946
2025-10-02T22:00,21.7,90,24.1,0.0,0.0,3,100,9.0,264,12.9716,77.5946
2025-10-02T23:00,21.4,89,23.5,0.0,0.0,2,50,10.7,258,12.9716,77.5946
2025-10-03T00:00,21.0,89,22.7,0.0,0.0,3,98,11.0,266,12.9716,77.5946
2025-10-03T01:00,20.7,89,22.6,0.0,0.0,3,91,9.5,269,12.9716,77.5946
2025-10-03T02:00,20.3,92,22.6,0.0,0.0,3,100,6.8,273,12.9716,77.5946
2025-10-03T03:00,20.1,94,22.3,0.0,0.0,3,100,7.6,285,12.9716,77.5946
2025-10-03T04:00,19.8,95,22.2,0.0,0.0,3,100,6.7,272,12.9716,77.5946
2025-10-03T05:00,19.4,97,21.4,0.0,0.0,3,100,8.9,263,12.9716,77.5946
2025-10-03T06:00,19.7,95,22.0,0.0,0.0,3,100,7.2,258,12.9716,77.5946
2025-10-03T07:00,20.8,90,23.5,0.0,0.0,3,100,5.0,268,12.9716,77.5946
2025-10-03T08:00,21.7,85,24.1,0.0,0.0,3,99,6.2,278,12.9716,77.5946
2025-10-03T09:00,24.6,70,26.7,0.0,0.0,3,100,8.1,276,12.9716,77.5946
2025-10-03T10:00,26.4,63,29.0,0.0,0.0,3,100,8.5,276,12.9716,77.5946
2025-10-03T11:00,27.7,56,30.6,0.0,0.0,3,94,8.8,282,12.9716,77.5946
2025-10-03T12:00,28.8,52,32.1,0.0,0.0,2,60,9.9,282,12.9716,77.5946
2025-10-03T13:00,29.5,50,32.8,0.0,0.0,2,67,11.1,279,12.9716,77.5946
2025-10-03T14:00,29.6,51,32.4,0.0,0.0,2,79,11.1,286,12.9716,77.5946
2025-10-03T15:00,28.4,53,29.9,0.0,0.0,3,100,11.8,296,12.9716,77.5946
2025-10-03T16:00,27.7,55,28.9,0.0,0.0,3,100,11.5,302,12.9716,77.5946
2025-10-03T17:00,26.7,62,28.8,0.0,0.0,3,98,7.5,323,12.9716,77.5946
2025-10-03T18:00,25.3,70,27.2,0.0,0.0,3,100,11.7,316,12.9716,77.5946
2025-10-03T19:00,23.1,80,25.2,0.0,0.0,3,93,10.4,296,12.9716,77.5946
2025-10-03T20:00,21.9,84,24.4,0.0,0.0,1,49,6.1,302,12.9716,77.5946
2025-10-03T21:00,21.6,84,23.9,0.9,0.9,53,98,7.2,360,12.9716,77.5946
2025-10-03T22:00,20.6,92,23.4,9.8,9.8,65,100,4.6,239,12.9716,77.5946
2025-10-03T23:00,22.2,83,24.9,0.2,0.2,51,100,4.6,244,12.9716,77.5946
2025-10-04T00:00,21.7,92,24.6,2.7,2.7,63,100,7.5,246,12.9716,77.5946
2025-10-04T01:00,21.1,97,24.3,0.4,0.4,51,100,6.6,235,12.9716,77.5946
2025-10-04T02:00,21.0,96,24.3,0.1,0.1,51,100,4.6,222,12.9716,77.5946
2025-10-04T03:00,20.9,97,24.2,0.0,0.0,3,100,4.9,237,12.9716,77.5946
2025-10-04T04:00,20.7,98,24.5,0.1,0.1,51,100,1.5,225,12.9716,77.5946
2025-10-04T05:00,20.9,98,24.2,0.0,0.0,3,100,5.3,246,12.9716,77.5946
2025-10-04T06:00,21.0,95,24.0,0.3,0.3,51,100,6.4,259,12.9716,77.5946
2025-10-04T07:00,20.8,97,24.3,0.5,0.5,53,100,3.1,260,12.9716,77.5946
2025-10-04T08:00,21.1,94,24.6,0.5,0.5,53,100,2.6,321,12.9716,77.5946
2025-10-04T09:00,21.5,91,25.0,0.6,0.6,53,100,1.9,287,12.9716,77.5946
2025-10-04T10:00,22.7,81,25.7,0.5,0.5,53,100,3.5,291,12.9716,77.5946
2025-10-04T11:00,23.2,80,25.7,0.4,0.4,51,100,7.5,300,12.9716,77.5946
2025-10-04T12:00,23.9,77,26.5,0.1,0.1,51,100,7.0,291,12.9716,77.5946
2025-10-04T13:00,24.1,76,26.7,0.1,0.1,51,100,6.7,275,12.9716,77.5946
2025-10-04T14:00,25.8,67,28.4,0.1,0.1,51,100,7.7,298,12.9716,77.5946
2025-10-04T15:00,26.3,63,28.3,0.0,0.0,3,100,9.1,288,12.9716,77.5946
2025-10-04T16:00,25.6,64,27.1,0.0,0.0,3,91,10.9,283,12.9716,77.5946
2025-10-04T17:00,25.1,67,27.4,0.0,0.0,3,98,6.0,291,12.9716,77.5946
2025-10-04T18:00,24.3,75,27.5,0.0,0.0,0,9,3.3,319,12.9716,77.5946
2025-10-04T19:00,23.5,81,26.9,0.0,0.0,1,45,2.8,320,12.9716,77.5946
2025-10-04T20:00,23.6,78,26.6,0.0,0.0,1,46,3.5,215,12.9716,77.5946
2025-10-04T21:00,22.7,82,25.5,0.0,0.0,3,96,4.8,193,12.9716,77.5946
2025-10-04T22:00,21.5,87,23.1,0.4,0.4,51,95,12.7,218,12.9716,77.5946
2025-10-04T23:00,20.7,91,23.3,0.1,0.1,51,86,5.6,248,12.9716,77.5946
2025-10-05T00:00,20.1,92,22.1,0.2,0.2,51,91,8.2,229,12.9716,77.5946
2025-10-05T01:00,19.4,95,22.0,1.3,1.3,61,98,3.6,240,12.9716,77.5946
2025-10-05T02:00,19.2,95,21.2,0.0,0.0,2,73,7.3,287,12.9716,77.5946
2025-10-05T03:00,18.9,97,21.4,0.0,0.0,3,83,3.3,311,12.9716,77.5946
2025-10-05T04:00,18.3,97,20.7,0.0,0.0,1,34,3.1,336,12.9716,77.5946
2025-10-05T05:00,19.8,94,21.9,0.0,0.0,3,100,7.9,179,12.9716,77.5946
2025-10-05T06:00,20.2,91,22.4,0.0,0.0,3,99,6.7,267,12.9716,77.5946
2025-10-05T07:00,21.3,88,23.9,0.0,0.0,3,100,6.2,285,12.9716,77.5946
2025-10-05T08:00,23.0,79,24.9,0.0,0.0,3,96,10.1,282,12.9716,77.5946
2025-10-05T09:00,24.9,68,26.8,0.0,0.0,0,18,8.3,292,12.9716,77.5946
2025-10-05T10:00,26.3,61,29.1,0.1,0.1,51,28,8.8,293,12.9716,77.5946
2025-10-05T11:00,26.7,61,30.4,0.0,0.0,3,92,7.0,291,12.9716,77.5946
2025-10-05T12:00,28.0,53,31.2,0.0,0.0,1,48,7.6,284,12.9716,77.5946
2025-10-05T13:00,28.6,48,31.0,0.0,0.0,2,50,8.6,285,12.9716,77.5946
2025-10-05T14:00,28.6,48,30.2,0.0,0.0,3,95,9.3,286,12.9716,77.5946
2025-10-05T15:00,27.6,51,28.3,0.0,0.0,3,81,10.9,283,12.9716,77.5946
2025-10-05T16:00,26.9,54,28.0,0.0,0.0,1,48,8.5,283,12.9716,77.5946
2025-10-05T17:00,27.2,52,28.4,0.0,0.0,3,98,7.2,289,12.9716,77.5946
2025-10-05T18:00,26.1,58,27.5,0.0,0.0,3,98,7.4,293,12.9716,77.5946
2025-10-05T19:00,21.5,79,21.9,0.0,0.0,3,100,16.6,319,12.9716,77.5946
2025-10-05T20:00,20.7,83,22.1,0.2,0.2,51,99,8.7,304,12.9716,77.5946
2025-10-05T21:00,20.8,84,22.6,0.2,0.2,51,88,7.2,295,12.9716,77.5946
2025-10-05T22:00,20.6,87,23.0,0.0,0.0,3,93,3.9,313,12.9716,77.5946
2025-10-05T23:00,20.3,85,21.3,0.1,0.1,51,100,11.4,257,12.9716,77.5946
2025-10-06T00:00,19.7,90,21.6,0.7,0.7,53,100,6.7,268,12.9716,77.5946
2025-10-06T01:00,19.7,92,21.9,0.5,0.5,53,100,5.7,298,12.9716,77.5946
2025-10-06T02:00,19.7,93,21.4,0.1,0.1,51,100,9.1,306,12.9716,77.5946
2025-10-06T03:00,19.6,94,21.0,1.1,1.1,55,98,11.9,308,12.9716,77.5946
2025-10-06T04:00,19.6,95,21.3,1.2,1.2,55,100,10.3,320,12.9716,77.5946
2025-10-06T05:00,19.9,96,22.0,0.3,0.3,51,100,9.3,336,12.9716,77.5946
2025-10-06T06:00,19.9,96,21.9,0.8,0.8,53,100,10.1,327,12.9716,77.5946
2025-10-06T07:00,20.3,93,22.1,0.2,0.2,51,100,10.8,330,12.9716,77.5946
2025-10-06T08:00,21.5,81,23.1,0.0,0.0,3,92,9.1,338,12.9716,77.5946
2025-10-06T09:00,23.3,68,24.5,0.0,0.0,0,9,8.6,337,12.9716,77.5946
2025-10-06T10:00,24.7,61,27.0,0.0,0.0,0,9,9.7,325,12.9716,77.5946
2025-10-06T11:00,25.3,60,28.6,0.0,0.0,0,1,8.9,315,12.9716,77.5946
2025-10-06T12:00,26.7,54,30.2,0.0,0.0,2,55,8.6,300,12.9716,77.5946
2025-10-06T13:00,27.2,52,29.9,0.0,0.0,3,87,9.4,294,12.9716,77.5946
2025-10-06T14:00,27.0,51,28.6,0.1,0.1,51,47,9.5,291,12.9716,77.5946
2025-10-06T15:00,26.8,51,27.4,0.1,0.1,51,41,10.2,298,12.9716,77.5946
2025-10-06T16:00,26.6,52,27.2,0.0,0.0,1,42,9.5,303,12.9716,77.5946
2025-10-06T17:00,25.8,55,27.0,0.0,0.0,3,91,5.4,300,12.9716,77.5946
2025-10-06T18:00,24.8,68,27.9,0.0,0.0,3,95,0.3,135,12.9716,77.5946
2025-10-06T19:00,23.9,75,27.1,0.0,0.0,3,99,1.3,98,12.9716,77.5946
2025-10-06T20:00,23.3,77,26.4,0.0,0.0,3,99,2.5,8,12.9716,77.5946
2025-10-06T21:00,22.6,75,24.7,0.0,0.0,2,79,5.0,13,12.9716,77.5946
2025-10-06T22:00,22.1,75,24.0,0.0,0.0,3,89,5.5,11,12.9716,77.5946
2025-10-06T23:00,22.5,73,24.0,0.0,0.0,3,99,8.4,323,12.9716,77.5946
2025-10-07T00:00,21.7,78,23.4,0.0,0.0,2,71,7.0,331,12.9716,77.5946
2025-10-07T01:00,21.0,82,22.6,0.0,0.0,1,27,8.3,319,12.9716,77.5946
2025-10-07T02:00,20.2,86,21.7,0.0,0.0,2,73,8.6,324,12.9716,77.5946
2025-10-07T03:00,19.6,90,21.5,0.0,0.0,3,100,6.7,336,12.9716,77.5946
2025-10-07T04:00,19.4,92,21.4,0.0,0.0,3,99,6.4,338,12.9716,77.5946
2025-10-07T05:00,19.1,94,21.2,0.0,0.0,3,94,6.4,338,12.9716,77.5946
2025-10-07T06:00,18.9,96,21.1,0.0,0.0,3,98,5.5,333,12.9716,77.5946
2025-10-07T07:00,20.4,89,22.7,0.0,0.0,3,92,5.4,326,12.9716,77.5946
2025-10-07T08:00,22.2,81,24.7,0.0,0.0,3,94,4.9,324,12.9716,77.5946
2025-10-07T09:00,24.5,69,27.0,0.0,0.0,3,91,5.9,333,12.9716,77.5946
2025-10-07T10:00,26.1,58,28.9,0.0,0.0,3,92,5.3,325,12.9716,77.5946
2025-10-07T11:00,27.0,52,30.3,0.0,0.0,3,99,5.1,321,12.9716,77.5946
2025-10-07T12:00,28.3,46,32.0,0.1,0.1,51,98,5.0,308,12.9716,77.5946
2025-10-07T13:00,28.4,45,30.6,0.1,0.1,51,98,6.0,309,12.9716,77.5946
2025-10-07T14:00,28.7,44,30.3,0.2,0.2,51,72,6.9,301,12.9716,77.5946
2025-10-07T15:00,28.3,45,28.9,0.4,0.4,51,64,8.5,302,12.9716,77.5946
2025-10-07T16:00,27.5,49,28.2,0.0,0.0,2,73,8.5,298,12.9716,77.5946
2025-10-07T17:00,26.6,53,27.4,0.0,0.0,3,92,8.7,297,12.9716,77.5946
2025-10-07T18:00,25.1,63,26.9,0.0,0.0,3,85,5.9,308,12.9716,77.5946
2025-10-07T19:00,24.4,69,26.8,0.0,0.0,3,80,4.1,337,12.9716,77.5946
2025-10-07T20:00,24.1,71,26.4,0.0,0.0,1,45,5.1,27,12.9716,77.5946
2025-10-07T21:00,23.5,71,25.3,0.0,0.0,1,30,7.3,30,12.9716,77.5946
2025-10-07T22:00,23.0,72,24.6,0.0,0.0,3,100,7.3,48,12.9716,77.5946
2025-10-07T23:00,22.8,78,24.9,0.0,0.0,3,95,7.4,91,12.9716,77.5946
2025-10-08T00:00,22.2,81,24.3,0.1,0.1,51,95,7.5,42,12.9716,77.5946
2025-10-08T01:00,21.6,88,25.1,0.0,0.0,2,66,0.9,349,12.9716,77.5946
2025-10-08T02:00,20.9,92,24.4,0.0,0.0,1,48,0.7,166,12.9716,77.5946
2025-10-08T03:00,20.9,91,24.3,0.0,0.0,1,49,0.6,124,12.9716,77.5946
2025-10-08T04:00,20.5,92,23.4,0.0,0.0,1,31,3.0,104,12.9716,77.5946
2025-10-08T05:00,21.3,88,24.2,0.0,0.0,2,55,3.3,68,12.9716,77.5946
2025-10-08T06:00,21.5,86,24.4,0.0,0.0,3,82,2.6,124,12.9716,77.5946
2025-10-08T07:00,22.6,81,25.8,0.0,0.0,3,95,1.5,300,12.9716,77.5946
2025-10-08T08:00,24.0,74,27.0,0.0,0.0,2,67,1.8,307,12.9716,77.5946
2025-10-08T09:00,25.7,66,28.9,0.1,0.1,51,59,0.2,90,12.9716,77.5946
2025-10-08T10:00,26.9,57,29.6,0.1,0.1,51,100,3.6,81,12.9716,77.5946
2025-10-08T11:00,26.2,59,28.4,0.0,0.0,3,95,3.6,70,12.9716,77.5946
2025-10-08T12:00,27.8,54,30.1,0.0,0.0,3,99,3.3,54,12.9716,77.5946
2025-10-08T13:00,26.8,56,28.8,0.0,0.0,3,100,4.4,125,12.9716,77.5946
2025-10-08T14:00,25.4,62,27.5,0.7,0.7,53,99,4.0,90,12.9716,77.5946
2025-10-08T15:00,26.8,57,29.2,0.0,0.0,3,100,2.5,82,12.9716,77.5946
2025-10-08T16:00,26.4,58,28.7,0.0,0.0,3,99,2.3,32,12.9716,77.5946
2025-10-08T17:00,22.6,89,26.0,0.7,0.7,53,100,5.6,61,12.9716,77.5946
2025-10-08T18:00,22.9,86,26.4,0.1,0.1,51,97,4.3,62,12.9716,77.5946
2025-10-08T19:00,23.0,87,26.2,0.0,0.0,3,88,6.1,102,12.9716,77.5946
2025-10-08T20:00,22.5,88,25.9,0.3,0.3,51,99,4.7,74,12.9716,77.5946
2025-10-08T21:00,22.0,90,25.5,0.1,0.1,51,99,4.0,238,12.9716,77.5946
2025-10-08T22:00,20.5,93,22.9,2.9,2.9,63,100,7.9,240,12.9716,77.5946
2025-10-08T23:00,21.1,92,24.5,0.1,0.1,51,98,2.5,8,12.9716,77.5946
2025-10-09T00:00,20.2,96,23.1,4.0,4.0,63,99,5.2,229,12.9716,77.5946
2025-10-09T01:00,19.7,95,22.3,1.1,1.1,55,100,4.3,17,12.9716,77.5946
2025-10-09T02:00,19.6,98,22.5,2.0,2.0,61,100,3.6,110,12.9716,77.5946
2025-10-09T03:00,19.4,97,22.3,0.6,0.6,53,96,3.2,3,12.9716,77.5946
2025-10-09T04:00,19.1,98,22.0,0.1,0.1,51,100,2.3,129,12.9716,77.5946
2025-10-09T05:00,19.9,98,23.3,0.0,0.0,3,100,1.2,141,12.9716,77.5946
2025-10-09T06:00,19.9,97,23.3,0.2,0.2,51,100,1.4,293,12.9716,77.5946
2025-10-09T07:00,20.5,93,23.4,0.1,0.1,51,100,4.7,342,12.9716,77.5946
2025-10-09T08:00,22.3,83,25.1,0.1,0.1,51,99,4.4,277,12.9716,77.5946
2025-10-09T09:00,24.2,73,26.7,0.0,0.0,3,95,5.8,265,12.9716,77.5946
2025-10-09T10:00,25.5,68,29.1,0.1,0.1,51,96,4.7,242,12.9716,77.5946
2025-10-09T11:00,26.6,70,31.4,0.1,0.1,51,100,5.4,233,12.9716,77.5946
2025-10-09T12:00,27.2,67,32.5,0.1,0.1,51,100,4.9,246,12.9716,77.5946
2025-10-09T13:00,27.4,66,32.3,0.0,0.0,3,100,5.2,254,12.9716,77.5946
2025-10-09T14:00,27.5,65,31.7,0.1,0.1,51,99,4.5,270,12.9716,77.5946
2025-10-09T15:00,27.4,63,30.7,0.0,0.0,3,100,2.9,259,12.9716,77.5946
2025-10-09T16:00,26.1,65,28.5,0.1,0.1,51,94,6.8,333,12.9716,77.5946
2025-10-09T17:00,24.5,79,27.7,3.5,3.5,63,96,6.5,8,12.9716,77.5946
2025-10-09T18:00,22.8,83,25.0,0.7,0.7,53,100,10.3,41,12.9716,77.5946
2025-10-09T19:00,21.6,91,24.3,4.3,4.3,63,99,8.0,160,12.9716,77.5946
2025-10-09T20:00,20.8,95,23.9,6.9,6.9,63,100,5.2,180,12.9716,77.5946
2025-10-09T21:00,20.3,96,23.0,3.2,3.2,63,100,6.3,183,12.9716,77.5946
2025-10-09T22:00,19.6,99,22.1,3.9,3.9,63,100,7.0,222,12.9716,77.5946
2025-10-09T23:00,20.2,98,23.5,4.2,4.2,63,100,2.9,180,12.9716,77.5946
2025-10-10T00:00,20.3,97,23.5,2.0,2.0,61,100,4.0,122,12.9716,77.5946
2025-10-10T01:00,20.2,97,23.8,2.7,2.7,63,100,1.3,74,12.9716,77.5946
2025-10-10T02:00,20.2,97,23.5,3.0,3.0,63,100,3.1,291,12.9716,77.5946
2025-10-10T03:00,20.0,98,23.0,2.4,2.4,61,100,5.0,291,12.9716,77.5946
2025-10-10T04:00,19.8,99,22.6,1.8,1.8,61,100,6.0,267,12.9716,77.5946
2025-10-10T05:00,18.9,99,21.1,1.6,1.6,61,100,6.6,327,12.9716,77.5946
2025-10-10T06:00,19.4,98,21.8,1.2,1.2,55,100,6.3,323,12.9716,77.5946
2025-10-10T07:00,19.7,96,21.9,0.4,0.4,51,100,8.1,359,12.9716,77.5946
2025-10-10T08:00,20.7,93,23.0,0.0,0.0,3,100,8.8,11,12.9716,77.5946
2025-10-10T09:00,22.4,87,25.0,0.0,0.0,3,100,8.6,8,12.9716,77.5946
2025-10-10T10:00,24.4,75,26.9,0.1,0.1,51,100,10.2,34,12.9716,77.5946
2025-10-10T11:00,25.3,73,27.7,0.0,0.0,3,100,12.7,6,12.9716,77.5946
2025-10-10T12:00,26.3,66,29.8,0.0,0.0,3,100,12.3,25,12.9716,77.5946
2025-10-10T13:00,26.6,64,29.5,0.0,0.0,3,100,9.9,29,12.9716,77.5946
2025-10-10T14:00,26.9,63,29.9,0.0,0.0,3,100,9.5,37,12.9716,77.5946
2025-10-10T15:00,27.0,62,29.3,0.0,0.0,3,100,8.5,48,12.9716,77.5946
2025-10-10T16:00,26.7,62,28.9,0.0,0.0,3,98,7.0,55,12.9716,77.5946
2025-10-10T17:00,25.9,66,28.5,0.2,0.2,51,93,5.0,77,12.9716,77.5946
2025-10-10T18:00,24.8,77,28.6,0.0,0.0,3,99,1.5,201,12.9716,77.5946
2025-10-10T19:00,23.2,79,26.7,1.3,1.3,61,100,0.6,304,12.9716,77.5946
2025-10-10T20:00,21.8,92,25.1,1.7,1.7,61,100,4.8,56,12.9716,77.5946
2025-10-10T21:00,21.4,93,24.1,0.4,0.4,51,99,8.3,44,12.9716,77.5946
2025-10-10T22:00,20.8,94,23.1,0.5,0.5,53,100,9.6,26,12.9716,77.5946
2025-10-10T23:00,20.6,95,23.3,0.0,0.0,3,100,7.0,80,12.9716,77.5946
2025-10-11T00:00,20.4,96,23.3,5.3,5.3,63,100,5.3,100,12.9716,77.5946
2025-10-11T01:00,20.3,96,23.5,1.5,1.5,61,99,3.2,16,12.9716,77.5946
2025-10-11T02:00,19.9,97,22.5,0.6,0.6,53,100,5.9,52,12.9716,77.5946
2025-10-11T03:00,19.7,97,22.9,0.5,0.5,53,98,2.3,32,12.9716,77.5946
2025-10-11T04:00,19.3,98,21.7,0.0,0.0,3,98,6.4,74,12.9716,77.5946
2025-10-11T05:00,19.8,97,22.4,0.0,0.0,3,100,5.9,55,12.9716,77.5946
2025-10-11T06:00,19.7,98,22.2,0.0,0.0,3,100,6.7,54,12.9716,77.5946
2025-10-11T07:00,20.8,92,23.9,0.0,0.0,3,100,3.3,49,12.9716,77.5946
2025-10-11T08:00,21.8,86,24.2,0.0,0.0,3,100,7.3,48,12.9716,77.5946
2025-10-11T09:00,23.2,79,26.2,0.2,0.2,51,100,3.4,47,12.9716,77.5946
2025-10-11T10:00,24.4,74,27.6,0.1,0.1,51,98,4.9,51,12.9716,77.5946
2025-10-11T11:00,25.5,67,29.1,0.0,0.0,3,95,8.5,32,12.9716,77.5946
2025-10-11T12:00,25.9,65,29.5,0.5,0.5,53,59,8.3,34,12.9716,77.5946
2025-10-11T13:00,26.7,65,30.7,0.2,0.2,51,66,7.5,27,12.9716,77.5946
2025-10-11T14:00,27.0,59,29.6,0.0,0.0,1,39,9.0,20,12.9716,77.5946
2025-10-11T15:00,26.8,59,28.4,0.1,0.1,51,22,8.6,29,12.9716,77.5946
2025-10-11T16:00,25.8,62,27.1,0.0,0.0,3,97,10.4,32,12.9716,77.5946
2025-10-11T17:00,24.7,72,26.8,0.1,0.1,51,88,8.7,18,12.9716,77.5946
2025-10-11T18:00,23.4,78,26.1,0.0,0.0,2,65,5.3,33,12.9716,77.5946
2025-10-11T19:00,22.9,79,25.3,0.0,0.0,3,87,6.9,41,12.9716,77.5946
2025-10-11T20:00,22.3,81,24.7,0.0,0.0,3,86,5.9,55,12.9716,77.5946
2025-10-11T21:00,22.0,80,24.0,0.0,0.0,2,51,7.7,62,12.9716,77.5946
2025-10-11T22:00,21.4,78,23.0,0.0,0.0,3,83,7.3,67,12.9716,77.5946
2025-10-11T23:00,21.4,76,22.5,0.0,0.0,3,85,9.1,73,12.9716,77.5946
2025-10-12T00:00,20.6,76,21.6,0.0,0.0,0,6,7.8,82,12.9716,77.5946
2025-10-12T01:00,20.1,77,21.1,0.0,0.0,1,35,6.9,76,12.9716,77.5946
2025-10-12T02:00,19.6,78,20.6,0.0,0.0,3,99,5.9,78,12.9716,77.5946
2025-10-12T03:00,19.0,80,20.1,0.0,0.0,3,98,5.0,77,12.9716,77.5946
2025-10-12T04:00,18.8,81,19.8,0.0,0.0,2,76,5.6,83,12.9716,77.5946
2025-10-12T05:00,19.5,83,20.8,0.0,0.0,0,4,6.3,70,12.9716,77.5946
2025-10-12T06:00,19.5,84,20.8,0.0,0.0,0,14,6.5,66,12.9716,77.5946
2025-10-12T07:00,20.9,83,22.7,0.0,0.0,1,38,7.2,53,12.9716,77.5946
2025-10-12T08:00,23.1,78,25.5,0.0,0.0,1,27,6.6,55,12.9716,77.5946
2025-10-12T09:00,24.7,67,26.3,0.0,0.0,1,20,11.2,46,12.9716,77.5946
2025-10-12T10:00,25.8,62,28.5,0.0,0.0,0,1,10.9,44,12.9716,77.5946
2025-10-12T11:00,26.7,57,29.9,0.0,0.0,0,5,10.6,39,12.9716,77.5946
2025-10-12T12:00,27.4,54,30.8,0.0,0.0,2,60,10.1,40,12.9716,77.5946
2025-10-12T13:00,27.8,52,30.9,0.0,0.0,2,72,10.2,44,12.9716,77.5946
2025-10-12T14:00,27.8,52,30.4,0.0,0.0,3,91,9.9,45,12.9716,77.5946
2025-10-12T15:00,27.5,52,29.0,0.0,0.0,2,77,9.2,42,12.9716,77.5946
2025-10-12T16:00,27.0,54,28.1,0.0,0.0,3,99,8.9,47,12.9716,77.5946
2025-10-12T17:00,26.0,61,27.8,0.0,0.0,2,64,7.0,61,12.9716,77.5946
2025-10-12T18:00,24.3,69,26.4,0.0,0.0,1,49,6.0,73,12.9716,77.5946
2025-10-12T19:00,23.6,70,25.2,0.0,0.0,2,68,7.4,56,12.9716,77.5946
2025-10-12T20:00,22.8,69,24.1,0.0,0.0,1,45,7.3,36,12.9716,77.5946
2025-10-12T21:00,21.7,71,22.8,0.0,0.0,1,29,7.7,33,12.9716,77.5946
2025-10-12T22:00,21.0,73,22.0,0.0,0.0,1,21,7.5,40,12.9716,77.5946
2025-10-12T23:00,20.8,77,22.0,0.0,0.0,1,34,6.8,61,12.9716,77.5946
2025-10-13T00:00,20.2,80,21.5,0.0,0.0,2,77,7.2,93,12.9716,77.5946
2025-10-13T01:00,19.9,82,21.2,0.0,0.0,3,93,6.7,88,12.9716,77.5946
2025-10-13T02:00,19.7,87,21.7,0.0,0.0,3,100,4.3,112,12.9716,77.5946
2025-10-13T03:00,19.1,92,21.4,0.0,0.0,3,85,3.6,123,12.9716,77.5946
2025-10-13T04:00,18.9,95,21.5,0.0,0.0,3,85,1.6,84,12.9716,77.5946
2025-10-13T05:00,19.2,92,21.7,0.0,0.0,3,100,1.6,90,12.9716,77.5946
2025-10-13T06:00,19.4,92,22.1,0.0,0.0,3,100,1.5,353,12.9716,77.5946
2025-10-13T07:00,21.3,87,24.2,0.0,0.0,3,100,2.8,333,12.9716,77.5946
2025-10-13T08:00,23.3,76,26.2,0.0,0.0,3,100,2.6,304,12.9716,77.5946
2025-10-13T09:00,24.7,66,27.0,0.0,0.0,3,99,5.2,331,12.9716,77.5946
2025-10-13T10:00,26.0,60,28.9,0.0,0.0,3,100,8.2,341,12.9716,77.5946
2025-10-13T11:00,26.7,55,29.3,0.0,0.0,3,100,10.2,346,12.9716,77.5946
2025-10-13T12:00,27.1,53,30.2,0.0,0.0,3,94,10.1,354,12.9716,77.5946
2025-10-13T13:00,27.5,51,30.4,0.0,0.0,3,95,10.3,4,12.9716,77.5946
2025-10-13T14:00,27.6,50,29.9,0.0,0.0,1,39,9.3,9,12.9716,77.5946
2025-10-13T15:00,27.8,49,28.9,0.0,0.0,1,47,10.1,1,12.9716,77.5946
2025-10-13T16:00,27.3,51,28.0,0.0,0.0,3,91,9.2,6,12.9716,77.5946
2025-10-13T17:00,26.4,58,28.1,0.0,0.0,2,73,7.0,357,12.9716,77.5946
2025-10-13T18:00,24.4,68,25.9,0.0,0.0,3,94,9.5,10,12.9716,77.5946
2025-10-13T19:00,23.0,79,24.9,0.0,0.0,3,92,10.3,27,12.9716,77.5946
2025-10-13T20:00,21.9,85,23.8,0.0,0.0,3,100,10.4,36,12.9716,77.5946
2025-10-13T21:00,21.2,88,22.8,0.0,0.0,3,95,12.4,24,12.9716,77.5946
2025-10-13T22:00,20.8,90,22.9,0.0,0.0,2,78,9.1,41,12.9716,77.5946
2025-10-13T23:00,20.5,96,22.7,0.0,0.0,3,100,10.4,51,12.9716,77.5946
2025-10-14T00:00,20.8,96,23.2,0.1,0.1,51,97,10.9,50,12.9716,77.5946
2025-10-14T01:00,20.6,97,23.1,0.0,0.0,3,98,10.2,60,12.9716,77.5946
2025-10-14T02:00,20.2,98,22.6,0.0,0.0,3,94,9.5,65,12.9716,77.5946
2025-10-14T03:00,20.0,98,22.3,0.0,0.0,3,100,9.7,66,12.9716,77.5946
2025-10-14T04:00,19.8,98,21.9,0.0,0.0,3,100,10.8,66,12.9716,77.5946
2025-10-14T05:00,20.4,97,22.9,0.0,0.0,3,92,8.5,69,12.9716,77.5946
2025-10-14T06:00,20.3,98,22.8,0.0,0.0,3,100,8.5,69,12.9716,77.5946
2025-10-14T07:00,21.3,91,23.3,0.0,0.0,3,91,12.2,68,12.9716,77.5946
2025-10-14T08:00,22.8,82,24.9,0.0,0.0,3,89,10.4,72,12.9716,77.5946
2025-10-14T09:00,24.5,72,26.3,0.0,0.0,1,30,12.1,73,12.9716,77.5946
2025-10-14T10:00,26.1,63,28.4,0.0,0.0,2,54,13.7,72,12.9716,77.5946
2025-10-14T11:00,26.6,61,29.0,0.0,0.0,3,100,11.4,75,12.9716,77.5946
2025-10-14T12:00,26.3,61,27.8,0.0,0.0,0,12,10.6,72,12.9716,77.5946
2025-10-14T13:00,27.6,56,30.8,0.1,0.1,51,35,10.3,83,12.9716,77.5946
2025-10-14T14:00,28.0,54,30.3,0.2,0.2,51,25,9.9,86,12.9716,77.5946
2025-10-14T15:00,28.0,55,29.3,0.2,0.2,51,43,10.6,91,12.9716,77.5946
2025-10-14T16:00,26.1,63,27.8,0.1,0.1,51,42,9.4,83,12.9716,77.5946
2025-10-14T17:00,26.3,62,28.3,0.1,0.1,51,44,7.4,87,12.9716,77.5946
2025-10-14T18:00,24.1,74,26.7,0.1,0.1,51,95,6.0,93,12.9716,77.5946
2025-10-14T19:00,23.5,79,25.6,0.0,0.0,3,90,10.4,110,12.9716,77.5946
2025-10-14T20:00,22.5,86,25.6,0.0,0.0,3,96,5.8,97,12.9716,77.5946
2025-10-14T21:00,21.5,89,24.2,1.8,1.8,61,99,6.6,55,12.9716,77.5946
2025-10-14T22:00,21.2,92,23.7,0.4,0.4,51,100,8.3,103,12.9716,77.5946
2025-10-14T23:00,21.2,91,23.6,0.0,0.0,3,100,7.9,139,12.9716,77.5946
2025-10-15T00:00,20.4,98,23.1,1.6,1.6,61,100,7.6,126,12.9716,77.5946
2025-10-15T01:00,20.8,95,23.8,0.3,0.3,51,100,5.2,90,12.9716,77.5946
2025-10-15T02:00,20.3,96,23.4,0.2,0.2,51,100,3.6,108,12.9716,77.5946
2025-10-15T03:00,20.2,96,22.9,0.6,0.6,53,100,6.5,113,12.9716,77.5946
2025-10-15T04:00,20.3,96,23.0,0.1,0.1,51,100,6.2,105,12.9716,77.5946
2025-10-15T05:00,20.4,97,23.3,0.0,0.0,3,100,6.0,107,12.9716,77.5946
2025-10-15T06:00,20.8,96,24.1,0.1,0.1,51,100,4.9,98,12.9716,77.5946
2025-10-15T07:00,21.3,94,24.2,0.0,0.0,3,100,7.0,100,12.9716,77.5946
2025-10-15T08:00,22.3,86,25.0,0.1,0.1,51,100,7.3,83,12.9716,77.5946
2025-10-15T09:00,24.0,77,26.3,0.0,0.0,3,100,9.3,77,12.9716,77.5946
2025-10-15T10:00,25.1,69,27.5,0.0,0.0,3,100,10.0,70,12.9716,77.5946
2025-10-15T11:00,25.8,67,28.9,0.0,0.0,3,100,8.0,67,12.9716,77.5946
2025-10-15T12:00,26.7,62,29.7,0.0,0.0,3,100,9.4,55,12.9716,77.5946
2025-10-15T13:00,26.6,59,28.4,0.0,0.0,3,100,12.7,58,12.9716,77.5946
2025-10-15T14:00,26.3,60,27.5,0.1,0.1,51,100,13.4,51,12.9716,77.5946
2025-10-15T15:00,24.6,69,25.5,0.2,0.2,51,100,15.5,59,12.9716,77.5946
2025-10-15T16:00,24.3,75,26.2,0.3,0.3,51,98,11.8,66,12.9716,77.5946
2025-10-15T17:00,23.1,86,26.0,0.0,0.0,3,95,9.2,74,12.9716,77.5946
2025-10-15T18:00,22.6,87,25.1,0.2,0.2,51,100,10.0,73,12.9716,77.5946
2025-10-15T19:00,21.1,94,23.3,0.9,0.9,53,100,12.1,73,12.9716,77.5946
2025-10-15T20:00,21.2,94,23.3,0.1,0.1,51,100,11.9,80,12.9716,77.5946
2025-10-15T21:00,20.8,95,23.1,0.0,0.0,3,99,10.6,76,12.9716,77.5946
2025-10-15T22:00,20.6,97,23.1,0.0,0.0,1,40,9.2,73,12.9716,77.5946
2025-10-15T23:00,21.2,97,24.1,0.0,0.0,3,100,9.2,69,12.9716,77.5946
2025-10-16T00:00,20.9,98,23.8,0.1,0.1,51,100,8.4,67,12.9716,77.5946
2025-10-16T01:00,20.9,98,23.6,0.0,0.0,3,100,9.3,61,12.9716,77.5946
2025-10-16T02:00,21.0,97,23.6,0.0,0.0,3,100,10.0,62,12.9716,77.5946
2025-10-16T03:00,20.5,98,22.7,0.0,0.0,3,100,11.7,63,12.9716,77.5946
2025-10-16T04:00,20.4,97,22.3,0.0,0.0,3,100,13.0,64,12.9716,77.5946
2025-10-16T05:00,20.5,97,22.3,0.0,0.0,3,100,13.2,68,12.9716,77.5946
2025-10-16T06:00,20.6,95,22.2,0.0,0.0,3,100,14.5,73,12.9716,77.5946
2025-10-16T07:00,21.4,90,22.6,0.0,0.0,3,100,16.6,72,12.9716,77.5946
2025-10-16T08:00,22.9,81,23.7,0.0,0.0,3,100,18.3,76,12.9716,77.5946
2025-10-16T09:00,24.5,72,25.1,0.0,0.0,3,100,19.0,86,12.9716,77.5946
2025-10-16T10:00,25.1,70,26.1,0.0,0.0,3,100,16.3,85,12.9716,77.5946
2025-10-16T11:00,26.5,62,27.7,0.0,0.0,3,100,19.3,89,12.9716,77.5946
2025-10-16T12:00,27.1,61,29.4,0.2,0.2,51,100,16.4,93,12.9716,77.5946
2025-10-16T13:00,26.9,63,29.5,0.2,0.2,51,100,14.2,103,12.9716,77.5946
2025-10-16T14:00,25.2,69,26.7,1.9,1.9,61,100,16.0,81,12.9716,77.5946
2025-10-16T15:00,25.3,70,26.8,0.4,0.4,51,100,13.5,93,12.9716,77.5946
2025-10-16T16:00,23.7,77,25.1,0.2,0.2,51,99,15.4,106,12.9716,77.5946
2025-10-16T17:00,22.5,88,25.3,0.0,0.0,3,97,9.0,37,12.9716,77.5946
2025-10-16T18:00,21.4,94,24.1,0.6,0.6,53,97,9.5,119,12.9716,77.5946
2025-10-16T19:00,21.6,95,25.0,0.0,0.0,3,99,6.0,69,12.9716,77.5946
2025-10-16T20:00,21.5,95,24.5,0.0,0.0,3,100,8.5,61,12.9716,77.5946
2025-10-16T21:00,21.4,93,23.4,0.1,0.1,51,100,13.4,79,12.9716,77.5946
2025-10-16T22:00,21.1,95,23.6,0.1,0.1,51,100,10.4,79,12.9716,77.5946
2025-10-16T23:00,21.1,98,23.8,0.0,0.0,3,100,10.4,80,12.9716,77.5946
2025-10-17T00:00,21.0,98,23.8,0.0,0.0,3,100,9.6,78,12.9716,77.5946
2025-10-17T01:00,21.0,97,23.7,0.0,0.0,3,100,9.3,75,12.9716,77.5946
2025-10-17T02:00,20.7,98,23.7,0.0,0.0,3,100,6.8,90,12.9716,77.5946
2025-10-17T03:00,20.4,98,23.3,0.0,0.0,3,100,6.9,70,12.9716,77.5946
2025-10-17T04:00,20.3,99,23.1,0.2,0.2,51,100,7.2,77,12.9716,77.5946
2025-10-17T05:00,20.2,98,22.4,0.0,0.0,3,100,10.8,75,12.9716,77.5946
2025-10-17T06:00,19.6,96,21.5,0.3,0.3,51,98,10.4,72,12.9716,77.5946
2025-10-17T07:00,20.7,91,21.9,0.0,0.0,3,100,15.4,58,12.9716,77.5946
2025-10-17T08:00,21.3,88,22.8,0.0,0.0,3,100,13.6,60,12.9716,77.5946
2025-10-17T09:00,23.4,80,24.7,0.0,0.0,3,100,16.1,70,12.9716,77.5946
2025-10-17T10:00,24.6,75,26.3,0.0,0.0,3,100,14.3,70,12.9716,77.5946
2025-10-17T11:00,26.2,71,29.9,0.2,0.2,51,100,11.9,76,12.9716,77.5946
2025-10-17T12:00,26.3,68,28.5,0.1,0.1,51,100,10.7,78,12.9716,77.5946
2025-10-17T13:00,24.2,76,25.8,1.2,1.2,55,100,13.8,64,12.9716,77.5946
2025-10-17T14:00,24.5,74,26.2,0.2,0.2,51,80,12.5,79,12.9716,77.5946
2025-10-17T15:00,25.0,77,27.5,0.1,0.1,51,54,11.2,68,12.9716,77.5946
2025-10-17T16:00,24.2,77,26.2,0.8,0.8,53,99,13.0,72,12.9716,77.5946
2025-10-17T17:00,23.0,84,25.1,1.2,1.2,55,100,12.4,66,12.9716,77.5946
2025-10-17T18:00,21.3,91,22.9,0.5,0.5,53,100,14.9,91,12.9716,77.5946
2025-10-17T19:00,20.9,93,23.1,0.2,0.2,51,100,10.6,64,12.9716,77.5946
2025-10-17T20:00,21.4,93,23.4,0.1,0.1,51,100,12.8,79,12.9716,77.5946
2025-10-17T21:00,20.9,95,23.1,0.0,0.0,3,100,11.0,64,12.9716,77.5946
2025-10-17T22:00,20.6,96,22.8,0.0,0.0,3,100,10.3,74,12.9716,77.5946
2025-10-17T23:00,21.1,96,23.4,0.0,0.0,3,100,12.2,76,12.9716,77.5946
2025-10-18T00:00,21.0,97,23.7,0.1,0.1,51,100,9.2,87,12.9716,77.5946
2025-10-18T01:00,21.0,96,23.4,0.0,0.0,3,100,10.4,81,12.9716,77.5946
2025-10-18T02:00,20.7,96,23.2,0.0,0.0,3,100,8.7,84,12.9716,77.5946
2025-10-18T03:00,20.6,97,23.1,0.0,0.0,3,100,8.8,91,12.9716,77.5946
2025-10-18T04:00,20.5,96,22.9,0.0,0.0,3,100,9.2,83,12.9716,77.5946
2025-10-18T05:00,20.4,98,23.4,0.0,0.0,3,100,6.2,75,12.9716,77.5946
2025-10-18T06:00,21.0,94,23.8,0.1,0.1,51,99,6.8,78,12.9716,77.5946
2025-10-18T07:00,21.7,89,24.4,0.1,0.1,51,100,7.4,76,12.9716,77.5946
2025-10-18T08:00,22.0,88,24.1,0.1,0.1,51,100,11.1,73,12.9716,77.5946
2025-10-18T09:00,23.3,81,25.3,0.0,0.0,3,100,11.9,79,12.9716,77.5946
2025-10-18T10:00,24.3,75,26.1,0.1,0.1,51,100,12.9,82,12.9716,77.5946
2025-10-18T11:00,26.3,67,28.4,0.0,0.0,3,100,12.4,80,12.9716,77.5946
2025-10-18T12:00,26.3,67,29.2,0.1,0.1,51,100,10.1,79,12.9716,77.5946
2025-10-18T13:00,27.3,65,31.2,0.1,0.1,51,100,6.1,90,12.9716,77.5946
2025-10-18T14:00,22.3,89,24.1,5.9,5.9,63,100,16.0,61,12.9716,77.5946
2025-10-18T15:00,22.0,90,24.5,0.2,0.2,51,100,10.7,65,12.9716,77.5946
2025-10-18T16:00,22.3,87,24.3,0.1,0.1,51,100,12.5,67,12.9716,77.5946
2025-10-18T17:00,22.0,89,24.7,0.1,0.1,51,100,7.9,63,12.9716,77.5946
2025-10-18T18:00,21.6,92,24.4,0.1,0.1,51,100,8.5,55,12.9716,77.5946
2025-10-18T19:00,21.1,94,23.6,0.2,0.2,51,100,9.1,34,12.9716,77.5946
2025-10-18T20:00,20.0,97,23.0,5.7,5.7,63,100,4.2,43,12.9716,77.5946
2025-10-18T21:00,20.5,97,23.4,0.0,0.0,3,100,6.7,56,12.9716,77.5946
2025-10-18T22:00,20.2,98,23.0,0.0,0.0,3,100,6.8,37,12.9716,77.5946
2025-10-18T23:00,20.5,98,23.6,0.0,0.0,3,100,5.4,90,12.9716,77.5946
2025-10-19T00:00,20.2,98,22.9,1.2,1.2,55,100,7.5,100,12.9716,77.5946
2025-10-19T01:00,19.6,96,21.6,1.1,1.1,55,100,9.0,92,12.9716,77.5946
2025-10-19T02:00,19.1,97,21.2,0.9,0.9,53,100,6.9,70,12.9716,77.5946
2025-10-19T03:00,19.1,97,21.4,1.4,1.4,61,100,6.0,100,12.9716,77.5946
2025-10-19T04:00,19.1,98,21.0,0.2,0.2,51,100,8.6,78,12.9716,77.5946
2025-10-19T05:00,19.6,94,22.4,0.0,0.0,3,100,2.8,75,12.9716,77.5946
2025-10-19T06:00,19.5,95,21.7,0.3,0.3,51,100,6.3,92,12.9716,77.5946
2025-10-19T07:00,20.6,95,23.5,0.1,0.1,51,100,5.8,83,12.9716,77.5946
2025-10-19T08:00,22.3,89,25.4,0.0,0.0,3,100,6.1,60,12.9716,77.5946
2025-10-19T09:00,24.1,80,27.1,0.0,0.0,3,100,6.6,74,12.9716,77.5946
2025-10-19T10:00,24.9,77,28.2,0.0,0.0,3,100,6.2,83,12.9716,77.5946
2025-10-19T11:00,25.8,70,29.2,0.1,0.1,51,100,8.6,78,12.9716,77.5946
2025-10-19T12:00,26.6,70,31.1,0.0,0.0,3,98,8.5,90,12.9716,77.5946
2025-10-19T13:00,27.3,67,32.3,0.0,0.0,3,98,7.6,95,12.9716,77.5946
2025-10-19T14:00,27.3,67,31.4,0.0,0.0,3,100,6.9,95,12.9716,77.5946
2025-10-19T15:00,26.6,65,29.0,0.1,0.1,51,100,8.5,89,12.9716,77.5946
2025-10-19T16:00,25.8,67,28.4,1.1,1.1,55,100,6.4,79,12.9716,77.5946
2025-10-19T17:00,24.4,80,27.8,7.0,7.0,63,66,5.1,86,12.9716,77.5946
2025-10-19T18:00,21.4,90,24.8,5.9,5.9,63,100,2.0,297,12.9716,77.5946
2025-10-19T19:00,21.5,94,24.6,2.8,2.8,63,100,6.4,101,12.9716,77.5946
2025-10-19T20:00,21.7,92,25.0,0.1,0.1,51,99,5.0,120,12.9716,77.5946
2025-10-19T21:00,20.9,97,24.3,0.0,0.0,3,100,3.7,113,12.9716,77.5946
2025-10-19T22:00,20.9,97,24.4,0.0,0.0,3,100,3.9,118,12.9716,77.5946
2025-10-19T23:00,20.8,96,24.0,0.1,0.1,51,100,5.0,92,12.9716,77.5946
2025-10-20T00:00,20.9,95,23.0,0.6,0.6,53,100,12.6,118,12.9716,77.5946
2025-10-20T01:00,20.7,95,22.8,1.1,1.1,55,100,11.6,125,12.9716,77.5946
2025-10-20T02:00,20.5,96,22.9,0.4,0.4,51,99,8.9,124,12.9716,77.5946
2025-10-20T03:00,20.2,98,23.1,0.1,0.1,51,100,6.1,118,12.9716,77.5946
2025-10-20T04:00,20.1,96,23.1,0.1,0.1,51,100,3.8,85,12.9716,77.5946
2025-10-20T05:00,20.1,99,23.0,0.0,0.0,3,100,6.2,97,12.9716,77.5946
2025-10-20T06:00,20.5,98,23.2,1.9,1.9,61,100,8.0,95,12.9716,77.5946
2025-10-20T07:00,20.9,95,23.6,0.0,0.0,3,100,8.1,96,12.9716,77.5946
2025-10-20T08:00,22.2,86,24.6,0.0,0.0,3,100,9.1,97,12.9716,77.5946
2025-10-20T09:00,23.9,77,26.1,0.0,0.0,3,100,9.2,88,12.9716,77.5946
2025-10-20T10:00,25.1,71,27.3,0.0,0.0,3,100,10.0,96,12.9716,77.5946
2025-10-20T11:00,25.9,70,28.7,0.0,0.0,3,100,11.3,100,12.9716,77.5946
2025-10-20T12:00,26.2,68,29.5,0.0,0.0,3,100,10.0,98,12.9716,77.5946
2025-10-20T13:00,27.1,65,31.2,0.0,0.0,3,100,8.9,97,12.9716,77.5946
2025-10-20T14:00,27.1,63,29.6,0.0,0.0,3,100,10.9,96,12.9716,77.5946
2025-10-20T15:00,24.6,71,26.1,0.3,0.3,51,100,13.1,78,12.9716,77.5946
2025-10-20T16:00,24.0,76,25.6,0.0,0.0,3,100,13.7,91,12.9716,77.5946
2025-10-20T17:00,22.7,84,25.2,0.0,0.0,3,100,8.4,71,12.9716,77.5946
2025-10-20T18:00,21.8,91,24.3,0.0,0.0,3,100,9.9,92,12.9716,77.5946
2025-10-20T19:00,21.1,94,23.7,0.2,0.2,51,100,9.2,89,12.9716,77.5946
2025-10-20T20:00,21.1,93,23.5,0.0,0.0,3,100,9.4,79,12.9716,77.5946
2025-10-20T21:00,20.8,96,23.4,0.0,0.0,3,100,9.3,72,12.9716,77.5946
2025-10-20T22:00,20.5,96,22.9,0.0,0.0,3,100,9.9,71,12.9716,77.5946
2025-10-20T23:00,20.5,96,22.6,0.0,0.0,3,100,11.6,85,12.9716,77.5946
2025-10-21T00:00,20.7,97,23.2,0.4,0.4,51,100,9.9,75,12.9716,77.5946
2025-10-21T01:00,20.6,95,23.0,0.3,0.3,51,100,9.0,78,12.9716,77.5946
2025-10-21T02:00,20.0,98,22.4,0.0,0.0,3,100,8.6,82,12.9716,77.5946
2025-10-21T03:00,20.0,98,22.5,0.0,0.0,3,100,7.9,70,12.9716,77.5946
2025-10-21T04:00,20.2,96,22.6,0.0,0.0,3,100,8.2,58,12.9716,77.5946
2025-10-21T05:00,20.2,97,22.6,0.0,0.0,3,98,9.2,55,12.9716,77.5946
2025-10-21T06:00,20.3,96,22.8,0.0,0.0,3,100,8.1,59,12.9716,77.5946
2025-10-21T07:00,20.9,93,23.1,0.0,0.0,3,100,10.2,62,12.9716,77.5946
2025-10-21T08:00,21.8,87,23.7,0.0,0.0,3,100,12.2,63,12.9716,77.5946
2025-10-21T09:00,22.7,83,24.5,0.2,0.2,51,100,12.6,65,12.9716,77.5946
2025-10-21T10:00,24.5,77,26.5,0.2,0.2,51,100,13.6,68,12.9716,77.5946
2025-10-21T11:00,25.4,72,27.3,0.1,0.1,51,100,13.1,82,12.9716,77.5946
2025-10-21T12:00,23.3,78,24.2,1.7,1.7,61,100,17.6,98,12.9716,77.5946
2025-10-21T13:00,21.1,88,22.2,1.4,1.4,61,100,15.0,80,12.9716,77.5946
2025-10-21T14:00,22.0,85,23.5,0.3,0.3,51,100,13.9,86,12.9716,77.5946
2025-10-21T15:00,22.3,84,24.1,0.3,0.3,51,100,12.2,77,12.9716,77.5946
2025-10-21T16:00,22.5,83,24.4,0.1,0.1,51,100,11.8,74,12.9716,77.5946
2025-10-21T17:00,22.3,88,24.9,0.1,0.1,51,100,8.5,44,12.9716,77.5946
2025-10-21T18:00,21.7,91,23.9,0.2,0.2,51,100,11.5,49,12.9716,77.5946
2025-10-21T19:00,21.1,95,23.3,0.4,0.4,51,100,11.9,60,12.9716,77.5946
2025-10-21T20:00,20.8,95,22.9,0.2,0.2,51,100,12.0,54,12.9716,77.5946
2025-10-21T21:00,20.5,96,22.7,0.1,0.1,51,100,10.8,47,12.9716,77.5946
2025-10-21T22:00,20.5,97,22.9,0.0,0.0,3,100,9.7,40,12.9716,77.5946
2025-10-21T23:00,20.3,98,22.6,0.0,0.0,3,100,10.6,48,12.9716,77.5946
2025-10-22T00:00,20.3,98,22.3,0.1,0.1,51,100,12.0,44,12.9716,77.5946
2025-10-22T01:00,20.4,96,22.3,0.0,0.0,3,100,12.7,43,12.9716,77.5946
2025-10-22T02:00,20.4,97,22.5,0.2,0.2,51,100,10.9,39,12.9716,77.5946
2025-10-22T03:00,20.3,97,22.3,1.0,1.0,55,100,11.6,42,12.9716,77.5946
2025-10-22T04:00,20.3,98,22.2,1.6,1.6,61,100,13.2,39,12.9716,77.5946
2025-10-22T05:00,20.8,96,22.3,2.5,2.5,63,100,16.7,54,12.9716,77.5946
2025-10-22T06:00,20.9,96,22.8,0.8,0.8,53,100,13.9,63,12.9716,77.5946
2025-10-22T07:00,20.9,98,23.4,2.2,2.2,61,100,10.3,57,12.9716,77.5946
2025-10-22T08:00,21.1,97,23.1,2.2,2.2,61,100,14.5,65,12.9716,77.5946
2025-10-22T09:00,22.0,91,23.9,0.9,0.9,53,100,14.7,84,12.9716,77.5946
2025-10-22T10:00,22.9,85,24.4,0.2,0.2,51,100,16.3,71,12.9716,77.5946
2025-10-22T11:00,23.4,82,25.4,0.3,0.3,51,100,16.3,65,12.9716,77.5946
2025-10-22T12:00,24.6,75,25.8,0.1,0.1,51,100,17.7,69,12.9716,77.5946
2025-10-22T13:00,24.2,76,25.5,3.1,3.1,63,100,16.5,80,12.9716,77.5946
2025-10-22T14:00,23.5,87,26.5,4.0,4.0,63,100,10.2,82,12.9716,77.5946
2025-10-22T15:00,22.6,85,25.1,3.1,3.1,63,100,9.5,91,12.9716,77.5946
2025-10-22T16:00,22.3,87,25.0,0.3,0.3,51,100,8.0,106,12.9716,77.5946
2025-10-22T17:00,21.7,90,24.0,0.2,0.2,51,100,10.0,96,12.9716,77.5946
2025-10-22T18:00,21.4,95,23.9,0.6,0.6,53,100,10.5,84,12.9716,77.5946
2025-10-22T19:00,20.9,94,23.0,1.0,1.0,55,100,11.2,94,12.9716,77.5946
2025-10-22T20:00,21.2,95,23.6,0.3,0.3,51,100,10.7,97,12.9716,77.5946
2025-10-22T21:00,21.0,93,23.2,0.2,0.2,51,100,10.7,110,12.9716,77.5946
2025-10-22T22:00,21.0,92,23.1,0.4,0.4,51,100,10.1,110,12.9716,77.5946
2025-10-22T23:00,20.3,95,23.0,0.0,0.0,3,100,6.5,148,12.9716,77.5946
2025-10-23T00:00,20.5,96,23.3,0.4,0.4,51,100,6.4,133,12.9716,77.5946
2025-10-23T01:00,20.4,97,23.2,0.1,0.1,51,100,6.6,147,12.9716,77.5946
2025-10-23T02:00,19.9,98,22.7,0.0,0.0,3,100,6.0,185,12.9716,77.5946
2025-10-23T03:00,19.9,98,22.9,0.0,0.0,3,100,4.6,193,12.9716,77.5946
2025-10-23T04:00,19.9,98,22.8,0.0,0.0,3,100,4.6,206,12.9716,77.5946
2025-10-23T05:00,20.3,97,24.0,0.0,0.0,3,100,0.4,63,12.9716,77.5946
2025-10-23T06:00,19.8,98,23.0,0.0,0.0,3,100,2.7,262,12.9716,77.5946
2025-10-23T07:00,21.0,92,24.0,0.0,0.0,3,100,4.9,246,12.9716,77.5946
2025-10-23T08:00,21.6,89,24.5,0.0,0.0,3,100,5.2,182,12.9716,77.5946
2025-10-23T09:00,23.2,81,26.1,0.0,0.0,3,100,5.2,176,12.9716,77.5946
2025-10-23T10:00,24.3,76,27.1,0.2,0.2,51,100,6.5,210,12.9716,77.5946
2025-10-23T11:00,25.0,72,27.1,0.2,0.2,51,100,11.7,227,12.9716,77.5946
2025-10-23T12:00,25.4,73,28.2,0.0,0.0,3,100,9.5,217,12.9716,77.5946
2025-10-23T13:00,25.7,71,28.1,0.0,0.0,3,100,11.6,221,12.9716,77.5946
2025-10-23T14:00,25.3,72,27.1,0.3,0.3,51,100,13.2,219,12.9716,77.5946
2025-10-23T15:00,25.3,70,26.8,0.1,0.1,51,100,13.5,223,12.9716,77.5946
2025-10-23T16:00,24.1,75,26.0,0.3,0.3,51,100,10.6,220,12.9716,77.5946
2025-10-23T17:00,24.1,76,26.2,0.0,0.0,3,100,10.2,236,12.9716,77.5946
2025-10-23T18:00,23.0,81,25.5,0.0,0.0,3,100,7.3,213,12.9716,77.5946
2025-10-23T19:00,22.4,86,24.9,0.0,0.0,3,100,9.1,205,12.9716,77.5946
2025-10-23T20:00,22.0,89,24.5,0.0,0.0,3,100,9.2,200,12.9716,77.5946
2025-10-23T21:00,21.5,89,24.0,0.0,0.0,3,100,8.2,209,12.9716,77.5946
2025-10-23T22:00,21.2,89,23.2,0.0,0.0,3,100,9.9,215,12.9716,77.5946
2025-10-23T23:00,20.9,84,22.1,0.0,0.0,3,100,12.1,228,12.9716,77.5946
2025-10-24T00:00,20.6,85,21.7,0.0,0.0,3,100,12.3,239,12.9716,77.5946
2025-10-24T01:00,20.4,86,21.7,0.0,0.0,3,100,10.9,243,12.9716,77.5946
2025-10-24T02:00,20.1,87,21.6,0.0,0.0,3,100,9.8,244,12.9716,77.5946
2025-10-24T03:00,19.6,90,21.2,0.0,0.0,3,100,8.2,244,12.9716,77.5946
2025-10-24T04:00,19.4,91,21.3,0.0,0.0,3,100,6.6,253,12.9716,77.5946
2025-10-24T05:00,20.3,82,21.0,0.0,0.0,3,100,12.2,243,12.9716,77.5946
2025-10-24T06:00,20.3,82,20.9,0.0,0.0,3,100,13.0,245,12.9716,77.5946
2025-10-24T07:00,20.4,85,21.6,0.0,0.0,3,100,10.8,242,12.9716,77.5946
2025-10-24T08:00,21.2,82,22.8,0.0,0.0,3,100,9.1,236,12.9716,77.5946
2025-10-24T09:00,22.3,78,23.2,0.0,0.0,3,100,14.6,241,12.9716,77.5946
2025-10-24T10:00,23.2,73,23.7,0.0,0.0,3,100,16.6,236,12.9716,77.5946
2025-10-24T11:00,23.4,69,23.6,0.0,0.0,3,100,16.8,246,12.9716,77.5946
2025-10-24T12:00,23.9,72,25.2,0.0,0.0,3,100,12.9,247,12.9716,77.5946
2025-10-24T13:00,24.8,68,25.6,0.1,0.1,51,100,15.3,250,12.9716,77.5946
2025-10-24T14:00,25.2,65,26.3,0.0,0.0,3,100,12.7,247,12.9716,77.5946
2025-10-24T15:00,25.1,65,25.9,0.0,0.0,3,100,14.7,245,12.9716,77.5946
2025-10-24T16:00,24.3,71,25.7,0.0,0.0,3,100,11.7,245,12.9716,77.5946
2025-10-24T17:00,23.8,76,26.1,0.0,0.0,3,100,8.7,230,12.9716,77.5946
2025-10-24T18:00,22.6,82,25.2,0.0,0.0,3,100,6.6,223,12.9716,77.5946
2025-10-24T19:00,22.2,85,24.9,0.0,0.0,3,100,6.4,238,12.9716,77.5946
2025-10-24T20:00,22.0,86,24.5,0.0,0.0,3,100,7.0,235,12.9716,77.5946
2025-10-24T21:00,21.6,88,24.1,0.0,0.0,3,100,7.6,236,12.9716,77.5946
2025-10-24T22:00,21.2,91,23.7,0.0,0.0,3,99,7.8,251,12.9716,77.5946
2025-10-24T23:00,20.9,93,23.7,0.0,0.0,3,99,6.3,246,12.9716,77.5946
2025-10-25T00:00,20.6,94,23.1,0.0,0.0,3,95,7.7,239,12.9716,77.5946
2025-10-25T01:00,20.6,94,23.1,0.0,0.0,3,98,7.4,238,12.9716,77.5946
2025-10-25T02:00,20.3,96,22.8,0.0,0.0,3,97,7.3,240,12.9716,77.5946
2025-10-25T03:00,19.9,97,22.3,0.0,0.0,3,99,7.6,243,12.9716,77.5946
2025-10-25T04:00,19.7,97,22.1,0.0,0.0,3,100,7.7,246,12.9716,77.5946
2025-10-25T05:00,19.6,92,21.5,0.0,0.0,3,99,7.4,244,12.9716,77.5946
2025-10-25T06:00,19.7,91,21.7,0.0,0.0,3,100,7.2,242,12.9716,77.5946
2025-10-25T07:00,20.9,90,23.1,0.0,0.0,3,86,8.3,250,12.9716,77.5946
2025-10-25T08:00,22.4,84,24.5,0.0,0.0,3,98,10.6,247,12.9716,77.5946
2025-10-25T09:00,24.0,76,25.8,0.0,0.0,3,98,12.5,245,12.9716,77.5946
2025-10-25T10:00,25.1,67,27.3,0.0,0.0,3,90,13.9,237,12.9716,77.5946
2025-10-25T11:00,25.9,60,28.4,0.0,0.0,3,100,13.6,229,12.9716,77.5946
2025-10-25T12:00,26.5,57,28.8,0.0,0.0,3,100,12.5,227,12.9716,77.5946
2025-10-25T13:00,26.6,58,29.1,0.0,0.0,3,97,12.3,232,12.9716,77.5946
2025-10-25T14:00,26.6,59,29.0,0.0,0.0,3,100,10.0,231,12.9716,77.5946
2025-10-25T15:00,26.4,59,27.9,0.0,0.0,3,99,9.4,230,12.9716,77.5946
2025-10-25T16:00,25.7,62,27.3,0.0,0.0,2,77,8.9,228,12.9716,77.5946
2025-10-25T17:00,25.1,66,27.1,0.0,0.0,1,48,7.2,233,12.9716,77.5946
2025-10-25T18:00,23.5,74,25.5,0.0,0.0,2,73,7.6,205,12.9716,77.5946
2025-10-25T19:00,22.7,77,24.8,0.0,0.0,3,80,6.5,208,12.9716,77.5946
2025-10-25T20:00,22.2,81,24.6,0.0,0.0,3,98,5.3,208,12.9716,77.5946
2025-10-25T21:00,21.7,84,24.5,0.0,0.0,3,98,3.5,204,12.9716,77.5946
2025-10-25T22:00,21.4,85,24.1,0.0,0.0,3,99,3.8,205,12.9716,77.5946
2025-10-25T23:00,21.6,86,24.5,0.0,0.0,3,100,3.6,162,12.9716,77.5946
2025-10-26T00:00,21.9,85,24.5,0.0,0.0,3,100,6.2,216,12.9716,77.5946
2025-10-26T01:00,21.4,88,24.2,0.0,0.0,3,100,4.7,212,12.9716,77.5946
2025-10-26T02:00,21.0,91,23.5,0.0,0.0,3,100,7.8,230,12.9716,77.5946
2025-10-26T03:00,20.5,95,23.0,0.0,0.0,2,70,7.6,236,12.9716,77.5946
2025-10-26T04:00,20.1,96,22.6,0.0,0.0,3,95,7.4,236,12.9716,77.5946
2025-10-26T05:00,19.9,98,22.3,0.0,0.0,3,100,8.9,243,12.9716,77.5946
2025-10-26T06:00,20.0,98,22.3,0.0,0.0,3,99,8.8,244,12.9716,77.5946
2025-10-26T07:00,20.3,95,22.8,0.0,0.0,3,91,7.6,245,12.9716,77.5946
2025-10-26T08:00,21.9,86,24.7,0.0,0.0,3,89,5.6,228,12.9716,77.5946
2025-10-26T09:00,23.8,75,26.2,0.0,0.0,0,5,6.8,235,12.9716,77.5946
2025-10-26T10:00,25.2,65,28.2,0.0,0.0,3,98,8.4,228,12.9716,77.5946
2025-10-26T11:00,26.2,60,29.7,0.0,0.0,3,84,8.7,227,12.9716,77.5946
2025-10-26T12:00,26.9,57,30.6,0.0,0.0,2,72,8.4,239,12.9716,77.5946
2025-10-26T13:00,27.5,54,30.8,0.0,0.0,2,74,8.4,245,12.9716,77.5946
2025-10-26T14:00,27.7,52,30.3,0.0,0.0,3,100,7.0,247,12.9716,77.5946
2025-10-26T15:00,27.7,51,29.0,0.2,0.2,51,92,7.1,240,12.9716,77.5946
2025-10-26T16:00,26.7,56,28.0,0.2,0.2,51,99,7.5,228,12.9716,77.5946
2025-10-26T17:00,24.7,74,27.6,0.0,0.0,3,100,5.5,232,12.9716,77.5946
2025-10-26T18:00,23.2,82,26.0,0.0,0.0,3,100,6.7,251,12.9716,77.5946
2025-10-26T19:00,22.4,88,25.8,0.0,0.0,3,100,3.2,289,12.9716,77.5946
2025-10-26T20:00,22.0,90,25.5,0.0,0.0,3,100,2.6,321,12.9716,77.5946
2025-10-26T21:00,22.1,86,25.1,0.0,0.0,3,100,4.6,279,12.9716,77.5946
2025-10-26T22:00,21.8,87,24.8,0.0,0.0,3,100,4.1,293,12.9716,77.5946
2025-10-26T23:00,21.3,89,23.8,0.0,0.0,3,100,7.2,271,12.9716,77.5946
2025-10-27T00:00,21.1,89,23.2,0.0,0.0,3,100,9.2,263,12.9716,77.5946
2025-10-27T01:00,20.6,91,22.9,0.0,0.0,3,100,7.4,256,12.9716,77.5946
2025-10-27T02:00,20.2,93,22.7,0.0,0.0,3,100,6.1,256,12.9716,77.5946
2025-10-27T03:00,19.9,94,22.4,0.0,0.0,3,100,5.7,261,12.9716,77.5946
2025-10-27T04:00,19.6,95,21.9,0.0,0.0,3,100,7.0,266,12.9716,77.5946
2025-10-27T05:00,19.4,95,21.6,0.0,0.0,3,100,6.4,292,12.9716,77.5946
2025-10-27T06:00,19.4,94,21.3,0.0,0.0,3,100,7.3,287,12.9716,77.5946
2025-10-27T07:00,20.1,91,22.5,0.0,0.0,3,100,5.7,279,12.9716,77.5946
2025-10-27T08:00,21.6,86,24.0,0.0,0.0,3,100,7.1,276,12.9716,77.5946
2025-10-27T09:00,22.8,83,25.3,0.0,0.0,3,100,7.9,269,12.9716,77.5946
2025-10-27T10:00,23.9,76,25.8,0.2,0.2,51,100,11.2,275,12.9716,77.5946
2025-10-27T11:00,23.7,79,25.7,0.1,0.1,51,100,12.2,242,12.9716,77.5946
2025-10-27T12:00,22.4,80,23.7,0.4,0.4,51,100,13.3,257,12.9716,77.5946
2025-10-27T13:00,22.8,80,24.4,0.1,0.1,51,100,12.7,262,12.9716,77.5946
2025-10-27T14:00,22.8,80,24.7,0.0,0.0,3,100,10.3,276,12.9716,77.5946
2025-10-27T15:00,23.4,78,25.0,0.1,0.1,51,100,12.3,267,12.9716,77.5946
2025-10-27T16:00,22.7,80,24.3,0.0,0.0,3,100,12.1,277,12.9716,77.5946
2025-10-27T17:00,21.9,91,24.2,0.0,0.0,3,100,11.9,269,12.9716,77.5946
2025-10-27T18:00,21.3,90,23.1,0.1,0.1,51,100,12.6,274,12.9716,77.5946
2025-10-27T19:00,20.9,89,22.4,0.2,0.2,51,100,12.9,279,12.9716,77.5946
2025-10-27T20:00,20.7,93,22.2,0.4,0.4,51,100,13.8,279,12.9716,77.5946
2025-10-27T21:00,20.7,93,22.4,0.3,0.3,51,100,12.9,282,12.9716,77.5946
2025-10-27T22:00,20.5,93,22.2,0.2,0.2,51,100,12.1,285,12.9716,77.5946
2025-10-27T23:00,20.9,96,23.1,0.4,0.4,51,100,11.4,303,12.9716,77.5946
2025-10-28T00:00,20.6,98,22.6,0.8,0.8,53,100,13.3,293,12.9716,77.5946
2025-10-28T01:00,20.6,98,22.7,0.4,0.4,51,100,12.9,293,12.9716,77.5946
2025-10-28T02:00,20.4,98,22.3,0.2,0.2,51,100,13.8,277,12.9716,77.5946
2025-10-28T03:00,20.3,98,21.7,0.3,0.3,51,100,17.0,275,12.9716,77.5946
2025-10-28T04:00,20.1,98,21.4,0.4,0.4,51,100,16.8,273,12.9716,77.5946
2025-10-28T05:00,19.9,97,21.0,0.2,0.2,51,100,16.5,278,12.9716,77.5946
2025-10-28T06:00,19.9,96,21.3,0.1,0.1,51,100,14.6,269,12.9716,77.5946
2025-10-28T07:00,20.1,95,21.9,0.0,0.0,3,100,11.7,279,12.9716,77.5946
2025-10-28T08:00,20.7,92,22.5,0.0,0.0,3,100,11.2,280,12.9716,77.5946
2025-10-28T09:00,20.8,90,22.5,0.0,0.0,3,100,12.1,277,12.9716,77.5946
2025-10-28T10:00,21.4,88,23.4,0.1,0.1,51,100,10.2,280,12.9716,77.5946
2025-10-28T11:00,22.9,79,23.4,0.1,0.1,51,100,19.4,276,12.9716,77.5946
2025-10-28T12:00,23.9,72,24.3,0.0,0.0,3,100,19.1,278,12.9716,77.5946
2025-10-28T13:00,23.9,72,24.3,0.0,0.0,3,100,17.9,274,12.9716,77.5946
2025-10-28T14:00,24.0,71,24.5,0.0,0.0,3,100,17.9,280,12.9716,77.5946
2025-10-28T15:00,23.5,74,24.4,0.0,0.0,3,100,15.2,280,12.9716,77.5946
2025-10-28T16:00,23.2,76,24.1,0.0,0.0,3,100,15.5,273,12.9716,77.5946
2025-10-28T17:00,22.5,77,23.2,0.0,0.0,3,100,15.3,271,12.9716,77.5946
2025-10-28T18:00,21.7,81,22.7,0.0,0.0,3,100,14.0,263,12.9716,77.5946
2025-10-28T19:00,21.6,79,21.9,0.0,0.0,3,100,17.4,264,12.9716,77.5946
2025-10-28T20:00,21.0,80,21.4,0.0,0.0,3,100,15.7,273,12.9716,77.5946
2025-10-28T21:00,20.7,81,21.1,0.0,0.0,3,100,14.8,267,12.9716,77.5946
2025-10-28T22:00,20.4,85,21.0,0.0,0.0,3,100,15.0,266,12.9716,77.5946
2025-10-28T23:00,20.5,87,21.3,0.0,0.0,3,100,15.3,269,12.9716,77.5946
2025-10-29T00:00,20.6,90,21.6,0.0,0.0,3,100,16.1,260,12.9716,77.5946
2025-10-29T01:00,20.5,91,21.4,0.0,0.0,3,100,16.5,262,12.9716,77.5946
2025-10-29T02:00,20.2,92,21.3,0.0,0.0,3,100,15.5,255,12.9716,77.5946
2025-10-29T03:00,20.1,93,21.2,0.0,0.0,3,100,14.8,256,12.9716,77.5946
2025-10-29T04:00,20.1,91,21.2,0.0,0.0,3,100,13.4,246,12.9716,77.5946
2025-10-29T05:00,19.6,98,21.3,0.0,0.0,3,100,11.9,235,12.9716,77.5946
2025-10-29T06:00,19.7,97,21.1,0.0,0.0,3,100,13.2,236,12.9716,77.5946
2025-10-29T07:00,20.7,92,22.1,0.0,0.0,3,100,14.2,244,12.9716,77.5946
2025-10-29T08:00,22.1,83,22.4,0.0,0.0,3,100,20.4,251,12.9716,77.5946
2025-10-29T09:00,23.5,74,23.6,0.0,0.0,3,100,20.7,253,12.9716,77.5946
2025-10-29T10:00,24.2,71,24.3,0.0,0.0,3,100,21.2,246,12.9716,77.5946
2025-10-29T11:00,25.6,62,26.8,0.1,0.1,51,100,20.1,246,12.9716,77.5946
2025-10-29T12:00,26.4,58,27.5,0.0,0.0,3,100,21.9,251,12.9716,77.5946
2025-10-29T13:00,26.8,56,27.5,0.0,0.0,3,100,21.2,255,12.9716,77.5946
2025-10-29T14:00,26.2,57,25.7,0.0,0.0,3,100,21.1,255,12.9716,77.5946
2025-10-29T15:00,26.0,57,25.7,0.0,0.0,3,100,18.1,246,12.9716,77.5946
2025-10-29T16:00,25.2,62,25.7,0.0,0.0,3,100,14.4,242,12.9716,77.5946
2025-10-29T17:00,23.9,66,24.2,0.0,0.0,3,98,15.4,235,12.9716,77.5946
2025-10-29T18:00,22.4,73,22.8,0.0,0.0,3,100,14.5,233,12.9716,77.5946
2025-10-29T19:00,21.6,77,22.1,0.0,0.0,3,100,14.4,232,12.9716,77.5946
2025-10-29T20:00,20.5,80,20.8,0.0,0.0,3,100,15.2,235,12.9716,77.5946
2025-10-29T21:00,19.7,84,19.9,0.0,0.0,3,100,15.1,237,12.9716,77.5946
2025-10-29T22:00,19.4,86,19.5,0.0,0.0,3,100,15.5,237,12.9716,77.5946
2025-10-29T23:00,19.5,89,20.1,0.0,0.0,3,100,14.8,238,12.9716,77.5946
2025-10-30T00:00,19.3,92,20.0,0.0,0.0,3,100,15.4,234,12.9716,77.5946
2025-10-30T01:00,19.1,95,19.9,0.0,0.0,3,90,15.4,232,12.9716,77.5946
2025-10-30T02:00,18.8,95,19.4,0.0,0.0,2,73,15.8,232,12.9716,77.5946
2025-10-30T03:00,18.4,97,19.0,0.0,0.0,3,93,15.1,235,12.9716,77.5946
2025-10-30T04:00,18.2,97,18.9,0.0,0.0,3,97,14.4,240,12.9716,77.5946
2025-10-30T05:00,18.4,95,19.1,0.0,0.0,3,97,14.1,236,12.9716,77.5946
2025-10-30T06:00,18.5,95,19.2,0.0,0.0,3,99,14.6,236,12.9716,77.5946
2025-10-30T07:00,19.8,93,21.0,0.0,0.0,0,6,13.3,234,12.9716,77.5946
2025-10-30T08:00,21.7,81,22.1,0.0,0.0,2,69,18.1,239,12.9716,77.5946
2025-10-30T09:00,23.3,72,23.3,0.0,0.0,3,90,20.2,242,12.9716,77.5946
2025-10-30T10:00,24.6,66,25.5,0.0,0.0,1,34,18.3,242,12.9716,77.5946
2025-10-30T11:00,25.7,62,27.0,0.0,0.0,2,52,19.8,248,12.9716,77.5946
2025-10-30T12:00,26.4,58,27.8,0.0,0.0,2,70,17.3,247,12.9716,77.5946
2025-10-30T13:00,26.9,55,27.8,0.0,0.0,2,55,17.0,250,12.9716,77.5946
2025-10-30T14:00,26.8,54,27.3,0.0,0.0,2,50,16.7,253,12.9716,77.5946
2025-10-30T15:00,26.6,55,26.6,0.0,0.0,1,46,15.6,251,12.9716,77.5946
2025-10-30T16:00,26.0,56,26.3,0.0,0.0,2,52,13.0,251,12.9716,77.5946
2025-10-30T17:00,24.7,61,25.8,0.0,0.0,0,16,8.2,232,12.9716,77.5946
2025-10-30T18:00,23.0,71,24.8,0.0,0.0,1,23,5.8,240,12.9716,77.5946
2025-10-30T19:00,22.3,74,23.9,0.0,0.0,2,51,7.5,250,12.9716,77.5946
2025-10-30T20:00,21.3,79,23.2,0.0,0.0,1,44,5.9,243,12.9716,77.5946
2025-10-30T21:00,20.6,82,22.3,0.0,0.0,1,37,5.9,225,12.9716,77.5946
2025-10-30T22:00,20.1,84,21.6,0.0,0.0,0,0,7.4,223,12.9716,77.5946
2025-10-30T23:00,19.9,86,21.3,0.0,0.0,0,0,8.6,231,12.9716,77.5946
2025-10-31T00:00,19.4,88,20.9,0.0,0.0,0,1,8.2,221,12.9716,77.5946
2025-10-31T01:00,19.0,90,20.4,0.0,0.0,0,2,8.4,223,12.9716,77.5946
2025-10-31T02:00,18.6,92,20.0,0.0,0.0,0,0,7.9,219,12.9716,77.5946
2025-10-31T03:00,18.4,92,19.6,0.0,0.0,0,0,9.0,227,12.9716,77.5946
2025-10-31T04:00,18.0,93,19.1,0.0,0.0,0,0,9.2,230,12.9716,77.5946
2025-10-31T05:00,18.4,90,19.5,0.0,0.0,0,0,8.4,223,12.9716,77.5946
2025-10-31T06:00,18.6,88,19.6,0.0,0.0,0,1,8.9,220,12.9716,77.5946
2025-10-31T07:00,20.0,85,21.2,0.0,0.0,0,2,9.8,224,12.9716,77.5946
2025-10-31T08:00,21.9,76,23.2,0.0,0.0,0,0,9.6,227,12.9716,77.5946
2025-10-31T09:00,23.5,68,24.6,0.0,0.0,0,0,11.8,226,12.9716,77.5946
2025-10-31T10:00,24.9,62,26.8,0.0,0.0,0,0,12.1,230,12.9716,77.5946
2025-10-31T11:00,25.9,55,28.3,0.0,0.0,0,0,11.9,239,12.9716,77.5946
2025-10-31T12:00,26.9,50,29.1,0.0,0.0,0,0,12.6,246,12.9716,77.5946
2025-10-31T13:00,27.0,51,28.8,0.0,0.0,0,16,15.0,252,12.9716,77.5946
2025-10-31T14:00,27.3,49,28.3,0.0,0.0,0,16,13.9,253,12.9716,77.5946
2025-10-31T15:00,27.2,47,27.2,0.0,0.0,0,18,12.7,252,12.9716,77.5946
2025-10-31T16:00,26.6,49,26.5,0.0,0.0,2,53,12.4,244,12.9716,77.5946
2025-10-31T17:00,25.2,58,26.3,0.0,0.0,0,10,7.3,210,12.9716,77.5946
2025-10-31T18:00,23.2,67,24.8,0.0,0.0,0,2,5.2,180,12.9716,77.5946
2025-10-31T19:00,22.5,68,24.0,0.0,0.0,1,20,5.1,172,12.9716,77.5946
2025-10-31T20:00,22.3,67,23.5,0.0,0.0,0,1,5.6,205,12.9716,77.5946
2025-10-31T21:00,21.7,70,23.0,0.0,0.0,0,0,5.1,225,12.9716,77.5946
2025-10-31T22:00,21.1,73,22.2,0.0,0.0,0,0,6.1,220,12.9716,77.5946
2025-10-31T23:00,20.2,83,21.7,0.0,0.0,0,0,6.5,210,12.9716,77.5946
2025-11-01T00:00,19.4,87,21.3,0.0,0.0,2,63,4.5,203,12.9716,77.5946
2025-11-01T01:00,19.0,90,20.8,0.0,0.0,1,45,5.3,215,12.9716,77.5946
2025-11-01T02:00,18.6,92,20.5,0.0,0.0,2,65,4.6,228,12.9716,77.5946
2025-11-01T03:00,18.1,94,20.0,0.0,0.0,3,99,4.2,234,12.9716,77.5946
2025-11-01T04:00,17.9,95,19.8,0.0,0.0,3,80,4.6,228,12.9716,77.5946
2025-11-01T05:00,18.3,93,19.8,0.0,0.0,2,73,7.4,219,12.9716,77.5946
2025-11-01T06:00,18.4,92,19.9,0.0,0.0,1,45,6.7,216,12.9716,77.5946
2025-11-01T07:00,19.7,87,21.4,0.0,0.0,0,0,6.5,226,12.9716,77.5946
2025-11-01T08:00,21.8,75,23.3,0.0,0.0,0,3,6.7,236,12.9716,77.5946
2025-11-01T09:00,23.8,63,25.2,0.0,0.0,0,0,7.1,236,12.9716,77.5946
2025-11-01T10:00,25.5,55,27.7,0.0,0.0,0,18,7.2,231,12.9716,77.5946
2025-11-01T11:00,26.5,52,29.5,0.0,0.0,0,0,6.7,224,12.9716,77.5946
2025-11-01T12:00,27.5,49,31.2,0.0,0.0,0,2,4.5,223,12.9716,77.5946
2025-11-01T13:00,28.2,47,31.3,0.0,0.0,0,2,5.7,229,12.9716,77.5946
2025-11-01T14:00,28.4,45,30.4,0.0,0.0,1,20,7.7,237,12.9716,77.5946
2025-11-01T15:00,27.9,46,28.7,0.0,0.0,0,3,8.8,242,12.9716,77.5946
2025-11-01T16:00,27.2,47,27.4,0.0,0.0,1,44,9.1,248,12.9716,77.5946
2025-11-01T17:00,26.4,53,27.1,0.0,0.0,0,3,8.5,249,12.9716,77.5946
2025-11-01T18:00,24.2,66,26.2,0.0,0.0,0,4,4.1,221,12.9716,77.5946
2025-11-01T19:00,23.6,70,25.9,0.0,0.0,0,3,2.8,198,12.9716,77.5946
2025-11-01T20:00,23.2,69,25.4,0.0,0.0,0,11,2.0,260,12.9716,77.5946
2025-11-01T21:00,22.7,70,25.0,0.0,0.0,0,2,0.9,323,12.9716,77.5946
2025-11-01T22:00,22.3,71,24.4,0.0,0.0,0,16,1.7,18,12.9716,77.5946
2025-11-01T23:00,22.2,70,23.8,0.0,0.0,3,98,3.6,53,12.9716,77.5946
2025-11-02T00:00,21.0,79,22.5,0.0,0.0,3,97,7.0,61,12.9716,77.5946
2025-11-02T01:00,20.6,83,22.7,0.0,0.0,3,100,4.4,78,12.9716,77.5946
2025-11-02T02:00,20.0,85,21.9,0.0,0.0,3,100,5.2,192,12.9716,77.5946
2025-11-02T03:00,18.8,88,20.3,0.0,0.0,3,100,5.6,213,12.9716,77.5946
2025-11-02T04:00,17.7,94,19.5,0.0,0.0,3,95,3.3,216,12.9716,77.5946
2025-11-02T05:00,17.7,95,19.5,0.0,0.0,3,99,4.0,216,12.9716,77.5946
2025-11-02T06:00,18.1,93,19.6,0.0,0.0,3,100,5.8,275,12.9716,77.5946
2025-11-02T07:00,19.5,89,21.2,0.0,0.0,3,100,7.3,310,12.9716,77.5946
2025-11-02T08:00,21.7,83,23.8,0.0,0.0,3,100,7.1,308,12.9716,77.5946
2025-11-02T09:00,24.0,72,26.2,0.0,0.0,3,100,7.6,295,12.9716,77.5946
2025-11-02T10:00,26.2,61,29.2,0.0,0.0,3,100,7.1,297,12.9716,77.5946
2025-11-02T11:00,25.8,61,29.1,0.0,0.0,3,100,7.3,298,12.9716,77.5946
2025-11-02T12:00,27.2,55,29.8,0.0,0.0,3,100,7.7,300,12.9716,77.5946
2025-11-02T13:00,27.7,52,30.0,0.0,0.0,3,100,8.6,303,12.9716,77.5946
2025-11-02T14:00,27.8,51,29.7,0.0,0.0,3,96,8.9,294,12.9716,77.5946
2025-11-02T15:00,27.7,50,28.6,0.0,0.0,3,100,9.1,292,12.9716,77.5946
2025-11-02T16:00,27.1,54,28.1,0.0,0.0,3,99,9.4,287,12.9716,77.5946
2025-11-02T17:00,26.0,57,27.2,0.0,0.0,3,100,7.4,288,12.9716,77.5946
2025-11-02T18:00,24.5,67,26.2,0.0,0.0,3,91,7.6,282,12.9716,77.5946
2025-11-02T19:00,23.7,71,25.7,0.0,0.0,3,90,6.1,282,12.9716,77.5946
2025-11-02T20:00,22.9,76,25.4,0.0,0.0,3,97,3.9,294,12.9716,77.5946
2025-11-02T21:00,22.1,81,24.9,0.0,0.0,3,87,3.1,360,12.9716,77.5946
2025-11-02T22:00,21.8,81,24.5,0.0,0.0,3,99,3.0,25,12.9716,77.5946
2025-11-02T23:00,21.9,81,24.3,0.0,0.0,3,91,4.3,332,12.9716,77.5946
2025-11-03T00:00,21.3,82,23.6,0.0,0.0,3,93,4.2,342,12.9716,77.5946
2025-11-03T01:00,21.2,81,23.3,0.0,0.0,3,81,4.8,304,12.9716,77.5946
2025-11-03T02:00,20.6,83,22.6,0.0,0.0,3,80,4.7,317,12.9716,77.5946
2025-11-03T03:00,20.3,84,21.9,0.0,0.0,3,81,7.0,318,12.9716,77.5946
2025-11-03T04:00,19.4,89,20.9,0.0,0.0,3,94,8.2,319,12.9716,77.5946
2025-11-03T05:00,18.7,92,20.2,0.0,0.0,3,84,7.9,333,12.9716,77.5946
2025-11-03T06:00,18.5,96,20.2,0.0,0.0,3,99,7.7,330,12.9716,77.5946
2025-11-03T07:00,19.6,93,21.5,0.0,0.0,3,100,8.0,329,12.9716,77.5946
2025-11-03T08:00,21.5,84,23.5,0.0,0.0,3,100,8.5,332,12.9716,77.5946
2025-11-03T09:00,23.8,72,25.7,0.0,0.0,3,100,8.1,328,12.9716,77.5946
2025-11-03T10:00,25.6,64,28.4,0.0,0.0,3,100,8.1,321,12.9716,77.5946
2025-11-03T11:00,26.2,57,28.9,0.0,0.0,3,100,8.7,318,12.9716,77.5946
2025-11-03T12:00,27.6,50,30.4,0.0,0.0,3,100,8.7,317,12.9716,77.5946
2025-11-03T13:00,28.0,47,29.8,0.0,0.0,3,100,9.3,313,12.9716,77.5946
2025-11-03T14:00,28.0,46,29.0,0.0,0.0,3,100,9.5,302,12.9716,77.5946
2025-11-03T15:00,27.6,47,28.0,0.0,0.0,3,100,9.6,298,12.9716,77.5946
2025-11-03T16:00,26.9,50,27.3,0.0,0.0,3,89,9.9,291,12.9716,77.5946
2025-11-03T17:00,25.9,53,26.5,0.0,0.0,1,21,9.0,280,12.9716,77.5946
2025-11-03T18:00,24.3,63,25.7,0.0,0.0,2,69,6.8,259,12.9716,77.5946
2025-11-03T19:00,23.6,70,25.9,0.0,0.0,3,100,3.3,234,12.9716,77.5946
2025-11-03T20:00,23.5,72,26.1,0.0,0.0,3,100,2.7,250,12.9716,77.5946
2025-11-03T21:00,22.8,73,25.0,0.0,0.0,3,100,3.3,279,12.9716,77.5946
2025-11-03T22:00,22.6,72,24.9,0.0,0.0,3,100,2.7,307,12.9716,77.5946
2025-11-03T23:00,21.9,78,24.1,0.0,0.0,3,100,4.5,268,12.9716,77.5946
2025-11-04T00:00,21.4,78,23.3,0.0,0.0,3,99,4.5,268,12.9716,77.5946
2025-11-04T01:00,20.6,80,22.3,0.0,0.0,3,99,5.6,268,12.9716,77.5946
2025-11-04T02:00,19.8,84,21.3,0.0,0.0,3,100,6.7,273,12.9716,77.5946
2025-11-04T03:00,19.1,89,20.8,0.0,0.0,0,9,6.0,297,12.9716,77.5946
2025-11-04T04:00,18.7,93,20.6,0.0,0.0,0,2,5.1,288,12.9716,77.5946
2025-11-04T05:00,18.6,98,20.5,0.0,0.0,3,100,7.7,282,12.9716,77.5946
2025-11-04T06:00,18.5,99,20.4,0.0,0.0,3,100,7.9,294,12.9716,77.5946
2025-11-04T07:00,19.3,95,20.8,0.0,0.0,3,100,10.4,296,12.9716,77.5946
2025-11-04T08:00,20.9,85,22.2,0.0,0.0,3,100,11.3,295,12.9716,77.5946
2025-11-04T09:00,22.6,75,24.1,0.0,0.0,3,100,9.4,299,12.9716,77.5946
2025-11-04T10:00,24.4,68,26.1,0.0,0.0,3,100,9.4,312,12.9716,77.5946
2025-11-04T11:00,25.4,60,27.1,0.0,0.0,3,100,10.0,319,12.9716,77.5946
2025-11-04T12:00,27.1,51,29.0,0.0,0.0,3,99,10.4,332,12.9716,77.5946
2025-11-04T13:00,26.3,54,26.8,0.0,0.0,3,100,11.0,334,12.9716,77.5946
2025-11-04T14:00,25.8,56,26.5,0.0,0.0,3,100,10.3,329,12.9716,77.5946
2025-11-04T15:00,26.0,57,26.9,0.1,0.1,51,100,10.7,330,12.9716,77.5946
2025-11-04T16:00,25.0,62,26.1,0.0,0.0,3,100,9.7,329,12.9716,77.5946
2025-11-04T17:00,24.5,66,26.2,0.0,0.0,3,98,7.5,336,12.9716,77.5946
2025-11-04T18:00,23.5,75,25.5,0.0,0.0,3,100,8.6,12,12.9716,77.5946
2025-11-04T19:00,22.6,82,25.2,0.0,0.0,3,100,6.6,9,12.9716,77.5946
2025-11-04T20:00,22.2,84,24.7,0.0,0.0,3,98,6.7,8,12.9716,77.5946
2025-11-04T21:00,22.0,84,24.4,0.0,0.0,0,6,6.7,3,12.9716,77.5946
2025-11-04T22:00,21.4,85,23.6,0.0,0.0,1,36,7.1,7,12.9716,77.5946
2025-11-04T23:00,21.7,86,24.3,0.0,0.0,1,43,6.0,9,12.9716,77.5946
2025-11-05T00:00,21.3,88,23.8,0.0,0.0,1,25,6.2,348,12.9716,77.5946
2025-11-05T01:00,20.8,90,23.1,0.0,0.0,1,48,7.7,324,12.9716,77.5946
2025-11-05T02:00,20.4,92,22.8,0.0,0.0,3,84,6.6,331,12.9716,77.5946
2025-11-05T03:00,19.9,95,22.1,0.0,0.0,2,62,8.1,328,12.9716,77.5946
2025-11-05T04:00,19.5,95,21.5,0.0,0.0,2,66,8.0,337,12.9716,77.5946
2025-11-05T05:00,19.9,96,22.1,0.0,0.0,3,88,8.7,318,12.9716,77.5946
2025-11-05T06:00,19.8,93,21.8,0.0,0.0,3,98,7.6,333,12.9716,77.5946
2025-11-05T07:00,21.1,82,23.3,0.0,0.0,3,96,5.2,340,12.9716,77.5946
2025-11-05T08:00,23.4,74,25.6,0.0,0.0,3,94,5.8,326,12.9716,77.5946
2025-11-05T09:00,25.6,63,27.5,0.0,0.0,1,35,7.1,311,12.9716,77.5946
2025-11-05T10:00,26.4,59,28.6,0.1,0.1,51,30,8.0,312,12.9716,77.5946
2025-11-05T11:00,27.4,55,29.9,0.0,0.0,3,98,8.5,316,12.9716,77.5946
2025-11-05T12:00,26.7,58,28.2,0.0,0.0,3,100,8.7,292,12.9716,77.5946
2025-11-05T13:00,26.3,61,28.3,0.1,0.1,51,100,6.4,254,12.9716,77.5946
2025-11-05T14:00,22.7,77,24.2,3.4,3.4,63,100,11.1,346,12.9716,77.5946
2025-11-05T15:00,22.6,79,25.3,0.8,0.8,53,83,3.8,59,12.9716,77.5946
2025-11-05T16:00,24.1,75,26.9,0.1,0.1,51,73,4.2,290,12.9716,77.5946
2025-11-05T17:00,24.2,76,27.2,0.0,0.0,2,69,4.8,323,12.9716,77.5946
2025-11-05T18:00,23.3,85,27.2,0.0,0.0,2,60,1.4,293,12.9716,77.5946
2025-11-05T19:00,23.1,84,26.8,0.0,0.0,1,48,1.2,27,12.9716,77.5946
2025-11-05T20:00,23.0,82,26.4,0.0,0.0,1,45,1.6,6,12.9716,77.5946
2025-11-05T21:00,22.0,84,23.9,0.0,0.0,2,72,10.3,44,12.9716,77.5946
2025-11-05T22:00,21.2,86,23.7,0.0,0.0,2,59,4.9,51,12.9716,77.5946
2025-11-05T23:00,20.3,95,22.8,0.0,0.0,3,92,7.3,216,12.9716,77.5946
2025-11-06T00:00,20.2,93,23.2,0.0,0.0,3,86,2.4,279,12.9716,77.5946
2025-11-06T01:00,19.4,95,21.4,0.2,0.2,51,99,7.2,248,12.9716,77.5946
2025-11-06T02:00,19.6,95,21.9,0.3,0.3,51,95,6.2,338,12.9716,77.5946
2025-11-06T03:00,20.0,94,22.2,0.1,0.1,51,100,7.7,339,12.9716,77.5946
2025-11-06T04:00,19.9,90,21.5,0.3,0.3,51,79,9.3,338,12.9716,77.5946
2025-11-06T05:00,19.5,93,21.3,0.1,0.1,51,90,8.7,313,12.9716,77.5946
2025-11-06T06:00,19.1,96,21.0,0.0,0.0,3,81,8.4,318,12.9716,77.5946
2025-11-06T07:00,19.6,93,21.2,0.0,0.0,3,95,10.3,322,12.9716,77.5946
2025-11-06T08:00,21.4,84,23.6,0.0,0.0,3,88,6.4,324,12.9716,77.5946
2025-11-06T09:00,23.4,76,25.6,0.0,0.0,1,46,7.1,324,12.9716,77.5946
2025-11-06T10:00,24.7,71,27.9,0.0,0.0,1,30,6.5,341,12.9716,77.5946
2025-11-06T11:00,25.3,63,28.4,0.0,0.0,2,53,7.4,357,12.9716,77.5946
2025-11-06T12:00,25.9,60,28.9,0.2,0.2,51,49,5.2,335,12.9716,77.5946
2025-11-06T13:00,26.4,58,29.1,0.2,0.2,51,62,5.2,326,12.9716,77.5946
2025-11-06T14:00,26.5,57,28.4,0.0,0.0,3,88,5.9,313,12.9716,77.5946
2025-11-06T15:00,26.3,55,27.7,0.0,0.0,3,100,6.3,297,12.9716,77.5946
2025-11-06T16:00,25.9,55,26.8,0.0,0.0,3,100,8.1,302,12.9716,77.5946
2025-11-06T17:00,21.8,82,23.2,0.0,0.0,3,100,11.4,63,12.9716,77.5946
2025-11-06T18:00,20.8,89,23.0,0.5,0.5,53,92,8.2,61,12.9716,77.5946
2025-11-06T19:00,21.0,89,23.0,0.0,0.0,3,100,9.8,59,12.9716,77.5946
2025-11-06T20:00,20.9,86,22.6,0.0,0.0,3,100,9.8,54,12.9716,77.5946
2025-11-06T21:00,20.6,88,22.5,0.0,0.0,3,94,8.3,72,12.9716,77.5946
2025-11-06T22:00,20.3,90,22.1,0.0,0.0,2,75,9.6,70,12.9716,77.5946
2025-11-06T23:00,20.7,89,22.4,0.0,0.0,2,56,10.3,63,12.9716,77.5946
2025-11-07T00:00,20.3,91,22.3,0.0,0.0,2,73,8.3,68,12.9716,77.5946
2025-11-07T01:00,19.9,93,22.0,0.0,0.0,3,96,7.3,67,12.9716,77.5946
2025-11-07T02:00,19.9,92,22.0,0.0,0.0,3,87,6.8,53,12.9716,77.5946
2025-11-07T03:00,19.5,93,21.6,0.0,0.0,0,14,6.0,63,12.9716,77.5946
2025-11-07T04:00,19.3,91,21.3,0.0,0.0,0,9,5.9,59,12.9716,77.5946
2025-11-07T05:00,18.7,100,21.2,0.0,0.0,3,100,5.3,352,12.9716,77.5946
2025-11-07T06:00,19.2,98,22.2,0.0,0.0,3,100,1.8,360,12.9716,77.5946
2025-11-07T07:00,19.9,96,23.3,0.0,0.0,2,55,0.3,315,12.9716,77.5946
2025-11-07T08:00,22.1,84,25.3,0.0,0.0,3,92,1.9,29,12.9716,77.5946
2025-11-07T09:00,24.1,67,26.1,0.0,0.0,1,27,4.9,39,12.9716,77.5946
2025-11-07T10:00,25.4,57,27.1,0.0,0.0,1,45,7.1,49,12.9716,77.5946
2025-11-07T11:00,26.3,53,28.6,0.1,0.1,51,37,8.7,58,12.9716,77.5946
2025-11-07T12:00,26.9,51,29.3,0.1,0.1,51,98,7.7,65,12.9716,77.5946
2025-11-07T13:00,27.5,48,29.8,0.1,0.1,51,79,5.5,58,12.9716,77.5946
2025-11-07T14:00,27.5,48,29.0,0.1,0.1,51,73,6.0,29,12.9716,77.5946
2025-11-07T15:00,27.3,47,28.0,0.1,0.1,51,86,6.5,30,12.9716,77.5946
2025-11-07T16:00,26.4,50,26.9,0.1,0.1,51,90,8.1,39,12.9716,77.5946
2025-11-07T17:00,25.1,61,26.6,0.0,0.0,3,88,6.9,39,12.9716,77.5946
2025-11-07T18:00,23.5,70,25.3,0.0,0.0,3,95,6.9,41,12.9716,77.5946
2025-11-07T19:00,22.6,73,24.0,0.0,0.0,3,89,8.6,41,12.9716,77.5946
2025-11-07T20:00,21.7,77,22.8,0.0,0.0,3,89,10.8,46,12.9716,77.5946
2025-11-07T21:00,21.0,84,22.4,0.0,0.0,3,89,10.3,46,12.9716,77.5946
2025-11-07T22:00,20.5,86,22.0,0.0,0.0,3,95,9.1,54,12.9716,77.5946
2025-11-07T23:00,20.4,88,22.3,0.0,0.0,2,73,7.1,71,12.9716,77.5946
2025-11-08T00:00,20.0,90,22.2,0.0,0.0,3,87,5.4,86,12.9716,77.5946
2025-11-08T01:00,19.7,92,22.0,0.0,0.0,2,76,4.5,88,12.9716,77.5946
2025-11-08T02:00,19.5,92,21.8,0.0,0.0,1,46,4.9,82,12.9716,77.5946
2025-11-08T03:00,19.1,94,21.3,0.0,0.0,2,67,5.2,70,12.9716,77.5946
2025-11-08T04:00,18.9,94,20.8,0.0,0.0,0,4,6.2,64,12.9716,77.5946
2025-11-08T05:00,18.6,97,20.6,0.0,0.0,1,20,6.2,49,12.9716,77.5946
2025-11-08T06:00,18.6,97,20.5,0.0,0.0,0,3,6.6,53,12.9716,77.5946
2025-11-08T07:00,20.0,92,22.3,0.0,0.0,0,2,5.6,63,12.9716,77.5946
2025-11-08T08:00,22.4,77,24.6,0.0,0.0,0,3,5.1,58,12.9716,77.5946
2025-11-08T09:00,24.2,60,25.0,0.0,0.0,0,4,9.2,51,12.9716,77.5946
2025-11-08T10:00,25.5,52,26.4,0.0,0.0,2,64,11.4,31,12.9716,77.5946
2025-11-08T11:00,25.9,50,27.0,0.0,0.0,3,91,10.7,23,12.9716,77.5946
2025-11-08T12:00,26.2,48,26.3,0.0,0.0,3,83,10.0,17,12.9716,77.5946
2025-11-08T13:00,27.3,45,28.0,0.0,0.0,2,70,9.4,2,12.9716,77.5946
2025-11-08T14:00,27.1,44,26.9,0.0,0.0,3,87,10.8,357,12.9716,77.5946
2025-11-08T15:00,26.4,46,26.0,0.0,0.0,3,88,11.0,360,12.9716,77.5946
2025-11-08T16:00,25.9,48,25.6,0.0,0.0,1,36,10.8,1,12.9716,77.5946
2025-11-08T17:00,24.8,54,25.0,0.0,0.0,1,32,9.9,9,12.9716,77.5946
2025-11-08T18:00,23.5,60,23.8,0.0,0.0,0,2,9.4,20,12.9716,77.5946
2025-11-08T19:00,22.3,61,22.0,0.0,0.0,0,1,11.5,20,12.9716,77.5946
2025-11-08T20:00,21.1,64,20.8,0.0,0.0,0,0,11.3,31,12.9716,77.5946
2025-11-08T21:00,20.4,65,19.8,0.0,0.0,0,0,11.4,35,12.9716,77.5946
2025-11-08T22:00,19.8,65,19.1,0.0,0.0,0,0,11.3,34,12.9716,77.5946
2025-11-08T23:00,19.8,68,19.3,0.0,0.0,0,0,11.3,33,12.9716,77.5946
2025-11-09T00:00,19.2,68,18.7,0.0,0.0,0,0,9.6,37,12.9716,77.5946
2025-11-09T01:00,18.3,70,18.1,0.0,0.0,0,0,7.3,40,12.9716,77.5946
2025-11-09T02:00,17.6,74,17.6,0.0,0.0,0,0,6.6,47,12.9716,77.5946
2025-11-09T03:00,17.4,74,17.0,0.0,0.0,0,0,8.0,46,12.9716,77.5946
2025-11-09T04:00,17.4,68,16.5,0.0,0.0,0,0,9.2,33,12.9716,77.5946
2025-11-09T05:00,17.2,74,16.9,0.0,0.0,0,0,7.7,36,12.9716,77.5946
2025-11-09T06:00,17.2,71,16.6,0.0,0.0,0,0,7.7,36,12.9716,77.5946
2025-11-09T07:00,18.8,65,18.1,0.0,0.0,0,0,9.2,42,12.9716,77.5946
2025-11-09T08:00,21.6,55,21.2,0.0,0.0,0,0,7.6,38,12.9716,77.5946
2025-11-09T09:00,23.8,39,22.1,0.0,0.0,0,0,11.0,24,12.9716,77.5946
2025-11-09T10:00,24.9,35,24.3,0.0,0.0,0,0,10.0,26,12.9716,77.5946
2025-11-09T11:00,25.3,33,25.2,0.0,0.0,0,0,10.1,27,12.9716,77.5946
2025-11-09T12:00,26.0,32,26.4,0.0,0.0,0,0,9.0,26,12.9716,77.5946
2025-11-09T13:00,26.5,31,26.9,0.0,0.0,0,0,7.8,29,12.9716,77.5946
2025-11-09T14:00,26.6,31,26.4,0.0,0.0,0,0,7.0,29,12.9716,77.5946
2025-11-09T15:00,26.4,31,25.2,0.0,0.0,0,0,7.1,27,12.9716,77.5946
2025-11-09T16:00,25.7,33,24.1,0.0,0.0,0,0,7.7,25,12.9716,77.5946
2025-11-09T17:00,24.9,40,24.1,0.0,0.0,0,16,6.4,22,12.9716,77.5946
2025-11-09T18:00,23.1,49,22.8,0.0,0.0,0,9,5.9,20,12.9716,77.5946
2025-11-09T19:00,22.3,51,21.9,0.0,0.0,0,2,5.8,26,12.9716,77.5946
2025-11-09T20:00,21.2,53,20.5,0.0,0.0,0,3,7.6,19,12.9716,77.5946
2025-11-09T21:00,20.3,57,19.5,0.0,0.0,0,2,8.2,19,12.9716,77.5946
2025-11-09T22:00,19.6,60,18.8,0.0,0.0,0,0,8.6,41,12.9716,77.5946
2025-11-09T23:00,19.2,68,18.7,0.0,0.0,0,0,9.6,60,12.9716,77.5946
2025-11-10T00:00,18.7,74,18.7,0.0,0.0,0,0,8.5,63,12.9716,77.5946
2025-11-10T01:00,18.3,78,18.5,0.0,0.0,0,0,7.8,64,12.9716,77.5946
2025-11-10T02:00,17.9,80,18.2,0.0,0.0,0,1,7.7,66,12.9716,77.5946
2025-11-10T03:00,17.6,81,18.0,0.0,0.0,0,1,7.0,67,12.9716,77.5946
2025-11-10T04:00,17.2,83,17.7,0.0,0.0,2,63,6.0,61,12.9716,77.5946
2025-11-10T05:00,17.2,85,17.9,0.0,0.0,2,71,5.5,52,12.9716,77.5946
2025-11-10T06:00,17.2,85,17.8,0.0,0.0,3,91,5.9,52,12.9716,77.5946
2025-11-10T07:00,19.0,77,19.7,0.0,0.0,2,76,6.2,64,12.9716,77.5946
2025-11-10T08:00,21.8,65,22.7,0.0,0.0,1,40,4.7,58,12.9716,77.5946
2025-11-10T09:00,23.9,53,24.6,0.0,0.0,3,89,4.0,54,12.9716,77.5946
2025-11-10T10:00,25.3,46,27.0,0.0,0.0,3,88,3.3,49,12.9716,77.5946
2025-11-10T11:00,25.6,45,28.1,0.0,0.0,3,98,3.1,36,12.9716,77.5946
2025-11-10T12:00,27.4,39,30.3,0.0,0.0,2,65,1.7,72,12.9716,77.5946
2025-11-10T13:00,28.4,34,30.4,0.0,0.0,3,91,1.5,166,12.9716,77.5946
2025-11-10T14:00,28.8,32,29.7,0.0,0.0,1,48,3.0,205,12.9716,77.5946
2025-11-10T15:00,28.3,31,27.4,0.0,0.0,2,63,5.9,239,12.9716,77.5946
2025-11-10T16:00,26.8,36,25.6,0.0,0.0,2,71,9.4,272,12.9716,77.5946
2025-11-10T17:00,25.9,44,25.7,0.0,0.0,2,70,6.4,295,12.9716,77.5946
2025-11-10T18:00,24.5,53,25.2,0.0,0.0,3,88,4.8,340,12.9716,77.5946
2025-11-10T19:00,23.5,57,24.0,0.0,0.0,2,71,6.3,7,12.9716,77.5946
2025-11-10T20:00,22.5,60,22.7,0.0,0.0,3,85,8.0,38,12.9716,77.5946
2025-11-10T21:00,21.7,62,22.0,0.0,0.0,3,97,6.8,53,12.9716,77.5946
2025-11-10T22:00,20.9,66,21.1,0.0,0.0,3,99,7.8,67,12.9716,77.5946
2025-11-10T23:00,20.4,73,21.0,0.0,0.0,2,56,8.5,66,12.9716,77.5946
2025-11-11T00:00,20.0,75,20.6,0.0,0.0,0,2,8.2,71,12.9716,77.5946
2025-11-11T01:00,19.4,81,20.2,0.0,0.0,3,95,8.9,83,12.9716,77.5946
2025-11-11T02:00,18.8,88,19.8,0.0,0.0,0,1,8.6,88,12.9716,77.5946
2025-11-11T03:00,18.3,92,19.7,0.0,0.0,0,6,7.1,81,12.9716,77.5946
2025-11-11T04:00,18.1,94,19.5,0.0,0.0,0,1,7.6,90,12.9716,77.5946
2025-11-11T05:00,18.8,92,20.3,0.0,0.0,1,30,7.8,94,12.9716,77.5946
2025-11-11T06:00,18.7,92,20.3,0.0,0.0,0,3,7.0,102,12.9716,77.5946
2025-11-11T07:00,20.0,86,21.8,0.0,0.0,0,0,6.5,96,12.9716,77.5946
2025-11-11T08:00,22.5,71,24.1,0.0,0.0,2,77,6.0,100,12.9716,77.5946
2025-11-11T09:00,24.4,61,26.0,0.0,0.0,3,95,4.2,85,12.9716,77.5946
2025-11-11T10:00,26.1,52,28.5,0.0,0.0,3,96,4.6,51,12.9716,77.5946
2025-11-11T11:00,26.0,52,28.1,0.0,0.0,3,95,4.3,33,12.9716,77.5946
2025-11-11T12:00,27.0,48,28.8,0.0,0.0,2,62,3.7,35,12.9716,77.5946
2025-11-11T13:00,27.5,46,29.3,0.0,0.0,3,98,3.3,49,12.9716,77.5946
2025-11-11T14:00,27.3,46,28.1,0.0,0.0,3,97,5.2,22,12.9716,77.5946
2025-11-11T15:00,27.2,46,27.7,0.0,0.0,3,98,7.3,17,12.9716,77.5946
2025-11-11T16:00,26.8,47,27.2,0.0,0.0,3,94,7.2,19,12.9716,77.5946
2025-11-11T17:00,25.9,54,26.9,0.0,0.0,2,55,6.0,29,12.9716,77.5946
2025-11-11T18:00,24.6,64,26.5,0.0,0.0,1,23,4.4,35,12.9716,77.5946
2025-11-11T19:00,23.8,67,25.5,0.0,0.0,1,36,5.5,52,12.9716,77.5946
2025-11-11T20:00,22.9,68,24.0,0.0,0.0,3,89,8.1,55,12.9716,77.5946
2025-11-11T21:00,22.2,68,23.0,0.0,0.0,3,96,8.6,49,12.9716,77.5946
2025-11-11T22:00,21.4,70,22.1,0.0,0.0,2,77,8.6,60,12.9716,77.5946
2025-11-11T23:00,21.7,72,22.4,0.0,0.0,2,74,10.3,75,12.9716,77.5946
2025-11-12T00:00,20.4,78,21.4,0.0,0.0,2,55,8.4,81,12.9716,77.5946
2025-11-12T01:00,19.8,84,21.1,0.0,0.0,1,30,8.0,82,12.9716,77.5946
2025-11-12T02:00,19.4,88,20.8,0.0,0.0,1,22,9.0,78,12.9716,77.5946
2025-11-12T03:00,19.3,90,20.5,0.0,0.0,0,2,10.0,75,12.9716,77.5946
2025-11-12T04:00,19.1,90,20.3,0.0,0.0,0,0,9.9,74,12.9716,77.5946
2025-11-12T05:00,19.1,88,20.1,0.0,0.0,0,0,9.8,70,12.9716,77.5946
2025-11-12T06:00,19.0,87,19.9,0.0,0.0,0,0,9.8,67,12.9716,77.5946
2025-11-12T07:00,20.2,82,21.4,0.0,0.0,0,0,8.7,60,12.9716,77.5946
2025-11-12T08:00,22.4,73,23.5,0.0,0.0,0,3,9.9,65,12.9716,77.5946
2025-11-12T09:00,24.4,64,25.4,0.0,0.0,0,2,9.7,72,12.9716,77.5946
2025-11-12T10:00,26.1,57,28.0,0.0,0.0,0,10,10.1,74,12.9716,77.5946
2025-11-12T11:00,27.1,50,28.9,0.0,0.0,2,59,11.3,73,12.9716,77.5946
2025-11-12T12:00,27.2,49,27.8,0.0,0.0,2,58,11.1,83,12.9716,77.5946
2025-11-12T13:00,27.3,49,28.0,0.0,0.0,2,67,10.7,74,12.9716,77.5946
2025-11-12T14:00,27.7,48,28.8,0.1,0.1,51,27,8.7,72,12.9716,77.5946
2025-11-12T15:00,27.9,47,28.5,0.0,0.0,1,45,8.0,62,12.9716,77.5946
2025-11-12T16:00,27.6,48,28.3,0.0,0.0,0,13,7.7,54,12.9716,77.5946
2025-11-12T17:00,26.3,53,27.2,0.0,0.0,2,75,8.1,62,12.9716,77.5946
2025-11-12T18:00,24.6,63,25.7,0.0,0.0,1,49,9.6,70,12.9716,77.5946
2025-11-12T19:00,23.2,71,24.4,0.0,0.0,0,19,10.6,80,12.9716,77.5946
2025-11-12T20:00,22.3,77,23.8,0.0,0.0,1,42,9.8,66,12.9716,77.5946
2025-11-12T21:00,21.7,81,23.4,0.0,0.0,0,9,9.1,75,12.9716,77.5946
2025-11-12T22:00,21.2,84,23.1,0.0,0.0,1,23,7.7,93,12.9716,77.5946
2025-11-12T23:00,21.1,86,22.8,0.0,0.0,0,10,10.3,96,12.9716,77.5946
2025-11-13T00:00,20.7,89,22.3,0.0,0.0,0,1,11.0,93,12.9716,77.5946
2025-11-13T01:00,20.0,94,21.8,0.0,0.0,1,31,10.4,92,12.9716,77.5946
2025-11-13T02:00,19.5,98,21.5,0.0,0.0,3,100,9.2,84,12.9716,77.5946
2025-11-13T03:00,19.4,99,21.4,0.0,0.0,3,100,9.5,89,12.9716,77.5946
2025-11-13T04:00,19.5,97,21.5,0.0,0.0,3,98,9.4,78,12.9716,77.5946
2025-11-13T05:00,19.7,97,22.3,0.0,0.0,1,45,5.9,79,12.9716,77.5946
2025-11-13T06:00,19.6,97,22.1,0.0,0.0,2,56,6.2,80,12.9716,77.5946
2025-11-13T07:00,20.8,89,22.9,0.0,0.0,1,23,8.4,81,12.9716,77.5946
2025-11-13T08:00,22.8,75,24.6,0.0,0.0,1,22,8.6,80,12.9716,77.5946
2025-11-13T09:00,24.6,64,25.8,0.0,0.0,1,23,9.5,76,12.9716,77.5946
2025-11-13T10:00,25.9,57,27.3,0.1,0.1,51,35,11.0,69,12.9716,77.5946
2025-11-13T11:00,26.0,58,28.3,0.1,0.1,51,55,10.2,67,12.9716,77.5946
2025-11-13T12:00,26.4,57,28.3,0.3,0.3,51,43,9.7,66,12.9716,77.5946
2025-11-13T13:00,27.4,53,29.5,0.1,0.1,51,16,9.7,68,12.9716,77.5946
2025-11-13T14:00,27.9,49,29.3,0.0,0.0,0,12,10.2,64,12.9716,77.5946
2025-11-13T15:00,28.1,47,28.4,0.0,0.0,1,20,10.5,63,12.9716,77.5946
2025-11-13T16:00,27.6,47,27.8,0.0,0.0,0,10,10.6,67,12.9716,77.5946
2025-11-13T17:00,26.3,53,27.2,0.0,0.0,0,13,7.4,61,12.9716,77.5946
2025-11-13T18:00,24.6,63,26.2,0.0,0.0,1,22,5.7,72,12.9716,77.5946
2025-11-13T19:00,23.6,66,24.8,0.0,0.0,3,86,8.0,59,12.9716,77.5946
2025-11-13T20:00,22.8,68,23.6,0.0,0.0,0,3,10.4,58,12.9716,77.5946
2025-11-13T21:00,21.7,74,22.8,0.0,0.0,0,14,8.8,85,12.9716,77.5946
2025-11-13T22:00,20.8,80,22.1,0.0,0.0,1,40,8.7,96,12.9716,77.5946
2025-11-13T23:00,20.6,87,22.4,0.0,0.0,0,14,8.8,86,12.9716,77.5946
2025-11-14T00:00,20.1,93,21.9,0.0,0.0,3,100,11.1,81,12.9716,77.5946
2025-11-14T01:00,20.0,94,21.5,0.0,0.0,3,91,12.5,78,12.9716,77.5946
2025-11-14T02:00,19.8,93,21.2,0.0,0.0,2,65,11.9,75,12.9716,77.5946
2025-11-14T03:00,19.4,94,20.8,0.0,0.0,3,100,11.3,77,12.9716,77.5946
2025-11-14T04:00,19.1,95,20.4,0.0,0.0,3,100,11.1,74,12.9716,77.5946
2025-11-14T05:00,19.3,95,20.7,0.0,0.0,3,100,11.5,67,12.9716,77.5946
2025-11-14T06:00,19.2,94,20.6,0.0,0.0,1,45,10.7,67,12.9716,77.5946
2025-11-14T07:00,20.0,89,21.3,0.0,0.0,0,10,10.9,66,12.9716,77.5946
2025-11-14T08:00,21.5,77,22.4,0.0,0.0,1,20,11.3,63,12.9716,77.5946
2025-11-14T09:00,23.1,67,23.8,0.0,0.0,0,8,10.2,58,12.9716,77.5946
2025-11-14T10:00,24.8,57,26.4,0.0,0.0,0,5,9.6,53,12.9716,77.5946
2025-11-14T11:00,26.0,51,28.0,0.0,0.0,0,16,9.9,45,12.9716,77.5946
2025-11-14T12:00,27.1,45,29.0,0.0,0.0,1,30,8.9,32,12.9716,77.5946
2025-11-14T13:00,27.7,42,28.7,0.0,0.0,1,32,9.1,32,12.9716,77.5946
2025-11-14T14:00,27.9,40,27.9,0.0,0.0,1,20,10.8,36,12.9716,77.5946
2025-11-14T15:00,27.4,41,26.5,0.0,0.0,0,15,12.1,35,12.9716,77.5946
2025-11-14T16:00,26.5,42,25.5,0.0,0.0,0,2,12.6,34,12.9716,77.5946
2025-11-14T17:00,24.9,51,24.7,0.0,0.0,0,17,10.0,38,12.9716,77.5946
2025-11-14T18:00,23.2,60,23.8,0.0,0.0,0,2,7.2,51,12.9716,77.5946
2025-11-14T19:00,22.3,63,22.4,0.0,0.0,0,0,9.8,59,12.9716,77.5946
2025-11-14T20:00,21.2,66,21.4,0.0,0.0,0,0,9.5,63,12.9716,77.5946
2025-11-14T21:00,20.3,71,20.5,0.0,0.0,0,0,9.4,70,12.9716,77.5946
2025-11-14T22:00,19.7,73,20.0,0.0,0.0,0,0,9.2,67,12.9716,77.5946
2025-11-14T23:00,19.2,81,19.8,0.0,0.0,0,5,9.2,51,12.9716,77.5946
2025-11-15T00:00,18.5,83,19.0,0.0,0.0,0,0,9.7,43,12.9716,77.5946
2025-11-15T01:00,17.9,85,18.3,0.0,0.0,1,40,10.1,49,12.9716,77.5946
2025-11-15T02:00,17.4,87,17.5,0.0,0.0,3,97,11.0,58,12.9716,77.5946
2025-11-15T03:00,16.9,88,16.9,0.0,0.0,0,9,11.3,59,12.9716,77.5946
2025-11-15T04:00,16.5,89,16.3,0.0,0.0,0,0,11.7,61,12.9716,77.5946
2025-11-15T05:00,16.3,93,16.4,0.0,0.0,0,0,11.0,60,12.9716,77.5946
2025-11-15T06:00,16.3,93,16.3,0.0,0.0,0,2,11.1,60,12.9716,77.5946
2025-11-15T07:00,17.4,86,17.7,0.0,0.0,2,57,9.3,62,12.9716,77.5946
2025-11-15T08:00,19.5,73,19.6,0.0,0.0,0,1,9.5,58,12.9716,77.5946
2025-11-15T09:00,21.7,59,21.3,0.0,0.0,0,13,9.8,55,12.9716,77.5946
2025-11-15T10:00,23.4,50,23.9,0.0,0.0,1,25,9.1,56,12.9716,77.5946
2025-11-15T11:00,24.5,44,25.5,0.0,0.0,1,30,8.0,59,12.9716,77.5946
2025-11-15T12:00,25.8,38,27.0,0.0,0.0,0,14,7.3,62,12.9716,77.5946
2025-11-15T13:00,26.5,35,27.3,0.0,0.0,2,51,7.6,68,12.9716,77.5946
2025-11-15T14:00,26.7,36,26.7,0.0,0.0,0,1,9.0,74,12.9716,77.5946
2025-11-15T15:00,26.3,37,25.3,0.0,0.0,0,11,9.8,76,12.9716,77.5946
2025-11-15T16:00,25.6,40,24.2,0.0,0.0,2,53,10.8,87,12.9716,77.5946
2025-11-15T17:00,24.8,42,24.0,0.0,0.0,3,82,8.2,41,12.9716,77.5946
2025-11-15T18:00,23.9,49,23.4,0.0,0.0,3,82,8.7,42,12.9716,77.5946
2025-11-15T19:00,22.7,61,22.7,0.0,0.0,3,80,10.7,97,12.9716,77.5946
2025-11-15T20:00,21.5,71,22.0,0.0,0.0,3,95,10.6,90,12.9716,77.5946
2025-11-15T21:00,20.8,74,21.3,0.0,0.0,3,100,10.8,86,12.9716,77.5946
2025-11-15T22:00,20.2,77,20.7,0.0,0.0,3,100,10.9,83,12.9716,77.5946
2025-11-15T23:00,20.1,81,20.7,0.0,0.0,3,100,12.0,82,12.9716,77.5946
2025-11-16T00:00,19.3,86,20.1,0.0,0.0,3,100,11.3,77,12.9716,77.5946
2025-11-16T01:00,18.6,92,19.6,0.0,0.0,3,100,10.7,73,12.9716,77.5946
2025-11-16T02:00,18.5,96,19.6,0.0,0.0,3,100,11.5,67,12.9716,77.5946
2025-11-16T03:00,18.7,92,19.8,0.0,0.0,2,77,10.6,60,12.9716,77.5946
2025-11-16T04:00,18.2,94,19.3,0.0,0.0,3,100,9.9,55,12.9716,77.5946
2025-11-16T05:00,17.6,96,18.3,0.0,0.0,3,100,11.5,56,12.9716,77.5946
2025-11-16T06:00,17.5,95,18.4,0.0,0.0,2,66,9.5,51,12.9716,77.5946
2025-11-16T07:00,18.3,89,18.8,0.0,0.0,1,37,12.0,53,12.9716,77.5946
2025-11-16T08:00,20.3,77,20.9,0.0,0.0,1,30,10.5,53,12.9716,77.5946
2025-11-16T09:00,22.5,67,23.0,0.0,0.0,0,8,10.2,59,12.9716,77.5946
2025-11-16T10:00,24.4,58,25.8,0.0,0.0,0,7,9.7,65,12.9716,77.5946
2025-11-16T11:00,26.1,49,28.1,0.0,0.0,3,100,7.5,101,12.9716,77.5946
2025-11-16T12:00,26.0,50,26.5,0.0,0.0,3,100,7.2,91,12.9716,77.5946
2025-11-16T13:00,26.2,49,26.7,0.0,0.0,3,100,7.0,80,12.9716,77.5946
2025-11-16T14:00,26.3,49,26.7,0.0,0.0,3,100,7.8,61,12.9716,77.5946
2025-11-16T15:00,25.6,52,25.8,0.0,0.0,3,100,9.8,47,12.9716,77.5946
2025-11-16T16:00,25.1,55,25.3,0.0,0.0,3,100,10.7,46,12.9716,77.5946
2025-11-16T17:00,24.8,54,25.1,0.0,0.0,3,100,9.3,61,12.9716,77.5946
2025-11-16T18:00,23.9,59,24.4,0.0,0.0,3,100,8.6,61,12.9716,77.5946
2025-11-16T19:00,22.7,64,23.1,0.0,0.0,3,100,9.5,58,12.9716,77.5946
2025-11-16T20:00,21.7,67,21.9,0.0,0.0,3,100,10.6,50,12.9716,77.5946
2025-11-16T21:00,20.9,68,20.8,0.0,0.0,3,100,11.6,55,12.9716,77.5946
2025-11-16T22:00,20.2,70,20.0,0.0,0.0,3,100,11.3,54,12.9716,77.5946
2025-11-16T23:00,19.9,75,20.0,0.0,0.0,2,70,11.1,58,12.9716,77.5946
2025-11-17T00:00,19.1,78,19.1,0.0,0.0,0,6,11.2,58,12.9716,77.5946
2025-11-17T01:00,18.3,82,18.3,0.0,0.0,0,5,11.5,59,12.9716,77.5946
2025-11-17T02:00,17.8,84,17.6,0.0,0.0,0,1,12.6,53,12.9716,77.5946
2025-11-17T03:00,17.5,83,17.0,0.0,0.0,1,30,13.2,52,12.9716,77.5946
2025-11-17T04:00,17.1,82,16.5,0.0,0.0,3,100,13.2,51,12.9716,77.5946
2025-11-17T05:00,17.1,83,16.6,0.0,0.0,3,100,12.6,54,12.9716,77.5946
2025-11-17T06:00,17.1,81,16.6,0.0,0.0,3,100,11.6,53,12.9716,77.5946
2025-11-17T07:00,17.9,76,17.6,0.0,0.0,3,100,9.9,52,12.9716,77.5946
2025-11-17T08:00,19.7,67,19.3,0.0,0.0,3,100,10.0,51,12.9716,77.5946
2025-11-17T09:00,21.9,59,21.6,0.0,0.0,3,100,9.6,52,12.9716,77.5946
2025-11-17T10:00,24.2,52,25.0,0.0,0.0,3,100,8.3,56,12.9716,77.5946
2025-11-17T11:00,25.0,51,26.2,0.0,0.0,3,100,6.4,45,12.9716,77.5946
2025-11-17T12:00,26.5,48,27.5,0.0,0.0,3,100,8.0,67,12.9716,77.5946
2025-11-17T13:00,25.6,52,25.8,0.0,0.0,3,100,9.5,61,12.9716,77.5946
2025-11-17T14:00,25.0,55,25.3,0.0,0.0,3,97,10.6,50,12.9716,77.5946
2025-11-17T15:00,25.3,54,25.5,0.0,0.0,3,95,11.3,53,12.9716,77.5946
2025-11-17T16:00,24.9,56,25.1,0.0,0.0,3,100,11.6,48,12.9716,77.5946
2025-11-17T17:00,23.8,61,24.3,0.0,0.0,3,100,9.8,62,12.9716,77.5946
2025-11-17T18:00,23.2,64,23.9,0.0,0.0,3,100,9.7,59,12.9716,77.5946
2025-11-17T19:00,22.6,67,23.4,0.0,0.0,3,100,9.4,60,12.9716,77.5946
2025-11-17T20:00,22.0,71,22.9,0.0,0.0,3,100,9.0,53,12.9716,77.5946
2025-11-17T21:00,21.4,74,22.3,0.0,0.0,3,100,9.5,61,12.9716,77.5946
2025-11-17T22:00,20.5,78,21.2,0.0,0.0,3,100,10.1,57,12.9716,77.5946
2025-11-17T23:00,19.8,82,20.5,0.0,0.0,3,100,11.0,60,12.9716,77.5946
2025-11-18T00:00,19.4,83,20.0,0.0,0.0,3,100,11.0,60,12.9716,77.5946
2025-11-18T01:00,19.0,83,19.5,0.0,0.0,3,80,10.8,58,12.9716,77.5946
2025-11-18T02:00,18.6,83,18.8,0.0,0.0,3,100,11.6,53,12.9716,77.5946
2025-11-18T03:00,18.8,78,18.6,0.0,0.0,3,100,12.5,51,12.9716,77.5946
2025-11-18T04:00,19.0,76,18.6,0.0,0.0,3,91,12.7,52,12.9716,77.5946
2025-11-18T05:00,18.4,76,18.0,0.0,0.0,2,70,12.2,41,12.9716,77.5946
2025-11-18T06:00,18.2,77,17.6,0.0,0.0,2,67,12.9,43,12.9716,77.5946
2025-11-18T07:00,19.2,74,18.9,0.0,0.0,1,44,11.9,48,12.9716,77.5946
2025-11-18T08:00,20.2,71,20.0,0.0,0.0,3,95,12.6,49,12.9716,77.5946
2025-11-18T09:00,20.3,73,20.0,0.1,0.1,51,91,14.1,51,12.9716,77.5946
2025-11-18T10:00,20.5,78,20.8,2.6,2.6,63,97,13.7,52,12.9716,77.5946
2025-11-18T11:00,22.3,72,22.5,0.5,0.5,53,100,15.4,76,12.9716,77.5946
2025-11-18T12:00,23.7,69,24.4,0.2,0.2,51,100,13.6,75,12.9716,77.5946
2025-11-18T13:00,23.7,68,24.4,0.1,0.1,51,99,13.5,69,12.9716,77.5946
2025-11-18T14:00,24.6,64,25.3,0.0,0.0,2,63,12.6,66,12.9716,77.5946
2025-11-18T15:00,24.4,65,25.1,0.2,0.2,51,89,12.8,61,12.9716,77.5946
2025-11-18T16:00,23.8,68,24.7,0.1,0.1,51,92,12.6,52,12.9716,77.5946
2025-11-18T17:00,22.9,72,23.9,0.0,0.0,3,100,11.1,58,12.9716,77.5946
2025-11-18T18:00,21.8,77,22.9,0.0,0.0,1,41,10.7,55,12.9716,77.5946
2025-11-18T19:00,21.0,81,22.3,0.0,0.0,1,23,9.5,57,12.9716,77.5946
2025-11-18T20:00,20.3,85,21.4,0.0,0.0,3,94,10.9,61,12.9716,77.5946
2025-11-18T21:00,19.9,87,21.1,0.4,0.4,51,98,10.2,62,12.9716,77.5946
2025-11-18T22:00,19.3,92,20.5,0.2,0.2,51,74,11.1,63,12.9716,77.5946
2025-11-18T23:00,19.4,92,20.8,1.4,1.4,61,58,10.4,75,12.9716,77.5946
2025-11-19T00:00,19.1,94,20.7,0.1,0.1,51,86,9.7,74,12.9716,77.5946
2025-11-19T01:00,18.9,96,20.7,0.0,0.0,3,100,8.7,73,12.9716,77.5946
2025-11-19T02:00,19.0,95,20.8,0.0,0.0,3,100,8.7,76,12.9716,77.5946
2025-11-19T03:00,19.1,95,21.0,0.0,0.0,3,100,8.1,87,12.9716,77.5946
2025-11-19T04:00,19.0,95,20.8,0.0,0.0,2,78,8.1,94,12.9716,77.5946
2025-11-19T05:00,18.6,96,20.2,0.0,0.0,2,76,8.9,97,12.9716,77.5946
2025-11-19T06:00,18.3,97,19.7,0.0,0.0,3,100,9.6,87,12.9716,77.5946
2025-11-19T07:00,18.8,94,19.9,0.0,0.0,3,100,12.1,87,12.9716,77.5946
2025-11-19T08:00,20.3,84,20.9,0.0,0.0,3,100,13.9,88,12.9716,77.5946
2025-11-19T09:00,21.6,77,22.4,0.1,0.1,51,100,12.6,87,12.9716,77.5946
2025-11-19T10:00,22.9,70,23.7,0.1,0.1,51,98,12.2,88,12.9716,77.5946
2025-11-19T11:00,24.9,62,26.9,0.1,0.1,51,29,9.4,93,12.9716,77.5946
2025-11-19T12:00,25.8,57,28.3,0.0,0.0,1,33,9.0,88,12.9716,77.5946
2025-11-19T13:00,26.4,54,28.8,0.0,0.0,1,26,8.3,86,12.9716,77.5946
2025-11-19T14:00,26.6,52,28.3,0.0,0.0,1,30,8.0,85,12.9716,77.5946
2025-11-19T15:00,26.4,50,26.9,0.0,0.0,1,20,8.1,84,12.9716,77.5946
2025-11-19T16:00,25.9,52,26.4,0.0,0.0,0,5,8.1,85,12.9716,77.5946
2025-11-19T17:00,24.4,65,26.0,0.0,0.0,1,20,7.3,113,12.9716,77.5946
2025-11-19T18:00,22.9,73,24.8,0.0,0.0,0,15,6.3,108,12.9716,77.5946
2025-11-19T19:00,22.0,78,23.8,0.0,0.0,0,16,6.7,82,12.9716,77.5946
2025-11-19T20:00,21.2,80,22.6,0.0,0.0,1,39,8.4,83,12.9716,77.5946
2025-11-19T21:00,20.6,83,22.0,0.0,0.0,0,16,8.3,76,12.9716,77.5946
2025-11-19T22:00,19.9,86,21.2,0.0,0.0,0,0,9.4,87,12.9716,77.5946
2025-11-19T23:00,19.8,92,21.6,0.0,0.0,0,2,8.8,75,12.9716,77.5946
2025-11-20T00:00,19.3,95,21.0,0.0,0.0,1,22,9.2,74,12.9716,77.5946
2025-11-20T01:00,19.0,96,20.7,0.0,0.0,2,76,9.3,74,12.9716,77.5946
2025-11-20T02:00,18.8,98,20.3,0.0,0.0,3,100,10.6,66,12.9716,77.5946
2025-11-20T03:00,18.6,97,20.1,0.0,0.0,3,100,10.1,66,12.9716,77.5946
2025-11-20T04:00,18.2,98,19.7,0.0,0.0,3,100,9.1,65,12.9716,77.5946
2025-11-20T05:00,18.6,99,20.3,0.0,0.0,3,100,9.7,61,12.9716,77.5946
2025-11-20T06:00,18.5,99,20.0,0.0,0.0,3,100,10.1,57,12.9716,77.5946
2025-11-20T07:00,18.8,95,20.2,0.0,0.0,1,43,10.1,57,12.9716,77.5946
2025-11-20T08:00,20.5,83,21.8,0.0,0.0,0,4,9.2,57,12.9716,77.5946
2025-11-20T09:00,22.7,72,23.9,0.0,0.0,0,2,8.8,51,12.9716,77.5946
2025-11-20T10:00,24.4,63,26.5,0.0,0.0,0,1,8.4,47,12.9716,77.5946
2025-11-20T11:00,25.7,59,28.8,0.0,0.0,0,3,7.1,43,12.9716,77.5946
2025-11-20T12:00,27.3,52,30.3,0.0,0.0,3,100,7.9,78,12.9716,77.5946
2025-11-20T13:00,26.8,53,27.8,0.0,0.0,2,52,7.6,90,12.9716,77.5946
2025-11-20T14:00,27.4,50,28.2,0.0,0.0,1,28,8.7,84,12.9716,77.5946
2025-11-20T15:00,27.8,48,28.3,0.0,0.0,1,22,9.6,86,12.9716,77.5946
2025-11-20T16:00,27.3,47,27.5,0.0,0.0,1,41,9.9,85,12.9716,77.5946
2025-11-20T17:00,25.6,59,26.8,0.0,0.0,1,40,8.8,101,12.9716,77.5946
2025-11-20T18:00,23.9,69,25.6,0.0,0.0,1,45,7.4,94,12.9716,77.5946
2025-11-20T19:00,22.9,71,24.2,0.0,0.0,3,100,9.0,74,12.9716,77.5946
2025-11-20T20:00,21.8,74,22.9,0.0,0.0,3,100,9.2,79,12.9716,77.5946
2025-11-20T21:00,20.8,77,21.8,0.0,0.0,3,99,9.2,88,12.9716,77.5946
2025-11-20T22:00,20.0,81,20.9,0.0,0.0,2,77,9.2,84,12.9716,77.5946
2025-11-20T23:00,19.6,84,20.4,0.0,0.0,3,97,10.4,89,12.9716,77.5946
2025-11-21T00:00,19.3,87,20.4,0.0,0.0,3,100,9.9,87,12.9716,77.5946
2025-11-21T01:00,18.9,90,20.1,0.0,0.0,3,98,9.3,80,12.9716,77.5946
2025-11-21T02:00,18.6,91,19.8,0.0,0.0,3,99,8.8,73,12.9716,77.5946
2025-11-21T03:00,18.3,92,19.5,0.0,0.0,3,89,9.0,70,12.9716,77.5946
2025-11-21T04:00,18.1,93,19.2,0.0,0.0,3,100,8.7,63,12.9716,77.5946
2025-11-21T05:00,18.3,91,19.4,0.0,0.0,3,99,8.7,63,12.9716,77.5946
2025-11-21T06:00,18.3,92,19.5,0.0,0.0,3,100,8.4,71,12.9716,77.5946
2025-11-21T07:00,19.4,88,21.0,0.0,0.0,3,95,7.1,66,12.9716,77.5946
2025-11-21T08:00,21.5,81,23.4,0.0,0.0,3,95,7.0,58,12.9716,77.5946
2025-11-21T09:00,23.7,72,25.0,0.0,0.0,3,100,12.2,70,12.9716,77.5946
2025-11-21T10:00,24.5,68,25.8,0.1,0.1,51,100,11.8,78,12.9716,77.5946
2025-11-21T11:00,25.8,60,27.6,0.1,0.1,51,81,13.0,80,12.9716,77.5946
2025-11-21T12:00,26.6,62,29.3,0.2,0.2,51,27,11.7,93,12.9716,77.5946
2025-11-21T13:00,27.2,59,29.6,0.0,0.0,3,100,11.9,92,12.9716,77.5946
2025-11-21T14:00,27.2,58,28.7,0.0,0.0,3,99,10.3,90,12.9716,77.5946
2025-11-21T15:00,24.9,67,26.1,0.2,0.2,51,100,12.8,76,12.9716,77.5946
2025-11-21T16:00,23.7,73,24.9,0.0,0.0,3,98,13.7,74,12.9716,77.5946
2025-11-21T17:00,23.0,84,25.6,0.0,0.0,3,98,9.2,86,12.9716,77.5946
2025-11-21T18:00,21.9,85,23.4,0.0,0.0,3,96,13.3,74,12.9716,77.5946
2025-11-21T19:00,21.2,90,23.2,0.0,0.0,3,95,10.1,73,12.9716,77.5946
2025-11-21T20:00,20.6,93,22.2,0.0,0.0,3,100,13.5,47,12.9716,77.5946
2025-11-21T21:00,20.3,92,22.1,0.0,0.0,3,95,9.7,63,12.9716,77.5946
2025-11-21T22:00,19.9,94,21.5,0.0,0.0,3,90,11.4,62,12.9716,77.5946
2025-11-21T23:00,20.7,96,22.8,0.0,0.0,3,98,11.9,65,12.9716,77.5946
2025-11-22T00:00,20.4,96,22.4,0.0,0.0,3,99,11.8,64,12.9716,77.5946
2025-11-22T01:00,19.9,98,22.1,0.0,0.0,3,100,10.0,64,12.9716,77.5946
2025-11-22T02:00,20.0,97,22.1,0.0,0.0,3,100,10.5,61,12.9716,77.5946
2025-11-22T03:00,20.2,95,22.1,0.0,0.0,3,100,10.9,66,12.9716,77.5946
2025-11-22T04:00,19.6,97,21.5,0.0,0.0,3,100,10.2,67,12.9716,77.5946
2025-11-22T05:00,20.0,97,21.8,0.0,0.0,3,100,11.7,63,12.9716,77.5946
2025-11-22T06:00,20.0,96,22.0,0.0,0.0,3,100,11.0,66,12.9716,77.5946
2025-11-22T07:00,20.6,93,22.0,0.0,0.0,3,100,14.2,69,12.9716,77.5946
2025-11-22T08:00,21.6,86,22.9,0.0,0.0,3,100,14.2,72,12.9716,77.5946
2025-11-22T09:00,23.5,74,24.3,0.0,0.0,3,100,16.3,77,12.9716,77.5946
2025-11-22T10:00,25.0,67,26.0,0.1,0.1,51,100,15.6,79,12.9716,77.5946
2025-11-22T11:00,25.8,62,27.0,0.1,0.1,51,100,16.5,82,12.9716,77.5946
2025-11-22T12:00,26.2,59,27.2,0.0,0.0,3,89,15.7,87,12.9716,77.5946
2025-11-22T13:00,26.9,56,28.4,0.1,0.1,51,94,15.6,82,12.9716,77.5946
2025-11-22T14:00,25.7,59,25.8,0.2,0.2,51,99,17.6,72,12.9716,77.5946
2025-11-22T15:00,25.5,67,26.8,0.1,0.1,51,100,13.9,85,12.9716,77.5946
2025-11-22T16:00,23.8,73,25.2,0.9,0.9,53,100,12.4,69,12.9716,77.5946
2025-11-22T17:00,23.9,73,25.3,0.0,0.0,3,100,12.4,88,12.9716,77.5946
2025-11-22T18:00,22.8,79,24.4,0.0,0.0,3,100,11.9,89,12.9716,77.5946
2025-11-22T19:00,21.8,84,23.4,0.0,0.0,3,100,12.2,88,12.9716,77.5946
2025-11-22T20:00,21.1,88,22.8,0.0,0.0,3,100,11.3,90,12.9716,77.5946
2025-11-22T21:00,20.7,90,22.2,0.0,0.0,3,100,11.9,85,12.9716,77.5946
2025-11-22T22:00,20.2,93,21.9,0.0,0.0,3,100,11.3,80,12.9716,77.5946
2025-11-22T23:00,20.4,97,22.5,0.0,0.0,3,100,10.8,80,12.9716,77.5946
2025-11-23T00:00,20.4,93,22.3,0.0,0.0,3,100,10.5,78,12.9716,77.5946
2025-11-23T01:00,20.1,95,22.1,0.0,0.0,3,100,9.8,76,12.9716,77.5946
2025-11-23T02:00,19.9,95,22.0,0.0,0.0,3,100,9.1,76,12.9716,77.5946
2025-11-23T03:00,19.6,96,21.6,0.0,0.0,3,100,8.7,72,12.9716,77.5946
2025-11-23T04:00,19.4,97,21.4,0.0,0.0,3,100,9.0,61,12.9716,77.5946
2025-11-23T05:00,19.7,96,21.7,0.0,0.0,3,100,9.4,73,12.9716,77.5946
2025-11-23T06:00,19.6,96,21.4,0.0,0.0,3,100,10.2,76,12.9716,77.5946
2025-11-23T07:00,20.3,91,21.6,0.0,0.0,3,100,13.0,71,12.9716,77.5946
2025-11-23T08:00,22.0,80,22.7,0.0,0.0,3,100,16.0,76,12.9716,77.5946
2025-11-23T09:00,23.7,70,24.3,0.0,0.0,3,100,15.8,76,12.9716,77.5946
2025-11-23T10:00,24.3,68,24.9,0.0,0.0,3,100,16.0,78,12.9716,77.5946
2025-11-23T11:00,25.0,63,25.1,0.1,0.1,51,100,17.0,80,12.9716,77.5946
2025-11-23T12:00,25.5,60,25.8,0.0,0.0,3,96,15.1,78,12.9716,77.5946
2025-11-23T13:00,26.5,55,27.1,0.1,0.1,51,98,16.2,78,12.9716,77.5946
2025-11-23T14:00,26.0,56,26.0,0.2,0.2,51,100,15.9,81,12.9716,77.5946
2025-11-23T15:00,25.5,60,26.0,0.0,0.0,3,98,13.6,82,12.9716,77.5946
2025-11-23T16:00,24.7,64,25.6,0.0,0.0,3,89,11.2,93,12.9716,77.5946
2025-11-23T17:00,23.7,72,25.0,0.0,0.0,3,99,11.8,81,12.9716,77.5946
2025-11-23T18:00,22.5,79,24.1,0.0,0.0,3,100,10.6,81,12.9716,77.5946
2025-11-23T19:00,21.7,83,23.4,0.0,0.0,3,100,10.5,85,12.9716,77.5946
2025-11-23T20:00,21.0,87,22.6,0.0,0.0,3,100,10.9,81,12.9716,77.5946
2025-11-23T21:00,20.4,91,22.0,0.0,0.0,3,100,11.3,89,12.9716,77.5946
2025-11-23T22:00,20.0,95,21.9,0.0,0.0,3,100,11.0,84,12.9716,77.5946
2025-11-23T23:00,20.3,94,22.6,0.0,0.0,3,99,8.8,90,12.9716,77.5946
2025-11-24T00:00,20.1,96,22.3,0.0,0.0,3,100,8.6,89,12.9716,77.5946
2025-11-24T01:00,19.8,96,21.9,0.0,0.0,3,100,9.4,82,12.9716,77.5946
2025-11-24T02:00,19.4,97,21.5,0.0,0.0,3,100,8.9,66,12.9716,77.5946
2025-11-24T03:00,19.2,98,21.1,0.0,0.0,3,100,9.1,65,12.9716,77.5946
2025-11-24T04:00,19.3,97,21.2,0.0,0.0,3,100,9.5,68,12.9716,77.5946
2025-11-24T05:00,19.3,96,20.9,0.0,0.0,3,99,10.8,72,12.9716,77.5946
2025-11-24T06:00,19.2,96,20.7,0.0,0.0,3,100,11.1,77,12.9716,77.5946
2025-11-24T07:00,19.9,92,20.9,0.0,0.0,3,100,14.7,82,12.9716,77.5946
2025-11-24T08:00,21.4,81,22.3,0.0,0.0,3,100,14.3,86,12.9716,77.5946
2025-11-24T09:00,23.3,70,23.8,0.0,0.0,3,100,15.1,89,12.9716,77.5946
2025-11-24T10:00,24.5,65,25.5,0.0,0.0,3,100,13.3,91,12.9716,77.5946
2025-11-24T11:00,25.4,57,26.3,0.0,0.0,3,100,14.1,85,12.9716,77.5946
2025-11-24T12:00,26.2,53,26.4,0.0,0.0,3,100,12.9,81,12.9716,77.5946
2025-11-24T13:00,26.8,50,26.8,0.0,0.0,3,100,13.3,77,12.9716,77.5946
2025-11-24T14:00,26.8,48,26.5,0.0,0.0,3,100,13.0,76,12.9716,77.5946
2025-11-24T15:00,26.1,52,26.1,0.0,0.0,3,100,12.1,80,12.9716,77.5946
2025-11-24T16:00,25.6,54,26.0,0.0,0.0,3,100,10.0,96,12.9716,77.5946
2025-11-24T17:00,24.2,64,25.1,0.0,0.0,3,94,10.4,79,12.9716,77.5946
2025-11-24T18:00,22.7,71,23.8,0.0,0.0,3,100,10.1,84,12.9716,77.5946
2025-11-24T19:00,21.9,75,22.9,0.0,0.0,1,20,10.3,85,12.9716,77.5946
2025-11-24T20:00,20.8,82,22.0,0.0,0.0,0,9,10.6,92,12.9716,77.5946
2025-11-24T21:00,20.0,90,21.4,0.0,0.0,1,23,10.5,85,12.9716,77.5946
2025-11-24T22:00,19.4,93,21.0,0.0,0.0,1,48,9.8,76,12.9716,77.5946
2025-11-24T23:00,19.4,95,20.9,0.0,0.0,3,86,11.3,70,12.9716,77.5946
2025-11-25T00:00,19.0,98,20.5,0.0,0.0,3,100,11.3,70,12.9716,77.5946
2025-11-25T01:00,19.2,94,20.4,0.0,0.0,2,70,12.0,66,12.9716,77.5946
2025-11-25T02:00,18.6,96,19.9,0.0,0.0,3,100,11.1,65,12.9716,77.5946
2025-11-25T03:00,18.5,96,19.6,0.0,0.0,3,100,11.5,68,12.9716,77.5946
2025-11-25T04:00,18.2,94,19.0,0.0,0.0,3,100,12.2,66,12.9716,77.5946
2025-11-25T05:00,18.0,97,18.9,0.0,0.0,3,100,12.4,71,12.9716,77.5946
2025-11-25T06:00,18.0,95,18.6,0.0,0.0,2,62,13.4,70,12.9716,77.5946
2025-11-25T07:00,18.5,92,19.0,0.0,0.0,1,27,13.2,68,12.9716,77.5946
2025-11-25T08:00,20.2,79,20.3,0.0,0.0,0,13,14.4,70,12.9716,77.5946
2025-11-25T09:00,22.3,64,22.0,0.0,0.0,0,4,13.7,69,12.9716,77.5946
2025-11-25T10:00,24.2,52,24.2,0.0,0.0,0,1,13.8,68,12.9716,77.5946
2025-11-25T11:00,24.9,51,25.9,0.0,0.0,2,58,12.3,78,12.9716,77.5946
2025-11-25T12:00,26.5,45,27.2,0.0,0.0,3,100,13.3,92,12.9716,77.5946
2025-11-25T13:00,25.7,50,25.2,0.0,0.0,3,100,12.8,91,12.9716,77.5946
2025-11-25T14:00,25.6,52,25.7,0.0,0.0,3,100,10.9,77,12.9716,77.5946
2025-11-25T15:00,25.3,54,25.4,0.0,0.0,3,97,10.9,74,12.9716,77.5946
2025-11-25T16:00,24.8,56,24.9,0.0,0.0,2,78,11.7,69,12.9716,77.5946
2025-11-25T17:00,24.0,61,24.9,0.0,0.0,1,20,8.0,95,12.9716,77.5946
2025-11-25T18:00,22.6,69,23.8,0.0,0.0,0,15,7.6,93,12.9716,77.5946
2025-11-25T19:00,21.8,72,22.8,0.0,0.0,0,10,9.1,76,12.9716,77.5946
2025-11-25T20:00,21.1,74,21.8,0.0,0.0,3,100,10.1,79,12.9716,77.5946
2025-11-25T21:00,20.3,79,21.0,0.0,0.0,3,99,10.3,88,12.9716,77.5946
2025-11-25T22:00,19.4,84,20.3,0.0,0.0,3,100,9.9,80,12.9716,77.5946
2025-11-25T23:00,19.0,92,20.2,0.0,0.0,2,74,10.5,85,12.9716,77.5946
2025-11-26T00:00,18.5,94,19.7,0.0,0.0,3,89,9.5,81,12.9716,77.5946
2025-11-26T01:00,17.9,96,19.1,0.0,0.0,3,100,9.4,78,12.9716,77.5946
2025-11-26T02:00,17.6,97,18.7,0.0,0.0,3,94,9.7,71,12.9716,77.5946
2025-11-26T03:00,17.4,99,18.5,0.0,0.0,3,100,10.2,64,12.9716,77.5946
2025-11-26T04:00,17.5,97,18.2,0.0,0.0,3,100,12.0,60,12.9716,77.5946
2025-11-26T05:00,17.2,99,18.1,0.0,0.0,3,100,11.0,64,12.9716,77.5946
2025-11-26T06:00,17.0,99,17.7,0.0,0.0,3,100,11.4,66,12.9716,77.5946
2025-11-26T07:00,17.2,97,18.0,0.0,0.0,3,100,10.7,68,12.9716,77.5946
2025-11-26T08:00,19.0,82,18.6,0.0,0.0,1,42,15.6,64,12.9716,77.5946
2025-11-26T09:00,21.3,68,21.1,0.0,0.0,1,20,12.9,67,12.9716,77.5946
2025-11-26T10:00,23.0,61,23.9,0.0,0.0,1,41,10.3,71,12.9716,77.5946
2025-11-26T11:00,24.9,50,25.9,0.0,0.0,2,70,11.9,70,12.9716,77.5946
2025-11-26T12:00,26.2,45,27.1,0.0,0.0,3,91,12.2,64,12.9716,77.5946
2025-11-26T13:00,26.2,48,27.3,0.0,0.0,1,34,12.2,64,12.9716,77.5946
2025-11-26T14:00,26.6,46,27.1,0.0,0.0,0,9,11.5,63,12.9716,77.5946
2025-11-26T15:00,26.3,47,25.6,0.0,0.0,0,9,13.7,62,12.9716,77.5946
2025-11-26T16:00,25.5,48,24.6,0.0,0.0,0,5,14.0,66,12.9716,77.5946
2025-11-26T17:00,23.5,57,23.4,0.0,0.0,3,100,11.2,78,12.9716,77.5946
2025-11-26T18:00,21.9,65,22.1,0.0,0.0,3,92,9.9,80,12.9716,77.5946
2025-11-26T19:00,21.1,68,21.1,0.0,0.0,1,22,11.2,57,12.9716,77.5946
2025-11-26T20:00,20.3,71,20.2,0.0,0.0,2,75,10.8,54,12.9716,77.5946
2025-11-26T21:00,19.6,73,19.3,0.0,0.0,3,95,12.3,58,12.9716,77.5946
2025-11-26T22:00,18.6,78,18.4,0.0,0.0,3,90,12.2,64,12.9716,77.5946
2025-11-26T23:00,17.9,89,18.1,0.0,0.0,3,100,12.5,69,12.9716,77.5946
2025-11-27T00:00,17.3,94,17.6,0.0,0.0,3,100,12.8,73,12.9716,77.5946
2025-11-27T01:00,17.0,94,17.1,0.0,0.0,3,80,12.9,71,12.9716,77.5946
2025-11-27T02:00,16.7,95,16.9,0.0,0.0,1,45,12.8,66,12.9716,77.5946
2025-11-27T03:00,16.5,97,16.6,0.0,0.0,3,100,12.7,65,12.9716,77.5946
2025-11-27T04:00,16.7,96,16.8,0.0,0.0,3,100,13.4,64,12.9716,77.5946
2025-11-27T05:00,17.3,91,17.0,0.0,0.0,3,100,15.6,73,12.9716,77.5946
2025-11-27T06:00,17.4,93,17.8,0.0,0.0,3,100,12.4,76,12.9716,77.5946
2025-11-27T07:00,17.9,92,18.4,0.0,0.0,3,100,12.7,78,12.9716,77.5946
2025-11-27T08:00,19.4,80,19.5,0.0,0.0,3,98,13.0,76,12.9716,77.5946
2025-11-27T09:00,21.4,66,20.9,0.0,0.0,3,98,14.7,72,12.9716,77.5946
2025-11-27T10:00,22.5,62,22.5,0.0,0.0,3,100,15.7,72,12.9716,77.5946
2025-11-27T11:00,23.7,55,23.8,0.0,0.0,3,100,15.2,73,12.9716,77.5946
2025-11-27T12:00,24.7,51,25.2,0.0,0.0,3,100,14.1,65,12.9716,77.5946
2025-11-27T13:00,25.2,49,25.5,0.0,0.0,3,100,14.3,69,12.9716,77.5946
2025-11-27T14:00,25.2,48,24.2,0.0,0.0,3,100,15.0,63,12.9716,77.5946
2025-11-27T15:00,24.8,48,23.5,0.0,0.0,3,97,15.1,59,12.9716,77.5946
2025-11-27T16:00,24.4,48,23.4,0.0,0.0,3,98,12.5,63,12.9716,77.5946
2025-11-27T17:00,22.6,58,22.2,0.0,0.0,3,100,11.5,60,12.9716,77.5946
2025-11-27T18:00,21.3,65,21.0,0.0,0.0,3,100,11.1,60,12.9716,77.5946
2025-11-27T19:00,20.6,67,20.2,0.0,0.0,3,100,11.7,46,12.9716,77.5946
2025-11-27T20:00,19.8,71,19.5,0.0,0.0,3,100,11.5,44,12.9716,77.5946
2025-11-27T21:00,19.0,76,18.6,0.0,0.0,3,100,12.9,41,12.9716,77.5946
2025-11-27T22:00,18.2,81,17.9,0.0,0.0,3,100,12.6,41,12.9716,77.5946
2025-11-27T23:00,17.9,88,18.1,0.0,0.0,3,81,12.4,49,12.9716,77.5946
2025-11-28T00:00,17.3,94,17.6,0.0,0.0,3,100,12.5,46,12.9716,77.5946
2025-11-28T01:00,17.0,95,17.6,0.0,0.0,3,99,10.7,49,12.9716,77.5946
2025-11-28T02:00,16.5,95,16.8,0.0,0.0,3,100,11.1,47,12.9716,77.5946
2025-11-28T03:00,16.0,94,16.0,0.0,0.0,3,100,11.5,48,12.9716,77.5946
2025-11-28T04:00,15.8,94,15.6,0.0,0.0,3,100,12.2,44,12.9716,77.5946
2025-11-28T05:00,16.1,97,15.9,0.0,0.0,3,100,14.1,53,12.9716,77.5946
2025-11-28T06:00,15.9,99,15.7,0.0,0.0,3,100,14.7,57,12.9716,77.5946
2025-11-28T07:00,16.2,97,16.1,0.0,0.0,3,100,14.2,51,12.9716,77.5946
2025-11-28T08:00,17.8,85,17.0,0.0,0.0,3,100,18.1,52,12.9716,77.5946
2025-11-28T09:00,20.3,68,18.8,0.0,0.0,3,100,18.9,48,12.9716,77.5946
2025-11-28T10:00,22.2,58,21.3,0.0,0.0,3,92,15.2,51,12.9716,77.5946
2025-11-28T11:00,23.1,52,22.7,0.0,0.0,3,100,15.7,45,12.9716,77.5946
2025-11-28T12:00,24.1,49,24.3,0.0,0.0,3,100,14.8,40,12.9716,77.5946
2025-11-28T13:00,24.6,49,24.9,0.0,0.0,3,100,14.5,42,12.9716,77.5946
2025-11-28T14:00,24.8,48,24.3,0.0,0.0,3,100,13.4,40,12.9716,77.5946
2025-11-28T15:00,24.5,49,23.4,0.0,0.0,3,100,14.1,40,12.9716,77.5946
2025-11-28T16:00,23.8,51,22.7,0.0,0.0,3,100,13.7,34,12.9716,77.5946
2025-11-28T17:00,22.1,59,21.5,0.0,0.0,3,100,12.3,38,12.9716,77.5946
2025-11-28T18:00,20.9,64,20.4,0.0,0.0,3,100,12.1,42,12.9716,77.5946
2025-11-28T19:00,20.2,68,19.9,0.0,0.0,3,100,10.4,44,12.9716,77.5946
2025-11-28T20:00,19.7,71,19.5,0.0,0.0,3,100,10.8,43,12.9716,77.5946
2025-11-28T21:00,19.1,75,19.0,0.0,0.0,3,100,10.7,49,12.9716,77.5946
2025-11-28T22:00,18.5,80,18.6,0.0,0.0,3,100,9.9,52,12.9716,77.5946
2025-11-28T23:00,18.0,87,18.6,0.0,0.0,3,100,9.7,47,12.9716,77.5946
2025-11-29T00:00,17.7,89,18.2,0.0,0.0,3,100,9.8,43,12.9716,77.5946
2025-11-29T01:00,17.2,91,17.6,0.0,0.0,3,100,10.4,44,12.9716,77.5946
2025-11-29T02:00,16.8,91,17.0,0.0,0.0,3,100,11.1,37,12.9716,77.5946
2025-11-29T03:00,16.4,89,16.3,0.0,0.0,3,100,10.7,40,12.9716,77.5946
2025-11-29T04:00,16.2,88,15.9,0.0,0.0,3,100,11.3,39,12.9716,77.5946
2025-11-29T05:00,16.5,89,16.4,0.0,0.0,3,100,11.5,40,12.9716,77.5946
2025-11-29T06:00,16.3,89,16.0,0.0,0.0,3,100,12.0,40,12.9716,77.5946
2025-11-29T07:00,17.0,85,16.8,0.0,0.0,3,100,11.2,40,12.9716,77.5946
2025-11-29T08:00,18.0,82,18.1,0.0,0.0,3,100,10.5,38,12.9716,77.5946
2025-11-29T09:00,19.3,77,19.5,0.0,0.0,3,100,10.7,30,12.9716,77.5946
2025-11-29T10:00,20.4,73,19.8,0.0,0.0,3,100,15.9,44,12.9716,77.5946
2025-11-29T11:00,22.2,66,21.8,0.0,0.0,3,100,17.6,58,12.9716,77.5946
2025-11-29T12:00,21.2,70,21.1,0.0,0.0,3,100,13.0,49,12.9716,77.5946
2025-11-29T13:00,21.4,68,21.2,0.0,0.0,3,100,13.2,39,12.9716,77.5946
2025-11-29T14:00,21.6,66,21.5,0.0,0.0,3,100,12.5,33,12.9716,77.5946
2025-11-29T15:00,21.7,66,21.4,0.0,0.0,3,100,13.0,29,12.9716,77.5946
2025-11-29T16:00,21.6,65,21.3,0.0,0.0,3,100,12.6,24,12.9716,77.5946
2025-11-29T17:00,20.1,75,20.2,0.0,0.0,3,100,11.8,40,12.9716,77.5946
2025-11-29T18:00,19.7,78,19.9,0.0,0.0,3,100,11.7,34,12.9716,77.5946
2025-11-29T19:00,19.4,80,20.2,0.0,0.0,3,100,8.0,28,12.9716,77.5946
2025-11-29T20:00,19.1,83,19.7,0.0,0.0,3,100,9.5,29,12.9716,77.5946
2025-11-29T21:00,18.9,86,19.1,0.0,0.0,3,100,13.8,35,12.9716,77.5946
2025-11-29T22:00,19.0,88,19.3,0.0,0.0,3,100,14.4,38,12.9716,77.5946
2025-11-29T23:00,18.9,89,19.4,0.1,0.1,51,100,13.2,31,12.9716,77.5946
2025-11-30T00:00,18.6,92,19.5,0.9,0.9,53,100,11.7,18,12.9716,77.5946
2025-11-30T01:00,18.6,92,19.6,0.3,0.3,51,100,11.0,21,12.9716,77.5946
2025-11-30T02:00,18.3,95,19.4,0.3,0.3,51,100,10.5,4,12.9716,77.5946
2025-11-30T03:00,18.4,95,19.2,0.4,0.4,51,100,13.0,10,12.9716,77.5946
2025-11-30T04:00,18.3,96,19.2,1.2,1.2,55,100,11.9,1,12.9716,77.5946
2025-11-30T05:00,18.5,97,20.1,0.4,0.4,51,100,8.4,10,12.9716,77.5946
2025-11-30T06:00,18.6,97,20.5,0.0,0.0,3,100,6.7,346,12.9716,77.5946
2025-11-30T07:00,18.7,96,20.6,0.2,0.2,51,100,7.2,333,12.9716,77.5946
2025-11-30T08:00,19.0,94,20.4,0.5,0.5,53,100,10.6,356,12.9716,77.5946
2025-11-30T09:00,19.7,91,21.1,0.3,0.3,51,100,10.8,358,12.9716,77.5946
2025-11-30T10:00,20.5,88,22.2,0.4,0.4,51,100,9.6,6,12.9716,77.5946
2025-11-30T11:00,21.4,79,22.0,0.7,0.7,53,100,14.6,19,12.9716,77.5946
2025-11-30T12:00,21.3,81,22.2,0.1,0.1,51,100,13.2,358,12.9716,77.5946
2025-11-30T13:00,20.6,85,21.9,0.1,0.1,51,100,10.5,344,12.9716,77.5946
2025-11-30T14:00,20.1,87,21.5,0.4,0.4,51,100,10.0,337,12.9716,77.5946
2025-11-30T15:00,19.9,88,21.1,0.1,0.1,51,100,11.3,347,12.9716,77.5946
2025-11-30T16:00,19.9,88,20.9,0.0,0.0,3,100,12.3,353,12.9716,77.5946
2025-11-30T17:00,19.3,93,20.8,0.0,0.0,3,100,9.7,350,12.9716,77.5946
2025-11-30T18:00,19.1,94,20.6,0.0,0.0,3,100,9.9,357,12.9716,77.5946
2025-11-30T19:00,19.1,95,20.6,0.0,0.0,3,100,10.3,359,12.9716,77.5946
2025-11-30T20:00,19.1,96,20.8,0.0,0.0,3,100,9.7,12,12.9716,77.5946
2025-11-30T21:00,19.2,95,21.0,0.0,0.0,3,99,8.6,16,12.9716,77.5946
2025-11-30T22:00,19.0,96,20.8,0.0,0.0,3,100,8.3,14,12.9716,77.5946
2025-11-30T23:00,19.4,97,21.7,0.0,0.0,3,100,7.3,10,12.9716,77.5946
2025-12-01T00:00,19.2,97,21.2,0.0,0.0,3,100,8.5,7,12.9716,77.5946
2025-12-01T01:00,19.3,95,20.9,0.1,0.1,51,100,10.4,10,12.9716,77.5946
2025-12-01T02:00,19.1,95,20.6,0.0,0.0,3,100,10.2,9,12.9716,77.5946
2025-12-01T03:00,18.9,94,20.1,0.0,0.0,3,100,11.8,16,12.9716,77.5946
2025-12-01T04:00,18.8,93,19.8,0.0,0.0,3,100,12.4,19,12.9716,77.5946
2025-12-01T05:00,19.0,95,20.2,0.0,0.0,3,97,11.8,19,12.9716,77.5946
2025-12-01T06:00,18.7,95,19.8,0.0,0.0,3,82,12.0,28,12.9716,77.5946
2025-12-01T07:00,19.2,92,20.5,0.0,0.0,1,42,10.4,26,12.9716,77.5946
2025-12-01T08:00,20.2,84,20.5,0.0,0.0,3,97,15.7,28,12.9716,77.5946
2025-12-01T09:00,21.8,74,21.7,0.0,0.0,3,83,16.8,28,12.9716,77.5946
2025-12-01T10:00,23.4,66,23.5,0.0,0.0,3,83,16.0,26,12.9716,77.5946
2025-12-01T11:00,23.1,67,23.8,0.0,0.0,3,93,15.8,32,12.9716,77.5946
2025-12-01T12:00,22.9,70,23.3,0.0,0.0,3,97,14.4,28,12.9716,77.5946
2025-12-01T13:00,23.3,68,23.9,0.0,0.0,3,100,12.7,25,12.9716,77.5946
2025-12-01T14:00,23.5,67,24.2,0.0,0.0,3,96,11.8,16,12.9716,77.5946
2025-12-01T15:00,23.7,66,24.4,0.0,0.0,3,83,12.3,15,12.9716,77.5946
2025-12-01T16:00,23.9,65,24.7,0.0,0.0,3,100,11.0,15,12.9716,77.5946
2025-12-01T17:00,22.3,74,23.6,0.0,0.0,1,25,8.8,17,12.9716,77.5946
2025-12-01T18:00,21.0,81,22.5,0.0,0.0,0,17,8.5,12,12.9716,77.5946
2025-12-01T19:00,20.4,84,22.0,0.0,0.0,1,20,7.8,13,12.9716,77.5946
2025-12-01T20:00,19.9,87,21.3,0.0,0.0,0,12,9.0,16,12.9716,77.5946
2025-12-01T21:00,19.5,89,20.5,0.0,0.0,1,20,11.4,27,12.9716,77.5946
2025-12-01T22:00,19.0,89,19.8,0.0,0.0,1,21,12.3,30,12.9716,77.5946
2025-12-01T23:00,19.1,93,20.4,0.0,0.0,1,20,10.1,17,12.9716,77.5946
2025-12-02T00:00,19.0,93,20.3,0.0,0.0,0,17,9.7,15,12.9716,77.5946
2025-12-02T01:00,18.8,94,20.0,0.0,0.0,3,97,10.8,28,12.9716,77.5946
2025-12-02T02:00,18.9,93,20.0,0.0,0.0,3,86,11.9,27,12.9716,77.5946
2025-12-02T03:00,19.1,92,20.0,0.0,0.0,3,97,12.8,28,12.9716,77.5946
2025-12-02T04:00,19.2,92,20.1,0.0,0.0,2,76,13.0,24,12.9716,77.5946
2025-12-02T05:00,18.5,97,19.8,0.0,0.0,3,100,11.0,19,12.9716,77.5946
2025-12-02T06:00,18.5,98,19.7,0.0,0.0,3,100,12.1,27,12.9716,77.5946
2025-12-02T07:00,19.1,94,20.1,0.0,0.0,1,30,13.4,28,12.9716,77.5946
2025-12-02T08:00,20.9,83,22.0,0.0,0.0,0,2,11.8,25,12.9716,77.5946
2025-12-02T09:00,22.8,74,24.0,0.0,0.0,0,8,10.9,20,12.9716,77.5946
2025-12-02T10:00,24.0,69,25.6,0.0,0.0,3,80,12.0,32,12.9716,77.5946
2025-12-02T11:00,24.6,65,25.4,0.0,0.0,3,100,13.8,40,12.9716,77.5946
2025-12-02T12:00,24.2,66,25.0,0.0,0.0,3,100,12.3,44,12.9716,77.5946
2025-12-02T13:00,24.2,66,25.3,0.0,0.0,3,100,10.5,39,12.9716,77.5946
2025-12-02T14:00,24.6,63,25.4,0.0,0.0,3,100,11.8,24,12.9716,77.5946
2025-12-02T15:00,24.8,64,25.8,0.0,0.0,3,92,11.5,27,12.9716,77.5946
2025-12-02T16:00,24.3,66,25.1,0.0,0.0,3,91,13.1,30,12.9716,77.5946
2025-12-02T17:00,22.4,80,24.0,0.0,0.0,2,78,11.4,41,12.9716,77.5946
2025-12-02T18:00,21.1,88,22.8,0.0,0.0,3,97,11.5,48,12.9716,77.5946
2025-12-02T19:00,20.7,91,22.6,0.0,0.0,3,87,10.3,44,12.9716,77.5946
2025-12-02T20:00,20.5,93,22.3,0.0,0.0,2,71,11.3,37,12.9716,77.5946
2025-12-02T21:00,20.3,93,21.9,0.0,0.0,2,73,12.2,46,12.9716,77.5946
2025-12-02T22:00,19.8,93,21.2,0.1,0.1,51,59,12.4,49,12.9716,77.5946
2025-12-02T23:00,19.6,95,21.2,0.2,0.2,51,99,11.5,60,12.9716,77.5946
2025-12-03T00:00,19.7,95,21.2,0.4,0.4,51,100,12.3,31,12.9716,77.5946
2025-12-03T01:00,19.6,96,21.1,0.0,0.0,3,100,12.5,39,12.9716,77.5946
2025-12-03T02:00,19.7,94,21.1,0.0,0.0,3,100,12.3,32,12.9716,77.5946
2025-12-03T03:00,19.3,95,20.5,0.0,0.0,3,100,13.1,33,12.9716,77.5946
2025-12-03T04:00,19.1,98,20.3,0.0,0.0,3,100,13.8,35,12.9716,77.5946
2025-12-03T05:00,19.1,96,20.2,0.0,0.0,3,99,13.8,49,12.9716,77.5946
2025-12-03T06:00,19.1,95,19.8,0.0,0.0,3,100,15.8,46,12.9716,77.5946
2025-12-03T07:00,19.3,95,20.2,0.3,0.3,51,100,15.4,47,12.9716,77.5946
2025-12-03T08:00,20.9,86,21.5,0.1,0.1,51,100,17.2,48,12.9716,77.5946
2025-12-03T09:00,22.5,80,23.6,0.0,0.0,3,100,14.8,54,12.9716,77.5946
2025-12-03T10:00,22.4,81,23.8,0.1,0.1,51,68,13.4,59,12.9716,77.5946
2025-12-03T11:00,23.9,72,24.9,0.1,0.1,51,70,14.6,61,12.9716,77.5946
2025-12-03T12:00,24.2,70,25.2,0.2,0.2,51,47,14.1,53,12.9716,77.5946
2025-12-03T13:00,25.0,67,26.8,0.1,0.1,51,30,13.7,63,12.9716,77.5946
2025-12-03T14:00,25.0,66,26.3,0.1,0.1,51,86,14.1,63,12.9716,77.5946
2025-12-03T15:00,25.0,65,25.8,0.1,0.1,51,34,13.9,70,12.9716,77.5946
2025-12-03T16:00,24.5,67,25.7,0.1,0.1,51,44,12.0,74,12.9716,77.5946
2025-12-03T17:00,23.3,79,25.6,0.0,0.0,2,65,8.5,73,12.9716,77.5946
2025-12-03T18:00,21.5,87,23.6,0.1,0.1,51,100,9.1,60,12.9716,77.5946
2025-12-03T19:00,21.1,90,23.1,0.0,0.0,3,100,10.8,66,12.9716,77.5946
2025-12-03T20:00,20.6,93,22.5,0.0,0.0,3,100,11.6,64,12.9716,77.5946
2025-12-03T21:00,20.0,95,21.7,0.0,0.0,3,100,11.5,65,12.9716,77.5946
2025-12-03T22:00,19.8,95,21.7,0.0,0.0,3,98,9.5,68,12.9716,77.5946
2025-12-03T23:00,19.6,95,21.2,0.0,0.0,3,84,11.3,70,12.9716,77.5946
2025-12-04T00:00,19.4,96,21.1,0.0,0.0,3,100,10.9,71,12.9716,77.5946
2025-12-04T01:00,19.6,97,21.4,0.0,0.0,3,100,10.3,65,12.9716,77.5946
2025-12-04T02:00,19.6,97,21.8,0.1,0.1,51,100,8.5,73,12.9716,77.5946
2025-12-04T03:00,19.7,96,21.8,0.1,0.1,51,100,9.2,74,12.9716,77.5946
2025-12-04T04:00,19.7,95,21.5,0.0,0.0,3,93,9.9,78,12.9716,77.5946
2025-12-04T05:00,19.4,97,21.2,0.0,0.0,3,100,10.5,82,12.9716,77.5946
2025-12-04T06:00,19.3,97,20.9,0.0,0.0,3,100,11.5,79,12.9716,77.5946
2025-12-04T07:00,19.7,96,21.0,0.0,0.0,3,84,14.3,78,12.9716,77.5946
2025-12-04T08:00,21.4,85,22.5,0.0,0.0,2,75,14.2,81,12.9716,77.5946
2025-12-04T09:00,22.6,79,23.8,0.0,0.0,3,98,13.3,81,12.9716,77.5946
2025-12-04T10:00,23.0,75,24.1,0.0,0.0,3,99,13.5,86,12.9716,77.5946
2025-12-04T11:00,23.8,71,25.1,0.0,0.0,3,100,11.7,86,12.9716,77.5946
2025-12-04T12:00,24.6,68,26.1,0.0,0.0,1,38,10.3,93,12.9716,77.5946
2025-12-04T13:00,25.9,62,28.1,0.0,0.0,1,27,10.8,91,12.9716,77.5946
2025-12-04T14:00,25.2,63,26.6,0.0,0.0,1,38,11.7,73,12.9716,77.5946
2025-12-04T15:00,24.9,64,26.0,0.0,0.0,1,43,11.5,79,12.9716,77.5946
2025-12-04T16:00,23.6,71,24.7,0.2,0.2,51,100,11.6,83,12.9716,77.5946
2025-12-04T17:00,21.7,83,23.0,7.0,7.0,63,100,12.4,71,12.9716,77.5946
2025-12-04T18:00,20.8,85,21.9,0.1,0.1,51,98,12.2,90,12.9716,77.5946
2025-12-04T19:00,20.8,88,22.1,0.0,0.0,3,95,12.3,79,12.9716,77.5946
2025-12-04T20:00,20.2,91,21.5,0.0,0.0,3,100,13.4,75,12.9716,77.5946
2025-12-04T21:00,19.6,94,20.9,0.0,0.0,3,100,13.5,78,12.9716,77.5946
2025-12-04T22:00,19.3,96,20.7,0.0,0.0,3,100,12.0,77,12.9716,77.5946
2025-12-04T23:00,20.1,96,21.6,0.0,0.0,3,100,13.9,80,12.9716,77.5946
2025-12-05T00:00,20.1,93,21.6,0.1,0.1,51,100,12.5,75,12.9716,77.5946
2025-12-05T01:00,19.6,94,21.0,0.0,0.0,3,99,12.4,77,12.9716,77.5946
2025-12-05T02:00,19.4,95,20.8,0.0,0.0,3,100,11.4,74,12.9716,77.5946
2025-12-05T03:00,19.4,94,20.8,0.0,0.0,3,100,11.7,70,12.9716,77.5946
2025-12-05T04:00,19.3,95,20.7,0.0,0.0,3,100,11.6,74,12.9716,77.5946
2025-12-05T05:00,19.5,96,21.0,0.0,0.0,3,100,11.4,66,12.9716,77.5946
2025-12-05T06:00,19.6,95,21.1,0.1,0.1,51,100,12.0,66,12.9716,77.5946
2025-12-05T07:00,19.8,93,21.0,0.0,0.0,2,73,13.3,69,12.9716,77.5946
2025-12-05T08:00,21.2,84,21.7,0.0,0.0,3,100,17.4,73,12.9716,77.5946
2025-12-05T09:00,21.2,84,22.0,0.1,0.1,51,92,16.0,66,12.9716,77.5946
2025-12-05T10:00,22.2,78,22.7,0.1,0.1,51,81,16.8,64,12.9716,77.5946
2025-12-05T11:00,23.0,72,23.5,0.3,0.3,51,73,15.0,56,12.9716,77.5946
2025-12-05T12:00,23.9,67,24.6,0.3,0.3,51,84,15.3,58,12.9716,77.5946
2025-12-05T13:00,24.7,65,26.2,0.1,0.1,51,97,15.2,57,12.9716,77.5946
2025-12-05T14:00,24.9,62,25.5,0.1,0.1,51,100,14.4,60,12.9716,77.5946
2025-12-05T15:00,24.6,62,24.8,0.0,0.0,3,98,14.7,65,12.9716,77.5946
2025-12-05T16:00,23.8,66,24.2,0.1,0.1,51,100,14.3,69,12.9716,77.5946
2025-12-05T17:00,23.6,67,24.5,0.0,0.0,3,100,10.7,77,12.9716,77.5946
2025-12-05T18:00,22.3,74,23.3,0.0,0.0,3,99,11.6,69,12.9716,77.5946
2025-12-05T19:00,21.6,79,22.6,0.0,0.0,3,82,11.6,68,12.9716,77.5946
2025-12-05T20:00,20.7,83,21.8,0.0,0.0,2,53,12.1,69,12.9716,77.5946
2025-12-05T21:00,20.0,89,21.3,0.0,0.0,3,98,11.2,62,12.9716,77.5946
2025-12-05T22:00,19.7,91,21.0,0.0,0.0,3,100,11.6,53,12.9716,77.5946
2025-12-05T23:00,19.8,94,21.2,0.0,0.0,3,100,12.1,49,12.9716,77.5946
2025-12-06T00:00,19.7,92,20.8,0.0,0.0,1,46,13.5,54,12.9716,77.5946
2025-12-06T01:00,19.0,94,19.8,0.0,0.0,2,66,14.1,53,12.9716,77.5946
2025-12-06T02:00,18.2,96,19.1,0.0,0.0,3,100,12.5,58,12.9716,77.5946
2025-12-06T03:00,18.0,96,18.7,0.0,0.0,3,100,12.6,62,12.9716,77.5946
2025-12-06T04:00,17.8,94,18.4,0.0,0.0,1,48,12.3,61,12.9716,77.5946
2025-12-06T05:00,17.5,96,18.2,0.0,0.0,3,100,11.5,65,12.9716,77.5946
2025-12-06T06:00,17.4,95,18.1,0.0,0.0,3,100,11.2,64,12.9716,77.5946
2025-12-06T07:00,17.7,92,18.2,0.0,0.0,3,100,11.6,57,12.9716,77.5946
2025-12-06T08:00,19.3,82,19.7,0.0,0.0,1,49,10.9,61,12.9716,77.5946
2025-12-06T09:00,21.2,67,21.1,0.0,0.0,3,99,11.1,68,12.9716,77.5946
2025-12-06T10:00,22.8,57,23.0,0.0,0.0,3,100,10.8,75,12.9716,77.5946
2025-12-06T11:00,23.8,57,24.7,0.0,0.0,3,99,11.3,89,12.9716,77.5946
2025-12-06T12:00,25.1,52,25.6,0.0,0.0,3,100,13.5,95,12.9716,77.5946
2025-12-06T13:00,25.2,51,24.8,0.0,0.0,3,100,12.5,94,12.9716,77.5946
2025-12-06T14:00,25.6,50,25.2,0.0,0.0,3,100,11.7,86,12.9716,77.5946
2025-12-06T15:00,24.9,53,24.8,0.0,0.0,2,61,11.0,90,12.9716,77.5946
2025-12-06T16:00,24.8,53,24.9,0.0,0.0,2,58,9.7,93,12.9716,77.5946
2025-12-06T17:00,23.4,64,24.1,0.0,0.0,2,68,9.6,95,12.9716,77.5946
2025-12-06T18:00,21.9,73,23.2,0.0,0.0,3,96,7.6,91,12.9716,77.5946
2025-12-06T19:00,21.2,76,22.3,0.0,0.0,3,100,8.9,84,12.9716,77.5946
2025-12-06T20:00,20.4,79,21.2,0.0,0.0,3,100,10.3,77,12.9716,77.5946
2025-12-06T21:00,19.7,83,20.4,0.0,0.0,3,94,11.0,71,12.9716,77.5946
2025-12-06T22:00,18.9,90,19.8,0.0,0.0,1,49,11.2,64,12.9716,77.5946
2025-12-06T23:00,18.6,93,19.5,0.0,0.0,3,98,12.1,70,12.9716,77.5946
2025-12-07T00:00,18.3,96,19.2,0.0,0.0,3,97,12.0,78,12.9716,77.5946
2025-12-07T01:00,17.8,98,18.7,0.0,0.0,3,100,12.5,78,12.9716,77.5946
2025-12-07T02:00,17.5,99,18.1,0.0,0.0,3,100,13.1,77,12.9716,77.5946
2025-12-07T03:00,17.6,96,18.3,0.0,0.0,3,100,11.7,79,12.9716,77.5946
2025-12-07T04:00,17.2,97,17.9,0.0,0.0,3,100,11.0,84,12.9716,77.5946
2025-12-07T05:00,17.0,98,17.5,0.0,0.0,3,100,12.2,90,12.9716,77.5946
2025-12-07T06:00,17.1,96,17.7,0.0,0.0,3,99,11.4,87,12.9716,77.5946
2025-12-07T07:00,17.5,93,18.0,0.0,0.0,3,100,10.9,81,12.9716,77.5946
2025-12-07T08:00,19.2,83,20.0,0.0,0.0,3,98,8.8,70,12.9716,77.5946
2025-12-07T09:00,21.2,73,22.2,0.0,0.0,3,100,8.1,58,12.9716,77.5946
2025-12-07T10:00,23.0,65,24.0,0.0,0.0,3,99,8.5,58,12.9716,77.5946
2025-12-07T11:00,24.0,61,26.0,0.0,0.0,3,99,7.3,62,12.9716,77.5946
2025-12-07T12:00,25.5,53,28.0,0.0,0.0,3,98,7.2,68,12.9716,77.5946
2025-12-07T13:00,26.4,48,28.2,0.0,0.0,2,77,7.8,71,12.9716,77.5946
2025-12-07T14:00,26.5,46,27.0,0.0,0.0,1,43,8.5,77,12.9716,77.5946
2025-12-07T15:00,26.2,45,25.9,0.0,0.0,1,28,9.5,76,12.9716,77.5946
2025-12-07T16:00,25.6,47,25.2,0.0,0.0,1,31,10.0,70,12.9716,77.5946
2025-12-07T17:00,24.0,61,24.7,0.0,0.0,2,62,8.7,95,12.9716,77.5946
2025-12-07T18:00,22.6,69,23.7,0.0,0.0,0,16,8.8,89,12.9716,77.5946
2025-12-07T19:00,21.8,71,22.3,0.0,0.0,0,10,11.0,76,12.9716,77.5946
2025-12-07T20:00,20.7,75,21.1,0.0,0.0,0,9,11.5,76,12.9716,77.5946
2025-12-07T21:00,19.6,82,20.2,0.0,0.0,0,1,11.1,73,12.9716,77.5946
2025-12-07T22:00,18.8,87,19.4,0.0,0.0,0,10,11.0,75,12.9716,77.5946
2025-12-07T23:00,18.2,93,18.9,0.0,0.0,1,34,11.6,75,12.9716,77.5946
2025-12-08T00:00,17.6,97,18.5,0.0,0.0,3,100,11.0,72,12.9716,77.5946
2025-12-08T01:00,17.5,97,18.3,0.0,0.0,3,100,11.4,67,12.9716,77.5946
2025-12-08T02:00,17.4,95,18.3,0.0,0.0,3,90,10.0,70,12.9716,77.5946
2025-12-08T03:00,16.9,97,18.0,0.0,0.0,3,84,7.7,57,12.9716,77.5946
2025-12-08T04:00,16.7,97,17.7,0.0,0.0,3,95,7.8,53,12.9716,77.5946
2025-12-08T05:00,16.1,99,16.8,0.0,0.0,3,100,9.0,59,12.9716,77.5946
2025-12-08T06:00,15.9,99,16.6,0.0,0.0,3,100,8.1,59,12.9716,77.5946
2025-12-08T07:00,16.0,98,16.8,0.0,0.0,3,100,7.1,60,12.9716,77.5946
2025-12-08T08:00,17.6,88,18.6,0.0,0.0,0,17,5.5,71,12.9716,77.5946
2025-12-08T09:00,20.9,65,21.4,0.0,0.0,0,14,5.9,67,12.9716,77.5946
2025-12-08T10:00,23.4,47,23.8,0.0,0.0,0,9,6.4,52,12.9716,77.5946
2025-12-08T11:00,24.9,39,25.5,0.0,0.0,0,0,7.7,51,12.9716,77.5946
2025-12-08T12:00,26.5,30,26.5,0.0,0.0,0,0,8.8,47,12.9716,77.5946
2025-12-08T13:00,27.1,29,26.7,0.0,0.0,0,0,9.8,41,12.9716,77.5946
2025-12-08T14:00,27.1,29,25.8,0.0,0.0,0,0,11.3,34,12.9716,77.5946
2025-12-08T15:00,26.7,29,24.3,0.0,0.0,0,0,12.3,34,12.9716,77.5946
2025-12-08T16:00,25.8,32,23.4,0.0,0.0,0,2,11.8,36,12.9716,77.5946
2025-12-08T17:00,23.7,43,22.0,0.0,0.0,0,0,11.9,42,12.9716,77.5946
2025-12-08T18:00,21.8,50,20.0,0.0,0.0,0,0,13.6,49,12.9716,77.5946
2025-12-08T19:00,20.6,59,19.2,0.0,0.0,0,0,13.7,50,12.9716,77.5946
2025-12-08T20:00,19.6,67,18.8,0.0,0.0,0,0,12.7,54,12.9716,77.5946
2025-12-08T21:00,18.6,73,17.9,0.0,0.0,0,0,12.3,63,12.9716,77.5946
2025-12-08T22:00,17.8,78,17.3,0.0,0.0,0,0,11.8,66,12.9716,77.5946
2025-12-08T23:00,17.4,81,17.0,0.0,0.0,0,2,12.2,61,12.9716,77.5946
2025-12-09T00:00,16.7,88,16.4,0.0,0.0,0,0,12.6,63,12.9716,77.5946
2025-12-09T01:00,16.2,93,16.1,0.0,0.0,0,2,12.2,63,12.9716,77.5946
2025-12-09T02:00,15.8,95,15.7,0.0,0.0,0,1,12.3,60,12.9716,77.5946
2025-12-09T03:00,15.6,93,15.2,0.0,0.0,0,0,12.1,60,12.9716,77.5946
2025-12-09T04:00,15.2,91,14.7,0.0,0.0,0,0,12.0,58,12.9716,77.5946
2025-12-09T05:00,15.3,93,14.9,0.0,0.0,0,0,12.1,67,12.9716,77.5946
2025-12-09T06:00,15.3,94,14.9,0.0,0.0,0,0,11.9,67,12.9716,77.5946
2025-12-09T07:00,16.2,90,16.1,0.0,0.0,0,0,10.9,68,12.9716,77.5946
2025-12-09T08:00,18.5,80,18.5,0.0,0.0,0,0,11.1,70,12.9716,77.5946
2025-12-09T09:00,21.1,69,21.3,0.0,0.0,0,0,11.1,73,12.9716,77.5946
2025-12-09T10:00,23.3,61,24.0,0.0,0.0,0,14,12.7,79,12.9716,77.5946
2025-12-09T11:00,24.6,52,25.4,0.0,0.0,0,14,12.1,94,12.9716,77.5946
2025-12-09T12:00,25.8,47,26.7,0.0,0.0,2,73,11.4,97,12.9716,77.5946
2025-12-09T13:00,26.4,44,27.0,0.0,0.0,3,100,10.7,97,12.9716,77.5946
2025-12-09T14:00,27.0,41,27.3,0.0,0.0,3,96,9.4,91,12.9716,77.5946
2025-12-09T15:00,27.2,39,26.4,0.0,0.0,3,91,10.0,82,12.9716,77.5946
2025-12-09T16:00,26.7,39,25.6,0.0,0.0,3,91,10.7,77,12.9716,77.5946
2025-12-09T17:00,24.8,52,24.4,0.0,0.0,3,81,12.8,93,12.9716,77.5946
2025-12-09T18:00,22.8,66,23.1,0.0,0.0,1,20,11.5,98,12.9716,77.5946
2025-12-09T19:00,21.5,73,21.8,0.0,0.0,0,4,13.2,96,12.9716,77.5946
2025-12-09T20:00,20.4,80,20.9,0.0,0.0,0,5,12.6,92,12.9716,77.5946
2025-12-09T21:00,19.7,83,20.1,0.0,0.0,0,2,13.2,85,12.9716,77.5946
2025-12-09T22:00,18.9,82,18.8,0.0,0.0,0,0,13.9,79,12.9716,77.5946
2025-12-09T23:00,18.5,85,18.7,0.0,0.0,0,0,13.0,73,12.9716,77.5946
2025-12-10T00:00,18.1,88,18.4,0.0,0.0,0,0,12.7,72,12.9716,77.5946
2025-12-10T01:00,17.7,89,18.0,0.0,0.0,1,48,12.2,66,12.9716,77.5946
2025-12-10T02:00,17.4,89,17.6,0.0,0.0,0,6,11.6,60,12.9716,77.5946
2025-12-10T03:00,17.2,80,16.8,0.0,0.0,0,1,11.2,57,12.9716,77.5946
2025-12-10T04:00,17.0,68,15.6,0.0,0.0,0,0,11.7,54,12.9716,77.5946
2025-12-10T05:00,17.1,75,16.0,0.0,0.0,0,0,12.6,56,12.9716,77.5946
2025-12-10T06:00,17.0,70,15.5,0.0,0.0,0,2,12.9,55,12.9716,77.5946
2025-12-10T07:00,17.8,65,16.1,0.0,0.0,0,1,13.4,55,12.9716,77.5946
2025-12-10T08:00,20.0,51,18.0,0.0,0.0,0,1,12.6,61,12.9716,77.5946
2025-12-10T09:00,22.4,39,20.0,0.0,0.0,0,15,12.8,62,12.9716,77.5946
2025-12-10T10:00,24.6,26,21.9,0.0,0.0,1,45,13.5,65,12.9716,77.5946
2025-12-10T11:00,25.8,28,24.4,0.0,0.0,1,24,12.0,68,12.9716,77.5946
2025-12-10T12:00,26.7,30,26.1,0.0,0.0,0,0,11.3,73,12.9716,77.5946
2025-12-10T13:00,27.2,30,26.8,0.0,0.0,0,0,10.6,71,12.9716,77.5946
2025-12-10T14:00,27.4,29,26.3,0.0,0.0,0,0,10.7,68,12.9716,77.5946
2025-12-10T15:00,27.1,29,24.9,0.0,0.0,0,16,11.2,64,12.9716,77.5946
2025-12-10T16:00,26.3,29,23.7,0.0,0.0,2,62,11.9,61,12.9716,77.5946
2025-12-10T17:00,24.7,33,22.6,0.0,0.0,3,98,9.9,65,12.9716,77.5946
2025-12-10T18:00,22.5,42,20.6,0.0,0.0,3,91,10.6,60,12.9716,77.5946
2025-12-10T19:00,21.0,50,19.3,0.0,0.0,2,61,12.1,52,12.9716,77.5946
2025-12-10T20:00,19.7,63,18.5,0.0,0.0,2,51,12.9,51,12.9716,77.5946
2025-12-10T21:00,18.8,74,18.2,0.0,0.0,2,73,12.6,53,12.9716,77.5946
2025-12-10T22:00,18.1,78,17.6,0.0,0.0,1,30,12.9,50,12.9716,77.5946
2025-12-10T23:00,17.6,81,17.0,0.0,0.0,0,0,13.2,50,12.9716,77.5946
2025-12-11T00:00,16.7,88,16.4,0.0,0.0,0,0,12.5,57,12.9716,77.5946
2025-12-11T01:00,16.1,93,16.0,0.0,0.0,0,1,12.4,57,12.9716,77.5946
2025-12-11T02:00,15.7,93,15.6,0.0,0.0,0,0,11.5,60,12.9716,77.5946
2025-12-11T03:00,15.3,92,14.9,0.0,0.0,0,0,11.1,60,12.9716,77.5946
2025-12-11T04:00,14.9,87,14.1,0.0,0.0,0,0,11.5,60,12.9716,77.5946
2025-12-11T05:00,14.9,86,13.9,0.0,0.0,0,0,12.1,57,12.9716,77.5946
2025-12-11T06:00,14.8,84,13.8,0.0,0.0,0,0,11.5,59,12.9716,77.5946
2025-12-11T07:00,15.8,79,14.6,0.0,0.0,0,0,12.6,59,12.9716,77.5946
2025-12-11T08:00,18.2,68,17.2,0.0,0.0,0,0,11.4,61,12.9716,77.5946
2025-12-11T09:00,20.7,52,18.8,0.0,0.0,0,0,13.9,61,12.9716,77.5946
2025-12-11T10:00,22.9,40,21.2,0.0,0.0,0,0,14.6,63,12.9716,77.5946
2025-12-11T11:00,24.5,35,23.4,0.0,0.0,0,0,13.8,64,12.9716,77.5946
2025-12-11T12:00,25.8,32,25.0,0.0,0.0,0,0,13.3,69,12.9716,77.5946
2025-12-11T13:00,26.6,30,25.5,0.0,0.0,0,0,13.9,71,12.9716,77.5946
2025-12-11T14:00,26.5,34,25.3,0.0,0.0,0,1,14.4,75,12.9716,77.5946
2025-12-11T15:00,26.0,37,24.0,0.0,0.0,0,2,14.5,76,12.9716,77.5946
2025-12-11T16:00,25.0,40,23.0,0.0,0.0,0,0,14.1,73,12.9716,77.5946
2025-12-11T17:00,23.8,44,22.2,0.0,0.0,0,0,12.2,73,12.9716,77.5946
2025-12-11T18:00,22.1,53,21.2,0.0,0.0,0,0,10.7,68,12.9716,77.5946
2025-12-11T19:00,21.1,58,20.3,0.0,0.0,0,0,10.7,63,12.9716,77.5946
2025-12-11T20:00,19.8,65,19.1,0.0,0.0,0,0,10.7,68,12.9716,77.5946
2025-12-11T21:00,18.6,71,18.2,0.0,0.0,0,0,9.9,81,12.9716,77.5946
2025-12-11T22:00,17.7,76,17.4,0.0,0.0,0,0,9.5,81,12.9716,77.5946
2025-12-11T23:00,17.2,81,17.1,0.0,0.0,0,0,9.4,73,12.9716,77.5946
2025-12-12T00:00,16.5,86,16.6,0.0,0.0,0,0,8.7,66,12.9716,77.5946
2025-12-12T01:00,15.9,91,15.9,0.0,0.0,0,0,9.3,58,12.9716,77.5946
2025-12-12T02:00,15.4,95,15.5,0.0,0.0,0,0,9.8,62,12.9716,77.5946
2025-12-12T03:00,15.0,97,15.0,0.0,0.0,0,0,10.3,63,12.9716,77.5946
2025-12-12T04:00,14.7,97,14.5,0.0,0.0,0,0,10.5,57,12.9716,77.5946
2025-12-12T05:00,14.2,99,14.0,0.0,0.0,2,79,10.2,58,12.9716,77.5946
2025-12-12T06:00,13.9,98,13.8,0.0,0.0,3,100,8.9,62,12.9716,77.5946
2025-12-12T07:00,14.4,96,14.4,0.0,0.0,3,99,7.8,61,12.9716,77.5946
2025-12-12T08:00,16.6,81,16.6,0.0,0.0,3,98,6.9,60,12.9716,77.5946
2025-12-12T09:00,19.5,61,18.8,0.0,0.0,3,98,8.2,68,12.9716,77.5946
2025-12-12T10:00,21.9,50,21.7,0.0,0.0,3,98,8.6,61,12.9716,77.5946
2025-12-12T11:00,23.7,43,24.2,0.0,0.0,3,97,8.2,54,12.9716,77.5946
2025-12-12T12:00,25.3,36,25.7,0.0,0.0,3,99,8.5,58,12.9716,77.5946
2025-12-12T13:00,26.3,31,26.3,0.0,0.0,3,100,8.8,67,12.9716,77.5946
2025-12-12T14:00,26.7,30,26.0,0.0,0.0,3,98,9.1,75,12.9716,77.5946
2025-12-12T15:00,26.5,31,24.8,0.0,0.0,3,99,9.2,79,12.9716,77.5946
2025-12-12T16:00,25.8,33,23.9,0.0,0.0,3,99,9.1,82,12.9716,77.5946
2025-12-12T17:00,24.6,37,23.1,0.0,0.0,0,2,8.7,84,12.9716,77.5946
2025-12-12T18:00,22.8,46,21.8,0.0,0.0,0,0,8.0,81,12.9716,77.5946
2025-12-12T19:00,21.4,53,20.5,0.0,0.0,0,0,9.0,70,12.9716,77.5946
2025-12-12T20:00,20.0,59,19.0,0.0,0.0,0,0,10.5,61,12.9716,77.5946
2025-12-12T21:00,18.7,66,17.9,0.0,0.0,0,0,10.0,83,12.9716,77.5946
2025-12-12T22:00,17.7,73,17.0,0.0,0.0,0,2,10.8,86,12.9716,77.5946
2025-12-12T23:00,17.1,81,16.6,0.0,0.0,0,0,11.9,87,12.9716,77.5946
2025-12-13T00:00,16.3,88,16.1,0.0,0.0,0,0,11.2,84,12.9716,77.5946
2025-12-13T01:00,15.9,92,15.7,0.0,0.0,0,0,11.6,78,12.9716,77.5946
2025-12-13T02:00,15.4,95,15.4,0.0,0.0,0,0,10.6,76,12.9716,77.5946
2025-12-13T03:00,15.0,97,14.9,0.0,0.0,1,40,10.5,73,12.9716,77.5946
2025-12-13T04:00,14.7,98,14.6,0.0,0.0,2,56,10.2,73,12.9716,77.5946
2025-12-13T05:00,14.4,99,14.2,0.0,0.0,3,100,11.2,68,12.9716,77.5946
2025-12-13T06:00,14.1,99,13.7,0.0,0.0,3,100,11.0,64,12.9716,77.5946
2025-12-13T07:00,14.2,98,13.8,0.0,0.0,3,100,10.9,59,12.9716,77.5946
2025-12-13T08:00,16.0,83,15.9,0.0,0.0,0,1,7.4,64,12.9716,77.5946
2025-12-13T09:00,20.2,50,18.9,0.0,0.0,0,0,7.8,58,12.9716,77.5946
2025-12-13T10:00,22.8,31,21.2,0.0,0.0,0,0,8.5,54,12.9716,77.5946
2025-12-13T11:00,24.2,27,23.4,0.0,0.0,2,71,7.7,51,12.9716,77.5946
2025-12-13T12:00,25.9,22,25.4,0.0,0.0,1,35,6.5,46,12.9716,77.5946
2025-12-13T13:00,26.9,19,26.0,0.0,0.0,2,63,6.0,39,12.9716,77.5946
2025-12-13T14:00,27.3,17,25.7,0.0,0.0,3,85,6.1,30,12.9716,77.5946
2025-12-13T15:00,27.2,17,24.4,0.0,0.0,3,85,6.3,27,12.9716,77.5946
2025-12-13T16:00,26.5,18,23.3,0.0,0.0,3,91,7.5,27,12.9716,77.5946
2025-12-13T17:00,24.9,23,22.2,0.0,0.0,3,92,6.3,20,12.9716,77.5946
2025-12-13T18:00,22.8,30,20.4,0.0,0.0,2,63,6.5,34,12.9716,77.5946
2025-12-13T19:00,21.3,39,19.1,0.0,0.0,1,35,8.6,57,12.9716,77.5946
2025-12-13T20:00,20.0,46,17.8,0.0,0.0,0,5,11.1,67,12.9716,77.5946
2025-12-13T21:00,18.6,53,16.5,0.0,0.0,0,1,11.6,96,12.9716,77.5946
2025-12-13T22:00,17.6,61,15.7,0.0,0.0,0,1,12.4,92,12.9716,77.5946
2025-12-13T23:00,16.9,76,15.8,0.0,0.0,0,0,13.4,95,12.9716,77.5946
2025-12-14T00:00,16.2,84,15.4,0.0,0.0,0,0,13.1,89,12.9716,77.5946
2025-12-14T01:00,15.5,92,14.9,0.0,0.0,0,3,13.2,84,12.9716,77.5946
2025-12-14T02:00,14.9,98,14.6,0.0,0.0,3,100,12.4,81,12.9716,77.5946
2025-12-14T03:00,14.8,99,14.4,0.0,0.0,3,100,13.0,76,12.9716,77.5946
2025-12-14T04:00,14.5,98,14.0,0.0,0.0,3,100,12.5,72,12.9716,77.5946
2025-12-14T05:00,14.4,98,14.1,0.0,0.0,3,100,11.5,70,12.9716,77.5946
2025-12-14T06:00,14.2,96,13.8,0.0,0.0,1,36,9.8,66,12.9716,77.5946
2025-12-14T07:00,15.1,80,14.1,0.0,0.0,0,0,10.5,68,12.9716,77.5946
2025-12-14T08:00,17.5,68,16.8,0.0,0.0,0,0,7.6,76,12.9716,77.5946
2025-12-14T09:00,20.2,53,18.8,0.0,0.0,0,0,9.6,74,12.9716,77.5946
2025-12-14T10:00,22.4,43,21.5,0.0,0.0,0,0,10.8,69,12.9716,77.5946
2025-12-14T11:00,23.8,38,23.5,0.0,0.0,0,0,10.2,67,12.9716,77.5946
2025-12-14T12:00,24.9,32,24.7,0.0,0.0,0,0,9.6,69,12.9716,77.5946
2025-12-14T13:00,25.7,29,25.3,0.0,0.0,0,0,8.9,77,12.9716,77.5946
2025-12-14T14:00,26.1,29,25.2,0.0,0.0,0,0,8.1,85,12.9716,77.5946
2025-12-14T15:00,26.0,29,24.2,0.0,0.0,0,0,8.1,85,12.9716,77.5946
2025-12-14T16:00,25.3,30,23.2,0.0,0.0,0,0,8.8,86,12.9716,77.5946
2025-12-14T17:00,24.3,35,22.4,0.0,0.0,0,0,8.7,97,12.9716,77.5946
2025-12-14T18:00,22.8,42,21.3,0.0,0.0,0,0,9.4,102,12.9716,77.5946
2025-12-14T19:00,21.6,50,20.3,0.0,0.0,0,0,10.6,86,12.9716,77.5946
2025-12-14T20:00,20.1,60,19.1,0.0,0.0,0,0,10.9,81,12.9716,77.5946
2025-12-14T21:00,18.6,69,18.0,0.0,0.0,0,0,10.1,87,12.9716,77.5946
2025-12-14T22:00,17.6,76,17.2,0.0,0.0,0,0,10.1,85,12.9716,77.5946
2025-12-14T23:00,17.0,81,16.6,0.0,0.0,0,0,11.3,83,12.9716,77.5946
2025-12-15T00:00,16.4,84,15.9,0.0,0.0,0,0,11.7,85,12.9716,77.5946
2025-12-15T01:00,15.8,88,15.3,0.0,0.0,0,0,11.8,84,12.9716,77.5946
2025-12-15T02:00,15.3,93,14.9,0.0,0.0,0,0,11.8,82,12.9716,77.5946
2025-12-15T03:00,14.8,97,14.6,0.0,0.0,3,100,11.4,78,12.9716,77.5946
2025-12-15T04:00,14.8,99,14.6,0.0,0.0,3,100,11.5,70,12.9716,77.5946
2025-12-15T05:00,14.6,98,14.5,0.0,0.0,3,100,10.6,69,12.9716,77.5946
2025-12-15T06:00,14.2,95,13.8,0.0,0.0,2,52,10.3,68,12.9716,77.5946
2025-12-15T07:00,14.3,90,14.0,0.0,0.0,1,27,8.2,67,12.9716,77.5946
2025-12-15T08:00,16.2,77,15.7,0.0,0.0,0,2,8.2,67,12.9716,77.5946
2025-12-15T09:00,19.0,59,17.7,0.0,0.0,0,3,10.4,67,12.9716,77.5946
2025-12-15T10:00,21.6,44,20.5,0.0,0.0,0,0,11.0,67,12.9716,77.5946
2025-12-15T11:00,23.4,37,23.1,0.0,0.0,0,0,9.5,69,12.9716,77.5946
2025-12-15T12:00,25.1,30,24.9,0.0,0.0,0,0,9.0,75,12.9716,77.5946
2025-12-15T13:00,26.1,28,25.6,0.0,0.0,0,0,9.0,84,12.9716,77.5946
2025-12-15T14:00,26.4,27,25.2,0.0,0.0,0,0,9.7,91,12.9716,77.5946
2025-12-15T15:00,26.2,28,24.0,0.0,0.0,0,0,10.3,93,12.9716,77.5946
2025-12-15T16:00,25.4,30,22.9,0.0,0.0,0,0,10.6,92,12.9716,77.5946
2025-12-15T17:00,23.9,34,21.6,0.0,0.0,0,0,10.5,86,12.9716,77.5946
2025-12-15T18:00,22.3,42,20.2,0.0,0.0,0,0,11.4,75,12.9716,77.5946
2025-12-15T19:00,21.1,48,19.2,0.0,0.0,0,0,12.2,73,12.9716,77.5946
2025-12-15T20:00,19.7,56,18.1,0.0,0.0,0,0,12.5,84,12.9716,77.5946
2025-12-15T21:00,18.5,66,17.2,0.0,0.0,0,0,12.3,86,12.9716,77.5946
2025-12-15T22:00,17.5,73,16.7,0.0,0.0,0,0,11.3,80,12.9716,77.5946
2025-12-15T23:00,16.9,79,16.4,0.0,0.0,3,80,10.6,76,12.9716,77.5946
2025-12-16T00:00,16.4,83,15.8,0.0,0.0,1,37,11.5,76,12.9716,77.5946
2025-12-16T01:00,16.0,88,15.6,0.0,0.0,2,57,12.0,76,12.9716,77.5946
2025-12-16T02:00,15.8,94,15.6,0.0,0.0,3,85,11.8,71,12.9716,77.5946
2025-12-16T03:00,15.5,97,15.6,0.0,0.0,3,100,11.3,73,12.9716,77.5946
2025-12-16T04:00,15.4,97,15.3,0.0,0.0,3,94,11.5,76,12.9716,77.5946
2025-12-16T05:00,15.9,96,16.1,0.0,0.0,2,52,10.3,78,12.9716,77.5946
2025-12-16T06:00,16.3,91,16.2,0.0,0.0,2,70,10.8,79,12.9716,77.5946
2025-12-16T07:00,17.3,83,17.0,0.0,0.0,2,68,11.7,79,12.9716,77.5946
2025-12-16T08:00,19.5,70,19.0,0.0,0.0,2,71,11.4,83,12.9716,77.5946
2025-12-16T09:00,22.1,56,20.9,0.0,0.0,2,67,13.9,88,12.9716,77.5946
2025-12-16T10:00,24.0,53,23.4,0.0,0.0,2,61,16.2,90,12.9716,77.5946
2025-12-16T11:00,25.1,54,24.6,0.0,0.0,3,100,21.9,99,12.9716,77.5946
2025-12-16T12:00,24.6,60,23.7,0.0,0.0,3,100,20.1,97,12.9716,77.5946
2025-12-16T13:00,24.0,64,23.7,0.1,0.1,51,100,18.1,96,12.9716,77.5946
2025-12-16T14:00,24.0,64,23.9,0.0,0.0,3,100,17.5,94,12.9716,77.5946
2025-12-16T15:00,23.7,66,23.8,0.0,0.0,2,79,16.2,89,12.9716,77.5946
2025-12-16T16:00,23.8,66,23.8,0.0,0.0,3,100,17.0,85,12.9716,77.5946
2025-12-16T17:00,22.4,74,22.6,0.0,0.0,3,100,16.4,89,12.9716,77.5946
2025-12-16T18:00,21.7,78,22.4,0.0,0.0,3,100,14.4,81,12.9716,77.5946
2025-12-16T19:00,21.1,82,22.0,0.0,0.0,3,100,13.4,72,12.9716,77.5946
2025-12-16T20:00,20.9,83,21.9,0.0,0.0,3,100,12.5,78,12.9716,77.5946
2025-12-16T21:00,20.5,85,21.4,0.0,0.0,3,88,13.3,77,12.9716,77.5946
2025-12-16T22:00,19.6,89,20.6,0.0,0.0,3,84,12.8,76,12.9716,77.5946
2025-12-16T23:00,20.1,91,21.6,0.0,0.0,3,100,11.8,77,12.9716,77.5946
2025-12-17T00:00,20.0,91,21.3,0.0,0.0,3,100,11.7,75,12.9716,77.5946
2025-12-17T01:00,19.9,89,20.9,0.0,0.0,3,100,12.7,78,12.9716,77.5946
2025-12-17T02:00,19.5,90,20.4,0.0,0.0,3,100,12.9,74,12.9716,77.5946
2025-12-17T03:00,19.3,92,20.5,0.0,0.0,3,98,11.3,68,12.9716,77.5946
2025-12-17T04:00,18.2,97,19.3,0.0,0.0,3,100,11.4,62,12.9716,77.5946
2025-12-17T05:00,19.0,91,19.8,0.0,0.0,3,100,13.3,71,12.9716,77.5946
2025-12-17T06:00,18.7,94,19.8,0.0,0.0,3,100,11.7,73,12.9716,77.5946
2025-12-17T07:00,19.4,88,20.1,0.0,0.0,2,63,13.1,71,12.9716,77.5946
2025-12-17T08:00,20.6,80,20.8,0.0,0.0,1,23,15.7,68,12.9716,77.5946
2025-12-17T09:00,22.5,68,22.3,0.0,0.0,1,27,16.1,70,12.9716,77.5946
2025-12-17T10:00,24.3,59,24.5,0.0,0.0,1,46,14.9,72,12.9716,77.5946
2025-12-17T11:00,25.3,52,26.1,0.0,0.0,1,23,14.3,73,12.9716,77.5946
2025-12-17T12:00,26.2,45,26.8,0.0,0.0,1,26,14.4,75,12.9716,77.5946
2025-12-17T13:00,26.7,43,27.2,0.0,0.0,1,22,13.8,76,12.9716,77.5946
2025-12-17T14:00,26.9,43,26.9,0.0,0.0,1,30,12.9,74,12.9716,77.5946
2025-12-17T15:00,26.8,42,25.8,0.0,0.0,1,39,13.3,72,12.9716,77.5946
2025-12-17T16:00,26.1,42,24.7,0.0,0.0,1,42,13.7,68,12.9716,77.5946
2025-12-17T17:00,24.8,47,24.0,0.0,0.0,2,65,10.9,73,12.9716,77.5946
2025-12-17T18:00,23.0,56,22.8,0.0,0.0,0,9,8.9,63,12.9716,77.5946
2025-12-17T19:00,21.8,60,21.4,0.0,0.0,3,83,11.0,55,12.9716,77.5946
2025-12-17T20:00,20.7,64,20.2,0.0,0.0,3,84,10.8,53,12.9716,77.5946
2025-12-17T21:00,19.5,70,19.2,0.0,0.0,3,80,10.8,52,12.9716,77.5946
2025-12-17T22:00,18.5,75,18.2,0.0,0.0,3,84,10.7,55,12.9716,77.5946
2025-12-17T23:00,17.8,83,17.9,0.0,0.0,0,1,10.5,66,12.9716,77.5946
2025-12-18T00:00,17.1,87,17.4,0.0,0.0,3,91,9.3,68,12.9716,77.5946
2025-12-18T01:00,16.4,91,16.7,0.0,0.0,3,100,9.0,70,12.9716,77.5946
2025-12-18T02:00,15.8,93,16.0,0.0,0.0,3,93,9.4,64,12.9716,77.5946
2025-12-18T03:00,15.3,90,15.1,0.0,0.0,3,93,10.0,56,12.9716,77.5946
2025-12-18T04:00,15.0,84,14.1,0.0,0.0,3,100,11.3,54,12.9716,77.5946
2025-12-18T05:00,15.1,86,14.2,0.0,0.0,3,91,11.4,65,12.9716,77.5946
2025-12-18T06:00,15.0,84,14.0,0.0,0.0,3,100,11.8,63,12.9716,77.5946
2025-12-18T07:00,15.8,81,14.7,0.0,0.0,3,100,12.9,63,12.9716,77.5946
2025-12-18T08:00,17.9,73,17.2,0.0,0.0,3,98,11.6,64,12.9716,77.5946
2025-12-18T09:00,20.4,61,19.4,0.0,0.0,3,94,12.3,65,12.9716,77.5946
2025-12-18T10:00,22.9,46,22.0,0.0,0.0,1,44,12.5,67,12.9716,77.5946
2025-12-18T11:00,24.5,37,23.9,0.0,0.0,3,80,11.9,75,12.9716,77.5946
2025-12-18T12:00,25.9,32,25.4,0.0,0.0,3,100,12.0,76,12.9716,77.5946
2025-12-18T13:00,26.8,27,25.6,0.0,0.0,3,100,12.4,76,12.9716,77.5946
2025-12-18T14:00,27.0,26,25.1,0.0,0.0,3,99,12.5,72,12.9716,77.5946
2025-12-18T15:00,26.7,28,24.2,0.0,0.0,1,38,12.3,69,12.9716,77.5946
2025-12-18T16:00,26.0,32,23.7,0.0,0.0,2,54,11.8,67,12.9716,77.5946
2025-12-18T17:00,24.4,36,22.4,0.0,0.0,3,95,10.7,67,12.9716,77.5946
2025-12-18T18:00,22.4,47,21.2,0.0,0.0,3,100,9.2,74,12.9716,77.5946
2025-12-18T19:00,21.1,57,20.5,0.0,0.0,3,100,8.9,76,12.9716,77.5946
2025-12-18T20:00,20.0,66,19.8,0.0,0.0,3,100,8.5,69,12.9716,77.5946
2025-12-18T21:00,19.1,72,19.0,0.0,0.0,3,100,8.7,69,12.9716,77.5946
2025-12-18T22:00,18.3,76,18.4,0.0,0.0,3,100,7.7,72,12.9716,77.5946
2025-12-18T23:00,17.6,82,17.8,0.0,0.0,3,100,8.3,76,12.9716,77.5946
2025-12-19T00:00,16.9,84,17.1,0.0,0.0,3,100,7.8,75,12.9716,77.5946
2025-12-19T01:00,16.4,87,16.6,0.0,0.0,3,100,7.9,79,12.9716,77.5946
2025-12-19T02:00,15.9,91,16.2,0.0,0.0,3,100,7.7,78,12.9716,77.5946
2025-12-19T03:00,15.4,95,15.6,0.0,0.0,3,100,8.3,72,12.9716,77.5946
2025-12-19T04:00,14.9,98,15.2,0.0,0.0,3,100,8.5,66,12.9716,77.5946
2025-12-19T05:00,15.1,97,15.2,0.0,0.0,3,100,9.7,61,12.9716,77.5946
2025-12-19T06:00,14.8,97,14.7,0.0,0.0,3,100,10.1,55,12.9716,77.5946
2025-12-19T07:00,15.0,93,14.7,0.0,0.0,3,100,11.1,58,12.9716,77.5946
2025-12-19T08:00,16.7,82,16.6,0.0,0.0,3,91,8.1,65,12.9716,77.5946
2025-12-19T09:00,19.8,61,18.9,0.0,0.0,2,73,10.4,64,12.9716,77.5946
2025-12-19T10:00,22.3,46,21.5,0.0,0.0,2,75,11.6,64,12.9716,77.5946
2025-12-19T11:00,23.7,37,23.1,0.0,0.0,2,59,11.2,72,12.9716,77.5946
2025-12-19T12:00,25.1,33,24.9,0.0,0.0,2,74,10.2,77,12.9716,77.5946
2025-12-19T13:00,26.0,31,25.8,0.0,0.0,2,73,9.5,76,12.9716,77.5946
2025-12-19T14:00,26.5,29,25.6,0.0,0.0,3,99,9.1,73,12.9716,77.5946
2025-12-19T15:00,26.5,28,24.5,0.0,0.0,0,9,9.3,71,12.9716,77.5946
2025-12-19T16:00,25.8,29,23.4,0.0,0.0,0,5,10.0,72,12.9716,77.5946
2025-12-19T17:00,24.3,34,22.4,0.0,0.0,0,1,8.6,90,12.9716,77.5946
2025-12-19T18:00,22.8,41,21.2,0.0,0.0,0,5,8.6,91,12.9716,77.5946
2025-12-19T19:00,21.8,46,20.4,0.0,0.0,1,30,8.9,84,12.9716,77.5946
2025-12-19T20:00,20.8,50,19.4,0.0,0.0,1,30,9.0,77,12.9716,77.5946
2025-12-19T21:00,19.2,57,18.0,0.0,0.0,2,71,9.2,101,12.9716,77.5946
2025-12-19T22:00,17.9,64,16.7,0.0,0.0,3,99,10.2,111,12.9716,77.5946
2025-12-19T23:00,17.2,70,16.2,0.0,0.0,3,100,10.0,107,12.9716,77.5946
2025-12-20T00:00,16.6,74,15.8,0.0,0.0,3,98,9.0,110,12.9716,77.5946
2025-12-20T01:00,16.1,77,15.5,0.0,0.0,0,9,8.7,104,12.9716,77.5946
2025-12-20T02:00,15.5,82,15.0,0.0,0.0,0,9,8.6,91,12.9716,77.5946
2025-12-20T03:00,14.9,87,14.5,0.0,0.0,1,31,8.5,89,12.9716,77.5946
2025-12-20T04:00,14.4,90,13.9,0.0,0.0,1,34,8.8,78,12.9716,77.5946
2025-12-20T05:00,13.9,95,13.5,0.0,0.0,3,95,9.2,73,12.9716,77.5946
2025-12-20T06:00,13.8,99,13.8,0.0,0.0,3,99,7.8,77,12.9716,77.5946
2025-12-20T07:00,14.2,98,14.4,0.0,0.0,3,100,7.2,78,12.9716,77.5946
2025-12-20T08:00,14.9,95,15.2,0.0,0.0,3,100,6.9,76,12.9716,77.5946
2025-12-20T09:00,17.9,74,17.9,0.0,0.0,1,49,6.9,73,12.9716,77.5946
2025-12-20T10:00,20.6,57,20.4,0.0,0.0,3,97,9.3,63,12.9716,77.5946
2025-12-20T11:00,21.9,48,22.3,0.0,0.0,2,51,9.0,64,12.9716,77.5946
2025-12-20T12:00,23.7,41,24.3,0.0,0.0,3,99,7.7,65,12.9716,77.5946
2025-12-20T13:00,24.7,36,25.2,0.0,0.0,3,95,7.0,72,12.9716,77.5946
2025-12-20T14:00,25.3,35,25.1,0.0,0.0,1,27,7.1,81,12.9716,77.5946
2025-12-20T15:00,25.3,35,24.2,0.0,0.0,0,3,7.2,93,12.9716,77.5946
2025-12-20T16:00,24.7,38,23.4,0.0,0.0,0,8,7.7,99,12.9716,77.5946
2025-12-20T17:00,23.6,41,22.1,0.0,0.0,0,0,9.1,111,12.9716,77.5946
2025-12-20T18:00,22.3,45,21.0,0.0,0.0,0,0,8.3,120,12.9716,77.5946
2025-12-20T19:00,21.6,47,20.6,0.0,0.0,2,59,6.9,81,12.9716,77.5946
2025-12-20T20:00,20.1,54,19.0,0.0,0.0,2,62,8.1,96,12.9716,77.5946
2025-12-20T21:00,18.7,62,17.6,0.0,0.0,0,0,9.5,105,12.9716,77.5946
2025-12-20T22:00,17.9,67,16.8,0.0,0.0,0,0,10.6,114,12.9716,77.5946
2025-12-20T23:00,17.4,71,16.5,0.0,0.0,0,0,10.7,104,12.9716,77.5946
2025-12-21T00:00,16.9,74,16.1,0.0,0.0,0,0,10.2,100,12.9716,77.5946
2025-12-21T01:00,16.4,76,15.6,0.0,0.0,1,46,10.3,96,12.9716,77.5946
2025-12-21T02:00,15.6,84,14.9,0.0,0.0,1,33,10.9,83,12.9716,77.5946
2025-12-21T03:00,14.9,94,14.6,0.0,0.0,1,21,11.1,83,12.9716,77.5946
2025-12-21T04:00,14.5,99,14.3,0.0,0.0,3,100,11.4,85,12.9716,77.5946
2025-12-21T05:00,14.5,99,14.1,0.0,0.0,3,95,11.7,88,12.9716,77.5946
2025-12-21T06:00,14.3,100,14.1,0.0,0.0,3,100,10.5,87,12.9716,77.5946
2025-12-21T07:00,14.3,98,14.3,0.0,0.0,3,100,8.5,86,12.9716,77.5946
2025-12-21T08:00,15.3,92,15.3,0.0,0.0,1,38,8.6,90,12.9716,77.5946
2025-12-21T09:00,18.6,70,18.3,0.0,0.0,0,17,8.3,89,12.9716,77.5946
2025-12-21T10:00,21.1,53,20.7,0.0,0.0,1,38,9.8,83,12.9716,77.5946
2025-12-21T11:00,22.5,46,22.8,0.0,0.0,2,59,9.4,93,12.9716,77.5946
2025-12-21T12:00,24.1,39,24.5,0.0,0.0,2,78,9.6,95,12.9716,77.5946
2025-12-21T13:00,25.2,36,25.4,0.0,0.0,3,85,9.1,100,12.9716,77.5946
2025-12-21T14:00,25.7,35,25.3,0.0,0.0,2,73,9.2,101,12.9716,77.5946
2025-12-21T15:00,25.7,35,24.5,0.0,0.0,1,48,9.3,100,12.9716,77.5946
2025-12-21T16:00,25.2,38,23.9,0.0,0.0,3,82,9.2,96,12.9716,77.5946
2025-12-21T17:00,24.2,40,22.8,0.0,0.0,0,0,8.9,103,12.9716,77.5946
2025-12-21T18:00,22.9,46,22.0,0.0,0.0,0,0,6.8,102,12.9716,77.5946
2025-12-21T19:00,21.5,55,20.9,0.0,0.0,0,0,8.6,75,12.9716,77.5946
2025-12-21T20:00,20.1,63,19.8,0.0,0.0,0,6,8.6,89,12.9716,77.5946
2025-12-21T21:00,19.0,69,18.6,0.0,0.0,1,44,9.4,86,12.9716,77.5946
2025-12-21T22:00,18.4,72,17.8,0.0,0.0,2,68,11.2,80,12.9716,77.5946
2025-12-21T23:00,17.9,80,17.9,0.0,0.0,1,40,9.6,84,12.9716,77.5946
2025-12-22T00:00,16.8,87,17.0,0.0,0.0,0,19,9.6,70,12.9716,77.5946
2025-12-22T01:00,15.8,96,16.1,0.0,0.0,1,47,9.8,72,12.9716,77.5946
2025-12-22T02:00,15.6,97,15.9,0.0,0.0,3,100,9.5,71,12.9716,77.5946
2025-12-22T03:00,15.5,95,15.7,0.0,0.0,3,100,9.2,69,12.9716,77.5946
2025-12-22T04:00,15.0,96,15.1,0.0,0.0,2,75,9.0,67,12.9716,77.5946
2025-12-22T05:00,14.4,99,14.5,0.0,0.0,3,100,8.5,72,12.9716,77.5946
2025-12-22T06:00,14.3,100,14.3,0.0,0.0,3,100,8.9,76,12.9716,77.5946
2025-12-22T07:00,14.5,98,14.2,0.0,0.0,3,100,11.2,69,12.9716,77.5946
2025-12-22T08:00,15.9,86,15.3,0.0,0.0,3,100,11.3,73,12.9716,77.5946
2025-12-22T09:00,17.9,69,16.7,0.0,0.0,1,41,12.7,83,12.9716,77.5946
2025-12-22T10:00,20.3,55,19.6,0.0,0.0,0,15,9.9,86,12.9716,77.5946
2025-12-22T11:00,21.9,51,22.2,0.0,0.0,3,94,10.3,85,12.9716,77.5946
2025-12-22T12:00,23.3,48,23.6,0.0,0.0,3,97,10.4,81,12.9716,77.5946
2025-12-22T13:00,24.2,43,24.2,0.0,0.0,3,99,10.7,83,12.9716,77.5946
2025-12-22T14:00,24.8,44,24.8,0.0,0.0,3,100,10.8,90,12.9716,77.5946
2025-12-22T15:00,24.8,46,24.2,0.0,0.0,3,100,10.8,92,12.9716,77.5946
2025-12-22T16:00,24.2,47,23.2,0.0,0.0,3,100,10.7,84,12.9716,77.5946
2025-12-22T17:00,23.2,49,22.2,0.0,0.0,3,99,10.5,84,12.9716,77.5946
2025-12-22T18:00,22.2,52,21.6,0.0,0.0,3,100,7.3,62,12.9716,77.5946
2025-12-22T19:00,21.4,55,20.7,0.0,0.0,3,100,9.5,69,12.9716,77.5946
2025-12-22T20:00,20.1,65,19.6,0.0,0.0,3,99,10.5,95,12.9716,77.5946
2025-12-22T21:00,18.9,74,18.9,0.0,0.0,3,95,9.7,100,12.9716,77.5946
2025-12-22T22:00,18.1,81,18.1,0.0,0.0,3,97,10.1,96,12.9716,77.5946
2025-12-22T23:00,17.5,89,17.8,0.0,0.0,1,21,10.8,93,12.9716,77.5946
2025-12-23T00:00,16.7,95,17.3,0.0,0.0,0,12,9.4,93,12.9716,77.5946
2025-12-23T01:00,16.4,98,17.1,0.0,0.0,3,100,8.9,84,12.9716,77.5946
2025-12-23T02:00,16.4,98,17.1,0.0,0.0,3,100,9.0,80,12.9716,77.5946
2025-12-23T03:00,16.1,97,16.7,0.0,0.0,3,99,8.8,78,12.9716,77.5946
2025-12-23T04:00,15.2,99,15.6,0.0,0.0,3,98,8.9,72,12.9716,77.5946
2025-12-23T05:00,15.5,97,15.9,0.0,0.0,3,100,8.6,75,12.9716,77.5946
2025-12-23T06:00,15.0,98,15.5,0.0,0.0,3,100,7.4,77,12.9716,77.5946
2025-12-23T07:00,15.0,97,15.5,0.0,0.0,3,100,6.2,73,12.9716,77.5946
2025-12-23T08:00,15.9,90,16.1,0.0,0.0,3,93,7.6,83,12.9716,77.5946
2025-12-23T09:00,18.8,71,18.8,0.0,0.0,1,31,7.3,83,12.9716,77.5946
2025-12-23T10:00,21.1,54,20.8,0.0,0.0,0,4,8.8,75,12.9716,77.5946
2025-12-23T11:00,22.4,49,23.1,0.0,0.0,1,30,8.6,74,12.9716,77.5946
2025-12-23T12:00,24.1,42,24.7,0.0,0.0,2,78,8.6,74,12.9716,77.5946
2025-12-23T13:00,25.2,38,25.7,0.0,0.0,3,94,8.7,77,12.9716,77.5946
2025-12-23T14:00,25.7,37,25.5,0.0,0.0,3,95,9.1,81,12.9716,77.5946
2025-12-23T15:00,25.5,37,24.3,0.0,0.0,3,97,9.6,85,12.9716,77.5946
2025-12-23T16:00,25.0,38,23.5,0.0,0.0,3,99,9.6,86,12.9716,77.5946
2025-12-23T17:00,23.9,40,22.4,0.0,0.0,3,80,9.3,99,12.9716,77.5946
2025-12-23T18:00,22.7,45,21.7,0.0,0.0,0,18,7.4,90,12.9716,77.5946
2025-12-23T19:00,22.1,48,21.1,0.0,0.0,0,0,8.0,63,12.9716,77.5946
2025-12-23T20:00,21.0,53,19.9,0.0,0.0,0,0,9.1,65,12.9716,77.5946
2025-12-23T21:00,19.6,58,18.6,0.0,0.0,0,0,8.7,82,12.9716,77.5946
2025-12-23T22:00,18.4,64,17.5,0.0,0.0,0,0,8.9,71,12.9716,77.5946
2025-12-23T23:00,17.8,69,17.0,0.0,0.0,0,0,9.8,60,12.9716,77.5946
2025-12-24T00:00,17.6,72,16.9,0.0,0.0,0,0,9.9,65,12.9716,77.5946
2025-12-24T01:00,16.7,77,16.1,0.0,0.0,0,0,9.3,75,12.9716,77.5946
2025-12-24T02:00,16.0,81,15.5,0.0,0.0,0,0,9.0,78,12.9716,77.5946
2025-12-24T03:00,15.2,86,14.8,0.0,0.0,0,0,9.4,89,12.9716,77.5946
2025-12-24T04:00,14.5,94,14.2,0.0,0.0,3,85,9.5,90,12.9716,77.5946
2025-12-24T05:00,14.8,98,14.8,0.0,0.0,3,100,10.4,82,12.9716,77.5946
2025-12-24T06:00,14.9,97,14.9,0.0,0.0,3,100,9.3,82,12.9716,77.5946
2025-12-24T07:00,14.9,94,14.9,0.0,0.0,3,100,8.7,83,12.9716,77.5946
2025-12-24T08:00,16.2,87,16.2,0.0,0.0,1,35,8.2,81,12.9716,77.5946
2025-12-24T09:00,19.0,70,18.8,0.0,0.0,0,17,8.1,73,12.9716,77.5946
2025-12-24T10:00,21.4,48,20.8,0.0,0.0,1,38,8.2,75,12.9716,77.5946
2025-12-24T11:00,22.5,42,22.8,0.0,0.0,1,49,7.2,91,12.9716,77.5946
2025-12-24T12:00,23.9,37,24.4,0.0,0.0,2,61,7.1,96,12.9716,77.5946
2025-12-24T13:00,24.7,36,25.2,0.0,0.0,2,73,6.9,97,12.9716,77.5946
2025-12-24T14:00,25.3,33,25.1,0.0,0.0,3,87,6.6,99,12.9716,77.5946
2025-12-24T15:00,25.2,34,24.2,0.0,0.0,3,88,6.7,98,12.9716,77.5946
2025-12-24T16:00,24.7,37,23.4,0.0,0.0,3,95,7.2,84,12.9716,77.5946
2025-12-24T17:00,24.1,42,23.0,0.0,0.0,3,100,8.4,79,12.9716,77.5946
2025-12-24T18:00,22.9,45,21.9,0.0,0.0,3,95,7.5,70,12.9716,77.5946
2025-12-24T19:00,22.2,49,21.2,0.0,0.0,3,90,8.8,70,12.9716,77.5946
2025-12-24T20:00,21.5,52,20.5,0.0,0.0,3,89,8.7,72,12.9716,77.5946
2025-12-24T21:00,20.4,56,19.4,0.0,0.0,3,88,9.3,68,12.9716,77.5946
2025-12-24T22:00,18.9,64,17.9,0.0,0.0,3,88,11.1,81,12.9716,77.5946
2025-12-24T23:00,17.8,78,17.4,0.0,0.0,0,0,11.7,81,12.9716,77.5946
2025-12-25T00:00,17.0,85,16.9,0.0,0.0,0,0,10.8,79,12.9716,77.5946
2025-12-25T01:00,16.3,88,16.3,0.0,0.0,0,0,9.9,75,12.9716,77.5946
2025-12-25T02:00,15.7,91,15.6,0.0,0.0,0,0,9.8,73,12.9716,77.5946
2025-12-25T03:00,15.3,93,15.1,0.0,0.0,0,0,10.1,73,12.9716,77.5946
2025-12-25T04:00,14.9,95,14.8,0.0,0.0,0,0,10.0,75,12.9716,77.5946
2025-12-25T05:00,14.5,98,14.4,0.0,0.0,1,43,10.2,80,12.9716,77.5946
2025-12-25T06:00,14.4,99,14.3,0.0,0.0,3,85,9.6,77,12.9716,77.5946
2025-12-25T07:00,14.7,97,14.6,0.0,0.0,3,100,9.6,74,12.9716,77.5946
2025-12-25T08:00,16.8,84,17.0,0.0,0.0,0,4,7.3,79,12.9716,77.5946
2025-12-25T09:00,19.8,62,19.1,0.0,0.0,0,4,9.2,87,12.9716,77.5946
2025-12-25T10:00,22.0,47,21.6,0.0,0.0,0,0,8.3,88,12.9716,77.5946
2025-12-25T11:00,23.5,38,23.4,0.0,0.0,0,0,8.1,78,12.9716,77.5946
2025-12-25T12:00,25.2,31,25.2,0.0,0.0,0,0,7.9,79,12.9716,77.5946
2025-12-25T13:00,26.3,24,25.7,0.0,0.0,2,56,7.7,87,12.9716,77.5946
2025-12-25T14:00,26.8,20,25.1,0.0,0.0,3,100,8.3,96,12.9716,77.5946
2025-12-25T15:00,26.6,19,23.8,0.0,0.0,2,77,8.6,101,12.9716,77.5946
2025-12-25T16:00,26.1,22,23.1,0.0,0.0,2,61,8.7,107,12.9716,77.5946
2025-12-25T17:00,25.7,30,23.7,0.0,0.0,2,73,7.8,109,12.9716,77.5946
2025-12-25T18:00,24.3,35,22.7,0.0,0.0,2,53,7.0,119,12.9716,77.5946
2025-12-25T19:00,22.6,46,21.3,0.0,0.0,2,66,9.4,121,12.9716,77.5946
2025-12-25T20:00,21.7,52,21.0,0.0,0.0,2,54,7.6,95,12.9716,77.5946
2025-12-25T21:00,20.3,59,19.5,0.0,0.0,1,36,9.7,109,12.9716,77.5946
2025-12-25T22:00,19.5,70,19.1,0.0,0.0,0,8,10.7,117,12.9716,77.5946
2025-12-25T23:00,19.0,81,19.2,0.0,0.0,1,48,12.3,100,12.9716,77.5946
2025-12-26T00:00,18.2,92,19.0,0.0,0.0,3,100,11.1,97,12.9716,77.5946
2025-12-26T01:00,18.2,92,19.0,0.0,0.0,3,100,11.6,96,12.9716,77.5946
2025-12-26T02:00,18.2,90,18.7,0.0,0.0,3,100,12.2,98,12.9716,77.5946
2025-12-26T03:00,18.1,89,18.6,0.0,0.0,3,100,11.7,94,12.9716,77.5946
2025-12-26T04:00,17.8,89,18.3,0.0,0.0,1,27,10.5,87,12.9716,77.5946
2025-12-26T05:00,17.4,91,18.0,0.0,0.0,3,100,9.9,89,12.9716,77.5946
2025-12-26T06:00,17.4,90,18.0,0.0,0.0,3,100,8.8,78,12.9716,77.5946
2025-12-26T07:00,17.6,88,18.2,0.0,0.0,3,96,8.8,71,12.9716,77.5946
2025-12-26T08:00,18.9,79,18.9,0.0,0.0,2,62,11.6,74,12.9716,77.5946
2025-12-26T09:00,21.0,66,20.7,0.0,0.0,2,54,12.0,77,12.9716,77.5946
2025-12-26T10:00,23.0,54,22.6,0.0,0.0,2,66,11.6,83,12.9716,77.5946
2025-12-26T11:00,24.2,48,24.1,0.0,0.0,1,33,12.3,93,12.9716,77.5946
2025-12-26T12:00,25.2,44,25.1,0.0,0.0,1,36,12.6,92,12.9716,77.5946
2025-12-26T13:00,25.9,40,25.7,0.0,0.0,1,38,11.5,98,12.9716,77.5946
2025-12-26T14:00,26.4,37,25.8,0.0,0.0,1,41,11.2,102,12.9716,77.5946
2025-12-26T15:00,26.1,39,24.6,0.0,0.0,1,27,11.7,92,12.9716,77.5946
2025-12-26T16:00,25.5,40,24.1,0.0,0.0,1,27,11.0,86,12.9716,77.5946
2025-12-26T17:00,24.9,41,23.6,0.0,0.0,0,14,10.3,86,12.9716,77.5946
2025-12-26T18:00,23.7,45,22.7,0.0,0.0,0,7,9.1,69,12.9716,77.5946
2025-12-26T19:00,22.9,49,22.1,0.0,0.0,0,16,8.3,92,12.9716,77.5946
2025-12-26T20:00,21.4,57,20.7,0.0,0.0,1,27,10.1,115,12.9716,77.5946
2025-12-26T21:00,20.4,63,20.0,0.0,0.0,0,1,9.3,117,12.9716,77.5946
2025-12-26T22:00,19.3,67,18.9,0.0,0.0,0,0,9.2,107,12.9716,77.5946
2025-12-26T23:00,18.3,74,18.0,0.0,0.0,0,8,10.0,104,12.9716,77.5946
2025-12-27T00:00,17.4,83,17.2,0.0,0.0,1,34,10.5,96,12.9716,77.5946
2025-12-27T01:00,16.4,94,16.7,0.0,0.0,3,100,10.7,95,12.9716,77.5946
2025-12-27T02:00,16.2,96,16.5,0.0,0.0,3,100,10.8,89,12.9716,77.5946
2025-12-27T03:00,16.6,91,16.7,0.0,0.0,2,63,10.7,84,12.9716,77.5946
2025-12-27T04:00,16.5,90,16.5,0.0,0.0,1,20,10.5,77,12.9716,77.5946
2025-12-27T05:00,16.2,91,16.2,0.0,0.0,3,100,10.6,87,12.9716,77.5946
2025-12-27T06:00,16.2,90,16.0,0.0,0.0,3,100,11.0,87,12.9716,77.5946
2025-12-27T07:00,16.2,88,16.1,0.0,0.0,3,95,10.1,87,12.9716,77.5946
2025-12-27T08:00,17.7,75,17.4,0.0,0.0,1,43,9.1,83,12.9716,77.5946
2025-12-27T09:00,20.2,58,19.2,0.0,0.0,1,48,10.1,70,12.9716,77.5946
2025-12-27T10:00,22.3,41,21.1,0.0,0.0,2,67,10.8,62,12.9716,77.5946
2025-12-27T11:00,23.5,36,22.9,0.0,0.0,0,2,10.6,64,12.9716,77.5946
2025-12-27T12:00,24.9,31,24.5,0.0,0.0,0,0,9.8,73,12.9716,77.5946
2025-12-27T13:00,25.7,29,25.0,0.0,0.0,0,0,10.1,79,12.9716,77.5946
2025-12-27T14:00,26.0,29,24.8,0.0,0.0,0,0,10.3,85,12.9716,77.5946
2025-12-27T15:00,25.7,30,23.8,0.0,0.0,0,0,10.4,89,12.9716,77.5946
2025-12-27T16:00,25.0,34,22.9,0.0,0.0,0,0,10.6,93,12.9716,77.5946
2025-12-27T17:00,23.9,40,22.1,0.0,0.0,0,0,11.6,95,12.9716,77.5946
2025-12-27T18:00,22.9,47,21.8,0.0,0.0,0,1,9.7,80,12.9716,77.5946
2025-12-27T19:00,21.9,52,21.0,0.0,0.0,0,13,9.4,83,12.9716,77.5946
2025-12-27T20:00,20.8,57,20.0,0.0,0.0,0,3,9.4,94,12.9716,77.5946
2025-12-27T21:00,19.9,60,18.9,0.0,0.0,0,0,10.8,100,12.9716,77.5946
2025-12-27T22:00,19.3,63,18.5,0.0,0.0,0,0,9.6,94,12.9716,77.5946
2025-12-27T23:00,18.3,73,17.6,0.0,0.0,0,0,11.8,102,12.9716,77.5946
2025-12-28T00:00,17.1,83,16.7,0.0,0.0,0,0,12.0,99,12.9716,77.5946
2025-12-28T01:00,16.1,91,16.0,0.0,0.0,0,5,11.2,84,12.9716,77.5946
2025-12-28T02:00,15.5,95,15.3,0.0,0.0,2,57,11.4,87,12.9716,77.5946
2025-12-28T03:00,15.2,96,15.1,0.0,0.0,3,100,10.8,89,12.9716,77.5946
2025-12-28T04:00,15.0,95,14.8,0.0,0.0,3,87,10.6,87,12.9716,77.5946
2025-12-28T05:00,15.0,99,15.2,0.0,0.0,3,100,9.6,95,12.9716,77.5946
2025-12-28T06:00,15.0,99,15.3,0.0,0.0,3,100,8.7,97,12.9716,77.5946
2025-12-28T07:00,15.0,98,15.4,0.0,0.0,3,100,7.7,90,12.9716,77.5946
2025-12-28T08:00,16.0,89,16.2,0.0,0.0,3,97,8.4,99,12.9716,77.5946
2025-12-28T09:00,19.4,70,19.6,0.0,0.0,0,1,6.3,88,12.9716,77.5946
2025-12-28T10:00,22.1,53,22.6,0.0,0.0,0,0,5.8,85,12.9716,77.5946
2025-12-28T11:00,23.3,48,24.6,0.0,0.0,0,2,5.1,72,12.9716,77.5946
2025-12-28T12:00,25.1,41,26.4,0.0,0.0,0,1,6.0,74,12.9716,77.5946
2025-12-28T13:00,26.1,38,27.2,0.0,0.0,1,36,6.3,85,12.9716,77.5946
2025-12-28T14:00,26.6,38,27.1,0.0,0.0,2,66,7.2,104,12.9716,77.5946
2025-12-28T15:00,26.4,39,25.8,0.0,0.0,0,7,8.7,107,12.9716,77.5946
2025-12-28T16:00,25.7,41,24.9,0.0,0.0,0,13,8.5,96,12.9716,77.5946
2025-12-28T17:00,24.9,44,24.0,0.0,0.0,0,18,9.4,107,12.9716,77.5946
2025-12-28T18:00,24.0,47,23.5,0.0,0.0,0,0,7.2,84,12.9716,77.5946
2025-12-28T19:00,23.4,50,22.9,0.0,0.0,0,3,7.8,75,12.9716,77.5946
2025-12-28T20:00,22.2,54,21.6,0.0,0.0,0,5,9.4,94,12.9716,77.5946
2025-12-28T21:00,20.9,61,20.7,0.0,0.0,0,0,8.2,75,12.9716,77.5946
2025-12-28T22:00,19.7,66,19.2,0.0,0.0,1,48,9.9,81,12.9716,77.5946
2025-12-28T23:00,18.7,74,18.3,0.0,0.0,3,93,11.7,86,12.9716,77.5946
2025-12-29T00:00,17.8,80,17.4,0.0,0.0,3,85,12.4,88,12.9716,77.5946
2025-12-29T01:00,16.7,87,16.3,0.0,0.0,2,69,12.2,89,12.9716,77.5946
2025-12-29T02:00,15.7,93,15.5,0.0,0.0,3,82,11.9,85,12.9716,77.5946
2025-12-29T03:00,15.1,97,14.9,0.0,0.0,3,100,11.9,80,12.9716,77.5946
2025-12-29T04:00,15.0,98,15.0,0.0,0.0,3,100,10.7,78,12.9716,77.5946
2025-12-29T05:00,15.3,99,15.6,0.0,0.0,3,100,9.8,83,12.9716,77.5946
2025-12-29T06:00,15.2,99,15.4,0.0,0.0,3,100,9.8,85,12.9716,77.5946
2025-12-29T07:00,15.5,96,15.7,0.0,0.0,3,100,10.1,86,12.9716,77.5946
2025-12-29T08:00,17.1,85,16.9,0.0,0.0,3,81,11.4,85,12.9716,77.5946
2025-12-29T09:00,19.9,70,20.1,0.0,0.0,3,93,7.7,91,12.9716,77.5946
2025-12-29T10:00,22.4,58,23.2,0.0,0.0,0,5,6.5,88,12.9716,77.5946
2025-12-29T11:00,23.9,52,25.4,0.0,0.0,0,4,6.6,106,12.9716,77.5946
2025-12-29T12:00,25.7,45,27.5,0.0,0.0,0,0,6.2,105,12.9716,77.5946
2025-12-29T13:00,26.7,42,28.3,0.0,0.0,0,0,6.4,106,12.9716,77.5946
2025-12-29T14:00,27.2,38,27.9,0.0,0.0,0,0,7.2,104,12.9716,77.5946
2025-12-29T15:00,27.2,37,26.6,0.0,0.0,1,21,8.2,109,12.9716,77.5946
2025-12-29T16:00,26.6,38,25.8,0.0,0.0,1,27,7.7,106,12.9716,77.5946
2025-12-29T17:00,25.9,42,25.1,0.0,0.0,0,15,9.3,106,12.9716,77.5946
2025-12-29T18:00,24.8,47,24.3,0.0,0.0,1,27,8.6,91,12.9716,77.5946
2025-12-29T19:00,24.0,49,23.4,0.0,0.0,1,20,9.7,91,12.9716,77.5946
2025-12-29T20:00,22.7,56,22.2,0.0,0.0,0,1,10.4,122,12.9716,77.5946
2025-12-29T21:00,21.6,59,21.4,0.0,0.0,0,0,8.4,115,12.9716,77.5946
2025-12-29T22:00,20.5,65,20.5,0.0,0.0,0,0,7.8,83,12.9716,77.5946
2025-12-29T23:00,19.6,74,19.8,0.0,0.0,3,88,9.5,65,12.9716,77.5946
2025-12-30T00:00,18.8,80,19.2,0.0,0.0,3,100,9.0,87,12.9716,77.5946
2025-12-30T01:00,17.9,87,18.3,0.0,0.0,3,98,10.0,83,12.9716,77.5946
2025-12-30T02:00,17.0,94,17.6,0.0,0.0,3,100,10.2,72,12.9716,77.5946
2025-12-30T03:00,16.7,96,17.3,0.0,0.0,3,100,10.2,73,12.9716,77.5946
2025-12-30T04:00,17.0,93,17.5,0.0,0.0,3,100,9.5,71,12.9716,77.5946
2025-12-30T05:00,16.6,99,17.9,0.0,0.0,3,100,6.7,71,12.9716,77.5946
2025-12-30T06:00,16.5,99,17.8,0.0,0.0,3,100,6.1,76,12.9716,77.5946
2025-12-30T07:00,16.8,96,18.0,0.0,0.0,3,100,6.0,95,12.9716,77.5946
2025-12-30T08:00,18.3,84,19.3,0.0,0.0,2,77,6.2,111,12.9716,77.5946
2025-12-30T09:00,21.1,69,22.5,0.0,0.0,0,16,2.2,104,12.9716,77.5946
2025-12-30T10:00,23.5,57,25.5,0.0,0.0,0,13,1.0,22,12.9716,77.5946
2025-12-30T11:00,24.7,51,27.1,0.0,0.0,0,19,2.0,355,12.9716,77.5946
2025-12-30T12:00,26.9,42,29.5,0.0,0.0,1,44,1.7,342,12.9716,77.5946
2025-12-30T13:00,28.0,37,30.3,0.0,0.0,2,62,1.8,349,12.9716,77.5946
2025-12-30T14:00,28.7,34,29.6,0.0,0.0,2,63,3.1,36,12.9716,77.5946
2025-12-30T15:00,28.7,32,27.9,0.0,0.0,3,100,5.9,52,12.9716,77.5946
2025-12-30T16:00,27.4,35,26.8,0.0,0.0,3,98,5.4,53,12.9716,77.5946
2025-12-30T17:00,27.1,37,26.5,0.0,0.0,3,91,6.6,99,12.9716,77.5946
2025-12-30T18:00,25.5,41,25.4,0.0,0.0,1,49,3.7,129,12.9716,77.5946
2025-12-30T19:00,24.6,47,25.2,0.0,0.0,0,16,2.0,85,12.9716,77.5946
2025-12-30T20:00,24.0,46,23.9,0.0,0.0,0,15,3.8,17,12.9716,77.5946
2025-12-30T21:00,22.7,49,22.3,0.0,0.0,0,10,5.3,55,12.9716,77.5946
2025-12-30T22:00,21.5,51,20.7,0.0,0.0,0,9,6.9,43,12.9716,77.5946
2025-12-30T23:00,20.4,61,20.1,0.0,0.0,0,1,7.4,64,12.9716,77.5946
2025-12-31T00:00,19.4,74,19.7,0.0,0.0,0,0,8.5,85,12.9716,77.5946
2025-12-31T01:00,19.0,81,19.6,0.0,0.0,0,0,8.8,102,12.9716,77.5946
2025-12-31T02:00,18.3,87,19.1,0.0,0.0,0,1,9.1,107,12.9716,77.5946
2025-12-31T03:00,17.6,93,18.6,0.0,0.0,2,73,8.0,99,12.9716,77.5946
2025-12-31T04:00,17.0,98,18.1,0.0,0.0,3,100,7.9,103,12.9716,77.5946
2025-12-31T05:00,17.2,99,18.2,0.0,0.0,3,100,10.2,120,12.9716,77.5946
2025-12-31T06:00,17.2,99,18.6,0.0,0.0,3,100,7.4,112,12.9716,77.5946
2025-12-31T07:00,17.3,98,18.8,0.0,0.0,3,100,6.5,95,12.9716,77.5946
2025-12-31T08:00,18.9,88,20.6,0.0,0.0,1,30,4.7,99,12.9716,77.5946
2025-12-31T09:00,22.1,69,24.0,0.0,0.0,0,2,1.9,107,12.9716,77.5946
2025-12-31T10:00,24.6,57,26.8,0.0,0.0,0,0,1.5,201,12.9716,77.5946
2025-12-31T11:00,25.6,51,28.1,0.0,0.0,1,48,3.3,209,12.9716,77.5946
2025-12-31T12:00,27.6,42,29.2,0.0,0.0,2,76,5.9,200,12.9716,77.5946
2025-12-31T13:00,28.2,40,29.1,0.0,0.0,3,100,8.7,207,12.9716,77.5946
2025-12-31T14:00,27.5,42,27.4,0.0,0.0,3,100,8.8,208,12.9716,77.5946
2025-12-31T15:00,27.2,44,27.5,0.1,0.1,51,100,6.1,210,12.9716,77.5946
2025-12-31T16:00,27.1,44,27.8,0.1,0.1,51,100,3.6,213,12.9716,77.5946
2025-12-31T17:00,26.9,44,27.3,0.0,0.0,3,100,4.9,174,12.9716,77.5946
2025-12-31T18:00,26.1,47,26.8,0.1,0.1,51,99,3.9,127,12.9716,77.5946
2025-12-31T19:00,25.3,53,26.3,0.0,0.0,3,99,4.0,82,12.9716,77.5946
2025-12-31T20:00,24.3,65,26.6,0.0,0.0,3,100,2.2,90,12.9716,77.5946
2025-12-31T21:00,23.2,63,24.3,0.1,0.1,51,100,5.0,218,12.9716,77.5946
2025-12-31T22:00,22.5,67,24.1,0.1,0.1,51,89,3.0,284,12.9716,77.5946
2025-12-31T23:00,21.4,75,22.9,0.0,0.0,3,100,5.5,128,12.9716,77.5946
