time,temperature_2m,relative_humidity_2m,apparent_temperature,precipitation,rain,weather_code,cloud_cover,wind_speed_10m,wind_direction_10m,latitude,longitude
2025-01-01T00:00,25.0,84,28.2,0.0,0.0,0,13,11.8,40,13.0827,80.2707
2025-01-01T01:00,24.9,84,28.0,0.0,0.0,2,56,11.6,39,13.0827,80.2707
2025-01-01T02:00,24.7,84,27.8,0.0,0.0,1,29,11.0,35,13.0827,80.2707
2025-01-01T03:00,24.3,85,27.6,0.0,0.0,2,68,10.0,30,13.0827,80.2707
2025-01-01T04:00,24.2,85,27.4,0.0,0.0,1,36,9.6,26,13.0827,80.2707
2025-01-01T05:00,23.8,88,27.0,0.0,0.0,0,13,9.4,13,13.0827,80.2707
2025-01-01T06:00,23.7,91,27.5,0.0,0.0,3,98,7.7,11,13.0827,80.2707
2025-01-01T07:00,24.5,88,28.1,0.0,0.0,3,88,9.6,20,13.0827,80.2707
2025-01-01T08:00,25.8,82,29.7,0.0,0.0,2,66,8.9,25,13.0827,80.2707
2025-01-01T09:00,27.1,72,29.6,0.0,0.0,2,50,14.5,44,13.0827,80.2707
2025-01-01T10:00,27.4,70,30.0,0.0,0.0,3,92,16.3,49,13.0827,80.2707
2025-01-01T11:00,27.7,69,31.3,0.0,0.0,0,4,15.2,47,13.0827,80.2707
2025-01-01T12:00,27.9,68,31.6,0.0,0.0,0,9,15.2,47,13.0827,80.2707
2025-01-01T13:00,27.9,68,31.3,0.0,0.0,3,83,16.7,45,13.0827,80.2707
2025-01-01T14:00,27.6,69,30.5,0.0,0.0,3,100,16.5,40,13.0827,80.2707
2025-01-01T15:00,27.3,70,29.5,0.0,0.0,3,89,16.3,38,13.0827,80.2707
2025-01-01T16:00,26.7,73,28.9,0.0,0.0,2,50,16.3,38,13.0827,80.2707
2025-01-01T17:00,25.8,78,28.5,0.0,0.0,3,85,14.0,38,13.0827,80.2707
2025-01-01T18:00,25.5,84,29.1,0.0,0.0,3,87,11.1,37,13.0827,80.2707
2025-01-01T19:00,25.4,84,29.0,0.0,0.0,1,43,10.9,46,13.0827,80.2707
2025-01-01T20:00,25.3,84,28.9,0.0,0.0,2,72,10.6,48,13.0827,80.2707
2025-01-01T21:00,25.3,83,29.1,0.0,0.0,1,46,9.0,43,13.0827,80.2707
2025-01-01T22:00,25.2,79,28.4,0.0,0.0,3,96,8.9,43,13.0827,80.2707
2025-01-01T23:00,24.8,79,27.7,0.0,0.0,2,64,9.5,37,13.0827,80.2707
2025-01-02T00:00,24.5,79,27.4,0.0,0.0,1,38,9.2,31,13.0827,80.2707
2025-01-02T01:00,24.4,79,27.1,0.0,0.0,2,71,9.6,30,13.0827,80.2707
2025-01-02T02:00,24.2,79,26.8,0.0,0.0,1,25,9.2,33,13.0827,80.2707
2025-01-02T03:00,24.0,79,26.7,0.0,0.0,0,9,8.7,34,13.0827,80.2707
2025-01-02T04:00,23.7,79,26.3,0.0,0.0,0,2,8.0,25,13.0827,80.2707
2025-01-02T05:00,23.2,81,25.7,0.0,0.0,1,39,8.0,14,13.0827,80.2707
2025-01-02T06:00,23.9,83,26.9,0.0,0.0,0,15,8.1,25,13.0827,80.2707
2025-01-02T07:00,24.4,81,27.5,0.0,0.0,1,29,9.0,31,13.0827,80.2707
2025-01-02T08:00,25.9,70,28.3,0.0,0.0,1,33,10.2,45,13.0827,80.2707
2025-01-02T09:00,26.7,63,28.3,0.0,0.0,0,4,11.7,49,13.0827,80.2707
2025-01-02T10:00,27.2,61,29.1,0.0,0.0,0,10,13.0,51,13.0827,80.2707
2025-01-02T11:00,27.6,59,29.8,0.0,0.0,3,84,13.8,47,13.0827,80.2707
2025-01-02T12:00,27.9,58,30.2,0.0,0.0,2,60,15.3,49,13.0827,80.2707
2025-01-02T13:00,27.7,57,29.3,0.0,0.0,2,70,15.9,48,13.0827,80.2707
2025-01-02T14:00,27.6,57,28.8,0.0,0.0,2,61,15.8,46,13.0827,80.2707
2025-01-02T15:00,27.1,59,28.0,0.0,0.0,1,44,14.8,42,13.0827,80.2707
2025-01-02T16:00,26.7,61,27.8,0.0,0.0,3,81,13.4,37,13.0827,80.2707
2025-01-02T17:00,25.8,67,27.6,0.0,0.0,3,99,11.2,32,13.0827,80.2707
2025-01-02T18:00,25.4,74,28.2,0.0,0.0,3,100,8.8,19,13.0827,80.2707
2025-01-02T19:00,24.9,78,28.2,0.0,0.0,2,73,5.9,12,13.0827,80.2707
2025-01-02T20:00,24.6,80,28.0,0.0,0.0,2,66,6.0,3,13.0827,80.2707
2025-01-02T21:00,24.5,80,27.7,0.0,0.0,3,100,7.2,13,13.0827,80.2707
2025-01-02T22:00,24.4,79,27.5,0.0,0.0,3,100,7.4,14,13.0827,80.2707
2025-01-02T23:00,24.4,77,27.0,0.0,0.0,3,100,8.8,23,13.0827,80.2707
2025-01-03T00:00,24.4,75,26.7,0.0,0.0,3,100,9.3,32,13.0827,80.2707
2025-01-03T01:00,24.2,74,26.3,0.0,0.0,3,100,9.4,29,13.0827,80.2707
2025-01-03T02:00,24.0,74,26.2,0.0,0.0,3,100,8.0,34,13.0827,80.2707
2025-01-03T03:00,24.0,74,26.1,0.0,0.0,3,100,8.7,34,13.0827,80.2707
2025-01-03T04:00,23.5,75,25.5,0.0,0.0,3,100,8.8,19,13.0827,80.2707
2025-01-03T05:00,23.3,75,25.0,0.0,0.0,3,90,9.7,359,13.0827,80.2707
2025-01-03T06:00,22.9,80,24.9,0.0,0.0,3,99,10.5,325,13.0827,80.2707
2025-01-03T07:00,23.3,82,25.7,0.0,0.0,3,88,10.1,325,13.0827,80.2707
2025-01-03T08:00,24.8,80,28.1,0.0,0.0,2,78,8.2,341,13.0827,80.2707
2025-01-03T09:00,26.8,71,29.7,0.1,0.1,51,31,9.9,27,13.0827,80.2707
2025-01-03T10:00,27.8,57,28.6,0.0,0.0,1,23,17.3,42,13.0827,80.2707
2025-01-03T11:00,28.0,55,29.2,0.0,0.0,0,17,17.5,40,13.0827,80.2707
2025-01-03T12:00,28.3,53,29.5,0.0,0.0,1,21,18.4,41,13.0827,80.2707
2025-01-03T13:00,28.3,53,29.4,0.0,0.0,1,28,17.7,40,13.0827,80.2707
2025-01-03T14:00,28.1,52,28.6,0.0,0.0,2,56,18.1,42,13.0827,80.2707
2025-01-03T15:00,27.7,53,27.5,0.0,0.0,3,89,18.3,41,13.0827,80.2707
2025-01-03T16:00,27.0,56,27.2,0.0,0.0,3,98,16.8,39,13.0827,80.2707
2025-01-03T17:00,26.0,62,26.9,0.0,0.0,3,94,13.6,35,13.0827,80.2707
2025-01-03T18:00,25.1,71,27.4,0.0,0.0,2,64,9.4,32,13.0827,80.2707
2025-01-03T19:00,24.7,74,27.1,0.0,0.0,1,43,9.4,32,13.0827,80.2707
2025-01-03T20:00,24.4,75,26.7,0.0,0.0,2,60,10.0,38,13.0827,80.2707
2025-01-03T21:00,24.4,75,26.5,0.0,0.0,3,82,10.5,38,13.0827,80.2707
2025-01-03T22:00,24.2,75,26.3,0.0,0.0,0,8,10.5,31,13.0827,80.2707
2025-01-03T23:00,23.9,76,26.0,0.0,0.0,1,20,9.6,28,13.0827,80.2707
2025-01-04T00:00,23.6,78,25.8,0.0,0.0,0,18,9.8,28,13.0827,80.2707
2025-01-04T01:00,23.4,79,25.6,0.0,0.0,1,26,8.9,25,13.0827,80.2707
2025-01-04T02:00,23.2,79,25.5,0.0,0.0,1,25,8.0,16,13.0827,80.2707
2025-01-04T03:00,22.4,83,25.1,0.0,0.0,1,48,5.9,2,13.0827,80.2707
2025-01-04T04:00,21.9,86,24.9,0.0,0.0,2,58,4.2,348,13.0827,80.2707
2025-01-04T05:00,21.6,89,24.8,0.0,0.0,2,60,3.6,354,13.0827,80.2707
2025-01-04T06:00,22.1,90,25.7,0.0,0.0,1,25,3.1,360,13.0827,80.2707
2025-01-04T07:00,22.9,90,26.7,0.0,0.0,1,38,4.4,330,13.0827,80.2707
2025-01-04T08:00,24.4,84,28.4,0.0,0.0,1,26,4.6,318,13.0827,80.2707
2025-01-04T09:00,26.0,74,29.6,0.1,0.1,51,35,5.4,26,13.0827,80.2707
2025-01-04T10:00,27.2,59,28.7,0.0,0.0,1,30,11.3,63,13.0827,80.2707
2025-01-04T11:00,27.5,56,29.6,0.0,0.0,0,18,11.5,56,13.0827,80.2707
2025-01-04T12:00,27.7,55,29.9,0.0,0.0,0,14,11.5,48,13.0827,80.2707
2025-01-04T13:00,27.6,55,29.6,0.0,0.0,0,13,12.2,44,13.0827,80.2707
2025-01-04T14:00,27.6,54,29.1,0.0,0.0,0,19,12.2,45,13.0827,80.2707
2025-01-04T15:00,27.4,53,28.1,0.0,0.0,1,23,12.1,48,13.0827,80.2707
2025-01-04T16:00,26.9,53,27.3,0.0,0.0,2,60,12.9,43,13.0827,80.2707
2025-01-04T17:00,25.9,62,27.2,0.0,0.0,0,11,10.4,36,13.0827,80.2707
2025-01-04T18:00,25.2,70,27.2,0.0,0.0,1,31,10.1,31,13.0827,80.2707
2025-01-04T19:00,24.9,72,27.1,0.0,0.0,0,3,9.1,38,13.0827,80.2707
2025-01-04T20:00,24.4,75,27.2,0.0,0.0,0,6,6.1,30,13.0827,80.2707
2025-01-04T21:00,24.0,78,27.1,0.0,0.0,1,26,4.5,14,13.0827,80.2707
2025-01-04T22:00,24.0,77,27.0,0.0,0.0,1,48,4.9,10,13.0827,80.2707
2025-01-04T23:00,23.9,77,26.8,0.0,0.0,3,100,5.6,22,13.0827,80.2707
2025-01-05T00:00,23.7,78,26.6,0.0,0.0,1,40,5.4,21,13.0827,80.2707
2025-01-05T01:00,23.1,82,26.3,0.0,0.0,1,25,4.0,5,13.0827,80.2707
2025-01-05T02:00,22.4,84,25.5,0.0,0.0,1,43,3.1,315,13.0827,80.2707
2025-01-05T03:00,22.2,85,25.1,0.0,0.0,3,91,4.6,296,13.0827,80.2707
2025-01-05T04:00,21.6,87,24.0,0.0,0.0,3,87,7.7,303,13.0827,80.2707
2025-01-05T05:00,21.4,88,23.8,0.0,0.0,3,82,7.4,311,13.0827,80.2707
2025-01-05T06:00,21.9,93,25.7,0.0,0.0,2,58,2.8,285,13.0827,80.2707
2025-01-05T07:00,22.6,90,26.3,0.0,0.0,0,4,4.1,283,13.0827,80.2707
2025-01-05T08:00,24.4,82,28.2,0.0,0.0,0,13,4.0,321,13.0827,80.2707
2025-01-05T09:00,26.1,72,29.5,0.0,0.0,1,34,5.2,25,13.0827,80.2707
2025-01-05T10:00,27.2,64,29.9,0.0,0.0,0,8,8.3,51,13.0827,80.2707
2025-01-05T11:00,28.0,56,30.7,0.0,0.0,0,4,10.1,57,13.0827,80.2707
2025-01-05T12:00,28.3,51,30.7,0.0,0.0,0,0,10.7,63,13.0827,80.2707
2025-01-05T13:00,28.1,51,29.8,0.0,0.0,1,42,11.8,62,13.0827,80.2707
2025-01-05T14:00,27.9,51,29.3,0.0,0.0,3,100,12.2,56,13.0827,80.2707
2025-01-05T15:00,27.6,51,28.2,0.0,0.0,3,100,11.7,52,13.0827,80.2707
2025-01-05T16:00,27.1,52,27.6,0.0,0.0,2,75,11.2,48,13.0827,80.2707
2025-01-05T17:00,26.1,57,27.0,0.0,0.0,3,95,10.3,44,13.0827,80.2707
2025-01-05T18:00,25.7,70,27.9,0.0,0.0,2,59,10.7,14,13.0827,80.2707
2025-01-05T19:00,24.9,75,27.3,0.0,0.0,3,81,9.7,10,13.0827,80.2707
2025-01-05T20:00,24.2,78,27.2,0.0,0.0,2,68,6.0,344,13.0827,80.2707
2025-01-05T21:00,24.3,76,26.8,0.0,0.0,3,90,8.2,15,13.0827,80.2707
2025-01-05T22:00,24.8,69,26.6,0.0,0.0,3,97,9.3,43,13.0827,80.2707
2025-01-05T23:00,24.2,70,26.4,0.0,0.0,3,82,6.0,46,13.0827,80.2707
2025-01-06T00:00,23.3,75,25.9,0.0,0.0,0,2,4.0,63,13.0827,80.2707
2025-01-06T01:00,23.1,76,25.7,0.0,0.0,0,8,4.1,75,13.0827,80.2707
2025-01-06T02:00,22.9,76,25.5,0.0,0.0,0,15,3.2,34,13.0827,80.2707
2025-01-06T03:00,22.3,79,24.6,0.0,0.0,1,20,5.2,348,13.0827,80.2707
2025-01-06T04:00,21.9,81,24.0,0.0,0.0,1,28,6.4,338,13.0827,80.2707
2025-01-06T05:00,21.7,80,23.7,0.0,0.0,0,3,6.6,334,13.0827,80.2707
2025-01-06T06:00,23.0,86,26.1,0.0,0.0,2,61,6.6,313,13.0827,80.2707
2025-01-06T07:00,23.2,85,26.2,0.0,0.0,1,37,6.9,327,13.0827,80.2707
2025-01-06T08:00,24.7,78,27.9,0.0,0.0,1,42,6.3,342,13.0827,80.2707
2025-01-06T09:00,26.1,72,28.8,0.1,0.1,51,48,9.2,353,13.0827,80.2707
2025-01-06T10:00,27.0,65,29.1,0.4,0.4,51,36,11.0,19,13.0827,80.2707
2025-01-06T11:00,27.9,56,29.8,0.0,0.0,1,34,10.1,33,13.0827,80.2707
2025-01-06T12:00,28.3,54,30.3,0.0,0.0,1,32,11.1,44,13.0827,80.2707
2025-01-06T13:00,28.3,54,30.7,0.0,0.0,1,42,8.9,42,13.0827,80.2707
2025-01-06T14:00,28.6,54,31.1,0.0,0.0,0,18,8.1,45,13.0827,80.2707
2025-01-06T15:00,28.4,52,29.9,0.0,0.0,1,20,7.9,55,13.0827,80.2707
2025-01-06T16:00,27.7,53,28.9,0.0,0.0,0,12,9.1,56,13.0827,80.2707
2025-01-06T17:00,26.6,58,27.9,0.0,0.0,1,48,9.5,53,13.0827,80.2707
2025-01-06T18:00,25.6,70,28.1,0.0,0.0,0,0,7.9,57,13.0827,80.2707
2025-01-06T19:00,25.3,73,28.2,0.0,0.0,0,0,6.7,56,13.0827,80.2707
2025-01-06T20:00,25.0,75,28.2,0.0,0.0,0,0,5.7,46,13.0827,80.2707
2025-01-06T21:00,24.8,77,28.0,0.0,0.0,0,0,6.0,46,13.0827,80.2707
2025-01-06T22:00,24.7,79,27.7,0.0,0.0,0,0,8.2,50,13.0827,80.2707
2025-01-06T23:00,24.4,82,27.8,0.0,0.0,0,1,7.8,48,13.0827,80.2707
2025-01-07T00:00,24.4,83,27.6,0.0,0.0,0,11,8.5,54,13.0827,80.2707
2025-01-07T01:00,24.2,83,27.6,0.0,0.0,0,9,7.8,42,13.0827,80.2707
2025-01-07T02:00,24.0,84,27.3,0.0,0.0,0,14,7.1,27,13.0827,80.2707
2025-01-07T03:00,23.6,86,27.0,0.0,0.0,1,26,6.4,11,13.0827,80.2707
2025-01-07T04:00,23.1,88,26.5,0.0,0.0,1,24,6.4,352,13.0827,80.2707
2025-01-07T05:00,22.8,89,25.8,0.0,0.0,1,21,8.2,341,13.0827,80.2707
2025-01-07T06:00,22.9,93,26.2,0.3,0.3,51,85,9.3,344,13.0827,80.2707
2025-01-07T07:00,23.1,91,26.3,0.5,0.5,53,60,9.5,338,13.0827,80.2707
2025-01-07T08:00,24.0,87,26.9,0.0,0.0,1,27,11.7,358,13.0827,80.2707
2025-01-07T09:00,25.3,78,27.8,0.2,0.2,51,21,13.5,12,13.0827,80.2707
2025-01-07T10:00,26.3,71,28.4,0.2,0.2,51,47,14.1,23,13.0827,80.2707
2025-01-07T11:00,26.9,67,29.2,0.2,0.2,51,69,14.7,28,13.0827,80.2707
2025-01-07T12:00,26.7,68,29.3,0.3,0.3,51,100,14.5,32,13.0827,80.2707
2025-01-07T13:00,27.0,67,29.3,0.5,0.5,53,97,14.5,36,13.0827,80.2707
2025-01-07T14:00,27.3,63,28.8,0.1,0.1,51,64,14.7,37,13.0827,80.2707
2025-01-07T15:00,26.9,62,28.2,0.0,0.0,1,20,14.5,37,13.0827,80.2707
2025-01-07T16:00,26.5,61,27.7,0.0,0.0,0,12,12.6,37,13.0827,80.2707
2025-01-07T17:00,25.7,65,27.3,0.0,0.0,0,1,10.4,42,13.0827,80.2707
2025-01-07T18:00,25.4,73,28.0,0.0,0.0,0,0,9.1,68,13.0827,80.2707
2025-01-07T19:00,25.1,75,27.9,0.0,0.0,0,0,8.7,58,13.0827,80.2707
2025-01-07T20:00,24.9,76,27.5,0.0,0.0,0,0,10.2,49,13.0827,80.2707
2025-01-07T21:00,24.8,75,27.0,0.0,0.0,0,0,11.3,42,13.0827,80.2707
2025-01-07T22:00,24.6,75,26.6,0.0,0.0,0,0,11.8,38,13.0827,80.2707
2025-01-07T23:00,24.3,75,26.3,0.0,0.0,0,0,11.4,31,13.0827,80.2707
2025-01-08T00:00,24.1,75,26.0,0.0,0.0,0,0,11.2,24,13.0827,80.2707
2025-01-08T01:00,23.7,76,25.6,0.0,0.0,0,0,11.0,19,13.0827,80.2707
2025-01-08T02:00,23.3,77,25.2,0.0,0.0,0,0,9.8,13,13.0827,80.2707
2025-01-08T03:00,22.8,79,25.0,0.0,0.0,0,0,7.4,7,13.0827,80.2707
2025-01-08T04:00,22.1,82,24.6,0.0,0.0,0,0,6.2,353,13.0827,80.2707
2025-01-08T05:00,21.4,85,23.9,0.0,0.0,0,0,5.5,337,13.0827,80.2707
2025-01-08T06:00,22.4,81,24.8,0.0,0.0,0,0,6.5,355,13.0827,80.2707
2025-01-08T07:00,22.8,80,25.1,0.0,0.0,0,13,7.3,349,13.0827,80.2707
2025-01-08T08:00,24.5,75,27.4,0.0,0.0,0,3,5.8,351,13.0827,80.2707
2025-01-08T09:00,26.2,65,28.3,0.0,0.0,1,32,8.8,31,13.0827,80.2707
2025-01-08T10:00,27.3,53,28.5,0.0,0.0,0,1,11.2,50,13.0827,80.2707
2025-01-08T11:00,27.8,50,29.6,0.0,0.0,0,1,11.4,49,13.0827,80.2707
2025-01-08T12:00,28.1,51,30.3,0.0,0.0,0,1,11.9,48,13.0827,80.2707
2025-01-08T13:00,28.1,51,29.9,0.0,0.0,0,1,13.7,45,13.0827,80.2707
2025-01-08T14:00,28.0,50,28.6,0.0,0.0,1,28,17.3,44,13.0827,80.2707
2025-01-08T15:00,27.5,53,27.3,0.0,0.0,1,42,17.9,41,13.0827,80.2707
2025-01-08T16:00,26.9,56,27.0,0.0,0.0,1,24,16.4,40,13.0827,80.2707
2025-01-08T17:00,26.3,59,26.9,0.0,0.0,1,22,14.8,41,13.0827,80.2707
2025-01-08T18:00,25.7,64,27.0,0.0,0.0,1,29,11.7,37,13.0827,80.2707
2025-01-08T19:00,25.4,65,26.7,0.0,0.0,1,30,11.6,39,13.0827,80.2707
2025-01-08T20:00,25.2,65,26.4,0.0,0.0,1,33,12.0,40,13.0827,80.2707
2025-01-08T21:00,25.1,65,26.2,0.0,0.0,1,47,12.1,44,13.0827,80.2707
2025-01-08T22:00,24.9,65,25.9,0.0,0.0,1,31,12.7,51,13.0827,80.2707
2025-01-08T23:00,24.7,65,25.9,0.0,0.0,0,6,11.0,49,13.0827,80.2707
2025-01-09T00:00,24.6,68,25.9,0.0,0.0,2,51,11.2,42,13.0827,80.2707
2025-01-09T01:00,24.8,67,25.8,0.0,0.0,0,5,13.3,49,13.0827,80.2707
2025-01-09T02:00,24.7,65,25.6,0.0,0.0,0,9,13.1,44,13.0827,80.2707
2025-01-09T03:00,24.7,65,25.8,0.0,0.0,3,95,11.1,37,13.0827,80.2707
2025-01-09T04:00,24.6,67,26.0,0.0,0.0,1,38,10.4,36,13.0827,80.2707
2025-01-09T05:00,24.6,68,26.2,0.0,0.0,2,51,10.1,35,13.0827,80.2707
2025-01-09T06:00,24.4,72,26.4,0.0,0.0,2,54,9.5,65,13.0827,80.2707
2025-01-09T07:00,25.0,71,26.9,0.0,0.0,2,71,10.6,66,13.0827,80.2707
2025-01-09T08:00,25.9,67,27.5,0.1,0.1,51,49,13.5,60,13.0827,80.2707
2025-01-09T09:00,27.0,59,27.4,0.0,0.0,1,42,17.6,61,13.0827,80.2707
2025-01-09T10:00,27.7,52,27.4,0.0,0.0,2,53,19.3,62,13.0827,80.2707
2025-01-09T11:00,28.4,47,28.8,0.0,0.0,0,12,18.0,57,13.0827,80.2707
2025-01-09T12:00,28.5,46,29.0,0.0,0.0,0,18,18.2,57,13.0827,80.2707
2025-01-09T13:00,28.5,46,29.0,0.0,0.0,0,13,18.2,54,13.0827,80.2707
2025-01-09T14:00,28.4,46,28.6,0.0,0.0,0,3,17.3,52,13.0827,80.2707
2025-01-09T15:00,28.2,45,27.4,0.0,0.0,1,23,17.5,53,13.0827,80.2707
2025-01-09T16:00,27.5,49,27.0,0.0,0.0,2,76,16.5,45,13.0827,80.2707
2025-01-09T17:00,26.7,54,26.9,0.0,0.0,0,19,14.3,31,13.0827,80.2707
2025-01-09T18:00,26.3,60,27.6,0.0,0.0,0,16,10.9,19,13.0827,80.2707
2025-01-09T19:00,25.7,65,27.5,0.0,0.0,0,4,8.6,22,13.0827,80.2707
2025-01-09T20:00,25.4,68,27.6,0.0,0.0,0,7,8.2,32,13.0827,80.2707
2025-01-09T21:00,25.5,68,27.4,0.0,0.0,0,5,10.0,38,13.0827,80.2707
2025-01-09T22:00,25.4,69,27.5,0.0,0.0,0,7,8.9,32,13.0827,80.2707
2025-01-09T23:00,25.1,70,27.4,0.0,0.0,0,15,8.0,23,13.0827,80.2707
2025-01-10T00:00,24.9,71,27.3,0.0,0.0,2,63,7.5,10,13.0827,80.2707
2025-01-10T01:00,24.5,74,27.2,0.0,0.0,3,100,6.7,2,13.0827,80.2707
2025-01-10T02:00,24.1,77,27.1,0.0,0.0,3,100,5.4,346,13.0827,80.2707
2025-01-10T03:00,23.9,78,26.6,0.0,0.0,3,96,7.0,359,13.0827,80.2707
2025-01-10T04:00,24.1,77,26.5,0.0,0.0,0,0,9.9,16,13.0827,80.2707
2025-01-10T05:00,23.9,80,26.5,0.0,0.0,0,9,8.4,15,13.0827,80.2707
2025-01-10T06:00,23.6,85,26.8,0.0,0.0,1,41,7.2,356,13.0827,80.2707
2025-01-10T07:00,24.6,81,27.8,0.0,0.0,1,43,8.5,12,13.0827,80.2707
2025-01-10T08:00,26.0,76,29.2,0.0,0.0,2,76,9.2,23,13.0827,80.2707
2025-01-10T09:00,27.5,66,29.3,0.0,0.0,2,60,15.0,47,13.0827,80.2707
2025-01-10T10:00,28.4,59,29.5,0.0,0.0,3,88,17.4,57,13.0827,80.2707
2025-01-10T11:00,27.9,61,29.0,0.1,0.1,51,98,18.4,62,13.0827,80.2707
2025-01-10T12:00,28.0,62,29.3,0.2,0.2,51,62,19.3,65,13.0827,80.2707
2025-01-10T13:00,28.1,62,29.4,0.1,0.1,51,53,19.8,59,13.0827,80.2707
2025-01-10T14:00,27.6,64,28.8,0.1,0.1,51,54,20.2,61,13.0827,80.2707
2025-01-10T15:00,27.5,64,28.5,0.0,0.0,2,63,19.3,61,13.0827,80.2707
2025-01-10T16:00,26.9,67,28.1,0.1,0.1,51,74,18.7,57,13.0827,80.2707
2025-01-10T17:00,26.3,70,27.9,0.0,0.0,1,34,16.4,52,13.0827,80.2707
2025-01-10T18:00,25.8,75,28.0,0.2,0.2,51,49,15.0,57,13.0827,80.2707
2025-01-10T19:00,26.0,72,27.9,0.1,0.1,51,31,14.9,58,13.0827,80.2707
2025-01-10T20:00,25.9,73,28.0,0.1,0.1,51,46,13.9,51,13.0827,80.2707
2025-01-10T21:00,25.7,74,28.0,0.0,0.0,1,47,12.6,42,13.0827,80.2707
2025-01-10T22:00,25.3,77,27.9,0.0,0.0,3,100,12.1,40,13.0827,80.2707
2025-01-10T23:00,25.5,76,28.1,0.0,0.0,3,100,12.4,41,13.0827,80.2707
2025-01-11T00:00,25.6,76,28.1,0.0,0.0,3,100,12.9,47,13.0827,80.2707
2025-01-11T01:00,25.4,76,27.8,0.0,0.0,3,82,13.4,49,13.0827,80.2707
2025-01-11T02:00,25.2,77,27.5,0.0,0.0,3,94,13.6,60,13.0827,80.2707
2025-01-11T03:00,24.9,78,27.2,0.0,0.0,3,100,13.1,60,13.0827,80.2707
2025-01-11T04:00,24.8,78,27.0,0.0,0.0,3,100,13.8,54,13.0827,80.2707
2025-01-11T05:00,24.6,80,26.6,0.0,0.0,3,100,15.2,48,13.0827,80.2707
2025-01-11T06:00,25.7,70,27.3,0.0,0.0,3,100,14.4,46,13.0827,80.2707
2025-01-11T07:00,25.9,70,27.3,0.0,0.0,2,60,16.3,45,13.0827,80.2707
2025-01-11T08:00,26.7,65,27.5,0.0,0.0,3,92,19.5,44,13.0827,80.2707
2025-01-11T09:00,27.4,62,28.1,0.0,0.0,2,74,19.3,37,13.0827,80.2707
2025-01-11T10:00,27.9,59,28.8,0.0,0.0,0,19,18.7,42,13.0827,80.2707
2025-01-11T11:00,28.3,56,29.4,0.0,0.0,2,62,18.6,47,13.0827,80.2707
2025-01-11T12:00,28.5,54,29.8,0.0,0.0,3,100,19.3,46,13.0827,80.2707
2025-01-11T13:00,28.2,55,29.1,0.0,0.0,2,68,18.6,43,13.0827,80.2707
2025-01-11T14:00,28.2,54,29.1,0.0,0.0,3,95,18.5,42,13.0827,80.2707
2025-01-11T15:00,27.7,56,28.0,0.0,0.0,3,100,17.6,42,13.0827,80.2707
2025-01-11T16:00,27.2,57,27.8,0.0,0.0,3,100,15.5,39,13.0827,80.2707
2025-01-11T17:00,26.6,59,27.5,0.0,0.0,3,100,13.9,38,13.0827,80.2707
2025-01-11T18:00,25.6,68,27.4,0.0,0.0,3,88,11.6,30,13.0827,80.2707
2025-01-11T19:00,25.4,68,27.1,0.0,0.0,3,100,12.1,33,13.0827,80.2707
2025-01-11T20:00,25.3,68,27.0,0.0,0.0,3,100,11.6,41,13.0827,80.2707
2025-01-11T21:00,25.5,68,27.3,0.0,0.0,3,100,11.0,40,13.0827,80.2707
2025-01-11T22:00,25.2,70,27.0,0.0,0.0,3,93,11.4,28,13.0827,80.2707
2025-01-11T23:00,24.8,72,26.8,0.0,0.0,3,95,10.5,27,13.0827,80.2707
2025-01-12T00:00,24.7,73,26.7,0.0,0.0,3,98,10.3,22,13.0827,80.2707
2025-01-12T01:00,24.4,73,26.4,0.0,0.0,0,17,10.5,16,13.0827,80.2707
2025-01-12T02:00,24.3,73,26.2,0.0,0.0,1,23,10.1,17,13.0827,80.2707
2025-01-12T03:00,24.1,74,26.2,0.0,0.0,2,76,9.0,5,13.0827,80.2707
2025-01-12T04:00,24.1,74,25.8,0.0,0.0,3,100,11.3,352,13.0827,80.2707
2025-01-12T05:00,24.3,73,26.1,0.0,0.0,3,100,10.9,353,13.0827,80.2707
2025-01-12T06:00,25.4,73,27.6,0.0,0.0,3,100,11.5,14,13.0827,80.2707
2025-01-12T07:00,25.5,71,27.6,0.0,0.0,3,100,11.4,7,13.0827,80.2707
2025-01-12T08:00,26.1,68,28.1,0.0,0.0,3,100,11.1,12,13.0827,80.2707
2025-01-12T09:00,26.4,69,28.4,0.1,0.1,51,100,13.3,25,13.0827,80.2707
2025-01-12T10:00,26.4,71,28.5,0.2,0.2,51,100,14.3,25,13.0827,80.2707
2025-01-12T11:00,26.1,73,28.4,0.2,0.2,51,100,13.4,24,13.0827,80.2707
2025-01-12T12:00,26.8,68,28.4,0.0,0.0,3,100,16.7,32,13.0827,80.2707
2025-01-12T13:00,26.4,69,28.3,0.4,0.4,51,100,14.5,28,13.0827,80.2707
2025-01-12T14:00,26.5,70,28.4,0.2,0.2,51,100,15.0,29,13.0827,80.2707
2025-01-12T15:00,26.0,73,28.1,0.1,0.1,51,100,14.8,37,13.0827,80.2707
2025-01-12T16:00,25.9,74,28.0,0.0,0.0,3,100,15.3,37,13.0827,80.2707
2025-01-12T17:00,25.7,77,28.6,0.0,0.0,3,100,11.4,39,13.0827,80.2707
2025-01-12T18:00,25.6,81,28.6,0.0,0.0,2,66,13.1,42,13.0827,80.2707
2025-01-12T19:00,25.7,80,28.6,0.2,0.2,51,100,13.4,47,13.0827,80.2707
2025-01-12T20:00,25.6,80,28.4,0.0,0.0,1,37,14.5,49,13.0827,80.2707
2025-01-12T21:00,25.4,83,28.2,0.0,0.0,1,28,14.9,53,13.0827,80.2707
2025-01-12T22:00,24.8,87,28.1,0.0,0.0,1,33,12.9,47,13.0827,80.2707
2025-01-12T23:00,24.8,87,28.1,0.0,0.0,2,55,12.4,43,13.0827,80.2707
2025-01-13T00:00,24.5,89,27.7,0.4,0.4,51,97,13.0,49,13.0827,80.2707
2025-01-13T01:00,23.7,92,27.2,0.2,0.2,51,95,10.6,35,13.0827,80.2707
2025-01-13T02:00,23.6,91,27.5,1.2,1.2,55,100,7.0,23,13.0827,80.2707
2025-01-13T03:00,23.6,93,27.6,1.0,1.0,55,100,7.7,37,13.0827,80.2707
2025-01-13T04:00,23.8,94,27.6,0.1,0.1,51,98,10.2,30,13.0827,80.2707
2025-01-13T05:00,23.8,92,27.5,0.1,0.1,51,100,10.2,30,13.0827,80.2707
2025-01-13T06:00,24.1,94,28.4,0.2,0.2,51,100,7.4,32,13.0827,80.2707
2025-01-13T07:00,24.5,92,28.8,0.2,0.2,51,100,9.0,30,13.0827,80.2707
2025-01-13T08:00,25.2,87,29.3,0.1,0.1,51,100,9.4,30,13.0827,80.2707
2025-01-13T09:00,25.9,82,29.3,0.1,0.1,51,92,12.5,43,13.0827,80.2707
2025-01-13T10:00,26.0,82,29.3,0.3,0.3,51,87,14.0,54,13.0827,80.2707
2025-01-13T11:00,26.4,79,29.2,0.1,0.1,51,56,16.2,54,13.0827,80.2707
2025-01-13T12:00,26.4,80,29.0,0.1,0.1,51,46,18.4,59,13.0827,80.2707
2025-01-13T13:00,26.7,78,29.0,0.2,0.2,51,41,19.2,64,13.0827,80.2707
2025-01-13T14:00,26.9,77,29.6,0.1,0.1,51,40,18.0,67,13.0827,80.2707
2025-01-13T15:00,26.4,81,29.4,0.0,0.0,1,30,15.8,67,13.0827,80.2707
2025-01-13T16:00,26.2,79,28.9,0.1,0.1,51,50,16.1,63,13.0827,80.2707
2025-01-13T17:00,26.1,78,28.7,0.1,0.1,51,100,15.2,66,13.0827,80.2707
2025-01-13T18:00,26.1,77,29.0,0.0,0.0,3,98,13.1,75,13.0827,80.2707
2025-01-13T19:00,26.2,77,29.2,0.0,0.0,3,84,12.4,73,13.0827,80.2707
2025-01-13T20:00,26.1,79,29.4,0.0,0.0,0,11,12.0,71,13.0827,80.2707
2025-01-13T21:00,25.9,80,29.1,0.0,0.0,1,29,11.9,67,13.0827,80.2707
2025-01-13T22:00,25.7,81,29.1,0.0,0.0,1,34,11.2,68,13.0827,80.2707
2025-01-13T23:00,25.5,81,29.1,0.0,0.0,0,14,9.5,58,13.0827,80.2707
2025-01-14T00:00,25.2,82,28.9,0.0,0.0,3,90,8.7,38,13.0827,80.2707
2025-01-14T01:00,24.8,85,28.7,0.0,0.0,3,93,7.3,28,13.0827,80.2707
2025-01-14T02:00,24.7,86,28.5,0.0,0.0,2,71,7.8,29,13.0827,80.2707
2025-01-14T03:00,24.7,85,28.3,0.0,0.0,3,97,8.6,31,13.0827,80.2707
2025-01-14T04:00,24.6,84,28.0,0.0,0.0,3,80,9.3,36,13.0827,80.2707
2025-01-14T05:00,24.6,84,27.9,0.0,0.0,0,17,9.7,34,13.0827,80.2707
2025-01-14T06:00,25.1,81,28.1,0.0,0.0,3,96,11.2,38,13.0827,80.2707
2025-01-14T07:00,25.5,79,28.4,0.0,0.0,1,20,11.8,36,13.0827,80.2707
2025-01-14T08:00,26.7,71,28.9,0.0,0.0,0,10,15.4,43,13.0827,80.2707
2025-01-14T09:00,27.3,69,29.2,0.0,0.0,1,47,16.8,44,13.0827,80.2707
2025-01-14T10:00,27.7,67,29.6,0.0,0.0,3,100,18.5,42,13.0827,80.2707
2025-01-14T11:00,28.0,66,30.3,0.0,0.0,3,100,19.1,45,13.0827,80.2707
2025-01-14T12:00,28.2,65,30.8,0.0,0.0,3,100,19.5,48,13.0827,80.2707
2025-01-14T13:00,28.0,65,30.5,0.0,0.0,3,81,19.8,50,13.0827,80.2707
2025-01-14T14:00,27.0,71,28.9,0.1,0.1,51,65,19.5,48,13.0827,80.2707
2025-01-14T15:00,27.1,70,28.9,0.2,0.2,51,38,17.7,49,13.0827,80.2707
2025-01-14T16:00,27.1,68,28.4,0.0,0.0,0,9,19.2,50,13.0827,80.2707
2025-01-14T17:00,26.4,71,28.3,0.0,0.0,0,16,15.3,47,13.0827,80.2707
2025-01-14T18:00,26.0,77,28.9,0.0,0.0,1,35,12.6,41,13.0827,80.2707
2025-01-14T19:00,25.9,78,28.8,0.0,0.0,3,100,13.0,44,13.0827,80.2707
2025-01-14T20:00,26.0,77,28.7,0.0,0.0,3,89,13.5,47,13.0827,80.2707
2025-01-14T21:00,25.9,76,28.4,0.0,0.0,2,69,13.9,44,13.0827,80.2707
2025-01-14T22:00,25.7,76,28.2,0.0,0.0,3,100,12.6,42,13.0827,80.2707
2025-01-14T23:00,25.4,77,28.2,0.0,0.0,3,95,11.5,40,13.0827,80.2707
2025-01-15T00:00,25.5,77,28.2,0.0,0.0,3,100,11.7,44,13.0827,80.2707
2025-01-15T01:00,25.3,77,27.9,0.0,0.0,3,100,11.6,48,13.0827,80.2707
2025-01-15T02:00,25.2,76,27.7,0.0,0.0,3,100,11.8,52,13.0827,80.2707
2025-01-15T03:00,25.3,75,27.6,0.0,0.0,3,100,12.5,60,13.0827,80.2707
2025-01-15T04:00,25.4,75,27.6,0.0,0.0,1,31,13.0,57,13.0827,80.2707
2025-01-15T05:00,25.3,75,27.4,0.0,0.0,0,19,14.0,58,13.0827,80.2707
2025-01-15T06:00,25.4,77,27.8,0.0,0.0,1,29,13.6,44,13.0827,80.2707
2025-01-15T07:00,25.9,75,28.1,0.0,0.0,0,16,15.1,50,13.0827,80.2707
2025-01-15T08:00,26.9,68,28.6,0.0,0.0,0,19,16.9,50,13.0827,80.2707
2025-01-15T09:00,27.9,62,28.8,0.0,0.0,0,17,20.0,51,13.0827,80.2707
2025-01-15T10:00,28.4,60,29.5,0.0,0.0,0,18,19.8,52,13.0827,80.2707
2025-01-15T11:00,28.7,59,30.6,0.0,0.0,0,18,19.2,55,13.0827,80.2707
2025-01-15T12:00,28.9,58,30.8,0.0,0.0,1,23,19.8,53,13.0827,80.2707
2025-01-15T13:00,28.8,58,30.3,0.0,0.0,1,33,20.4,51,13.0827,80.2707
2025-01-15T14:00,28.6,58,29.7,0.0,0.0,0,4,20.8,50,13.0827,80.2707
2025-01-15T15:00,28.2,60,28.9,0.0,0.0,0,8,19.9,50,13.0827,80.2707
2025-01-15T16:00,27.6,61,28.4,0.0,0.0,0,4,18.9,43,13.0827,80.2707
2025-01-15T17:00,26.8,65,28.0,0.0,0.0,0,15,16.7,40,13.0827,80.2707
2025-01-15T18:00,26.2,73,28.1,0.0,0.0,0,12,16.5,39,13.0827,80.2707
2025-01-15T19:00,26.0,73,27.8,0.0,0.0,0,13,17.0,42,13.0827,80.2707
2025-01-15T20:00,25.9,74,27.8,0.0,0.0,0,14,16.4,45,13.0827,80.2707
2025-01-15T21:00,25.8,72,27.7,0.0,0.0,1,34,15.1,49,13.0827,80.2707
2025-01-15T22:00,25.6,72,27.4,0.0,0.0,3,100,13.7,51,13.0827,80.2707
2025-01-15T23:00,25.3,72,27.2,0.0,0.0,0,17,13.6,53,13.0827,80.2707
2025-01-16T00:00,25.2,73,27.1,0.0,0.0,1,43,13.2,56,13.0827,80.2707
2025-01-16T01:00,25.1,73,26.9,0.0,0.0,3,91,13.1,60,13.0827,80.2707
2025-01-16T02:00,25.0,73,26.9,0.0,0.0,2,53,12.6,61,13.0827,80.2707
2025-01-16T03:00,24.9,73,26.8,0.0,0.0,0,16,12.3,59,13.0827,80.2707
2025-01-16T04:00,24.8,73,26.6,0.0,0.0,0,19,13.2,58,13.0827,80.2707
2025-01-16T05:00,24.9,73,26.6,0.0,0.0,0,18,13.2,58,13.0827,80.2707
2025-01-16T06:00,25.2,73,27.3,0.0,0.0,1,28,11.5,59,13.0827,80.2707
2025-01-16T07:00,25.5,72,27.6,0.0,0.0,2,61,12.4,54,13.0827,80.2707
2025-01-16T08:00,26.9,64,28.3,0.0,0.0,0,17,14.9,55,13.0827,80.2707
2025-01-16T09:00,27.6,60,28.3,0.0,0.0,1,43,17.9,58,13.0827,80.2707
2025-01-16T10:00,28.1,58,28.8,0.0,0.0,1,31,19.3,54,13.0827,80.2707
2025-01-16T11:00,28.3,58,29.8,0.0,0.0,1,43,18.8,53,13.0827,80.2707
2025-01-16T12:00,28.3,57,29.9,0.0,0.0,0,18,18.5,53,13.0827,80.2707
2025-01-16T13:00,28.0,57,29.4,0.0,0.0,3,97,17.9,52,13.0827,80.2707
2025-01-16T14:00,27.7,59,28.6,0.1,0.1,51,98,17.9,52,13.0827,80.2707
2025-01-16T15:00,27.5,60,28.2,0.0,0.0,2,59,17.5,53,13.0827,80.2707
2025-01-16T16:00,26.9,62,27.9,0.0,0.0,0,6,16.2,51,13.0827,80.2707
2025-01-16T17:00,26.2,65,27.6,0.0,0.0,0,16,13.6,53,13.0827,80.2707
2025-01-16T18:00,25.8,70,28.0,0.0,0.0,0,1,10.8,44,13.0827,80.2707
2025-01-16T19:00,25.5,72,27.7,0.0,0.0,0,14,11.1,39,13.0827,80.2707
2025-01-16T20:00,25.3,72,27.5,0.0,0.0,1,23,10.5,33,13.0827,80.2707
2025-01-16T21:00,25.1,73,27.4,0.0,0.0,1,25,10.2,30,13.0827,80.2707
2025-01-16T22:00,25.1,72,27.1,0.0,0.0,1,41,11.4,39,13.0827,80.2707
2025-01-16T23:00,25.2,71,27.1,0.0,0.0,1,29,11.5,48,13.0827,80.2707
2025-01-17T00:00,25.0,72,27.3,0.0,0.0,0,13,9.1,41,13.0827,80.2707
2025-01-17T01:00,24.7,74,27.1,0.0,0.0,0,12,9.7,27,13.0827,80.2707
2025-01-17T02:00,24.7,74,26.4,0.0,0.0,0,3,13.0,41,13.0827,80.2707
2025-01-17T03:00,24.4,75,26.4,0.0,0.0,0,0,11.1,39,13.0827,80.2707
2025-01-17T04:00,23.9,79,26.3,0.0,0.0,0,0,10.0,33,13.0827,80.2707
2025-01-17T05:00,23.7,80,26.2,0.0,0.0,0,0,9.8,32,13.0827,80.2707
2025-01-17T06:00,24.1,81,26.6,0.0,0.0,0,18,11.2,33,13.0827,80.2707
2025-01-17T07:00,24.8,78,27.2,0.0,0.0,0,10,12.4,39,13.0827,80.2707
2025-01-17T08:00,25.9,71,27.6,0.0,0.0,0,10,16.2,46,13.0827,80.2707
2025-01-17T09:00,26.6,68,28.1,0.0,0.0,0,8,16.6,47,13.0827,80.2707
2025-01-17T10:00,27.1,65,28.8,0.0,0.0,0,13,17.3,47,13.0827,80.2707
2025-01-17T11:00,27.4,62,29.1,0.0,0.0,2,56,19.3,49,13.0827,80.2707
2025-01-17T12:00,27.3,63,28.7,0.1,0.1,51,46,20.1,52,13.0827,80.2707
2025-01-17T13:00,27.1,63,28.3,0.2,0.2,51,55,19.5,54,13.0827,80.2707
2025-01-17T14:00,26.9,65,27.8,0.1,0.1,51,32,19.1,49,13.0827,80.2707
2025-01-17T15:00,27.0,64,28.0,0.0,0.0,0,14,17.8,47,13.0827,80.2707
2025-01-17T16:00,26.6,65,27.5,0.0,0.0,1,35,18.0,46,13.0827,80.2707
2025-01-17T17:00,25.8,68,27.0,0.0,0.0,1,49,16.7,49,13.0827,80.2707
2025-01-17T18:00,25.7,67,27.2,0.0,0.0,1,22,13.6,54,13.0827,80.2707
2025-01-17T19:00,25.3,70,26.8,0.0,0.0,3,94,14.2,50,13.0827,80.2707
2025-01-17T20:00,25.1,71,26.6,0.0,0.0,2,57,14.4,42,13.0827,80.2707
2025-01-17T21:00,25.0,72,26.6,0.0,0.0,2,69,14.3,43,13.0827,80.2707
2025-01-17T22:00,24.8,72,26.2,0.0,0.0,1,34,14.5,46,13.0827,80.2707
2025-01-17T23:00,24.7,72,26.0,0.0,0.0,2,61,15.0,46,13.0827,80.2707
2025-01-18T00:00,24.4,72,25.7,0.0,0.0,3,82,14.3,43,13.0827,80.2707
2025-01-18T01:00,24.0,73,25.2,0.0,0.0,3,80,13.9,40,13.0827,80.2707
2025-01-18T02:00,23.8,73,25.0,0.0,0.0,3,98,13.1,43,13.0827,80.2707
2025-01-18T03:00,23.5,75,25.1,0.0,0.0,2,78,11.7,34,13.0827,80.2707
2025-01-18T04:00,23.2,77,24.8,0.0,0.0,3,89,12.2,26,13.0827,80.2707
2025-01-18T05:00,23.1,78,24.8,0.0,0.0,0,18,11.7,23,13.0827,80.2707
2025-01-18T06:00,23.9,75,25.5,0.0,0.0,0,18,12.6,19,13.0827,80.2707
2025-01-18T07:00,24.7,72,26.1,0.0,0.0,1,38,14.2,24,13.0827,80.2707
2025-01-18T08:00,26.4,62,26.8,0.0,0.0,3,88,18.9,30,13.0827,80.2707
2025-01-18T09:00,27.4,58,27.5,0.0,0.0,3,90,20.5,32,13.0827,80.2707
2025-01-18T10:00,28.2,55,28.6,0.0,0.0,3,100,20.1,37,13.0827,80.2707
2025-01-18T11:00,27.3,61,27.9,0.0,0.0,3,100,18.5,31,13.0827,80.2707
2025-01-18T12:00,27.1,64,28.5,0.0,0.0,3,100,16.4,32,13.0827,80.2707
2025-01-18T13:00,27.4,64,28.5,0.0,0.0,3,100,18.1,31,13.0827,80.2707
2025-01-18T14:00,27.2,64,28.5,0.0,0.0,3,100,16.5,25,13.0827,80.2707
2025-01-18T15:00,26.9,66,28.4,0.0,0.0,3,100,15.9,25,13.0827,80.2707
2025-01-18T16:00,26.6,69,28.4,0.0,0.0,3,100,15.4,27,13.0827,80.2707
2025-01-18T17:00,26.3,72,28.3,0.0,0.0,3,100,15.4,37,13.0827,80.2707
2025-01-18T18:00,25.6,76,27.9,0.0,0.0,3,100,14.7,15,13.0827,80.2707
2025-01-18T19:00,25.0,80,27.4,0.0,0.0,3,100,14.9,15,13.0827,80.2707
2025-01-18T20:00,24.8,82,27.2,0.1,0.1,51,100,15.2,22,13.0827,80.2707
2025-01-18T21:00,24.5,85,27.1,0.2,0.2,51,100,15.1,29,13.0827,80.2707
2025-01-18T22:00,24.4,89,27.5,0.5,0.5,53,100,14.4,26,13.0827,80.2707
2025-01-18T23:00,24.3,90,27.2,1.3,1.3,61,100,15.6,29,13.0827,80.2707
2025-01-19T00:00,24.1,91,27.0,1.1,1.1,55,100,15.8,34,13.0827,80.2707
2025-01-19T01:00,23.9,92,27.0,0.6,0.6,53,100,14.0,35,13.0827,80.2707
2025-01-19T02:00,23.9,92,27.4,1.4,1.4,61,100,11.8,29,13.0827,80.2707
2025-01-19T03:00,23.6,94,26.7,0.6,0.6,53,100,14.0,33,13.0827,80.2707
2025-01-19T04:00,23.4,95,26.6,0.9,0.9,53,100,13.8,42,13.0827,80.2707
2025-01-19T05:00,23.3,93,26.4,2.9,2.9,63,100,13.3,42,13.0827,80.2707
2025-01-19T06:00,24.1,91,27.3,0.5,0.5,53,100,13.6,37,13.0827,80.2707
2025-01-19T07:00,24.6,91,28.1,0.0,0.0,3,100,13.6,35,13.0827,80.2707
2025-01-19T08:00,25.4,87,28.8,0.0,0.0,3,100,14.2,32,13.0827,80.2707
2025-01-19T09:00,25.1,87,28.4,2.8,2.8,63,100,13.6,41,13.0827,80.2707
2025-01-19T10:00,26.7,80,29.4,0.5,0.5,53,100,18.7,32,13.0827,80.2707
2025-01-19T11:00,26.7,76,28.9,0.4,0.4,51,99,20.0,38,13.0827,80.2707
2025-01-19T12:00,27.1,77,29.9,0.2,0.2,51,100,18.7,38,13.0827,80.2707
2025-01-19T13:00,27.3,75,30.0,0.1,0.1,51,97,19.6,39,13.0827,80.2707
2025-01-19T14:00,27.4,74,30.0,0.0,0.0,3,100,19.1,38,13.0827,80.2707
2025-01-19T15:00,26.9,75,29.0,0.1,0.1,51,100,19.3,35,13.0827,80.2707
2025-01-19T16:00,26.5,76,28.6,0.0,0.0,3,100,19.1,31,13.0827,80.2707
2025-01-19T17:00,25.7,80,28.1,0.0,0.0,2,60,16.8,27,13.0827,80.2707
2025-01-19T18:00,25.5,85,28.7,0.0,0.0,3,100,14.9,23,13.0827,80.2707
2025-01-19T19:00,25.3,86,28.5,0.0,0.0,3,100,14.3,25,13.0827,80.2707
2025-01-19T20:00,25.2,86,28.5,0.0,0.0,3,100,12.9,30,13.0827,80.2707
2025-01-19T21:00,24.9,84,28.1,0.0,0.0,3,100,12.1,32,13.0827,80.2707
2025-01-19T22:00,24.7,84,27.8,0.0,0.0,3,100,11.3,34,13.0827,80.2707
2025-01-19T23:00,24.5,84,27.7,0.0,0.0,3,99,10.2,37,13.0827,80.2707
2025-01-20T00:00,24.3,85,27.7,0.0,0.0,3,100,9.2,39,13.0827,80.2707
2025-01-20T01:00,24.1,86,27.5,0.0,0.0,3,100,8.9,27,13.0827,80.2707
2025-01-20T02:00,23.8,87,27.0,0.0,0.0,3,99,10.2,17,13.0827,80.2707
2025-01-20T03:00,23.6,89,26.7,0.0,0.0,3,80,10.2,13,13.0827,80.2707
2025-01-20T04:00,23.4,89,26.6,0.0,0.0,2,54,9.6,16,13.0827,80.2707
2025-01-20T05:00,23.2,89,26.4,0.0,0.0,1,47,9.5,11,13.0827,80.2707
2025-01-20T06:00,23.3,89,26.8,0.0,0.0,3,100,6.7,352,13.0827,80.2707
2025-01-20T07:00,23.4,91,27.2,0.0,0.0,3,99,7.6,346,13.0827,80.2707
2025-01-20T08:00,24.6,89,28.6,0.0,0.0,3,100,8.3,359,13.0827,80.2707
2025-01-20T09:00,25.9,78,29.1,0.0,0.0,3,100,11.2,21,13.0827,80.2707
2025-01-20T10:00,27.0,70,29.6,0.0,0.0,3,97,13.2,28,13.0827,80.2707
2025-01-20T11:00,27.4,65,30.2,0.0,0.0,1,29,15.3,30,13.0827,80.2707
2025-01-20T12:00,27.6,63,30.1,0.0,0.0,0,19,16.8,29,13.0827,80.2707
2025-01-20T13:00,27.5,62,29.9,0.0,0.0,0,6,17.4,28,13.0827,80.2707
2025-01-20T14:00,27.3,64,29.4,0.0,0.0,2,67,17.8,30,13.0827,80.2707
2025-01-20T15:00,26.9,66,28.1,0.0,0.0,3,98,18.0,29,13.0827,80.2707
2025-01-20T16:00,26.3,67,27.6,0.0,0.0,2,61,16.5,29,13.0827,80.2707
2025-01-20T17:00,25.6,72,27.4,0.0,0.0,1,38,13.8,29,13.0827,80.2707
2025-01-20T18:00,25.2,77,27.7,0.0,0.0,3,100,12.1,20,13.0827,80.2707
2025-01-20T19:00,24.9,78,27.6,0.0,0.0,3,100,11.2,19,13.0827,80.2707
2025-01-20T20:00,24.6,79,27.2,0.0,0.0,3,100,11.2,21,13.0827,80.2707
2025-01-20T21:00,24.5,79,26.9,0.0,0.0,3,100,11.4,24,13.0827,80.2707
2025-01-20T22:00,24.3,79,26.7,0.0,0.0,3,100,11.1,25,13.0827,80.2707
2025-01-20T23:00,24.0,80,26.4,0.0,0.0,3,100,10.9,22,13.0827,80.2707
2025-01-21T00:00,23.7,81,26.1,0.0,0.0,3,100,10.4,18,13.0827,80.2707
2025-01-21T01:00,23.3,81,25.7,0.0,0.0,3,100,10.0,18,13.0827,80.2707
2025-01-21T02:00,23.1,82,25.4,0.0,0.0,3,93,9.6,23,13.0827,80.2707
2025-01-21T03:00,22.7,83,25.3,0.0,0.0,0,15,8.1,25,13.0827,80.2707
2025-01-21T04:00,22.6,83,25.0,0.0,0.0,1,29,8.4,28,13.0827,80.2707
2025-01-21T05:00,22.4,84,24.8,0.0,0.0,1,32,8.2,33,13.0827,80.2707
2025-01-21T06:00,23.2,81,25.5,0.0,0.0,3,100,9.8,32,13.0827,80.2707
2025-01-21T07:00,23.7,80,26.3,0.0,0.0,3,92,8.5,35,13.0827,80.2707
2025-01-21T08:00,25.1,74,28.0,0.0,0.0,1,46,7.3,31,13.0827,80.2707
2025-01-21T09:00,26.3,65,28.0,0.0,0.0,2,71,11.5,46,13.0827,80.2707
2025-01-21T10:00,27.0,61,29.0,0.0,0.0,3,100,11.6,51,13.0827,80.2707
2025-01-21T11:00,27.5,59,30.0,0.0,0.0,3,100,12.1,50,13.0827,80.2707
2025-01-21T12:00,27.7,58,30.4,0.0,0.0,3,98,11.8,51,13.0827,80.2707
2025-01-21T13:00,27.8,56,30.5,0.0,0.0,3,100,11.3,51,13.0827,80.2707
2025-01-21T14:00,27.6,56,29.7,0.0,0.0,3,98,11.0,52,13.0827,80.2707
2025-01-21T15:00,27.4,56,28.7,0.0,0.0,1,47,11.0,52,13.0827,80.2707
2025-01-21T16:00,26.9,56,28.0,0.0,0.0,0,19,11.1,50,13.0827,80.2707
2025-01-21T17:00,26.2,60,27.5,0.0,0.0,1,22,9.9,44,13.0827,80.2707
2025-01-21T18:00,25.3,72,27.8,0.0,0.0,1,40,9.3,34,13.0827,80.2707
2025-01-21T19:00,24.8,77,27.5,0.0,0.0,0,5,8.9,21,13.0827,80.2707
2025-01-21T20:00,24.5,78,27.2,0.0,0.0,0,5,9.3,18,13.0827,80.2707
2025-01-21T21:00,24.3,79,26.9,0.0,0.0,2,53,10.1,20,13.0827,80.2707
2025-01-21T22:00,24.2,80,26.8,0.0,0.0,0,2,10.0,23,13.0827,80.2707
2025-01-21T23:00,24.0,80,26.6,0.0,0.0,0,6,9.5,25,13.0827,80.2707
2025-01-22T00:00,23.8,81,26.5,0.0,0.0,0,11,8.2,22,13.0827,80.2707
2025-01-22T01:00,23.3,83,26.5,0.0,0.0,0,17,5.2,16,13.0827,80.2707
2025-01-22T02:00,22.9,85,26.2,0.0,0.0,1,25,4.5,360,13.0827,80.2707
2025-01-22T03:00,22.7,86,26.0,0.0,0.0,1,34,4.7,7,13.0827,80.2707
2025-01-22T04:00,22.6,86,25.8,0.0,0.0,1,38,4.9,360,13.0827,80.2707
2025-01-22T05:00,22.4,87,25.5,0.0,0.0,1,24,5.4,356,13.0827,80.2707
2025-01-22T06:00,23.1,86,26.5,0.0,0.0,1,46,5.4,6,13.0827,80.2707
2025-01-22T07:00,23.5,86,26.8,0.0,0.0,2,51,7.0,347,13.0827,80.2707
2025-01-22T08:00,25.0,80,28.5,0.0,0.0,1,36,6.5,2,13.0827,80.2707
2025-01-22T09:00,26.7,68,29.2,0.0,0.0,0,13,10.2,39,13.0827,80.2707
2025-01-22T10:00,27.8,60,29.9,0.0,0.0,1,23,11.5,50,13.0827,80.2707
2025-01-22T11:00,28.3,57,30.6,0.0,0.0,1,34,12.5,46,13.0827,80.2707
2025-01-22T12:00,28.4,57,30.7,0.0,0.0,3,93,14.0,47,13.0827,80.2707
2025-01-22T13:00,28.1,60,30.4,0.0,0.0,3,87,14.8,50,13.0827,80.2707
2025-01-22T14:00,27.9,60,29.7,0.0,0.0,0,1,14.0,52,13.0827,80.2707
2025-01-22T15:00,27.9,59,29.3,0.0,0.0,0,4,13.4,50,13.0827,80.2707
2025-01-22T16:00,27.5,59,28.7,0.0,0.0,1,38,13.8,47,13.0827,80.2707
2025-01-22T17:00,26.6,63,28.0,0.0,0.0,2,57,13.1,44,13.0827,80.2707
2025-01-22T18:00,25.7,75,28.4,0.0,0.0,2,68,10.6,30,13.0827,80.2707
2025-01-22T19:00,25.3,77,28.3,0.0,0.0,3,82,9.1,25,13.0827,80.2707
2025-01-22T20:00,25.0,78,28.0,0.0,0.0,0,2,8.7,30,13.0827,80.2707
2025-01-22T21:00,24.8,78,27.8,0.0,0.0,0,0,8.2,38,13.0827,80.2707
2025-01-22T22:00,24.5,80,27.8,0.0,0.0,3,97,5.9,38,13.0827,80.2707
2025-01-22T23:00,24.5,80,27.8,0.0,0.0,3,87,7.0,55,13.0827,80.2707
2025-01-23T00:00,24.6,79,27.5,0.0,0.0,2,76,8.5,65,13.0827,80.2707
2025-01-23T01:00,24.5,79,27.5,0.0,0.0,1,47,8.2,68,13.0827,80.2707
2025-01-23T02:00,24.2,81,27.4,0.0,0.0,3,100,7.3,70,13.0827,80.2707
2025-01-23T03:00,24.0,83,27.5,0.0,0.0,3,100,5.5,63,13.0827,80.2707
2025-01-23T04:00,23.1,86,26.6,0.0,0.0,3,100,4.1,34,13.0827,80.2707
2025-01-23T05:00,22.6,88,26.1,0.0,0.0,3,100,3.6,3,13.0827,80.2707
2025-01-23T06:00,23.2,88,27.2,0.0,0.0,3,100,2.9,360,13.0827,80.2707
2025-01-23T07:00,24.1,86,27.9,0.0,0.0,3,100,5.6,353,13.0827,80.2707
2025-01-23T08:00,25.5,79,29.3,0.0,0.0,3,100,5.5,11,13.0827,80.2707
2025-01-23T09:00,26.8,68,29.6,0.0,0.0,3,99,8.2,52,13.0827,80.2707
2025-01-23T10:00,28.0,61,30.2,0.0,0.0,3,100,10.4,58,13.0827,80.2707
2025-01-23T11:00,28.6,56,31.2,0.0,0.0,3,99,11.5,55,13.0827,80.2707
2025-01-23T12:00,28.9,52,31.4,0.0,0.0,0,17,11.5,58,13.0827,80.2707
2025-01-23T13:00,29.0,53,31.8,0.0,0.0,1,21,11.7,56,13.0827,80.2707
2025-01-23T14:00,28.8,54,31.4,0.0,0.0,0,10,11.6,57,13.0827,80.2707
2025-01-23T15:00,28.4,56,30.0,0.0,0.0,0,8,11.8,61,13.0827,80.2707
2025-01-23T16:00,27.6,59,29.2,0.0,0.0,0,16,11.2,64,13.0827,80.2707
2025-01-23T17:00,26.7,62,28.5,0.0,0.0,0,2,10.5,63,13.0827,80.2707
2025-01-23T18:00,25.8,71,28.5,0.0,0.0,0,18,8.0,62,13.0827,80.2707
2025-01-23T19:00,25.5,74,28.3,0.0,0.0,3,100,8.3,56,13.0827,80.2707
2025-01-23T20:00,25.0,76,27.6,0.0,0.0,3,100,10.1,57,13.0827,80.2707
2025-01-23T21:00,24.7,77,27.2,0.0,0.0,3,93,10.2,62,13.0827,80.2707
2025-01-23T22:00,24.4,77,27.0,0.0,0.0,1,24,9.1,60,13.0827,80.2707
2025-01-23T23:00,23.8,79,26.7,0.0,0.0,0,10,5.9,55,13.0827,80.2707
2025-01-24T00:00,23.0,83,26.5,0.0,0.0,0,13,2.3,39,13.0827,80.2707
2025-01-24T01:00,22.4,86,25.9,0.0,0.0,1,24,2.4,351,13.0827,80.2707
2025-01-24T02:00,22.2,88,25.5,0.0,0.0,1,34,3.5,345,13.0827,80.2707
2025-01-24T03:00,22.3,88,25.6,0.0,0.0,1,44,4.7,344,13.0827,80.2707
2025-01-24T04:00,22.2,87,25.3,0.0,0.0,3,99,5.1,356,13.0827,80.2707
2025-01-24T05:00,21.7,88,24.8,0.0,0.0,0,6,3.8,352,13.0827,80.2707
2025-01-24T06:00,22.9,83,25.9,0.0,0.0,0,14,4.9,8,13.0827,80.2707
2025-01-24T07:00,23.6,77,26.1,0.0,0.0,3,87,6.9,31,13.0827,80.2707
2025-01-24T08:00,25.6,68,27.6,0.0,0.0,2,70,9.2,40,13.0827,80.2707
2025-01-24T09:00,26.8,59,27.7,0.0,0.0,0,18,13.4,55,13.0827,80.2707
2025-01-24T10:00,27.9,50,28.9,0.0,0.0,1,26,12.3,60,13.0827,80.2707
2025-01-24T11:00,28.2,53,29.7,0.0,0.0,3,86,14.1,63,13.0827,80.2707
2025-01-24T12:00,28.1,55,30.3,0.0,0.0,3,94,13.6,70,13.0827,80.2707
2025-01-24T13:00,28.5,52,30.8,0.0,0.0,0,12,11.0,76,13.0827,80.2707
2025-01-24T14:00,28.5,49,30.5,0.0,0.0,0,11,9.0,60,13.0827,80.2707
2025-01-24T15:00,28.3,48,29.2,0.0,0.0,1,25,9.2,55,13.0827,80.2707
2025-01-24T16:00,27.8,51,28.6,0.0,0.0,2,59,10.0,62,13.0827,80.2707
2025-01-24T17:00,26.7,58,27.9,0.0,0.0,0,15,10.7,63,13.0827,80.2707
2025-01-24T18:00,26.0,66,28.1,0.0,0.0,0,11,9.2,59,13.0827,80.2707
2025-01-24T19:00,25.3,72,27.9,0.0,0.0,0,7,7.7,51,13.0827,80.2707
2025-01-24T20:00,24.8,75,27.9,0.0,0.0,0,0,5.6,27,13.0827,80.2707
2025-01-24T21:00,24.2,79,27.5,0.0,0.0,0,5,4.6,9,13.0827,80.2707
2025-01-24T22:00,23.8,81,27.2,0.0,0.0,0,8,4.4,7,13.0827,80.2707
2025-01-24T23:00,23.5,81,26.4,0.0,0.0,1,23,6.4,350,13.0827,80.2707
2025-01-25T00:00,22.9,82,25.6,0.0,0.0,0,11,6.8,328,13.0827,80.2707
2025-01-25T01:00,22.3,86,25.4,0.0,0.0,1,35,4.7,313,13.0827,80.2707
2025-01-25T02:00,21.8,89,25.2,0.0,0.0,2,77,2.8,320,13.0827,80.2707
2025-01-25T03:00,21.5,91,25.0,0.0,0.0,3,88,2.4,343,13.0827,80.2707
2025-01-25T04:00,21.8,90,25.1,0.0,0.0,1,43,3.2,357,13.0827,80.2707
2025-01-25T05:00,21.9,88,25.0,0.0,0.0,3,87,4.1,15,13.0827,80.2707
2025-01-25T06:00,23.2,88,26.6,0.0,0.0,3,87,6.5,30,13.0827,80.2707
2025-01-25T07:00,24.2,80,27.5,0.0,0.0,3,85,5.7,28,13.0827,80.2707
2025-01-25T08:00,25.8,71,28.5,0.0,0.0,3,95,8.0,28,13.0827,80.2707
2025-01-25T09:00,27.0,62,28.4,0.1,0.1,51,96,13.0,53,13.0827,80.2707
2025-01-25T10:00,27.5,60,29.0,0.0,0.0,3,96,13.8,58,13.0827,80.2707
2025-01-25T11:00,28.2,57,30.7,0.0,0.0,2,72,12.9,54,13.0827,80.2707
2025-01-25T12:00,28.3,55,30.9,0.0,0.0,1,37,12.7,47,13.0827,80.2707
2025-01-25T13:00,28.7,50,31.0,0.0,0.0,1,22,13.0,42,13.0827,80.2707
2025-01-25T14:00,28.5,50,30.2,0.0,0.0,1,23,13.6,39,13.0827,80.2707
2025-01-25T15:00,27.9,54,28.9,0.0,0.0,0,14,14.5,37,13.0827,80.2707
2025-01-25T16:00,27.0,59,28.0,0.0,0.0,0,0,14.0,35,13.0827,80.2707
2025-01-25T17:00,25.9,64,27.2,0.0,0.0,0,0,12.6,29,13.0827,80.2707
2025-01-25T18:00,25.3,73,27.8,0.0,0.0,0,0,9.5,27,13.0827,80.2707
2025-01-25T19:00,24.7,77,27.4,0.0,0.0,0,5,9.3,24,13.0827,80.2707
2025-01-25T20:00,24.4,80,27.2,0.0,0.0,0,12,9.1,30,13.0827,80.2707
2025-01-25T21:00,24.1,81,27.0,0.0,0.0,1,42,8.5,27,13.0827,80.2707
2025-01-25T22:00,23.5,84,26.6,0.0,0.0,3,98,7.0,18,13.0827,80.2707
2025-01-25T23:00,23.0,87,26.4,0.0,0.0,3,100,6.2,21,13.0827,80.2707
2025-01-26T00:00,22.5,90,26.1,0.0,0.0,3,100,4.0,8,13.0827,80.2707
2025-01-26T01:00,22.0,92,25.6,0.0,0.0,3,100,3.8,343,13.0827,80.2707
2025-01-26T02:00,21.4,95,24.6,0.0,0.0,3,99,5.8,324,13.0827,80.2707
2025-01-26T03:00,20.9,94,23.7,0.0,0.0,2,63,6.5,309,13.0827,80.2707
2025-01-26T04:00,20.3,95,23.0,0.0,0.0,3,95,6.2,300,13.0827,80.2707
2025-01-26T05:00,19.9,97,22.5,0.0,0.0,3,100,6.8,299,13.0827,80.2707
2025-01-26T06:00,21.2,96,24.5,0.0,0.0,3,100,5.5,306,13.0827,80.2707
2025-01-26T07:00,21.6,95,25.0,0.0,0.0,3,100,5.5,308,13.0827,80.2707
2025-01-26T08:00,23.2,89,26.7,0.0,0.0,2,64,5.9,329,13.0827,80.2707
2025-01-26T09:00,25.9,73,28.8,0.0,0.0,1,39,8.6,23,13.0827,80.2707
2025-01-26T10:00,27.4,63,30.1,0.0,0.0,1,42,9.6,40,13.0827,80.2707
2025-01-26T11:00,28.3,58,31.6,0.0,0.0,3,92,10.5,49,13.0827,80.2707
2025-01-26T12:00,28.6,54,31.7,0.0,0.0,3,100,11.7,52,13.0827,80.2707
2025-01-26T13:00,28.5,55,31.6,0.0,0.0,0,12,12.0,49,13.0827,80.2707
2025-01-26T14:00,28.4,57,31.2,0.0,0.0,1,20,11.6,47,13.0827,80.2707
2025-01-26T15:00,27.8,60,29.9,0.0,0.0,3,87,11.5,46,13.0827,80.2707
2025-01-26T16:00,27.0,64,29.0,0.0,0.0,1,46,11.1,46,13.0827,80.2707
2025-01-26T17:00,26.1,68,28.2,0.0,0.0,2,59,10.3,43,13.0827,80.2707
2025-01-26T18:00,25.9,70,28.4,0.0,0.0,3,99,9.1,49,13.0827,80.2707
2025-01-26T19:00,25.6,73,28.4,0.0,0.0,3,100,8.3,48,13.0827,80.2707
2025-01-26T20:00,25.2,76,28.3,0.0,0.0,3,100,7.0,46,13.0827,80.2707
2025-01-26T21:00,24.7,79,28.1,0.0,0.0,3,100,6.2,46,13.0827,80.2707
2025-01-26T22:00,24.2,82,27.8,0.0,0.0,3,100,5.5,36,13.0827,80.2707
2025-01-26T23:00,23.6,86,27.4,0.0,0.0,3,100,4.4,21,13.0827,80.2707
2025-01-27T00:00,22.9,90,26.9,0.0,0.0,3,100,3.6,357,13.0827,80.2707
2025-01-27T01:00,22.5,92,26.2,0.0,0.0,3,100,5.0,339,13.0827,80.2707
2025-01-27T02:00,21.9,94,25.3,0.0,0.0,2,66,5.7,328,13.0827,80.2707
2025-01-27T03:00,21.4,95,24.7,0.0,0.0,3,94,5.6,318,13.0827,80.2707
2025-01-27T04:00,21.0,95,24.1,0.0,0.0,3,100,5.8,306,13.0827,80.2707
2025-01-27T05:00,20.8,95,23.8,0.0,0.0,3,100,5.4,290,13.0827,80.2707
2025-01-27T06:00,21.9,97,25.5,0.0,0.0,3,100,6.2,291,13.0827,80.2707
2025-01-27T07:00,22.3,96,26.1,0.0,0.0,3,81,6.1,293,13.0827,80.2707
2025-01-27T08:00,24.0,87,27.9,0.0,0.0,2,77,5.7,311,13.0827,80.2707
2025-01-27T09:00,26.0,74,29.6,0.0,0.0,3,97,5.7,347,13.0827,80.2707
2025-01-27T10:00,27.7,63,30.8,0.0,0.0,3,96,5.2,31,13.0827,80.2707
2025-01-27T11:00,28.8,52,31.8,0.0,0.0,3,81,7.6,62,13.0827,80.2707
2025-01-27T12:00,29.3,48,32.2,0.0,0.0,1,45,9.7,75,13.0827,80.2707
2025-01-27T13:00,29.2,49,31.9,0.0,0.0,0,14,10.8,75,13.0827,80.2707
2025-01-27T14:00,29.0,50,31.4,0.0,0.0,0,2,10.5,77,13.0827,80.2707
2025-01-27T15:00,28.3,54,30.1,0.0,0.0,0,5,10.6,76,13.0827,80.2707
2025-01-27T16:00,27.4,61,29.2,0.0,0.0,0,8,10.5,71,13.0827,80.2707
2025-01-27T17:00,26.2,70,28.7,0.0,0.0,0,0,10.0,64,13.0827,80.2707
2025-01-27T18:00,25.9,75,29.0,0.0,0.0,0,19,8.9,58,13.0827,80.2707
2025-01-27T19:00,25.4,82,29.1,0.0,0.0,0,13,8.0,54,13.0827,80.2707
2025-01-27T20:00,25.3,83,29.2,0.0,0.0,1,22,7.2,58,13.0827,80.2707
2025-01-27T21:00,25.3,80,28.9,0.0,0.0,3,96,7.1,71,13.0827,80.2707
2025-01-27T22:00,25.0,78,28.4,0.0,0.0,3,97,7.0,67,13.0827,80.2707
2025-01-27T23:00,24.5,81,27.9,0.0,0.0,3,87,6.3,53,13.0827,80.2707
2025-01-28T00:00,24.0,83,27.6,0.0,0.0,3,89,5.3,55,13.0827,80.2707
2025-01-28T01:00,23.7,84,27.2,0.0,0.0,2,78,4.8,63,13.0827,80.2707
2025-01-28T02:00,23.2,86,26.8,0.0,0.0,2,63,4.0,72,13.0827,80.2707
2025-01-28T03:00,23.2,86,27.0,0.0,0.0,3,84,2.8,72,13.0827,80.2707
2025-01-28T04:00,23.0,86,26.8,0.0,0.0,3,96,1.5,69,13.0827,80.2707
2025-01-28T05:00,22.0,90,25.9,0.0,0.0,3,97,0.9,53,13.0827,80.2707
2025-01-28T06:00,22.6,97,27.2,0.0,0.0,3,100,1.9,343,13.0827,80.2707
2025-01-28T07:00,23.0,94,27.3,0.0,0.0,3,96,4.0,339,13.0827,80.2707
2025-01-28T08:00,24.2,89,28.6,0.0,0.0,3,95,4.3,338,13.0827,80.2707
2025-01-28T09:00,26.5,69,30.0,0.0,0.0,3,96,3.3,347,13.0827,80.2707
2025-01-28T10:00,28.7,47,30.6,0.0,0.0,1,41,6.0,69,13.0827,80.2707
2025-01-28T11:00,29.3,44,31.3,0.0,0.0,2,60,10.3,74,13.0827,80.2707
2025-01-28T12:00,29.3,44,31.4,0.0,0.0,2,56,11.4,78,13.0827,80.2707
2025-01-28T13:00,29.4,41,31.6,0.0,0.0,2,60,9.2,87,13.0827,80.2707
2025-01-28T14:00,29.3,44,31.2,0.0,0.0,2,71,9.6,94,13.0827,80.2707
2025-01-28T15:00,28.8,47,29.9,0.0,0.0,2,61,8.8,88,13.0827,80.2707
2025-01-28T16:00,28.1,50,29.1,0.0,0.0,3,89,9.0,78,13.0827,80.2707
2025-01-28T17:00,27.1,56,28.7,0.0,0.0,3,99,7.7,78,13.0827,80.2707
2025-01-28T18:00,26.6,64,28.7,0.0,0.0,3,100,8.4,75,13.0827,80.2707
2025-01-28T19:00,26.2,69,28.9,0.0,0.0,3,100,8.1,66,13.0827,80.2707
2025-01-28T20:00,26.0,72,28.9,0.0,0.0,3,99,8.2,68,13.0827,80.2707
2025-01-28T21:00,25.6,75,28.7,0.0,0.0,3,100,7.9,69,13.0827,80.2707
2025-01-28T22:00,25.1,78,28.5,0.0,0.0,3,99,6.8,63,13.0827,80.2707
2025-01-28T23:00,25.0,79,28.6,0.0,0.0,3,99,4.9,36,13.0827,80.2707
2025-01-29T00:00,24.8,77,27.9,0.0,0.0,3,100,6.8,35,13.0827,80.2707
2025-01-29T01:00,24.5,74,27.3,0.0,0.0,3,100,5.4,40,13.0827,80.2707
2025-01-29T02:00,23.5,78,26.8,0.0,0.0,3,100,1.9,17,13.0827,80.2707
2025-01-29T03:00,22.9,81,26.2,0.0,0.0,3,99,1.3,344,13.0827,80.2707
2025-01-29T04:00,22.3,85,25.6,0.0,0.0,3,100,2.3,342,13.0827,80.2707
2025-01-29T05:00,22.1,86,25.3,0.0,0.0,3,100,2.5,356,13.0827,80.2707
2025-01-29T06:00,23.6,86,27.7,0.0,0.0,3,100,2.2,24,13.0827,80.2707
2025-01-29T07:00,24.6,78,27.8,0.0,0.0,3,99,5.5,23,13.0827,80.2707
2025-01-29T08:00,26.7,57,28.2,0.0,0.0,2,64,7.8,34,13.0827,80.2707
2025-01-29T09:00,28.0,50,28.6,0.0,0.0,0,11,11.7,45,13.0827,80.2707
2025-01-29T10:00,28.7,48,29.7,0.0,0.0,0,8,13.4,49,13.0827,80.2707
2025-01-29T11:00,29.0,48,30.5,0.0,0.0,1,49,14.9,53,13.0827,80.2707
2025-01-29T12:00,28.8,50,30.6,0.0,0.0,1,46,15.8,48,13.0827,80.2707
2025-01-29T13:00,28.8,48,30.5,0.0,0.0,1,22,14.7,47,13.0827,80.2707
2025-01-29T14:00,28.7,48,30.2,0.0,0.0,0,13,14.1,50,13.0827,80.2707
2025-01-29T15:00,28.2,50,28.9,0.0,0.0,0,19,14.3,46,13.0827,80.2707
2025-01-29T16:00,27.4,55,28.0,0.0,0.0,1,35,14.3,49,13.0827,80.2707
2025-01-29T17:00,26.4,61,27.5,0.0,0.0,0,3,12.9,49,13.0827,80.2707
2025-01-29T18:00,26.1,63,27.7,0.0,0.0,3,86,10.9,40,13.0827,80.2707
2025-01-29T19:00,25.7,67,27.4,0.0,0.0,1,23,11.1,27,13.0827,80.2707
2025-01-29T20:00,25.4,69,27.2,0.0,0.0,0,1,11.8,25,13.0827,80.2707
2025-01-29T21:00,25.1,71,27.1,0.0,0.0,0,1,10.9,22,13.0827,80.2707
2025-01-29T22:00,25.0,71,26.9,0.0,0.0,1,30,11.1,27,13.0827,80.2707
2025-01-29T23:00,24.8,73,27.0,0.0,0.0,0,12,9.4,18,13.0827,80.2707
2025-01-30T00:00,24.2,76,26.7,0.0,0.0,3,100,8.3,358,13.0827,80.2707
2025-01-30T01:00,24.0,77,26.5,0.0,0.0,3,100,8.3,342,13.0827,80.2707
2025-01-30T02:00,24.0,77,26.5,0.0,0.0,3,100,8.0,326,13.0827,80.2707
2025-01-30T03:00,23.7,80,26.5,0.0,0.0,3,100,7.5,320,13.0827,80.2707
2025-01-30T04:00,23.4,81,26.3,0.0,0.0,3,100,6.9,321,13.0827,80.2707
2025-01-30T05:00,23.1,81,25.6,0.0,0.0,3,100,8.0,312,13.0827,80.2707
2025-01-30T06:00,23.6,84,26.8,0.0,0.0,0,12,7.0,316,13.0827,80.2707
2025-01-30T07:00,23.7,82,26.8,0.0,0.0,0,8,6.6,307,13.0827,80.2707
2025-01-30T08:00,25.7,73,28.7,0.0,0.0,0,0,7.3,327,13.0827,80.2707
2025-01-30T09:00,27.7,66,30.8,0.0,0.0,0,1,7.4,3,13.0827,80.2707
2025-01-30T10:00,29.3,58,32.8,0.0,0.0,2,51,7.6,43,13.0827,80.2707
2025-01-30T11:00,30.3,54,33.9,0.0,0.0,1,44,9.0,53,13.0827,80.2707
2025-01-30T12:00,30.8,54,34.5,0.0,0.0,0,4,11.2,53,13.0827,80.2707
2025-01-30T13:00,30.7,55,34.0,0.0,0.0,0,8,12.7,58,13.0827,80.2707
2025-01-30T14:00,30.0,58,32.7,0.0,0.0,0,15,14.8,66,13.0827,80.2707
2025-01-30T15:00,28.9,62,31.0,0.0,0.0,0,8,15.2,66,13.0827,80.2707
2025-01-30T16:00,27.9,66,30.3,0.0,0.0,0,0,13.3,67,13.0827,80.2707
2025-01-30T17:00,26.9,72,29.7,0.0,0.0,0,1,12.1,65,13.0827,80.2707
2025-01-30T18:00,26.1,81,29.8,0.0,0.0,0,4,10.0,49,13.0827,80.2707
2025-01-30T19:00,25.8,84,29.7,0.0,0.0,0,1,10.3,67,13.0827,80.2707
2025-01-30T20:00,25.7,85,29.5,0.0,0.0,0,5,11.1,70,13.0827,80.2707
2025-01-30T21:00,25.7,84,29.4,0.0,0.0,0,0,10.9,77,13.0827,80.2707
2025-01-30T22:00,25.6,84,29.4,0.0,0.0,0,0,10.3,78,13.0827,80.2707
2025-01-30T23:00,25.4,85,29.3,0.0,0.0,0,0,10.0,81,13.0827,80.2707
2025-01-31T00:00,25.4,86,29.3,0.0,0.0,0,0,9.6,85,13.0827,80.2707
2025-01-31T01:00,25.3,87,29.5,0.0,0.0,0,0,8.1,91,13.0827,80.2707
2025-01-31T02:00,24.5,91,29.5,0.0,0.0,0,11,3.1,77,13.0827,80.2707
2025-01-31T03:00,24.0,94,29.3,0.0,0.0,1,28,0.6,34,13.0827,80.2707
2025-01-31T04:00,23.5,96,28.5,0.1,0.1,51,29,2.8,325,13.0827,80.2707
2025-01-31T05:00,23.0,97,27.6,0.0,0.0,2,50,4.4,305,13.0827,80.2707
2025-01-31T06:00,23.6,98,29.1,0.0,0.0,3,95,1.3,326,13.0827,80.2707
2025-01-31T07:00,24.2,95,29.6,0.0,0.0,2,66,2.3,356,13.0827,80.2707
2025-01-31T08:00,25.8,85,30.9,0.0,0.0,1,28,3.2,360,13.0827,80.2707
2025-01-31T09:00,27.9,72,32.2,0.0,0.0,1,25,6.2,57,13.0827,80.2707
2025-01-31T10:00,29.2,66,33.2,0.1,0.1,51,27,9.0,74,13.0827,80.2707
2025-01-31T11:00,29.9,63,34.4,0.1,0.1,51,30,11.0,79,13.0827,80.2707
2025-01-31T12:00,30.1,62,34.7,0.1,0.1,51,21,12.3,82,13.0827,80.2707
2025-01-31T13:00,30.1,62,34.6,0.0,0.0,0,15,13.0,85,13.0827,80.2707
2025-01-31T14:00,29.7,64,33.8,0.0,0.0,0,13,13.5,87,13.0827,80.2707
2025-01-31T15:00,29.4,66,32.8,0.0,0.0,1,24,13.4,83,13.0827,80.2707
2025-01-31T16:00,28.6,70,31.7,0.0,0.0,1,23,14.1,80,13.0827,80.2707
2025-01-31T17:00,27.5,76,31.0,0.0,0.0,0,8,12.5,83,13.0827,80.2707
2025-01-31T18:00,26.9,84,31.5,0.0,0.0,0,8,9.9,86,13.0827,80.2707
2025-01-31T19:00,26.7,86,31.6,0.0,0.0,0,8,8.3,84,13.0827,80.2707
2025-01-31T20:00,26.4,88,31.4,0.0,0.0,0,13,7.7,89,13.0827,80.2707
2025-01-31T21:00,26.2,88,31.1,0.0,0.0,0,13,8.6,101,13.0827,80.2707
2025-01-31T22:00,26.0,89,30.8,0.0,0.0,1,20,9.0,103,13.0827,80.2707
2025-01-31T23:00,25.8,90,30.6,0.0,0.0,0,16,8.9,104,13.0827,80.2707
2025-02-01T00:00,25.5,91,30.3,0.0,0.0,1,22,8.8,109,13.0827,80.2707
2025-02-01T01:00,25.3,93,30.2,0.0,0.0,3,90,7.9,114,13.0827,80.2707
2025-02-01T02:00,25.0,94,30.1,0.0,0.0,2,62,6.4,117,13.0827,80.2707
2025-02-01T03:00,24.3,96,29.7,0.0,0.0,1,37,3.2,106,13.0827,80.2707
2025-02-01T04:00,24.2,96,29.8,0.0,0.0,1,42,1.5,97,13.0827,80.2707
2025-02-01T05:00,23.9,98,29.6,0.1,0.1,51,43,0.6,72,13.0827,80.2707
2025-02-01T06:00,24.6,96,30.2,0.2,0.2,51,44,3.5,118,13.0827,80.2707
2025-02-01T07:00,25.3,94,30.9,0.2,0.2,51,19,3.7,79,13.0827,80.2707
2025-02-01T08:00,26.7,85,32.0,0.2,0.2,51,25,5.3,78,13.0827,80.2707
2025-02-01T09:00,28.3,71,32.7,0.1,0.1,51,27,5.6,73,13.0827,80.2707
2025-02-01T10:00,29.5,61,33.4,0.1,0.1,51,29,6.8,65,13.0827,80.2707
2025-02-01T11:00,30.2,58,34.5,0.0,0.0,2,57,8.3,68,13.0827,80.2707
2025-02-01T12:00,30.5,56,34.9,0.0,0.0,2,51,9.9,71,13.0827,80.2707
2025-02-01T13:00,30.3,57,34.6,0.1,0.1,51,53,10.8,69,13.0827,80.2707
2025-02-01T14:00,29.8,60,33.6,0.1,0.1,51,83,11.0,71,13.0827,80.2707
2025-02-01T15:00,29.2,64,32.4,0.0,0.0,1,24,11.4,77,13.0827,80.2707
2025-02-01T16:00,28.4,68,31.8,0.0,0.0,0,3,10.1,79,13.0827,80.2707
2025-02-01T17:00,27.4,74,31.0,0.0,0.0,0,2,9.8,77,13.0827,80.2707
2025-02-01T18:00,26.7,81,30.7,0.0,0.0,0,2,10.4,82,13.0827,80.2707
2025-02-01T19:00,26.5,82,30.5,0.0,0.0,0,1,10.5,84,13.0827,80.2707
2025-02-01T20:00,26.2,82,30.1,0.0,0.0,0,1,10.4,89,13.0827,80.2707
2025-02-01T21:00,26.0,83,29.8,0.0,0.0,0,1,10.3,97,13.0827,80.2707
2025-02-01T22:00,25.7,86,29.8,0.0,0.0,0,7,9.6,95,13.0827,80.2707
2025-02-01T23:00,25.3,88,29.8,0.0,0.0,1,24,7.2,91,13.0827,80.2707
2025-02-02T00:00,24.9,90,29.7,0.0,0.0,1,26,5.1,86,13.0827,80.2707
2025-02-02T01:00,24.6,91,29.4,0.0,0.0,1,32,4.5,92,13.0827,80.2707
2025-02-02T02:00,24.1,92,28.9,0.0,0.0,3,99,3.6,99,13.0827,80.2707
2025-02-02T03:00,23.6,93,28.3,0.0,0.0,3,84,3.3,112,13.0827,80.2707
2025-02-02T04:00,23.3,95,28.1,0.0,0.0,2,60,2.9,137,13.0827,80.2707
2025-02-02T05:00,23.0,98,28.0,0.1,0.1,51,52,1.0,202,13.0827,80.2707
2025-02-02T06:00,23.8,97,28.9,0.2,0.2,51,63,4.0,267,13.0827,80.2707
2025-02-02T07:00,24.0,96,29.1,0.1,0.1,51,69,4.7,293,13.0827,80.2707
2025-02-02T08:00,25.6,85,30.3,0.0,0.0,1,33,4.1,304,13.0827,80.2707
2025-02-02T09:00,27.5,69,31.5,0.0,0.0,1,32,3.2,304,13.0827,80.2707
2025-02-02T10:00,29.3,59,33.6,0.0,0.0,0,16,2.3,356,13.0827,80.2707
2025-02-02T11:00,30.5,51,34.9,0.0,0.0,0,4,4.6,54,13.0827,80.2707
2025-02-02T12:00,30.8,51,35.1,0.0,0.0,0,3,8.7,69,13.0827,80.2707
2025-02-02T13:00,30.4,55,34.3,0.0,0.0,0,18,12.1,78,13.0827,80.2707
2025-02-02T14:00,29.8,57,33.1,0.0,0.0,0,8,13.5,77,13.0827,80.2707
2025-02-02T15:00,29.0,60,31.4,0.0,0.0,0,9,13.4,70,13.0827,80.2707
2025-02-02T16:00,28.2,59,30.0,0.0,0.0,0,14,12.5,63,13.0827,80.2707
2025-02-02T17:00,27.2,60,28.8,0.0,0.0,0,16,11.4,63,13.0827,80.2707
2025-02-02T18:00,26.5,68,28.9,0.0,0.0,0,1,10.0,67,13.0827,80.2707
2025-02-02T19:00,26.2,69,28.7,0.0,0.0,0,0,9.2,69,13.0827,80.2707
2025-02-02T20:00,25.8,72,28.4,0.0,0.0,0,0,9.6,74,13.0827,80.2707
2025-02-02T21:00,25.5,75,28.3,0.0,0.0,0,0,9.4,79,13.0827,80.2707
2025-02-02T22:00,25.1,78,28.2,0.0,0.0,0,0,8.5,84,13.0827,80.2707
2025-02-02T23:00,24.7,81,28.2,0.0,0.0,3,94,6.3,97,13.0827,80.2707
2025-02-03T00:00,23.8,86,27.9,0.0,0.0,3,93,2.2,76,13.0827,80.2707
2025-02-03T01:00,22.7,91,26.8,0.0,0.0,3,89,2.2,336,13.0827,80.2707
2025-02-03T02:00,22.2,94,25.9,0.0,0.0,3,98,4.8,312,13.0827,80.2707
2025-02-03T03:00,21.5,95,24.7,0.0,0.0,3,85,5.8,304,13.0827,80.2707
2025-02-03T04:00,20.9,95,24.0,0.0,0.0,2,79,6.0,291,13.0827,80.2707
2025-02-03T05:00,20.4,98,23.3,0.0,0.0,3,88,5.9,282,13.0827,80.2707
2025-02-03T06:00,22.6,94,26.2,0.0,0.0,3,94,6.5,283,13.0827,80.2707
2025-02-03T07:00,23.5,88,27.1,0.0,0.0,1,42,6.4,281,13.0827,80.2707
2025-02-03T08:00,25.2,80,29.0,0.0,0.0,1,31,5.2,301,13.0827,80.2707
2025-02-03T09:00,27.2,69,31.2,0.0,0.0,0,13,2.1,15,13.0827,80.2707
2025-02-03T10:00,28.5,61,32.3,0.0,0.0,0,11,4.1,67,13.0827,80.2707
2025-02-03T11:00,29.5,57,34.0,0.0,0.0,0,6,6.6,77,13.0827,80.2707
2025-02-03T12:00,30.3,52,34.7,0.0,0.0,0,2,8.3,86,13.0827,80.2707
2025-02-03T13:00,30.8,48,34.5,0.0,0.0,0,2,9.4,95,13.0827,80.2707
2025-02-03T14:00,30.9,41,32.9,0.0,0.0,0,0,11.2,94,13.0827,80.2707
2025-02-03T15:00,30.1,41,30.6,0.0,0.0,0,0,12.4,90,13.0827,80.2707
2025-02-03T16:00,28.7,51,29.9,0.0,0.0,0,10,10.4,92,13.0827,80.2707
2025-02-03T17:00,27.2,64,29.6,0.0,0.0,2,66,9.6,95,13.0827,80.2707
2025-02-03T18:00,26.3,77,30.0,0.0,0.0,1,21,8.3,95,13.0827,80.2707
2025-02-03T19:00,26.1,76,29.7,0.0,0.0,1,21,6.4,108,13.0827,80.2707
2025-02-03T20:00,25.7,75,29.5,0.0,0.0,0,3,4.1,119,13.0827,80.2707
2025-02-03T21:00,25.2,77,28.9,0.0,0.0,0,1,3.9,114,13.0827,80.2707
2025-02-03T22:00,24.4,83,28.4,0.0,0.0,0,0,3.1,111,13.0827,80.2707
2025-02-03T23:00,23.8,87,27.9,0.0,0.0,0,0,3.3,99,13.0827,80.2707
2025-02-04T00:00,23.3,90,27.5,0.0,0.0,0,0,3.4,72,13.0827,80.2707
2025-02-04T01:00,23.0,92,27.4,0.0,0.0,2,70,1.7,41,13.0827,80.2707
2025-02-04T02:00,22.3,96,26.8,0.0,0.0,2,62,0.6,326,13.0827,80.2707
2025-02-04T03:00,21.3,99,25.6,0.0,0.0,3,100,0.8,297,13.0827,80.2707
2025-02-04T04:00,20.8,98,24.5,0.0,0.0,3,100,3.0,284,13.0827,80.2707
2025-02-04T05:00,20.9,98,24.5,0.0,0.0,3,100,3.9,294,13.0827,80.2707
2025-02-04T06:00,22.4,100,27.0,0.0,0.0,3,100,3.2,270,13.0827,80.2707
2025-02-04T07:00,22.9,98,27.5,0.0,0.0,3,100,3.7,299,13.0827,80.2707
2025-02-04T08:00,24.1,88,28.5,0.0,0.0,2,58,2.5,315,13.0827,80.2707
2025-02-04T09:00,26.2,72,30.2,0.0,0.0,2,68,1.8,336,13.0827,80.2707
2025-02-04T10:00,29.0,56,32.9,0.0,0.0,2,77,2.4,54,13.0827,80.2707
2025-02-04T11:00,31.0,42,34.1,0.0,0.0,1,44,6.4,72,13.0827,80.2707
2025-02-04T12:00,31.9,35,34.0,0.0,0.0,1,24,9.9,80,13.0827,80.2707
2025-02-04T13:00,32.0,33,33.4,0.0,0.0,2,52,10.9,82,13.0827,80.2707
2025-02-04T14:00,31.7,33,32.8,0.0,0.0,0,0,10.4,82,13.0827,80.2707
2025-02-04T15:00,31.0,38,31.7,0.0,0.0,0,1,10.2,80,13.0827,80.2707
2025-02-04T16:00,29.8,45,30.7,0.0,0.0,0,7,10.0,81,13.0827,80.2707
2025-02-04T17:00,28.2,58,30.3,0.0,0.0,0,5,8.6,80,13.0827,80.2707
2025-02-04T18:00,26.9,77,31.0,0.0,0.0,0,5,7.5,66,13.0827,80.2707
2025-02-04T19:00,26.3,85,31.1,0.0,0.0,3,82,6.6,57,13.0827,80.2707
2025-02-04T20:00,25.9,87,30.9,0.0,0.0,1,37,6.1,56,13.0827,80.2707
2025-02-04T21:00,25.7,88,30.7,0.0,0.0,0,0,5.7,53,13.0827,80.2707
2025-02-04T22:00,25.2,90,30.2,0.0,0.0,0,0,4.9,51,13.0827,80.2707
2025-02-04T23:00,24.7,92,29.8,0.0,0.0,0,0,4.1,49,13.0827,80.2707
2025-02-05T00:00,24.0,94,29.0,0.0,0.0,0,0,3.7,35,13.0827,80.2707
2025-02-05T01:00,23.6,97,28.5,0.0,0.0,0,1,3.6,57,13.0827,80.2707
2025-02-05T02:00,23.3,99,28.4,0.0,0.0,3,89,3.2,87,13.0827,80.2707
2025-02-05T03:00,23.3,98,28.6,0.0,0.0,3,92,1.2,117,13.0827,80.2707
2025-02-05T04:00,22.9,99,28.1,0.0,0.0,1,49,0.7,256,13.0827,80.2707
2025-02-05T05:00,22.7,99,27.1,0.0,0.0,3,100,5.6,274,13.0827,80.2707
2025-02-05T06:00,23.2,100,28.0,0.0,0.0,3,100,4.9,276,13.0827,80.2707
2025-02-05T07:00,23.4,98,28.2,0.0,0.0,3,100,4.3,265,13.0827,80.2707
2025-02-05T08:00,24.7,89,29.4,0.0,0.0,3,83,4.7,242,13.0827,80.2707
2025-02-05T09:00,26.9,74,31.3,0.0,0.0,1,34,3.2,243,13.0827,80.2707
2025-02-05T10:00,29.3,58,33.6,0.0,0.0,0,9,1.6,186,13.0827,80.2707
2025-02-05T11:00,31.1,45,34.9,0.0,0.0,0,13,4.8,110,13.0827,80.2707
2025-02-05T12:00,31.9,40,34.9,0.0,0.0,0,4,8.9,103,13.0827,80.2707
2025-02-05T13:00,32.0,37,34.1,0.0,0.0,0,5,11.4,103,13.0827,80.2707
2025-02-05T14:00,31.5,36,32.6,0.0,0.0,0,2,12.2,109,13.0827,80.2707
2025-02-05T15:00,30.7,38,31.1,0.0,0.0,0,1,11.6,116,13.0827,80.2707
2025-02-05T16:00,29.6,44,30.0,0.0,0.0,0,6,10.8,123,13.0827,80.2707
2025-02-05T17:00,28.2,53,29.6,0.0,0.0,0,7,8.7,120,13.0827,80.2707
2025-02-05T18:00,27.5,66,30.5,0.0,0.0,0,3,7.5,100,13.0827,80.2707
2025-02-05T19:00,26.9,73,30.5,0.0,0.0,0,0,7.0,91,13.0827,80.2707
2025-02-05T20:00,26.6,73,30.1,0.0,0.0,0,0,6.8,90,13.0827,80.2707
2025-02-05T21:00,26.4,72,29.6,0.0,0.0,0,0,7.0,87,13.0827,80.2707
2025-02-05T22:00,26.0,73,29.2,0.0,0.0,0,0,7.4,87,13.0827,80.2707
2025-02-05T23:00,25.7,76,29.1,0.0,0.0,0,1,6.5,90,13.0827,80.2707
2025-02-06T00:00,25.3,79,29.0,0.0,0.0,0,4,5.4,84,13.0827,80.2707
2025-02-06T01:00,24.6,82,28.6,0.0,0.0,1,28,4.1,88,13.0827,80.2707
2025-02-06T02:00,24.1,86,28.3,0.0,0.0,0,18,2.9,79,13.0827,80.2707
2025-02-06T03:00,24.0,86,28.4,0.0,0.0,0,7,1.5,69,13.0827,80.2707
2025-02-06T04:00,23.4,89,27.7,0.0,0.0,0,1,1.7,108,13.0827,80.2707
2025-02-06T05:00,22.5,94,26.8,0.0,0.0,0,0,1.9,124,13.0827,80.2707
2025-02-06T06:00,22.7,99,27.7,0.0,0.0,3,99,1.8,37,13.0827,80.2707
2025-02-06T07:00,23.6,95,28.7,0.0,0.0,3,83,1.3,34,13.0827,80.2707
2025-02-06T08:00,25.6,83,30.5,0.0,0.0,0,15,1.4,40,13.0827,80.2707
2025-02-06T09:00,27.8,65,31.2,0.0,0.0,0,6,5.4,88,13.0827,80.2707
2025-02-06T10:00,29.3,55,32.4,0.0,0.0,0,1,7.2,89,13.0827,80.2707
2025-02-06T11:00,30.2,47,33.4,0.0,0.0,0,0,8.8,88,13.0827,80.2707
2025-02-06T12:00,30.7,43,33.6,0.0,0.0,0,0,9.6,87,13.0827,80.2707
2025-02-06T13:00,30.7,43,33.6,0.0,0.0,0,0,10.0,84,13.0827,80.2707
2025-02-06T14:00,30.5,45,33.1,0.0,0.0,0,0,10.1,84,13.0827,80.2707
2025-02-06T15:00,29.8,51,31.9,0.0,0.0,0,0,10.6,87,13.0827,80.2707
2025-02-06T16:00,28.7,58,30.8,0.0,0.0,0,0,10.6,92,13.0827,80.2707
2025-02-06T17:00,27.5,65,30.1,0.0,0.0,1,33,9.4,94,13.0827,80.2707
2025-02-06T18:00,27.1,72,30.7,0.0,0.0,2,50,7.6,76,13.0827,80.2707
2025-02-06T19:00,26.7,75,30.4,0.0,0.0,0,3,7.3,62,13.0827,80.2707
2025-02-06T20:00,26.4,75,30.1,0.0,0.0,0,1,7.0,72,13.0827,80.2707
2025-02-06T21:00,26.1,75,29.6,0.0,0.0,0,0,7.4,94,13.0827,80.2707
2025-02-06T22:00,25.8,78,29.5,0.0,0.0,0,0,6.5,93,13.0827,80.2707
2025-02-06T23:00,24.8,84,29.2,0.0,0.0,0,6,3.4,74,13.0827,80.2707
2025-02-07T00:00,24.2,88,28.8,0.0,0.0,1,20,2.7,42,13.0827,80.2707
2025-02-07T01:00,23.8,90,28.5,0.0,0.0,1,22,2.0,27,13.0827,80.2707
2025-02-07T02:00,23.4,92,28.2,0.0,0.0,1,31,0.9,53,13.0827,80.2707
2025-02-07T03:00,22.7,96,27.6,0.0,0.0,1,21,0.3,315,13.0827,80.2707
2025-02-07T04:00,22.2,98,26.6,0.0,0.0,3,100,3.1,283,13.0827,80.2707
2025-02-07T05:00,22.0,97,25.9,0.0,0.0,3,100,4.9,276,13.0827,80.2707
2025-02-07T06:00,22.3,97,26.4,0.0,0.0,3,100,5.4,270,13.0827,80.2707
2025-02-07T07:00,22.7,95,26.7,0.0,0.0,3,100,5.2,276,13.0827,80.2707
2025-02-07T08:00,24.1,89,28.4,0.0,0.0,3,96,4.8,290,13.0827,80.2707
2025-02-07T09:00,26.9,74,31.6,0.0,0.0,0,19,1.2,309,13.0827,80.2707
2025-02-07T10:00,28.7,63,32.8,0.0,0.0,0,2,4.4,109,13.0827,80.2707
2025-02-07T11:00,30.2,52,34.1,0.0,0.0,0,4,7.4,103,13.0827,80.2707
2025-02-07T12:00,31.0,47,34.7,0.0,0.0,2,55,9.6,96,13.0827,80.2707
2025-02-07T13:00,30.9,47,34.1,0.0,0.0,3,96,11.4,94,13.0827,80.2707
2025-02-07T14:00,30.4,49,33.3,0.0,0.0,3,88,11.6,94,13.0827,80.2707
2025-02-07T15:00,29.7,53,32.3,0.0,0.0,3,90,10.4,90,13.0827,80.2707
2025-02-07T16:00,28.9,58,31.2,0.0,0.0,3,97,9.8,83,13.0827,80.2707
2025-02-07T17:00,27.6,68,30.6,0.0,0.0,3,91,9.0,75,13.0827,80.2707
2025-02-07T18:00,26.9,75,30.6,0.0,0.0,3,99,8.6,59,13.0827,80.2707
2025-02-07T19:00,26.5,78,30.4,0.0,0.0,3,87,7.8,52,13.0827,80.2707
2025-02-07T20:00,26.2,79,30.3,0.0,0.0,2,73,6.4,58,13.0827,80.2707
2025-02-07T21:00,25.8,82,30.2,0.0,0.0,3,95,5.5,63,13.0827,80.2707
2025-02-07T22:00,25.5,85,30.1,0.0,0.0,2,79,4.8,59,13.0827,80.2707
2025-02-07T23:00,24.6,90,29.5,0.0,0.0,3,95,3.2,52,13.0827,80.2707
2025-02-08T00:00,24.2,91,29.3,0.0,0.0,3,81,1.4,23,13.0827,80.2707
2025-02-08T01:00,23.4,96,28.4,0.0,0.0,2,52,1.8,336,13.0827,80.2707
2025-02-08T02:00,23.0,98,27.8,0.0,0.0,1,28,2.7,318,13.0827,80.2707
2025-02-08T03:00,22.6,98,27.1,0.0,0.0,3,100,3.0,303,13.0827,80.2707
2025-02-08T04:00,22.2,98,26.5,0.0,0.0,3,99,3.0,284,13.0827,80.2707
2025-02-08T05:00,22.0,97,26.1,0.0,0.0,3,100,3.2,273,13.0827,80.2707
2025-02-08T06:00,23.4,99,28.3,0.0,0.0,3,100,4.4,291,13.0827,80.2707
2025-02-08T07:00,23.7,96,28.4,0.0,0.0,3,100,5.4,290,13.0827,80.2707
2025-02-08T08:00,24.9,90,29.8,0.0,0.0,3,93,4.8,297,13.0827,80.2707
2025-02-08T09:00,27.1,75,31.6,0.0,0.0,3,91,3.0,308,13.0827,80.2707
2025-02-08T10:00,29.4,59,34.0,0.0,0.0,3,95,2.2,35,13.0827,80.2707
2025-02-08T11:00,31.0,48,34.8,0.0,0.0,2,75,6.7,71,13.0827,80.2707
2025-02-08T12:00,31.6,43,34.7,0.0,0.0,3,88,10.4,80,13.0827,80.2707
2025-02-08T13:00,31.3,44,34.0,0.0,0.0,3,90,12.2,82,13.0827,80.2707
2025-02-08T14:00,30.8,46,33.2,0.0,0.0,3,100,12.1,84,13.0827,80.2707
2025-02-08T15:00,29.9,53,32.1,0.0,0.0,3,97,11.9,87,13.0827,80.2707
2025-02-08T16:00,29.0,57,31.0,0.0,0.0,1,25,11.2,91,13.0827,80.2707
2025-02-08T17:00,27.8,64,30.2,0.0,0.0,2,77,10.2,97,13.0827,80.2707
2025-02-08T18:00,27.2,74,31.0,0.0,0.0,2,75,8.3,84,13.0827,80.2707
2025-02-08T19:00,26.9,76,30.9,0.0,0.0,0,6,7.5,79,13.0827,80.2707
2025-02-08T20:00,26.8,77,30.9,0.0,0.0,0,0,6.7,74,13.0827,80.2707
2025-02-08T21:00,26.5,78,30.7,0.0,0.0,0,0,5.8,64,13.0827,80.2707
2025-02-08T22:00,26.1,80,30.3,0.0,0.0,0,0,6.1,50,13.0827,80.2707
2025-02-08T23:00,25.7,82,30.0,0.0,0.0,0,0,6.2,41,13.0827,80.2707
2025-02-09T00:00,25.2,86,29.8,0.0,0.0,0,0,4.1,41,13.0827,80.2707
2025-02-09T01:00,24.5,90,29.5,0.0,0.0,0,0,1.4,23,13.0827,80.2707
2025-02-09T02:00,23.6,94,28.6,0.0,0.0,0,2,1.5,324,13.0827,80.2707
2025-02-09T03:00,23.1,96,27.9,0.0,0.0,1,27,2.5,300,13.0827,80.2707
2025-02-09T04:00,22.6,98,27.0,0.0,0.0,2,51,4.1,293,13.0827,80.2707
2025-02-09T05:00,22.2,98,26.2,0.0,0.0,3,83,5.3,294,13.0827,80.2707
2025-02-09T06:00,23.2,98,27.7,0.0,0.0,3,100,6.1,294,13.0827,80.2707
2025-02-09T07:00,23.6,99,28.5,0.0,0.0,3,100,5.6,297,13.0827,80.2707
2025-02-09T08:00,25.1,91,30.4,0.0,0.0,3,100,3.2,313,13.0827,80.2707
2025-02-09T09:00,27.2,76,31.8,0.1,0.1,51,16,3.7,67,13.0827,80.2707
2025-02-09T10:00,29.2,62,32.7,0.1,0.1,51,86,9.4,85,13.0827,80.2707
2025-02-09T11:00,30.1,55,33.7,0.0,0.0,2,71,11.6,84,13.0827,80.2707
2025-02-09T12:00,30.3,54,34.1,0.0,0.0,3,92,12.2,82,13.0827,80.2707
2025-02-09T13:00,30.4,51,33.8,0.0,0.0,2,78,12.2,77,13.0827,80.2707
2025-02-09T14:00,30.1,53,33.0,0.0,0.0,2,76,12.3,79,13.0827,80.2707
2025-02-09T15:00,29.7,54,32.0,0.0,0.0,2,64,11.9,80,13.0827,80.2707
2025-02-09T16:00,28.9,59,31.2,0.0,0.0,3,100,11.0,80,13.0827,80.2707
2025-02-09T17:00,28.0,64,30.6,0.0,0.0,3,89,10.0,75,13.0827,80.2707
2025-02-09T18:00,27.3,73,30.8,0.0,0.0,1,23,9.7,63,13.0827,80.2707
2025-02-09T19:00,27.0,75,30.7,0.0,0.0,0,11,9.6,53,13.0827,80.2707
2025-02-09T20:00,26.9,76,30.4,0.0,0.0,0,12,10.1,49,13.0827,80.2707
2025-02-09T21:00,26.7,77,30.4,0.0,0.0,0,6,9.3,47,13.0827,80.2707
2025-02-09T22:00,26.5,77,30.1,0.0,0.0,0,9,9.0,57,13.0827,80.2707
2025-02-09T23:00,26.2,78,30.0,0.0,0.0,0,5,8.1,61,13.0827,80.2707
2025-02-10T00:00,25.8,80,29.7,0.0,0.0,0,4,7.3,48,13.0827,80.2707
2025-02-10T01:00,25.4,82,29.4,0.0,0.0,0,12,6.4,40,13.0827,80.2707
2025-02-10T02:00,24.9,85,29.2,0.0,0.0,0,15,4.7,43,13.0827,80.2707
2025-02-10T03:00,24.2,89,28.6,0.0,0.0,0,17,3.8,59,13.0827,80.2707
2025-02-10T04:00,23.9,89,28.3,0.0,0.0,1,24,3.7,67,13.0827,80.2707
2025-02-10T05:00,23.8,90,28.1,0.0,0.0,1,27,3.5,69,13.0827,80.2707
2025-02-10T06:00,24.6,90,29.1,0.1,0.1,51,26,5.6,86,13.0827,80.2707
2025-02-10T07:00,25.5,83,29.6,0.0,0.0,1,27,6.7,93,13.0827,80.2707
2025-02-10T08:00,27.4,66,30.0,0.0,0.0,1,22,9.9,95,13.0827,80.2707
2025-02-10T09:00,28.6,54,29.7,0.0,0.0,0,11,13.0,92,13.0827,80.2707
2025-02-10T10:00,29.3,46,30.5,0.0,0.0,0,1,12.1,90,13.0827,80.2707
2025-02-10T11:00,30.1,38,31.3,0.0,0.0,0,1,11.7,93,13.0827,80.2707
2025-02-10T12:00,30.3,37,31.6,0.0,0.0,0,7,11.9,91,13.0827,80.2707
2025-02-10T13:00,30.2,39,31.8,0.0,0.0,3,94,11.4,86,13.0827,80.2707
2025-02-10T14:00,29.9,43,31.6,0.0,0.0,3,96,11.5,82,13.0827,80.2707
2025-02-10T15:00,29.5,48,30.9,0.0,0.0,3,91,11.6,75,13.0827,80.2707
2025-02-10T16:00,29.0,49,29.8,0.0,0.0,3,98,12.0,58,13.0827,80.2707
2025-02-10T17:00,28.0,53,28.9,0.0,0.0,3,97,11.6,49,13.0827,80.2707
2025-02-10T18:00,27.3,65,29.5,0.0,0.0,3,84,11.3,42,13.0827,80.2707
2025-02-10T19:00,27.1,66,29.5,0.0,0.0,2,77,10.6,39,13.0827,80.2707
2025-02-10T20:00,26.8,66,29.1,0.0,0.0,2,70,10.5,41,13.0827,80.2707
2025-02-10T21:00,26.6,65,28.8,0.0,0.0,2,72,9.8,41,13.0827,80.2707
2025-02-10T22:00,26.3,67,28.5,0.0,0.0,2,72,9.7,50,13.0827,80.2707
2025-02-10T23:00,26.0,69,28.3,0.0,0.0,2,73,9.8,54,13.0827,80.2707
2025-02-11T00:00,25.5,71,27.9,0.0,0.0,3,85,9.0,64,13.0827,80.2707
2025-02-11T01:00,25.1,72,27.6,0.0,0.0,2,77,7.8,67,13.0827,80.2707
2025-02-11T02:00,24.6,75,27.5,0.0,0.0,3,82,5.5,71,13.0827,80.2707
2025-02-11T03:00,23.7,81,27.0,0.0,0.0,3,88,3.8,90,13.0827,80.2707
2025-02-11T04:00,23.7,81,27.3,0.0,0.0,3,95,1.9,107,13.0827,80.2707
2025-02-11T05:00,23.1,83,26.8,0.0,0.0,3,92,1.0,135,13.0827,80.2707
2025-02-11T06:00,23.7,87,28.0,0.0,0.0,2,60,1.7,131,13.0827,80.2707
2025-02-11T07:00,24.4,83,28.6,0.0,0.0,3,90,1.8,174,13.0827,80.2707
2025-02-11T08:00,26.1,72,29.9,0.0,0.0,2,52,1.8,186,13.0827,80.2707
2025-02-11T09:00,27.9,59,30.8,0.0,0.0,1,41,3.1,130,13.0827,80.2707
2025-02-11T10:00,29.2,51,32.5,0.0,0.0,2,62,3.9,103,13.0827,80.2707
2025-02-11T11:00,30.3,47,33.8,0.0,0.0,1,29,6.5,90,13.0827,80.2707
2025-02-11T12:00,30.8,47,34.5,0.0,0.0,2,76,9.4,88,13.0827,80.2707
2025-02-11T13:00,30.9,46,34.1,0.0,0.0,3,86,11.4,79,13.0827,80.2707
2025-02-11T14:00,30.9,37,32.0,0.0,0.0,3,92,13.0,80,13.0827,80.2707
2025-02-11T15:00,30.1,36,29.9,0.0,0.0,3,96,13.3,81,13.0827,80.2707
2025-02-11T16:00,28.6,48,29.1,0.0,0.0,3,89,12.2,76,13.0827,80.2707
2025-02-11T17:00,27.3,58,28.9,0.0,0.0,3,92,10.7,73,13.0827,80.2707
2025-02-11T18:00,26.5,69,29.2,0.0,0.0,3,100,9.5,69,13.0827,80.2707
2025-02-11T19:00,26.3,70,29.1,0.0,0.0,3,100,8.1,77,13.0827,80.2707
2025-02-11T20:00,26.1,73,29.2,0.0,0.0,3,96,7.2,94,13.0827,80.2707
2025-02-11T21:00,25.7,77,29.2,0.0,0.0,3,100,7.0,94,13.0827,80.2707
2025-02-11T22:00,25.4,80,29.1,0.0,0.0,3,96,7.1,96,13.0827,80.2707
2025-02-11T23:00,25.1,82,28.8,0.0,0.0,3,91,6.7,96,13.0827,80.2707
2025-02-12T00:00,24.7,83,28.6,0.0,0.0,3,100,6.0,93,13.0827,80.2707
2025-02-12T01:00,23.8,88,28.0,0.0,0.0,3,100,3.4,84,13.0827,80.2707
2025-02-12T02:00,23.5,89,28.0,0.0,0.0,3,98,1.5,45,13.0827,80.2707
2025-02-12T03:00,22.7,94,27.2,0.0,0.0,3,100,0.6,326,13.0827,80.2707
2025-02-12T04:00,22.2,96,26.2,0.0,0.0,3,99,3.8,301,13.0827,80.2707
2025-02-12T05:00,21.4,98,25.1,0.0,0.0,3,97,4.9,298,13.0827,80.2707
2025-02-12T06:00,22.5,96,26.4,0.0,0.0,3,100,6.1,294,13.0827,80.2707
2025-02-12T07:00,22.9,94,26.9,0.0,0.0,3,95,5.7,279,13.0827,80.2707
2025-02-12T08:00,24.8,82,28.4,0.0,0.0,3,87,6.3,267,13.0827,80.2707
2025-02-12T09:00,26.8,69,30.4,0.0,0.0,3,84,3.7,241,13.0827,80.2707
2025-02-12T10:00,28.7,60,33.3,0.0,0.0,1,39,1.2,243,13.0827,80.2707
2025-02-12T11:00,30.4,50,35.3,0.0,0.0,1,46,2.5,98,13.0827,80.2707
2025-02-12T12:00,31.6,45,36.0,0.0,0.0,1,25,6.0,81,13.0827,80.2707
2025-02-12T13:00,31.4,49,35.6,0.0,0.0,2,54,10.5,83,13.0827,80.2707
2025-02-12T14:00,30.9,49,34.1,0.0,0.0,2,61,12.1,87,13.0827,80.2707
2025-02-12T15:00,30.5,41,31.4,0.0,0.0,2,74,12.2,88,13.0827,80.2707
2025-02-12T16:00,29.2,46,29.7,0.0,0.0,2,61,11.7,93,13.0827,80.2707
2025-02-12T17:00,27.7,56,29.2,0.0,0.0,3,98,10.1,91,13.0827,80.2707
2025-02-12T18:00,26.6,70,29.6,0.0,0.0,2,79,8.5,95,13.0827,80.2707
2025-02-12T19:00,26.2,72,29.2,0.0,0.0,2,77,8.3,101,13.0827,80.2707
2025-02-12T20:00,25.8,74,29.1,0.0,0.0,1,37,6.7,95,13.0827,80.2707
2025-02-12T21:00,25.4,78,29.0,0.0,0.0,1,41,6.1,88,13.0827,80.2707
2025-02-12T22:00,24.7,83,28.8,0.0,0.0,1,26,4.4,81,13.0827,80.2707
2025-02-12T23:00,23.9,88,28.1,0.0,0.0,0,0,3.2,87,13.0827,80.2707
2025-02-13T00:00,23.5,89,27.8,0.0,0.0,0,0,2.3,72,13.0827,80.2707
2025-02-13T01:00,22.9,91,27.3,0.0,0.0,2,57,1.1,90,13.0827,80.2707
2025-02-13T02:00,22.6,93,27.2,0.0,0.0,1,37,0.4,243,13.0827,80.2707
2025-02-13T03:00,22.2,96,26.6,0.0,0.0,3,85,1.5,300,13.0827,80.2707
2025-02-13T04:00,21.7,98,25.7,0.0,0.0,3,100,3.6,297,13.0827,80.2707
2025-02-13T05:00,21.1,98,24.6,0.0,0.0,3,99,4.6,281,13.0827,80.2707
2025-02-13T06:00,22.6,98,26.7,0.0,0.0,3,99,6.3,268,13.0827,80.2707
2025-02-13T07:00,22.8,93,26.5,0.0,0.0,3,98,6.9,264,13.0827,80.2707
2025-02-13T08:00,24.6,77,27.6,0.0,0.0,3,89,6.5,242,13.0827,80.2707
2025-02-13T09:00,26.5,68,29.6,0.0,0.0,2,55,5.3,213,13.0827,80.2707
2025-02-13T10:00,28.6,58,32.5,0.0,0.0,2,56,5.1,163,13.0827,80.2707
2025-02-13T11:00,30.4,48,34.3,0.0,0.0,2,63,6.5,136,13.0827,80.2707
2025-02-13T12:00,31.5,42,35.0,0.0,0.0,2,63,8.5,122,13.0827,80.2707
2025-02-13T13:00,31.8,39,34.5,0.0,0.0,2,79,10.3,115,13.0827,80.2707
2025-02-13T14:00,31.5,39,33.4,0.0,0.0,2,72,11.5,113,13.0827,80.2707
2025-02-13T15:00,30.4,47,32.1,0.0,0.0,3,81,12.0,116,13.0827,80.2707
2025-02-13T16:00,28.9,57,30.7,0.0,0.0,3,97,12.2,123,13.0827,80.2707
2025-02-13T17:00,27.5,64,29.7,0.0,0.0,3,96,11.0,125,13.0827,80.2707
2025-02-13T18:00,26.3,70,28.9,0.0,0.0,3,94,9.9,125,13.0827,80.2707
2025-02-13T19:00,25.9,74,28.9,0.0,0.0,3,83,9.0,125,13.0827,80.2707
2025-02-13T20:00,25.6,76,28.7,0.0,0.0,3,80,7.9,129,13.0827,80.2707
2025-02-13T21:00,25.3,77,28.8,0.0,0.0,3,82,5.4,130,13.0827,80.2707
2025-02-13T22:00,24.5,82,28.4,0.0,0.0,1,24,3.8,135,13.0827,80.2707
2025-02-13T23:00,23.7,87,27.8,0.0,0.0,0,1,3.4,162,13.0827,80.2707
2025-02-14T00:00,23.1,90,27.2,0.0,0.0,0,0,3.2,180,13.0827,80.2707
2025-02-14T01:00,22.7,91,26.7,0.0,0.0,0,0,3.5,204,13.0827,80.2707
2025-02-14T02:00,22.4,93,26.0,0.0,0.0,0,1,5.7,221,13.0827,80.2707
2025-02-14T03:00,21.7,96,25.0,0.0,0.0,1,47,6.9,239,13.0827,80.2707
2025-02-14T04:00,21.1,97,24.1,0.0,0.0,3,97,7.6,258,13.0827,80.2707
2025-02-14T05:00,20.7,97,23.5,0.0,0.0,3,100,7.8,257,13.0827,80.2707
2025-02-14T06:00,21.8,98,25.4,0.0,0.0,3,100,6.5,246,13.0827,80.2707
2025-02-14T07:00,22.3,95,26.0,0.0,0.0,3,95,6.1,242,13.0827,80.2707
2025-02-14T08:00,23.9,86,27.5,0.0,0.0,1,24,7.0,220,13.0827,80.2707
2025-02-14T09:00,26.0,74,29.5,0.0,0.0,1,36,6.3,198,13.0827,80.2707
2025-02-14T10:00,28.2,61,32.0,0.0,0.0,1,25,5.6,182,13.0827,80.2707
2025-02-14T11:00,30.4,49,34.5,0.0,0.0,0,0,5.6,149,13.0827,80.2707
2025-02-14T12:00,31.9,41,35.5,0.0,0.0,0,0,7.9,131,13.0827,80.2707
2025-02-14T13:00,32.3,38,35.1,0.0,0.0,0,0,10.2,126,13.0827,80.2707
2025-02-14T14:00,31.9,37,33.6,0.0,0.0,0,0,12.1,127,13.0827,80.2707
2025-02-14T15:00,31.1,39,31.9,0.0,0.0,0,0,12.4,131,13.0827,80.2707
2025-02-14T16:00,29.9,46,30.7,0.0,0.0,0,0,10.9,128,13.0827,80.2707
2025-02-14T17:00,28.0,59,29.9,0.0,0.0,0,0,10.9,128,13.0827,80.2707
2025-02-14T18:00,26.4,78,29.9,0.0,0.0,0,0,10.1,130,13.0827,80.2707
2025-02-14T19:00,26.0,80,29.7,0.0,0.0,0,0,9.4,132,13.0827,80.2707
2025-02-14T20:00,25.7,81,29.3,0.0,0.0,0,0,9.7,133,13.0827,80.2707
2025-02-14T21:00,25.4,83,29.3,0.0,0.0,0,0,8.7,137,13.0827,80.2707
2025-02-14T22:00,25.0,85,29.0,0.0,0.0,0,0,7.5,136,13.0827,80.2707
2025-02-14T23:00,24.7,87,28.8,0.0,0.0,0,0,6.1,137,13.0827,80.2707
2025-02-15T00:00,23.7,92,28.2,0.0,0.0,0,4,3.3,151,13.0827,80.2707
2025-02-15T01:00,23.3,93,27.9,0.0,0.0,0,13,3.1,193,13.0827,80.2707
2025-02-15T02:00,23.1,94,27.5,0.0,0.0,1,23,4.2,227,13.0827,80.2707
2025-02-15T03:00,22.6,96,26.6,0.0,0.0,2,58,6.5,240,13.0827,80.2707
2025-02-15T04:00,22.0,98,25.6,0.0,0.0,3,88,7.7,254,13.0827,80.2707
2025-02-15T05:00,21.9,98,25.5,0.0,0.0,3,100,7.1,255,13.0827,80.2707
2025-02-15T06:00,23.2,96,27.3,0.0,0.0,3,100,6.8,258,13.0827,80.2707
2025-02-15T07:00,23.9,90,27.8,0.0,0.0,1,45,7.3,245,13.0827,80.2707
2025-02-15T08:00,25.5,80,29.2,0.0,0.0,0,16,7.0,230,13.0827,80.2707
2025-02-15T09:00,27.5,68,31.1,0.0,0.0,0,6,5.1,219,13.0827,80.2707
2025-02-15T10:00,29.6,58,34.1,0.0,0.0,0,3,3.4,164,13.0827,80.2707
2025-02-15T11:00,31.1,50,35.7,0.0,0.0,0,6,6.3,125,13.0827,80.2707
2025-02-15T12:00,31.3,53,36.0,0.0,0.0,2,73,10.7,119,13.0827,80.2707
2025-02-15T13:00,31.0,51,34.6,0.0,0.0,2,73,14.0,120,13.0827,80.2707
2025-02-15T14:00,30.5,49,32.8,0.0,0.0,2,79,14.4,123,13.0827,80.2707
2025-02-15T15:00,29.8,53,31.9,0.0,0.0,2,63,13.3,125,13.0827,80.2707
2025-02-15T16:00,29.0,61,31.2,0.0,0.0,3,85,12.8,124,13.0827,80.2707
2025-02-15T17:00,27.7,68,30.3,0.0,0.0,3,80,12.4,126,13.0827,80.2707
2025-02-15T18:00,26.7,74,30.0,0.0,0.0,0,0,9.8,116,13.0827,80.2707
2025-02-15T19:00,26.3,77,29.8,0.0,0.0,0,0,9.6,116,13.0827,80.2707
2025-02-15T20:00,26.1,80,29.7,0.0,0.0,0,0,10.4,113,13.0827,80.2707
2025-02-15T21:00,26.0,81,29.5,0.0,0.0,0,1,10.5,114,13.0827,80.2707
2025-02-15T22:00,25.7,81,29.2,0.0,0.0,0,1,10.4,116,13.0827,80.2707
2025-02-15T23:00,25.4,83,29.0,0.0,0.0,0,3,10.1,121,13.0827,80.2707
2025-02-16T00:00,25.1,86,28.8,0.0,0.0,0,5,10.0,131,13.0827,80.2707
2025-02-16T01:00,24.8,87,28.6,0.0,0.0,0,13,9.2,133,13.0827,80.2707
2025-02-16T02:00,24.6,88,28.6,0.0,0.0,0,15,7.9,153,13.0827,80.2707
2025-02-16T03:00,24.1,90,28.4,0.0,0.0,0,19,5.8,189,13.0827,80.2707
2025-02-16T04:00,23.6,93,27.8,0.0,0.0,1,28,6.0,221,13.0827,80.2707
2025-02-16T05:00,22.9,96,26.8,0.0,0.0,1,37,6.9,247,13.0827,80.2707
2025-02-16T06:00,23.1,96,27.1,0.0,0.0,1,43,7.2,267,13.0827,80.2707
2025-02-16T07:00,23.6,92,27.7,0.0,0.0,1,35,6.1,273,13.0827,80.2707
2025-02-16T08:00,25.9,79,29.9,0.0,0.0,0,1,5.6,245,13.0827,80.2707
2025-02-16T09:00,28.0,66,31.7,0.0,0.0,0,9,5.1,197,13.0827,80.2707
2025-02-16T10:00,29.9,55,34.0,0.0,0.0,0,0,4.0,148,13.0827,80.2707
2025-02-16T11:00,31.3,47,35.3,0.0,0.0,0,0,6.6,112,13.0827,80.2707
2025-02-16T12:00,31.7,45,35.3,0.0,0.0,0,0,10.5,107,13.0827,80.2707
2025-02-16T13:00,31.5,44,34.4,0.0,0.0,0,0,12.9,103,13.0827,80.2707
2025-02-16T14:00,31.1,44,33.2,0.0,0.0,0,0,13.4,101,13.0827,80.2707
2025-02-16T15:00,30.2,48,31.8,0.0,0.0,0,0,13.3,99,13.0827,80.2707
2025-02-16T16:00,29.1,54,30.4,0.0,0.0,0,0,13.3,99,13.0827,80.2707
2025-02-16T17:00,27.7,64,29.8,0.0,0.0,0,0,12.7,97,13.0827,80.2707
2025-02-16T18:00,26.9,73,29.8,0.0,0.0,0,0,12.4,92,13.0827,80.2707
2025-02-16T19:00,26.7,75,29.9,0.0,0.0,0,0,11.9,89,13.0827,80.2707
2025-02-16T20:00,26.6,75,29.7,0.0,0.0,0,0,11.7,91,13.0827,80.2707
2025-02-16T21:00,26.5,73,29.4,0.0,0.0,0,0,10.6,105,13.0827,80.2707
2025-02-16T22:00,26.2,74,29.2,0.0,0.0,0,0,10.1,106,13.0827,80.2707
2025-02-16T23:00,26.0,77,29.2,0.0,0.0,0,0,10.1,109,13.0827,80.2707
2025-02-17T00:00,25.7,80,29.3,0.0,0.0,0,0,9.1,111,13.0827,80.2707
2025-02-17T01:00,25.3,82,29.2,0.0,0.0,0,2,7.2,112,13.0827,80.2707
2025-02-17T02:00,24.9,85,29.2,0.0,0.0,0,7,4.5,113,13.0827,80.2707
2025-02-17T03:00,24.3,88,29.0,0.0,0.0,0,18,1.6,117,13.0827,80.2707
2025-02-17T04:00,23.9,90,28.8,0.0,0.0,1,30,0.7,180,13.0827,80.2707
2025-02-17T05:00,23.2,93,27.7,0.0,0.0,1,44,2.5,249,13.0827,80.2707
2025-02-17T06:00,23.4,94,27.6,0.0,0.0,2,55,5.8,270,13.0827,80.2707
2025-02-17T07:00,23.6,92,27.7,0.0,0.0,3,90,6.0,280,13.0827,80.2707
2025-02-17T08:00,25.6,82,29.9,0.0,0.0,1,47,4.6,281,13.0827,80.2707
2025-02-17T09:00,28.0,70,32.4,0.0,0.0,0,19,3.4,162,13.0827,80.2707
2025-02-17T10:00,29.8,60,34.0,0.0,0.0,0,14,6.8,127,13.0827,80.2707
2025-02-17T11:00,30.7,54,34.7,0.0,0.0,0,10,10.2,124,13.0827,80.2707
2025-02-17T12:00,31.0,52,35.0,0.0,0.0,0,4,12.0,129,13.0827,80.2707
2025-02-17T13:00,31.2,48,34.7,0.0,0.0,0,1,12.5,129,13.0827,80.2707
2025-02-17T14:00,31.0,48,34.0,0.0,0.0,0,2,12.9,125,13.0827,80.2707
2025-02-17T15:00,30.3,52,32.6,0.0,0.0,1,34,13.0,123,13.0827,80.2707
2025-02-17T16:00,29.3,56,31.1,0.0,0.0,0,9,12.8,122,13.0827,80.2707
2025-02-17T17:00,28.2,62,30.4,0.0,0.0,0,0,11.6,118,13.0827,80.2707
2025-02-17T18:00,27.4,73,30.8,0.0,0.0,0,0,10.5,119,13.0827,80.2707
2025-02-17T19:00,27.1,74,30.6,0.0,0.0,0,0,9.3,115,13.0827,80.2707
2025-02-17T20:00,26.9,75,30.6,0.0,0.0,0,0,8.4,113,13.0827,80.2707
2025-02-17T21:00,26.6,77,30.4,0.0,0.0,0,0,7.6,121,13.0827,80.2707
2025-02-17T22:00,26.3,78,30.4,0.0,0.0,0,0,6.2,116,13.0827,80.2707
2025-02-17T23:00,25.8,81,30.1,0.0,0.0,0,2,4.4,117,13.0827,80.2707
2025-02-18T00:00,25.1,84,29.6,0.0,0.0,0,11,3.6,131,13.0827,80.2707
2025-02-18T01:00,24.6,87,29.2,0.0,0.0,0,12,2.5,159,13.0827,80.2707
2025-02-18T02:00,24.0,89,28.6,0.0,0.0,0,17,2.3,212,13.0827,80.2707
2025-02-18T03:00,23.5,91,28.0,0.0,0.0,1,22,2.7,250,13.0827,80.2707
2025-02-18T04:00,23.1,93,27.4,0.0,0.0,1,28,3.6,270,13.0827,80.2707
2025-02-18T05:00,22.8,94,27.0,0.0,0.0,2,53,4.0,265,13.0827,80.2707
2025-02-18T06:00,22.7,96,26.8,0.0,0.0,3,90,5.5,283,13.0827,80.2707
2025-02-18T07:00,22.9,96,27.2,0.0,0.0,3,100,5.2,274,13.0827,80.2707
2025-02-18T08:00,25.5,82,30.1,0.0,0.0,0,14,3.5,282,13.0827,80.2707
2025-02-18T09:00,28.1,68,32.0,0.0,0.0,0,10,4.8,149,13.0827,80.2707
2025-02-18T10:00,29.6,60,33.5,0.0,0.0,0,13,7.6,128,13.0827,80.2707
2025-02-18T11:00,30.5,55,34.9,0.0,0.0,0,10,9.5,126,13.0827,80.2707
2025-02-18T12:00,30.9,52,35.0,0.0,0.0,0,5,11.8,126,13.0827,80.2707
2025-02-18T13:00,31.0,48,34.2,0.0,0.0,1,40,13.5,132,13.0827,80.2707
2025-02-18T14:00,30.7,48,33.2,0.0,0.0,2,55,14.1,134,13.0827,80.2707
2025-02-18T15:00,30.2,51,32.1,0.0,0.0,2,53,13.6,136,13.0827,80.2707
2025-02-18T16:00,29.4,55,31.0,0.0,0.0,0,0,13.0,136,13.0827,80.2707
2025-02-18T17:00,28.2,61,30.3,0.0,0.0,0,2,12.0,139,13.0827,80.2707
2025-02-18T18:00,27.4,65,29.8,0.0,0.0,0,0,10.7,145,13.0827,80.2707
2025-02-18T19:00,27.0,67,29.6,0.0,0.0,0,0,9.7,145,13.0827,80.2707
2025-02-18T20:00,26.7,69,29.6,0.0,0.0,0,0,8.3,146,13.0827,80.2707
2025-02-18T21:00,26.4,71,29.4,0.0,0.0,0,0,8.0,149,13.0827,80.2707
2025-02-18T22:00,26.1,73,29.3,0.0,0.0,0,0,7.2,148,13.0827,80.2707
2025-02-18T23:00,25.7,76,29.1,0.0,0.0,0,0,6.5,156,13.0827,80.2707
2025-02-19T00:00,24.7,82,28.8,0.0,0.0,0,0,3.3,171,13.0827,80.2707
2025-02-19T01:00,24.2,85,28.4,0.0,0.0,0,0,2.7,212,13.0827,80.2707
2025-02-19T02:00,23.5,89,27.7,0.0,0.0,0,0,3.1,242,13.0827,80.2707
2025-02-19T03:00,23.0,91,26.9,0.0,0.0,0,2,4.3,268,13.0827,80.2707
2025-02-19T04:00,22.3,93,25.8,0.0,0.0,0,4,5.8,277,13.0827,80.2707
2025-02-19T05:00,21.8,93,25.1,0.0,0.0,0,2,6.0,273,13.0827,80.2707
2025-02-19T06:00,22.6,95,26.7,0.0,0.0,1,23,5.0,272,13.0827,80.2707
2025-02-19T07:00,23.5,91,27.6,0.0,0.0,2,58,4.7,268,13.0827,80.2707
2025-02-19T08:00,25.9,80,30.3,0.0,0.0,0,10,3.7,247,13.0827,80.2707
2025-02-19T09:00,28.2,68,32.2,0.0,0.0,1,20,5.3,162,13.0827,80.2707
2025-02-19T10:00,29.7,60,34.0,0.0,0.0,0,15,7.4,139,13.0827,80.2707
2025-02-19T11:00,30.6,56,35.3,0.0,0.0,0,6,9.6,128,13.0827,80.2707
2025-02-19T12:00,31.0,54,35.5,0.0,0.0,0,3,11.8,126,13.0827,80.2707
2025-02-19T13:00,31.1,50,34.7,0.0,0.0,0,1,12.9,123,13.0827,80.2707
2025-02-19T14:00,30.8,51,33.9,0.0,0.0,0,0,13.2,121,13.0827,80.2707
2025-02-19T15:00,30.1,54,32.6,0.0,0.0,0,0,13.4,121,13.0827,80.2707
2025-02-19T16:00,29.0,61,31.2,0.0,0.0,0,0,13.5,121,13.0827,80.2707
2025-02-19T17:00,27.9,66,30.2,0.0,0.0,0,0,13.0,127,13.0827,80.2707
2025-02-19T18:00,27.0,73,30.2,0.0,0.0,0,0,10.7,131,13.0827,80.2707
2025-02-19T19:00,26.8,73,29.9,0.0,0.0,0,0,10.6,132,13.0827,80.2707
2025-02-19T20:00,26.5,75,29.7,0.0,0.0,0,0,9.4,130,13.0827,80.2707
2025-02-19T21:00,26.3,77,29.7,0.0,0.0,0,0,9.5,127,13.0827,80.2707
2025-02-19T22:00,26.0,79,29.7,0.0,0.0,0,0,8.3,124,13.0827,80.2707
2025-02-19T23:00,25.6,82,29.7,0.0,0.0,0,3,7.3,128,13.0827,80.2707
2025-02-20T00:00,25.2,85,29.3,0.0,0.0,0,4,6.6,137,13.0827,80.2707
2025-02-20T01:00,24.9,85,29.0,0.0,0.0,0,1,5.9,153,13.0827,80.2707
2025-02-20T02:00,24.4,87,28.6,0.0,0.0,0,0,4.4,173,13.0827,80.2707
2025-02-20T03:00,23.6,90,27.9,0.0,0.0,0,3,3.5,195,13.0827,80.2707
2025-02-20T04:00,23.2,91,27.4,0.0,0.0,0,5,3.6,221,13.0827,80.2707
2025-02-20T05:00,22.8,93,26.9,0.0,0.0,0,18,3.8,239,13.0827,80.2707
2025-02-20T06:00,23.6,93,28.1,0.0,0.0,1,39,3.9,254,13.0827,80.2707
2025-02-20T07:00,24.3,89,28.7,0.0,0.0,1,28,4.1,268,13.0827,80.2707
2025-02-20T08:00,26.4,78,31.0,0.0,0.0,1,31,3.5,201,13.0827,80.2707
2025-02-20T09:00,28.6,65,32.1,0.0,0.0,0,13,7.4,148,13.0827,80.2707
2025-02-20T10:00,29.9,57,33.5,0.0,0.0,0,4,8.9,135,13.0827,80.2707
2025-02-20T11:00,30.7,53,34.6,0.0,0.0,0,1,11.1,129,13.0827,80.2707
2025-02-20T12:00,31.0,49,34.8,0.0,0.0,0,0,12.2,131,13.0827,80.2707
2025-02-20T13:00,31.1,47,34.4,0.0,0.0,0,0,12.6,136,13.0827,80.2707
2025-02-20T14:00,30.9,48,33.9,0.0,0.0,0,0,12.2,135,13.0827,80.2707
2025-02-20T15:00,30.4,51,32.8,0.0,0.0,0,0,11.7,134,13.0827,80.2707
2025-02-20T16:00,29.4,56,31.5,0.0,0.0,0,0,11.1,132,13.0827,80.2707
2025-02-20T17:00,28.2,62,30.7,0.0,0.0,0,0,10.6,133,13.0827,80.2707
2025-02-20T18:00,27.1,74,30.4,0.0,0.0,0,1,10.9,119,13.0827,80.2707
2025-02-20T19:00,26.9,75,30.3,0.0,0.0,0,4,10.5,125,13.0827,80.2707
2025-02-20T20:00,26.7,76,30.3,0.0,0.0,0,6,9.9,125,13.0827,80.2707
2025-02-20T21:00,26.6,77,30.3,0.0,0.0,0,16,9.1,124,13.0827,80.2707
2025-02-20T22:00,26.4,78,30.3,0.0,0.0,0,16,8.1,127,13.0827,80.2707
2025-02-20T23:00,26.1,80,30.1,0.0,0.0,1,25,7.3,138,13.0827,80.2707
2025-02-21T00:00,25.7,82,29.9,0.0,0.0,0,10,6.0,143,13.0827,80.2707
2025-02-21T01:00,24.9,86,29.7,0.0,0.0,0,17,2.7,138,13.0827,80.2707
2025-02-21T02:00,24.5,88,29.4,0.0,0.0,0,8,1.8,156,13.0827,80.2707
2025-02-21T03:00,24.4,89,29.5,0.0,0.0,0,19,0.8,207,13.0827,80.2707
2025-02-21T04:00,23.9,92,28.8,0.0,0.0,3,89,2.0,275,13.0827,80.2707
2025-02-21T05:00,23.8,93,28.6,0.0,0.0,2,79,2.8,281,13.0827,80.2707
2025-02-21T06:00,24.0,94,29.1,0.0,0.0,2,55,2.1,285,13.0827,80.2707
2025-02-21T07:00,24.6,90,29.7,0.1,0.1,51,63,2.4,297,13.0827,80.2707
2025-02-21T08:00,26.5,78,31.4,0.1,0.1,51,52,1.4,90,13.0827,80.2707
2025-02-21T09:00,28.4,67,32.2,0.1,0.1,51,43,5.6,90,13.0827,80.2707
2025-02-21T10:00,29.7,60,33.8,0.0,0.0,1,20,7.0,87,13.0827,80.2707
2025-02-21T11:00,30.4,56,34.9,0.0,0.0,0,7,8.8,86,13.0827,80.2707
2025-02-21T12:00,31.0,52,35.4,0.0,0.0,0,2,9.9,86,13.0827,80.2707
2025-02-21T13:00,31.1,51,35.3,0.0,0.0,0,0,11.2,86,13.0827,80.2707
2025-02-21T14:00,30.7,54,34.4,0.0,0.0,0,0,11.9,87,13.0827,80.2707
2025-02-21T15:00,30.1,55,33.2,0.0,0.0,0,0,11.0,87,13.0827,80.2707
2025-02-21T16:00,29.3,60,31.9,0.0,0.0,0,0,10.7,81,13.0827,80.2707
2025-02-21T17:00,28.0,66,30.9,0.0,0.0,0,0,10.5,82,13.0827,80.2707
2025-02-21T18:00,27.3,73,30.6,0.0,0.0,0,5,11.1,77,13.0827,80.2707
2025-02-21T19:00,27.1,74,30.6,0.0,0.0,0,9,9.9,74,13.0827,80.2707
2025-02-21T20:00,26.8,75,30.5,0.0,0.0,0,4,8.6,75,13.0827,80.2707
2025-02-21T21:00,26.7,76,30.4,0.0,0.0,0,1,7.9,86,13.0827,80.2707
2025-02-21T22:00,26.6,75,30.4,0.0,0.0,0,5,6.5,95,13.0827,80.2707
2025-02-21T23:00,26.2,77,30.5,0.0,0.0,0,16,3.6,93,13.0827,80.2707
2025-02-22T00:00,25.7,80,30.1,0.0,0.0,0,17,3.2,90,13.0827,80.2707
2025-02-22T01:00,25.3,82,29.8,0.0,0.0,0,19,3.0,107,13.0827,80.2707
2025-02-22T02:00,25.0,85,29.7,0.0,0.0,0,13,1.7,122,13.0827,80.2707
2025-02-22T03:00,24.7,87,29.8,0.0,0.0,0,17,0.0,270,13.0827,80.2707
2025-02-22T04:00,24.0,90,28.7,0.0,0.0,1,26,2.2,312,13.0827,80.2707
2025-02-22T05:00,23.6,93,28.1,0.0,0.0,1,38,4.0,306,13.0827,80.2707
2025-02-22T06:00,24.3,92,29.1,0.0,0.0,1,34,4.5,307,13.0827,80.2707
2025-02-22T07:00,25.1,87,29.7,0.0,0.0,2,69,4.8,295,13.0827,80.2707
2025-02-22T08:00,26.9,77,31.9,0.0,0.0,1,33,0.9,307,13.0827,80.2707
2025-02-22T09:00,28.6,67,33.1,0.0,0.0,1,29,2.4,73,13.0827,80.2707
2025-02-22T10:00,30.1,60,34.8,0.0,0.0,0,14,5.5,79,13.0827,80.2707
2025-02-22T11:00,31.2,56,36.3,0.0,0.0,0,6,8.4,83,13.0827,80.2707
2025-02-22T12:00,31.4,56,36.5,0.0,0.0,0,1,11.9,92,13.0827,80.2707
2025-02-22T13:00,30.9,55,35.0,0.0,0.0,0,0,14.3,100,13.0827,80.2707
2025-02-22T14:00,30.5,55,33.7,0.0,0.0,0,0,14.5,105,13.0827,80.2707
2025-02-22T15:00,29.9,57,32.5,0.0,0.0,0,0,14.1,109,13.0827,80.2707
2025-02-22T16:00,29.1,59,31.2,0.0,0.0,0,0,12.2,114,13.0827,80.2707
2025-02-22T17:00,28.0,63,30.4,0.0,0.0,0,0,11.0,116,13.0827,80.2707
2025-02-22T18:00,27.0,74,30.4,0.0,0.0,0,1,10.3,102,13.0827,80.2707
2025-02-22T19:00,26.8,74,30.5,0.0,0.0,0,8,7.3,97,13.0827,80.2707
2025-02-22T20:00,26.6,76,30.5,0.0,0.0,0,0,6.7,95,13.0827,80.2707
2025-02-22T21:00,26.3,79,30.5,0.0,0.0,0,0,6.7,106,13.0827,80.2707
2025-02-22T22:00,26.0,82,30.4,0.0,0.0,0,1,6.8,107,13.0827,80.2707
2025-02-22T23:00,25.7,85,30.1,0.0,0.0,0,3,7.1,109,13.0827,80.2707
2025-02-23T00:00,25.5,86,29.8,0.0,0.0,0,6,7.0,113,13.0827,80.2707
2025-02-23T01:00,25.3,87,29.7,0.0,0.0,1,21,7.3,120,13.0827,80.2707
2025-02-23T02:00,25.1,87,29.7,0.0,0.0,1,21,5.7,139,13.0827,80.2707
2025-02-23T03:00,24.6,89,29.4,0.0,0.0,0,19,3.5,168,13.0827,80.2707
2025-02-23T04:00,23.9,92,28.7,0.0,0.0,1,28,2.7,208,13.0827,80.2707
2025-02-23T05:00,23.5,94,28.2,0.0,0.0,1,28,3.3,234,13.0827,80.2707
2025-02-23T06:00,23.7,95,28.3,0.0,0.0,1,46,5.8,266,13.0827,80.2707
2025-02-23T07:00,24.6,90,29.1,0.0,0.0,1,30,5.8,272,13.0827,80.2707
2025-02-23T08:00,26.7,79,31.2,0.0,0.0,1,28,4.8,236,13.0827,80.2707
2025-02-23T09:00,28.7,67,33.2,0.0,0.0,0,4,2.2,204,13.0827,80.2707
2025-02-23T10:00,30.4,57,35.3,0.0,0.0,0,1,3.4,115,13.0827,80.2707
2025-02-23T11:00,31.8,51,36.8,0.0,0.0,0,0,6.3,103,13.0827,80.2707
2025-02-23T12:00,32.4,49,37.4,0.0,0.0,0,1,9.2,97,13.0827,80.2707
2025-02-23T13:00,32.0,51,36.2,0.0,0.0,0,3,12.5,102,13.0827,80.2707
2025-02-23T14:00,31.6,46,34.2,0.0,0.0,0,1,12.7,106,13.0827,80.2707
2025-02-23T15:00,31.1,46,32.9,0.0,0.0,0,0,11.9,95,13.0827,80.2707
2025-02-23T16:00,29.9,54,31.9,0.0,0.0,0,0,11.7,90,13.0827,80.2707
2025-02-23T17:00,28.5,64,31.2,0.0,0.0,0,0,11.2,96,13.0827,80.2707
2025-02-23T18:00,27.5,72,31.0,0.0,0.0,0,1,9.2,87,13.0827,80.2707
2025-02-23T19:00,27.1,77,31.2,0.0,0.0,0,1,8.3,86,13.0827,80.2707
2025-02-23T20:00,26.9,80,31.4,0.0,0.0,0,0,6.9,76,13.0827,80.2707
2025-02-23T21:00,26.7,81,31.1,0.0,0.0,0,0,7.2,78,13.0827,80.2707
2025-02-23T22:00,26.3,83,30.7,0.0,0.0,0,0,7.9,102,13.0827,80.2707
2025-02-23T23:00,25.9,87,30.4,0.0,0.0,0,1,8.4,109,13.0827,80.2707
2025-02-24T00:00,25.5,89,30.3,0.0,0.0,0,1,7.0,108,13.0827,80.2707
2025-02-24T01:00,25.2,91,30.2,0.0,0.0,0,3,5.1,113,13.0827,80.2707
2025-02-24T02:00,24.9,91,29.9,0.0,0.0,0,4,5.1,141,13.0827,80.2707
2025-02-24T03:00,24.5,92,29.5,0.0,0.0,0,0,3.6,153,13.0827,80.2707
2025-02-24T04:00,23.6,96,28.9,0.0,0.0,0,13,0.6,252,13.0827,80.2707
2025-02-24T05:00,23.5,97,28.2,0.0,0.0,2,51,4.9,278,13.0827,80.2707
2025-02-24T06:00,23.9,96,28.4,0.0,0.0,2,52,7.4,293,13.0827,80.2707
2025-02-24T07:00,25.1,89,29.7,0.0,0.0,0,7,6.6,291,13.0827,80.2707
2025-02-24T08:00,26.6,78,31.1,0.0,0.0,0,7,4.1,285,13.0827,80.2707
2025-02-24T09:00,28.6,67,33.0,0.0,0.0,0,8,2.9,22,13.0827,80.2707
2025-02-24T10:00,30.1,60,34.6,0.0,0.0,0,14,8.2,58,13.0827,80.2707
2025-02-24T11:00,30.5,57,34.6,0.0,0.0,0,14,13.4,64,13.0827,80.2707
2025-02-24T12:00,30.9,53,34.7,0.0,0.0,0,12,14.4,60,13.0827,80.2707
2025-02-24T13:00,31.0,52,34.4,0.0,0.0,0,13,15.4,56,13.0827,80.2707
2025-02-24T14:00,30.8,52,33.7,0.0,0.0,0,4,15.7,53,13.0827,80.2707
2025-02-24T15:00,30.2,55,32.6,0.0,0.0,0,5,15.7,53,13.0827,80.2707
2025-02-24T16:00,29.4,61,31.5,0.0,0.0,0,0,15.1,57,13.0827,80.2707
2025-02-24T17:00,28.3,68,31.1,0.0,0.0,0,0,13.6,60,13.0827,80.2707
2025-02-24T18:00,27.6,77,31.1,0.0,0.0,0,17,13.6,55,13.0827,80.2707
2025-02-24T19:00,27.4,77,31.0,0.0,0.0,0,10,12.9,55,13.0827,80.2707
2025-02-24T20:00,27.3,78,31.1,0.0,0.0,0,13,11.9,56,13.0827,80.2707
2025-02-24T21:00,27.0,80,31.0,0.0,0.0,0,4,11.1,59,13.0827,80.2707
2025-02-24T22:00,26.7,82,30.9,0.0,0.0,0,10,10.2,60,13.0827,80.2707
2025-02-24T23:00,26.4,82,30.5,0.0,0.0,0,5,9.9,57,13.0827,80.2707
2025-02-25T00:00,26.1,84,30.4,0.0,0.0,1,31,8.9,47,13.0827,80.2707
2025-02-25T01:00,25.8,85,30.2,0.0,0.0,3,92,7.6,34,13.0827,80.2707
2025-02-25T02:00,25.4,87,29.8,0.0,0.0,3,84,7.3,23,13.0827,80.2707
2025-02-25T03:00,25.1,88,29.6,0.0,0.0,3,86,6.8,12,13.0827,80.2707
2025-02-25T04:00,24.6,91,29.3,0.0,0.0,3,90,5.1,356,13.0827,80.2707
2025-02-25T05:00,24.1,93,28.9,0.0,0.0,2,63,4.0,352,13.0827,80.2707
2025-02-25T06:00,25.0,86,29.0,0.0,0.0,0,0,8.0,5,13.0827,80.2707
2025-02-25T07:00,25.9,82,30.0,0.0,0.0,0,3,7.6,360,13.0827,80.2707
2025-02-25T08:00,28.0,68,31.4,0.0,0.0,0,0,8.9,25,13.0827,80.2707
2025-02-25T09:00,29.7,55,31.8,0.0,0.0,0,0,11.4,52,13.0827,80.2707
2025-02-25T10:00,30.6,50,32.8,0.0,0.0,0,1,14.2,51,13.0827,80.2707
2025-02-25T11:00,31.1,48,33.7,0.0,0.0,0,2,15.6,49,13.0827,80.2707
2025-02-25T12:00,31.3,48,34.1,0.0,0.0,1,41,16.6,48,13.0827,80.2707
2025-02-25T13:00,31.3,47,33.9,0.0,0.0,2,74,17.1,49,13.0827,80.2707
2025-02-25T14:00,31.0,48,33.3,0.0,0.0,2,79,16.8,48,13.0827,80.2707
2025-02-25T15:00,30.6,49,32.1,0.0,0.0,2,66,16.3,46,13.0827,80.2707
2025-02-25T16:00,29.8,54,31.1,0.0,0.0,0,0,15.9,45,13.0827,80.2707
2025-02-25T17:00,28.8,62,30.8,0.0,0.0,0,0,15.2,41,13.0827,80.2707
2025-02-25T18:00,28.3,68,30.9,0.0,0.0,0,15,15.3,40,13.0827,80.2707
2025-02-25T19:00,28.2,69,31.0,0.0,0.0,0,3,13.6,42,13.0827,80.2707
2025-02-25T20:00,27.9,71,31.1,0.0,0.0,0,1,12.5,43,13.0827,80.2707
2025-02-25T21:00,27.5,75,31.0,0.0,0.0,0,0,12.1,40,13.0827,80.2707
2025-02-25T22:00,27.3,75,30.6,0.0,0.0,0,0,12.7,39,13.0827,80.2707
2025-02-25T23:00,27.0,77,30.4,0.0,0.0,0,0,12.3,37,13.0827,80.2707
2025-02-26T00:00,26.8,78,30.2,0.0,0.0,2,53,12.4,39,13.0827,80.2707
2025-02-26T01:00,26.5,78,29.9,0.0,0.0,3,95,12.0,37,13.0827,80.2707
2025-02-26T02:00,26.2,80,29.7,0.0,0.0,1,29,10.5,25,13.0827,80.2707
2025-02-26T03:00,25.8,83,29.6,0.0,0.0,1,38,10.1,27,13.0827,80.2707
2025-02-26T04:00,25.6,84,29.5,0.0,0.0,0,6,9.7,24,13.0827,80.2707
2025-02-26T05:00,25.4,85,29.3,0.0,0.0,0,5,9.6,20,13.0827,80.2707
2025-02-26T06:00,26.2,82,30.1,0.0,0.0,0,15,10.6,39,13.0827,80.2707
2025-02-26T07:00,27.3,75,30.6,0.0,0.0,0,8,12.9,43,13.0827,80.2707
2025-02-26T08:00,28.5,66,31.3,0.0,0.0,0,7,13.5,45,13.0827,80.2707
2025-02-26T09:00,29.7,60,32.0,0.0,0.0,0,6,13.4,46,13.0827,80.2707
2025-02-26T10:00,30.6,55,33.5,0.0,0.0,0,4,14.8,46,13.0827,80.2707
2025-02-26T11:00,31.1,53,34.5,0.0,0.0,0,9,15.7,45,13.0827,80.2707
2025-02-26T12:00,31.6,48,34.5,0.0,0.0,0,0,16.9,45,13.0827,80.2707
2025-02-26T13:00,31.6,47,34.3,0.0,0.0,0,0,17.7,45,13.0827,80.2707
2025-02-26T14:00,31.1,51,33.7,0.0,0.0,0,0,18.1,45,13.0827,80.2707
2025-02-26T15:00,30.5,53,32.3,0.0,0.0,0,0,18.3,41,13.0827,80.2707
2025-02-26T16:00,29.6,60,31.1,0.0,0.0,0,7,19.1,41,13.0827,80.2707
2025-02-26T17:00,28.6,65,30.3,0.0,0.0,0,18,19.0,38,13.0827,80.2707
2025-02-26T18:00,27.9,70,30.4,0.0,0.0,0,10,16.6,39,13.0827,80.2707
2025-02-26T19:00,27.7,73,30.5,0.0,0.0,0,7,15.6,40,13.0827,80.2707
2025-02-26T20:00,27.4,75,30.5,0.0,0.0,0,18,14.9,42,13.0827,80.2707
2025-02-26T21:00,27.2,76,30.6,0.0,0.0,0,4,13.0,41,13.0827,80.2707
2025-02-26T22:00,26.9,78,30.4,0.0,0.0,0,17,12.0,40,13.0827,80.2707
2025-02-26T23:00,26.6,79,30.2,0.0,0.0,0,4,11.6,39,13.0827,80.2707
2025-02-27T00:00,26.3,80,30.1,0.0,0.0,0,12,10.4,42,13.0827,80.2707
2025-02-27T01:00,26.1,82,30.0,0.0,0.0,0,10,10.0,39,13.0827,80.2707
2025-02-27T02:00,25.8,84,29.9,0.0,0.0,2,54,8.5,44,13.0827,80.2707
2025-02-27T03:00,25.5,84,29.6,0.0,0.0,2,61,8.2,41,13.0827,80.2707
2025-02-27T04:00,25.3,85,29.4,0.0,0.0,0,14,7.6,31,13.0827,80.2707
2025-02-27T05:00,24.9,87,29.0,0.0,0.0,0,5,7.3,23,13.0827,80.2707
2025-02-27T06:00,25.3,85,29.3,0.0,0.0,2,75,8.6,33,13.0827,80.2707
2025-02-27T07:00,26.6,78,30.4,0.0,0.0,2,76,8.7,42,13.0827,80.2707
2025-02-27T08:00,28.1,68,31.2,0.0,0.0,3,90,10.8,54,13.0827,80.2707
2025-02-27T09:00,29.3,61,32.0,0.0,0.0,3,90,11.1,59,13.0827,80.2707
2025-02-27T10:00,30.2,57,33.3,0.0,0.0,3,82,12.1,58,13.0827,80.2707
2025-02-27T11:00,30.8,53,34.4,0.0,0.0,3,85,13.8,53,13.0827,80.2707
2025-02-27T12:00,30.9,54,34.9,0.0,0.0,3,99,14.7,57,13.0827,80.2707
2025-02-27T13:00,31.2,50,34.7,0.0,0.0,3,95,14.9,53,13.0827,80.2707
2025-02-27T14:00,31.1,48,33.6,0.0,0.0,3,95,15.8,46,13.0827,80.2707
2025-02-27T15:00,30.6,50,32.3,0.0,0.0,3,99,16.5,45,13.0827,80.2707
2025-02-27T16:00,29.6,56,30.9,0.0,0.0,3,99,16.7,43,13.0827,80.2707
2025-02-27T17:00,28.4,63,30.1,0.0,0.0,3,92,16.3,45,13.0827,80.2707
2025-02-27T18:00,27.6,71,30.1,0.0,0.0,2,79,15.8,44,13.0827,80.2707
2025-02-27T19:00,27.4,72,30.1,0.0,0.0,3,85,14.9,43,13.0827,80.2707
2025-02-27T20:00,27.3,74,30.4,0.0,0.0,3,92,13.5,45,13.0827,80.2707
2025-02-27T21:00,27.2,75,30.5,0.0,0.0,3,98,12.8,48,13.0827,80.2707
2025-02-27T22:00,27.1,76,30.4,0.0,0.0,3,98,13.1,46,13.0827,80.2707
2025-02-27T23:00,26.9,78,30.4,0.0,0.0,3,93,12.0,45,13.0827,80.2707
2025-02-28T00:00,26.4,80,30.3,0.0,0.0,3,95,9.4,43,13.0827,80.2707
2025-02-28T01:00,26.2,81,30.2,0.0,0.0,3,100,8.4,35,13.0827,80.2707
2025-02-28T02:00,25.8,83,29.8,0.0,0.0,3,98,8.3,22,13.0827,80.2707
2025-02-28T03:00,25.6,84,29.8,0.0,0.0,3,99,7.2,19,13.0827,80.2707
2025-02-28T04:00,25.4,84,29.6,0.0,0.0,3,100,7.4,18,13.0827,80.2707
2025-02-28T05:00,25.2,85,29.2,0.0,0.0,3,100,8.0,10,13.0827,80.2707
2025-02-28T06:00,25.6,84,29.7,0.0,0.0,3,94,7.9,21,13.0827,80.2707
2025-02-28T07:00,26.6,78,30.6,0.0,0.0,3,94,7.7,24,13.0827,80.2707
2025-02-28T08:00,28.3,69,31.4,0.0,0.0,3,100,12.0,41,13.0827,80.2707
2025-02-28T09:00,29.4,62,32.1,0.0,0.0,3,99,13.2,52,13.0827,80.2707
2025-02-28T10:00,30.1,59,32.9,0.0,0.0,3,100,15.3,45,13.0827,80.2707
2025-02-28T11:00,30.7,56,34.1,0.1,0.1,51,100,16.4,48,13.0827,80.2707
2025-02-28T12:00,30.7,56,34.1,0.0,0.0,3,100,17.3,48,13.0827,80.2707
2025-02-28T13:00,31.1,55,34.4,0.0,0.0,3,100,17.8,47,13.0827,80.2707
2025-02-28T14:00,30.8,56,34.0,0.0,0.0,3,100,16.6,59,13.0827,80.2707
2025-02-28T15:00,30.3,58,32.5,0.0,0.0,3,100,16.5,56,13.0827,80.2707
2025-02-28T16:00,29.6,60,31.7,0.0,0.0,3,99,15.5,64,13.0827,80.2707
2025-02-28T17:00,28.7,65,31.2,0.0,0.0,2,70,14.3,63,13.0827,80.2707
2025-02-28T18:00,27.9,74,31.2,0.0,0.0,0,10,13.4,61,13.0827,80.2707
2025-02-28T19:00,27.7,74,31.1,0.0,0.0,1,20,13.2,59,13.0827,80.2707
2025-02-28T20:00,27.6,75,31.0,0.0,0.0,0,18,13.8,58,13.0827,80.2707
2025-02-28T21:00,27.6,76,31.2,0.0,0.0,1,26,12.0,64,13.0827,80.2707
2025-02-28T22:00,27.5,75,31.1,0.0,0.0,1,49,12.1,60,13.0827,80.2707
2025-02-28T23:00,27.3,76,30.9,0.0,0.0,3,99,11.2,58,13.0827,80.2707
2025-03-01T00:00,27.3,76,30.9,0.0,0.0,3,96,10.8,60,13.0827,80.2707
2025-03-01T01:00,27.0,77,30.6,0.0,0.0,2,65,11.2,58,13.0827,80.2707
2025-03-01T02:00,26.9,78,30.4,0.0,0.0,0,15,11.5,58,13.0827,80.2707
2025-03-01T03:00,26.8,78,30.4,0.0,0.0,0,13,10.7,55,13.0827,80.2707
2025-03-01T04:00,26.7,78,30.4,0.0,0.0,0,15,10.2,51,13.0827,80.2707
2025-03-01T05:00,26.5,79,30.4,0.0,0.0,3,100,9.3,53,13.0827,80.2707
2025-03-01T06:00,25.8,87,30.7,0.1,0.1,51,41,5.5,38,13.0827,80.2707
2025-03-01T07:00,27.0,80,31.7,0.1,0.1,51,16,6.0,57,13.0827,80.2707
2025-03-01T08:00,28.5,71,32.2,0.0,0.0,1,28,11.1,74,13.0827,80.2707
2025-03-01T09:00,29.3,67,32.7,0.1,0.1,51,11,12.9,72,13.0827,80.2707
2025-03-01T10:00,30.1,64,34.2,0.0,0.0,0,9,13.1,78,13.0827,80.2707
2025-03-01T11:00,30.5,62,35.4,0.1,0.1,51,13,12.9,81,13.0827,80.2707
2025-03-01T12:00,30.7,63,35.9,0.0,0.0,0,14,13.7,76,13.0827,80.2707
2025-03-01T13:00,30.8,62,35.4,0.0,0.0,0,19,16.0,67,13.0827,80.2707
2025-03-01T14:00,30.4,62,34.2,0.0,0.0,0,9,16.3,69,13.0827,80.2707
2025-03-01T15:00,30.0,63,33.2,0.0,0.0,0,3,15.4,69,13.0827,80.2707
2025-03-01T16:00,29.4,66,32.6,0.0,0.0,0,7,13.5,71,13.0827,80.2707
2025-03-01T17:00,28.5,71,32.1,0.0,0.0,0,3,12.2,71,13.0827,80.2707
2025-03-01T18:00,27.9,78,32.1,0.0,0.0,0,12,10.7,70,13.0827,80.2707
2025-03-01T19:00,27.7,79,31.9,0.0,0.0,0,14,12.0,72,13.0827,80.2707
2025-03-01T20:00,27.6,80,31.7,0.0,0.0,1,23,11.8,77,13.0827,80.2707
2025-03-01T21:00,27.5,80,31.7,0.0,0.0,1,23,11.7,79,13.0827,80.2707
2025-03-01T22:00,27.2,82,31.6,0.0,0.0,1,41,10.9,78,13.0827,80.2707
2025-03-01T23:00,27.1,82,31.6,0.0,0.0,1,33,9.6,87,13.0827,80.2707
2025-03-02T00:00,26.9,83,31.5,0.0,0.0,0,17,8.7,85,13.0827,80.2707
2025-03-02T01:00,26.6,84,31.5,0.0,0.0,0,12,7.0,87,13.0827,80.2707
2025-03-02T02:00,26.3,85,31.4,0.0,0.0,0,13,4.9,80,13.0827,80.2707
2025-03-02T03:00,26.0,87,31.1,0.0,0.0,1,21,4.4,81,13.0827,80.2707
2025-03-02T04:00,25.8,88,30.9,0.0,0.0,0,17,4.7,81,13.0827,80.2707
2025-03-02T05:00,25.6,88,30.7,0.0,0.0,3,95,4.8,68,13.0827,80.2707
2025-03-02T06:00,26.4,85,31.3,0.0,0.0,3,83,6.2,75,13.0827,80.2707
2025-03-02T07:00,27.5,78,32.1,0.0,0.0,3,94,6.8,72,13.0827,80.2707
2025-03-02T08:00,28.8,70,33.1,0.0,0.0,3,100,6.9,85,13.0827,80.2707
2025-03-02T09:00,30.0,63,34.1,0.0,0.0,3,96,6.9,96,13.0827,80.2707
2025-03-02T10:00,31.1,58,35.7,0.0,0.0,3,100,8.1,96,13.0827,80.2707
2025-03-02T11:00,31.7,54,36.5,0.0,0.0,3,83,9.9,93,13.0827,80.2707
2025-03-02T12:00,32.2,52,37.0,0.0,0.0,1,43,11.4,94,13.0827,80.2707
2025-03-02T13:00,32.1,52,36.7,0.0,0.0,1,31,12.3,97,13.0827,80.2707
2025-03-02T14:00,31.7,54,35.9,0.0,0.0,1,34,13.0,93,13.0827,80.2707
2025-03-02T15:00,30.9,58,34.6,0.0,0.0,1,30,12.4,93,13.0827,80.2707
2025-03-02T16:00,29.9,64,33.3,0.0,0.0,3,99,11.8,96,13.0827,80.2707
2025-03-02T17:00,28.8,70,32.7,0.0,0.0,3,100,10.3,91,13.0827,80.2707
2025-03-02T18:00,28.1,78,32.9,0.0,0.0,3,100,8.5,84,13.0827,80.2707
2025-03-02T19:00,27.8,80,32.9,0.0,0.0,3,100,7.2,76,13.0827,80.2707
2025-03-02T20:00,27.5,82,32.5,0.0,0.0,3,100,8.1,84,13.0827,80.2707
2025-03-02T21:00,27.3,84,32.5,0.0,0.0,0,7,7.8,97,13.0827,80.2707
2025-03-02T22:00,27.0,86,32.1,0.0,0.0,0,0,8.4,109,13.0827,80.2707
2025-03-02T23:00,26.7,88,31.8,0.0,0.0,0,1,9.0,116,13.0827,80.2707
2025-03-03T00:00,26.5,89,31.8,0.0,0.0,0,1,7.4,122,13.0827,80.2707
2025-03-03T01:00,26.2,91,31.8,0.0,0.0,0,7,5.5,128,13.0827,80.2707
2025-03-03T02:00,25.4,94,31.4,0.0,0.0,0,8,2.9,133,13.0827,80.2707
2025-03-03T03:00,25.0,95,31.0,0.0,0.0,0,19,1.5,225,13.0827,80.2707
2025-03-03T04:00,24.7,97,30.4,0.0,0.0,1,25,3.5,261,13.0827,80.2707
2025-03-03T05:00,24.7,98,30.0,0.0,0.0,3,100,6.3,268,13.0827,80.2707
2025-03-03T06:00,25.8,94,31.6,0.0,0.0,3,100,5.0,270,13.0827,80.2707
2025-03-03T07:00,26.5,88,32.1,0.0,0.0,1,44,4.4,263,13.0827,80.2707
2025-03-03T08:00,28.0,79,33.7,0.0,0.0,2,60,2.4,234,13.0827,80.2707
2025-03-03T09:00,30.0,66,35.0,0.0,0.0,1,49,2.7,152,13.0827,80.2707
2025-03-03T10:00,31.5,58,36.8,0.0,0.0,3,94,5.2,121,13.0827,80.2707
2025-03-03T11:00,32.7,53,38.4,0.0,0.0,0,16,8.0,108,13.0827,80.2707
2025-03-03T12:00,33.0,53,38.4,0.0,0.0,2,67,11.5,107,13.0827,80.2707
2025-03-03T13:00,32.6,51,37.0,0.0,0.0,3,100,14.9,115,13.0827,80.2707
2025-03-03T14:00,32.1,51,35.4,0.0,0.0,3,100,14.9,118,13.0827,80.2707
2025-03-03T15:00,31.7,54,34.7,0.0,0.0,3,100,13.8,116,13.0827,80.2707
2025-03-03T16:00,30.7,57,33.3,0.0,0.0,3,100,12.9,120,13.0827,80.2707
2025-03-03T17:00,29.3,65,32.5,0.0,0.0,3,99,11.3,121,13.0827,80.2707
2025-03-03T18:00,28.5,77,33.4,0.0,0.0,3,100,8.8,121,13.0827,80.2707
2025-03-03T19:00,28.0,81,33.3,0.0,0.0,3,100,7.2,122,13.0827,80.2707
2025-03-03T20:00,27.6,84,33.2,0.0,0.0,3,93,6.1,118,13.0827,80.2707
2025-03-03T21:00,27.3,88,33.1,0.0,0.0,3,81,5.8,129,13.0827,80.2707
2025-03-03T22:00,26.8,90,32.9,0.0,0.0,1,40,4.8,143,13.0827,80.2707
2025-03-03T23:00,26.3,93,32.6,0.0,0.0,3,100,3.5,171,13.0827,80.2707
2025-03-04T00:00,25.9,95,32.0,0.0,0.0,3,100,4.6,198,13.0827,80.2707
2025-03-04T01:00,25.6,97,31.6,0.0,0.0,3,100,4.8,207,13.0827,80.2707
2025-03-04T02:00,25.3,98,31.0,0.0,0.0,3,100,6.9,211,13.0827,80.2707
2025-03-04T03:00,24.7,99,29.9,0.0,0.0,3,100,7.6,225,13.0827,80.2707
2025-03-04T04:00,24.1,99,29.1,0.0,0.0,3,100,7.2,235,13.0827,80.2707
2025-03-04T05:00,23.9,99,28.7,0.0,0.0,3,100,7.3,228,13.0827,80.2707
2025-03-04T06:00,25.1,96,30.5,0.0,0.0,3,99,6.6,229,13.0827,80.2707
2025-03-04T07:00,25.9,88,30.8,0.0,0.0,3,97,6.9,231,13.0827,80.2707
2025-03-04T08:00,27.6,77,32.4,0.0,0.0,3,97,5.4,228,13.0827,80.2707
2025-03-04T09:00,29.9,63,34.4,0.0,0.0,2,65,2.6,196,13.0827,80.2707
2025-03-04T10:00,32.0,51,37.0,0.0,0.0,2,64,3.6,120,13.0827,80.2707
2025-03-04T11:00,33.2,48,38.1,0.0,0.0,0,0,8.6,101,13.0827,80.2707
2025-03-04T12:00,32.8,52,37.8,0.0,0.0,1,47,13.3,106,13.0827,80.2707
2025-03-04T13:00,32.7,48,36.7,0.0,0.0,1,37,14.0,110,13.0827,80.2707
2025-03-04T14:00,32.6,47,35.9,0.0,0.0,3,86,13.8,114,13.0827,80.2707
2025-03-04T15:00,31.7,54,35.1,0.0,0.0,1,23,13.3,123,13.0827,80.2707
2025-03-04T16:00,30.8,57,33.5,0.0,0.0,0,0,11.9,132,13.0827,80.2707
2025-03-04T17:00,29.7,58,32.2,0.0,0.0,0,0,10.5,123,13.0827,80.2707
2025-03-04T18:00,28.2,78,32.7,0.0,0.0,3,100,11.3,137,13.0827,80.2707
2025-03-04T19:00,27.7,80,32.3,0.0,0.0,3,97,9.7,141,13.0827,80.2707
2025-03-04T20:00,27.5,80,32.3,0.0,0.0,3,100,8.4,145,13.0827,80.2707
2025-03-04T21:00,27.2,82,32.1,0.0,0.0,3,100,7.8,142,13.0827,80.2707
2025-03-04T22:00,26.8,85,32.0,0.0,0.0,3,100,5.9,140,13.0827,80.2707
2025-03-04T23:00,26.3,87,31.8,0.0,0.0,3,100,3.6,153,13.0827,80.2707
2025-03-05T00:00,26.0,89,31.4,0.0,0.0,3,100,4.4,171,13.0827,80.2707
2025-03-05T01:00,25.6,91,30.6,0.0,0.0,3,99,7.0,198,13.0827,80.2707
2025-03-05T02:00,24.9,95,29.8,0.0,0.0,3,100,8.2,220,13.0827,80.2707
2025-03-05T03:00,24.4,96,29.0,0.0,0.0,3,88,9.0,210,13.0827,80.2707
2025-03-05T04:00,24.1,97,28.7,0.0,0.0,3,83,7.8,206,13.0827,80.2707
2025-03-05T05:00,23.9,98,28.5,0.0,0.0,3,100,8.2,221,13.0827,80.2707
2025-03-05T06:00,24.9,95,29.8,0.0,0.0,3,100,8.5,222,13.0827,80.2707
2025-03-05T07:00,25.8,87,30.5,0.0,0.0,3,99,7.2,233,13.0827,80.2707
2025-03-05T08:00,27.3,76,31.8,0.0,0.0,3,100,6.2,234,13.0827,80.2707
2025-03-05T09:00,29.5,64,33.8,0.0,0.0,3,100,4.5,209,13.0827,80.2707
2025-03-05T10:00,31.9,51,36.5,0.0,0.0,3,100,3.7,166,13.0827,80.2707
2025-03-05T11:00,33.9,41,38.4,0.0,0.0,3,100,4.8,124,13.0827,80.2707
2025-03-05T12:00,34.5,43,39.1,0.0,0.0,3,100,9.3,108,13.0827,80.2707
2025-03-05T13:00,33.9,48,38.5,0.0,0.0,3,100,12.9,106,13.0827,80.2707
2025-03-05T14:00,33.8,41,36.3,0.0,0.0,2,71,13.3,111,13.0827,80.2707
2025-03-05T15:00,32.8,45,35.0,0.0,0.0,0,19,13.5,121,13.0827,80.2707
2025-03-05T16:00,31.5,52,33.7,0.0,0.0,0,9,12.9,113,13.0827,80.2707
2025-03-05T17:00,29.8,68,33.7,0.0,0.0,0,1,11.4,127,13.0827,80.2707
2025-03-05T18:00,28.5,76,33.0,0.0,0.0,2,62,9.5,123,13.0827,80.2707
2025-03-05T19:00,27.9,81,32.8,0.0,0.0,0,12,9.5,123,13.0827,80.2707
2025-03-05T20:00,27.6,82,32.4,0.0,0.0,0,16,10.0,131,13.0827,80.2707
2025-03-05T21:00,27.2,85,32.0,0.0,0.0,0,1,10.3,134,13.0827,80.2707
2025-03-05T22:00,27.0,85,31.9,0.0,0.0,0,0,8.8,154,13.0827,80.2707
2025-03-05T23:00,26.6,87,31.5,0.0,0.0,1,49,9.3,167,13.0827,80.2707
2025-03-06T00:00,26.2,90,31.3,0.0,0.0,1,29,8.5,181,13.0827,80.2707
2025-03-06T01:00,25.5,93,30.6,0.0,0.0,0,2,8.5,249,13.0827,80.2707
2025-03-06T02:00,24.7,96,29.6,0.0,0.0,1,45,8.1,253,13.0827,80.2707
2025-03-06T03:00,24.3,96,29.1,0.0,0.0,1,36,7.8,241,13.0827,80.2707
2025-03-06T04:00,24.0,97,28.7,0.0,0.0,3,98,7.6,248,13.0827,80.2707
2025-03-06T05:00,23.6,98,28.2,0.0,0.0,3,100,7.7,249,13.0827,80.2707
2025-03-06T06:00,24.7,97,30.0,0.0,0.0,3,99,6.4,254,13.0827,80.2707
2025-03-06T07:00,25.6,88,30.4,0.0,0.0,1,41,5.9,239,13.0827,80.2707
2025-03-06T08:00,27.3,77,32.1,0.0,0.0,0,18,4.4,235,13.0827,80.2707
2025-03-06T09:00,30.1,62,34.6,0.0,0.0,0,1,2.5,266,13.0827,80.2707
2025-03-06T10:00,32.9,46,37.8,0.0,0.0,0,0,2.0,10,13.0827,80.2707
2025-03-06T11:00,34.8,36,38.9,0.0,0.0,0,0,5.0,52,13.0827,80.2707
2025-03-06T12:00,35.2,36,39.1,0.0,0.0,0,2,9.5,69,13.0827,80.2707
2025-03-06T13:00,34.9,39,38.5,0.0,0.0,3,86,13.0,66,13.0827,80.2707
2025-03-06T14:00,34.9,32,36.3,0.0,0.0,3,86,15.0,58,13.0827,80.2707
2025-03-06T15:00,34.1,29,33.7,0.0,0.0,3,81,16.6,50,13.0827,80.2707
2025-03-06T16:00,32.9,32,32.0,0.0,0.0,3,92,15.3,48,13.0827,80.2707
2025-03-06T17:00,30.8,47,31.9,0.0,0.0,3,88,13.2,52,13.0827,80.2707
2025-03-06T18:00,29.2,56,31.4,0.0,0.0,1,47,10.0,51,13.0827,80.2707
2025-03-06T19:00,28.6,62,31.4,0.0,0.0,0,15,9.5,61,13.0827,80.2707
2025-03-06T20:00,28.5,58,30.5,0.0,0.0,1,22,10.6,67,13.0827,80.2707
2025-03-06T21:00,27.9,63,30.4,0.0,0.0,1,38,10.5,78,13.0827,80.2707
2025-03-06T22:00,27.3,71,30.9,0.0,0.0,1,38,6.7,106,13.0827,80.2707
2025-03-06T23:00,26.4,82,31.2,0.0,0.0,1,32,4.8,167,13.0827,80.2707
2025-03-07T00:00,25.6,87,30.7,0.0,0.0,0,14,3.9,193,13.0827,80.2707
2025-03-07T01:00,24.9,90,30.0,0.0,0.0,2,76,3.6,229,13.0827,80.2707
2025-03-07T02:00,24.3,90,28.7,0.0,0.0,1,44,5.8,256,13.0827,80.2707
2025-03-07T03:00,23.6,90,27.5,0.0,0.0,3,88,6.5,272,13.0827,80.2707
2025-03-07T04:00,23.1,90,26.8,0.0,0.0,3,100,5.8,274,13.0827,80.2707
2025-03-07T05:00,22.8,89,26.4,0.0,0.0,3,95,5.0,272,13.0827,80.2707
2025-03-07T06:00,23.2,75,25.5,0.0,0.0,3,96,5.8,270,13.0827,80.2707
2025-03-07T07:00,24.6,67,26.6,0.0,0.0,3,99,6.0,273,13.0827,80.2707
2025-03-07T08:00,27.2,64,30.1,0.0,0.0,3,100,4.9,266,13.0827,80.2707
2025-03-07T09:00,29.5,53,32.7,0.0,0.0,3,98,2.2,270,13.0827,80.2707
2025-03-07T10:00,31.7,41,35.2,0.0,0.0,1,42,2.3,51,13.0827,80.2707
2025-03-07T11:00,33.1,35,36.2,0.0,0.0,1,49,6.7,74,13.0827,80.2707
2025-03-07T12:00,33.1,37,36.2,0.0,0.0,2,55,11.6,85,13.0827,80.2707
2025-03-07T13:00,32.6,39,35.4,0.0,0.0,2,53,13.7,91,13.0827,80.2707
2025-03-07T14:00,31.9,41,34.1,0.0,0.0,2,73,14.1,88,13.0827,80.2707
2025-03-07T15:00,30.8,48,32.8,0.0,0.0,2,79,13.8,81,13.0827,80.2707
2025-03-07T16:00,29.7,56,31.6,0.0,0.0,3,97,12.8,79,13.0827,80.2707
2025-03-07T17:00,28.3,66,31.1,0.0,0.0,3,94,11.7,87,13.0827,80.2707
2025-03-07T18:00,27.2,76,30.8,0.0,0.0,2,57,11.2,90,13.0827,80.2707
2025-03-07T19:00,26.9,79,30.8,0.0,0.0,0,0,10.3,101,13.0827,80.2707
2025-03-07T20:00,26.8,77,30.4,0.0,0.0,0,0,10.5,109,13.0827,80.2707
2025-03-07T21:00,26.7,75,29.9,0.0,0.0,0,0,11.0,116,13.0827,80.2707
2025-03-07T22:00,26.3,79,30.0,0.0,0.0,0,0,10.0,124,13.0827,80.2707
2025-03-07T23:00,26.1,82,30.1,0.0,0.0,0,1,9.0,133,13.0827,80.2707
2025-03-08T00:00,25.8,84,30.1,0.0,0.0,0,2,7.2,148,13.0827,80.2707
2025-03-08T01:00,25.0,88,29.9,0.0,0.0,0,18,4.0,188,13.0827,80.2707
2025-03-08T02:00,24.5,91,29.4,0.0,0.0,1,32,4.0,219,13.0827,80.2707
2025-03-08T03:00,24.1,93,28.7,0.0,0.0,1,30,5.1,243,13.0827,80.2707
2025-03-08T04:00,23.5,95,28.0,0.0,0.0,1,49,5.8,261,13.0827,80.2707
2025-03-08T05:00,23.1,96,27.3,0.0,0.0,1,38,7.1,260,13.0827,80.2707
2025-03-08T06:00,23.5,95,27.7,0.0,0.0,0,9,6.7,256,13.0827,80.2707
2025-03-08T07:00,25.0,87,29.2,0.0,0.0,0,2,6.7,254,13.0827,80.2707
2025-03-08T08:00,26.8,74,30.3,0.0,0.0,0,16,8.3,229,13.0827,80.2707
2025-03-08T09:00,28.9,61,32.0,0.0,0.0,0,7,8.1,215,13.0827,80.2707
2025-03-08T10:00,31.1,50,34.8,0.0,0.0,0,1,7.3,187,13.0827,80.2707
2025-03-08T11:00,32.8,41,36.6,0.0,0.0,0,0,8.0,149,13.0827,80.2707
2025-03-08T12:00,32.9,44,36.7,0.0,0.0,0,0,12.6,131,13.0827,80.2707
2025-03-08T13:00,32.3,43,35.1,0.0,0.0,0,0,16.1,130,13.0827,80.2707
2025-03-08T14:00,32.0,42,34.1,0.0,0.0,0,0,15.7,132,13.0827,80.2707
2025-03-08T15:00,31.5,47,33.4,0.0,0.0,0,0,14.7,127,13.0827,80.2707
2025-03-08T16:00,30.4,52,31.8,0.0,0.0,0,0,14.3,131,13.0827,80.2707
2025-03-08T17:00,28.9,64,31.5,0.0,0.0,0,0,13.4,133,13.0827,80.2707
2025-03-08T18:00,27.9,71,31.2,0.0,0.0,0,0,11.6,143,13.0827,80.2707
2025-03-08T19:00,27.4,76,31.2,0.0,0.0,0,0,10.4,143,13.0827,80.2707
2025-03-08T20:00,27.1,76,30.9,0.0,0.0,0,0,9.8,136,13.0827,80.2707
2025-03-08T21:00,26.8,79,30.7,0.0,0.0,0,0,9.6,127,13.0827,80.2707
2025-03-08T22:00,26.4,82,30.5,0.0,0.0,0,0,9.8,126,13.0827,80.2707
2025-03-08T23:00,26.2,84,30.3,0.0,0.0,0,0,9.8,131,13.0827,80.2707
2025-03-09T00:00,25.9,85,30.2,0.0,0.0,0,0,8.5,134,13.0827,80.2707
2025-03-09T01:00,25.6,87,30.2,0.0,0.0,0,0,6.6,139,13.0827,80.2707
2025-03-09T02:00,24.9,90,29.8,0.0,0.0,0,3,4.5,151,13.0827,80.2707
2025-03-09T03:00,24.1,92,29.0,0.0,0.0,0,10,3.5,189,13.0827,80.2707
2025-03-09T04:00,23.8,94,28.6,0.0,0.0,1,21,3.4,223,13.0827,80.2707
2025-03-09T05:00,23.4,96,28.1,0.0,0.0,2,53,4.5,256,13.0827,80.2707
2025-03-09T06:00,23.8,98,28.8,0.0,0.0,3,99,5.4,268,13.0827,80.2707
2025-03-09T07:00,24.8,93,29.7,0.0,0.0,3,94,5.7,261,13.0827,80.2707
2025-03-09T08:00,26.8,81,31.9,0.0,0.0,1,38,4.0,177,13.0827,80.2707
2025-03-09T09:00,29.0,66,32.6,0.0,0.0,1,27,9.0,128,13.0827,80.2707
2025-03-09T10:00,30.2,60,34.4,0.0,0.0,0,17,11.0,122,13.0827,80.2707
2025-03-09T11:00,30.8,57,35.6,0.0,0.0,0,7,11.8,115,13.0827,80.2707
2025-03-09T12:00,31.2,54,35.8,0.0,0.0,0,1,13.1,108,13.0827,80.2707
2025-03-09T13:00,31.0,53,35.1,0.0,0.0,0,1,14.3,105,13.0827,80.2707
2025-03-09T14:00,30.6,55,34.2,0.0,0.0,0,0,14.9,105,13.0827,80.2707
2025-03-09T15:00,30.0,57,32.9,0.0,0.0,0,0,14.5,104,13.0827,80.2707
2025-03-09T16:00,29.3,60,31.5,0.0,0.0,0,0,13.5,102,13.0827,80.2707
2025-03-09T17:00,28.5,63,30.9,0.0,0.0,0,1,12.3,97,13.0827,80.2707
2025-03-09T18:00,28.2,64,30.8,0.0,0.0,0,2,11.2,89,13.0827,80.2707
2025-03-09T19:00,28.2,63,30.7,0.0,0.0,0,15,11.6,85,13.0827,80.2707
2025-03-09T20:00,28.1,64,30.7,0.0,0.0,2,50,10.6,87,13.0827,80.2707
2025-03-09T21:00,28.0,65,30.8,0.0,0.0,1,40,10.4,79,13.0827,80.2707
2025-03-09T22:00,27.9,67,30.4,0.0,0.0,0,15,12.4,76,13.0827,80.2707
2025-03-09T23:00,27.5,69,30.3,0.0,0.0,0,9,11.2,80,13.0827,80.2707
2025-03-10T00:00,27.0,71,30.1,0.0,0.0,0,3,9.6,81,13.0827,80.2707
2025-03-10T01:00,26.6,72,29.8,0.0,0.0,0,11,8.4,70,13.0827,80.2707
2025-03-10T02:00,26.4,69,29.3,0.0,0.0,0,10,7.4,64,13.0827,80.2707
2025-03-10T03:00,26.2,67,28.9,0.0,0.0,0,4,6.4,74,13.0827,80.2707
2025-03-10T04:00,26.2,64,28.6,0.0,0.0,0,1,6.3,88,13.0827,80.2707
2025-03-10T05:00,26.1,63,28.4,0.0,0.0,0,9,5.9,90,13.0827,80.2707
2025-03-10T06:00,25.6,80,29.3,0.1,0.1,51,26,7.9,66,13.0827,80.2707
2025-03-10T07:00,26.9,72,30.2,0.0,0.0,0,10,8.5,73,13.0827,80.2707
2025-03-10T08:00,28.4,59,30.7,0.0,0.0,0,4,10.0,70,13.0827,80.2707
2025-03-10T09:00,29.8,49,31.1,0.0,0.0,3,85,10.3,63,13.0827,80.2707
2025-03-10T10:00,30.5,45,32.3,0.0,0.0,3,100,13.1,61,13.0827,80.2707
2025-03-10T11:00,30.8,47,33.5,0.0,0.0,3,96,14.3,62,13.0827,80.2707
2025-03-10T12:00,30.9,48,34.0,0.0,0.0,2,53,15.2,57,13.0827,80.2707
2025-03-10T13:00,31.1,46,34.2,0.0,0.0,0,16,14.2,52,13.0827,80.2707
2025-03-10T14:00,31.5,46,34.0,0.0,0.0,0,14,15.2,41,13.0827,80.2707
2025-03-10T15:00,30.7,50,32.5,0.0,0.0,0,17,16.3,54,13.0827,80.2707
2025-03-10T16:00,29.6,57,30.9,0.0,0.0,2,71,17.4,57,13.0827,80.2707
2025-03-10T17:00,28.5,60,30.0,0.0,0.0,1,37,16.3,61,13.0827,80.2707
2025-03-10T18:00,28.2,64,30.2,0.0,0.0,2,73,15.2,47,13.0827,80.2707
2025-03-10T19:00,28.3,63,30.2,0.0,0.0,2,53,15.8,54,13.0827,80.2707
2025-03-10T20:00,27.9,66,30.0,0.0,0.0,3,80,14.9,56,13.0827,80.2707
2025-03-10T21:00,28.0,65,30.2,0.0,0.0,3,96,14.2,58,13.0827,80.2707
2025-03-10T22:00,27.7,67,30.2,0.0,0.0,3,98,13.0,48,13.0827,80.2707
2025-03-10T23:00,27.4,69,30.0,0.0,0.0,3,99,12.7,46,13.0827,80.2707
2025-03-11T00:00,27.4,69,30.0,0.0,0.0,3,98,12.5,37,13.0827,80.2707
2025-03-11T01:00,27.3,70,29.9,0.0,0.0,3,100,12.7,36,13.0827,80.2707
2025-03-11T02:00,27.2,70,29.7,0.0,0.0,2,70,13.6,46,13.0827,80.2707
2025-03-11T03:00,27.2,70,29.6,0.0,0.0,3,100,13.9,51,13.0827,80.2707
2025-03-11T04:00,27.2,70,29.6,0.0,0.0,3,100,14.7,48,13.0827,80.2707
2025-03-11T05:00,27.2,71,29.7,0.0,0.0,3,100,14.4,41,13.0827,80.2707
2025-03-11T06:00,27.2,77,30.6,0.0,0.0,2,57,13.4,31,13.0827,80.2707
2025-03-11T07:00,28.0,73,30.7,0.1,0.1,51,64,17.4,49,13.0827,80.2707
2025-03-11T08:00,29.0,68,31.4,0.1,0.1,51,98,18.6,57,13.0827,80.2707
2025-03-11T09:00,30.0,63,32.3,0.1,0.1,51,90,18.2,65,13.0827,80.2707
2025-03-11T10:00,27.0,78,30.0,2.0,2.0,61,100,17.0,72,13.0827,80.2707
2025-03-11T11:00,27.7,75,30.7,0.9,0.9,53,97,16.2,75,13.0827,80.2707
2025-03-11T12:00,29.0,71,33.8,0.1,0.1,51,100,14.0,67,13.0827,80.2707
2025-03-11T13:00,29.5,71,35.1,0.1,0.1,51,100,12.2,65,13.0827,80.2707
2025-03-11T14:00,27.4,78,31.3,2.9,2.9,63,100,11.6,83,13.0827,80.2707
2025-03-11T15:00,26.4,79,29.5,0.6,0.6,53,100,13.7,88,13.0827,80.2707
2025-03-11T16:00,26.0,84,29.6,0.9,0.9,53,100,12.7,74,13.0827,80.2707
2025-03-11T17:00,26.2,83,30.3,0.0,0.0,3,100,9.8,66,13.0827,80.2707
2025-03-11T18:00,25.1,93,29.1,5.7,5.7,63,100,13.2,38,13.0827,80.2707
2025-03-11T19:00,25.0,92,29.0,0.1,0.1,51,100,12.4,41,13.0827,80.2707
2025-03-11T20:00,25.0,91,29.6,0.0,0.0,3,100,8.5,54,13.0827,80.2707
2025-03-11T21:00,25.1,92,29.9,0.1,0.1,51,100,7.4,18,13.0827,80.2707
2025-03-11T22:00,24.8,94,29.7,0.2,0.2,51,100,6.9,14,13.0827,80.2707
2025-03-11T23:00,24.5,94,29.4,0.9,0.9,53,98,5.8,4,13.0827,80.2707
2025-03-12T00:00,24.4,96,30.0,0.0,0.0,3,100,1.2,333,13.0827,80.2707
2025-03-12T01:00,24.3,95,29.7,0.0,0.0,3,100,1.9,319,13.0827,80.2707
2025-03-12T02:00,24.0,97,29.6,0.0,0.0,3,100,1.5,330,13.0827,80.2707
2025-03-12T03:00,24.0,97,29.1,0.0,0.0,2,62,4.9,306,13.0827,80.2707
2025-03-12T04:00,24.0,97,29.1,0.0,0.0,3,90,4.5,317,13.0827,80.2707
2025-03-12T05:00,24.1,96,29.1,0.0,0.0,3,100,4.4,289,13.0827,80.2707
2025-03-12T06:00,24.9,96,30.7,0.3,0.3,51,96,3.6,60,13.0827,80.2707
2025-03-12T07:00,25.4,91,30.5,1.0,1.0,55,66,6.1,320,13.0827,80.2707
2025-03-12T08:00,27.0,87,32.6,0.1,0.1,51,92,6.2,33,13.0827,80.2707
2025-03-12T09:00,28.4,78,33.6,0.1,0.1,51,99,7.1,69,13.0827,80.2707
2025-03-12T10:00,29.6,74,34.7,0.0,0.0,1,49,9.0,84,13.0827,80.2707
2025-03-12T11:00,29.7,74,35.5,0.2,0.2,51,19,10.5,97,13.0827,80.2707
2025-03-12T12:00,30.0,73,36.7,0.1,0.1,51,12,10.6,100,13.0827,80.2707
2025-03-12T13:00,30.1,72,36.6,0.0,0.0,1,22,11.6,105,13.0827,80.2707
2025-03-12T14:00,29.9,72,35.8,0.0,0.0,2,58,12.1,110,13.0827,80.2707
2025-03-12T15:00,29.5,73,34.4,0.0,0.0,3,83,12.1,122,13.0827,80.2707
2025-03-12T16:00,28.9,74,33.2,0.0,0.0,3,92,11.5,124,13.0827,80.2707
2025-03-12T17:00,28.1,78,32.7,0.0,0.0,3,90,10.2,124,13.0827,80.2707
2025-03-12T18:00,27.4,84,32.2,0.0,0.0,1,40,10.4,116,13.0827,80.2707
2025-03-12T19:00,26.7,85,31.5,0.0,0.0,1,38,7.6,126,13.0827,80.2707
2025-03-12T20:00,26.5,86,31.6,0.0,0.0,1,37,6.5,157,13.0827,80.2707
2025-03-12T21:00,26.3,88,31.7,0.0,0.0,0,7,5.2,182,13.0827,80.2707
2025-03-12T22:00,25.8,91,31.7,0.0,0.0,0,0,2.7,208,13.0827,80.2707
2025-03-12T23:00,25.5,93,31.5,0.0,0.0,0,1,1.6,243,13.0827,80.2707
2025-03-13T00:00,25.2,95,31.2,0.0,0.0,0,11,1.3,286,13.0827,80.2707
2025-03-13T01:00,24.8,96,30.6,0.0,0.0,1,41,2.4,297,13.0827,80.2707
2025-03-13T02:00,24.5,98,30.1,0.0,0.0,3,100,3.5,291,13.0827,80.2707
2025-03-13T03:00,24.3,98,29.8,0.0,0.0,3,100,3.1,260,13.0827,80.2707
2025-03-13T04:00,24.0,98,29.4,0.0,0.0,3,100,3.1,246,13.0827,80.2707
2025-03-13T05:00,24.0,96,29.1,0.0,0.0,3,100,3.7,247,13.0827,80.2707
2025-03-13T06:00,24.9,97,30.4,0.0,0.0,3,99,5.1,253,13.0827,80.2707
2025-03-13T07:00,25.8,92,31.4,0.0,0.0,3,97,4.3,265,13.0827,80.2707
2025-03-13T08:00,27.8,81,33.6,0.0,0.0,3,83,2.7,266,13.0827,80.2707
2025-03-13T09:00,30.1,68,35.7,0.0,0.0,1,35,1.4,203,13.0827,80.2707
2025-03-13T10:00,31.9,58,38.2,0.0,0.0,0,2,2.8,117,13.0827,80.2707
2025-03-13T11:00,33.1,54,39.5,0.0,0.0,0,0,6.6,99,13.0827,80.2707
2025-03-13T12:00,33.3,55,39.6,0.0,0.0,0,1,10.7,102,13.0827,80.2707
2025-03-13T13:00,33.1,55,38.6,0.0,0.0,0,0,13.9,107,13.0827,80.2707
2025-03-13T14:00,32.3,56,37.0,0.0,0.0,0,0,14.8,111,13.0827,80.2707
2025-03-13T15:00,31.5,62,35.7,0.0,0.0,1,44,14.3,115,13.0827,80.2707
2025-03-13T16:00,30.5,66,34.2,0.0,0.0,1,39,14.4,126,13.0827,80.2707
2025-03-13T17:00,29.5,70,33.1,0.0,0.0,0,0,13.9,134,13.0827,80.2707
2025-03-13T18:00,28.3,79,32.7,0.0,0.0,0,0,13.0,151,13.0827,80.2707
2025-03-13T19:00,27.9,83,32.8,0.0,0.0,0,0,10.9,156,13.0827,80.2707
2025-03-13T20:00,27.7,84,32.8,0.0,0.0,2,52,9.7,155,13.0827,80.2707
2025-03-13T21:00,27.3,86,32.6,0.0,0.0,3,100,9.2,159,13.0827,80.2707
2025-03-13T22:00,27.0,89,32.4,0.0,0.0,2,66,8.8,165,13.0827,80.2707
2025-03-13T23:00,26.6,91,32.4,0.0,0.0,2,63,6.5,174,13.0827,80.2707
2025-03-14T00:00,26.1,94,31.9,0.0,0.0,2,61,6.1,192,13.0827,80.2707
2025-03-14T01:00,25.7,95,31.2,0.0,0.0,2,74,7.1,214,13.0827,80.2707
2025-03-14T02:00,25.1,97,30.4,0.0,0.0,3,93,7.8,228,13.0827,80.2707
2025-03-14T03:00,24.8,98,30.1,0.0,0.0,3,100,7.5,233,13.0827,80.2707
2025-03-14T04:00,24.8,98,30.1,0.0,0.0,3,100,6.8,235,13.0827,80.2707
2025-03-14T05:00,24.7,97,29.9,0.0,0.0,3,100,7.6,234,13.0827,80.2707
2025-03-14T06:00,26.1,95,31.9,0.0,0.0,0,5,7.7,233,13.0827,80.2707
2025-03-14T07:00,27.2,84,32.2,0.0,0.0,1,21,8.2,234,13.0827,80.2707
2025-03-14T08:00,28.8,75,33.6,0.0,0.0,0,11,7.4,219,13.0827,80.2707
2025-03-14T09:00,30.8,63,35.2,0.0,0.0,0,4,6.2,192,13.0827,80.2707
2025-03-14T10:00,32.5,55,37.8,0.0,0.0,0,5,6.6,151,13.0827,80.2707
2025-03-14T11:00,33.4,53,39.3,0.0,0.0,0,3,9.7,135,13.0827,80.2707
2025-03-14T12:00,33.3,58,39.7,0.0,0.0,0,0,13.3,131,13.0827,80.2707
2025-03-14T13:00,33.0,55,38.0,0.0,0.0,0,0,16.2,132,13.0827,80.2707
2025-03-14T14:00,32.8,50,36.5,0.0,0.0,0,0,15.7,140,13.0827,80.2707
2025-03-14T15:00,32.3,51,35.2,0.0,0.0,0,0,15.1,140,13.0827,80.2707
2025-03-14T16:00,31.2,56,33.6,0.0,0.0,0,0,14.5,142,13.0827,80.2707
2025-03-14T17:00,29.6,69,33.0,0.0,0.0,0,0,14.5,146,13.0827,80.2707
2025-03-14T18:00,28.3,78,32.3,0.0,0.0,0,0,14.0,151,13.0827,80.2707
2025-03-14T19:00,27.9,81,32.3,0.0,0.0,0,13,12.7,155,13.0827,80.2707
2025-03-14T20:00,27.6,81,32.2,0.0,0.0,0,0,10.0,159,13.0827,80.2707
2025-03-14T21:00,27.1,84,32.1,0.0,0.0,0,0,8.1,156,13.0827,80.2707
2025-03-14T22:00,26.8,85,31.7,0.0,0.0,0,0,8.5,152,13.0827,80.2707
2025-03-14T23:00,26.6,86,31.3,0.0,0.0,0,0,10.2,149,13.0827,80.2707
2025-03-15T00:00,26.6,86,31.0,0.0,0.0,0,4,11.4,153,13.0827,80.2707
2025-03-15T01:00,26.3,87,30.9,0.0,0.0,0,12,10.2,162,13.0827,80.2707
2025-03-15T02:00,25.9,88,30.5,0.0,0.0,0,19,9.2,174,13.0827,80.2707
2025-03-15T03:00,25.8,89,30.4,0.0,0.0,1,30,9.0,183,13.0827,80.2707
2025-03-15T04:00,25.5,89,30.1,0.0,0.0,1,26,8.1,201,13.0827,80.2707
2025-03-15T05:00,25.0,91,29.8,0.0,0.0,1,37,6.9,223,13.0827,80.2707
2025-03-15T06:00,25.4,93,30.5,0.0,0.0,1,22,7.1,243,13.0827,80.2707
2025-03-15T07:00,26.2,88,31.4,0.0,0.0,0,5,6.1,256,13.0827,80.2707
2025-03-15T08:00,28.4,75,33.2,0.0,0.0,0,4,6.8,228,13.0827,80.2707
2025-03-15T09:00,30.4,60,34.1,0.0,0.0,0,13,7.7,191,13.0827,80.2707
2025-03-15T10:00,32.3,49,36.4,0.0,0.0,0,2,7.9,163,13.0827,80.2707
2025-03-15T11:00,33.8,43,38.2,0.0,0.0,0,15,9.0,142,13.0827,80.2707
2025-03-15T12:00,34.0,47,38.9,0.0,0.0,2,61,12.7,133,13.0827,80.2707
2025-03-15T13:00,33.8,47,38.0,0.0,0.0,3,85,15.5,134,13.0827,80.2707
2025-03-15T14:00,33.4,44,36.2,0.0,0.0,3,88,16.7,137,13.0827,80.2707
2025-03-15T15:00,32.4,49,35.0,0.0,0.0,3,83,16.1,138,13.0827,80.2707
2025-03-15T16:00,31.1,57,33.4,0.0,0.0,1,39,15.7,136,13.0827,80.2707
2025-03-15T17:00,29.8,63,32.6,0.0,0.0,0,10,14.8,140,13.0827,80.2707
2025-03-15T18:00,28.7,75,32.8,0.0,0.0,0,0,12.9,139,13.0827,80.2707
2025-03-15T19:00,28.3,77,32.7,0.0,0.0,0,0,11.0,139,13.0827,80.2707
2025-03-15T20:00,28.2,78,32.7,0.0,0.0,0,0,10.6,138,13.0827,80.2707
2025-03-15T21:00,28.0,79,32.5,0.0,0.0,0,0,10.3,131,13.0827,80.2707
2025-03-15T22:00,27.7,80,32.4,0.0,0.0,0,0,9.9,127,13.0827,80.2707
2025-03-15T23:00,27.5,83,32.5,0.0,0.0,0,0,8.1,122,13.0827,80.2707
2025-03-16T00:00,27.1,85,32.7,0.0,0.0,0,0,4.1,124,13.0827,80.2707
2025-03-16T01:00,26.4,89,32.6,0.0,0.0,0,7,0.9,143,13.0827,80.2707
2025-03-16T02:00,26.0,90,32.2,0.0,0.0,1,33,0.8,207,13.0827,80.2707
2025-03-16T03:00,25.7,92,31.7,0.0,0.0,1,40,1.9,229,13.0827,80.2707
2025-03-16T04:00,25.4,94,31.0,0.0,0.0,2,52,4.1,255,13.0827,80.2707
2025-03-16T05:00,25.1,94,30.4,0.0,0.0,2,62,5.8,270,13.0827,80.2707
2025-03-16T06:00,25.8,97,32.1,0.0,0.0,3,100,4.2,260,13.0827,80.2707
2025-03-16T07:00,26.7,92,32.9,0.1,0.1,51,41,5.1,253,13.0827,80.2707
2025-03-16T08:00,28.6,79,34.6,0.1,0.1,51,11,2.8,207,13.0827,80.2707
2025-03-16T09:00,30.6,66,35.6,0.0,0.0,0,13,4.7,140,13.0827,80.2707
2025-03-16T10:00,32.2,57,37.4,0.1,0.1,51,35,7.7,127,13.0827,80.2707
2025-03-16T11:00,32.7,54,37.9,0.1,0.1,51,23,11.1,121,13.0827,80.2707
2025-03-16T12:00,32.9,54,38.1,0.0,0.0,0,13,12.9,123,13.0827,80.2707
2025-03-16T13:00,32.8,53,37.5,0.0,0.0,0,2,13.7,122,13.0827,80.2707
2025-03-16T14:00,32.5,53,36.7,0.0,0.0,0,1,14.0,120,13.0827,80.2707
2025-03-16T15:00,32.0,56,35.6,0.0,0.0,0,0,14.4,124,13.0827,80.2707
2025-03-16T16:00,31.1,60,34.2,0.0,0.0,0,0,13.8,130,13.0827,80.2707
2025-03-16T17:00,30.0,66,33.5,0.0,0.0,0,0,13.1,136,13.0827,80.2707
2025-03-16T18:00,29.1,74,33.5,0.0,0.0,0,0,12.1,136,13.0827,80.2707
2025-03-16T19:00,28.9,76,33.3,0.0,0.0,0,0,11.5,140,13.0827,80.2707
2025-03-16T20:00,28.6,79,33.4,0.0,0.0,0,0,10.7,144,13.0827,80.2707
2025-03-16T21:00,28.4,81,33.4,0.0,0.0,0,2,10.1,147,13.0827,80.2707
2025-03-16T22:00,28.1,83,33.4,0.0,0.0,0,3,9.0,151,13.0827,80.2707
2025-03-16T23:00,27.9,84,33.3,0.0,0.0,0,3,8.5,156,13.0827,80.2707
2025-03-17T00:00,27.6,86,33.2,0.0,0.0,0,9,7.9,168,13.0827,80.2707
2025-03-17T01:00,27.3,88,33.0,0.0,0.0,1,26,6.7,188,13.0827,80.2707
2025-03-17T02:00,26.7,90,32.6,0.0,0.0,1,26,5.8,219,13.0827,80.2707
2025-03-17T03:00,26.2,93,32.1,0.0,0.0,1,38,6.0,245,13.0827,80.2707
2025-03-17T04:00,25.9,95,31.7,0.0,0.0,2,62,6.2,255,13.0827,80.2707
2025-03-17T05:00,26.0,94,31.7,0.0,0.0,1,25,6.0,253,13.0827,80.2707
2025-03-17T06:00,27.1,91,33.2,0.0,0.0,0,19,6.4,245,13.0827,80.2707
2025-03-17T07:00,28.0,83,33.6,0.0,0.0,3,86,7.0,228,13.0827,80.2707
2025-03-17T08:00,29.7,72,34.9,0.0,0.0,3,98,6.4,225,13.0827,80.2707
2025-03-17T09:00,32.0,58,36.5,0.0,0.0,3,100,5.7,191,13.0827,80.2707
2025-03-17T10:00,33.6,50,38.6,0.0,0.0,3,92,7.7,147,13.0827,80.2707
2025-03-17T11:00,34.0,49,38.7,0.0,0.0,3,100,13.0,135,13.0827,80.2707
2025-03-17T12:00,32.8,59,37.7,0.1,0.1,51,99,17.6,137,13.0827,80.2707
2025-03-17T13:00,32.8,56,37.3,0.0,0.0,3,97,18.2,145,13.0827,80.2707
2025-03-17T14:00,32.5,60,36.5,0.0,0.0,3,97,18.0,143,13.0827,80.2707
2025-03-17T15:00,32.1,58,35.7,0.0,0.0,2,73,17.1,144,13.0827,80.2707
2025-03-17T16:00,31.5,61,34.7,0.0,0.0,0,12,15.9,146,13.0827,80.2707
2025-03-17T17:00,30.2,68,33.9,0.0,0.0,0,5,15.2,143,13.0827,80.2707
2025-03-17T18:00,29.0,77,33.8,0.0,0.0,0,10,12.0,131,13.0827,80.2707
2025-03-17T19:00,28.8,80,33.8,0.0,0.0,0,5,11.3,134,13.0827,80.2707
2025-03-17T20:00,28.6,81,33.7,0.0,0.0,0,2,11.0,139,13.0827,80.2707
2025-03-17T21:00,28.3,83,33.4,0.0,0.0,0,1,11.8,142,13.0827,80.2707
2025-03-17T22:00,28.1,84,33.4,0.0,0.0,0,1,10.9,146,13.0827,80.2707
2025-03-17T23:00,27.8,86,33.3,0.0,0.0,0,4,9.3,152,13.0827,80.2707
2025-03-18T00:00,27.5,88,33.1,0.0,0.0,0,12,8.4,160,13.0827,80.2707
2025-03-18T01:00,27.2,89,33.2,0.0,0.0,1,31,6.1,177,13.0827,80.2707
2025-03-18T02:00,26.8,92,32.8,0.0,0.0,1,34,5.5,193,13.0827,80.2707
2025-03-18T03:00,26.4,93,32.3,0.0,0.0,1,35,6.2,210,13.0827,80.2707
2025-03-18T04:00,26.1,95,31.9,0.0,0.0,3,84,7.0,228,13.0827,80.2707
2025-03-18T05:00,25.9,95,31.5,0.0,0.0,3,100,7.8,236,13.0827,80.2707
2025-03-18T06:00,27.2,91,33.2,0.1,0.1,51,100,7.6,239,13.0827,80.2707
2025-03-18T07:00,28.0,84,33.7,0.1,0.1,51,25,6.9,227,13.0827,80.2707
2025-03-18T08:00,29.7,74,35.2,0.0,0.0,0,12,5.9,203,13.0827,80.2707
2025-03-18T09:00,31.5,62,36.2,0.0,0.0,0,13,7.4,158,13.0827,80.2707
2025-03-18T10:00,32.6,57,37.4,0.0,0.0,1,21,10.2,141,13.0827,80.2707
2025-03-18T11:00,33.1,56,38.6,0.0,0.0,0,16,12.7,134,13.0827,80.2707
2025-03-18T12:00,33.0,58,38.7,0.0,0.0,0,10,14.6,135,13.0827,80.2707
2025-03-18T13:00,32.9,57,38.1,0.0,0.0,0,4,15.9,135,13.0827,80.2707
2025-03-18T14:00,32.7,55,36.8,0.0,0.0,1,32,16.8,136,13.0827,80.2707
2025-03-18T15:00,32.1,56,35.3,0.0,0.0,1,39,17.2,139,13.0827,80.2707
2025-03-18T16:00,31.2,60,33.9,0.0,0.0,0,8,16.7,142,13.0827,80.2707
2025-03-18T17:00,30.0,67,33.2,0.0,0.0,0,1,15.6,144,13.0827,80.2707
2025-03-18T18:00,29.1,75,33.5,0.0,0.0,0,0,12.7,147,13.0827,80.2707
2025-03-18T19:00,28.9,78,33.6,0.0,0.0,0,2,12.6,149,13.0827,80.2707
2025-03-18T20:00,28.7,79,33.5,0.0,0.0,0,4,12.5,147,13.0827,80.2707
2025-03-18T21:00,28.5,80,33.3,0.0,0.0,0,5,12.4,149,13.0827,80.2707
2025-03-18T22:00,28.2,82,33.1,0.0,0.0,0,7,11.5,149,13.0827,80.2707
2025-03-18T23:00,27.9,83,33.0,0.0,0.0,0,12,10.4,150,13.0827,80.2707
2025-03-19T00:00,27.7,84,32.8,0.0,0.0,1,22,10.1,153,13.0827,80.2707
2025-03-19T01:00,27.4,85,32.6,0.0,0.0,1,25,9.5,155,13.0827,80.2707
2025-03-19T02:00,27.2,86,32.3,0.0,0.0,1,32,9.2,157,13.0827,80.2707
2025-03-19T03:00,27.0,87,32.1,0.0,0.0,1,40,8.7,167,13.0827,80.2707
2025-03-19T04:00,26.7,87,31.8,0.0,0.0,2,51,8.1,177,13.0827,80.2707
2025-03-19T05:00,26.5,88,31.6,0.0,0.0,3,80,7.2,194,13.0827,80.2707
2025-03-19T06:00,26.4,92,32.4,0.0,0.0,3,96,5.4,256,13.0827,80.2707
2025-03-19T07:00,27.6,86,33.5,0.1,0.1,51,81,4.9,260,13.0827,80.2707
2025-03-19T08:00,29.5,74,35.0,0.2,0.2,51,59,5.1,190,13.0827,80.2707
2025-03-19T09:00,31.3,63,35.8,0.1,0.1,51,32,7.7,152,13.0827,80.2707
2025-03-19T10:00,32.6,56,37.3,0.0,0.0,2,70,11.0,138,13.0827,80.2707
2025-03-19T11:00,33.2,52,37.8,0.0,0.0,3,96,13.7,134,13.0827,80.2707
2025-03-19T12:00,33.4,50,37.7,0.0,0.0,3,100,15.8,131,13.0827,80.2707
2025-03-19T13:00,33.3,51,37.7,0.0,0.0,3,93,16.6,131,13.0827,80.2707
2025-03-19T14:00,32.7,55,36.9,0.0,0.0,2,68,17.0,129,13.0827,80.2707
2025-03-19T15:00,32.0,60,35.8,0.0,0.0,1,45,16.9,129,13.0827,80.2707
2025-03-19T16:00,31.1,64,34.4,0.0,0.0,1,28,16.8,128,13.0827,80.2707
2025-03-19T17:00,30.1,69,33.7,0.0,0.0,0,11,15.6,127,13.0827,80.2707
2025-03-19T18:00,29.3,77,34.0,0.0,0.0,3,92,12.9,117,13.0827,80.2707
2025-03-19T19:00,29.0,78,33.8,0.0,0.0,3,90,12.4,121,13.0827,80.2707
2025-03-19T20:00,28.9,79,33.7,0.0,0.0,0,9,12.5,125,13.0827,80.2707
2025-03-19T21:00,28.7,79,33.4,0.0,0.0,0,7,12.6,128,13.0827,80.2707
2025-03-19T22:00,28.4,81,33.0,0.0,0.0,0,3,13.3,132,13.0827,80.2707
2025-03-19T23:00,28.1,83,33.0,0.0,0.0,0,8,12.1,136,13.0827,80.2707
2025-03-20T00:00,27.8,85,33.0,0.0,0.0,0,7,10.1,139,13.0827,80.2707
2025-03-20T01:00,27.5,87,32.8,0.0,0.0,1,20,9.4,142,13.0827,80.2707
2025-03-20T02:00,27.3,87,32.6,0.0,0.0,1,29,9.5,151,13.0827,80.2707
2025-03-20T03:00,27.2,85,32.1,0.0,0.0,1,34,10.1,158,13.0827,80.2707
2025-03-20T04:00,27.2,84,32.0,0.0,0.0,1,40,9.5,169,13.0827,80.2707
2025-03-20T05:00,27.0,84,32.0,0.0,0.0,1,27,7.4,181,13.0827,80.2707
2025-03-20T06:00,27.4,83,32.9,0.0,0.0,1,22,4.4,173,13.0827,80.2707
2025-03-20T07:00,28.6,76,33.9,0.0,0.0,1,33,5.0,167,13.0827,80.2707
2025-03-20T08:00,30.2,66,34.6,0.0,0.0,0,14,7.8,148,13.0827,80.2707
2025-03-20T09:00,31.5,59,35.4,0.0,0.0,0,13,9.0,137,13.0827,80.2707
2025-03-20T10:00,32.7,51,37.0,0.0,0.0,0,1,10.2,129,13.0827,80.2707
2025-03-20T11:00,33.4,47,37.7,0.0,0.0,0,0,12.6,126,13.0827,80.2707
2025-03-20T12:00,33.6,45,37.7,0.0,0.0,0,0,14.5,122,13.0827,80.2707
2025-03-20T13:00,33.3,47,37.2,0.0,0.0,0,0,15.6,123,13.0827,80.2707
2025-03-20T14:00,32.6,51,36.5,0.0,0.0,0,0,15.7,121,13.0827,80.2707
2025-03-20T15:00,31.7,57,35.2,0.0,0.0,0,0,16.3,122,13.0827,80.2707
2025-03-20T16:00,30.9,61,33.7,0.0,0.0,0,0,15.7,127,13.0827,80.2707
2025-03-20T17:00,30.0,64,33.1,0.0,0.0,0,0,13.8,130,13.0827,80.2707
2025-03-20T18:00,29.4,71,33.5,0.0,0.0,0,1,11.4,128,13.0827,80.2707
2025-03-20T19:00,29.1,74,33.4,0.0,0.0,0,3,11.4,125,13.0827,80.2707
2025-03-20T20:00,29.0,74,33.3,0.0,0.0,0,4,11.6,125,13.0827,80.2707
2025-03-20T21:00,28.7,75,33.0,0.0,0.0,0,0,11.1,126,13.0827,80.2707
2025-03-20T22:00,28.5,76,32.9,0.0,0.0,0,0,11.1,127,13.0827,80.2707
2025-03-20T23:00,28.3,77,32.6,0.0,0.0,0,1,11.3,129,13.0827,80.2707
2025-03-21T00:00,28.1,78,32.4,0.0,0.0,0,13,11.5,131,13.0827,80.2707
2025-03-21T01:00,28.0,78,32.3,0.0,0.0,0,15,11.1,134,13.0827,80.2707
2025-03-21T02:00,27.9,78,32.3,0.0,0.0,1,21,10.2,139,13.0827,80.2707
2025-03-21T03:00,27.8,78,32.2,0.0,0.0,1,27,9.4,144,13.0827,80.2707
2025-03-21T04:00,27.7,79,32.4,0.0,0.0,1,25,7.7,152,13.0827,80.2707
2025-03-21T05:00,27.4,80,32.2,0.0,0.0,1,20,7.0,151,13.0827,80.2707
2025-03-21T06:00,28.0,80,32.9,0.0,0.0,1,25,8.9,132,13.0827,80.2707
2025-03-21T07:00,29.0,73,33.2,0.0,0.0,3,91,11.5,130,13.0827,80.2707
2025-03-21T08:00,30.3,65,33.9,0.0,0.0,0,8,12.6,127,13.0827,80.2707
2025-03-21T09:00,31.4,59,34.8,0.0,0.0,0,6,12.5,122,13.0827,80.2707
2025-03-21T10:00,32.3,55,36.6,0.0,0.0,0,0,13.5,120,13.0827,80.2707
2025-03-21T11:00,32.9,52,37.4,0.0,0.0,0,0,14.4,121,13.0827,80.2707
2025-03-21T12:00,33.2,50,37.8,0.0,0.0,0,0,15.0,119,13.0827,80.2707
2025-03-21T13:00,32.9,52,37.6,0.0,0.0,0,0,15.3,117,13.0827,80.2707
2025-03-21T14:00,32.4,55,36.8,0.0,0.0,0,0,15.4,114,13.0827,80.2707
2025-03-21T15:00,31.6,59,35.4,0.0,0.0,0,1,15.6,116,13.0827,80.2707
2025-03-21T16:00,30.8,63,34.0,0.0,0.0,0,2,15.1,119,13.0827,80.2707
2025-03-21T17:00,29.8,67,33.3,0.0,0.0,0,0,14.0,119,13.0827,80.2707
2025-03-21T18:00,29.2,74,33.4,0.0,0.0,0,0,13.9,115,13.0827,80.2707
2025-03-21T19:00,29.0,76,33.4,0.0,0.0,0,1,13.0,116,13.0827,80.2707
2025-03-21T20:00,28.8,77,33.4,0.0,0.0,0,0,12.2,118,13.0827,80.2707
2025-03-21T21:00,28.6,78,33.2,0.0,0.0,0,1,11.8,123,13.0827,80.2707
2025-03-21T22:00,28.4,79,33.2,0.0,0.0,0,0,10.8,128,13.0827,80.2707
2025-03-21T23:00,28.2,80,33.0,0.0,0.0,0,1,10.9,136,13.0827,80.2707
2025-03-22T00:00,28.0,83,32.9,0.0,0.0,0,9,11.2,142,13.0827,80.2707
2025-03-22T01:00,27.8,84,33.0,0.0,0.0,0,19,10.2,148,13.0827,80.2707
2025-03-22T02:00,27.8,84,33.1,0.0,0.0,1,20,8.5,151,13.0827,80.2707
2025-03-22T03:00,27.6,85,33.2,0.0,0.0,1,26,6.5,157,13.0827,80.2707
2025-03-22T04:00,27.2,86,32.9,0.0,0.0,1,25,5.7,162,13.0827,80.2707
2025-03-22T05:00,27.0,87,32.5,0.0,0.0,1,24,6.9,163,13.0827,80.2707
2025-03-22T06:00,27.9,83,33.2,0.0,0.0,0,12,8.5,134,13.0827,80.2707
2025-03-22T07:00,28.7,79,33.3,0.2,0.2,51,30,12.5,133,13.0827,80.2707
2025-03-22T08:00,29.9,71,33.9,0.0,0.0,0,14,14.3,134,13.0827,80.2707
2025-03-22T09:00,31.1,64,34.8,0.0,0.0,0,16,15.0,136,13.0827,80.2707
2025-03-22T10:00,32.0,60,36.3,0.0,0.0,0,16,15.3,136,13.0827,80.2707
2025-03-22T11:00,32.4,58,37.0,0.0,0.0,0,12,16.8,132,13.0827,80.2707
2025-03-22T12:00,32.7,57,37.6,0.0,0.0,0,6,16.3,134,13.0827,80.2707
2025-03-22T13:00,32.5,57,37.6,0.0,0.0,1,21,15.3,131,13.0827,80.2707
2025-03-22T14:00,32.3,59,37.0,0.1,0.1,51,68,15.5,126,13.0827,80.2707
2025-03-22T15:00,31.1,64,34.6,0.1,0.1,51,40,15.7,124,13.0827,80.2707
2025-03-22T16:00,30.5,66,33.8,0.0,0.0,1,49,16.3,122,13.0827,80.2707
2025-03-22T17:00,30.0,70,33.9,0.0,0.0,1,35,14.3,130,13.0827,80.2707
2025-03-22T18:00,29.4,74,33.8,0.0,0.0,1,33,12.4,133,13.0827,80.2707
2025-03-22T19:00,29.0,78,34.1,0.0,0.0,0,5,9.4,140,13.0827,80.2707
2025-03-22T20:00,28.7,80,34.1,0.0,0.0,0,4,8.7,137,13.0827,80.2707
2025-03-22T21:00,28.5,82,33.8,0.0,0.0,0,4,9.4,138,13.0827,80.2707
2025-03-22T22:00,28.2,83,33.5,0.0,0.0,0,7,10.2,141,13.0827,80.2707
2025-03-22T23:00,28.0,84,33.4,0.0,0.0,0,18,9.5,153,13.0827,80.2707
2025-03-23T00:00,27.8,86,33.5,0.0,0.0,1,23,7.2,158,13.0827,80.2707
2025-03-23T01:00,27.5,86,32.9,0.0,0.0,1,37,8.7,153,13.0827,80.2707
2025-03-23T02:00,27.2,87,32.6,0.0,0.0,0,15,8.4,152,13.0827,80.2707
2025-03-23T03:00,27.2,86,32.4,0.0,0.0,0,15,8.5,148,13.0827,80.2707
2025-03-23T04:00,27.1,85,32.3,0.0,0.0,0,13,7.4,158,13.0827,80.2707
2025-03-23T05:00,27.0,85,32.3,0.0,0.0,0,13,6.4,153,13.0827,80.2707
2025-03-23T06:00,28.2,78,32.8,0.1,0.1,51,22,10.5,131,13.0827,80.2707
2025-03-23T07:00,29.3,73,33.5,0.0,0.0,0,17,11.9,131,13.0827,80.2707
2025-03-23T08:00,30.5,64,34.1,0.1,0.1,51,22,11.9,132,13.0827,80.2707
2025-03-23T09:00,31.4,59,34.7,0.0,0.0,1,45,12.4,130,13.0827,80.2707
2025-03-23T10:00,32.1,55,35.8,0.0,0.0,1,33,13.4,125,13.0827,80.2707
2025-03-23T11:00,32.6,53,37.1,0.0,0.0,1,26,13.0,119,13.0827,80.2707
2025-03-23T12:00,32.8,53,37.7,0.0,0.0,1,26,12.9,111,13.0827,80.2707
2025-03-23T13:00,32.9,53,37.7,0.0,0.0,1,21,13.7,107,13.0827,80.2707
2025-03-23T14:00,32.3,55,36.5,0.0,0.0,0,15,14.0,105,13.0827,80.2707
2025-03-23T15:00,31.8,57,35.3,0.0,0.0,1,30,14.4,106,13.0827,80.2707
2025-03-23T16:00,30.9,62,34.2,0.0,0.0,1,20,13.1,108,13.0827,80.2707
2025-03-23T17:00,30.1,66,33.7,0.0,0.0,1,27,13.1,115,13.0827,80.2707
2025-03-23T18:00,29.4,72,33.4,0.0,0.0,1,47,13.4,107,13.0827,80.2707
2025-03-23T19:00,29.2,74,33.4,0.0,0.0,1,30,13.4,107,13.0827,80.2707
2025-03-23T20:00,28.9,77,33.4,0.0,0.0,2,51,12.6,110,13.0827,80.2707
2025-03-23T21:00,28.7,78,33.4,0.0,0.0,0,12,11.2,114,13.0827,80.2707
2025-03-23T22:00,28.5,79,33.3,0.0,0.0,0,14,10.4,116,13.0827,80.2707
2025-03-23T23:00,28.2,80,33.2,0.0,0.0,1,20,9.4,120,13.0827,80.2707
2025-03-24T00:00,27.9,82,33.3,0.0,0.0,1,22,6.8,125,13.0827,80.2707
2025-03-24T01:00,27.3,86,33.5,0.0,0.0,1,30,2.9,120,13.0827,80.2707
2025-03-24T02:00,27.0,88,33.2,0.0,0.0,0,14,2.6,129,13.0827,80.2707
2025-03-24T03:00,26.7,89,32.8,0.0,0.0,0,19,2.7,157,13.0827,80.2707
2025-03-24T04:00,26.6,90,33.0,0.0,0.0,1,26,0.9,180,13.0827,80.2707
2025-03-24T05:00,26.2,92,32.7,0.0,0.0,0,15,0.8,297,13.0827,80.2707
2025-03-24T06:00,27.2,88,33.5,0.2,0.2,51,97,2.8,79,13.0827,80.2707
2025-03-24T07:00,28.1,83,34.0,0.2,0.2,51,90,4.9,96,13.0827,80.2707
2025-03-24T08:00,29.2,76,34.3,0.1,0.1,51,38,8.3,96,13.0827,80.2707
2025-03-24T09:00,30.4,68,35.0,0.1,0.1,51,24,10.0,96,13.0827,80.2707
2025-03-24T10:00,31.3,63,36.1,0.0,0.0,0,11,11.6,95,13.0827,80.2707
2025-03-24T11:00,31.8,58,36.9,0.0,0.0,0,12,12.8,93,13.0827,80.2707
2025-03-24T12:00,32.0,56,37.0,0.0,0.0,0,18,14.2,91,13.0827,80.2707
2025-03-24T13:00,31.8,58,36.6,0.0,0.0,1,32,14.6,93,13.0827,80.2707
2025-03-24T14:00,31.3,60,35.3,0.0,0.0,0,5,14.6,94,13.0827,80.2707
2025-03-24T15:00,30.9,62,34.6,0.0,0.0,0,1,14.5,96,13.0827,80.2707
2025-03-24T16:00,30.4,64,33.5,0.0,0.0,0,1,15.4,100,13.0827,80.2707
2025-03-24T17:00,29.5,69,32.8,0.0,0.0,0,2,15.0,100,13.0827,80.2707
2025-03-24T18:00,28.9,75,33.2,0.0,0.0,0,7,12.8,93,13.0827,80.2707
2025-03-24T19:00,28.8,76,33.2,0.0,0.0,0,12,11.5,91,13.0827,80.2707
2025-03-24T20:00,28.6,77,33.2,0.0,0.0,0,17,10.3,96,13.0827,80.2707
2025-03-24T21:00,28.3,79,33.2,0.0,0.0,0,19,9.1,99,13.0827,80.2707
2025-03-24T22:00,28.1,80,33.0,0.0,0.0,0,16,8.9,98,13.0827,80.2707
2025-03-24T23:00,27.7,81,32.7,0.0,0.0,0,5,7.6,98,13.0827,80.2707
2025-03-25T00:00,27.2,83,32.5,0.0,0.0,0,9,5.5,101,13.0827,80.2707
2025-03-25T01:00,26.5,87,32.2,0.0,0.0,0,9,3.1,111,13.0827,80.2707
2025-03-25T02:00,26.1,89,32.1,0.0,0.0,0,14,1.1,99,13.0827,80.2707
2025-03-25T03:00,25.8,90,31.8,0.0,0.0,1,26,0.3,225,13.0827,80.2707
2025-03-25T04:00,25.1,94,31.0,0.0,0.0,1,31,1.9,253,13.0827,80.2707
2025-03-25T05:00,24.9,96,30.5,0.0,0.0,2,57,4.3,275,13.0827,80.2707
2025-03-25T06:00,26.2,93,31.9,0.0,0.0,3,95,6.4,320,13.0827,80.2707
2025-03-25T07:00,27.4,84,33.0,0.0,0.0,0,19,5.7,323,13.0827,80.2707
2025-03-25T08:00,29.1,74,34.7,0.0,0.0,0,13,2.7,356,13.0827,80.2707
2025-03-25T09:00,30.9,63,36.1,0.0,0.0,0,10,3.0,73,13.0827,80.2707
2025-03-25T10:00,32.3,56,37.8,0.0,0.0,0,4,6.9,95,13.0827,80.2707
2025-03-25T11:00,32.6,56,38.1,0.0,0.0,0,8,12.4,98,13.0827,80.2707
2025-03-25T12:00,31.9,58,37.0,0.0,0.0,0,13,14.8,106,13.0827,80.2707
2025-03-25T13:00,32.0,56,36.7,0.0,0.0,0,2,14.0,108,13.0827,80.2707
2025-03-25T14:00,31.9,54,35.9,0.0,0.0,0,0,14.4,108,13.0827,80.2707
2025-03-25T15:00,31.7,51,34.5,0.0,0.0,0,0,13.6,108,13.0827,80.2707
2025-03-25T16:00,30.9,57,33.6,0.0,0.0,0,0,12.4,107,13.0827,80.2707
2025-03-25T17:00,29.7,66,33.1,0.0,0.0,0,0,12.7,113,13.0827,80.2707
2025-03-25T18:00,28.8,70,32.5,0.0,0.0,0,0,11.1,110,13.0827,80.2707
2025-03-25T19:00,28.5,73,32.4,0.0,0.0,0,1,11.8,117,13.0827,80.2707
2025-03-25T20:00,28.2,75,32.2,0.0,0.0,0,1,11.5,124,13.0827,80.2707
2025-03-25T21:00,28.1,76,32.3,0.0,0.0,0,2,10.3,119,13.0827,80.2707
2025-03-25T22:00,27.8,77,32.1,0.0,0.0,0,1,9.0,116,13.0827,80.2707
2025-03-25T23:00,27.4,79,31.9,0.0,0.0,0,0,8.1,118,13.0827,80.2707
2025-03-26T00:00,27.0,81,32.0,0.0,0.0,0,0,5.1,135,13.0827,80.2707
2025-03-26T01:00,26.2,85,31.6,0.0,0.0,0,6,2.8,165,13.0827,80.2707
2025-03-26T02:00,25.8,88,31.3,0.0,0.0,1,28,2.8,191,13.0827,80.2707
2025-03-26T03:00,25.7,88,30.9,0.0,0.0,1,30,3.9,236,13.0827,80.2707
2025-03-26T04:00,25.2,91,30.2,0.0,0.0,1,31,4.8,255,13.0827,80.2707
2025-03-26T05:00,24.7,92,29.5,0.0,0.0,1,33,6.0,279,13.0827,80.2707
2025-03-26T06:00,26.2,89,31.5,0.0,0.0,3,99,6.2,282,13.0827,80.2707
2025-03-26T07:00,27.6,80,32.8,0.0,0.0,1,26,5.8,236,13.0827,80.2707
2025-03-26T08:00,29.3,71,34.2,0.0,0.0,0,7,5.3,190,13.0827,80.2707
2025-03-26T09:00,31.0,60,35.3,0.0,0.0,0,8,6.2,154,13.0827,80.2707
2025-03-26T10:00,32.4,53,37.2,0.0,0.0,0,3,8.7,137,13.0827,80.2707
2025-03-26T11:00,33.2,50,37.9,0.0,0.0,0,0,12.9,134,13.0827,80.2707
2025-03-26T12:00,33.2,48,37.3,0.0,0.0,0,0,14.7,138,13.0827,80.2707
2025-03-26T13:00,32.9,50,36.7,0.0,0.0,2,66,16.1,143,13.0827,80.2707
2025-03-26T14:00,32.6,50,35.9,0.0,0.0,2,59,16.2,145,13.0827,80.2707
2025-03-26T15:00,32.3,48,34.6,0.0,0.0,0,2,15.5,141,13.0827,80.2707
2025-03-26T16:00,31.3,55,33.6,0.0,0.0,0,1,15.1,144,13.0827,80.2707
2025-03-26T17:00,30.0,64,32.9,0.0,0.0,0,1,14.8,144,13.0827,80.2707
2025-03-26T18:00,29.0,70,32.6,0.0,0.0,0,0,12.7,135,13.0827,80.2707
2025-03-26T19:00,28.6,75,32.6,0.0,0.0,0,0,13.1,132,13.0827,80.2707
2025-03-26T20:00,28.4,76,32.5,0.0,0.0,0,0,13.1,131,13.0827,80.2707
2025-03-26T21:00,28.3,79,32.7,0.0,0.0,0,0,12.6,131,13.0827,80.2707
2025-03-26T22:00,28.1,79,32.6,0.0,0.0,0,1,11.7,134,13.0827,80.2707
2025-03-26T23:00,27.8,81,32.7,0.0,0.0,0,2,9.0,145,13.0827,80.2707
2025-03-27T00:00,27.4,83,32.8,0.0,0.0,0,4,6.2,165,13.0827,80.2707
2025-03-27T01:00,26.8,87,32.5,0.0,0.0,0,10,4.2,187,13.0827,80.2707
2025-03-27T02:00,26.5,89,32.1,0.0,0.0,1,27,5.9,200,13.0827,80.2707
2025-03-27T03:00,26.1,91,31.6,0.0,0.0,1,39,6.2,221,13.0827,80.2707
2025-03-27T04:00,25.5,94,30.8,0.0,0.0,3,100,7.1,234,13.0827,80.2707
2025-03-27T05:00,25.3,94,30.4,0.0,0.0,3,99,7.3,242,13.0827,80.2707
2025-03-27T06:00,26.3,91,31.6,0.0,0.0,3,99,8.2,261,13.0827,80.2707
2025-03-27T07:00,27.6,82,32.4,0.0,0.0,2,74,9.4,240,13.0827,80.2707
2025-03-27T08:00,29.4,71,33.7,0.0,0.0,2,61,9.4,227,13.0827,80.2707
2025-03-27T09:00,31.5,58,35.6,0.0,0.0,0,8,8.2,220,13.0827,80.2707
2025-03-27T10:00,33.9,45,38.2,0.0,0.0,0,2,7.4,198,13.0827,80.2707
2025-03-27T11:00,35.7,36,39.9,0.0,0.0,1,33,7.6,162,13.0827,80.2707
2025-03-27T12:00,35.9,36,39.9,0.0,0.0,0,15,11.6,134,13.0827,80.2707
2025-03-27T13:00,34.5,53,40.1,0.0,0.0,1,33,16.0,135,13.0827,80.2707
2025-03-27T14:00,34.2,50,38.1,0.0,0.0,0,18,18.1,145,13.0827,80.2707
2025-03-27T15:00,33.4,49,35.7,0.0,0.0,0,8,18.2,147,13.0827,80.2707
2025-03-27T16:00,32.2,54,34.5,0.0,0.0,0,12,16.1,140,13.0827,80.2707
2025-03-27T17:00,31.1,54,32.9,0.0,0.0,0,0,16.1,138,13.0827,80.2707
2025-03-27T18:00,29.8,63,32.8,0.0,0.0,0,11,12.9,139,13.0827,80.2707
2025-03-27T19:00,29.2,73,33.4,0.0,0.0,1,37,12.4,137,13.0827,80.2707
2025-03-27T20:00,29.1,73,33.2,0.0,0.0,2,55,12.1,140,13.0827,80.2707
2025-03-27T21:00,28.7,77,33.0,0.0,0.0,2,75,12.9,143,13.0827,80.2707
2025-03-27T22:00,28.3,80,32.9,0.0,0.0,1,21,12.3,149,13.0827,80.2707
2025-03-27T23:00,28.0,82,32.9,0.0,0.0,3,83,11.2,154,13.0827,80.2707
2025-03-28T00:00,27.7,84,32.6,0.0,0.0,3,100,11.1,150,13.0827,80.2707
2025-03-28T01:00,27.2,87,32.7,0.0,0.0,3,99,7.2,202,13.0827,80.2707
2025-03-28T02:00,26.2,90,31.1,0.0,0.0,3,100,9.0,244,13.0827,80.2707
2025-03-28T03:00,25.7,88,30.3,0.0,0.0,3,100,8.7,238,13.0827,80.2707
2025-03-28T04:00,25.5,87,29.7,0.0,0.0,3,100,9.5,233,13.0827,80.2707
2025-03-28T05:00,25.4,86,29.4,0.0,0.0,0,18,9.4,232,13.0827,80.2707
2025-03-28T06:00,26.4,89,31.2,0.0,0.0,3,100,10.7,221,13.0827,80.2707
2025-03-28T07:00,27.6,84,32.5,0.0,0.0,3,100,10.3,221,13.0827,80.2707
2025-03-28T08:00,29.9,69,34.2,0.0,0.0,3,100,10.4,210,13.0827,80.2707
2025-03-28T09:00,32.8,49,35.8,0.0,0.0,3,100,9.7,199,13.0827,80.2707
2025-03-28T10:00,35.0,37,38.0,0.0,0.0,3,100,9.0,179,13.0827,80.2707
2025-03-28T11:00,36.3,34,39.4,0.0,0.0,3,100,11.4,157,13.0827,80.2707
2025-03-28T12:00,36.0,43,40.7,0.0,0.0,3,100,14.8,142,13.0827,80.2707
2025-03-28T13:00,35.1,48,39.1,0.0,0.0,3,95,17.6,143,13.0827,80.2707
2025-03-28T14:00,34.8,42,37.0,0.0,0.0,3,85,19.0,150,13.0827,80.2707
2025-03-28T15:00,33.7,44,34.9,0.0,0.0,2,76,19.2,153,13.0827,80.2707
2025-03-28T16:00,32.5,53,34.5,0.0,0.0,3,100,18.2,153,13.0827,80.2707
2025-03-28T17:00,31.0,61,33.6,0.0,0.0,3,100,17.4,154,13.0827,80.2707
2025-03-28T18:00,30.1,71,34.1,0.0,0.0,3,99,14.8,150,13.0827,80.2707
2025-03-28T19:00,29.5,78,34.5,0.0,0.0,3,100,12.8,158,13.0827,80.2707
2025-03-28T20:00,29.2,82,34.5,0.0,0.0,3,98,12.4,164,13.0827,80.2707
2025-03-28T21:00,28.9,80,33.9,0.0,0.0,0,4,11.9,170,13.0827,80.2707
2025-03-28T22:00,28.3,85,33.9,0.0,0.0,0,0,10.6,171,13.0827,80.2707
2025-03-28T23:00,27.9,88,33.7,0.0,0.0,0,0,9.9,176,13.0827,80.2707
2025-03-29T00:00,27.4,91,33.4,0.0,0.0,0,0,8.3,193,13.0827,80.2707
2025-03-29T01:00,26.8,92,32.6,0.0,0.0,0,0,7.5,217,13.0827,80.2707
2025-03-29T02:00,26.3,92,31.8,0.0,0.0,0,10,7.3,218,13.0827,80.2707
2025-03-29T03:00,25.6,93,30.8,0.0,0.0,2,59,7.4,227,13.0827,80.2707
2025-03-29T04:00,25.1,94,30.1,0.0,0.0,3,97,7.6,225,13.0827,80.2707
2025-03-29T05:00,24.7,94,29.5,0.0,0.0,1,47,7.9,240,13.0827,80.2707
2025-03-29T06:00,25.8,93,31.1,0.0,0.0,2,78,8.4,222,13.0827,80.2707
2025-03-29T07:00,27.4,85,32.7,0.0,0.0,3,84,7.6,216,13.0827,80.2707
2025-03-29T08:00,29.9,70,34.5,0.0,0.0,1,34,8.5,209,13.0827,80.2707
2025-03-29T09:00,33.4,46,36.3,0.0,0.0,0,2,9.2,200,13.0827,80.2707
2025-03-29T10:00,36.0,31,38.1,0.0,0.0,0,0,10.0,171,13.0827,80.2707
2025-03-29T11:00,36.6,29,38.8,0.0,0.0,0,0,13.3,144,13.0827,80.2707
2025-03-29T12:00,36.7,30,39.0,0.0,0.0,0,0,14.8,139,13.0827,80.2707
2025-03-29T13:00,37.1,24,38.2,0.0,0.0,0,0,15.4,139,13.0827,80.2707
2025-03-29T14:00,36.9,22,36.9,0.0,0.0,1,39,15.8,143,13.0827,80.2707
2025-03-29T15:00,36.1,25,35.7,0.0,0.0,2,68,15.4,145,13.0827,80.2707
2025-03-29T16:00,34.4,34,34.4,0.0,0.0,2,55,14.2,145,13.0827,80.2707
2025-03-29T17:00,31.9,54,34.4,0.0,0.0,1,33,14.2,147,13.0827,80.2707
2025-03-29T18:00,30.2,67,34.1,0.0,0.0,0,0,12.8,151,13.0827,80.2707
2025-03-29T19:00,29.0,84,34.5,0.0,0.0,0,0,12.2,152,13.0827,80.2707
2025-03-29T20:00,28.7,86,34.3,0.0,0.0,0,0,11.9,157,13.0827,80.2707
2025-03-29T21:00,28.6,80,33.3,0.0,0.0,0,0,12.1,165,13.0827,80.2707
2025-03-29T22:00,28.1,84,33.2,0.0,0.0,0,0,10.7,168,13.0827,80.2707
2025-03-29T23:00,27.5,90,33.3,0.0,0.0,0,0,9.6,176,13.0827,80.2707
2025-03-30T00:00,27.0,92,33.0,0.0,0.0,0,0,8.3,184,13.0827,80.2707
2025-03-30T01:00,26.5,94,32.4,0.0,0.0,0,0,7.6,192,13.0827,80.2707
2025-03-30T02:00,25.9,96,31.6,0.0,0.0,0,0,6.9,219,13.0827,80.2707
2025-03-30T03:00,25.3,96,30.6,0.0,0.0,0,0,8.0,228,13.0827,80.2707
2025-03-30T04:00,24.8,96,29.6,0.0,0.0,0,5,8.9,228,13.0827,80.2707
2025-03-30T05:00,24.3,96,29.0,0.0,0.0,0,8,8.4,230,13.0827,80.2707
2025-03-30T06:00,26.8,91,32.2,0.0,0.0,1,22,9.9,209,13.0827,80.2707
2025-03-30T07:00,27.7,84,32.9,0.0,0.0,0,18,8.9,208,13.0827,80.2707
2025-03-30T08:00,29.7,71,34.6,0.0,0.0,0,18,8.0,196,13.0827,80.2707
2025-03-30T09:00,32.2,52,35.4,0.0,0.0,0,4,9.7,168,13.0827,80.2707
2025-03-30T10:00,33.7,43,36.7,0.0,0.0,0,0,13.1,151,13.0827,80.2707
2025-03-30T11:00,34.0,44,37.5,0.0,0.0,0,17,15.9,148,13.0827,80.2707
2025-03-30T12:00,34.2,42,37.7,0.0,0.0,0,0,16.9,149,13.0827,80.2707
2025-03-30T13:00,34.1,43,37.6,0.0,0.0,0,0,17.0,150,13.0827,80.2707
2025-03-30T14:00,33.8,43,36.7,0.0,0.0,0,0,16.7,150,13.0827,80.2707
2025-03-30T15:00,33.0,45,34.9,0.0,0.0,0,0,17.2,149,13.0827,80.2707
2025-03-30T16:00,31.7,51,33.4,0.0,0.0,0,0,16.2,148,13.0827,80.2707
2025-03-30T17:00,30.2,63,33.0,0.0,0.0,0,0,15.7,153,13.0827,80.2707
2025-03-30T18:00,29.0,76,33.1,0.0,0.0,0,1,14.6,147,13.0827,80.2707
2025-03-30T19:00,28.7,79,33.0,0.0,0.0,0,3,14.3,149,13.0827,80.2707
2025-03-30T20:00,28.6,76,32.8,0.0,0.0,0,4,13.0,155,13.0827,80.2707
2025-03-30T21:00,28.5,74,32.6,0.0,0.0,0,0,11.3,155,13.0827,80.2707
2025-03-30T22:00,28.3,75,32.3,0.0,0.0,0,0,10.9,156,13.0827,80.2707
2025-03-30T23:00,27.9,77,32.1,0.0,0.0,0,0,10.3,158,13.0827,80.2707
2025-03-31T00:00,27.5,80,31.9,0.0,0.0,0,0,9.7,161,13.0827,80.2707
2025-03-31T01:00,27.1,83,31.9,0.0,0.0,0,0,8.1,159,13.0827,80.2707
2025-03-31T02:00,26.7,86,31.9,0.0,0.0,0,0,7.0,170,13.0827,80.2707
2025-03-31T03:00,26.1,89,31.5,0.0,0.0,0,10,5.7,189,13.0827,80.2707
2025-03-31T04:00,25.8,91,30.9,0.0,0.0,1,26,6.9,195,13.0827,80.2707
2025-03-31T05:00,25.5,92,30.7,0.0,0.0,1,34,6.2,201,13.0827,80.2707
2025-03-31T06:00,25.8,90,31.0,0.0,0.0,2,56,5.7,252,13.0827,80.2707
2025-03-31T07:00,27.2,82,32.4,0.0,0.0,1,39,5.3,237,13.0827,80.2707
2025-03-31T08:00,29.3,71,34.0,0.0,0.0,1,37,7.8,175,13.0827,80.2707
2025-03-31T09:00,31.1,60,34.8,0.0,0.0,1,23,9.9,151,13.0827,80.2707
2025-03-31T10:00,31.9,54,35.6,0.0,0.0,1,21,13.3,138,13.0827,80.2707
2025-03-31T11:00,32.3,50,36.0,0.0,0.0,0,17,14.5,134,13.0827,80.2707
2025-03-31T12:00,32.6,49,36.6,0.0,0.0,1,20,15.2,133,13.0827,80.2707
2025-03-31T13:00,32.7,48,36.7,0.0,0.0,1,23,15.1,131,13.0827,80.2707
2025-03-31T14:00,32.5,48,36.0,0.0,0.0,1,27,14.8,128,13.0827,80.2707
2025-03-31T15:00,32.0,49,34.7,0.0,0.0,1,45,13.9,128,13.0827,80.2707
2025-03-31T16:00,31.3,52,33.3,0.0,0.0,1,37,12.9,129,13.0827,80.2707
2025-03-31T17:00,30.1,58,32.4,0.0,0.0,0,6,13.9,133,13.0827,80.2707
2025-03-31T18:00,29.1,66,32.3,0.0,0.0,3,93,12.2,139,13.0827,80.2707
2025-03-31T19:00,29.0,66,32.0,0.0,0.0,3,100,12.5,136,13.0827,80.2707
2025-03-31T20:00,28.9,65,31.9,0.0,0.0,0,0,11.8,133,13.0827,80.2707
2025-03-31T21:00,28.7,65,31.8,0.0,0.0,0,1,11.1,133,13.0827,80.2707
2025-03-31T22:00,28.5,65,31.5,0.0,0.0,0,1,10.3,136,13.0827,80.2707
2025-03-31T23:00,28.3,66,31.5,0.0,0.0,0,0,9.2,137,13.0827,80.2707
2025-04-01T00:00,28.0,66,31.3,0.0,0.0,0,19,8.2,140,13.0827,80.2707
2025-04-01T01:00,27.7,67,31.2,0.0,0.0,1,27,6.6,143,13.0827,80.2707
2025-04-01T02:00,27.4,69,31.0,0.0,0.0,1,37,5.4,159,13.0827,80.2707
2025-04-01T03:00,27.0,71,30.8,0.0,0.0,0,16,4.9,178,13.0827,80.2707
2025-04-01T04:00,26.6,73,30.4,0.0,0.0,0,7,4.5,194,13.0827,80.2707
2025-04-01T05:00,26.2,75,30.1,0.0,0.0,0,18,5.0,199,13.0827,80.2707
2025-04-01T06:00,25.0,90,29.4,0.2,0.2,51,21,8.3,268,13.0827,80.2707
2025-04-01T07:00,27.2,70,31.2,0.0,0.0,1,35,3.1,257,13.0827,80.2707
2025-04-01T08:00,29.2,59,32.4,0.0,0.0,1,23,5.3,172,13.0827,80.2707
2025-04-01T09:00,30.8,53,33.5,0.0,0.0,0,11,8.1,152,13.0827,80.2707
2025-04-01T10:00,32.0,47,35.2,0.0,0.0,0,17,10.6,136,13.0827,80.2707
2025-04-01T11:00,32.7,44,35.9,0.0,0.0,1,20,13.6,129,13.0827,80.2707
2025-04-01T12:00,32.8,42,35.8,0.0,0.0,1,26,15.0,130,13.0827,80.2707
2025-04-01T13:00,32.8,43,35.9,0.0,0.0,0,17,15.5,128,13.0827,80.2707
2025-04-01T14:00,32.4,45,35.2,0.0,0.0,1,28,15.4,127,13.0827,80.2707
2025-04-01T15:00,31.8,48,33.9,0.0,0.0,1,29,15.1,130,13.0827,80.2707
2025-04-01T16:00,30.9,51,32.3,0.0,0.0,0,19,15.4,133,13.0827,80.2707
2025-04-01T17:00,29.8,57,31.7,0.0,0.0,1,35,15.1,135,13.0827,80.2707
2025-04-01T18:00,29.0,66,31.9,0.0,0.0,0,14,13.5,135,13.0827,80.2707
2025-04-01T19:00,28.9,66,31.7,0.0,0.0,0,15,13.1,134,13.0827,80.2707
2025-04-01T20:00,28.7,68,31.8,0.0,0.0,1,20,12.7,136,13.0827,80.2707
2025-04-01T21:00,28.5,70,32.0,0.0,0.0,0,17,11.5,135,13.0827,80.2707
2025-04-01T22:00,28.4,72,32.0,0.0,0.0,0,2,11.6,133,13.0827,80.2707
2025-04-01T23:00,28.2,72,31.9,0.0,0.0,0,5,11.1,137,13.0827,80.2707
2025-04-02T00:00,28.1,73,31.9,0.0,0.0,0,19,10.6,146,13.0827,80.2707
2025-04-02T01:00,28.1,72,31.7,0.0,0.0,0,19,11.2,148,13.0827,80.2707
2025-04-02T02:00,28.0,71,31.6,0.0,0.0,0,19,10.5,153,13.0827,80.2707
2025-04-02T03:00,27.8,72,31.6,0.0,0.0,1,31,8.5,156,13.0827,80.2707
2025-04-02T04:00,27.6,73,31.6,0.0,0.0,1,27,6.7,164,13.0827,80.2707
2025-04-02T05:00,27.2,74,31.6,0.0,0.0,1,32,4.6,191,13.0827,80.2707
2025-04-02T06:00,27.8,78,32.8,0.2,0.2,51,31,5.5,191,13.0827,80.2707
2025-04-02T07:00,28.8,73,33.9,0.1,0.1,51,31,4.9,172,13.0827,80.2707
2025-04-02T08:00,30.0,67,34.2,0.2,0.2,51,34,9.0,160,13.0827,80.2707
2025-04-02T09:00,31.3,60,35.1,0.2,0.2,51,19,10.3,147,13.0827,80.2707
2025-04-02T10:00,32.3,55,36.4,0.1,0.1,51,16,12.7,137,13.0827,80.2707
2025-04-02T11:00,32.7,52,36.9,0.0,0.0,0,13,15.2,133,13.0827,80.2707
2025-04-02T12:00,32.9,51,37.4,0.0,0.0,0,15,15.5,132,13.0827,80.2707
2025-04-02T13:00,32.8,53,37.6,0.0,0.0,0,12,14.3,126,13.0827,80.2707
2025-04-02T14:00,32.7,54,37.1,0.0,0.0,0,3,14.0,123,13.0827,80.2707
2025-04-02T15:00,32.3,54,35.8,0.0,0.0,0,10,14.3,119,13.0827,80.2707
2025-04-02T16:00,31.3,61,34.4,0.0,0.0,0,17,14.7,116,13.0827,80.2707
2025-04-02T17:00,30.4,64,33.6,0.0,0.0,0,1,14.8,114,13.0827,80.2707
2025-04-02T18:00,29.7,73,33.9,0.0,0.0,2,55,14.1,107,13.0827,80.2707
2025-04-02T19:00,29.5,74,33.7,0.0,0.0,3,99,14.5,112,13.0827,80.2707
2025-04-02T20:00,29.4,74,33.8,0.0,0.0,3,92,13.0,117,13.0827,80.2707
2025-04-02T21:00,29.3,75,33.6,0.0,0.0,3,95,13.4,123,13.0827,80.2707
2025-04-02T22:00,29.2,74,33.5,0.0,0.0,3,100,12.5,126,13.0827,80.2707
2025-04-02T23:00,29.0,74,33.5,0.0,0.0,2,76,10.5,129,13.0827,80.2707
2025-04-03T00:00,28.9,74,33.5,0.0,0.0,0,17,9.6,124,13.0827,80.2707
2025-04-03T01:00,28.7,75,33.2,0.0,0.0,3,94,9.4,132,13.0827,80.2707
2025-04-03T02:00,28.5,74,32.7,0.0,0.0,3,98,10.4,144,13.0827,80.2707
2025-04-03T03:00,27.7,79,32.1,0.0,0.0,3,100,10.8,165,13.0827,80.2707
2025-04-03T04:00,26.7,84,31.1,0.0,0.0,3,100,10.3,187,13.0827,80.2707
2025-04-03T05:00,26.2,86,30.7,0.0,0.0,3,100,8.4,200,13.0827,80.2707
2025-04-03T06:00,26.1,86,30.4,0.0,0.0,3,99,9.7,176,13.0827,80.2707
2025-04-03T07:00,26.7,81,31.0,0.0,0.0,3,100,9.1,195,13.0827,80.2707
2025-04-03T08:00,28.2,74,32.6,0.0,0.0,3,100,7.9,184,13.0827,80.2707
2025-04-03T09:00,29.6,68,33.9,0.0,0.0,3,100,8.8,182,13.0827,80.2707
2025-04-03T10:00,31.3,61,35.7,0.0,0.0,3,100,8.9,174,13.0827,80.2707
2025-04-03T11:00,32.0,59,36.4,0.0,0.0,3,100,10.1,153,13.0827,80.2707
2025-04-03T12:00,32.4,58,37.0,0.0,0.0,3,100,12.7,136,13.0827,80.2707
2025-04-03T13:00,31.9,59,36.5,0.0,0.0,3,100,14.9,135,13.0827,80.2707
2025-04-03T14:00,31.6,61,36.1,0.0,0.0,3,100,14.1,129,13.0827,80.2707
2025-04-03T15:00,31.1,64,34.8,0.0,0.0,1,33,14.6,130,13.0827,80.2707
2025-04-03T16:00,30.3,68,34.2,0.0,0.0,3,100,14.0,128,13.0827,80.2707
2025-04-03T17:00,29.3,73,33.3,0.0,0.0,3,100,13.5,132,13.0827,80.2707
2025-04-03T18:00,28.9,78,34.0,0.0,0.0,3,100,10.0,163,13.0827,80.2707
2025-04-03T19:00,28.8,80,34.2,0.0,0.0,3,100,8.7,166,13.0827,80.2707
2025-04-03T20:00,28.6,81,34.3,0.0,0.0,3,100,7.7,171,13.0827,80.2707
2025-04-03T21:00,28.4,82,34.2,0.0,0.0,3,100,6.6,167,13.0827,80.2707
2025-04-03T22:00,28.1,83,33.9,0.0,0.0,3,100,6.3,175,13.0827,80.2707
2025-04-03T23:00,27.8,85,33.6,0.0,0.0,3,100,6.5,185,13.0827,80.2707
2025-04-04T00:00,27.7,86,33.7,0.0,0.0,3,100,5.2,192,13.0827,80.2707
2025-04-04T01:00,27.5,88,33.7,0.0,0.0,3,100,3.9,227,13.0827,80.2707
2025-04-04T02:00,27.2,89,33.2,0.0,0.0,3,100,5.6,245,13.0827,80.2707
2025-04-04T03:00,27.0,89,32.9,0.0,0.0,3,100,5.3,246,13.0827,80.2707
2025-04-04T04:00,26.9,90,32.9,0.0,0.0,3,99,4.8,241,13.0827,80.2707
2025-04-04T05:00,26.7,91,32.9,0.0,0.0,0,8,3.9,254,13.0827,80.2707
2025-04-04T06:00,27.7,87,34.1,0.4,0.4,51,83,2.8,333,13.0827,80.2707
2025-04-04T07:00,27.3,87,32.9,0.5,0.5,53,94,6.9,70,13.0827,80.2707
2025-04-04T08:00,26.4,85,30.9,6.1,6.1,63,100,9.4,35,13.0827,80.2707
2025-04-04T09:00,27.6,78,31.9,0.1,0.1,51,87,10.0,23,13.0827,80.2707
2025-04-04T10:00,29.4,72,34.8,0.1,0.1,51,43,9.1,36,13.0827,80.2707
2025-04-04T11:00,30.3,68,36.5,0.0,0.0,2,79,10.9,66,13.0827,80.2707
2025-04-04T12:00,30.3,68,36.5,0.1,0.1,51,66,12.8,75,13.0827,80.2707
2025-04-04T13:00,29.5,72,35.4,0.0,0.0,3,98,13.2,80,13.0827,80.2707
2025-04-04T14:00,29.8,71,35.2,0.0,0.0,3,92,12.9,78,13.0827,80.2707
2025-04-04T15:00,29.4,73,34.0,0.0,0.0,3,99,12.3,80,13.0827,80.2707
2025-04-04T16:00,28.9,74,33.3,0.0,0.0,2,55,10.8,91,13.0827,80.2707
2025-04-04T17:00,28.5,77,33.2,0.0,0.0,2,74,9.0,95,13.0827,80.2707
2025-04-04T18:00,29.7,72,34.1,0.0,0.0,0,12,11.1,81,13.0827,80.2707
2025-04-04T19:00,29.4,74,34.0,0.0,0.0,1,26,10.8,87,13.0827,80.2707
2025-04-04T20:00,29.3,74,33.9,0.0,0.0,0,15,10.6,94,13.0827,80.2707
2025-04-04T21:00,29.2,74,34.0,0.0,0.0,0,15,8.1,107,13.0827,80.2707
2025-04-04T22:00,28.9,75,34.0,0.0,0.0,0,11,7.1,114,13.0827,80.2707
2025-04-04T23:00,28.6,77,33.9,0.0,0.0,0,12,6.2,107,13.0827,80.2707
2025-04-05T00:00,28.5,77,33.9,0.0,0.0,1,25,4.8,127,13.0827,80.2707
2025-04-05T01:00,28.3,77,33.8,0.0,0.0,0,14,3.9,146,13.0827,80.2707
2025-04-05T02:00,28.0,78,33.5,0.1,0.1,51,89,3.1,167,13.0827,80.2707
2025-04-05T03:00,27.5,80,32.9,0.1,0.1,51,100,3.4,174,13.0827,80.2707
2025-04-05T04:00,27.2,81,32.7,0.1,0.1,51,54,2.4,189,13.0827,80.2707
2025-04-05T05:00,26.5,85,32.0,0.2,0.2,51,55,3.2,128,13.0827,80.2707
2025-04-05T06:00,24.8,94,29.8,2.0,2.0,61,99,6.6,167,13.0827,80.2707
2025-04-05T07:00,25.5,90,30.9,0.3,0.3,51,99,3.6,174,13.0827,80.2707
2025-04-05T08:00,26.0,82,30.4,0.1,0.1,51,98,5.8,286,13.0827,80.2707
2025-04-05T09:00,28.4,70,33.2,0.0,0.0,1,29,1.7,257,13.0827,80.2707
2025-04-05T10:00,31.3,59,37.9,0.0,0.0,0,18,0.5,225,13.0827,80.2707
2025-04-05T11:00,32.7,53,39.1,0.0,0.0,0,17,4.0,90,13.0827,80.2707
2025-04-05T12:00,33.2,52,38.8,0.0,0.0,1,38,10.3,96,13.0827,80.2707
2025-04-05T13:00,32.3,56,37.6,0.0,0.0,3,94,12.5,101,13.0827,80.2707
2025-04-05T14:00,32.3,55,36.7,0.0,0.0,3,95,12.3,102,13.0827,80.2707
2025-04-05T15:00,31.2,61,34.7,0.0,0.0,3,86,13.5,99,13.0827,80.2707
2025-04-05T16:00,30.6,64,34.3,0.0,0.0,1,46,12.0,102,13.0827,80.2707
2025-04-05T17:00,29.8,68,33.8,0.0,0.0,1,45,11.2,108,13.0827,80.2707
2025-04-05T18:00,29.6,71,34.0,0.0,0.0,3,88,9.5,112,13.0827,80.2707
2025-04-05T19:00,29.4,72,34.0,0.0,0.0,1,29,8.6,119,13.0827,80.2707
2025-04-05T20:00,29.2,72,33.9,0.0,0.0,1,31,7.8,130,13.0827,80.2707
2025-04-05T21:00,29.0,73,33.9,0.0,0.0,0,7,7.3,132,13.0827,80.2707
2025-04-05T22:00,28.9,75,34.1,0.0,0.0,1,28,5.5,128,13.0827,80.2707
2025-04-05T23:00,28.6,76,34.0,0.0,0.0,0,0,4.2,126,13.0827,80.2707
2025-04-06T00:00,28.1,79,34.0,0.0,0.0,0,0,2.4,126,13.0827,80.2707
2025-04-06T01:00,27.7,83,33.8,0.0,0.0,0,0,2.1,142,13.0827,80.2707
2025-04-06T02:00,27.4,83,33.4,0.0,0.0,0,0,2.2,194,13.0827,80.2707
2025-04-06T03:00,27.2,84,32.9,0.0,0.0,0,0,3.0,237,13.0827,80.2707
2025-04-06T04:00,26.9,85,32.4,0.0,0.0,0,0,4.2,250,13.0827,80.2707
2025-04-06T05:00,26.5,87,31.8,0.0,0.0,0,1,5.5,259,13.0827,80.2707
2025-04-06T06:00,27.4,84,33.0,0.0,0.0,0,1,5.2,258,13.0827,80.2707
2025-04-06T07:00,29.0,75,34.4,0.0,0.0,0,10,5.2,258,13.0827,80.2707
2025-04-06T08:00,30.9,63,35.8,0.0,0.0,3,100,3.7,235,13.0827,80.2707
2025-04-06T09:00,31.8,57,36.4,0.0,0.0,3,97,1.9,202,13.0827,80.2707
2025-04-06T10:00,33.8,48,38.5,0.0,0.0,2,55,3.2,106,13.0827,80.2707
2025-04-06T11:00,34.3,49,39.5,0.0,0.0,1,30,8.8,101,13.0827,80.2707
2025-04-06T12:00,33.9,53,39.1,0.0,0.0,3,82,13.1,105,13.0827,80.2707
2025-04-06T13:00,33.4,52,37.7,0.1,0.1,51,87,13.4,108,13.0827,80.2707
2025-04-06T14:00,33.2,52,36.4,0.0,0.0,2,68,13.8,98,13.0827,80.2707
2025-04-06T15:00,32.0,57,35.1,0.0,0.0,1,31,13.7,93,13.0827,80.2707
2025-04-06T16:00,31.7,58,35.1,0.0,0.0,1,28,12.2,99,13.0827,80.2707
2025-04-06T17:00,30.8,65,34.7,0.0,0.0,0,16,11.4,103,13.0827,80.2707
2025-04-06T18:00,29.9,72,34.8,0.0,0.0,2,50,9.6,98,13.0827,80.2707
2025-04-06T19:00,29.6,75,34.6,0.0,0.0,1,42,10.0,105,13.0827,80.2707
2025-04-06T20:00,29.3,76,34.4,0.0,0.0,3,82,9.6,111,13.0827,80.2707
2025-04-06T21:00,29.1,78,34.4,0.0,0.0,3,96,9.4,113,13.0827,80.2707
2025-04-06T22:00,29.0,78,34.5,0.0,0.0,2,72,7.4,104,13.0827,80.2707
2025-04-06T23:00,28.8,80,34.6,0.0,0.0,2,74,6.1,102,13.0827,80.2707
2025-04-07T00:00,28.4,83,34.5,0.0,0.0,3,98,5.2,110,13.0827,80.2707
2025-04-07T01:00,28.0,86,34.4,0.0,0.0,3,88,3.5,118,13.0827,80.2707
2025-04-07T02:00,27.6,88,34.1,0.0,0.0,3,93,3.2,142,13.0827,80.2707
2025-04-07T03:00,27.4,89,33.8,0.0,0.0,2,65,3.8,169,13.0827,80.2707
2025-04-07T04:00,27.0,91,33.6,0.0,0.0,3,83,3.0,194,13.0827,80.2707
2025-04-07T05:00,26.6,93,33.0,0.0,0.0,2,53,3.1,249,13.0827,80.2707
2025-04-07T06:00,27.7,87,34.0,0.1,0.1,51,23,3.9,208,13.0827,80.2707
2025-04-07T07:00,28.8,80,34.9,0.1,0.1,51,20,3.5,246,13.0827,80.2707
2025-04-07T08:00,30.6,70,36.8,0.0,0.0,0,8,1.3,214,13.0827,80.2707
2025-04-07T09:00,32.6,59,38.2,0.0,0.0,0,8,2.5,94,13.0827,80.2707
2025-04-07T10:00,33.7,53,39.4,0.0,0.0,0,8,7.3,79,13.0827,80.2707
2025-04-07T11:00,33.9,54,39.7,0.0,0.0,0,2,12.6,88,13.0827,80.2707
2025-04-07T12:00,33.5,55,38.9,0.0,0.0,0,2,15.6,98,13.0827,80.2707
2025-04-07T13:00,33.3,53,38.2,0.0,0.0,0,11,15.6,96,13.0827,80.2707
2025-04-07T14:00,32.8,56,37.3,0.0,0.0,3,83,15.7,93,13.0827,80.2707
2025-04-07T15:00,32.0,60,36.0,0.0,0.0,3,85,15.4,95,13.0827,80.2707
2025-04-07T16:00,31.3,64,35.2,0.0,0.0,2,79,13.3,93,13.0827,80.2707
2025-04-07T17:00,30.3,70,34.7,0.0,0.0,3,84,12.1,94,13.0827,80.2707
2025-04-07T18:00,30.0,74,34.8,0.0,0.0,3,90,11.6,95,13.0827,80.2707
2025-04-07T19:00,29.8,75,34.7,0.0,0.0,3,94,10.8,101,13.0827,80.2707
2025-04-07T20:00,29.6,75,34.7,0.0,0.0,2,71,10.6,104,13.0827,80.2707
2025-04-07T21:00,29.4,76,34.4,0.0,0.0,2,76,10.4,107,13.0827,80.2707
2025-04-07T22:00,29.2,78,34.4,0.0,0.0,3,91,9.7,102,13.0827,80.2707
2025-04-07T23:00,29.0,78,34.4,0.0,0.0,3,93,7.9,91,13.0827,80.2707
2025-04-08T00:00,28.7,80,34.4,0.0,0.0,3,86,6.0,81,13.0827,80.2707
2025-04-08T01:00,28.2,82,34.1,0.0,0.0,3,81,4.8,61,13.0827,80.2707
2025-04-08T02:00,27.6,85,33.8,0.0,0.0,3,96,3.2,52,13.0827,80.2707
2025-04-08T03:00,27.2,88,33.8,0.0,0.0,3,90,0.6,56,13.0827,80.2707
2025-04-08T04:00,26.9,90,33.5,0.0,0.0,3,86,0.5,315,13.0827,80.2707
2025-04-08T05:00,26.5,92,32.9,0.0,0.0,2,79,2.1,285,13.0827,80.2707
2025-04-08T06:00,27.7,87,34.0,0.0,0.0,2,73,4.8,315,13.0827,80.2707
2025-04-08T07:00,29.1,79,35.3,0.0,0.0,1,49,4.3,338,13.0827,80.2707
2025-04-08T08:00,30.8,68,36.2,0.0,0.0,1,44,5.3,38,13.0827,80.2707
2025-04-08T09:00,32.3,60,37.2,0.0,0.0,2,67,7.1,54,13.0827,80.2707
2025-04-08T10:00,33.3,54,38.3,0.0,0.0,3,94,11.1,63,13.0827,80.2707
2025-04-08T11:00,33.6,52,38.6,0.0,0.0,3,87,14.2,66,13.0827,80.2707
2025-04-08T12:00,33.3,53,38.3,0.0,0.0,1,20,14.9,65,13.0827,80.2707
2025-04-08T13:00,33.6,51,38.7,0.0,0.0,2,53,14.4,60,13.0827,80.2707
2025-04-08T14:00,33.3,51,37.4,0.0,0.0,3,81,15.3,56,13.0827,80.2707
2025-04-08T15:00,32.7,54,35.9,0.0,0.0,2,63,16.3,55,13.0827,80.2707
2025-04-08T16:00,31.7,59,34.8,0.0,0.0,0,7,14.5,54,13.0827,80.2707
2025-04-08T17:00,30.8,63,34.2,0.0,0.0,0,2,14.2,54,13.0827,80.2707
2025-04-08T18:00,30.0,69,34.0,0.0,0.0,0,3,13.0,48,13.0827,80.2707
2025-04-08T19:00,29.9,70,34.0,0.0,0.0,1,29,12.4,41,13.0827,80.2707
2025-04-08T20:00,29.8,70,33.9,0.0,0.0,3,97,12.2,34,13.0827,80.2707
2025-04-08T21:00,29.6,71,33.9,0.0,0.0,3,87,11.1,27,13.0827,80.2707
2025-04-08T22:00,29.3,73,33.8,0.0,0.0,3,88,10.1,25,13.0827,80.2707
2025-04-08T23:00,28.9,74,33.8,0.0,0.0,3,96,7.9,16,13.0827,80.2707
2025-04-09T00:00,28.7,76,33.6,0.0,0.0,0,12,7.8,356,13.0827,80.2707
2025-04-09T01:00,28.2,78,33.1,0.0,0.0,0,11,8.4,345,13.0827,80.2707
2025-04-09T02:00,27.8,80,32.6,0.0,0.0,0,9,8.8,343,13.0827,80.2707
2025-04-09T03:00,27.4,82,32.2,0.0,0.0,1,23,8.8,334,13.0827,80.2707
2025-04-09T04:00,27.1,84,31.9,0.0,0.0,0,14,8.7,326,13.0827,80.2707
2025-04-09T05:00,26.9,85,31.7,0.0,0.0,1,22,8.6,334,13.0827,80.2707
2025-04-09T06:00,28.0,78,32.4,0.0,0.0,3,100,10.7,353,13.0827,80.2707
2025-04-09T07:00,29.3,72,33.5,0.0,0.0,3,98,11.6,6,13.0827,80.2707
2025-04-09T08:00,31.0,63,34.9,0.0,0.0,3,94,11.2,18,13.0827,80.2707
2025-04-09T09:00,32.6,55,36.2,0.0,0.0,0,12,11.9,31,13.0827,80.2707
2025-04-09T10:00,33.5,50,37.4,0.0,0.0,0,14,13.5,44,13.0827,80.2707
2025-04-09T11:00,33.9,50,38.4,0.0,0.0,1,35,15.4,53,13.0827,80.2707
2025-04-09T12:00,33.7,51,38.4,0.0,0.0,3,92,16.6,56,13.0827,80.2707
2025-04-09T13:00,33.4,53,38.0,0.0,0.0,3,93,16.3,57,13.0827,80.2707
2025-04-09T14:00,33.2,54,37.6,0.0,0.0,0,1,15.0,63,13.0827,80.2707
2025-04-09T15:00,32.4,57,36.2,0.0,0.0,0,2,15.1,70,13.0827,80.2707
2025-04-09T16:00,31.4,61,34.9,0.0,0.0,0,13,13.6,70,13.0827,80.2707
2025-04-09T17:00,30.5,66,34.5,0.0,0.0,0,7,11.0,71,13.0827,80.2707
2025-04-09T18:00,29.6,73,34.2,0.0,0.0,0,12,11.5,67,13.0827,80.2707
2025-04-09T19:00,29.4,75,34.5,0.0,0.0,0,11,8.8,75,13.0827,80.2707
2025-04-09T20:00,29.2,76,34.6,0.0,0.0,0,11,6.3,75,13.0827,80.2707
2025-04-09T21:00,29.0,77,34.8,0.0,0.0,0,14,3.5,81,13.0827,80.2707
2025-04-09T22:00,28.7,78,34.7,0.0,0.0,0,0,2.4,126,13.0827,80.2707
2025-04-09T23:00,28.4,80,34.4,0.0,0.0,0,0,2.7,176,13.0827,80.2707
2025-04-10T00:00,27.9,82,33.7,0.0,0.0,0,6,4.4,218,13.0827,80.2707
2025-04-10T01:00,27.3,85,32.8,0.0,0.0,0,10,6.6,237,13.0827,80.2707
2025-04-10T02:00,26.7,89,32.2,0.0,0.0,0,6,6.9,237,13.0827,80.2707
2025-04-10T03:00,26.4,90,31.8,0.0,0.0,0,11,7.2,233,13.0827,80.2707
2025-04-10T04:00,26.2,91,31.7,0.0,0.0,0,7,6.7,239,13.0827,80.2707
2025-04-10T05:00,25.9,93,31.3,0.0,0.0,3,100,7.4,238,13.0827,80.2707
2025-04-10T06:00,27.7,86,33.0,0.0,0.0,3,83,10.0,253,13.0827,80.2707
2025-04-10T07:00,28.9,78,34.0,0.0,0.0,2,71,9.9,254,13.0827,80.2707
2025-04-10T08:00,31.1,65,35.5,0.0,0.0,2,78,10.1,259,13.0827,80.2707
2025-04-10T09:00,33.5,52,37.5,0.0,0.0,3,85,8.9,257,13.0827,80.2707
2025-04-10T10:00,35.7,41,40.1,0.0,0.0,3,100,6.9,261,13.0827,80.2707
2025-04-10T11:00,37.4,34,42.5,0.0,0.0,3,100,1.5,339,13.0827,80.2707
2025-04-10T12:00,37.3,34,41.2,0.0,0.0,3,100,7.4,113,13.0827,80.2707
2025-04-10T13:00,35.1,50,39.8,0.5,0.5,53,99,13.9,126,13.0827,80.2707
2025-04-10T14:00,34.2,52,38.4,0.0,0.0,2,76,14.7,123,13.0827,80.2707
2025-04-10T15:00,33.7,53,36.8,0.0,0.0,1,43,15.3,121,13.0827,80.2707
2025-04-10T16:00,32.5,56,35.7,0.0,0.0,3,100,14.6,117,13.0827,80.2707
2025-04-10T17:00,32.3,57,35.7,0.0,0.0,3,100,12.4,111,13.0827,80.2707
2025-04-10T18:00,31.0,69,35.5,0.0,0.0,1,42,12.7,129,13.0827,80.2707
2025-04-10T19:00,30.7,71,35.7,0.0,0.0,3,95,10.6,125,13.0827,80.2707
2025-04-10T20:00,30.4,76,36.0,0.0,0.0,3,98,10.2,134,13.0827,80.2707
2025-04-10T21:00,30.2,76,35.8,0.0,0.0,3,100,9.6,131,13.0827,80.2707
2025-04-10T22:00,29.9,80,35.9,0.0,0.0,3,85,9.3,130,13.0827,80.2707
2025-04-10T23:00,29.6,83,36.2,0.0,0.0,3,96,7.6,137,13.0827,80.2707
2025-04-11T00:00,29.3,85,36.0,0.0,0.0,3,95,7.8,138,13.0827,80.2707
2025-04-11T01:00,29.1,86,35.6,0.0,0.0,2,72,8.8,168,13.0827,80.2707
2025-04-11T02:00,29.1,86,35.2,0.0,0.0,3,98,10.4,165,13.0827,80.2707
2025-04-11T03:00,29.0,89,35.2,0.0,0.0,3,94,12.5,174,13.0827,80.2707
2025-04-11T04:00,28.8,90,35.1,0.0,0.0,2,78,12.5,187,13.0827,80.2707
2025-04-11T05:00,28.5,89,34.8,0.0,0.0,1,49,9.9,205,13.0827,80.2707
2025-04-11T06:00,28.6,85,35.3,0.0,0.0,3,94,4.0,172,13.0827,80.2707
2025-04-11T07:00,30.0,78,36.4,0.0,0.0,3,87,5.5,171,13.0827,80.2707
2025-04-11T08:00,32.3,62,38.0,0.0,0.0,0,6,3.2,227,13.0827,80.2707
2025-04-11T09:00,34.5,50,39.8,0.0,0.0,1,22,1.5,45,13.0827,80.2707
2025-04-11T10:00,35.5,45,41.0,0.0,0.0,1,36,5.3,98,13.0827,80.2707
2025-04-11T11:00,36.0,45,41.9,0.0,0.0,1,24,8.9,98,13.0827,80.2707
2025-04-11T12:00,35.7,51,42.1,0.0,0.0,0,14,13.1,81,13.0827,80.2707
2025-04-11T13:00,34.7,53,41.2,0.0,0.0,1,31,10.8,80,13.0827,80.2707
2025-04-11T14:00,35.4,47,39.9,0.0,0.0,1,24,11.4,79,13.0827,80.2707
2025-04-11T15:00,35.1,47,38.6,0.0,0.0,1,37,12.5,95,13.0827,80.2707
2025-04-11T16:00,33.4,51,36.1,0.0,0.0,1,32,14.6,129,13.0827,80.2707
2025-04-11T17:00,32.6,56,35.9,0.0,0.0,2,55,13.4,141,13.0827,80.2707
2025-04-11T18:00,29.9,77,35.3,0.0,0.0,1,30,10.5,142,13.0827,80.2707
2025-04-11T19:00,29.6,81,35.6,0.0,0.0,0,17,9.4,150,13.0827,80.2707
2025-04-11T20:00,29.4,82,35.6,0.0,0.0,1,20,8.7,158,13.0827,80.2707
2025-04-11T21:00,29.2,81,35.1,0.0,0.0,0,6,9.2,160,13.0827,80.2707
2025-04-11T22:00,29.1,80,34.6,0.0,0.0,0,2,9.7,179,13.0827,80.2707
2025-04-11T23:00,29.0,80,34.3,0.0,0.0,0,10,10.2,190,13.0827,80.2707
2025-04-12T00:00,28.7,83,34.4,0.0,0.0,1,39,9.3,198,13.0827,80.2707
2025-04-12T01:00,28.8,80,34.1,0.0,0.0,1,27,10.3,195,13.0827,80.2707
2025-04-12T02:00,28.6,85,34.2,0.0,0.0,1,20,10.7,207,13.0827,80.2707
2025-04-12T03:00,28.2,85,33.4,0.0,0.0,1,28,11.4,219,13.0827,80.2707
2025-04-12T04:00,27.7,83,32.5,0.0,0.0,0,0,11.1,216,13.0827,80.2707
2025-04-12T05:00,27.3,80,31.5,0.0,0.0,0,1,10.7,216,13.0827,80.2707
2025-04-12T06:00,28.0,83,33.4,0.0,0.0,1,44,8.2,230,13.0827,80.2707
2025-04-12T07:00,29.4,76,34.8,0.0,0.0,2,68,7.5,230,13.0827,80.2707
2025-04-12T08:00,31.4,61,35.6,0.0,0.0,0,7,8.7,238,13.0827,80.2707
2025-04-12T09:00,34.1,44,36.8,0.0,0.0,0,4,10.4,250,13.0827,80.2707
2025-04-12T10:00,36.6,32,39.4,0.0,0.0,0,11,8.8,258,13.0827,80.2707
2025-04-12T11:00,38.1,28,42.4,0.0,0.0,1,33,2.7,247,13.0827,80.2707
2025-04-12T12:00,38.8,27,43.1,0.0,0.0,2,69,4.8,138,13.0827,80.2707
2025-04-12T13:00,38.2,34,42.1,0.0,0.0,3,87,12.1,113,13.0827,80.2707
2025-04-12T14:00,36.2,42,39.8,0.0,0.0,1,37,14.8,106,13.0827,80.2707
2025-04-12T15:00,35.4,43,37.7,0.0,0.0,1,21,14.3,124,13.0827,80.2707
2025-04-12T16:00,34.2,49,37.1,0.0,0.0,1,28,12.7,119,13.0827,80.2707
2025-04-12T17:00,32.9,56,36.5,0.0,0.0,1,39,12.4,132,13.0827,80.2707
2025-04-12T18:00,31.4,68,36.9,0.0,0.0,0,17,7.3,128,13.0827,80.2707
2025-04-12T19:00,30.7,75,36.6,0.0,0.0,0,18,8.7,133,13.0827,80.2707
2025-04-12T20:00,30.4,76,36.1,0.0,0.0,0,15,10.2,150,13.0827,80.2707
2025-04-12T21:00,30.2,76,35.6,0.0,0.0,1,24,10.8,159,13.0827,80.2707
2025-04-12T22:00,29.9,78,35.6,0.0,0.0,1,35,9.2,168,13.0827,80.2707
2025-04-12T23:00,29.4,82,35.7,0.0,0.0,1,30,8.2,188,13.0827,80.2707
2025-04-13T00:00,28.9,89,35.5,0.0,0.0,0,0,10.4,188,13.0827,80.2707
2025-04-13T01:00,28.7,91,35.3,0.0,0.0,0,3,10.6,191,13.0827,80.2707
2025-04-13T02:00,28.3,94,35.2,0.0,0.0,0,9,9.0,209,13.0827,80.2707
2025-04-13T03:00,28.0,95,35.2,0.0,0.0,0,7,6.7,216,13.0827,80.2707
2025-04-13T04:00,27.6,97,35.1,0.0,0.0,0,2,3.8,245,13.0827,80.2707
2025-04-13T05:00,27.2,98,35.1,0.0,0.0,3,81,0.4,207,13.0827,80.2707
2025-04-13T06:00,29.6,75,35.7,0.0,0.0,3,98,2.2,175,13.0827,80.2707
2025-04-13T07:00,30.8,66,36.0,0.0,0.0,1,23,4.1,165,13.0827,80.2707
2025-04-13T08:00,32.6,56,37.1,0.0,0.0,3,86,5.9,166,13.0827,80.2707
2025-04-13T09:00,35.0,45,39.4,0.0,0.0,1,34,3.6,147,13.0827,80.2707
2025-04-13T10:00,36.2,40,40.8,0.0,0.0,0,5,6.8,119,13.0827,80.2707
2025-04-13T11:00,36.2,46,41.8,0.0,0.0,0,15,12.5,118,13.0827,80.2707
2025-04-13T12:00,33.1,58,40.4,2.3,2.3,61,41,7.6,121,13.0827,80.2707
2025-04-13T13:00,34.4,51,39.5,0.0,0.0,1,43,9.1,120,13.0827,80.2707
2025-04-13T14:00,34.5,53,40.6,0.0,0.0,2,52,7.7,123,13.0827,80.2707
2025-04-13T15:00,33.4,59,38.2,0.0,0.0,1,24,10.1,119,13.0827,80.2707
2025-04-13T16:00,33.2,57,37.2,0.0,0.0,1,22,11.3,110,13.0827,80.2707
2025-04-13T17:00,32.1,62,37.0,0.0,0.0,1,25,8.4,106,13.0827,80.2707
2025-04-13T18:00,30.8,76,36.8,0.0,0.0,0,10,9.7,112,13.0827,80.2707
2025-04-13T19:00,30.2,81,37.0,0.0,0.0,0,3,6.8,107,13.0827,80.2707
2025-04-13T20:00,29.8,84,36.7,0.0,0.0,0,4,6.4,108,13.0827,80.2707
2025-04-13T21:00,29.5,87,36.5,0.0,0.0,0,3,7.5,114,13.0827,80.2707
2025-04-13T22:00,29.2,89,36.2,0.0,0.0,0,1,7.8,127,13.0827,80.2707
2025-04-13T23:00,28.9,90,35.9,0.0,0.0,0,0,7.6,128,13.0827,80.2707
2025-04-14T00:00,28.6,91,35.7,0.0,0.0,0,3,7.1,137,13.0827,80.2707
2025-04-14T01:00,28.3,93,35.6,0.0,0.0,0,7,5.9,169,13.0827,80.2707
2025-04-14T02:00,28.0,94,35.2,0.0,0.0,0,7,6.0,187,13.0827,80.2707
2025-04-14T03:00,27.7,96,34.9,0.0,0.0,0,9,6.2,195,13.0827,80.2707
2025-04-14T04:00,27.5,97,34.8,0.0,0.0,1,32,4.8,209,13.0827,80.2707
2025-04-14T05:00,27.3,98,34.5,0.0,0.0,2,56,5.9,203,13.0827,80.2707
2025-04-14T06:00,26.7,91,32.5,0.0,0.0,2,58,6.8,209,13.0827,80.2707
2025-04-14T07:00,27.6,85,33.4,0.0,0.0,2,65,5.0,215,13.0827,80.2707
2025-04-14T08:00,29.9,75,35.7,0.0,0.0,0,3,5.5,193,13.0827,80.2707
2025-04-14T09:00,31.8,64,37.1,0.1,0.1,51,10,8.6,164,13.0827,80.2707
2025-04-14T10:00,33.4,55,38.6,0.0,0.0,0,7,10.4,152,13.0827,80.2707
2025-04-14T11:00,34.2,51,39.5,0.0,0.0,0,10,12.3,143,13.0827,80.2707
2025-04-14T12:00,34.5,49,39.7,0.0,0.0,0,11,13.2,140,13.0827,80.2707
2025-04-14T13:00,34.2,51,39.1,0.0,0.0,1,48,14.3,132,13.0827,80.2707
2025-04-14T14:00,33.2,57,38.1,0.0,0.0,1,28,13.8,130,13.0827,80.2707
2025-04-14T15:00,32.6,61,37.4,0.0,0.0,1,29,12.4,123,13.0827,80.2707
2025-04-14T16:00,31.7,64,36.2,0.0,0.0,2,50,10.2,124,13.0827,80.2707
2025-04-14T17:00,30.9,68,35.7,0.0,0.0,3,100,9.7,141,13.0827,80.2707
2025-04-14T18:00,30.5,70,35.1,0.0,0.0,2,62,11.7,127,13.0827,80.2707
2025-04-14T19:00,30.2,71,34.9,0.0,0.0,0,3,10.6,134,13.0827,80.2707
2025-04-14T20:00,30.0,71,34.7,0.0,0.0,0,10,10.2,138,13.0827,80.2707
2025-04-14T21:00,29.8,72,34.8,0.0,0.0,0,9,8.4,145,13.0827,80.2707
2025-04-14T22:00,29.6,74,34.7,0.0,0.0,0,17,9.4,148,13.0827,80.2707
2025-04-14T23:00,29.4,76,34.6,0.0,0.0,0,1,8.9,153,13.0827,80.2707
2025-04-15T00:00,29.0,79,34.6,0.0,0.0,0,2,7.5,163,13.0827,80.2707
2025-04-15T01:00,28.7,80,34.4,0.0,0.0,0,8,7.0,176,13.0827,80.2707
2025-04-15T02:00,28.4,82,33.9,0.0,0.0,0,14,8.0,189,13.0827,80.2707
2025-04-15T03:00,28.0,84,33.7,0.0,0.0,0,18,7.8,206,13.0827,80.2707
2025-04-15T04:00,27.6,87,33.4,0.0,0.0,0,19,6.8,222,13.0827,80.2707
2025-04-15T05:00,27.3,89,33.2,0.0,0.0,0,17,6.6,225,13.0827,80.2707
2025-04-15T06:00,28.9,80,34.4,0.0,0.0,3,100,8.7,218,13.0827,80.2707
2025-04-15T07:00,29.6,75,34.8,0.0,0.0,3,100,8.1,201,13.0827,80.2707
2025-04-15T08:00,30.6,68,35.5,0.0,0.0,3,90,8.7,193,13.0827,80.2707
2025-04-15T09:00,32.2,60,36.8,0.0,0.0,3,89,7.7,177,13.0827,80.2707
2025-04-15T10:00,33.3,55,38.0,0.0,0.0,2,52,8.4,155,13.0827,80.2707
2025-04-15T11:00,34.4,51,39.7,0.0,0.0,1,30,11.4,141,13.0827,80.2707
2025-04-15T12:00,33.6,55,39.1,1.7,1.7,61,37,14.6,135,13.0827,80.2707
2025-04-15T13:00,33.0,60,38.5,1.2,1.2,55,38,16.5,135,13.0827,80.2707
2025-04-15T14:00,33.0,59,37.8,0.0,0.0,1,29,16.4,135,13.0827,80.2707
2025-04-15T15:00,31.7,63,35.3,0.0,0.0,0,17,16.9,142,13.0827,80.2707
2025-04-15T16:00,31.7,62,35.0,0.0,0.0,1,23,16.9,141,13.0827,80.2707
2025-04-15T17:00,30.5,67,34.0,0.0,0.0,0,7,16.6,148,13.0827,80.2707
2025-04-15T18:00,30.0,74,34.3,0.0,0.0,0,13,14.9,139,13.0827,80.2707
2025-04-15T19:00,29.9,73,34.4,0.0,0.0,0,10,12.8,138,13.0827,80.2707
2025-04-15T20:00,29.7,74,34.4,0.0,0.0,0,9,12.1,136,13.0827,80.2707
2025-04-15T21:00,29.5,75,34.3,0.0,0.0,0,9,11.5,132,13.0827,80.2707
2025-04-15T22:00,29.3,77,34.3,0.0,0.0,0,5,10.4,134,13.0827,80.2707
2025-04-15T23:00,29.1,77,34.2,0.0,0.0,0,5,9.4,137,13.0827,80.2707
2025-04-16T00:00,28.9,78,33.9,0.0,0.0,0,7,9.5,141,13.0827,80.2707
2025-04-16T01:00,28.7,79,33.7,0.0,0.0,0,14,9.9,143,13.0827,80.2707
2025-04-16T02:00,28.5,80,33.7,0.0,0.0,1,24,9.0,149,13.0827,80.2707
2025-04-16T03:00,28.3,80,33.5,0.0,0.0,1,27,8.7,156,13.0827,80.2707
2025-04-16T04:00,28.1,81,33.3,0.0,0.0,0,17,8.9,162,13.0827,80.2707
2025-04-16T05:00,27.9,83,33.2,0.0,0.0,1,23,8.4,171,13.0827,80.2707
2025-04-16T06:00,29.0,75,33.8,0.1,0.1,51,27,8.6,170,13.0827,80.2707
2025-04-16T07:00,29.8,70,34.4,0.1,0.1,51,31,9.6,172,13.0827,80.2707
2025-04-16T08:00,31.3,63,35.4,0.1,0.1,51,24,10.9,171,13.0827,80.2707
2025-04-16T09:00,32.7,57,36.8,0.0,0.0,1,28,10.0,165,13.0827,80.2707
2025-04-16T10:00,33.7,53,38.4,0.1,0.1,51,36,12.0,152,13.0827,80.2707
2025-04-16T11:00,34.1,52,38.9,0.0,0.0,1,42,14.7,147,13.0827,80.2707
2025-04-16T12:00,33.2,54,37.8,0.5,0.5,53,61,15.8,143,13.0827,80.2707
2025-04-16T13:00,33.2,56,36.9,0.6,0.6,53,38,15.9,162,13.0827,80.2707
2025-04-16T14:00,32.2,59,35.7,0.5,0.5,53,55,17.1,151,13.0827,80.2707
2025-04-16T15:00,31.7,61,34.8,0.0,0.0,1,33,17.8,153,13.0827,80.2707
2025-04-16T16:00,31.9,60,35.2,0.0,0.0,1,28,15.1,148,13.0827,80.2707
2025-04-16T17:00,31.0,63,34.4,0.0,0.0,1,22,14.2,156,13.0827,80.2707
2025-04-16T18:00,30.1,67,33.9,0.0,0.0,0,14,12.9,152,13.0827,80.2707
2025-04-16T19:00,29.9,70,34.0,0.0,0.0,0,7,13.4,153,13.0827,80.2707
2025-04-16T20:00,29.9,70,34.1,0.0,0.0,0,1,12.6,153,13.0827,80.2707
2025-04-16T21:00,29.6,73,34.1,0.0,0.0,0,2,11.8,152,13.0827,80.2707
2025-04-16T22:00,29.4,75,34.1,0.0,0.0,0,0,10.5,156,13.0827,80.2707
2025-04-16T23:00,29.2,76,34.1,0.0,0.0,0,0,9.6,159,13.0827,80.2707
2025-04-17T00:00,28.9,77,34.0,0.0,0.0,0,4,9.1,163,13.0827,80.2707
2025-04-17T01:00,28.7,79,33.9,0.0,0.0,0,13,8.5,168,13.0827,80.2707
2025-04-17T02:00,28.5,79,33.7,0.0,0.0,0,16,8.5,173,13.0827,80.2707
2025-04-17T03:00,28.3,81,33.5,0.0,0.0,0,13,8.8,184,13.0827,80.2707
2025-04-17T04:00,28.0,82,33.1,0.0,0.0,1,24,8.8,197,13.0827,80.2707
2025-04-17T05:00,27.7,83,32.9,0.0,0.0,0,10,8.5,198,13.0827,80.2707
2025-04-17T06:00,28.3,81,34.4,0.0,0.0,0,1,2.7,184,13.0827,80.2707
2025-04-17T07:00,29.6,73,35.6,0.0,0.0,0,0,1.9,146,13.0827,80.2707
2025-04-17T08:00,31.3,65,36.6,0.0,0.0,0,1,4.8,155,13.0827,80.2707
2025-04-17T09:00,33.0,56,37.7,0.0,0.0,0,19,8.0,160,13.0827,80.2707
2025-04-17T10:00,34.3,52,39.6,0.0,0.0,0,12,10.4,144,13.0827,80.2707
2025-04-17T11:00,32.8,61,38.8,1.2,1.2,55,57,14.5,143,13.0827,80.2707
2025-04-17T12:00,32.0,65,38.2,2.9,2.9,63,66,15.9,147,13.0827,80.2707
2025-04-17T13:00,31.7,68,36.4,0.1,0.1,51,10,17.1,148,13.0827,80.2707
2025-04-17T14:00,31.7,68,36.8,0.0,0.0,1,36,17.5,148,13.0827,80.2707
2025-04-17T15:00,31.4,66,35.3,0.0,0.0,1,21,18.0,151,13.0827,80.2707
2025-04-17T16:00,31.0,69,34.7,0.0,0.0,0,10,18.2,146,13.0827,80.2707
2025-04-17T17:00,30.1,71,34.0,0.0,0.0,0,5,15.9,145,13.0827,80.2707
2025-04-17T18:00,30.1,76,34.8,0.0,0.0,0,12,15.2,136,13.0827,80.2707
2025-04-17T19:00,29.7,78,34.7,0.0,0.0,0,1,14.0,139,13.0827,80.2707
2025-04-17T20:00,29.6,79,34.7,0.0,0.0,0,0,13.1,143,13.0827,80.2707
2025-04-17T21:00,29.5,79,34.8,0.0,0.0,0,0,12.2,143,13.0827,80.2707
2025-04-17T22:00,29.4,79,34.6,0.0,0.0,0,1,11.7,151,13.0827,80.2707
2025-04-17T23:00,29.2,80,34.5,0.0,0.0,0,0,10.9,156,13.0827,80.2707
2025-04-18T00:00,28.9,81,34.3,0.0,0.0,0,0,10.3,164,13.0827,80.2707
2025-04-18T01:00,28.7,82,34.2,0.0,0.0,1,26,9.4,183,13.0827,80.2707
2025-04-18T02:00,28.2,86,34.1,0.0,0.0,0,5,8.3,202,13.0827,80.2707
2025-04-18T03:00,27.9,88,33.6,0.0,0.0,0,11,9.5,212,13.0827,80.2707
2025-04-18T04:00,27.7,89,33.3,0.0,0.0,0,18,9.9,212,13.0827,80.2707
2025-04-18T05:00,27.6,89,33.2,0.0,0.0,0,2,10.2,212,13.0827,80.2707
2025-04-18T06:00,28.7,85,34.6,0.0,0.0,0,6,9.2,206,13.0827,80.2707
2025-04-18T07:00,30.2,74,35.2,0.0,0.0,0,11,12.0,202,13.0827,80.2707
2025-04-18T08:00,31.9,64,36.3,0.0,0.0,0,6,12.0,196,13.0827,80.2707
2025-04-18T09:00,33.7,53,37.8,0.0,0.0,0,11,11.2,190,13.0827,80.2707
2025-04-18T10:00,35.3,46,40.1,0.0,0.0,0,11,9.8,172,13.0827,80.2707
2025-04-18T11:00,36.2,44,41.2,0.0,0.0,1,36,11.7,151,13.0827,80.2707
2025-04-18T12:00,35.4,54,41.3,0.0,0.0,1,41,16.6,143,13.0827,80.2707
2025-04-18T13:00,34.7,56,39.7,0.0,0.0,0,9,20.2,146,13.0827,80.2707
2025-04-18T14:00,33.8,55,38.0,0.0,0.0,1,43,19.0,165,13.0827,80.2707
2025-04-18T15:00,33.4,60,37.2,0.0,0.0,0,19,19.4,151,13.0827,80.2707
2025-04-18T16:00,32.5,62,36.0,0.0,0.0,0,13,18.8,153,13.0827,80.2707
2025-04-18T17:00,31.6,64,35.1,0.0,0.0,1,22,17.6,155,13.0827,80.2707
2025-04-18T18:00,30.3,74,35.0,0.0,0.0,0,11,14.5,160,13.0827,80.2707
2025-04-18T19:00,30.0,78,35.2,0.0,0.0,0,9,13.3,164,13.0827,80.2707
2025-04-18T20:00,30.0,77,35.0,0.0,0.0,0,8,13.7,169,13.0827,80.2707
2025-04-18T21:00,29.6,82,35.2,0.0,0.0,0,7,12.6,169,13.0827,80.2707
2025-04-18T22:00,29.5,83,35.1,0.0,0.0,0,5,13.1,168,13.0827,80.2707
2025-04-18T23:00,29.2,84,35.1,0.0,0.0,0,3,11.9,170,13.0827,80.2707
2025-04-19T00:00,29.0,87,35.1,0.0,0.0,0,3,11.2,182,13.0827,80.2707
2025-04-19T01:00,28.8,87,34.9,0.0,0.0,0,5,11.7,190,13.0827,80.2707
2025-04-19T02:00,28.7,88,34.7,0.0,0.0,0,3,11.3,200,13.0827,80.2707
2025-04-19T03:00,28.4,88,34.4,0.0,0.0,0,7,10.5,205,13.0827,80.2707
2025-04-19T04:00,28.1,90,34.2,0.0,0.0,0,12,10.3,209,13.0827,80.2707
2025-04-19T05:00,28.0,88,33.7,0.0,0.0,0,6,10.5,219,13.0827,80.2707
2025-04-19T06:00,28.9,83,34.8,0.0,0.0,3,87,9.0,217,13.0827,80.2707
2025-04-19T07:00,30.1,76,35.7,0.0,0.0,3,85,8.7,214,13.0827,80.2707
2025-04-19T08:00,32.2,63,37.2,0.0,0.0,3,100,8.4,208,13.0827,80.2707
2025-04-19T09:00,34.4,50,38.6,0.0,0.0,3,100,8.6,200,13.0827,80.2707
2025-04-19T10:00,36.0,42,40.5,0.0,0.0,3,99,7.2,174,13.0827,80.2707
2025-04-19T11:00,36.7,40,41.1,0.0,0.0,3,100,10.2,144,13.0827,80.2707
2025-04-19T12:00,36.7,44,41.8,0.0,0.0,3,100,13.8,139,13.0827,80.2707
2025-04-19T13:00,36.0,52,41.7,0.0,0.0,1,35,16.9,136,13.0827,80.2707
2025-04-19T14:00,35.4,50,39.9,0.0,0.0,1,31,17.0,144,13.0827,80.2707
2025-04-19T15:00,34.7,51,38.3,0.0,0.0,2,59,16.3,148,13.0827,80.2707
2025-04-19T16:00,34.0,55,37.4,0.0,0.0,3,100,16.0,146,13.0827,80.2707
2025-04-19T17:00,32.4,63,36.3,0.0,0.0,3,99,15.9,146,13.0827,80.2707
2025-04-19T18:00,30.9,76,36.4,0.0,0.0,2,77,14.0,145,13.0827,80.2707
2025-04-19T19:00,30.4,80,36.3,0.0,0.0,2,72,13.5,143,13.0827,80.2707
2025-04-19T20:00,30.2,82,35.9,0.0,0.0,0,3,15.0,150,13.0827,80.2707
2025-04-19T21:00,30.0,83,35.6,0.0,0.0,0,0,16.0,151,13.0827,80.2707
2025-04-19T22:00,29.8,84,35.5,0.0,0.0,0,0,15.6,154,13.0827,80.2707
2025-04-19T23:00,29.6,85,35.5,0.0,0.0,0,0,14.2,156,13.0827,80.2707
2025-04-20T00:00,29.3,87,35.5,0.0,0.0,0,3,12.9,167,13.0827,80.2707
2025-04-20T01:00,29.1,89,35.5,0.0,0.0,0,10,11.9,181,13.0827,80.2707
2025-04-20T02:00,28.9,90,35.2,0.0,0.0,0,11,12.2,194,13.0827,80.2707
2025-04-20T03:00,28.7,90,34.9,0.0,0.0,0,19,12.2,204,13.0827,80.2707
2025-04-20T04:00,28.5,91,34.7,0.0,0.0,1,22,11.6,215,13.0827,80.2707
2025-04-20T05:00,28.2,91,34.5,0.0,0.0,1,47,10.3,220,13.0827,80.2707
2025-04-20T06:00,28.9,85,35.0,0.0,0.0,0,12,9.2,211,13.0827,80.2707
2025-04-20T07:00,30.3,76,35.8,0.0,0.0,0,4,10.9,204,13.0827,80.2707
2025-04-20T08:00,32.3,64,36.9,0.0,0.0,0,1,11.5,200,13.0827,80.2707
2025-04-20T09:00,34.3,52,38.5,0.0,0.0,0,10,11.3,187,13.0827,80.2707
2025-04-20T10:00,35.8,45,40.5,0.0,0.0,0,11,11.3,171,13.0827,80.2707
2025-04-20T11:00,36.7,42,41.5,0.0,0.0,0,9,13.0,152,13.0827,80.2707
2025-04-20T12:00,36.2,50,41.7,0.0,0.0,0,13,18.0,143,13.0827,80.2707
2025-04-20T13:00,35.6,50,40.3,0.0,0.0,0,9,20.6,144,13.0827,80.2707
2025-04-20T14:00,35.1,48,38.7,0.0,0.0,0,0,20.0,148,13.0827,80.2707
2025-04-20T15:00,34.4,53,38.0,0.0,0.0,0,0,18.6,149,13.0827,80.2707
2025-04-20T16:00,33.7,54,36.6,0.0,0.0,0,0,18.4,149,13.0827,80.2707
2025-04-20T17:00,32.3,61,35.9,0.0,0.0,3,90,16.1,146,13.0827,80.2707
2025-04-20T18:00,31.2,73,36.6,0.0,0.0,2,76,11.9,142,13.0827,80.2707
2025-04-20T19:00,30.7,78,36.7,0.0,0.0,0,0,11.2,143,13.0827,80.2707
2025-04-20T20:00,30.2,83,36.7,0.0,0.0,0,0,11.1,141,13.0827,80.2707
2025-04-20T21:00,29.9,86,36.4,0.0,0.0,2,71,11.7,139,13.0827,80.2707
2025-04-20T22:00,29.7,87,36.1,0.0,0.0,2,67,12.2,142,13.0827,80.2707
2025-04-20T23:00,29.3,89,36.0,0.0,0.0,1,44,11.2,148,13.0827,80.2707
2025-04-21T00:00,29.1,90,35.8,0.0,0.0,3,80,10.3,155,13.0827,80.2707
2025-04-21T01:00,28.9,91,35.6,0.0,0.0,1,32,10.3,164,13.0827,80.2707
2025-04-21T02:00,28.6,92,35.3,0.0,0.0,1,40,9.5,178,13.0827,80.2707
2025-04-21T03:00,28.4,91,35.1,0.0,0.0,1,46,8.4,189,13.0827,80.2707
2025-04-21T04:00,28.2,91,34.9,0.0,0.0,1,44,7.3,197,13.0827,80.2707
2025-04-21T05:00,28.1,92,34.9,0.0,0.0,1,37,7.3,196,13.0827,80.2707
2025-04-21T06:00,29.2,88,35.8,0.1,0.1,51,23,10.1,175,13.0827,80.2707
2025-04-21T07:00,30.3,80,36.2,0.1,0.1,51,16,12.1,180,13.0827,80.2707
2025-04-21T08:00,31.8,70,37.4,0.0,0.0,0,6,10.8,184,13.0827,80.2707
2025-04-21T09:00,33.6,59,38.8,0.0,0.0,0,11,9.9,170,13.0827,80.2707
2025-04-21T10:00,34.8,52,40.1,0.0,0.0,0,9,12.0,147,13.0827,80.2707
2025-04-21T11:00,35.1,51,40.4,0.0,0.0,0,12,15.3,141,13.0827,80.2707
2025-04-21T12:00,34.9,53,40.5,0.0,0.0,0,0,17.6,140,13.0827,80.2707
2025-04-21T13:00,34.6,54,39.8,0.0,0.0,0,0,18.0,142,13.0827,80.2707
2025-04-21T14:00,34.3,56,39.5,0.0,0.0,0,0,17.4,139,13.0827,80.2707
2025-04-21T15:00,33.5,59,38.1,0.0,0.0,0,0,16.7,142,13.0827,80.2707
2025-04-21T16:00,32.5,62,36.5,0.0,0.0,0,0,15.3,144,13.0827,80.2707
2025-04-21T17:00,31.2,70,35.7,0.0,0.0,0,0,14.8,142,13.0827,80.2707
2025-04-21T18:00,30.6,73,35.5,0.0,0.0,0,0,12.8,141,13.0827,80.2707
2025-04-21T19:00,30.1,78,35.5,0.0,0.0,0,0,12.2,146,13.0827,80.2707
2025-04-21T20:00,29.8,79,35.2,0.0,0.0,0,0,12.4,141,13.0827,80.2707
2025-04-21T21:00,29.6,80,35.2,0.0,0.0,0,0,11.9,138,13.0827,80.2707
2025-04-21T22:00,29.4,81,35.1,0.0,0.0,0,0,10.4,136,13.0827,80.2707
2025-04-21T23:00,29.2,82,35.0,0.0,0.0,0,1,9.7,141,13.0827,80.2707
2025-04-22T00:00,28.9,82,34.8,0.0,0.0,0,0,8.6,147,13.0827,80.2707
2025-04-22T01:00,28.6,84,34.4,0.0,0.0,0,0,8.7,159,13.0827,80.2707
2025-04-22T02:00,28.2,85,34.1,0.0,0.0,0,3,7.6,177,13.0827,80.2707
2025-04-22T03:00,27.7,88,33.8,0.0,0.0,1,38,7.2,205,13.0827,80.2707
2025-04-22T04:00,27.3,91,33.4,0.0,0.0,3,80,7.0,220,13.0827,80.2707
2025-04-22T05:00,26.8,93,32.7,0.0,0.0,2,67,8.1,239,13.0827,80.2707
2025-04-22T06:00,28.0,90,34.6,0.0,0.0,2,75,6.0,245,13.0827,80.2707
2025-04-22T07:00,29.5,81,35.8,0.0,0.0,1,35,6.5,228,13.0827,80.2707
2025-04-22T08:00,31.3,69,36.8,0.0,0.0,0,14,8.4,189,13.0827,80.2707
2025-04-22T09:00,32.9,59,37.5,0.0,0.0,0,14,10.5,164,13.0827,80.2707
2025-04-22T10:00,33.9,53,38.8,0.0,0.0,0,8,12.9,153,13.0827,80.2707
2025-04-22T11:00,34.5,52,39.6,0.0,0.0,0,9,15.1,148,13.0827,80.2707
2025-04-22T12:00,34.7,52,39.9,0.0,0.0,0,3,17.0,144,13.0827,80.2707
2025-04-22T13:00,34.5,50,39.0,0.0,0.0,0,0,17.9,144,13.0827,80.2707
2025-04-22T14:00,34.3,48,37.7,0.0,0.0,0,0,17.9,150,13.0827,80.2707
2025-04-22T15:00,33.7,51,36.7,0.0,0.0,0,2,17.3,149,13.0827,80.2707
2025-04-22T16:00,32.8,53,35.2,0.0,0.0,0,4,17.0,154,13.0827,80.2707
2025-04-22T17:00,31.5,60,34.4,0.0,0.0,0,12,16.7,159,13.0827,80.2707
2025-04-22T18:00,30.6,72,35.1,0.0,0.0,0,17,15.1,158,13.0827,80.2707
2025-04-22T19:00,30.3,74,35.0,0.0,0.0,1,22,13.7,161,13.0827,80.2707
2025-04-22T20:00,30.0,77,35.3,0.0,0.0,1,28,12.1,157,13.0827,80.2707
2025-04-22T21:00,29.8,80,35.5,0.0,0.0,0,15,12.2,156,13.0827,80.2707
2025-04-22T22:00,29.6,81,35.1,0.0,0.0,0,10,12.2,158,13.0827,80.2707
2025-04-22T23:00,29.3,82,34.8,0.0,0.0,0,15,12.1,159,13.0827,80.2707
2025-04-23T00:00,29.1,83,34.6,0.0,0.0,0,6,11.8,167,13.0827,80.2707
2025-04-23T01:00,28.9,83,34.5,0.0,0.0,0,3,10.8,177,13.0827,80.2707
2025-04-23T02:00,28.6,85,34.3,0.0,0.0,0,12,10.1,192,13.0827,80.2707
2025-04-23T03:00,28.2,86,34.0,0.0,0.0,0,15,9.7,205,13.0827,80.2707
2025-04-23T04:00,27.9,87,33.6,0.0,0.0,1,41,9.4,218,13.0827,80.2707
2025-04-23T05:00,27.5,89,33.2,0.0,0.0,1,22,9.3,233,13.0827,80.2707
2025-04-23T06:00,28.8,83,34.8,0.0,0.0,0,5,8.6,221,13.0827,80.2707
2025-04-23T07:00,29.9,78,35.7,0.0,0.0,0,4,9.1,219,13.0827,80.2707
2025-04-23T08:00,31.8,66,36.8,0.0,0.0,1,23,9.5,202,13.0827,80.2707
2025-04-23T09:00,33.6,54,38.2,0.0,0.0,0,3,9.0,185,13.0827,80.2707
2025-04-23T10:00,35.1,46,39.9,0.0,0.0,0,5,9.3,155,13.0827,80.2707
2025-04-23T11:00,35.5,45,40.3,0.0,0.0,0,12,12.7,141,13.0827,80.2707
2025-04-23T12:00,35.0,51,40.3,0.0,0.0,1,26,16.4,137,13.0827,80.2707
2025-04-23T13:00,34.8,52,39.7,0.0,0.0,0,1,17.8,141,13.0827,80.2707
2025-04-23T14:00,34.6,46,37.8,0.0,0.0,0,0,18.6,150,13.0827,80.2707
2025-04-23T15:00,34.3,48,37.0,0.0,0.0,0,0,18.0,154,13.0827,80.2707
2025-04-23T16:00,33.5,48,35.4,0.0,0.0,0,0,16.2,153,13.0827,80.2707
2025-04-23T17:00,32.0,59,35.1,0.0,0.0,0,0,16.0,159,13.0827,80.2707
2025-04-23T18:00,30.7,70,35.0,0.0,0.0,0,0,14.7,160,13.0827,80.2707
2025-04-23T19:00,30.1,76,34.9,0.0,0.0,0,0,15.4,164,13.0827,80.2707
2025-04-23T20:00,29.9,78,34.8,0.0,0.0,0,0,15.2,166,13.0827,80.2707
2025-04-23T21:00,29.8,78,34.8,0.0,0.0,0,0,14.3,170,13.0827,80.2707
2025-04-23T22:00,29.5,81,34.8,0.0,0.0,0,0,13.3,170,13.0827,80.2707
2025-04-23T23:00,29.3,82,34.7,0.0,0.0,0,0,12.7,173,13.0827,80.2707
2025-04-24T00:00,29.0,83,34.5,0.0,0.0,0,0,11.0,186,13.0827,80.2707
2025-04-24T01:00,28.7,84,34.3,0.0,0.0,0,0,10.1,191,13.0827,80.2707
2025-04-24T02:00,28.4,85,34.1,0.0,0.0,2,63,10.3,199,13.0827,80.2707
2025-04-24T03:00,28.2,87,33.9,0.0,0.0,3,94,10.1,202,13.0827,80.2707
2025-04-24T04:00,28.1,88,34.2,0.0,0.0,3,95,8.6,213,13.0827,80.2707
2025-04-24T05:00,27.9,88,34.1,0.0,0.0,3,97,7.7,221,13.0827,80.2707
2025-04-24T06:00,29.3,83,35.5,0.0,0.0,3,96,9.1,207,13.0827,80.2707
2025-04-24T07:00,30.7,74,36.3,0.0,0.0,3,88,9.7,211,13.0827,80.2707
2025-04-24T08:00,32.3,64,37.2,0.0,0.0,0,7,10.3,195,13.0827,80.2707
2025-04-24T09:00,34.0,55,38.7,0.0,0.0,0,16,10.1,176,13.0827,80.2707
2025-04-24T10:00,35.2,49,40.2,0.0,0.0,2,67,11.7,155,13.0827,80.2707
2025-04-24T11:00,35.1,53,40.6,0.0,0.0,0,6,14.8,147,13.0827,80.2707
2025-04-24T12:00,35.2,53,41.0,0.0,0.0,0,2,17.4,140,13.0827,80.2707
2025-04-24T13:00,34.9,51,39.5,0.0,0.0,0,0,19.3,143,13.0827,80.2707
2025-04-24T14:00,34.5,53,38.9,0.0,0.0,0,0,18.8,146,13.0827,80.2707
2025-04-24T15:00,33.8,55,37.5,0.0,0.0,0,0,19.0,145,13.0827,80.2707
2025-04-24T16:00,32.9,60,36.3,0.0,0.0,0,0,18.0,149,13.0827,80.2707
2025-04-24T17:00,31.7,68,36.0,0.0,0.0,0,0,16.0,149,13.0827,80.2707
2025-04-24T18:00,30.8,74,35.7,0.0,0.0,0,0,14.3,141,13.0827,80.2707
2025-04-24T19:00,30.5,75,35.5,0.0,0.0,0,0,14.2,145,13.0827,80.2707
2025-04-24T20:00,30.2,77,35.5,0.0,0.0,0,0,13.5,146,13.0827,80.2707
2025-04-24T21:00,29.9,80,35.4,0.0,0.0,0,0,13.6,150,13.0827,80.2707
2025-04-24T22:00,29.7,82,35.3,0.0,0.0,0,1,13.0,155,13.0827,80.2707
2025-04-24T23:00,29.4,83,35.2,0.0,0.0,0,7,11.9,162,13.0827,80.2707
2025-04-25T00:00,29.1,84,35.2,0.0,0.0,0,7,9.9,170,13.0827,80.2707
2025-04-25T01:00,28.9,86,35.1,0.0,0.0,0,11,9.4,173,13.0827,80.2707
2025-04-25T02:00,28.7,87,34.9,0.0,0.0,1,20,9.5,179,13.0827,80.2707
2025-04-25T03:00,28.6,87,35.0,0.0,0.0,1,25,8.2,189,13.0827,80.2707
2025-04-25T04:00,28.3,89,34.7,0.0,0.0,1,23,7.7,191,13.0827,80.2707
2025-04-25T05:00,28.0,90,34.1,0.1,0.1,51,26,8.9,189,13.0827,80.2707
2025-04-25T06:00,29.2,84,35.1,0.1,0.1,51,16,11.0,177,13.0827,80.2707
2025-04-25T07:00,30.4,77,35.8,0.1,0.1,51,15,13.2,176,13.0827,80.2707
2025-04-25T08:00,31.7,70,36.9,0.1,0.1,51,11,12.6,177,13.0827,80.2707
2025-04-25T09:00,33.3,60,38.1,0.0,0.0,0,10,12.1,165,13.0827,80.2707
2025-04-25T10:00,34.3,55,39.5,0.0,0.0,0,16,13.5,153,13.0827,80.2707
2025-04-25T11:00,34.6,55,40.3,0.0,0.0,1,23,15.6,146,13.0827,80.2707
2025-04-25T12:00,34.5,55,40.0,0.0,0.0,0,19,17.6,145,13.0827,80.2707
2025-04-25T13:00,34.2,56,39.1,0.0,0.0,0,4,18.9,144,13.0827,80.2707
2025-04-25T14:00,34.1,56,38.7,0.0,0.0,0,1,19.6,145,13.0827,80.2707
2025-04-25T15:00,33.5,57,37.3,0.0,0.0,0,0,18.9,151,13.0827,80.2707
2025-04-25T16:00,32.5,61,36.0,0.0,0.0,0,0,18.3,150,13.0827,80.2707
2025-04-25T17:00,31.4,68,35.3,0.0,0.0,0,0,17.4,153,13.0827,80.2707
2025-04-25T18:00,30.6,75,35.5,0.0,0.0,0,0,15.4,150,13.0827,80.2707
2025-04-25T19:00,30.3,79,35.5,0.0,0.0,0,0,15.3,153,13.0827,80.2707
2025-04-25T20:00,30.1,80,35.4,0.0,0.0,0,0,14.5,153,13.0827,80.2707
2025-04-25T21:00,30.0,80,35.6,0.0,0.0,0,0,13.2,154,13.0827,80.2707
2025-04-25T22:00,29.8,81,35.4,0.0,0.0,0,1,13.1,157,13.0827,80.2707
2025-04-25T23:00,29.5,83,35.3,0.0,0.0,0,6,12.6,163,13.0827,80.2707
2025-04-26T00:00,29.2,85,35.0,0.0,0.0,0,6,13.0,169,13.0827,80.2707
2025-04-26T01:00,29.0,86,35.0,0.0,0.0,0,8,11.2,180,13.0827,80.2707
2025-04-26T02:00,28.7,87,35.0,0.0,0.0,1,25,9.2,191,13.0827,80.2707
2025-04-26T03:00,28.6,86,34.7,0.0,0.0,1,22,8.8,195,13.0827,80.2707
2025-04-26T04:00,28.2,87,34.3,0.0,0.0,1,22,8.0,203,13.0827,80.2707
2025-04-26T05:00,27.9,89,33.9,0.0,0.0,1,36,8.3,198,13.0827,80.2707
2025-04-26T06:00,29.4,82,35.1,0.1,0.1,51,25,10.8,181,13.0827,80.2707
2025-04-26T07:00,29.9,79,35.1,0.2,0.2,51,26,13.5,182,13.0827,80.2707
2025-04-26T08:00,31.5,69,36.5,0.1,0.1,51,36,12.4,177,13.0827,80.2707
2025-04-26T09:00,33.0,60,37.5,0.0,0.0,3,98,13.7,163,13.0827,80.2707
2025-04-26T10:00,33.6,57,38.7,0.0,0.0,3,100,15.5,155,13.0827,80.2707
2025-04-26T11:00,33.9,57,39.4,0.0,0.0,3,95,16.6,150,13.0827,80.2707
2025-04-26T12:00,34.2,54,39.6,0.0,0.0,3,100,16.7,147,13.0827,80.2707
2025-04-26T13:00,34.1,55,39.2,0.0,0.0,3,89,17.6,146,13.0827,80.2707
2025-04-26T14:00,33.6,57,38.3,0.0,0.0,0,1,18.7,146,13.0827,80.2707
2025-04-26T15:00,33.0,59,36.8,0.0,0.0,0,1,19.8,145,13.0827,80.2707
2025-04-26T16:00,32.1,64,35.6,0.0,0.0,0,14,19.4,147,13.0827,80.2707
2025-04-26T17:00,31.3,68,35.2,0.0,0.0,0,0,17.7,147,13.0827,80.2707
2025-04-26T18:00,30.7,71,35.1,0.0,0.0,0,0,15.3,150,13.0827,80.2707
2025-04-26T19:00,30.5,73,35.0,0.0,0.0,0,0,14.7,151,13.0827,80.2707
2025-04-26T20:00,30.3,73,34.9,0.0,0.0,0,0,14.5,153,13.0827,80.2707
2025-04-26T21:00,30.1,74,35.0,0.0,0.0,0,0,13.1,153,13.0827,80.2707
2025-04-26T22:00,29.8,77,35.0,0.0,0.0,0,0,11.9,155,13.0827,80.2707
2025-04-26T23:00,29.4,81,35.2,0.0,0.0,0,0,9.6,164,13.0827,80.2707
2025-04-27T00:00,29.0,84,35.1,0.0,0.0,0,17,8.0,175,13.0827,80.2707
2025-04-27T01:00,28.7,86,35.0,0.0,0.0,0,6,7.2,179,13.0827,80.2707
2025-04-27T02:00,28.5,86,34.7,0.0,0.0,1,27,7.4,179,13.0827,80.2707
2025-04-27T03:00,28.3,84,34.3,0.0,0.0,3,99,7.0,180,13.0827,80.2707
2025-04-27T04:00,28.2,84,34.1,0.0,0.0,3,87,6.5,180,13.0827,80.2707
2025-04-27T05:00,28.1,84,34.1,0.0,0.0,2,69,5.3,190,13.0827,80.2707
2025-04-27T06:00,29.4,77,35.2,0.0,0.0,3,100,5.3,192,13.0827,80.2707
2025-04-27T07:00,30.5,70,35.9,0.0,0.0,3,97,6.6,193,13.0827,80.2707
2025-04-27T08:00,32.0,62,36.9,0.0,0.0,3,81,7.1,171,13.0827,80.2707
2025-04-27T09:00,33.4,55,38.1,0.0,0.0,1,24,7.5,143,13.0827,80.2707
2025-04-27T10:00,34.1,51,39.2,0.0,0.0,2,59,9.5,127,13.0827,80.2707
2025-04-27T11:00,34.3,51,39.7,0.1,0.1,51,86,11.5,124,13.0827,80.2707
2025-04-27T12:00,34.0,53,39.5,0.1,0.1,51,87,12.3,130,13.0827,80.2707
2025-04-27T13:00,34.1,52,39.1,0.0,0.0,2,74,13.9,132,13.0827,80.2707
2025-04-27T14:00,33.8,52,37.9,0.0,0.0,3,96,15.3,130,13.0827,80.2707
2025-04-27T15:00,32.7,58,36.2,0.0,0.0,3,99,15.8,127,13.0827,80.2707
2025-04-27T16:00,32.1,61,35.7,0.0,0.0,3,95,15.6,129,13.0827,80.2707
2025-04-27T17:00,31.3,65,35.2,0.0,0.0,3,99,14.0,132,13.0827,80.2707
2025-04-27T18:00,30.2,73,34.2,0.0,0.0,3,95,17.6,126,13.0827,80.2707
2025-04-27T19:00,29.9,76,34.3,0.0,0.0,3,100,15.8,132,13.0827,80.2707
2025-04-27T20:00,29.5,77,34.1,0.0,0.0,3,98,15.2,143,13.0827,80.2707
2025-04-27T21:00,29.2,79,34.1,0.0,0.0,3,100,13.0,149,13.0827,80.2707
2025-04-27T22:00,28.9,80,33.9,0.0,0.0,3,95,12.3,153,13.0827,80.2707
2025-04-27T23:00,28.8,81,34.1,0.0,0.0,3,91,10.8,165,13.0827,80.2707
2025-04-28T00:00,28.6,83,34.3,0.0,0.0,3,100,9.1,170,13.0827,80.2707
2025-04-28T01:00,28.3,85,34.2,0.0,0.0,3,100,8.1,179,13.0827,80.2707
2025-04-28T02:00,28.1,86,34.1,0.0,0.0,3,100,7.2,192,13.0827,80.2707
2025-04-28T03:00,27.5,89,33.6,0.1,0.1,51,100,6.6,196,13.0827,80.2707
2025-04-28T04:00,27.6,88,33.8,0.1,0.1,51,100,6.0,189,13.0827,80.2707
2025-04-28T05:00,27.5,88,33.4,0.0,0.0,3,93,6.5,182,13.0827,80.2707
2025-04-28T06:00,28.7,79,34.0,0.1,0.1,51,100,8.4,171,13.0827,80.2707
2025-04-28T07:00,29.8,72,34.3,0.0,0.0,3,100,11.4,177,13.0827,80.2707
2025-04-28T08:00,30.8,65,35.0,0.0,0.0,3,100,10.8,169,13.0827,80.2707
2025-04-28T09:00,32.1,58,35.8,0.0,0.0,3,100,11.2,164,13.0827,80.2707
2025-04-28T10:00,33.1,53,37.1,0.0,0.0,3,100,11.5,153,13.0827,80.2707
2025-04-28T11:00,33.6,51,38.1,0.0,0.0,3,99,12.9,140,13.0827,80.2707
2025-04-28T12:00,33.7,52,38.6,0.0,0.0,3,94,14.0,136,13.0827,80.2707
2025-04-28T13:00,33.4,53,38.2,0.0,0.0,3,100,14.3,134,13.0827,80.2707
2025-04-28T14:00,33.3,54,37.8,0.0,0.0,3,96,13.9,130,13.0827,80.2707
2025-04-28T15:00,32.4,59,36.0,0.0,0.0,0,13,15.2,133,13.0827,80.2707
2025-04-28T16:00,31.7,62,35.1,0.0,0.0,0,5,16.5,139,13.0827,80.2707
2025-04-28T17:00,30.9,64,34.3,0.0,0.0,0,5,16.1,146,13.0827,80.2707
2025-04-28T18:00,31.1,61,34.4,0.0,0.0,0,0,13.3,139,13.0827,80.2707
2025-04-28T19:00,30.8,63,34.2,0.0,0.0,0,4,13.3,147,13.0827,80.2707
2025-04-28T20:00,30.7,63,34.4,0.0,0.0,0,0,12.2,146,13.0827,80.2707
2025-04-28T21:00,30.5,65,34.4,0.0,0.0,0,0,11.2,143,13.0827,80.2707
2025-04-28T22:00,30.4,65,34.2,0.0,0.0,0,1,11.6,148,13.0827,80.2707
2025-04-28T23:00,30.2,67,34.1,0.0,0.0,0,3,11.9,150,13.0827,80.2707
2025-04-29T00:00,29.8,70,34.0,0.0,0.0,0,9,11.6,156,13.0827,80.2707
2025-04-29T01:00,29.4,74,34.0,0.0,0.0,0,18,10.9,171,13.0827,80.2707
2025-04-29T02:00,29.1,77,34.3,0.0,0.0,0,4,8.7,186,13.0827,80.2707
2025-04-29T03:00,28.7,79,34.4,0.0,0.0,0,4,6.5,199,13.0827,80.2707
2025-04-29T04:00,28.4,81,34.1,0.0,0.0,0,10,5.8,210,13.0827,80.2707
2025-04-29T05:00,28.0,83,33.9,0.0,0.0,0,18,4.4,235,13.0827,80.2707
2025-04-29T06:00,28.8,78,34.7,0.0,0.0,1,24,3.1,242,13.0827,80.2707
2025-04-29T07:00,30.0,72,35.8,0.1,0.1,51,23,3.3,193,13.0827,80.2707
2025-04-29T08:00,31.7,64,36.8,0.0,0.0,0,9,6.4,172,13.0827,80.2707
2025-04-29T09:00,32.7,58,37.2,0.0,0.0,1,27,9.9,145,13.0827,80.2707
2025-04-29T10:00,33.0,58,37.7,0.1,0.1,51,33,13.5,137,13.0827,80.2707
2025-04-29T11:00,33.1,58,38.4,0.1,0.1,51,24,14.1,140,13.0827,80.2707
2025-04-29T12:00,33.1,59,38.7,0.0,0.0,1,22,14.9,143,13.0827,80.2707
2025-04-29T13:00,33.3,56,38.5,0.2,0.2,51,29,15.0,142,13.0827,80.2707
2025-04-29T14:00,33.2,56,38.1,0.0,0.0,0,16,14.7,145,13.0827,80.2707
2025-04-29T15:00,32.6,59,36.8,0.0,0.0,0,1,15.1,140,13.0827,80.2707
2025-04-29T16:00,31.4,66,35.3,0.0,0.0,0,12,16.3,148,13.0827,80.2707
2025-04-29T17:00,30.3,74,34.3,0.0,0.0,3,86,18.4,151,13.0827,80.2707
2025-04-29T18:00,30.3,72,34.5,0.0,0.0,1,44,15.7,140,13.0827,80.2707
2025-04-29T19:00,29.8,77,34.4,0.0,0.0,1,45,15.6,149,13.0827,80.2707
2025-04-29T20:00,29.7,78,34.3,0.0,0.0,0,6,16.1,151,13.0827,80.2707
2025-04-29T21:00,29.7,77,34.2,0.0,0.0,2,54,16.4,147,13.0827,80.2707
2025-04-29T22:00,29.6,78,34.2,0.0,0.0,2,73,15.7,141,13.0827,80.2707
2025-04-29T23:00,29.4,78,34.3,0.0,0.0,0,15,13.7,145,13.0827,80.2707
2025-04-30T00:00,29.2,80,34.6,0.0,0.0,0,9,10.1,147,13.0827,80.2707
2025-04-30T01:00,28.9,81,34.6,0.0,0.0,0,16,8.7,158,13.0827,80.2707
2025-04-30T02:00,28.8,82,34.5,0.0,0.0,1,23,8.3,176,13.0827,80.2707
2025-04-30T03:00,28.5,83,34.1,0.0,0.0,2,56,8.7,185,13.0827,80.2707
2025-04-30T04:00,28.3,84,34.0,0.0,0.0,0,10,7.6,184,13.0827,80.2707
2025-04-30T05:00,28.0,85,33.8,0.0,0.0,0,1,7.0,193,13.0827,80.2707
2025-04-30T06:00,28.9,80,34.3,0.0,0.0,1,25,8.5,197,13.0827,80.2707
2025-04-30T07:00,30.2,72,35.3,0.0,0.0,3,100,8.7,194,13.0827,80.2707
2025-04-30T08:00,31.9,62,36.5,0.0,0.0,3,100,9.4,191,13.0827,80.2707
2025-04-30T09:00,33.6,54,38.1,0.0,0.0,2,74,10.3,169,13.0827,80.2707
2025-04-30T10:00,34.8,51,40.1,0.0,0.0,0,8,11.7,151,13.0827,80.2707
2025-04-30T11:00,35.4,50,41.2,0.0,0.0,0,15,13.6,141,13.0827,80.2707
2025-04-30T12:00,35.6,52,41.5,0.0,0.0,0,9,15.8,143,13.0827,80.2707
2025-04-30T13:00,35.4,51,40.6,0.0,0.0,0,10,17.4,141,13.0827,80.2707
2025-04-30T14:00,35.1,48,39.0,0.0,0.0,0,11,17.2,146,13.0827,80.2707
2025-04-30T15:00,34.1,51,37.2,0.0,0.0,0,18,17.2,145,13.0827,80.2707
2025-04-30T16:00,32.9,58,36.2,0.0,0.0,1,37,17.2,143,13.0827,80.2707
2025-04-30T17:00,31.8,62,35.1,0.0,0.0,3,89,17.3,149,13.0827,80.2707
2025-04-30T18:00,30.7,76,35.9,0.0,0.0,3,100,14.4,136,13.0827,80.2707
2025-04-30T19:00,30.4,77,35.6,0.0,0.0,3,99,14.5,143,13.0827,80.2707
2025-04-30T20:00,30.3,76,35.3,0.0,0.0,3,87,14.8,150,13.0827,80.2707
2025-04-30T21:00,30.1,78,35.3,0.0,0.0,0,8,14.2,154,13.0827,80.2707
2025-04-30T22:00,29.9,79,35.2,0.0,0.0,1,31,14.0,160,13.0827,80.2707
2025-04-30T23:00,29.7,81,35.3,0.0,0.0,3,100,12.8,158,13.0827,80.2707
2025-05-01T00:00,29.4,83,35.5,0.0,0.0,3,94,10.1,164,13.0827,80.2707
2025-05-01T01:00,29.1,85,35.5,0.0,0.0,3,95,8.6,179,13.0827,80.2707
2025-05-01T02:00,28.9,87,35.4,0.0,0.0,3,91,8.5,207,13.0827,80.2707
2025-05-01T03:00,28.6,89,35.0,0.0,0.0,3,100,9.1,210,13.0827,80.2707
2025-05-01T04:00,28.3,89,34.2,0.0,0.0,3,99,11.9,202,13.0827,80.2707
2025-05-01T05:00,28.1,88,33.6,0.0,0.0,3,100,11.5,203,13.0827,80.2707
2025-05-01T06:00,29.0,78,34.2,0.0,0.0,3,100,9.5,207,13.0827,80.2707
2025-05-01T07:00,30.0,72,34.8,0.0,0.0,3,100,10.1,211,13.0827,80.2707
2025-05-01T08:00,31.8,62,35.9,0.0,0.0,3,94,11.4,203,13.0827,80.2707
2025-05-01T09:00,34.0,50,37.5,0.0,0.0,3,89,10.9,199,13.0827,80.2707
2025-05-01T10:00,35.8,43,40.2,0.0,0.0,3,81,8.8,185,13.0827,80.2707
2025-05-01T11:00,36.8,40,41.6,0.0,0.0,1,49,10.6,145,13.0827,80.2707
2025-05-01T12:00,36.2,45,40.8,0.2,0.2,51,38,15.9,138,13.0827,80.2707
2025-05-01T13:00,35.0,50,39.7,1.0,1.0,55,45,17.2,139,13.0827,80.2707
2025-05-01T14:00,35.1,46,38.4,0.0,0.0,1,25,16.7,145,13.0827,80.2707
2025-05-01T15:00,34.4,48,36.8,0.0,0.0,1,20,18.2,148,13.0827,80.2707
2025-05-01T16:00,33.5,52,35.8,0.0,0.0,0,3,18.2,148,13.0827,80.2707
2025-05-01T17:00,32.3,56,34.9,0.0,0.0,0,7,16.4,145,13.0827,80.2707
2025-05-01T18:00,31.4,70,36.5,0.0,0.0,0,8,12.5,144,13.0827,80.2707
2025-05-01T19:00,30.7,77,36.4,0.0,0.0,2,76,12.5,144,13.0827,80.2707
2025-05-01T20:00,30.5,78,36.3,0.0,0.0,3,85,11.6,152,13.0827,80.2707
2025-05-01T21:00,30.3,78,36.2,0.0,0.0,3,100,10.4,157,13.0827,80.2707
2025-05-01T22:00,30.2,80,36.4,0.0,0.0,3,100,10.1,156,13.0827,80.2707
2025-05-01T23:00,29.8,82,35.9,0.0,0.0,3,100,10.8,159,13.0827,80.2707
2025-05-02T00:00,29.6,84,35.8,0.0,0.0,3,100,10.7,164,13.0827,80.2707
2025-05-02T01:00,29.3,85,35.8,0.0,0.0,2,57,9.1,171,13.0827,80.2707
2025-05-02T02:00,29.0,88,35.7,0.0,0.0,0,10,8.7,173,13.0827,80.2707
2025-05-02T03:00,28.9,89,35.6,0.0,0.0,1,49,9.1,171,13.0827,80.2707
2025-05-02T04:00,28.9,88,35.6,0.0,0.0,3,86,8.5,175,13.0827,80.2707
2025-05-02T05:00,28.9,87,35.5,0.0,0.0,3,83,7.9,179,13.0827,80.2707
2025-05-02T06:00,29.8,82,36.0,0.0,0.0,3,100,9.5,169,13.0827,80.2707
2025-05-02T07:00,30.7,75,36.4,0.0,0.0,3,100,10.5,173,13.0827,80.2707
2025-05-02T08:00,32.0,66,37.2,0.0,0.0,3,100,9.2,177,13.0827,80.2707
2025-05-02T09:00,33.7,56,38.3,0.0,0.0,0,14,9.3,170,13.0827,80.2707
2025-05-02T10:00,35.2,50,40.1,0.0,0.0,0,11,11.9,158,13.0827,80.2707
2025-05-02T11:00,35.6,49,40.8,0.0,0.0,1,23,14.3,145,13.0827,80.2707
2025-05-02T12:00,35.1,51,40.2,0.3,0.3,51,39,17.5,144,13.0827,80.2707
2025-05-02T13:00,34.6,50,38.9,0.1,0.1,51,40,18.3,152,13.0827,80.2707
2025-05-02T14:00,34.4,52,38.0,0.0,0.0,3,100,18.2,145,13.0827,80.2707
2025-05-02T15:00,34.2,51,36.9,0.0,0.0,3,100,16.4,151,13.0827,80.2707
2025-05-02T16:00,32.8,59,36.3,0.0,0.0,3,98,16.2,148,13.0827,80.2707
2025-05-02T17:00,31.7,66,35.9,0.0,0.0,3,96,15.7,153,13.0827,80.2707
2025-05-02T18:00,31.1,71,35.9,0.0,0.0,3,95,14.4,158,13.0827,80.2707
2025-05-02T19:00,30.7,75,36.0,0.0,0.0,3,87,13.0,166,13.0827,80.2707
2025-05-02T20:00,30.4,77,35.7,0.0,0.0,1,42,13.9,163,13.0827,80.2707
2025-05-02T21:00,30.2,80,35.7,0.0,0.0,1,25,14.4,165,13.0827,80.2707
2025-05-02T22:00,30.0,79,35.3,0.0,0.0,0,7,13.6,169,13.0827,80.2707
2025-05-02T23:00,29.6,82,35.4,0.0,0.0,0,3,12.3,176,13.0827,80.2707
2025-05-03T00:00,29.3,84,35.1,0.0,0.0,0,0,12.6,182,13.0827,80.2707
2025-05-03T01:00,29.0,86,34.9,0.0,0.0,0,4,12.3,190,13.0827,80.2707
2025-05-03T02:00,29.0,86,34.8,0.0,0.0,1,30,12.0,193,13.0827,80.2707
2025-05-03T03:00,28.9,84,34.3,0.0,0.0,3,92,12.6,194,13.0827,80.2707
2025-05-03T04:00,28.6,81,33.6,0.0,0.0,3,98,11.6,193,13.0827,80.2707
2025-05-03T05:00,28.3,81,33.2,0.0,0.0,3,100,11.1,200,13.0827,80.2707
2025-05-03T06:00,29.4,77,34.7,0.0,0.0,3,100,9.5,191,13.0827,80.2707
2025-05-03T07:00,30.8,70,36.0,0.0,0.0,3,100,9.3,196,13.0827,80.2707
2025-05-03T08:00,32.8,60,37.6,0.0,0.0,3,81,8.8,199,13.0827,80.2707
2025-05-03T09:00,35.0,49,39.3,0.0,0.0,3,82,8.3,204,13.0827,80.2707
2025-05-03T10:00,36.6,43,41.5,0.0,0.0,1,44,7.2,184,13.0827,80.2707
2025-05-03T11:00,37.5,40,42.4,0.0,0.0,0,17,10.4,150,13.0827,80.2707
2025-05-03T12:00,37.1,46,42.9,0.5,0.5,53,48,14.9,142,13.0827,80.2707
2025-05-03T13:00,35.8,53,41.1,0.0,0.0,1,22,19.1,142,13.0827,80.2707
2025-05-03T14:00,35.2,51,39.2,0.0,0.0,1,23,18.9,151,13.0827,80.2707
2025-05-03T15:00,34.3,54,37.7,0.0,0.0,1,24,19.0,154,13.0827,80.2707
2025-05-03T16:00,33.9,53,36.5,0.0,0.0,0,16,19.1,151,13.0827,80.2707
2025-05-03T17:00,32.2,61,35.4,0.0,0.0,1,22,18.4,154,13.0827,80.2707
2025-05-03T18:00,31.6,68,36.1,0.0,0.0,0,9,14.8,144,13.0827,80.2707
2025-05-03T19:00,31.0,74,36.4,0.0,0.0,0,12,13.0,146,13.0827,80.2707
2025-05-03T20:00,30.8,76,36.3,0.0,0.0,0,5,13.3,148,13.0827,80.2707
2025-05-03T21:00,30.4,81,36.1,0.0,0.0,0,0,14.4,154,13.0827,80.2707
2025-05-03T22:00,30.2,82,35.9,0.0,0.0,0,0,14.3,163,13.0827,80.2707
2025-05-03T23:00,29.9,84,36.0,0.0,0.0,0,6,13.0,170,13.0827,80.2707
2025-05-04T00:00,29.6,85,35.8,0.0,0.0,1,20,11.7,184,13.0827,80.2707
2025-05-04T01:00,29.5,86,35.9,0.0,0.0,0,5,11.0,186,13.0827,80.2707
2025-05-04T02:00,29.2,87,35.6,0.0,0.0,1,23,11.2,195,13.0827,80.2707
2025-05-04T03:00,29.1,87,35.2,0.0,0.0,1,25,11.9,200,13.0827,80.2707
2025-05-04T04:00,29.1,85,34.7,0.0,0.0,0,16,13.3,201,13.0827,80.2707
2025-05-04T05:00,28.9,80,33.6,0.0,0.0,0,11,14.3,201,13.0827,80.2707
2025-05-04T06:00,29.6,77,34.5,0.0,0.0,0,0,12.7,196,13.0827,80.2707
2025-05-04T07:00,30.9,71,35.7,0.0,0.0,0,0,13.2,195,13.0827,80.2707
2025-05-04T08:00,32.9,61,37.2,0.0,0.0,0,1,13.6,191,13.0827,80.2707
2025-05-04T09:00,35.0,51,39.1,0.0,0.0,0,0,12.8,195,13.0827,80.2707
2025-05-04T10:00,36.9,42,41.7,0.0,0.0,0,6,9.3,195,13.0827,80.2707
2025-05-04T11:00,38.1,36,43.6,0.0,0.0,1,38,5.4,176,13.0827,80.2707
2025-05-04T12:00,37.8,39,42.8,0.0,0.0,0,13,9.4,144,13.0827,80.2707
2025-05-04T13:00,36.3,55,43.0,0.4,0.4,51,36,14.9,138,13.0827,80.2707
2025-05-04T14:00,34.8,58,40.6,0.6,0.6,53,12,15.0,133,13.0827,80.2707
2025-05-04T15:00,34.1,60,38.7,0.0,0.0,1,35,16.0,121,13.0827,80.2707
2025-05-04T16:00,33.5,58,37.6,0.0,0.0,1,31,14.0,144,13.0827,80.2707
2025-05-04T17:00,32.4,66,37.3,0.0,0.0,1,38,13.8,149,13.0827,80.2707
2025-05-04T18:00,29.4,71,33.5,0.0,0.0,1,23,11.6,44,13.0827,80.2707
2025-05-04T19:00,28.9,78,33.6,0.0,0.0,1,27,11.6,53,13.0827,80.2707
2025-05-04T20:00,29.1,78,34.1,0.0,0.0,2,79,11.3,72,13.0827,80.2707
2025-05-04T21:00,29.4,78,34.7,0.0,0.0,1,41,9.9,115,13.0827,80.2707
2025-05-04T22:00,29.2,81,35.1,0.0,0.0,0,3,7.9,147,13.0827,80.2707
2025-05-04T23:00,29.0,83,35.1,0.0,0.0,2,67,8.3,185,13.0827,80.2707
2025-05-05T00:00,28.7,85,34.9,0.0,0.0,3,86,7.3,220,13.0827,80.2707
2025-05-05T01:00,28.3,87,34.4,0.0,0.0,3,97,7.8,244,13.0827,80.2707
2025-05-05T02:00,28.2,86,33.8,0.0,0.0,3,100,9.8,221,13.0827,80.2707
2025-05-05T03:00,28.1,86,33.8,0.0,0.0,3,100,9.2,225,13.0827,80.2707
2025-05-05T04:00,27.9,88,33.8,0.0,0.0,3,100,8.7,218,13.0827,80.2707
2025-05-05T05:00,27.9,89,33.9,0.0,0.0,3,100,8.9,220,13.0827,80.2707
2025-05-05T06:00,26.7,78,30.7,0.0,0.0,3,100,8.8,235,13.0827,80.2707
2025-05-05T07:00,27.8,73,31.8,0.0,0.0,3,100,7.9,235,13.0827,80.2707
2025-05-05T08:00,29.7,64,33.5,0.0,0.0,3,100,8.5,209,13.0827,80.2707
2025-05-05T09:00,31.4,57,35.1,0.0,0.0,3,97,8.5,208,13.0827,80.2707
2025-05-05T10:00,33.2,51,38.0,0.0,0.0,2,61,6.7,183,13.0827,80.2707
2025-05-05T11:00,34.6,47,40.2,0.0,0.0,0,16,7.5,153,13.0827,80.2707
2025-05-05T12:00,34.5,52,40.8,0.0,0.0,1,42,12.0,133,13.0827,80.2707
2025-05-05T13:00,33.8,57,39.7,0.0,0.0,1,27,15.4,132,13.0827,80.2707
2025-05-05T14:00,33.4,55,37.9,0.0,0.0,3,94,16.3,138,13.0827,80.2707
2025-05-05T15:00,32.8,58,36.3,0.0,0.0,2,54,18.1,140,13.0827,80.2707
2025-05-05T16:00,31.8,62,35.1,0.0,0.0,2,77,17.8,150,13.0827,80.2707
2025-05-05T17:00,31.1,66,34.8,0.0,0.0,3,89,16.1,146,13.0827,80.2707
2025-05-05T18:00,30.2,74,35.1,0.0,0.0,3,100,12.3,148,13.0827,80.2707
2025-05-05T19:00,30.0,75,34.9,0.0,0.0,2,71,12.0,148,13.0827,80.2707
2025-05-05T20:00,29.7,81,35.4,0.0,0.0,1,23,12.6,144,13.0827,80.2707
2025-05-05T21:00,29.7,79,34.8,0.0,0.0,0,2,14.6,147,13.0827,80.2707
2025-05-05T22:00,29.5,82,34.8,0.0,0.0,1,46,14.8,149,13.0827,80.2707
2025-05-05T23:00,29.4,83,35.1,0.0,0.0,2,74,12.7,159,13.0827,80.2707
2025-05-06T00:00,29.0,86,35.3,0.0,0.0,1,43,9.7,181,13.0827,80.2707
2025-05-06T01:00,28.6,89,35.0,0.0,0.0,0,8,8.9,194,13.0827,80.2707
2025-05-06T02:00,28.3,90,34.9,0.0,0.0,0,6,7.8,202,13.0827,80.2707
2025-05-06T03:00,28.0,91,34.6,0.0,0.0,0,18,6.9,213,13.0827,80.2707
2025-05-06T04:00,27.7,92,34.1,0.0,0.0,2,52,7.5,220,13.0827,80.2707
2025-05-06T05:00,27.4,92,33.6,0.0,0.0,2,77,7.8,220,13.0827,80.2707
2025-05-06T06:00,28.5,84,34.6,0.0,0.0,1,27,6.8,222,13.0827,80.2707
2025-05-06T07:00,30.2,75,35.8,0.0,0.0,2,77,8.1,211,13.0827,80.2707
2025-05-06T08:00,32.2,62,36.7,0.0,0.0,3,85,10.4,198,13.0827,80.2707
2025-05-06T09:00,34.3,53,38.9,0.0,0.0,3,98,9.6,196,13.0827,80.2707
2025-05-06T10:00,36.3,45,41.6,0.0,0.0,3,96,7.9,196,13.0827,80.2707
2025-05-06T11:00,37.6,39,43.2,0.0,0.0,3,96,6.4,155,13.0827,80.2707
2025-05-06T12:00,36.3,51,42.7,0.0,0.0,3,87,12.2,134,13.0827,80.2707
2025-05-06T13:00,34.7,60,40.5,0.0,0.0,2,74,17.2,134,13.0827,80.2707
2025-05-06T14:00,33.8,62,39.4,0.0,0.0,2,60,16.3,139,13.0827,80.2707
2025-05-06T15:00,33.5,62,38.0,0.0,0.0,1,29,16.8,142,13.0827,80.2707
2025-05-06T16:00,32.9,63,37.6,0.0,0.0,0,13,12.9,141,13.0827,80.2707
2025-05-06T17:00,31.7,71,36.8,0.0,0.0,0,8,14.5,146,13.0827,80.2707
2025-05-06T18:00,31.0,74,36.3,0.0,0.0,0,8,13.2,146,13.0827,80.2707
2025-05-06T19:00,30.5,82,36.5,0.0,0.0,0,14,13.9,151,13.0827,80.2707
2025-05-06T20:00,30.3,82,36.3,0.0,0.0,0,11,13.9,157,13.0827,80.2707
2025-05-06T21:00,30.2,83,36.3,0.0,0.0,2,60,13.6,162,13.0827,80.2707
2025-05-06T22:00,30.0,84,36.2,0.0,0.0,3,81,12.5,162,13.0827,80.2707
2025-05-06T23:00,29.7,86,36.2,0.0,0.0,3,83,11.2,178,13.0827,80.2707
2025-05-07T00:00,29.4,87,36.0,0.0,0.0,3,99,10.7,187,13.0827,80.2707
2025-05-07T01:00,29.1,88,35.5,0.0,0.0,3,97,11.3,193,13.0827,80.2707
2025-05-07T02:00,28.9,88,35.3,0.0,0.0,2,58,10.2,198,13.0827,80.2707
2025-05-07T03:00,28.7,88,35.1,0.0,0.0,3,87,8.6,217,13.0827,80.2707
2025-05-07T04:00,28.5,88,35.0,0.0,0.0,2,72,6.9,217,13.0827,80.2707
2025-05-07T05:00,28.3,87,34.4,0.0,0.0,3,96,8.1,209,13.0827,80.2707
2025-05-07T06:00,27.9,78,32.9,0.0,0.0,3,86,6.1,242,13.0827,80.2707
2025-05-07T07:00,29.9,68,34.5,0.0,0.0,2,76,6.5,257,13.0827,80.2707
2025-05-07T08:00,32.5,54,36.8,0.0,0.0,3,84,4.4,235,13.0827,80.2707
2025-05-07T09:00,35.0,42,39.0,0.0,0.0,3,89,2.6,168,13.0827,80.2707
2025-05-07T10:00,36.2,39,40.5,0.0,0.0,0,12,7.2,125,13.0827,80.2707
2025-05-07T11:00,36.0,46,41.4,0.0,0.0,1,41,12.2,118,13.0827,80.2707
2025-05-07T12:00,34.9,50,39.9,0.6,0.6,53,49,15.9,121,13.0827,80.2707
2025-05-07T13:00,34.2,51,38.7,0.0,0.0,3,96,15.7,134,13.0827,80.2707
2025-05-07T14:00,34.2,52,38.3,0.0,0.0,1,42,14.0,122,13.0827,80.2707
2025-05-07T15:00,33.3,55,37.0,0.0,0.0,1,48,12.9,117,13.0827,80.2707
2025-05-07T16:00,32.5,60,36.6,0.0,0.0,2,63,12.4,114,13.0827,80.2707
2025-05-07T17:00,31.8,65,36.2,0.0,0.0,2,61,12.0,122,13.0827,80.2707
2025-05-07T18:00,31.0,68,35.6,0.0,0.0,0,12,11.6,125,13.0827,80.2707
2025-05-07T19:00,30.7,70,35.3,0.0,0.0,0,10,12.7,137,13.0827,80.2707
2025-05-07T20:00,30.6,72,35.4,0.0,0.0,0,4,12.3,145,13.0827,80.2707
2025-05-07T21:00,30.3,73,35.2,0.0,0.0,0,4,12.1,152,13.0827,80.2707
2025-05-07T22:00,30.0,76,35.3,0.0,0.0,0,2,11.2,158,13.0827,80.2707
2025-05-07T23:00,29.7,79,35.3,0.0,0.0,0,0,10.3,178,13.0827,80.2707
2025-05-08T00:00,29.4,81,35.1,0.0,0.0,3,100,10.4,188,13.0827,80.2707
2025-05-08T01:00,29.1,83,34.6,0.0,0.0,3,100,11.9,202,13.0827,80.2707
2025-05-08T02:00,28.1,84,33.5,0.0,0.0,3,99,9.7,211,13.0827,80.2707
2025-05-08T03:00,27.6,84,32.7,0.0,0.0,3,100,8.8,219,13.0827,80.2707
2025-05-08T04:00,27.2,84,32.6,0.0,0.0,3,100,6.0,201,13.0827,80.2707
2025-05-08T05:00,27.1,83,32.2,0.0,0.0,3,89,7.0,206,13.0827,80.2707
2025-05-08T06:00,27.9,81,33.2,0.0,0.0,3,100,6.6,223,13.0827,80.2707
2025-05-08T07:00,29.5,71,34.7,0.0,0.0,3,94,4.8,222,13.0827,80.2707
2025-05-08T08:00,31.8,60,36.7,0.0,0.0,1,20,4.1,209,13.0827,80.2707
2025-05-08T09:00,34.1,51,39.3,0.0,0.0,1,21,2.6,205,13.0827,80.2707
2025-05-08T10:00,36.1,42,41.9,0.0,0.0,0,15,1.8,135,13.0827,80.2707
2025-05-08T11:00,36.9,38,41.7,0.0,0.0,0,19,6.9,120,13.0827,80.2707
2025-05-08T12:00,35.7,47,40.8,0.1,0.1,51,63,13.5,124,13.0827,80.2707
2025-05-08T13:00,35.0,50,40.1,0.0,0.0,1,41,11.4,97,13.0827,80.2707
2025-05-08T14:00,34.6,53,39.2,0.0,0.0,1,49,11.6,116,13.0827,80.2707
2025-05-08T15:00,33.2,59,37.4,0.0,0.0,1,22,12.2,124,13.0827,80.2707
2025-05-08T16:00,33.2,57,37.4,0.0,0.0,1,24,11.5,129,13.0827,80.2707
2025-05-08T17:00,32.2,62,36.5,0.0,0.0,1,29,12.3,134,13.0827,80.2707
2025-05-08T18:00,31.6,65,36.1,0.0,0.0,1,23,11.0,155,13.0827,80.2707
2025-05-08T19:00,31.2,69,36.8,0.0,0.0,1,22,6.9,163,13.0827,80.2707
2025-05-08T20:00,30.8,76,37.3,0.0,0.0,0,16,6.6,171,13.0827,80.2707
2025-05-08T21:00,28.8,81,33.5,4.6,4.6,63,72,14.4,273,13.0827,80.2707
2025-05-08T22:00,26.6,83,31.8,4.4,4.4,63,92,4.0,190,13.0827,80.2707
2025-05-08T23:00,26.7,88,32.3,0.5,0.5,53,97,5.2,211,13.0827,80.2707
2025-05-09T00:00,26.8,90,33.2,0.2,0.2,51,40,2.1,285,13.0827,80.2707
2025-05-09T01:00,26.7,94,33.6,0.0,0.0,0,19,1.3,286,13.0827,80.2707
2025-05-09T02:00,26.8,94,33.7,0.0,0.0,0,6,1.8,114,13.0827,80.2707
2025-05-09T03:00,26.8,93,33.5,0.0,0.0,0,4,2.8,191,13.0827,80.2707
2025-05-09T04:00,26.6,93,32.5,0.0,0.0,0,2,6.4,196,13.0827,80.2707
2025-05-09T05:00,26.2,93,32.0,0.0,0.0,0,11,6.4,223,13.0827,80.2707
2025-05-09T06:00,28.1,70,32.5,0.0,0.0,2,79,4.1,285,13.0827,80.2707
2025-05-09T07:00,29.5,63,33.9,0.0,0.0,3,85,2.1,329,13.0827,80.2707
2025-05-09T08:00,31.5,53,35.6,0.0,0.0,2,74,1.3,360,13.0827,80.2707
2025-05-09T09:00,33.5,47,37.5,0.0,0.0,0,1,0.2,90,13.0827,80.2707
2025-05-09T10:00,35.5,39,40.5,0.0,0.0,0,2,0.9,90,13.0827,80.2707
2025-05-09T11:00,36.5,36,41.5,0.0,0.0,0,2,4.0,82,13.0827,80.2707
2025-05-09T12:00,36.2,42,41.1,0.0,0.0,0,12,11.4,93,13.0827,80.2707
2025-05-09T13:00,35.1,46,39.6,0.0,0.0,1,27,15.3,93,13.0827,80.2707
2025-05-09T14:00,34.5,47,38.2,0.0,0.0,1,25,14.8,99,13.0827,80.2707
2025-05-09T15:00,33.8,53,37.2,0.0,0.0,1,21,15.0,110,13.0827,80.2707
2025-05-09T16:00,32.9,56,36.4,0.0,0.0,0,16,13.1,117,13.0827,80.2707
2025-05-09T17:00,32.0,63,36.3,0.0,0.0,0,14,12.3,119,13.0827,80.2707
2025-05-09T18:00,31.1,67,35.6,0.0,0.0,0,11,12.1,123,13.0827,80.2707
2025-05-09T19:00,30.9,70,35.7,0.0,0.0,0,12,11.9,128,13.0827,80.2707
2025-05-09T20:00,30.7,72,35.6,0.0,0.0,0,6,12.1,133,13.0827,80.2707
2025-05-09T21:00,30.5,74,35.7,0.0,0.0,0,7,12.9,137,13.0827,80.2707
2025-05-09T22:00,30.3,76,35.5,0.0,0.0,0,5,13.1,143,13.0827,80.2707
2025-05-09T23:00,30.2,76,35.4,0.0,0.0,0,3,11.8,155,13.0827,80.2707
2025-05-10T00:00,29.9,77,35.3,0.0,0.0,0,4,10.4,178,13.0827,80.2707
2025-05-10T01:00,29.4,80,35.0,0.0,0.0,0,2,10.1,200,13.0827,80.2707
2025-05-10T02:00,28.8,83,34.4,0.0,0.0,0,9,10.7,233,13.0827,80.2707
2025-05-10T03:00,28.1,84,33.4,0.0,0.0,0,1,9.8,234,13.0827,80.2707
2025-05-10T04:00,27.4,83,32.2,0.0,0.0,0,1,9.3,227,13.0827,80.2707
2025-05-10T05:00,27.0,83,31.9,0.0,0.0,0,1,7.8,222,13.0827,80.2707
2025-05-10T06:00,29.5,80,35.1,0.0,0.0,0,16,9.9,212,13.0827,80.2707
2025-05-10T07:00,30.1,70,34.3,0.0,0.0,0,2,12.4,223,13.0827,80.2707
2025-05-10T08:00,31.5,62,35.4,0.0,0.0,0,3,11.6,219,13.0827,80.2707
2025-05-10T09:00,33.9,50,37.5,0.0,0.0,0,0,11.0,215,13.0827,80.2707
2025-05-10T10:00,35.6,42,39.9,0.0,0.0,1,26,8.7,214,13.0827,80.2707
2025-05-10T11:00,36.7,38,41.7,0.1,0.1,51,11,6.1,175,13.0827,80.2707
2025-05-10T12:00,37.0,38,41.7,0.0,0.0,0,12,9.7,141,13.0827,80.2707
2025-05-10T13:00,35.9,47,40.8,0.4,0.4,51,70,14.5,135,13.0827,80.2707
2025-05-10T14:00,34.7,55,39.8,0.9,0.9,53,97,15.8,142,13.0827,80.2707
2025-05-10T15:00,33.9,54,37.5,0.0,0.0,2,75,14.4,162,13.0827,80.2707
2025-05-10T16:00,33.6,58,37.9,0.0,0.0,2,70,12.8,152,13.0827,80.2707
2025-05-10T17:00,32.7,63,37.3,0.0,0.0,3,81,13.0,149,13.0827,80.2707
2025-05-10T18:00,31.4,68,36.1,0.0,0.0,2,58,12.5,147,13.0827,80.2707
2025-05-10T19:00,30.9,76,36.5,0.0,0.0,2,78,12.5,152,13.0827,80.2707
2025-05-10T20:00,30.6,77,36.3,0.0,0.0,2,72,11.9,155,13.0827,80.2707
2025-05-10T21:00,30.4,81,36.6,0.0,0.0,2,79,11.1,160,13.0827,80.2707
2025-05-10T22:00,30.2,81,36.4,0.0,0.0,2,77,10.3,168,13.0827,80.2707
2025-05-10T23:00,29.9,83,36.3,0.0,0.0,2,64,10.1,174,13.0827,80.2707
2025-05-11T00:00,29.5,86,36.2,0.0,0.0,2,53,9.2,184,13.0827,80.2707
2025-05-11T01:00,29.2,87,35.9,0.0,0.0,2,69,8.9,194,13.0827,80.2707
2025-05-11T02:00,29.0,88,35.7,0.0,0.0,1,35,8.4,199,13.0827,80.2707
2025-05-11T03:00,28.8,89,35.7,0.0,0.0,0,0,7.0,201,13.0827,80.2707
2025-05-11T04:00,28.7,90,35.7,0.0,0.0,0,0,6.1,208,13.0827,80.2707
2025-05-11T05:00,28.5,91,35.5,0.0,0.0,0,10,6.8,207,13.0827,80.2707
2025-05-11T06:00,29.6,84,36.1,0.0,0.0,0,2,9.1,201,13.0827,80.2707
2025-05-11T07:00,31.3,71,36.9,0.0,0.0,0,15,8.3,204,13.0827,80.2707
2025-05-11T08:00,33.2,58,38.0,0.0,0.0,1,43,8.7,188,13.0827,80.2707
2025-05-11T09:00,35.1,48,39.3,0.0,0.0,1,35,8.3,179,13.0827,80.2707
2025-05-11T10:00,36.6,41,41.3,0.0,0.0,2,55,6.9,155,13.0827,80.2707
2025-05-11T11:00,36.9,41,41.8,0.0,0.0,2,70,8.4,140,13.0827,80.2707
2025-05-11T12:00,35.7,53,42.0,0.1,0.1,51,81,12.1,139,13.0827,80.2707
2025-05-11T13:00,35.9,54,42.3,0.0,0.0,2,50,14.1,140,13.0827,80.2707
2025-05-11T14:00,35.1,50,39.8,0.0,0.0,1,34,12.9,167,13.0827,80.2707
2025-05-11T15:00,35.1,51,39.1,0.0,0.0,0,14,12.9,143,13.0827,80.2707
2025-05-11T16:00,34.2,55,38.2,0.0,0.0,1,22,13.2,151,13.0827,80.2707
2025-05-11T17:00,33.5,52,36.6,0.0,0.0,0,15,13.9,149,13.0827,80.2707
2025-05-11T18:00,31.4,68,36.1,0.0,0.0,0,5,13.2,154,13.0827,80.2707
2025-05-11T19:00,30.8,75,36.4,0.0,0.0,0,2,11.7,163,13.0827,80.2707
2025-05-11T20:00,30.6,76,36.3,0.0,0.0,0,1,10.6,170,13.0827,80.2707
2025-05-11T21:00,30.4,77,36.3,0.0,0.0,0,0,9.6,185,13.0827,80.2707
2025-05-11T22:00,30.1,80,36.5,0.0,0.0,0,0,7.8,203,13.0827,80.2707
2025-05-11T23:00,29.6,83,36.3,0.0,0.0,0,0,6.7,211,13.0827,80.2707
2025-05-12T00:00,29.3,85,36.0,0.0,0.0,0,0,7.2,205,13.0827,80.2707
2025-05-12T01:00,29.1,85,35.4,0.0,0.0,0,0,8.6,195,13.0827,80.2707
2025-05-12T02:00,28.8,86,35.0,0.0,0.0,0,0,9.0,195,13.0827,80.2707
2025-05-12T03:00,28.6,84,34.4,0.0,0.0,0,0,9.9,199,13.0827,80.2707
2025-05-12T04:00,28.4,81,33.7,0.0,0.0,0,0,9.1,201,13.0827,80.2707
2025-05-12T05:00,28.1,80,33.2,0.0,0.0,0,1,7.8,212,13.0827,80.2707
2025-05-12T06:00,29.2,77,34.7,0.0,0.0,0,6,7.3,220,13.0827,80.2707
2025-05-12T07:00,30.6,71,35.9,0.0,0.0,1,32,8.1,235,13.0827,80.2707
2025-05-12T08:00,32.8,59,37.7,0.0,0.0,0,18,7.5,259,13.0827,80.2707
2025-05-12T09:00,35.7,45,39.6,0.0,0.0,0,17,7.9,291,13.0827,80.2707
2025-05-12T10:00,37.9,34,41.2,0.0,0.0,1,24,9.4,340,13.0827,80.2707
2025-05-12T11:00,39.0,31,43.0,0.0,0.0,0,12,6.6,41,13.0827,80.2707
2025-05-12T12:00,38.7,34,42.9,0.0,0.0,1,38,10.9,71,13.0827,80.2707
2025-05-12T13:00,38.0,40,43.0,0.1,0.1,51,42,11.5,89,13.0827,80.2707
2025-05-12T14:00,36.9,47,41.8,0.0,0.0,1,33,14.7,101,13.0827,80.2707
2025-05-12T15:00,35.1,52,39.4,0.0,0.0,1,31,14.3,124,13.0827,80.2707
2025-05-12T16:00,34.7,52,38.7,0.0,0.0,0,6,11.6,126,13.0827,80.2707
2025-05-12T17:00,33.6,55,37.4,0.0,0.0,0,2,11.9,125,13.0827,80.2707
2025-05-12T18:00,32.5,60,37.0,0.0,0.0,3,93,10.3,139,13.0827,80.2707
2025-05-12T19:00,32.3,63,37.4,0.0,0.0,2,59,7.8,146,13.0827,80.2707
2025-05-12T20:00,32.0,66,37.6,0.0,0.0,0,16,7.4,157,13.0827,80.2707
2025-05-12T21:00,31.5,71,37.3,0.0,0.0,0,8,8.8,154,13.0827,80.2707
2025-05-12T22:00,30.7,81,37.5,0.0,0.0,3,87,9.3,162,13.0827,80.2707
2025-05-12T23:00,30.5,80,36.8,0.0,0.0,3,100,9.8,173,13.0827,80.2707
2025-05-13T00:00,30.2,82,36.7,0.0,0.0,3,98,9.4,187,13.0827,80.2707
2025-05-13T01:00,29.8,84,36.5,0.0,0.0,3,100,8.3,196,13.0827,80.2707
2025-05-13T02:00,29.4,85,36.1,0.0,0.0,3,100,7.8,202,13.0827,80.2707
2025-05-13T03:00,29.1,84,35.6,0.0,0.0,3,100,7.4,223,13.0827,80.2707
2025-05-13T04:00,29.0,80,34.7,0.0,0.0,3,100,7.5,240,13.0827,80.2707
2025-05-13T05:00,28.9,76,33.7,0.0,0.0,3,99,10.1,253,13.0827,80.2707
2025-05-13T06:00,30.3,64,34.4,0.0,0.0,0,5,7.8,244,13.0827,80.2707
2025-05-13T07:00,32.1,53,35.4,0.0,0.0,0,4,8.9,262,13.0827,80.2707
2025-05-13T08:00,34.6,44,37.6,0.0,0.0,0,13,8.1,282,13.0827,80.2707
2025-05-13T09:00,36.8,38,40.0,0.0,0.0,0,11,7.9,325,13.0827,80.2707
2025-05-13T10:00,38.2,34,42.3,0.0,0.0,1,32,5.7,28,13.0827,80.2707
2025-05-13T11:00,38.6,33,43.0,0.0,0.0,3,98,8.3,68,13.0827,80.2707
2025-05-13T12:00,38.4,36,42.9,0.0,0.0,3,98,12.1,79,13.0827,80.2707
2025-05-13T13:00,38.2,38,42.0,0.0,0.0,3,100,15.2,71,13.0827,80.2707
2025-05-13T14:00,37.6,38,40.4,0.0,0.0,3,100,15.7,71,13.0827,80.2707
2025-05-13T15:00,35.8,49,39.2,0.0,0.0,3,98,16.2,81,13.0827,80.2707
2025-05-13T16:00,34.3,55,38.4,0.0,0.0,3,100,13.7,112,13.0827,80.2707
2025-05-13T17:00,33.0,63,37.8,0.0,0.0,3,99,12.9,129,13.0827,80.2707
2025-05-13T18:00,31.5,69,36.9,0.0,0.0,0,6,9.9,128,13.0827,80.2707
2025-05-13T19:00,31.3,68,36.4,0.0,0.0,1,47,9.3,136,13.0827,80.2707
2025-05-13T20:00,31.2,67,36.4,0.0,0.0,0,3,7.4,148,13.0827,80.2707
2025-05-13T21:00,31.0,68,36.4,0.0,0.0,1,21,6.0,141,13.0827,80.2707
2025-05-13T22:00,30.8,71,36.3,0.0,0.0,0,2,7.1,144,13.0827,80.2707
2025-05-13T23:00,30.3,77,36.4,0.0,0.0,0,1,8.3,156,13.0827,80.2707
2025-05-14T00:00,29.9,81,36.7,0.0,0.0,0,13,5.8,189,13.0827,80.2707
2025-05-14T01:00,29.6,84,36.7,0.0,0.0,0,11,4.2,198,13.0827,80.2707
2025-05-14T02:00,29.3,86,36.5,0.0,0.0,1,43,4.5,180,13.0827,80.2707
2025-05-14T03:00,29.1,87,36.1,0.0,0.0,3,100,5.6,178,13.0827,80.2707
2025-05-14T04:00,28.9,88,36.1,0.0,0.0,3,97,5.0,206,13.0827,80.2707
2025-05-14T05:00,28.6,91,36.0,0.0,0.0,3,98,4.0,265,13.0827,80.2707
2025-05-14T06:00,29.7,87,37.5,0.0,0.0,3,99,4.0,302,13.0827,80.2707
2025-05-14T07:00,31.1,80,38.8,0.0,0.0,3,99,3.7,293,13.0827,80.2707
2025-05-14T08:00,33.4,62,39.9,0.0,0.0,2,57,1.9,292,13.0827,80.2707
2025-05-14T09:00,35.5,47,40.4,0.0,0.0,3,100,4.2,5,13.0827,80.2707
2025-05-14T10:00,36.7,42,41.8,0.0,0.0,0,19,6.0,51,13.0827,80.2707
2025-05-14T11:00,36.9,43,42.2,0.0,0.0,1,30,11.3,70,13.0827,80.2707
2025-05-14T12:00,35.9,52,41.6,0.0,0.0,1,26,15.6,79,13.0827,80.2707
2025-05-14T13:00,35.6,53,41.5,0.0,0.0,0,13,15.9,84,13.0827,80.2707
2025-05-14T14:00,35.1,55,40.6,0.0,0.0,0,1,14.5,97,13.0827,80.2707
2025-05-14T15:00,34.5,56,39.3,0.0,0.0,0,3,13.6,98,13.0827,80.2707
2025-05-14T16:00,33.6,58,37.7,0.0,0.0,0,9,13.9,96,13.0827,80.2707
2025-05-14T17:00,32.7,62,37.2,0.0,0.0,2,77,12.2,98,13.0827,80.2707
2025-05-14T18:00,31.8,68,37.3,0.0,0.0,2,79,9.6,104,13.0827,80.2707
2025-05-14T19:00,31.3,75,37.4,0.0,0.0,3,92,10.5,115,13.0827,80.2707
2025-05-14T20:00,31.1,78,37.2,0.0,0.0,2,53,11.8,126,13.0827,80.2707
2025-05-14T21:00,30.9,77,37.0,0.0,0.0,0,0,10.7,132,13.0827,80.2707
2025-05-14T22:00,30.8,79,36.9,0.0,0.0,1,36,11.2,139,13.0827,80.2707
2025-05-14T23:00,30.5,80,36.9,0.0,0.0,3,100,10.4,144,13.0827,80.2707
2025-05-15T00:00,30.2,82,36.7,0.0,0.0,3,100,10.3,157,13.0827,80.2707
2025-05-15T01:00,29.9,84,36.8,0.0,0.0,3,100,7.8,175,13.0827,80.2707
2025-05-15T02:00,29.6,86,36.6,0.0,0.0,3,100,7.8,188,13.0827,80.2707
2025-05-15T03:00,29.3,87,36.1,0.0,0.0,3,100,8.3,198,13.0827,80.2707
2025-05-15T04:00,29.0,88,36.3,0.0,0.0,3,97,4.7,196,13.0827,80.2707
2025-05-15T05:00,28.7,90,35.8,0.0,0.0,1,45,5.6,228,13.0827,80.2707
2025-05-15T06:00,29.9,73,35.6,0.0,0.0,3,98,4.8,292,13.0827,80.2707
2025-05-15T07:00,31.6,60,36.1,0.0,0.0,2,56,5.7,316,13.0827,80.2707
2025-05-15T08:00,33.5,51,37.6,0.0,0.0,1,42,4.6,342,13.0827,80.2707
2025-05-15T09:00,35.1,46,39.6,0.0,0.0,1,39,4.6,31,13.0827,80.2707
2025-05-15T10:00,36.3,44,41.6,0.0,0.0,1,48,7.1,60,13.0827,80.2707
2025-05-15T11:00,36.5,46,41.9,0.0,0.0,1,45,12.4,77,13.0827,80.2707
2025-05-15T12:00,35.5,52,41.5,0.5,0.5,53,50,14.2,82,13.0827,80.2707
2025-05-15T13:00,35.0,54,41.4,0.0,0.0,1,21,11.2,84,13.0827,80.2707
2025-05-15T14:00,34.9,53,40.1,0.0,0.0,0,12,12.3,82,13.0827,80.2707
2025-05-15T15:00,34.4,53,38.8,0.0,0.0,0,0,12.8,85,13.0827,80.2707
2025-05-15T16:00,33.4,58,37.6,0.0,0.0,0,0,13.0,92,13.0827,80.2707
2025-05-15T17:00,32.2,65,37.0,0.0,0.0,0,0,12.7,97,13.0827,80.2707
2025-05-15T18:00,31.4,70,36.4,0.0,0.0,0,0,12.2,121,13.0827,80.2707
2025-05-15T19:00,31.2,72,36.6,0.0,0.0,0,0,11.1,138,13.0827,80.2707
2025-05-15T20:00,31.0,74,36.8,0.0,0.0,0,0,10.1,140,13.0827,80.2707
2025-05-15T21:00,30.8,75,36.6,0.0,0.0,0,0,9.7,133,13.0827,80.2707
2025-05-15T22:00,30.6,77,36.9,0.0,0.0,3,89,7.9,137,13.0827,80.2707
2025-05-15T23:00,30.4,79,36.9,0.0,0.0,3,82,7.0,140,13.0827,80.2707
2025-05-16T00:00,30.1,81,37.0,0.0,0.0,3,99,6.1,161,13.0827,80.2707
2025-05-16T01:00,29.9,83,37.0,0.0,0.0,3,100,5.3,168,13.0827,80.2707
2025-05-16T02:00,29.6,85,36.6,0.0,0.0,3,100,6.1,199,13.0827,80.2707
2025-05-16T03:00,29.2,86,36.1,0.0,0.0,3,99,6.2,201,13.0827,80.2707
2025-05-16T04:00,28.8,87,35.8,0.0,0.0,0,8,5.0,226,13.0827,80.2707
2025-05-16T05:00,28.5,88,35.8,0.0,0.0,1,44,2.7,228,13.0827,80.2707
2025-05-16T06:00,30.0,80,36.7,0.0,0.0,1,22,5.0,235,13.0827,80.2707
2025-05-16T07:00,31.1,74,37.6,0.0,0.0,1,28,5.9,247,13.0827,80.2707
2025-05-16T08:00,33.1,63,39.2,0.0,0.0,3,86,3.6,261,13.0827,80.2707
2025-05-16T09:00,34.9,53,40.8,0.1,0.1,51,23,2.5,360,13.0827,80.2707
2025-05-16T10:00,36.2,48,42.5,0.0,0.0,1,36,5.4,50,13.0827,80.2707
2025-05-16T11:00,35.6,53,41.9,0.2,0.2,51,62,10.1,68,13.0827,80.2707
2025-05-16T12:00,35.0,59,42.0,0.3,0.3,51,48,12.1,78,13.0827,80.2707
2025-05-16T13:00,35.6,57,42.1,0.0,0.0,3,94,15.0,74,13.0827,80.2707
2025-05-16T14:00,35.0,57,40.4,0.0,0.0,2,65,16.3,70,13.0827,80.2707
2025-05-16T15:00,33.9,60,38.8,0.0,0.0,2,65,14.7,84,13.0827,80.2707
2025-05-16T16:00,33.1,64,38.4,0.0,0.0,1,42,11.0,101,13.0827,80.2707
2025-05-16T17:00,32.4,67,37.7,0.0,0.0,1,42,11.8,109,13.0827,80.2707
2025-05-16T18:00,30.8,74,36.2,0.0,0.0,3,100,11.5,73,13.0827,80.2707
2025-05-16T19:00,30.7,74,36.2,0.0,0.0,3,100,10.1,79,13.0827,80.2707
2025-05-16T20:00,30.5,75,35.5,0.0,0.0,3,100,13.6,85,13.0827,80.2707
2025-05-16T21:00,30.0,76,36.0,0.7,0.7,53,100,6.6,99,13.0827,80.2707
2025-05-16T22:00,27.3,88,32.3,1.5,1.5,61,100,12.2,269,13.0827,80.2707
2025-05-16T23:00,27.4,88,33.1,0.1,0.1,51,82,7.3,228,13.0827,80.2707
2025-05-17T00:00,25.7,90,29.8,0.5,0.5,53,100,13.3,257,13.0827,80.2707
2025-05-17T01:00,26.1,87,30.9,0.1,0.1,51,100,7.8,279,13.0827,80.2707
2025-05-17T02:00,26.0,88,30.4,0.0,0.0,3,86,10.0,263,13.0827,80.2707
2025-05-17T03:00,25.9,90,30.6,0.0,0.0,3,100,9.9,265,13.0827,80.2707
2025-05-17T04:00,26.0,91,31.0,0.0,0.0,3,100,8.9,263,13.0827,80.2707
2025-05-17T05:00,26.2,89,31.0,0.0,0.0,2,78,9.3,255,13.0827,80.2707
2025-05-17T06:00,28.1,75,32.0,0.0,0.0,3,99,11.3,279,13.0827,80.2707
2025-05-17T07:00,29.0,73,33.6,0.0,0.0,3,100,8.7,292,13.0827,80.2707
2025-05-17T08:00,30.5,67,35.3,0.0,0.0,3,100,7.4,311,13.0827,80.2707
2025-05-17T09:00,32.5,59,37.3,0.0,0.0,3,100,6.1,341,13.0827,80.2707
2025-05-17T10:00,32.6,58,37.5,0.0,0.0,3,100,4.4,12,13.0827,80.2707
2025-05-17T11:00,33.4,54,38.0,0.0,0.0,3,100,4.6,48,13.0827,80.2707
2025-05-17T12:00,33.2,56,37.6,0.0,0.0,3,100,8.0,72,13.0827,80.2707
2025-05-17T13:00,32.6,64,37.7,0.0,0.0,3,100,11.1,73,13.0827,80.2707
2025-05-17T14:00,33.1,62,38.3,1.1,1.1,55,98,10.9,78,13.0827,80.2707
2025-05-17T15:00,32.3,68,38.2,0.7,0.7,53,100,7.8,109,13.0827,80.2707
2025-05-17T16:00,31.5,70,37.3,0.0,0.0,3,100,8.7,104,13.0827,80.2707
2025-05-17T17:00,30.7,73,36.0,0.0,0.0,3,100,10.5,128,13.0827,80.2707
2025-05-17T18:00,30.0,75,35.3,0.0,0.0,3,100,9.5,166,13.0827,80.2707
2025-05-17T19:00,29.6,76,35.2,0.0,0.0,3,100,7.3,190,13.0827,80.2707
2025-05-17T20:00,29.0,78,34.4,0.0,0.0,3,100,8.4,230,13.0827,80.2707
2025-05-17T21:00,28.2,77,32.6,0.0,0.0,3,99,11.2,248,13.0827,80.2707
2025-05-17T22:00,27.8,75,31.6,0.0,0.0,3,100,11.1,261,13.0827,80.2707
2025-05-17T23:00,27.5,75,31.2,0.0,0.0,3,100,10.5,258,13.0827,80.2707
2025-05-18T00:00,27.4,76,31.1,0.0,0.0,3,100,10.3,265,13.0827,80.2707
2025-05-18T01:00,27.3,76,31.0,0.0,0.0,3,100,11.0,268,13.0827,80.2707
2025-05-18T02:00,27.3,77,31.3,0.0,0.0,3,100,9.7,267,13.0827,80.2707
2025-05-18T03:00,27.3,79,31.8,0.0,0.0,3,100,7.6,271,13.0827,80.2707
2025-05-18T04:00,27.2,80,32.0,0.0,0.0,3,100,6.8,287,13.0827,80.2707
2025-05-18T05:00,27.1,81,32.2,0.0,0.0,3,100,5.1,309,13.0827,80.2707
2025-05-18T06:00,27.8,81,32.6,0.0,0.0,3,100,9.5,303,13.0827,80.2707
2025-05-18T07:00,28.7,77,34.0,0.0,0.0,3,100,6.8,338,13.0827,80.2707
2025-05-18T08:00,30.2,69,34.8,0.0,0.0,3,100,9.4,349,13.0827,80.2707
2025-05-18T09:00,31.8,59,36.0,0.0,0.0,3,100,8.5,1,13.0827,80.2707
2025-05-18T10:00,33.0,55,37.5,0.0,0.0,3,100,9.5,15,13.0827,80.2707
2025-05-18T11:00,33.3,55,38.1,0.0,0.0,3,100,12.2,44,13.0827,80.2707
2025-05-18T12:00,31.9,64,36.4,0.4,0.4,51,100,14.0,41,13.0827,80.2707
2025-05-18T13:00,32.1,63,36.9,0.0,0.0,3,100,13.1,47,13.0827,80.2707
2025-05-18T14:00,32.2,61,37.0,0.0,0.0,3,100,13.8,39,13.0827,80.2707
2025-05-18T15:00,31.7,64,35.8,0.0,0.0,3,100,14.1,42,13.0827,80.2707
2025-05-18T16:00,30.9,71,36.1,0.0,0.0,3,100,11.0,50,13.0827,80.2707
2025-05-18T17:00,30.2,75,35.5,0.0,0.0,3,100,10.9,54,13.0827,80.2707
2025-05-18T18:00,30.0,83,35.9,0.0,0.0,3,100,13.4,59,13.0827,80.2707
2025-05-18T19:00,29.4,87,35.9,0.0,0.0,3,100,10.3,65,13.0827,80.2707
2025-05-18T20:00,28.5,89,34.9,0.7,0.7,53,100,9.1,65,13.0827,80.2707
2025-05-18T21:00,27.6,94,34.9,3.1,3.1,63,95,2.5,172,13.0827,80.2707
2025-05-18T22:00,26.4,93,32.1,7.9,7.9,65,100,7.9,243,13.0827,80.2707
2025-05-18T23:00,25.9,97,32.0,0.3,0.3,51,100,6.3,297,13.0827,80.2707
2025-05-19T00:00,25.7,97,31.3,0.3,0.3,51,100,8.1,288,13.0827,80.2707
2025-05-19T01:00,25.6,96,31.3,0.3,0.3,51,100,6.9,250,13.0827,80.2707
2025-05-19T02:00,25.2,98,30.5,0.7,0.7,53,100,8.6,255,13.0827,80.2707
2025-05-19T03:00,24.9,98,30.4,6.8,6.8,63,100,5.7,281,13.0827,80.2707
2025-05-19T04:00,25.1,96,30.4,1.9,1.9,61,100,7.3,320,13.0827,80.2707
2025-05-19T05:00,25.1,96,29.9,0.2,0.2,51,100,10.0,321,13.0827,80.2707
2025-05-19T06:00,26.6,94,33.0,0.2,0.2,51,100,4.6,291,13.0827,80.2707
2025-05-19T07:00,27.0,90,33.4,0.4,0.4,51,100,3.0,327,13.0827,80.2707
2025-05-19T08:00,26.3,95,32.2,1.7,1.7,61,100,7.6,295,13.0827,80.2707
2025-05-19T09:00,26.3,96,32.3,3.2,3.2,63,100,7.5,333,13.0827,80.2707
2025-05-19T10:00,27.0,93,33.2,2.4,2.4,61,100,6.3,347,13.0827,80.2707
2025-05-19T11:00,28.6,85,34.5,0.2,0.2,51,100,8.6,338,13.0827,80.2707
2025-05-19T12:00,30.1,75,36.0,0.2,0.2,51,100,7.7,330,13.0827,80.2707
2025-05-19T13:00,31.1,70,38.3,0.4,0.4,51,100,4.1,358,13.0827,80.2707
2025-05-19T14:00,31.6,68,38.0,0.2,0.2,51,100,4.5,47,13.0827,80.2707
2025-05-19T15:00,30.4,74,36.3,0.4,0.4,51,100,7.0,64,13.0827,80.2707
2025-05-19T16:00,29.8,77,35.7,0.3,0.3,51,100,6.8,92,13.0827,80.2707
2025-05-19T17:00,29.3,81,35.5,0.0,0.0,3,100,6.2,97,13.0827,80.2707
2025-05-19T18:00,29.1,86,36.3,0.0,0.0,3,100,3.6,45,13.0827,80.2707
2025-05-19T19:00,28.8,90,36.7,0.0,0.0,3,100,0.9,323,13.0827,80.2707
2025-05-19T20:00,28.4,91,36.1,0.1,0.1,51,100,1.8,270,13.0827,80.2707
2025-05-19T21:00,27.9,92,34.9,0.1,0.1,51,100,5.0,224,13.0827,80.2707
2025-05-19T22:00,26.8,93,33.0,0.8,0.8,53,100,6.3,239,13.0827,80.2707
2025-05-19T23:00,26.6,93,32.4,0.3,0.3,51,100,7.5,210,13.0827,80.2707
2025-05-20T00:00,26.4,91,31.9,0.0,0.0,2,56,7.8,226,13.0827,80.2707
2025-05-20T01:00,26.4,91,32.0,0.0,0.0,3,91,6.5,242,13.0827,80.2707
2025-05-20T02:00,26.4,93,32.1,0.0,0.0,3,100,7.3,245,13.0827,80.2707
2025-05-20T03:00,26.4,93,32.2,0.3,0.3,51,100,6.7,232,13.0827,80.2707
2025-05-20T04:00,26.3,94,32.5,0.2,0.2,51,100,5.2,266,13.0827,80.2707
2025-05-20T05:00,26.5,94,32.4,0.0,0.0,3,100,6.7,262,13.0827,80.2707
2025-05-20T06:00,27.4,89,33.9,0.1,0.1,51,100,3.6,327,13.0827,80.2707
2025-05-20T07:00,27.6,90,34.2,0.0,0.0,3,100,4.0,324,13.0827,80.2707
2025-05-20T08:00,28.4,87,35.0,0.1,0.1,51,100,4.8,297,13.0827,80.2707
2025-05-20T09:00,29.2,82,35.8,0.2,0.2,51,100,4.9,324,13.0827,80.2707
2025-05-20T10:00,30.0,78,36.4,0.4,0.4,51,100,5.3,308,13.0827,80.2707
2025-05-20T11:00,30.0,77,36.6,0.4,0.4,51,100,3.0,284,13.0827,80.2707
2025-05-20T12:00,30.8,73,37.0,0.2,0.2,51,100,4.9,321,13.0827,80.2707
2025-05-20T13:00,31.6,69,37.8,0.0,0.0,3,100,3.2,344,13.0827,80.2707
2025-05-20T14:00,31.6,68,37.6,0.0,0.0,3,100,4.5,95,13.0827,80.2707
2025-05-20T15:00,30.3,76,36.1,0.1,0.1,51,100,9.1,115,13.0827,80.2707
2025-05-20T16:00,29.5,82,35.3,0.0,0.0,3,100,11.1,121,13.0827,80.2707
2025-05-20T17:00,28.5,85,34.1,0.3,0.3,51,100,11.0,162,13.0827,80.2707
2025-05-20T18:00,28.8,84,34.7,0.3,0.3,51,92,9.2,191,13.0827,80.2707
2025-05-20T19:00,27.2,90,32.5,0.1,0.1,51,98,12.0,253,13.0827,80.2707
2025-05-20T20:00,26.4,91,31.9,0.0,0.0,3,100,8.1,265,13.0827,80.2707
2025-05-20T21:00,26.4,91,32.1,0.0,0.0,3,100,6.5,257,13.0827,80.2707
2025-05-20T22:00,26.5,92,32.6,0.0,0.0,3,100,4.0,270,13.0827,80.2707
2025-05-20T23:00,26.4,92,32.3,0.0,0.0,3,100,5.9,243,13.0827,80.2707
2025-05-21T00:00,26.4,92,32.2,0.0,0.0,3,100,6.4,241,13.0827,80.2707
2025-05-21T01:00,26.4,93,32.3,0.0,0.0,3,100,5.9,259,13.0827,80.2707
2025-05-21T02:00,26.5,93,32.6,0.0,0.0,3,100,4.8,200,13.0827,80.2707
2025-05-21T03:00,26.3,93,32.0,0.0,0.0,3,100,7.1,234,13.0827,80.2707
2025-05-21T04:00,26.3,93,32.2,0.0,0.0,3,100,6.2,234,13.0827,80.2707
2025-05-21T05:00,26.4,93,32.3,0.0,0.0,3,100,5.4,240,13.0827,80.2707
2025-05-21T06:00,27.4,89,33.0,0.0,0.0,3,100,9.4,215,13.0827,80.2707
2025-05-21T07:00,28.2,88,34.4,0.0,0.0,3,100,7.8,224,13.0827,80.2707
2025-05-21T08:00,29.2,83,35.3,0.0,0.0,3,100,7.9,227,13.0827,80.2707
2025-05-21T09:00,30.9,73,36.4,0.0,0.0,3,100,10.1,243,13.0827,80.2707
2025-05-21T10:00,32.2,64,37.9,0.0,0.0,3,100,10.0,256,13.0827,80.2707
2025-05-21T11:00,33.1,57,38.3,0.0,0.0,3,100,10.0,262,13.0827,80.2707
2025-05-21T12:00,33.6,55,38.6,0.0,0.0,3,100,8.7,265,13.0827,80.2707
2025-05-21T13:00,33.9,54,39.0,0.0,0.0,3,100,9.2,273,13.0827,80.2707
2025-05-21T14:00,33.7,53,38.0,0.8,0.8,53,100,8.8,259,13.0827,80.2707
2025-05-21T15:00,33.3,56,38.1,0.0,0.0,3,100,6.7,239,13.0827,80.2707
2025-05-21T16:00,32.8,59,38.1,0.0,0.0,3,100,4.8,202,13.0827,80.2707
2025-05-21T17:00,31.4,69,37.0,0.0,0.0,3,100,7.2,198,13.0827,80.2707
2025-05-21T18:00,29.3,85,37.0,0.0,0.0,3,100,1.0,315,13.0827,80.2707
2025-05-21T19:00,28.9,87,36.1,0.0,0.0,3,100,2.7,132,13.0827,80.2707
2025-05-21T20:00,28.9,87,36.1,0.0,0.0,3,100,3.1,114,13.0827,80.2707
2025-05-21T21:00,29.0,87,36.4,0.0,0.0,3,100,3.1,216,13.0827,80.2707
2025-05-21T22:00,29.0,81,34.9,0.0,0.0,3,100,8.0,230,13.0827,80.2707
2025-05-21T23:00,29.1,74,33.7,0.0,0.0,3,96,10.9,230,13.0827,80.2707
2025-05-22T00:00,28.9,67,32.1,0.0,0.0,3,100,11.8,237,13.0827,80.2707
2025-05-22T01:00,28.4,64,31.0,0.0,0.0,3,100,11.7,257,13.0827,80.2707
2025-05-22T02:00,27.7,66,30.5,0.0,0.0,3,100,9.8,276,13.0827,80.2707
2025-05-22T03:00,27.2,67,29.8,0.0,0.0,3,100,10.3,273,13.0827,80.2707
2025-05-22T04:00,26.9,67,29.4,0.0,0.0,3,100,10.1,273,13.0827,80.2707
2025-05-22T05:00,26.6,67,28.8,0.0,0.0,3,100,10.8,265,13.0827,80.2707
2025-05-22T06:00,27.3,69,30.0,0.0,0.0,3,100,11.8,251,13.0827,80.2707
2025-05-22T07:00,28.0,67,30.9,0.0,0.0,3,100,11.5,256,13.0827,80.2707
2025-05-22T08:00,29.3,66,33.0,0.0,0.0,3,100,9.3,254,13.0827,80.2707
2025-05-22T09:00,31.0,58,34.6,0.0,0.0,3,100,8.8,270,13.0827,80.2707
2025-05-22T10:00,32.1,54,36.6,0.0,0.0,3,100,9.2,277,13.0827,80.2707
2025-05-22T11:00,32.9,52,38.2,0.0,0.0,3,100,8.3,270,13.0827,80.2707
2025-05-22T12:00,33.6,51,39.2,0.0,0.0,3,100,7.6,266,13.0827,80.2707
2025-05-22T13:00,34.1,49,38.4,0.0,0.0,3,100,10.1,265,13.0827,80.2707
2025-05-22T14:00,33.9,50,37.3,0.1,0.1,51,100,10.0,264,13.0827,80.2707
2025-05-22T15:00,33.4,52,37.4,0.2,0.2,51,100,6.8,220,13.0827,80.2707
2025-05-22T16:00,31.9,64,36.8,0.0,0.0,3,100,9.0,158,13.0827,80.2707
2025-05-22T17:00,30.2,77,35.4,0.0,0.0,3,100,13.8,153,13.0827,80.2707
2025-05-22T18:00,29.9,78,35.3,0.0,0.0,3,100,12.5,157,13.0827,80.2707
2025-05-22T19:00,29.4,77,34.4,0.0,0.0,3,100,11.9,179,13.0827,80.2707
2025-05-22T20:00,29.3,76,33.9,0.0,0.0,3,100,12.9,186,13.0827,80.2707
2025-05-22T21:00,29.2,77,33.8,0.0,0.0,3,100,13.8,187,13.0827,80.2707
2025-05-22T22:00,29.2,79,33.9,0.0,0.0,3,100,14.5,191,13.0827,80.2707
2025-05-22T23:00,28.9,83,34.0,0.0,0.0,3,100,14.3,199,13.0827,80.2707
2025-05-23T00:00,28.8,83,33.8,0.0,0.0,3,100,14.1,203,13.0827,80.2707
2025-05-23T01:00,28.6,83,33.5,0.0,0.0,3,100,13.6,206,13.0827,80.2707
2025-05-23T02:00,28.2,85,33.3,0.0,0.0,3,99,13.2,210,13.0827,80.2707
2025-05-23T03:00,27.9,84,32.6,0.0,0.0,3,95,12.6,221,13.0827,80.2707
2025-05-23T04:00,27.4,83,31.9,0.0,0.0,3,100,11.9,229,13.0827,80.2707
2025-05-23T05:00,26.9,84,31.5,0.0,0.0,3,82,10.3,227,13.0827,80.2707
2025-05-23T06:00,27.9,83,33.2,0.0,0.0,3,100,8.2,220,13.0827,80.2707
2025-05-23T07:00,28.9,80,34.7,0.0,0.0,3,100,7.1,232,13.0827,80.2707
2025-05-23T08:00,30.7,69,35.8,0.0,0.0,3,93,8.6,241,13.0827,80.2707
2025-05-23T09:00,32.3,59,36.8,0.0,0.0,2,76,9.5,251,13.0827,80.2707
2025-05-23T10:00,33.7,51,38.4,0.0,0.0,1,25,10.7,250,13.0827,80.2707
2025-05-23T11:00,34.9,47,40.3,0.0,0.0,0,2,8.9,223,13.0827,80.2707
2025-05-23T12:00,35.2,46,40.8,0.0,0.0,0,0,10.0,162,13.0827,80.2707
2025-05-23T13:00,34.5,55,40.6,0.0,0.0,0,16,12.9,148,13.0827,80.2707
2025-05-23T14:00,33.8,57,39.2,0.1,0.1,51,21,13.9,155,13.0827,80.2707
2025-05-23T15:00,33.3,55,36.5,0.1,0.1,51,33,16.5,153,13.0827,80.2707
2025-05-23T16:00,32.1,63,35.8,0.1,0.1,51,41,16.9,156,13.0827,80.2707
2025-05-23T17:00,31.9,70,36.8,0.1,0.1,51,48,15.7,175,13.0827,80.2707
2025-05-23T18:00,30.9,75,36.0,0.0,0.0,3,85,15.4,169,13.0827,80.2707
2025-05-23T19:00,30.5,80,36.0,0.1,0.1,51,68,15.9,205,13.0827,80.2707
2025-05-23T20:00,27.0,90,31.4,5.6,5.6,63,100,17.5,200,13.0827,80.2707
2025-05-23T21:00,28.1,88,33.8,0.0,0.0,2,72,11.4,191,13.0827,80.2707
2025-05-23T22:00,28.8,90,35.2,0.0,0.0,1,36,11.5,176,13.0827,80.2707
2025-05-23T23:00,29.0,86,34.5,0.0,0.0,3,92,15.0,193,13.0827,80.2707
2025-05-24T00:00,29.0,89,35.2,0.0,0.0,3,93,12.7,203,13.0827,80.2707
2025-05-24T01:00,28.6,87,34.5,0.0,0.0,3,99,11.6,219,13.0827,80.2707
2025-05-24T02:00,28.2,86,33.6,0.0,0.0,3,90,11.6,222,13.0827,80.2707
2025-05-24T03:00,27.7,85,33.1,0.0,0.0,3,100,9.4,227,13.0827,80.2707
2025-05-24T04:00,27.5,85,32.7,0.0,0.0,3,100,8.7,225,13.0827,80.2707
2025-05-24T05:00,27.4,84,32.7,0.0,0.0,3,100,6.8,245,13.0827,80.2707
2025-05-24T06:00,28.2,78,33.0,0.0,0.0,3,100,7.7,210,13.0827,80.2707
2025-05-24T07:00,28.9,75,34.2,0.0,0.0,3,100,6.0,209,13.0827,80.2707
2025-05-24T08:00,29.4,73,34.4,0.0,0.0,3,100,7.6,187,13.0827,80.2707
2025-05-24T09:00,30.5,69,35.5,0.0,0.0,3,100,7.6,198,13.0827,80.2707
2025-05-24T10:00,33.3,56,38.6,0.0,0.0,3,100,9.6,214,13.0827,80.2707
2025-05-24T11:00,34.2,52,38.8,0.0,0.0,3,100,10.6,204,13.0827,80.2707
2025-05-24T12:00,34.7,46,38.0,0.0,0.0,3,97,12.4,214,13.0827,80.2707
2025-05-24T13:00,35.9,44,39.9,0.0,0.0,3,98,17.1,228,13.0827,80.2707
2025-05-24T14:00,35.8,44,38.9,0.0,0.0,3,100,17.1,242,13.0827,80.2707
2025-05-24T15:00,35.8,43,38.0,0.0,0.0,3,100,15.2,246,13.0827,80.2707
2025-05-24T16:00,34.4,47,37.1,0.0,0.0,3,100,12.4,248,13.0827,80.2707
2025-05-24T17:00,33.6,51,36.9,0.0,0.0,3,100,11.8,219,13.0827,80.2707
2025-05-24T18:00,32.5,59,36.1,0.0,0.0,3,100,13.7,182,13.0827,80.2707
2025-05-24T19:00,31.8,64,35.9,0.0,0.0,3,100,14.2,171,13.0827,80.2707
2025-05-24T20:00,30.9,75,36.4,0.2,0.2,51,100,13.5,180,13.0827,80.2707
2025-05-24T21:00,30.9,71,35.9,0.0,0.0,3,98,12.0,199,13.0827,80.2707
2025-05-24T22:00,30.9,65,34.8,0.0,0.0,3,99,13.2,209,13.0827,80.2707
2025-05-24T23:00,30.4,64,33.8,0.0,0.0,2,75,13.2,214,13.0827,80.2707
2025-05-25T00:00,29.8,65,33.4,0.0,0.0,3,81,10.9,216,13.0827,80.2707
2025-05-25T01:00,29.2,67,32.9,0.0,0.0,2,71,10.3,218,13.0827,80.2707
2025-05-25T02:00,28.9,69,32.5,0.0,0.0,3,81,10.9,218,13.0827,80.2707
2025-05-25T03:00,28.3,72,32.2,0.0,0.0,2,77,9.8,227,13.0827,80.2707
2025-05-25T04:00,27.9,74,31.9,0.0,0.0,2,76,9.4,222,13.0827,80.2707
2025-05-25T05:00,27.4,76,31.6,0.0,0.0,3,99,8.3,214,13.0827,80.2707
2025-05-25T06:00,28.8,70,32.7,0.0,0.0,3,100,9.6,203,13.0827,80.2707
2025-05-25T07:00,29.3,69,33.1,0.0,0.0,3,100,10.5,207,13.0827,80.2707
2025-05-25T08:00,30.9,62,34.6,0.0,0.0,3,87,11.8,209,13.0827,80.2707
2025-05-25T09:00,33.3,52,37.2,0.0,0.0,3,100,10.2,204,13.0827,80.2707
2025-05-25T10:00,34.2,49,37.6,0.0,0.0,3,93,11.6,216,13.0827,80.2707
2025-05-25T11:00,34.9,47,38.3,0.0,0.0,3,83,14.9,236,13.0827,80.2707
2025-05-25T12:00,35.5,46,39.5,0.0,0.0,3,100,14.7,250,13.0827,80.2707
2025-05-25T13:00,36.2,44,41.4,0.0,0.0,2,55,12.0,256,13.0827,80.2707
2025-05-25T14:00,36.9,42,41.7,0.0,0.0,3,100,8.5,245,13.0827,80.2707
2025-05-25T15:00,36.1,44,39.5,0.0,0.0,3,100,12.0,219,13.0827,80.2707
2025-05-25T16:00,35.2,47,38.2,0.0,0.0,3,100,13.2,208,13.0827,80.2707
2025-05-25T17:00,34.2,52,38.0,0.0,0.0,3,100,11.0,203,13.0827,80.2707
2025-05-25T18:00,31.6,65,35.9,0.0,0.0,3,100,12.6,185,13.0827,80.2707
2025-05-25T19:00,31.1,69,36.1,0.0,0.0,3,100,10.6,199,13.0827,80.2707
2025-05-25T20:00,31.3,64,35.4,0.0,0.0,3,100,12.0,226,13.0827,80.2707
2025-05-25T21:00,31.1,64,34.8,0.0,0.0,3,100,13.4,238,13.0827,80.2707
2025-05-25T22:00,30.6,66,34.0,0.0,0.0,3,100,15.9,232,13.0827,80.2707
2025-05-25T23:00,29.8,68,33.0,0.0,0.0,3,100,16.9,236,13.0827,80.2707
2025-05-26T00:00,29.1,71,32.8,0.0,0.0,3,100,13.0,235,13.0827,80.2707
2025-05-26T01:00,28.8,70,32.3,0.0,0.0,3,100,12.5,235,13.0827,80.2707
2025-05-26T02:00,28.6,70,31.9,0.0,0.0,3,100,13.1,233,13.0827,80.2707
2025-05-26T03:00,28.1,73,31.5,0.0,0.0,3,100,13.5,228,13.0827,80.2707
2025-05-26T04:00,27.9,76,31.7,0.0,0.0,3,100,11.8,227,13.0827,80.2707
2025-05-26T05:00,27.7,76,31.7,0.0,0.0,3,100,10.7,228,13.0827,80.2707
2025-05-26T06:00,29.2,65,32.2,0.0,0.0,3,100,12.9,233,13.0827,80.2707
2025-05-26T07:00,30.1,61,32.9,0.0,0.0,3,100,13.2,220,13.0827,80.2707
2025-05-26T08:00,30.0,63,33.0,0.0,0.0,3,100,13.4,213,13.0827,80.2707
2025-05-26T09:00,29.8,67,33.5,0.0,0.0,3,100,12.4,214,13.0827,80.2707
2025-05-26T10:00,30.6,65,34.5,0.0,0.0,3,100,11.9,214,13.0827,80.2707
2025-05-26T11:00,32.1,58,35.3,0.0,0.0,3,100,14.8,221,13.0827,80.2707
2025-05-26T12:00,34.0,50,36.6,0.0,0.0,3,100,17.1,246,13.0827,80.2707
2025-05-26T13:00,33.5,51,35.5,0.2,0.2,51,100,19.7,242,13.0827,80.2707
2025-05-26T14:00,31.3,61,34.2,0.0,0.0,3,100,17.7,232,13.0827,80.2707
2025-05-26T15:00,32.6,57,35.5,0.0,0.0,3,100,17.1,223,13.0827,80.2707
2025-05-26T16:00,32.8,56,35.0,0.0,0.0,3,100,20.7,225,13.0827,80.2707
2025-05-26T17:00,32.1,59,34.4,0.1,0.1,51,100,22.2,249,13.0827,80.2707
2025-05-26T18:00,31.2,64,35.4,0.2,0.2,51,100,10.6,236,13.0827,80.2707
2025-05-26T19:00,31.3,59,34.3,0.0,0.0,3,100,14.0,239,13.0827,80.2707
2025-05-26T20:00,30.9,60,33.6,0.0,0.0,3,100,15.2,233,13.0827,80.2707
2025-05-26T21:00,30.2,63,33.2,0.0,0.0,3,100,15.2,237,13.0827,80.2707
2025-05-26T22:00,30.2,63,32.8,0.0,0.0,3,100,16.6,241,13.0827,80.2707
2025-05-26T23:00,29.9,62,32.0,0.0,0.0,3,100,18.6,247,13.0827,80.2707
2025-05-27T00:00,29.6,63,31.9,0.0,0.0,3,100,16.8,247,13.0827,80.2707
2025-05-27T01:00,29.4,63,31.7,0.0,0.0,3,100,16.4,239,13.0827,80.2707
2025-05-27T02:00,29.0,65,31.6,0.0,0.0,3,100,14.9,232,13.0827,80.2707
2025-05-27T03:00,28.2,69,30.9,0.0,0.0,3,100,15.1,232,13.0827,80.2707
2025-05-27T04:00,28.2,68,30.7,0.0,0.0,3,100,15.6,237,13.0827,80.2707
2025-05-27T05:00,28.3,67,30.5,0.0,0.0,3,100,16.2,235,13.0827,80.2707
2025-05-27T06:00,29.2,63,31.7,0.0,0.0,3,96,14.0,232,13.0827,80.2707
2025-05-27T07:00,30.7,56,32.8,0.0,0.0,3,99,15.4,233,13.0827,80.2707
2025-05-27T08:00,31.9,51,33.2,0.0,0.0,3,100,19.0,243,13.0827,80.2707
2025-05-27T09:00,31.6,53,33.2,0.0,0.0,3,100,17.7,246,13.0827,80.2707
2025-05-27T10:00,31.9,54,33.7,0.0,0.0,3,100,18.2,242,13.0827,80.2707
2025-05-27T11:00,33.2,51,35.2,0.0,0.0,3,100,18.6,247,13.0827,80.2707
2025-05-27T12:00,35.0,46,36.9,0.0,0.0,3,100,22.7,262,13.0827,80.2707
2025-05-27T13:00,36.3,41,37.3,0.0,0.0,3,100,24.0,273,13.0827,80.2707
2025-05-27T14:00,36.4,41,37.8,0.0,0.0,3,100,19.5,267,13.0827,80.2707
2025-05-27T15:00,36.2,39,36.3,0.0,0.0,3,100,25.5,265,13.0827,80.2707
2025-05-27T16:00,35.3,43,36.4,0.0,0.0,3,100,21.8,266,13.0827,80.2707
2025-05-27T17:00,34.9,44,36.6,0.0,0.0,3,100,18.4,272,13.0827,80.2707
2025-05-27T18:00,32.1,55,35.1,0.0,0.0,3,100,12.5,259,13.0827,80.2707
2025-05-27T19:00,31.4,60,36.0,0.0,0.0,3,100,5.1,231,13.0827,80.2707
2025-05-27T20:00,30.8,63,35.3,0.0,0.0,3,100,6.6,225,13.0827,80.2707
2025-05-27T21:00,30.3,65,34.9,0.0,0.0,3,100,6.1,236,13.0827,80.2707
2025-05-27T22:00,30.3,65,34.6,0.0,0.0,3,100,7.3,228,13.0827,80.2707
2025-05-27T23:00,30.0,65,34.1,0.0,0.0,3,100,8.8,237,13.0827,80.2707
2025-05-28T00:00,29.3,69,33.4,0.0,0.0,3,100,9.6,240,13.0827,80.2707
2025-05-28T01:00,29.5,65,32.4,0.0,0.0,3,100,14.7,248,13.0827,80.2707
2025-05-28T02:00,30.0,58,32.0,0.0,0.0,3,100,15.7,251,13.0827,80.2707
2025-05-28T03:00,29.6,59,31.6,0.0,0.0,3,100,15.0,247,13.0827,80.2707
2025-05-28T04:00,29.3,61,31.4,0.0,0.0,3,100,15.2,247,13.0827,80.2707
2025-05-28T05:00,29.3,61,31.3,0.0,0.0,3,100,15.1,245,13.0827,80.2707
2025-05-28T06:00,29.8,57,31.2,0.0,0.0,3,100,17.5,253,13.0827,80.2707
2025-05-28T07:00,30.8,54,32.8,0.0,0.0,3,100,14.2,252,13.0827,80.2707
2025-05-28T08:00,32.3,50,33.7,0.0,0.0,3,100,18.3,257,13.0827,80.2707
2025-05-28T09:00,33.6,47,34.8,0.0,0.0,3,100,20.8,265,13.0827,80.2707
2025-05-28T10:00,34.9,43,35.9,0.0,0.0,3,100,24.5,273,13.0827,80.2707
2025-05-28T11:00,35.2,41,35.7,0.2,0.2,51,100,22.9,277,13.0827,80.2707
2025-05-28T12:00,36.2,39,37.7,0.3,0.3,51,100,22.4,285,13.0827,80.2707
2025-05-28T13:00,37.4,36,39.2,0.0,0.0,3,100,18.3,286,13.0827,80.2707
2025-05-28T14:00,35.2,42,36.7,0.7,0.7,53,100,21.3,262,13.0827,80.2707
2025-05-28T15:00,30.2,65,32.2,1.6,1.6,61,100,23.9,252,13.0827,80.2707
2025-05-28T16:00,30.8,65,35.1,0.3,0.3,51,100,9.4,227,13.0827,80.2707
2025-05-28T17:00,30.3,69,34.6,0.5,0.5,53,100,12.0,305,13.0827,80.2707
2025-05-28T18:00,30.2,70,34.5,0.0,0.0,3,100,13.0,6,13.0827,80.2707
2025-05-28T19:00,29.8,71,35.6,0.0,0.0,3,100,2.1,329,13.0827,80.2707
2025-05-28T20:00,30.4,69,35.8,0.0,0.0,3,100,4.0,153,13.0827,80.2707
2025-05-28T21:00,31.3,60,35.1,0.0,0.0,3,100,9.5,219,13.0827,80.2707
2025-05-28T22:00,31.6,55,33.7,0.0,0.0,3,100,17.1,251,13.0827,80.2707
2025-05-28T23:00,30.6,58,32.5,0.0,0.0,3,100,18.8,253,13.0827,80.2707
2025-05-29T00:00,30.5,58,32.4,0.0,0.0,3,100,17.2,247,13.0827,80.2707
2025-05-29T01:00,30.3,56,32.0,0.0,0.0,3,100,17.1,248,13.0827,80.2707
2025-05-29T02:00,30.1,56,31.6,0.0,0.0,3,100,17.0,248,13.0827,80.2707
2025-05-29T03:00,29.9,57,31.3,0.0,0.0,3,100,17.5,246,13.0827,80.2707
2025-05-29T04:00,29.7,58,31.3,0.0,0.0,3,100,17.1,243,13.0827,80.2707
2025-05-29T05:00,29.6,59,31.4,0.0,0.0,3,100,16.4,239,13.0827,80.2707
2025-05-29T06:00,30.2,58,32.6,0.0,0.0,3,100,13.2,253,13.0827,80.2707
2025-05-29T07:00,28.9,66,32.0,0.3,0.3,51,100,11.9,239,13.0827,80.2707
2025-05-29T08:00,31.1,57,33.7,0.0,0.0,3,100,14.3,231,13.0827,80.2707
2025-05-29T09:00,32.5,51,34.3,0.0,0.0,3,100,17.9,234,13.0827,80.2707
2025-05-29T10:00,34.6,45,36.1,0.0,0.0,3,100,21.8,249,13.0827,80.2707
2025-05-29T11:00,36.2,40,38.2,0.0,0.0,3,100,23.4,263,13.0827,80.2707
2025-05-29T12:00,36.7,39,39.3,0.0,0.0,3,100,20.7,257,13.0827,80.2707
2025-05-29T13:00,37.8,36,40.5,0.0,0.0,3,100,17.1,266,13.0827,80.2707
2025-05-29T14:00,36.2,40,38.0,0.2,0.2,51,100,20.7,262,13.0827,80.2707
2025-05-29T15:00,34.6,45,35.1,0.6,0.6,53,100,26.6,261,13.0827,80.2707
2025-05-29T16:00,31.3,65,36.0,1.0,1.0,55,100,9.2,271,13.0827,80.2707
2025-05-29T17:00,31.9,61,35.9,0.0,0.0,3,100,11.2,271,13.0827,80.2707
2025-05-29T18:00,33.1,51,35.3,0.0,0.0,3,100,16.5,220,13.0827,80.2707
2025-05-29T19:00,32.7,52,35.5,0.0,0.0,3,100,13.0,218,13.0827,80.2707
2025-05-29T20:00,32.2,55,35.0,0.0,0.0,3,100,13.8,213,13.0827,80.2707
2025-05-29T21:00,31.7,57,34.7,0.0,0.0,3,100,13.7,215,13.0827,80.2707
2025-05-29T22:00,31.3,59,34.3,0.0,0.0,3,100,14.6,224,13.0827,80.2707
2025-05-29T23:00,30.8,61,33.7,0.0,0.0,3,100,15.2,234,13.0827,80.2707
2025-05-30T00:00,30.4,62,33.3,0.0,0.0,3,100,14.8,238,13.0827,80.2707
2025-05-30T01:00,30.0,63,32.9,0.0,0.0,3,100,14.3,246,13.0827,80.2707
2025-05-30T02:00,29.7,61,32.2,0.0,0.0,3,100,14.6,244,13.0827,80.2707
2025-05-30T03:00,29.4,62,31.7,0.0,0.0,3,100,14.5,242,13.0827,80.2707
2025-05-30T04:00,29.2,62,31.4,0.0,0.0,3,100,14.9,240,13.0827,80.2707
2025-05-30T05:00,29.0,62,31.2,0.0,0.0,3,100,15.0,237,13.0827,80.2707
2025-05-30T06:00,29.7,61,32.4,0.0,0.0,3,100,12.9,238,13.0827,80.2707
2025-05-30T07:00,30.6,58,33.1,0.0,0.0,3,100,13.6,242,13.0827,80.2707
2025-05-30T08:00,31.5,56,34.1,0.0,0.0,3,100,14.4,258,13.0827,80.2707
2025-05-30T09:00,32.4,54,35.1,0.0,0.0,3,100,13.9,269,13.0827,80.2707
2025-05-30T10:00,34.5,48,37.9,0.0,0.0,3,100,14.2,285,13.0827,80.2707
2025-05-30T11:00,35.9,45,40.0,0.0,0.0,3,100,14.2,286,13.0827,80.2707
2025-05-30T12:00,36.0,44,40.3,0.0,0.0,3,100,12.1,266,13.0827,80.2707
2025-05-30T13:00,30.8,66,34.3,0.5,0.5,53,100,17.2,167,13.0827,80.2707
2025-05-30T14:00,28.4,75,32.3,0.7,0.7,53,97,13.5,176,13.0827,80.2707
2025-05-30T15:00,28.1,84,34.0,5.4,5.4,63,100,5.4,222,13.0827,80.2707
2025-05-30T16:00,28.2,87,34.3,2.7,2.7,63,100,8.4,146,13.0827,80.2707
2025-05-30T17:00,28.5,84,34.2,0.1,0.1,51,100,8.8,165,13.0827,80.2707
2025-05-30T18:00,28.7,85,35.0,0.0,0.0,3,100,7.3,171,13.0827,80.2707
2025-05-30T19:00,29.0,85,35.0,0.0,0.0,3,100,10.3,187,13.0827,80.2707
2025-05-30T20:00,29.0,81,35.1,0.0,0.0,3,100,6.5,256,13.0827,80.2707
2025-05-30T21:00,28.3,78,33.0,0.2,0.2,51,100,9.4,240,13.0827,80.2707
2025-05-30T22:00,27.8,79,33.0,0.0,0.0,3,99,5.0,218,13.0827,80.2707
2025-05-30T23:00,27.8,78,32.6,0.0,0.0,3,93,7.2,219,13.0827,80.2707
2025-05-31T00:00,27.9,77,32.5,0.0,0.0,3,99,8.2,218,13.0827,80.2707
2025-05-31T01:00,27.7,78,32.1,0.0,0.0,3,100,9.5,219,13.0827,80.2707
2025-05-31T02:00,27.8,77,31.7,0.0,0.0,3,100,12.0,229,13.0827,80.2707
2025-05-31T03:00,27.9,75,31.4,0.0,0.0,3,100,12.6,233,13.0827,80.2707
2025-05-31T04:00,28.0,72,31.2,0.0,0.0,3,100,13.1,241,13.0827,80.2707
2025-05-31T05:00,28.0,71,31.3,0.0,0.0,3,100,12.7,237,13.0827,80.2707
2025-05-31T06:00,28.3,71,31.4,0.0,0.0,3,100,13.9,253,13.0827,80.2707
2025-05-31T07:00,28.9,70,32.3,0.0,0.0,3,100,13.3,257,13.0827,80.2707
2025-05-31T08:00,30.3,67,34.4,0.0,0.0,3,94,10.3,257,13.0827,80.2707
2025-05-31T09:00,32.0,60,35.9,0.0,0.0,3,99,12.5,274,13.0827,80.2707
2025-05-31T10:00,33.0,57,37.9,0.0,0.0,3,99,11.2,282,13.0827,80.2707
2025-05-31T11:00,33.8,56,39.5,0.0,0.0,3,100,9.9,282,13.0827,80.2707
2025-05-31T12:00,35.0,52,41.4,0.0,0.0,3,100,8.7,276,13.0827,80.2707
2025-05-31T13:00,35.7,49,41.8,0.0,0.0,3,100,7.1,261,13.0827,80.2707
2025-05-31T14:00,36.2,42,41.0,0.0,0.0,3,100,3.4,238,13.0827,80.2707
2025-05-31T15:00,34.2,60,40.3,0.0,0.0,3,100,7.0,103,13.0827,80.2707
2025-05-31T16:00,31.8,84,39.5,0.0,0.0,3,100,11.7,107,13.0827,80.2707
2025-05-31T17:00,30.6,88,38.0,0.0,0.0,3,92,11.5,113,13.0827,80.2707
2025-05-31T18:00,29.4,91,36.6,0.0,0.0,3,99,9.5,111,13.0827,80.2707
2025-05-31T19:00,29.3,89,36.1,0.0,0.0,3,100,10.0,118,13.0827,80.2707
2025-05-31T20:00,29.3,88,35.9,0.0,0.0,3,99,10.6,150,13.0827,80.2707
2025-05-31T21:00,29.2,84,35.4,0.0,0.0,3,93,9.9,176,13.0827,80.2707
2025-05-31T22:00,28.9,84,34.6,0.0,0.0,3,87,11.0,180,13.0827,80.2707
2025-05-31T23:00,28.5,84,34.3,0.0,0.0,3,96,9.4,192,13.0827,80.2707
2025-06-01T00:00,28.1,85,33.5,0.0,0.0,3,94,10.2,211,13.0827,80.2707
2025-06-01T01:00,27.8,80,32.5,0.0,0.0,3,96,8.8,223,13.0827,80.2707
2025-06-01T02:00,27.4,74,30.9,0.0,0.0,3,99,10.4,242,13.0827,80.2707
2025-06-01T03:00,27.4,69,30.0,0.0,0.0,3,100,12.9,263,13.0827,80.2707
2025-06-01T04:00,27.4,70,30.2,0.0,0.0,3,100,12.8,268,13.0827,80.2707
2025-06-01T05:00,27.1,73,30.5,0.0,0.0,3,100,9.5,268,13.0827,80.2707
2025-06-01T06:00,28.5,71,32.1,0.0,0.0,3,100,11.0,267,13.0827,80.2707
2025-06-01T07:00,29.6,67,33.4,0.0,0.0,3,97,11.0,265,13.0827,80.2707
2025-06-01T08:00,30.9,63,34.8,0.0,0.0,3,100,10.5,263,13.0827,80.2707
2025-06-01T09:00,32.2,58,36.1,0.0,0.0,3,99,12.3,273,13.0827,80.2707
2025-06-01T10:00,33.7,52,38.4,0.0,0.0,3,96,12.1,273,13.0827,80.2707
2025-06-01T11:00,35.3,46,40.4,0.0,0.0,2,70,11.3,277,13.0827,80.2707
2025-06-01T12:00,36.4,42,41.7,0.0,0.0,2,73,10.7,278,13.0827,80.2707
2025-06-01T13:00,37.4,38,42.1,0.0,0.0,2,62,9.9,266,13.0827,80.2707
2025-06-01T14:00,37.3,36,41.6,0.0,0.0,3,84,4.9,186,13.0827,80.2707
2025-06-01T15:00,34.1,68,41.2,0.0,0.0,2,76,9.9,132,13.0827,80.2707
2025-06-01T16:00,32.1,77,38.7,0.0,0.0,3,100,13.0,121,13.0827,80.2707
2025-06-01T17:00,30.8,79,36.8,0.0,0.0,3,87,12.8,122,13.0827,80.2707
2025-06-01T18:00,30.0,81,36.0,0.0,0.0,2,63,11.1,151,13.0827,80.2707
2025-06-01T19:00,30.1,80,35.8,0.0,0.0,3,89,12.5,134,13.0827,80.2707
2025-06-01T20:00,29.8,84,35.6,0.0,0.0,1,31,14.2,142,13.0827,80.2707
2025-06-01T21:00,29.6,83,35.2,0.0,0.0,3,91,14.5,158,13.0827,80.2707
2025-06-01T22:00,29.6,84,34.9,0.0,0.0,3,100,16.5,166,13.0827,80.2707
2025-06-01T23:00,29.3,84,34.6,0.0,0.0,3,100,14.9,178,13.0827,80.2707
2025-06-02T00:00,28.9,83,34.3,0.0,0.0,3,100,12.3,198,13.0827,80.2707
2025-06-02T01:00,28.6,80,33.5,0.0,0.0,3,100,12.1,215,13.0827,80.2707
2025-06-02T02:00,28.4,77,32.5,0.0,0.0,3,98,13.7,224,13.0827,80.2707
2025-06-02T03:00,28.3,71,31.3,0.0,0.0,3,100,14.2,240,13.0827,80.2707
2025-06-02T04:00,28.1,65,30.2,0.0,0.0,3,100,14.3,246,13.0827,80.2707
2025-06-02T05:00,27.6,64,29.6,0.0,0.0,3,100,13.7,249,13.0827,80.2707
2025-06-02T06:00,28.8,65,31.6,0.0,0.0,3,100,12.6,251,13.0827,80.2707
2025-06-02T07:00,29.8,63,33.0,0.0,0.0,3,87,11.5,253,13.0827,80.2707
2025-06-02T08:00,31.3,58,34.5,0.0,0.0,3,96,11.3,257,13.0827,80.2707
2025-06-02T09:00,32.5,53,35.7,0.0,0.0,3,93,10.3,265,13.0827,80.2707
2025-06-02T10:00,33.9,49,38.4,0.0,0.0,3,100,8.6,262,13.0827,80.2707
2025-06-02T11:00,35.1,45,40.1,0.0,0.0,3,100,7.9,250,13.0827,80.2707
2025-06-02T12:00,36.2,41,41.3,0.0,0.0,3,100,8.5,215,13.0827,80.2707
2025-06-02T13:00,35.5,44,39.9,0.0,0.0,3,100,11.2,180,13.0827,80.2707
2025-06-02T14:00,34.3,58,39.9,0.1,0.1,51,100,14.8,156,13.0827,80.2707
2025-06-02T15:00,33.5,59,37.6,0.1,0.1,51,100,15.6,161,13.0827,80.2707
2025-06-02T16:00,32.5,66,37.0,0.1,0.1,51,100,15.7,161,13.0827,80.2707
2025-06-02T17:00,31.6,67,37.6,0.0,0.0,3,100,3.6,270,13.0827,80.2707
2025-06-02T18:00,31.4,63,34.7,0.0,0.0,3,100,17.1,176,13.0827,80.2707
2025-06-02T19:00,30.9,68,34.8,0.0,0.0,3,100,15.3,183,13.0827,80.2707
2025-06-02T20:00,30.5,72,35.0,0.0,0.0,3,100,14.2,179,13.0827,80.2707
2025-06-02T21:00,30.0,74,35.0,0.0,0.0,3,100,10.9,193,13.0827,80.2707
2025-06-02T22:00,29.8,75,35.1,0.0,0.0,3,100,8.9,204,13.0827,80.2707
2025-06-02T23:00,29.5,78,35.3,0.0,0.0,3,100,7.7,205,13.0827,80.2707
2025-06-03T00:00,29.4,79,35.1,0.0,0.0,3,100,8.6,211,13.0827,80.2707
2025-06-03T01:00,29.3,76,34.2,0.0,0.0,3,100,10.0,221,13.0827,80.2707
2025-06-03T02:00,29.0,72,33.2,0.0,0.0,3,100,10.6,220,13.0827,80.2707
2025-06-03T03:00,28.6,72,32.5,0.0,0.0,3,100,10.4,219,13.0827,80.2707
2025-06-03T04:00,28.2,73,32.3,0.0,0.0,3,100,9.3,229,13.0827,80.2707
2025-06-03T05:00,28.2,72,31.9,0.0,0.0,3,100,9.9,238,13.0827,80.2707
2025-06-03T06:00,29.3,58,31.2,0.0,0.0,3,98,13.5,254,13.0827,80.2707
2025-06-03T07:00,30.4,56,32.6,0.0,0.0,3,88,12.6,256,13.0827,80.2707
2025-06-03T08:00,32.0,51,33.9,0.0,0.0,1,26,14.7,264,13.0827,80.2707
2025-06-03T09:00,33.8,46,36.0,0.0,0.0,1,21,13.9,269,13.0827,80.2707
2025-06-03T10:00,35.2,42,38.5,0.0,0.0,0,13,12.6,268,13.0827,80.2707
2025-06-03T11:00,36.8,37,40.6,0.0,0.0,1,38,12.1,273,13.0827,80.2707
2025-06-03T12:00,38.3,33,41.8,0.0,0.0,1,31,13.5,274,13.0827,80.2707
2025-06-03T13:00,37.2,34,39.7,0.4,0.4,51,26,16.5,259,13.0827,80.2707
2025-06-03T14:00,37.7,34,40.6,0.0,0.0,1,43,11.2,222,13.0827,80.2707
2025-06-03T15:00,36.1,40,38.0,0.3,0.3,51,94,16.7,199,13.0827,80.2707
2025-06-03T16:00,30.7,65,33.7,0.6,0.6,53,100,18.5,312,13.0827,80.2707
2025-06-03T17:00,30.4,68,35.5,0.1,0.1,51,94,5.3,237,13.0827,80.2707
2025-06-03T18:00,32.8,54,37.3,0.0,0.0,1,29,3.6,81,13.0827,80.2707
2025-06-03T19:00,32.4,58,37.7,0.0,0.0,3,94,2.1,142,13.0827,80.2707
2025-06-03T20:00,32.7,54,36.6,0.0,0.0,3,100,6.9,173,13.0827,80.2707
2025-06-03T21:00,31.7,61,35.6,0.0,0.0,3,99,12.1,187,13.0827,80.2707
2025-06-03T22:00,30.6,72,35.5,0.0,0.0,2,71,12.7,187,13.0827,80.2707
2025-06-03T23:00,30.3,76,35.8,0.0,0.0,3,88,10.7,197,13.0827,80.2707
2025-06-04T00:00,30.1,77,35.5,0.0,0.0,3,94,11.3,207,13.0827,80.2707
2025-06-04T01:00,29.9,74,34.7,0.0,0.0,3,97,12.4,223,13.0827,80.2707
2025-06-04T02:00,29.8,68,33.6,0.0,0.0,3,97,12.5,229,13.0827,80.2707
2025-06-04T03:00,29.4,65,32.7,0.0,0.0,3,87,11.3,224,13.0827,80.2707
2025-06-04T04:00,28.9,66,32.2,0.0,0.0,3,84,11.3,227,13.0827,80.2707
2025-06-04T05:00,28.7,67,32.0,0.0,0.0,1,49,10.5,233,13.0827,80.2707
2025-06-04T06:00,29.4,69,33.6,0.0,0.0,0,0,9.3,226,13.0827,80.2707
2025-06-04T07:00,31.1,60,34.7,0.0,0.0,0,1,10.3,232,13.0827,80.2707
2025-06-04T08:00,32.8,52,35.4,0.0,0.0,0,9,13.7,252,13.0827,80.2707
2025-06-04T09:00,34.2,46,36.9,0.0,0.0,2,79,13.0,269,13.0827,80.2707
2025-06-04T10:00,35.7,41,39.5,0.0,0.0,1,23,10.3,286,13.0827,80.2707
2025-06-04T11:00,37.0,37,41.5,0.0,0.0,2,66,7.6,298,13.0827,80.2707
2025-06-04T12:00,37.8,36,43.6,0.0,0.0,3,99,2.4,351,13.0827,80.2707
2025-06-04T13:00,37.6,36,42.6,0.0,0.0,3,99,5.6,107,13.0827,80.2707
2025-06-04T14:00,34.2,49,37.6,1.4,1.4,61,100,14.8,119,13.0827,80.2707
2025-06-04T15:00,32.5,56,35.4,0.7,0.7,53,99,15.8,119,13.0827,80.2707
2025-06-04T16:00,31.9,63,36.6,0.1,0.1,51,100,9.5,119,13.0827,80.2707
2025-06-04T17:00,31.0,70,37.0,0.1,0.1,51,98,4.6,121,13.0827,80.2707
2025-06-04T18:00,31.3,68,36.1,0.0,0.0,3,87,11.0,132,13.0827,80.2707
2025-06-04T19:00,30.6,76,36.2,0.0,0.0,3,100,10.8,147,13.0827,80.2707
2025-06-04T20:00,30.5,78,36.4,0.0,0.0,3,100,11.0,154,13.0827,80.2707
2025-06-04T21:00,30.4,78,36.4,0.0,0.0,3,100,10.4,166,13.0827,80.2707
2025-06-04T22:00,30.4,76,35.9,0.0,0.0,3,100,11.6,176,13.0827,80.2707
2025-06-04T23:00,30.0,80,35.6,0.0,0.0,2,77,13.2,177,13.0827,80.2707
2025-06-05T00:00,29.6,83,35.6,0.0,0.0,2,60,11.7,180,13.0827,80.2707
2025-06-05T01:00,29.4,84,35.4,0.0,0.0,3,97,11.0,186,13.0827,80.2707
2025-06-05T02:00,29.0,86,35.0,0.0,0.0,3,91,11.1,189,13.0827,80.2707
2025-06-05T03:00,28.7,87,35.0,0.0,0.0,3,95,9.4,206,13.0827,80.2707
2025-06-05T04:00,28.4,88,34.9,0.0,0.0,2,74,6.7,224,13.0827,80.2707
2025-06-05T05:00,28.1,88,34.5,0.0,0.0,1,24,5.8,261,13.0827,80.2707
2025-06-05T06:00,29.4,80,35.7,0.0,0.0,2,61,4.6,211,13.0827,80.2707
2025-06-05T07:00,30.9,69,36.5,0.0,0.0,1,27,5.2,270,13.0827,80.2707
2025-06-05T08:00,33.1,46,34.5,0.0,0.0,1,22,15.8,294,13.0827,80.2707
2025-06-05T09:00,33.9,45,36.2,0.0,0.0,3,93,12.2,306,13.0827,80.2707
2025-06-05T10:00,35.0,43,39.2,0.0,0.0,3,96,7.7,327,13.0827,80.2707
2025-06-05T11:00,36.2,38,41.1,0.0,0.0,3,94,5.2,360,13.0827,80.2707
2025-06-05T12:00,37.0,35,41.9,0.0,0.0,3,90,4.1,29,13.0827,80.2707
2025-06-05T13:00,37.3,35,41.8,0.0,0.0,3,93,6.8,50,13.0827,80.2707
2025-06-05T14:00,36.8,36,40.5,0.0,0.0,3,99,7.7,69,13.0827,80.2707
2025-06-05T15:00,35.4,43,38.5,0.2,0.2,51,99,10.8,100,13.0827,80.2707
2025-06-05T16:00,33.6,50,36.5,0.1,0.1,51,99,13.7,104,13.0827,80.2707
2025-06-05T17:00,32.9,52,36.2,0.0,0.0,3,99,10.3,113,13.0827,80.2707
2025-06-05T18:00,31.7,62,36.2,0.0,0.0,1,49,9.0,100,13.0827,80.2707
2025-06-05T19:00,31.1,70,36.5,0.0,0.0,1,46,8.9,108,13.0827,80.2707
2025-06-05T20:00,30.7,75,36.5,0.0,0.0,1,41,9.2,138,13.0827,80.2707
2025-06-05T21:00,30.4,77,36.5,0.0,0.0,1,34,8.3,141,13.0827,80.2707
2025-06-05T22:00,30.2,79,36.4,0.0,0.0,1,33,8.0,121,13.0827,80.2707
2025-06-05T23:00,29.9,81,36.3,0.0,0.0,0,4,8.3,120,13.0827,80.2707
2025-06-06T00:00,29.7,83,36.2,0.0,0.0,0,8,7.9,156,13.0827,80.2707
2025-06-06T01:00,29.3,84,35.9,0.0,0.0,0,15,7.6,192,13.0827,80.2707
2025-06-06T02:00,28.9,86,35.2,0.0,0.0,0,12,9.8,215,13.0827,80.2707
2025-06-06T03:00,28.5,88,34.5,0.0,0.0,0,6,11.0,218,13.0827,80.2707
2025-06-06T04:00,28.4,88,34.3,0.0,0.0,0,10,10.9,207,13.0827,80.2707
2025-06-06T05:00,28.4,84,33.8,0.0,0.0,0,12,10.5,199,13.0827,80.2707
2025-06-06T06:00,29.8,71,34.4,0.0,0.0,0,11,10.2,212,13.0827,80.2707
2025-06-06T07:00,31.0,64,35.1,0.0,0.0,1,38,10.4,222,13.0827,80.2707
2025-06-06T08:00,32.7,54,36.2,0.0,0.0,2,53,10.8,217,13.0827,80.2707
2025-06-06T09:00,34.6,46,37.5,0.0,0.0,0,16,11.6,219,13.0827,80.2707
2025-06-06T10:00,36.2,39,39.9,0.0,0.0,1,20,9.1,240,13.0827,80.2707
2025-06-06T11:00,37.4,34,41.8,0.2,0.2,51,32,5.2,286,13.0827,80.2707
2025-06-06T12:00,37.9,33,43.3,0.1,0.1,51,31,1.4,67,13.0827,80.2707
2025-06-06T13:00,37.7,35,42.2,0.3,0.3,51,35,6.6,123,13.0827,80.2707
2025-06-06T14:00,36.1,46,40.9,0.7,0.7,53,49,11.1,140,13.0827,80.2707
2025-06-06T15:00,34.8,53,39.0,0.2,0.2,51,26,13.0,153,13.0827,80.2707
2025-06-06T16:00,34.5,50,38.0,0.1,0.1,51,13,12.3,153,13.0827,80.2707
2025-06-06T17:00,33.1,61,37.5,0.0,0.0,0,16,13.8,156,13.0827,80.2707
2025-06-06T18:00,31.6,76,37.6,0.0,0.0,0,15,12.4,149,13.0827,80.2707
2025-06-06T19:00,30.8,77,36.6,0.0,0.0,1,20,11.9,160,13.0827,80.2707
2025-06-06T20:00,30.5,80,36.8,0.0,0.0,0,10,11.0,161,13.0827,80.2707
2025-06-06T21:00,30.2,84,36.7,0.0,0.0,0,5,11.4,175,13.0827,80.2707
2025-06-06T22:00,30.1,82,36.5,0.0,0.0,1,28,9.6,196,13.0827,80.2707
2025-06-06T23:00,29.9,80,35.9,0.0,0.0,1,44,9.8,198,13.0827,80.2707
2025-06-07T00:00,29.7,79,35.2,0.0,0.0,3,99,11.4,193,13.0827,80.2707
2025-06-07T01:00,29.5,79,34.7,0.0,0.0,3,97,12.5,196,13.0827,80.2707
2025-06-07T02:00,29.2,80,34.2,0.0,0.0,3,99,13.9,203,13.0827,80.2707
2025-06-07T03:00,29.1,77,33.5,0.0,0.0,2,65,13.8,204,13.0827,80.2707
2025-06-07T04:00,28.9,72,32.6,0.0,0.0,2,50,13.2,206,13.0827,80.2707
2025-06-07T05:00,28.6,70,32.2,0.0,0.0,0,16,11.9,215,13.0827,80.2707
2025-06-07T06:00,29.0,70,32.9,0.0,0.0,1,44,11.4,211,13.0827,80.2707
2025-06-07T07:00,29.7,66,33.5,0.0,0.0,2,60,10.1,213,13.0827,80.2707
2025-06-07T08:00,31.8,60,35.9,0.0,0.0,2,75,8.5,243,13.0827,80.2707
2025-06-07T09:00,33.4,51,36.3,0.0,0.0,3,88,13.7,247,13.0827,80.2707
2025-06-07T10:00,35.2,44,38.7,0.0,0.0,1,33,13.4,263,13.0827,80.2707
2025-06-07T11:00,36.6,40,40.7,0.0,0.0,3,87,12.7,281,13.0827,80.2707
2025-06-07T12:00,37.7,37,42.3,0.0,0.0,3,100,10.1,295,13.0827,80.2707
2025-06-07T13:00,38.1,36,43.5,0.0,0.0,3,93,4.2,342,13.0827,80.2707
2025-06-07T14:00,37.9,37,42.7,0.0,0.0,3,97,3.6,87,13.0827,80.2707
2025-06-07T15:00,37.9,37,41.7,0.0,0.0,2,54,5.4,111,13.0827,80.2707
2025-06-07T16:00,35.4,51,39.9,1.0,1.0,55,30,9.0,116,13.0827,80.2707
2025-06-07T17:00,34.6,55,39.6,0.0,0.0,2,72,7.0,136,13.0827,80.2707
2025-06-07T18:00,34.9,54,40.8,0.0,0.0,3,100,2.7,200,13.0827,80.2707
2025-06-07T19:00,33.9,59,40.3,0.0,0.0,1,37,0.5,225,13.0827,80.2707
2025-06-07T20:00,32.8,56,37.7,0.0,0.0,2,62,3.9,167,13.0827,80.2707
2025-06-07T21:00,31.8,65,36.8,0.0,0.0,3,96,8.8,192,13.0827,80.2707
2025-06-07T22:00,31.0,69,36.0,0.0,0.0,1,22,10.0,200,13.0827,80.2707
2025-06-07T23:00,30.4,73,35.4,0.0,0.0,3,81,12.5,198,13.0827,80.2707
2025-06-08T00:00,30.1,75,35.3,0.0,0.0,3,92,10.7,210,13.0827,80.2707
2025-06-08T01:00,29.8,74,34.5,0.0,0.0,3,100,12.2,213,13.0827,80.2707
2025-06-08T02:00,29.6,67,33.3,0.0,0.0,3,100,11.6,222,13.0827,80.2707
2025-06-08T03:00,29.4,60,32.1,0.0,0.0,3,99,11.0,238,13.0827,80.2707
2025-06-08T04:00,29.0,60,31.4,0.0,0.0,3,96,11.8,232,13.0827,80.2707
2025-06-08T05:00,28.8,61,31.4,0.0,0.0,1,39,10.6,236,13.0827,80.2707
2025-06-08T06:00,29.7,66,33.2,0.0,0.0,0,12,11.4,252,13.0827,80.2707
2025-06-08T07:00,31.0,60,35.0,0.0,0.0,0,18,7.1,260,13.0827,80.2707
2025-06-08T08:00,32.9,53,36.7,0.0,0.0,1,48,7.7,281,13.0827,80.2707
2025-06-08T09:00,34.5,48,37.9,0.0,0.0,3,89,10.3,303,13.0827,80.2707
2025-06-08T10:00,35.6,44,39.7,0.0,0.0,3,100,9.0,316,13.0827,80.2707
2025-06-08T11:00,36.7,41,41.5,0.0,0.0,3,96,8.0,326,13.0827,80.2707
2025-06-08T12:00,37.8,39,43.5,0.0,0.0,0,11,5.8,2,13.0827,80.2707
2025-06-08T13:00,38.0,38,43.6,0.0,0.0,1,38,5.6,50,13.0827,80.2707
2025-06-08T14:00,36.4,43,41.0,0.0,0.0,3,98,7.5,110,13.0827,80.2707
2025-06-08T15:00,33.5,59,38.4,0.9,0.9,53,96,8.8,192,13.0827,80.2707
2025-06-08T16:00,33.8,55,38.6,0.0,0.0,2,66,7.0,198,13.0827,80.2707
2025-06-08T17:00,32.0,62,36.4,1.4,1.4,61,97,10.9,248,13.0827,80.2707
2025-06-08T18:00,31.8,69,37.5,0.0,0.0,3,100,8.6,172,13.0827,80.2707
2025-06-08T19:00,31.0,76,37.6,0.0,0.0,3,100,6.7,172,13.0827,80.2707
2025-06-08T20:00,30.9,74,36.9,0.0,0.0,3,100,7.2,194,13.0827,80.2707
2025-06-08T21:00,30.6,71,36.0,0.0,0.0,3,100,8.4,189,13.0827,80.2707
2025-06-08T22:00,30.2,74,35.3,0.0,0.0,3,100,10.2,197,13.0827,80.2707
2025-06-08T23:00,29.8,75,34.8,0.0,0.0,3,100,11.6,210,13.0827,80.2707
2025-06-09T00:00,29.3,72,33.5,0.0,0.0,3,99,11.7,233,13.0827,80.2707
2025-06-09T01:00,28.9,66,31.9,0.0,0.0,3,100,12.9,227,13.0827,80.2707
2025-06-09T02:00,28.7,65,31.3,0.0,0.0,3,100,14.0,233,13.0827,80.2707
2025-06-09T03:00,28.6,65,31.1,0.0,0.0,3,100,14.1,235,13.0827,80.2707
2025-06-09T04:00,28.5,63,30.8,0.0,0.0,3,100,13.6,239,13.0827,80.2707
2025-06-09T05:00,28.3,64,30.8,0.0,0.0,3,100,11.8,245,13.0827,80.2707
2025-06-09T06:00,27.9,72,30.9,0.0,0.0,0,14,14.1,274,13.0827,80.2707
2025-06-09T07:00,29.0,70,32.6,0.0,0.0,2,50,12.5,266,13.0827,80.2707
2025-06-09T08:00,30.3,66,33.9,0.0,0.0,3,84,13.5,257,13.0827,80.2707
2025-06-09T09:00,31.8,60,35.5,0.0,0.0,3,100,12.6,266,13.0827,80.2707
2025-06-09T10:00,33.1,57,37.0,0.0,0.0,3,99,11.9,266,13.0827,80.2707
2025-06-09T11:00,35.4,48,39.9,0.0,0.0,3,100,9.7,270,13.0827,80.2707
2025-06-09T12:00,37.2,41,42.6,0.0,0.0,3,92,8.0,295,13.0827,80.2707
2025-06-09T13:00,37.0,42,42.8,0.0,0.0,3,94,6.6,35,13.0827,80.2707
2025-06-09T14:00,34.8,51,41.0,1.4,1.4,61,99,3.8,93,13.0827,80.2707
2025-06-09T15:00,29.9,72,35.7,4.7,4.7,63,100,3.5,159,13.0827,80.2707
2025-06-09T16:00,31.9,65,37.7,0.1,0.1,51,93,3.6,210,13.0827,80.2707
2025-06-09T17:00,32.3,66,38.6,0.0,0.0,3,97,4.1,214,13.0827,80.2707
2025-06-09T18:00,30.5,79,37.4,0.0,0.0,3,100,5.0,206,13.0827,80.2707
2025-06-09T19:00,30.2,78,36.0,0.0,0.0,3,100,9.6,221,13.0827,80.2707
2025-06-09T20:00,29.9,72,34.8,0.0,0.0,3,100,9.2,230,13.0827,80.2707
2025-06-09T21:00,29.4,71,34.0,0.0,0.0,3,100,8.3,221,13.0827,80.2707
2025-06-09T22:00,29.0,72,33.6,0.0,0.0,3,100,8.2,237,13.0827,80.2707
2025-06-09T23:00,28.7,73,32.8,0.0,0.0,3,100,10.5,233,13.0827,80.2707
2025-06-10T00:00,28.2,73,31.9,0.0,0.0,3,83,12.0,237,13.0827,80.2707
2025-06-10T01:00,28.1,74,31.6,0.0,0.0,2,60,12.7,245,13.0827,80.2707
2025-06-10T02:00,28.1,74,31.6,0.0,0.0,0,14,13.5,243,13.0827,80.2707
2025-06-10T03:00,27.8,75,31.4,0.0,0.0,3,92,13.1,243,13.0827,80.2707
2025-06-10T04:00,27.6,76,31.2,0.0,0.0,1,24,12.2,246,13.0827,80.2707
2025-06-10T05:00,27.4,75,31.1,0.0,0.0,0,15,10.4,247,13.0827,80.2707
2025-06-10T06:00,28.2,74,31.9,0.0,0.0,3,100,13.0,248,13.0827,80.2707
2025-06-10T07:00,29.4,70,33.6,0.0,0.0,3,100,10.8,249,13.0827,80.2707
2025-06-10T08:00,31.1,63,34.8,0.0,0.0,3,94,12.7,255,13.0827,80.2707
2025-06-10T09:00,32.8,57,36.7,0.0,0.0,2,58,12.3,260,13.0827,80.2707
2025-06-10T10:00,34.4,52,39.4,0.0,0.0,3,100,11.9,274,13.0827,80.2707
2025-06-10T11:00,35.9,47,41.4,0.0,0.0,3,99,10.7,290,13.0827,80.2707
2025-06-10T12:00,37.0,44,43.4,0.0,0.0,3,100,6.9,295,13.0827,80.2707
2025-06-10T13:00,36.8,45,44.1,0.0,0.0,3,97,1.5,60,13.0827,80.2707
2025-06-10T14:00,34.4,58,40.4,0.2,0.2,51,100,10.3,103,13.0827,80.2707
2025-06-10T15:00,33.7,60,39.0,0.0,0.0,3,100,8.3,141,13.0827,80.2707
2025-06-10T16:00,32.9,63,37.8,0.0,0.0,3,100,11.7,146,13.0827,80.2707
2025-06-10T17:00,30.8,69,34.8,0.0,0.0,3,100,15.3,220,13.0827,80.2707
2025-06-10T18:00,29.6,73,33.9,0.1,0.1,51,100,13.1,207,13.0827,80.2707
2025-06-10T19:00,28.8,76,33.2,0.0,0.0,3,100,11.5,211,13.0827,80.2707
2025-06-10T20:00,28.8,75,33.4,0.0,0.0,3,100,10.0,219,13.0827,80.2707
2025-06-10T21:00,28.6,76,33.0,0.0,0.0,3,100,10.7,220,13.0827,80.2707
2025-06-10T22:00,28.3,77,32.1,0.0,0.0,3,100,14.2,230,13.0827,80.2707
2025-06-10T23:00,28.2,75,31.8,0.0,0.0,3,100,14.1,233,13.0827,80.2707
2025-06-11T00:00,28.0,74,31.2,0.0,0.0,3,91,14.5,236,13.0827,80.2707
2025-06-11T01:00,28.0,72,30.9,0.0,0.0,3,98,14.9,248,13.0827,80.2707
2025-06-11T02:00,27.7,71,30.1,0.0,0.0,3,100,16.4,255,13.0827,80.2707
2025-06-11T03:00,27.5,71,30.1,0.0,0.0,3,100,15.1,261,13.0827,80.2707
2025-06-11T04:00,27.4,72,30.4,0.0,0.0,3,100,12.5,255,13.0827,80.2707
2025-06-11T05:00,27.0,75,30.4,0.0,0.0,3,100,11.1,245,13.0827,80.2707
2025-06-11T06:00,28.1,74,32.3,0.0,0.0,3,100,8.6,241,13.0827,80.2707
2025-06-11T07:00,29.1,73,33.5,0.0,0.0,3,100,10.0,236,13.0827,80.2707
2025-06-11T08:00,30.6,66,34.9,0.0,0.0,3,100,10.9,241,13.0827,80.2707
2025-06-11T09:00,32.2,59,36.2,0.0,0.0,3,95,11.3,253,13.0827,80.2707
2025-06-11T10:00,33.8,54,38.8,0.0,0.0,3,89,11.2,266,13.0827,80.2707
2025-06-11T11:00,35.2,50,41.0,0.0,0.0,3,95,10.7,277,13.0827,80.2707
2025-06-11T12:00,36.0,47,42.1,0.0,0.0,3,100,8.3,288,13.0827,80.2707
2025-06-11T13:00,32.6,56,37.0,0.5,0.5,53,100,6.0,355,13.0827,80.2707
2025-06-11T14:00,30.9,65,35.0,0.7,0.7,53,100,11.5,190,13.0827,80.2707
2025-06-11T15:00,30.2,69,34.5,0.0,0.0,3,100,11.5,357,13.0827,80.2707
2025-06-11T16:00,29.9,70,35.4,0.0,0.0,3,100,3.3,13,13.0827,80.2707
2025-06-11T17:00,30.2,70,36.1,0.0,0.0,3,100,1.9,163,13.0827,80.2707
2025-06-11T18:00,29.9,76,35.7,0.0,0.0,3,100,7.1,159,13.0827,80.2707
2025-06-11T19:00,29.0,85,35.0,0.1,0.1,51,100,10.4,135,13.0827,80.2707
2025-06-11T20:00,28.5,86,34.7,0.0,0.0,3,100,7.6,152,13.0827,80.2707
2025-06-11T21:00,28.2,84,34.0,0.0,0.0,3,100,6.5,178,13.0827,80.2707
2025-06-11T22:00,26.4,84,29.9,4.9,4.9,63,100,14.7,239,13.0827,80.2707
2025-06-11T23:00,25.7,89,29.4,1.6,1.6,61,95,15.3,207,13.0827,80.2707
2025-06-12T00:00,25.7,91,30.3,0.5,0.5,53,98,10.3,232,13.0827,80.2707
2025-06-12T01:00,25.6,88,29.6,0.0,0.0,3,100,12.1,218,13.0827,80.2707
2025-06-12T02:00,25.6,86,29.2,0.0,0.0,3,100,12.7,213,13.0827,80.2707
2025-06-12T03:00,25.9,84,29.8,0.0,0.0,3,99,11.4,213,13.0827,80.2707
2025-06-12T04:00,26.0,85,30.0,0.0,0.0,3,94,10.6,223,13.0827,80.2707
2025-06-12T05:00,26.1,83,30.1,0.0,0.0,3,96,10.3,239,13.0827,80.2707
2025-06-12T06:00,28.0,79,32.4,0.0,0.0,3,100,11.4,232,13.0827,80.2707
2025-06-12T07:00,29.0,74,33.5,0.0,0.0,3,100,10.6,238,13.0827,80.2707
2025-06-12T08:00,29.7,71,34.1,0.0,0.0,3,100,10.5,239,13.0827,80.2707
2025-06-12T09:00,31.4,62,35.4,0.0,0.0,3,96,11.0,249,13.0827,80.2707
2025-06-12T10:00,33.2,54,37.7,0.0,0.0,3,99,10.0,262,13.0827,80.2707
2025-06-12T11:00,34.5,48,39.7,0.0,0.0,3,86,9.4,271,13.0827,80.2707
2025-06-12T12:00,35.4,45,41.0,0.0,0.0,2,60,7.9,271,13.0827,80.2707
2025-06-12T13:00,35.9,42,41.5,0.0,0.0,3,89,5.2,176,13.0827,80.2707
2025-06-12T14:00,33.7,58,38.7,0.5,0.5,53,98,14.2,144,13.0827,80.2707
2025-06-12T15:00,32.4,72,38.1,1.7,1.7,61,99,16.2,145,13.0827,80.2707
2025-06-12T16:00,31.8,67,35.6,0.1,0.1,51,100,19.7,162,13.0827,80.2707
2025-06-12T17:00,30.7,72,35.0,0.1,0.1,51,99,16.2,163,13.0827,80.2707
2025-06-12T18:00,30.3,72,35.7,0.0,0.0,3,100,6.9,203,13.0827,80.2707
2025-06-12T19:00,29.7,79,35.8,0.0,0.0,3,98,6.4,202,13.0827,80.2707
2025-06-12T20:00,29.8,75,35.1,0.0,0.0,2,77,8.8,197,13.0827,80.2707
2025-06-12T21:00,28.9,81,34.0,0.0,0.0,3,86,12.8,196,13.0827,80.2707
2025-06-12T22:00,28.4,85,34.2,0.1,0.1,51,100,8.2,209,13.0827,80.2707
2025-06-12T23:00,28.8,80,33.7,0.0,0.0,2,72,12.8,194,13.0827,80.2707
2025-06-13T00:00,28.6,77,32.8,0.0,0.0,2,66,13.4,207,13.0827,80.2707
2025-06-13T01:00,28.3,80,33.1,0.0,0.0,3,99,11.0,204,13.0827,80.2707
2025-06-13T02:00,28.1,82,33.3,0.0,0.0,3,100,9.5,213,13.0827,80.2707
2025-06-13T03:00,27.6,82,32.4,0.0,0.0,3,100,9.7,235,13.0827,80.2707
2025-06-13T04:00,27.2,82,32.0,0.0,0.0,2,66,8.4,233,13.0827,80.2707
2025-06-13T05:00,26.9,83,31.6,0.0,0.0,1,35,7.7,231,13.0827,80.2707
2025-06-13T06:00,27.7,80,32.8,0.0,0.0,3,100,6.7,214,13.0827,80.2707
2025-06-13T07:00,29.0,73,33.8,0.0,0.0,2,70,7.1,225,13.0827,80.2707
2025-06-13T08:00,30.6,64,34.8,0.0,0.0,3,91,8.1,227,13.0827,80.2707
2025-06-13T09:00,32.1,56,36.1,0.0,0.0,3,97,8.9,227,13.0827,80.2707
2025-06-13T10:00,33.7,51,38.4,0.0,0.0,3,93,9.7,225,13.0827,80.2707
2025-06-13T11:00,35.1,45,39.9,0.0,0.0,3,88,11.0,228,13.0827,80.2707
2025-06-13T12:00,35.7,43,40.4,0.2,0.2,51,42,11.6,206,13.0827,80.2707
2025-06-13T13:00,34.1,52,38.6,0.4,0.4,51,51,14.4,178,13.0827,80.2707
2025-06-13T14:00,32.6,66,38.3,2.4,2.4,61,46,15.7,171,13.0827,80.2707
2025-06-13T15:00,31.7,70,36.4,0.5,0.5,53,96,16.3,172,13.0827,80.2707
2025-06-13T16:00,32.1,68,37.0,0.1,0.1,51,33,14.1,169,13.0827,80.2707
2025-06-13T17:00,31.8,69,37.4,0.0,0.0,2,61,10.1,199,13.0827,80.2707
2025-06-13T18:00,31.7,65,36.1,0.0,0.0,3,96,12.5,188,13.0827,80.2707
2025-06-13T19:00,30.8,70,35.2,0.0,0.0,1,30,14.2,179,13.0827,80.2707
2025-06-13T20:00,30.3,74,35.1,0.0,0.0,3,82,13.7,182,13.0827,80.2707
2025-06-13T21:00,30.0,78,35.9,0.0,0.0,3,92,9.3,205,13.0827,80.2707
2025-06-13T22:00,29.5,82,35.5,0.0,0.0,3,100,9.4,198,13.0827,80.2707
2025-06-13T23:00,29.3,79,34.7,0.0,0.0,3,98,10.4,203,13.0827,80.2707
2025-06-14T00:00,29.0,76,33.7,0.0,0.0,3,100,11.2,202,13.0827,80.2707
2025-06-14T01:00,28.5,76,33.1,0.0,0.0,3,100,10.1,213,13.0827,80.2707
2025-06-14T02:00,28.1,78,32.7,0.0,0.0,3,99,9.6,218,13.0827,80.2707
2025-06-14T03:00,27.8,79,32.3,0.0,0.0,3,100,10.1,221,13.0827,80.2707
2025-06-14T04:00,27.6,80,32.0,0.0,0.0,3,100,11.2,222,13.0827,80.2707
2025-06-14T05:00,27.6,79,31.7,0.0,0.0,3,85,11.6,233,13.0827,80.2707
2025-06-14T06:00,27.5,78,31.5,0.0,0.0,2,75,11.8,234,13.0827,80.2707
2025-06-14T07:00,28.6,76,33.3,0.0,0.0,3,95,9.3,236,13.0827,80.2707
2025-06-14T08:00,30.3,70,35.2,0.0,0.0,3,95,8.1,233,13.0827,80.2707
2025-06-14T09:00,31.7,61,36.0,0.0,0.0,3,99,9.5,241,13.0827,80.2707
2025-06-14T10:00,33.0,56,38.3,0.0,0.0,3,100,7.3,230,13.0827,80.2707
2025-06-14T11:00,34.1,52,39.4,0.0,0.0,3,98,9.7,220,13.0827,80.2707
2025-06-14T12:00,34.8,47,39.2,0.1,0.1,51,100,12.0,237,13.0827,80.2707
2025-06-14T13:00,35.3,46,40.1,0.1,0.1,51,100,10.0,221,13.0827,80.2707
2025-06-14T14:00,35.0,48,39.5,0.0,0.0,3,100,12.1,186,13.0827,80.2707
2025-06-14T15:00,33.1,65,37.7,0.3,0.3,51,100,17.3,168,13.0827,80.2707
2025-06-14T16:00,31.3,71,36.5,1.8,1.8,61,91,11.9,207,13.0827,80.2707
2025-06-14T17:00,32.0,64,36.4,0.1,0.1,51,100,13.5,188,13.0827,80.2707
2025-06-14T18:00,30.3,75,35.0,0.1,0.1,51,100,14.7,199,13.0827,80.2707
2025-06-14T19:00,30.0,75,35.1,0.0,0.0,3,100,11.9,203,13.0827,80.2707
2025-06-14T20:00,30.0,74,34.6,0.0,0.0,3,90,13.8,189,13.0827,80.2707
2025-06-14T21:00,29.5,77,34.1,0.0,0.0,3,96,14.3,197,13.0827,80.2707
2025-06-14T22:00,29.1,78,34.0,0.0,0.0,3,97,12.2,211,13.0827,80.2707
2025-06-14T23:00,28.8,79,33.9,0.0,0.0,3,99,9.8,215,13.0827,80.2707
2025-06-15T00:00,28.4,80,33.6,0.0,0.0,3,100,8.8,221,13.0827,80.2707
2025-06-15T01:00,28.1,80,33.0,0.0,0.0,3,100,9.1,229,13.0827,80.2707
2025-06-15T02:00,28.1,77,32.1,0.0,0.0,3,100,12.3,236,13.0827,80.2707
2025-06-15T03:00,28.2,71,31.4,0.0,0.0,3,100,12.9,235,13.0827,80.2707
2025-06-15T04:00,27.7,74,31.4,0.0,0.0,3,100,10.5,221,13.0827,80.2707
2025-06-15T05:00,27.4,75,31.1,0.0,0.0,3,100,10.5,204,13.0827,80.2707
2025-06-15T06:00,28.2,67,30.8,0.0,0.0,3,100,13.6,214,13.0827,80.2707
2025-06-15T07:00,28.1,71,31.4,0.0,0.0,3,100,12.2,204,13.0827,80.2707
2025-06-15T08:00,29.0,68,32.6,0.0,0.0,3,100,10.8,206,13.0827,80.2707
2025-06-15T09:00,30.5,62,34.2,0.0,0.0,3,100,10.1,207,13.0827,80.2707
2025-06-15T10:00,32.0,56,35.4,0.0,0.0,3,100,11.5,205,13.0827,80.2707
2025-06-15T11:00,32.1,55,34.9,0.0,0.0,3,100,13.8,212,13.0827,80.2707
2025-06-15T12:00,32.9,53,35.8,0.0,0.0,2,78,14.8,225,13.0827,80.2707
2025-06-15T13:00,34.6,47,37.9,0.0,0.0,3,86,19.0,233,13.0827,80.2707
2025-06-15T14:00,34.4,48,36.8,0.0,0.0,3,100,19.3,228,13.0827,80.2707
2025-06-15T15:00,34.1,48,35.9,0.0,0.0,3,100,19.0,235,13.0827,80.2707
2025-06-15T16:00,33.7,50,36.1,0.0,0.0,3,100,15.9,226,13.0827,80.2707
2025-06-15T17:00,33.3,51,36.2,0.0,0.0,3,100,13.4,220,13.0827,80.2707
2025-06-15T18:00,31.5,60,34.8,0.0,0.0,3,100,13.6,195,13.0827,80.2707
2025-06-15T19:00,31.1,64,35.2,0.0,0.0,3,100,11.4,213,13.0827,80.2707
2025-06-15T20:00,29.8,70,34.7,0.0,0.0,3,100,6.9,194,13.0827,80.2707
2025-06-15T21:00,29.4,76,35.1,0.0,0.0,3,100,5.4,220,13.0827,80.2707
2025-06-15T22:00,29.5,73,34.5,0.0,0.0,3,100,8.1,246,13.0827,80.2707
2025-06-15T23:00,29.4,72,33.8,0.0,0.0,2,73,10.3,257,13.0827,80.2707
2025-06-16T00:00,29.1,67,32.4,0.0,0.0,3,82,12.6,250,13.0827,80.2707
2025-06-16T01:00,28.6,67,31.7,0.0,0.0,3,99,11.8,234,13.0827,80.2707
2025-06-16T02:00,28.1,67,31.0,0.0,0.0,3,99,11.5,226,13.0827,80.2707
2025-06-16T03:00,27.8,66,30.3,0.0,0.0,3,94,12.3,219,13.0827,80.2707
2025-06-16T04:00,27.4,71,30.2,0.0,0.0,3,100,12.9,212,13.0827,80.2707
2025-06-16T05:00,26.8,76,30.0,0.0,0.0,3,98,12.6,211,13.0827,80.2707
2025-06-16T06:00,27.9,71,31.1,0.0,0.0,3,100,12.3,210,13.0827,80.2707
2025-06-16T07:00,28.4,69,31.6,0.0,0.0,3,100,12.5,203,13.0827,80.2707
2025-06-16T08:00,29.7,64,32.7,0.0,0.0,3,100,12.8,211,13.0827,80.2707
2025-06-16T09:00,31.3,57,34.0,0.0,0.0,3,100,14.1,214,13.0827,80.2707
2025-06-16T10:00,32.8,51,35.3,0.0,0.0,3,100,15.9,226,13.0827,80.2707
2025-06-16T11:00,34.4,46,36.5,0.0,0.0,3,100,20.2,247,13.0827,80.2707
2025-06-16T12:00,34.6,45,36.0,0.0,0.0,3,100,24.6,256,13.0827,80.2707
2025-06-16T13:00,34.6,45,35.6,0.0,0.0,3,100,22.8,246,13.0827,80.2707
2025-06-16T14:00,33.9,48,35.6,0.0,0.0,3,100,19.2,238,13.0827,80.2707
2025-06-16T15:00,34.4,46,36.2,0.0,0.0,3,100,17.6,224,13.0827,80.2707
2025-06-16T16:00,34.3,46,35.9,0.0,0.0,3,100,18.9,220,13.0827,80.2707
2025-06-16T17:00,33.8,48,35.5,0.0,0.0,3,100,18.6,219,13.0827,80.2707
2025-06-16T18:00,33.1,50,35.1,0.0,0.0,3,100,17.3,216,13.0827,80.2707
2025-06-16T19:00,32.7,51,34.8,0.0,0.0,3,100,16.4,213,13.0827,80.2707
2025-06-16T20:00,32.1,53,34.2,0.0,0.0,3,100,16.1,210,13.0827,80.2707
2025-06-16T21:00,31.5,55,33.5,0.0,0.0,3,100,16.8,213,13.0827,80.2707
2025-06-16T22:00,31.2,56,33.3,0.0,0.0,3,100,16.5,219,13.0827,80.2707
2025-06-16T23:00,30.6,58,33.1,0.0,0.0,3,100,13.8,233,13.0827,80.2707
2025-06-17T00:00,29.9,60,32.6,0.0,0.0,3,100,12.4,244,13.0827,80.2707
2025-06-17T01:00,29.5,61,32.1,0.0,0.0,3,100,12.3,248,13.0827,80.2707
2025-06-17T02:00,29.2,62,31.8,0.0,0.0,3,100,12.2,245,13.0827,80.2707
2025-06-17T03:00,28.9,63,31.4,0.0,0.0,3,97,13.2,240,13.0827,80.2707
2025-06-17T04:00,28.3,65,31.2,0.0,0.0,3,100,10.4,226,13.0827,80.2707
2025-06-17T05:00,27.9,66,30.7,0.0,0.0,3,100,11.0,222,13.0827,80.2707
2025-06-17T06:00,29.0,60,31.5,0.0,0.0,3,100,11.5,220,13.0827,80.2707
2025-06-17T07:00,30.3,56,32.6,0.0,0.0,3,100,12.7,224,13.0827,80.2707
2025-06-17T08:00,30.3,57,32.4,0.0,0.0,3,100,15.4,226,13.0827,80.2707
2025-06-17T09:00,31.9,53,34.2,0.0,0.0,3,100,14.0,226,13.0827,80.2707
2025-06-17T10:00,33.1,50,35.5,0.0,0.0,3,100,14.0,242,13.0827,80.2707
2025-06-17T11:00,34.8,45,37.4,0.0,0.0,3,100,16.5,250,13.0827,80.2707
2025-06-17T12:00,36.5,39,39.2,0.0,0.0,3,100,17.7,251,13.0827,80.2707
2025-06-17T13:00,37.1,37,39.6,0.0,0.0,3,100,17.7,255,13.0827,80.2707
2025-06-17T14:00,36.9,38,39.0,0.0,0.0,3,100,16.2,260,13.0827,80.2707
2025-06-17T15:00,35.5,43,37.2,0.2,0.2,51,100,18.7,263,13.0827,80.2707
2025-06-17T16:00,35.5,43,37.9,0.0,0.0,3,100,13.0,248,13.0827,80.2707
2025-06-17T17:00,35.2,42,37.2,0.0,0.0,3,100,14.6,238,13.0827,80.2707
2025-06-17T18:00,34.3,46,36.8,0.0,0.0,3,100,13.0,236,13.0827,80.2707
2025-06-17T19:00,33.2,52,36.1,0.0,0.0,3,100,13.5,223,13.0827,80.2707
2025-06-17T20:00,32.4,55,35.2,0.0,0.0,3,100,15.5,225,13.0827,80.2707
2025-06-17T21:00,32.1,56,34.8,0.0,0.0,3,100,16.2,225,13.0827,80.2707
2025-06-17T22:00,31.5,58,34.4,0.0,0.0,3,96,14.8,234,13.0827,80.2707
2025-06-17T23:00,31.0,59,34.0,0.0,0.0,2,75,13.1,241,13.0827,80.2707
2025-06-18T00:00,30.6,60,33.5,0.0,0.0,2,70,13.9,246,13.0827,80.2707
2025-06-18T01:00,30.1,62,32.9,0.0,0.0,3,80,14.4,257,13.0827,80.2707
2025-06-18T02:00,29.5,63,32.0,0.0,0.0,3,100,15.3,254,13.0827,80.2707
2025-06-18T03:00,29.0,64,31.5,0.0,0.0,2,74,13.8,254,13.0827,80.2707
2025-06-18T04:00,28.5,65,31.0,0.0,0.0,3,92,14.0,252,13.0827,80.2707
2025-06-18T05:00,28.3,66,30.8,0.0,0.0,3,99,13.8,255,13.0827,80.2707
2025-06-18T06:00,29.4,62,31.7,0.0,0.0,3,99,15.0,253,13.0827,80.2707
2025-06-18T07:00,30.5,58,32.9,0.0,0.0,3,98,14.1,255,13.0827,80.2707
2025-06-18T08:00,32.0,53,34.3,0.0,0.0,3,99,14.5,256,13.0827,80.2707
2025-06-18T09:00,33.7,47,36.0,0.0,0.0,3,100,14.7,255,13.0827,80.2707
2025-06-18T10:00,35.1,43,38.1,0.0,0.0,3,100,14.0,255,13.0827,80.2707
2025-06-18T11:00,36.6,40,40.3,0.0,0.0,3,100,13.8,258,13.0827,80.2707
2025-06-18T12:00,37.4,38,41.2,0.0,0.0,3,99,14.2,255,13.0827,80.2707
2025-06-18T13:00,37.5,37,41.0,0.0,0.0,3,100,12.4,239,13.0827,80.2707
2025-06-18T14:00,37.6,38,41.1,0.0,0.0,3,100,12.2,202,13.0827,80.2707
2025-06-18T15:00,37.2,39,39.9,0.1,0.1,51,100,13.6,200,13.0827,80.2707
2025-06-18T16:00,34.5,53,38.1,0.2,0.2,51,100,14.7,186,13.0827,80.2707
2025-06-18T17:00,33.2,59,37.1,0.0,0.0,3,100,15.1,178,13.0827,80.2707
2025-06-18T18:00,32.0,62,35.2,0.0,0.0,3,96,18.3,170,13.0827,80.2707
2025-06-18T19:00,31.0,69,34.5,0.0,0.0,3,100,20.0,177,13.0827,80.2707
2025-06-18T20:00,30.4,79,35.8,0.0,0.0,3,100,15.9,183,13.0827,80.2707
2025-06-18T21:00,30.2,79,35.4,0.0,0.0,3,100,15.8,188,13.0827,80.2707
2025-06-18T22:00,30.2,77,35.5,0.0,0.0,3,100,13.2,191,13.0827,80.2707
2025-06-18T23:00,30.4,70,34.5,0.0,0.0,3,100,14.4,209,13.0827,80.2707
2025-06-19T00:00,30.2,64,33.2,0.0,0.0,3,100,14.6,214,13.0827,80.2707
2025-06-19T01:00,29.7,66,32.9,0.0,0.0,3,100,13.6,223,13.0827,80.2707
2025-06-19T02:00,29.5,66,32.9,0.0,0.0,3,100,12.2,233,13.0827,80.2707
2025-06-19T03:00,29.2,67,32.7,0.0,0.0,3,100,11.6,234,13.0827,80.2707
2025-06-19T04:00,29.1,66,32.2,0.0,0.0,3,100,13.2,238,13.0827,80.2707
2025-06-19T05:00,29.0,64,31.6,0.0,0.0,3,100,13.9,243,13.0827,80.2707
2025-06-19T06:00,29.5,64,32.5,0.0,0.0,3,100,12.6,243,13.0827,80.2707
2025-06-19T07:00,30.5,61,33.3,0.0,0.0,3,100,13.9,240,13.0827,80.2707
2025-06-19T08:00,31.8,56,34.3,0.0,0.0,3,100,15.8,249,13.0827,80.2707
2025-06-19T09:00,33.1,51,35.4,0.0,0.0,3,100,16.0,246,13.0827,80.2707
2025-06-19T10:00,34.5,47,37.3,0.0,0.0,3,100,15.5,243,13.0827,80.2707
2025-06-19T11:00,35.8,42,39.0,0.0,0.0,3,100,14.6,244,13.0827,80.2707
2025-06-19T12:00,37.2,38,40.7,0.0,0.0,3,100,13.2,244,13.0827,80.2707
2025-06-19T13:00,37.4,38,41.0,0.0,0.0,3,100,11.9,231,13.0827,80.2707
2025-06-19T14:00,37.3,39,40.7,0.0,0.0,3,100,10.0,216,13.0827,80.2707
2025-06-19T15:00,36.8,41,39.5,0.0,0.0,3,100,11.9,183,13.0827,80.2707
2025-06-19T16:00,33.9,61,38.4,0.4,0.4,51,100,17.1,172,13.0827,80.2707
2025-06-19T17:00,34.8,49,37.7,0.1,0.1,51,100,15.1,192,13.0827,80.2707
2025-06-19T18:00,32.8,67,38.1,0.0,0.0,3,100,13.3,171,13.0827,80.2707
2025-06-19T19:00,31.4,73,36.6,0.0,0.0,3,97,14.0,167,13.0827,80.2707
2025-06-19T20:00,30.7,76,35.9,0.0,0.0,3,100,15.3,180,13.0827,80.2707
2025-06-19T21:00,30.6,77,35.5,0.0,0.0,3,90,17.1,189,13.0827,80.2707
2025-06-19T22:00,30.1,78,34.5,0.0,0.0,3,98,19.2,191,13.0827,80.2707
2025-06-19T23:00,29.8,74,34.2,0.0,0.0,3,98,14.4,198,13.0827,80.2707
2025-06-20T00:00,29.2,75,33.1,0.0,0.0,3,100,16.2,212,13.0827,80.2707
2025-06-20T01:00,29.0,74,32.9,0.0,0.0,1,49,14.3,221,13.0827,80.2707
2025-06-20T02:00,28.7,73,32.5,0.0,0.0,3,99,13.4,219,13.0827,80.2707
2025-06-20T03:00,28.3,73,32.0,0.0,0.0,3,100,12.9,230,13.0827,80.2707
2025-06-20T04:00,28.1,73,31.7,0.0,0.0,3,100,12.2,233,13.0827,80.2707
2025-06-20T05:00,28.1,68,31.1,0.0,0.0,3,80,11.8,246,13.0827,80.2707
2025-06-20T06:00,29.6,62,32.3,0.0,0.0,3,92,13.3,252,13.0827,80.2707
2025-06-20T07:00,30.7,57,33.2,0.0,0.0,3,93,12.9,257,13.0827,80.2707
2025-06-20T08:00,32.0,53,34.5,0.0,0.0,3,90,13.2,264,13.0827,80.2707
2025-06-20T09:00,33.9,47,36.4,0.0,0.0,3,98,13.0,264,13.0827,80.2707
2025-06-20T10:00,35.7,41,38.8,0.0,0.0,3,100,13.3,268,13.0827,80.2707
2025-06-20T11:00,37.0,36,40.1,0.0,0.0,3,100,13.4,276,13.0827,80.2707
2025-06-20T12:00,38.0,32,40.6,0.0,0.0,3,100,13.7,280,13.0827,80.2707
2025-06-20T13:00,38.8,30,41.6,0.0,0.0,3,100,10.5,273,13.0827,80.2707
2025-06-20T14:00,38.4,30,41.0,0.0,0.0,3,98,7.1,210,13.0827,80.2707
2025-06-20T15:00,38.0,32,39.7,0.1,0.1,51,61,8.4,203,13.0827,80.2707
2025-06-20T16:00,37.3,35,39.2,0.0,0.0,3,92,10.3,169,13.0827,80.2707
2025-06-20T17:00,33.5,55,36.6,0.4,0.4,51,99,17.7,165,13.0827,80.2707
2025-06-20T18:00,32.7,55,35.3,0.1,0.1,51,91,16.9,163,13.0827,80.2707
2025-06-20T19:00,31.6,69,36.3,0.0,0.0,3,100,13.9,169,13.0827,80.2707
2025-06-20T20:00,31.0,75,37.2,0.0,0.0,3,100,9.0,178,13.0827,80.2707
2025-06-20T21:00,30.8,77,37.0,0.0,0.0,3,99,9.4,206,13.0827,80.2707
2025-06-20T22:00,30.5,68,34.3,0.0,0.0,3,96,15.4,215,13.0827,80.2707
2025-06-20T23:00,30.3,66,34.2,0.0,0.0,1,46,11.6,215,13.0827,80.2707
2025-06-21T00:00,29.9,69,34.0,0.0,0.0,1,39,11.8,244,13.0827,80.2707
2025-06-21T01:00,29.2,70,33.6,0.0,0.0,2,65,8.1,288,13.0827,80.2707
2025-06-21T02:00,28.8,68,33.1,0.0,0.0,3,92,5.2,284,13.0827,80.2707
2025-06-21T03:00,28.6,68,32.6,0.0,0.0,3,91,5.4,249,13.0827,80.2707
2025-06-21T04:00,28.2,70,32.2,0.0,0.0,3,91,6.3,233,13.0827,80.2707
2025-06-21T05:00,28.0,71,31.9,0.0,0.0,3,91,7.4,241,13.0827,80.2707
2025-06-21T06:00,28.7,71,32.9,0.0,0.0,3,100,8.2,248,13.0827,80.2707
2025-06-21T07:00,30.3,62,34.0,0.0,0.0,3,100,8.8,255,13.0827,80.2707
2025-06-21T08:00,32.0,52,34.2,0.0,0.0,3,100,13.8,264,13.0827,80.2707
2025-06-21T09:00,33.2,47,35.0,0.0,0.0,3,100,14.5,276,13.0827,80.2707
2025-06-21T10:00,34.6,43,37.4,0.0,0.0,3,100,11.9,276,13.0827,80.2707
2025-06-21T11:00,35.9,40,39.5,0.0,0.0,3,100,11.2,281,13.0827,80.2707
2025-06-21T12:00,37.1,37,41.2,0.0,0.0,3,100,9.9,282,13.0827,80.2707
2025-06-21T13:00,37.9,35,41.6,0.0,0.0,3,100,8.7,274,13.0827,80.2707
2025-06-21T14:00,37.0,36,39.9,0.0,0.0,3,100,6.0,183,13.0827,80.2707
2025-06-21T15:00,36.0,44,39.5,0.0,0.0,3,100,8.7,156,13.0827,80.2707
2025-06-21T16:00,35.1,50,39.5,0.0,0.0,3,100,8.1,151,13.0827,80.2707
2025-06-21T17:00,33.5,64,38.9,0.1,0.1,51,100,12.0,162,13.0827,80.2707
2025-06-21T18:00,31.3,65,35.8,0.4,0.4,51,100,10.3,175,13.0827,80.2707
2025-06-21T19:00,30.3,73,35.2,0.0,0.0,3,94,12.4,171,13.0827,80.2707
2025-06-21T20:00,30.1,75,34.9,0.0,0.0,3,100,13.9,181,13.0827,80.2707
2025-06-21T21:00,30.0,77,35.0,0.0,0.0,3,100,13.2,192,13.0827,80.2707
2025-06-21T22:00,30.0,76,35.0,0.0,0.0,3,95,12.0,210,13.0827,80.2707
2025-06-21T23:00,29.7,78,35.1,0.0,0.0,3,89,11.4,196,13.0827,80.2707
2025-06-22T00:00,29.3,81,34.7,0.0,0.0,3,99,11.8,241,13.0827,80.2707
2025-06-22T01:00,28.9,79,34.1,0.0,0.0,3,100,10.1,230,13.0827,80.2707
2025-06-22T02:00,28.9,78,34.0,0.0,0.0,3,100,10.2,221,13.0827,80.2707
2025-06-22T03:00,28.7,78,33.4,0.0,0.0,3,100,11.0,235,13.0827,80.2707
2025-06-22T04:00,28.9,67,32.1,0.0,0.0,3,100,12.2,246,13.0827,80.2707
2025-06-22T05:00,28.7,63,31.1,0.0,0.0,3,99,12.8,250,13.0827,80.2707
2025-06-22T06:00,29.9,58,32.0,0.0,0.0,3,100,14.5,256,13.0827,80.2707
2025-06-22T07:00,30.8,55,33.2,0.0,0.0,3,100,12.8,255,13.0827,80.2707
2025-06-22T08:00,32.0,51,33.9,0.0,0.0,3,100,14.7,262,13.0827,80.2707
2025-06-22T09:00,33.4,46,35.3,0.0,0.0,3,94,15.1,267,13.0827,80.2707
2025-06-22T10:00,34.7,44,37.8,0.0,0.0,3,98,13.3,273,13.0827,80.2707
2025-06-22T11:00,36.0,41,40.1,0.0,0.0,3,100,11.0,284,13.0827,80.2707
2025-06-22T12:00,37.0,39,40.9,0.0,0.0,3,100,12.1,291,13.0827,80.2707
2025-06-22T13:00,37.0,39,40.2,0.0,0.0,3,100,7.8,285,13.0827,80.2707
2025-06-22T14:00,34.3,48,37.4,0.0,0.0,3,100,10.7,102,13.0827,80.2707
2025-06-22T15:00,29.6,69,33.8,1.6,1.6,61,100,9.6,124,13.0827,80.2707
2025-06-22T16:00,30.3,63,33.3,0.0,0.0,3,100,13.7,182,13.0827,80.2707
2025-06-22T17:00,31.5,64,35.8,0.0,0.0,3,100,11.9,174,13.0827,80.2707
2025-06-22T18:00,29.4,77,34.4,0.0,0.0,3,100,11.4,159,13.0827,80.2707
2025-06-22T19:00,29.3,77,33.9,0.0,0.0,3,100,12.8,171,13.0827,80.2707
2025-06-22T20:00,29.7,76,34.1,0.0,0.0,3,100,15.4,187,13.0827,80.2707
2025-06-22T21:00,29.4,79,34.0,0.0,0.0,3,100,15.8,218,13.0827,80.2707
2025-06-22T22:00,28.7,74,32.3,0.0,0.0,3,100,15.6,241,13.0827,80.2707
2025-06-22T23:00,27.8,76,31.2,0.0,0.0,3,100,14.3,249,13.0827,80.2707
2025-06-23T00:00,27.6,73,30.8,0.0,0.0,3,100,12.7,247,13.0827,80.2707
2025-06-23T01:00,27.6,72,30.8,0.0,0.0,3,100,12.2,245,13.0827,80.2707
2025-06-23T02:00,27.4,74,30.6,0.0,0.0,3,100,12.2,236,13.0827,80.2707
2025-06-23T03:00,27.4,73,30.5,0.0,0.0,3,100,13.0,242,13.0827,80.2707
2025-06-23T04:00,27.6,71,30.5,0.0,0.0,3,90,13.2,250,13.0827,80.2707
2025-06-23T05:00,27.6,71,30.5,0.0,0.0,3,100,12.8,248,13.0827,80.2707
2025-06-23T06:00,28.0,69,30.1,0.0,0.0,3,100,18.0,259,13.0827,80.2707
2025-06-23T07:00,28.8,66,31.0,0.0,0.0,3,100,17.5,258,13.0827,80.2707
2025-06-23T08:00,30.0,62,32.5,0.0,0.0,3,100,16.1,257,13.0827,80.2707
2025-06-23T09:00,30.8,57,33.1,0.0,0.0,3,100,15.5,260,13.0827,80.2707
2025-06-23T10:00,30.6,58,33.3,0.0,0.0,3,100,13.5,256,13.0827,80.2707
2025-06-23T11:00,31.8,54,34.3,0.0,0.0,3,99,13.6,259,13.0827,80.2707
2025-06-23T12:00,33.7,48,36.6,0.0,0.0,3,100,13.8,277,13.0827,80.2707
2025-06-23T13:00,34.1,46,36.2,0.0,0.0,3,100,14.0,290,13.0827,80.2707
2025-06-23T14:00,33.9,44,35.4,0.0,0.0,3,100,15.7,281,13.0827,80.2707
2025-06-23T15:00,33.8,45,35.4,0.0,0.0,3,100,15.4,281,13.0827,80.2707
2025-06-23T16:00,33.8,46,36.6,0.0,0.0,3,100,9.4,278,13.0827,80.2707
2025-06-23T17:00,33.0,49,35.7,0.0,0.0,3,100,11.1,245,13.0827,80.2707
2025-06-23T18:00,31.2,60,34.7,0.0,0.0,3,100,10.6,195,13.0827,80.2707
2025-06-23T19:00,29.7,72,34.0,0.0,0.0,3,100,11.9,179,13.0827,80.2707
2025-06-23T20:00,29.2,74,33.4,0.0,0.0,3,100,13.8,201,13.0827,80.2707
2025-06-23T21:00,29.2,72,32.9,0.0,0.0,3,100,14.7,203,13.0827,80.2707
2025-06-23T22:00,29.2,71,33.1,0.0,0.0,3,100,11.8,213,13.0827,80.2707
2025-06-23T23:00,28.8,72,33.1,0.0,0.0,3,100,8.8,227,13.0827,80.2707
2025-06-24T00:00,28.6,71,32.5,0.0,0.0,3,100,9.7,235,13.0827,80.2707
2025-06-24T01:00,28.8,65,31.7,0.0,0.0,3,100,12.8,238,13.0827,80.2707
2025-06-24T02:00,28.9,60,30.9,0.0,0.0,3,100,14.2,240,13.0827,80.2707
2025-06-24T03:00,28.9,59,30.4,0.0,0.0,3,100,15.7,243,13.0827,80.2707
2025-06-24T04:00,28.5,60,30.3,0.0,0.0,3,100,13.9,243,13.0827,80.2707
2025-06-24T05:00,28.1,61,30.0,0.0,0.0,3,100,13.0,241,13.0827,80.2707
2025-06-24T06:00,27.9,67,31.0,0.0,0.0,3,100,9.6,230,13.0827,80.2707
2025-06-24T07:00,28.8,66,32.2,0.0,0.0,3,100,9.4,220,13.0827,80.2707
2025-06-24T08:00,29.8,62,33.1,0.0,0.0,3,100,9.8,229,13.0827,80.2707
2025-06-24T09:00,30.9,57,33.7,0.0,0.0,3,100,11.8,231,13.0827,80.2707
2025-06-24T10:00,32.8,50,35.5,0.0,0.0,3,100,13.2,239,13.0827,80.2707
2025-06-24T11:00,34.3,45,35.8,0.0,0.0,3,100,22.1,264,13.0827,80.2707
2025-06-24T12:00,35.0,42,36.4,0.0,0.0,3,100,19.1,254,13.0827,80.2707
2025-06-24T13:00,36.8,36,38.8,0.0,0.0,3,100,16.3,264,13.0827,80.2707
2025-06-24T14:00,36.9,34,37.0,0.0,0.0,3,100,22.2,273,13.0827,80.2707
2025-06-24T15:00,34.9,40,35.0,0.1,0.1,51,100,23.8,296,13.0827,80.2707
2025-06-24T16:00,34.5,43,37.0,0.0,0.0,3,100,9.0,290,13.0827,80.2707
2025-06-24T17:00,34.7,42,37.1,0.0,0.0,3,100,10.4,242,13.0827,80.2707
2025-06-24T18:00,33.6,46,36.4,0.0,0.0,3,100,8.0,234,13.0827,80.2707
2025-06-24T19:00,33.0,47,35.1,0.0,0.0,3,100,12.1,228,13.0827,80.2707
2025-06-24T20:00,32.6,47,34.2,0.0,0.0,3,100,14.5,233,13.0827,80.2707
2025-06-24T21:00,32.0,49,33.5,0.0,0.0,3,100,15.4,240,13.0827,80.2707
2025-06-24T22:00,31.5,50,33.1,0.0,0.0,3,100,14.7,241,13.0827,80.2707
2025-06-24T23:00,30.9,52,32.4,0.0,0.0,3,98,15.5,242,13.0827,80.2707
2025-06-25T00:00,30.5,53,31.9,0.0,0.0,3,98,16.0,249,13.0827,80.2707
2025-06-25T01:00,30.1,55,31.6,0.0,0.0,3,99,16.1,250,13.0827,80.2707
2025-06-25T02:00,29.5,57,31.4,0.0,0.0,3,100,14.2,246,13.0827,80.2707
2025-06-25T03:00,29.0,60,31.2,0.0,0.0,3,100,12.6,248,13.0827,80.2707
2025-06-25T04:00,28.7,62,31.2,0.0,0.0,3,100,11.1,250,13.0827,80.2707
2025-06-25T05:00,28.4,63,31.0,0.0,0.0,3,100,10.3,245,13.0827,80.2707
2025-06-25T06:00,29.4,61,32.0,0.0,0.0,3,100,12.7,238,13.0827,80.2707
2025-06-25T07:00,30.2,58,32.8,0.0,0.0,3,100,12.0,237,13.0827,80.2707
2025-06-25T08:00,31.1,55,33.8,0.0,0.0,3,100,11.6,233,13.0827,80.2707
2025-06-25T09:00,31.8,53,34.4,0.0,0.0,3,100,12.0,230,13.0827,80.2707
2025-06-25T10:00,32.6,50,34.9,0.0,0.0,3,100,13.6,228,13.0827,80.2707
2025-06-25T11:00,34.1,45,35.6,0.0,0.0,3,100,18.3,254,13.0827,80.2707
2025-06-25T12:00,34.5,44,36.3,0.0,0.0,3,100,16.7,253,13.0827,80.2707
2025-06-25T13:00,35.1,43,37.0,0.0,0.0,3,100,15.0,253,13.0827,80.2707
2025-06-25T14:00,35.8,41,38.1,0.0,0.0,3,100,12.3,236,13.0827,80.2707
2025-06-25T15:00,35.7,41,37.9,0.4,0.4,51,100,12.8,239,13.0827,80.2707
2025-06-25T16:00,31.9,53,34.5,0.1,0.1,51,100,12.1,264,13.0827,80.2707
2025-06-25T17:00,32.2,56,35.1,0.0,0.0,3,100,14.4,223,13.0827,80.2707
2025-06-25T18:00,31.1,63,34.8,0.0,0.0,3,100,13.5,199,13.0827,80.2707
2025-06-25T19:00,30.8,66,34.7,0.0,0.0,3,100,13.6,195,13.0827,80.2707
2025-06-25T20:00,31.0,63,34.4,0.0,0.0,3,100,14.4,221,13.0827,80.2707
2025-06-25T21:00,29.6,63,31.3,0.0,0.0,3,100,21.2,233,13.0827,80.2707
2025-06-25T22:00,28.6,69,32.2,0.0,0.0,3,100,9.9,237,13.0827,80.2707
2025-06-25T23:00,28.9,69,32.3,0.0,0.0,3,100,12.1,243,13.0827,80.2707
2025-06-26T00:00,29.2,66,32.6,0.0,0.0,3,100,11.8,245,13.0827,80.2707
2025-06-26T01:00,29.2,65,32.3,0.0,0.0,3,100,11.8,249,13.0827,80.2707
2025-06-26T02:00,28.9,65,31.9,0.0,0.0,3,100,11.4,247,13.0827,80.2707
2025-06-26T03:00,28.6,65,31.5,0.0,0.0,3,100,11.5,245,13.0827,80.2707
2025-06-26T04:00,28.4,64,31.0,0.0,0.0,3,100,12.0,242,13.0827,80.2707
2025-06-26T05:00,28.3,64,30.9,0.0,0.0,3,100,10.8,244,13.0827,80.2707
2025-06-26T06:00,29.7,61,32.3,0.0,0.0,3,100,12.2,239,13.0827,80.2707
2025-06-26T07:00,30.3,59,33.1,0.0,0.0,3,100,11.1,238,13.0827,80.2707
2025-06-26T08:00,30.7,58,33.7,0.0,0.0,3,100,10.8,228,13.0827,80.2707
2025-06-26T09:00,31.2,56,34.2,0.0,0.0,3,100,11.2,220,13.0827,80.2707
2025-06-26T10:00,32.9,50,35.4,0.0,0.0,3,100,13.8,230,13.0827,80.2707
2025-06-26T11:00,33.9,46,35.5,0.0,0.0,3,100,17.9,251,13.0827,80.2707
2025-06-26T12:00,34.1,46,35.7,0.1,0.1,51,100,18.4,259,13.0827,80.2707
2025-06-26T13:00,35.7,42,38.3,0.0,0.0,3,100,15.8,255,13.0827,80.2707
2025-06-26T14:00,36.0,42,39.0,0.0,0.0,3,100,15.3,240,13.0827,80.2707
2025-06-26T15:00,34.2,48,36.3,0.2,0.2,51,100,18.0,250,13.0827,80.2707
2025-06-26T16:00,33.4,51,36.2,0.2,0.2,51,100,13.2,235,13.0827,80.2707
2025-06-26T17:00,33.0,54,35.6,0.0,0.0,3,100,17.8,220,13.0827,80.2707
2025-06-26T18:00,32.5,56,35.6,0.0,0.0,3,100,14.7,191,13.0827,80.2707
2025-06-26T19:00,31.3,64,35.0,0.0,0.0,3,100,14.8,189,13.0827,80.2707
2025-06-26T20:00,30.7,67,34.2,0.0,0.0,3,100,16.8,193,13.0827,80.2707
2025-06-26T21:00,30.1,76,34.8,0.0,0.0,3,100,15.0,190,13.0827,80.2707
2025-06-26T22:00,29.8,77,34.8,0.0,0.0,3,100,13.2,197,13.0827,80.2707
2025-06-26T23:00,29.5,77,34.5,0.0,0.0,3,100,12.2,211,13.0827,80.2707
2025-06-27T00:00,29.1,78,34.1,0.0,0.0,3,99,11.5,226,13.0827,80.2707
2025-06-27T01:00,28.8,77,33.5,0.0,0.0,3,99,11.2,232,13.0827,80.2707
2025-06-27T02:00,28.7,72,32.6,0.0,0.0,3,100,11.2,242,13.0827,80.2707
2025-06-27T03:00,28.7,68,32.0,0.0,0.0,3,100,11.3,243,13.0827,80.2707
2025-06-27T04:00,28.4,67,31.6,0.0,0.0,3,100,10.8,240,13.0827,80.2707
2025-06-27T05:00,28.1,67,31.3,0.0,0.0,3,100,9.7,236,13.0827,80.2707
2025-06-27T06:00,29.3,64,31.9,0.0,0.0,3,92,13.9,246,13.0827,80.2707
2025-06-27T07:00,30.2,60,33.1,0.0,0.0,3,99,12.4,246,13.0827,80.2707
2025-06-27T08:00,31.4,56,34.0,0.0,0.0,3,98,13.4,255,13.0827,80.2707
2025-06-27T09:00,33.0,48,34.8,0.0,0.0,3,100,15.6,259,13.0827,80.2707
2025-06-27T10:00,34.3,44,37.0,0.0,0.0,3,100,14.2,258,13.0827,80.2707
2025-06-27T11:00,35.1,42,37.7,0.0,0.0,3,100,12.8,259,13.0827,80.2707
2025-06-27T12:00,36.3,39,39.9,0.0,0.0,3,100,10.5,262,13.0827,80.2707
2025-06-27T13:00,37.2,36,41.2,0.0,0.0,3,99,8.0,243,13.0827,80.2707
2025-06-27T14:00,37.5,34,40.9,0.0,0.0,3,100,6.3,207,13.0827,80.2707
2025-06-27T15:00,37.0,32,38.6,0.3,0.3,51,100,9.3,217,13.0827,80.2707
2025-06-27T16:00,36.2,37,38.1,0.0,0.0,3,100,9.7,214,13.0827,80.2707
2025-06-27T17:00,35.3,41,38.2,0.0,0.0,3,100,7.2,202,13.0827,80.2707
2025-06-27T18:00,32.5,64,36.7,0.0,0.0,3,90,16.1,174,13.0827,80.2707
2025-06-27T19:00,32.2,62,36.4,0.0,0.0,3,96,12.5,191,13.0827,80.2707
2025-06-27T20:00,31.8,59,35.0,0.0,0.0,3,93,15.0,193,13.0827,80.2707
2025-06-27T21:00,30.9,66,34.9,0.0,0.0,3,98,13.7,189,13.0827,80.2707
2025-06-27T22:00,30.6,68,34.7,0.0,0.0,3,95,13.6,195,13.0827,80.2707
2025-06-27T23:00,30.3,68,34.2,0.0,0.0,3,100,13.8,206,13.0827,80.2707
2025-06-28T00:00,30.1,66,33.5,0.0,0.0,3,100,13.7,214,13.0827,80.2707
2025-06-28T01:00,29.8,64,32.9,0.0,0.0,3,100,13.5,224,13.0827,80.2707
2025-06-28T02:00,29.8,60,32.1,0.0,0.0,3,100,13.9,241,13.0827,80.2707
2025-06-28T03:00,29.7,59,31.9,0.0,0.0,3,100,13.8,248,13.0827,80.2707
2025-06-28T04:00,29.3,60,31.5,0.0,0.0,3,100,13.3,252,13.0827,80.2707
2025-06-28T05:00,28.9,61,31.4,0.0,0.0,3,94,11.4,255,13.0827,80.2707
2025-06-28T06:00,29.6,61,32.7,0.0,0.0,3,99,9.0,250,13.0827,80.2707
2025-06-28T07:00,30.2,59,33.5,0.0,0.0,3,100,8.5,242,13.0827,80.2707
2025-06-28T08:00,31.9,53,34.5,0.0,0.0,3,100,12.5,258,13.0827,80.2707
2025-06-28T09:00,33.4,48,35.6,0.0,0.0,3,100,14.1,266,13.0827,80.2707
2025-06-28T10:00,34.3,45,36.6,0.0,0.0,3,99,12.6,261,13.0827,80.2707
2025-06-28T11:00,34.4,44,36.5,0.0,0.0,3,100,13.2,259,13.0827,80.2707
2025-06-28T12:00,33.4,48,35.6,0.0,0.0,3,100,14.2,258,13.0827,80.2707
2025-06-28T13:00,35.8,42,39.1,0.0,0.0,3,100,8.0,239,13.0827,80.2707
2025-06-28T14:00,37.4,38,41.7,0.0,0.0,3,100,6.9,186,13.0827,80.2707
2025-06-28T15:00,33.6,50,36.3,0.5,0.5,53,100,14.0,209,13.0827,80.2707
2025-06-28T16:00,34.8,44,37.6,0.0,0.0,3,100,9.9,199,13.0827,80.2707
2025-06-28T17:00,33.9,51,37.4,0.0,0.0,3,99,11.8,191,13.0827,80.2707
2025-06-28T18:00,32.5,60,36.7,0.0,0.0,3,100,12.0,161,13.0827,80.2707
2025-06-28T19:00,31.9,61,35.8,0.0,0.0,3,90,11.7,178,13.0827,80.2707
2025-06-28T20:00,31.5,64,35.3,0.0,0.0,3,100,14.3,186,13.0827,80.2707
2025-06-28T21:00,31.0,67,35.0,0.0,0.0,3,100,15.2,191,13.0827,80.2707
2025-06-28T22:00,30.6,70,35.3,0.0,0.0,3,100,11.5,205,13.0827,80.2707
2025-06-28T23:00,30.5,66,34.1,0.0,0.0,3,100,13.7,214,13.0827,80.2707
2025-06-29T00:00,30.4,60,32.9,0.0,0.0,3,100,14.8,223,13.0827,80.2707
2025-06-29T01:00,29.9,59,32.2,0.0,0.0,3,100,14.5,226,13.0827,80.2707
2025-06-29T02:00,29.7,59,32.0,0.0,0.0,3,100,14.1,233,13.0827,80.2707
2025-06-29T03:00,29.8,58,31.7,0.0,0.0,3,100,15.5,247,13.0827,80.2707
2025-06-29T04:00,29.5,58,31.3,0.0,0.0,3,99,15.4,254,13.0827,80.2707
2025-06-29T05:00,29.0,60,30.8,0.0,0.0,3,100,15.2,260,13.0827,80.2707
2025-06-29T06:00,29.7,59,31.6,0.0,0.0,0,13,16.1,264,13.0827,80.2707
2025-06-29T07:00,30.7,56,33.0,0.0,0.0,0,18,14.4,269,13.0827,80.2707
2025-06-29T08:00,32.1,52,33.9,0.0,0.0,1,33,17.1,273,13.0827,80.2707
2025-06-29T09:00,33.7,46,35.4,0.0,0.0,2,55,17.7,274,13.0827,80.2707
2025-06-29T10:00,35.5,40,37.6,0.0,0.0,1,49,18.2,272,13.0827,80.2707
2025-06-29T11:00,36.8,36,39.3,0.0,0.0,3,100,17.3,279,13.0827,80.2707
2025-06-29T12:00,38.0,32,40.8,0.0,0.0,3,100,15.6,281,13.0827,80.2707
2025-06-29T13:00,39.2,29,41.5,0.0,0.0,3,100,15.7,281,13.0827,80.2707
2025-06-29T14:00,39.7,27,41.9,0.0,0.0,3,100,11.6,283,13.0827,80.2707
2025-06-29T15:00,38.4,29,40.3,0.0,0.0,3,100,3.8,11,13.0827,80.2707
2025-06-29T16:00,35.1,47,38.3,0.0,0.0,3,100,12.1,11,13.0827,80.2707
2025-06-29T17:00,32.4,53,35.6,0.0,0.0,3,100,10.5,33,13.0827,80.2707
2025-06-29T18:00,30.5,61,34.4,0.6,0.6,53,100,6.3,257,13.0827,80.2707
2025-06-29T19:00,30.0,64,33.5,0.3,0.3,51,100,11.3,200,13.0827,80.2707
2025-06-29T20:00,30.1,66,34.2,0.0,0.0,3,100,10.0,187,13.0827,80.2707
2025-06-29T21:00,30.6,65,34.5,0.0,0.0,3,100,11.9,202,13.0827,80.2707
2025-06-29T22:00,30.9,58,33.8,0.0,0.0,3,100,12.3,218,13.0827,80.2707
2025-06-29T23:00,31.0,51,32.6,0.0,0.0,3,100,13.9,234,13.0827,80.2707
2025-06-30T00:00,31.3,48,32.4,0.0,0.0,3,100,15.7,252,13.0827,80.2707
2025-06-30T01:00,31.3,49,32.2,0.0,0.0,3,100,18.0,268,13.0827,80.2707
2025-06-30T02:00,30.9,50,32.0,0.0,0.0,3,100,16.9,281,13.0827,80.2707
2025-06-30T03:00,30.4,52,31.8,0.0,0.0,3,99,14.9,291,13.0827,80.2707
2025-06-30T04:00,29.8,54,31.3,0.0,0.0,3,100,13.3,293,13.0827,80.2707
2025-06-30T05:00,29.2,55,31.0,0.0,0.0,3,100,11.4,289,13.0827,80.2707
2025-06-30T06:00,30.3,52,31.9,0.0,0.0,3,100,13.2,275,13.0827,80.2707
2025-06-30T07:00,30.5,53,32.6,0.0,0.0,3,100,11.4,265,13.0827,80.2707
2025-06-30T08:00,31.7,49,33.5,0.0,0.0,3,100,12.9,264,13.0827,80.2707
2025-06-30T09:00,32.4,46,34.1,0.0,0.0,3,100,12.3,273,13.0827,80.2707
2025-06-30T10:00,33.0,44,34.9,0.0,0.0,3,100,10.6,268,13.0827,80.2707
2025-06-30T11:00,34.1,42,36.0,0.0,0.0,3,100,11.4,274,13.0827,80.2707
2025-06-30T12:00,35.5,39,37.8,0.0,0.0,3,100,11.3,279,13.0827,80.2707
2025-06-30T13:00,37.1,35,39.8,0.0,0.0,3,96,10.4,278,13.0827,80.2707
2025-06-30T14:00,37.9,32,41.0,0.0,0.0,3,93,7.5,343,13.0827,80.2707
2025-06-30T15:00,34.4,51,37.6,0.1,0.1,51,100,14.3,62,13.0827,80.2707
2025-06-30T16:00,31.3,64,35.2,0.1,0.1,51,100,13.4,108,13.0827,80.2707
2025-06-30T17:00,31.8,66,36.7,0.1,0.1,51,100,10.6,137,13.0827,80.2707
2025-06-30T18:00,31.0,73,37.2,0.0,0.0,3,100,6.5,109,13.0827,80.2707
2025-06-30T19:00,30.5,74,36.3,0.0,0.0,2,74,6.8,158,13.0827,80.2707
2025-06-30T20:00,30.0,76,35.1,0.0,0.0,3,100,11.6,158,13.0827,80.2707
2025-06-30T21:00,29.7,78,35.2,0.0,0.0,3,100,10.7,174,13.0827,80.2707
2025-06-30T22:00,29.4,81,35.0,0.0,0.0,3,100,10.4,190,13.0827,80.2707
2025-06-30T23:00,29.3,74,33.9,0.0,0.0,3,100,11.5,194,13.0827,80.2707
2025-07-01T00:00,29.0,69,32.8,0.0,0.0,3,100,10.6,215,13.0827,80.2707
2025-07-01T01:00,28.8,64,31.9,0.0,0.0,3,100,9.7,241,13.0827,80.2707
2025-07-01T02:00,28.5,64,31.5,0.0,0.0,3,100,9.2,282,13.0827,80.2707
2025-07-01T03:00,28.0,71,32.1,0.0,0.0,3,100,6.3,231,13.0827,80.2707
2025-07-01T04:00,27.8,73,31.8,0.0,0.0,3,100,7.6,277,13.0827,80.2707
2025-07-01T05:00,27.7,74,32.0,0.0,0.0,3,100,6.7,273,13.0827,80.2707
2025-07-01T06:00,30.4,53,32.5,0.0,0.0,3,100,11.1,257,13.0827,80.2707
2025-07-01T07:00,30.8,54,33.5,0.0,0.0,3,100,9.7,246,13.0827,80.2707
2025-07-01T08:00,31.9,49,33.8,0.0,0.0,3,100,13.4,246,13.0827,80.2707
2025-07-01T09:00,33.0,44,34.4,0.0,0.0,3,100,13.2,260,13.0827,80.2707
2025-07-01T10:00,33.6,42,35.0,0.0,0.0,3,100,13.0,259,13.0827,80.2707
2025-07-01T11:00,34.7,40,36.2,0.0,0.0,3,100,12.8,251,13.0827,80.2707
2025-07-01T12:00,36.2,36,38.2,0.0,0.0,3,100,12.5,258,13.0827,80.2707
2025-07-01T13:00,37.1,34,39.4,0.0,0.0,3,100,12.6,270,13.0827,80.2707
2025-07-01T14:00,37.2,35,39.2,0.0,0.0,3,100,12.1,258,13.0827,80.2707
2025-07-01T15:00,35.8,39,37.7,0.1,0.1,51,100,11.8,224,13.0827,80.2707
2025-07-01T16:00,29.3,63,31.8,0.9,0.9,53,100,14.9,207,13.0827,80.2707
2025-07-01T17:00,33.0,52,36.9,0.1,0.1,51,100,6.5,268,13.0827,80.2707
2025-07-01T18:00,29.8,69,34.7,0.0,0.0,3,100,6.3,141,13.0827,80.2707
2025-07-01T19:00,29.2,75,34.4,0.0,0.0,3,100,7.3,132,13.0827,80.2707
2025-07-01T20:00,29.0,76,34.4,0.0,0.0,3,100,6.1,168,13.0827,80.2707
2025-07-01T21:00,28.9,75,34.2,0.0,0.0,3,100,5.8,189,13.0827,80.2707
2025-07-01T22:00,28.7,76,33.5,0.0,0.0,3,100,9.5,182,13.0827,80.2707
2025-07-01T23:00,28.5,76,33.2,0.0,0.0,3,100,9.0,202,13.0827,80.2707
2025-07-02T00:00,28.8,66,32.2,0.0,0.0,3,100,9.2,242,13.0827,80.2707
2025-07-02T01:00,29.2,59,31.8,0.0,0.0,3,100,10.3,255,13.0827,80.2707
2025-07-02T02:00,28.7,63,31.9,0.0,0.0,3,100,7.1,261,13.0827,80.2707
2025-07-02T03:00,28.4,64,31.4,0.0,0.0,3,100,8.3,268,13.0827,80.2707
2025-07-02T04:00,28.3,64,31.1,0.0,0.0,3,100,9.6,258,13.0827,80.2707
2025-07-02T05:00,28.1,65,30.9,0.0,0.0,3,100,10.1,253,13.0827,80.2707
2025-07-02T06:00,29.2,60,31.7,0.0,0.0,3,100,12.3,248,13.0827,80.2707
2025-07-02T07:00,29.9,59,32.6,0.0,0.0,3,100,11.5,247,13.0827,80.2707
2025-07-02T08:00,31.0,57,34.0,0.0,0.0,3,100,10.9,246,13.0827,80.2707
2025-07-02T09:00,32.4,53,35.6,0.0,0.0,3,100,10.1,245,13.0827,80.2707
2025-07-02T10:00,33.8,48,37.0,0.0,0.0,3,100,10.5,248,13.0827,80.2707
2025-07-02T11:00,35.1,44,38.3,0.0,0.0,3,100,10.6,247,13.0827,80.2707
2025-07-02T12:00,36.2,41,39.8,0.0,0.0,3,100,9.0,247,13.0827,80.2707
2025-07-02T13:00,36.9,39,40.5,0.0,0.0,3,100,8.5,243,13.0827,80.2707
2025-07-02T14:00,36.4,38,39.2,0.0,0.0,3,100,6.7,124,13.0827,80.2707
2025-07-02T15:00,31.5,67,35.7,0.7,0.7,53,100,15.4,108,13.0827,80.2707
2025-07-02T16:00,30.7,65,34.1,0.4,0.4,51,100,15.3,165,13.0827,80.2707
2025-07-02T17:00,30.1,70,34.2,0.2,0.2,51,100,13.4,209,13.0827,80.2707
2025-07-02T18:00,29.4,79,36.2,0.0,0.0,3,100,1.7,302,13.0827,80.2707
2025-07-02T19:00,28.7,75,32.5,0.0,0.0,3,100,14.8,223,13.0827,80.2707
2025-07-02T20:00,27.3,74,30.5,0.0,0.0,3,100,12.7,215,13.0827,80.2707
2025-07-02T21:00,27.2,75,30.2,0.0,0.0,3,100,14.3,220,13.0827,80.2707
2025-07-02T22:00,27.2,76,31.2,0.0,0.0,3,100,8.2,230,13.0827,80.2707
2025-07-02T23:00,27.2,77,31.3,0.0,0.0,3,100,8.4,222,13.0827,80.2707
2025-07-03T00:00,27.2,77,31.2,0.0,0.0,3,100,9.2,237,13.0827,80.2707
2025-07-03T01:00,27.6,73,30.9,0.0,0.0,3,100,11.8,250,13.0827,80.2707
2025-07-03T02:00,27.5,73,31.0,0.0,0.0,3,100,10.5,246,13.0827,80.2707
2025-07-03T03:00,27.4,73,30.8,0.0,0.0,3,100,10.4,240,13.0827,80.2707
2025-07-03T04:00,27.5,72,30.8,0.0,0.0,3,100,10.1,241,13.0827,80.2707
2025-07-03T05:00,27.4,71,30.8,0.0,0.0,3,100,8.9,242,13.0827,80.2707
2025-07-03T06:00,27.4,74,31.2,0.0,0.0,3,100,8.6,221,13.0827,80.2707
2025-07-03T07:00,28.3,73,32.4,0.0,0.0,3,100,9.1,229,13.0827,80.2707
2025-07-03T08:00,29.9,67,33.8,0.0,0.0,3,100,10.5,233,13.0827,80.2707
2025-07-03T09:00,31.2,59,34.5,0.0,0.0,3,100,11.8,251,13.0827,80.2707
2025-07-03T10:00,31.9,56,34.9,0.0,0.0,3,100,12.8,253,13.0827,80.2707
2025-07-03T11:00,32.5,54,35.7,0.0,0.0,3,100,11.9,245,13.0827,80.2707
2025-07-03T12:00,32.8,53,35.9,0.0,0.0,3,100,12.0,237,13.0827,80.2707
2025-07-03T13:00,32.7,54,35.6,0.0,0.0,3,100,13.5,225,13.0827,80.2707
2025-07-03T14:00,32.5,54,35.2,0.0,0.0,3,100,14.9,223,13.0827,80.2707
2025-07-03T15:00,33.0,52,35.9,0.0,0.0,3,100,13.4,224,13.0827,80.2707
2025-07-03T16:00,32.5,55,36.0,0.0,0.0,3,100,10.6,220,13.0827,80.2707
2025-07-03T17:00,31.9,59,35.6,0.0,0.0,3,100,11.8,211,13.0827,80.2707
2025-07-03T18:00,31.1,60,34.7,0.0,0.0,3,100,10.2,194,13.0827,80.2707
2025-07-03T19:00,30.5,61,33.7,0.0,0.0,3,100,12.2,208,13.0827,80.2707
2025-07-03T20:00,29.9,60,32.4,0.0,0.0,3,100,13.9,211,13.0827,80.2707
2025-07-03T21:00,29.1,62,31.4,0.0,0.0,3,100,15.0,207,13.0827,80.2707
2025-07-03T22:00,28.3,66,30.8,0.0,0.0,3,100,13.5,211,13.0827,80.2707
2025-07-03T23:00,28.0,69,31.2,0.0,0.0,3,100,10.8,218,13.0827,80.2707
2025-07-04T00:00,28.0,70,31.1,0.0,0.0,3,100,12.0,227,13.0827,80.2707
2025-07-04T01:00,28.1,70,31.4,0.0,0.0,3,100,11.2,232,13.0827,80.2707
2025-07-04T02:00,28.1,69,31.3,0.0,0.0,3,100,11.3,231,13.0827,80.2707
2025-07-04T03:00,28.1,67,30.9,0.0,0.0,3,100,11.6,233,13.0827,80.2707
2025-07-04T04:00,27.7,68,30.5,0.0,0.0,3,100,10.9,226,13.0827,80.2707
2025-07-04T05:00,27.2,69,30.1,0.0,0.0,3,100,10.1,231,13.0827,80.2707
2025-07-04T06:00,28.7,60,30.3,0.0,0.0,3,100,16.5,247,13.0827,80.2707
2025-07-04T07:00,29.5,60,31.6,0.0,0.0,3,100,14.4,247,13.0827,80.2707
2025-07-04T08:00,30.7,57,33.1,0.0,0.0,3,100,13.9,245,13.0827,80.2707
2025-07-04T09:00,32.5,50,34.5,0.0,0.0,3,100,15.7,253,13.0827,80.2707
2025-07-04T10:00,33.6,47,36.0,0.0,0.0,3,100,15.3,252,13.0827,80.2707
2025-07-04T11:00,35.0,43,38.1,0.0,0.0,3,100,14.0,254,13.0827,80.2707
2025-07-04T12:00,36.3,40,39.7,0.0,0.0,3,100,14.1,266,13.0827,80.2707
2025-07-04T13:00,37.6,37,41.7,0.0,0.0,3,100,11.1,261,13.0827,80.2707
2025-07-04T14:00,38.2,34,41.8,0.0,0.0,3,100,8.0,232,13.0827,80.2707
2025-07-04T15:00,37.6,34,40.4,0.0,0.0,3,100,4.2,200,13.0827,80.2707
2025-07-04T16:00,36.7,35,38.9,0.0,0.0,3,100,7.7,319,13.0827,80.2707
2025-07-04T17:00,35.0,43,38.2,0.0,0.0,3,95,6.3,127,13.0827,80.2707
2025-07-04T18:00,33.4,50,36.4,0.0,0.0,3,95,11.0,240,13.0827,80.2707
2025-07-04T19:00,32.3,53,36.0,0.0,0.0,3,100,6.3,268,13.0827,80.2707
2025-07-04T20:00,31.8,56,35.9,0.0,0.0,3,99,5.0,215,13.0827,80.2707
2025-07-04T21:00,30.9,58,34.4,0.1,0.1,51,100,8.9,277,13.0827,80.2707
2025-07-04T22:00,29.9,63,33.5,0.0,0.0,3,100,9.6,266,13.0827,80.2707
2025-07-04T23:00,29.2,66,34.1,0.0,0.0,3,100,0.9,79,13.0827,80.2707
2025-07-05T00:00,28.8,72,33.8,0.0,0.0,3,100,4.5,166,13.0827,80.2707
2025-07-05T01:00,28.6,76,33.8,0.0,0.0,3,100,5.1,228,13.0827,80.2707
2025-07-05T02:00,28.4,75,32.9,0.0,0.0,3,98,8.2,232,13.0827,80.2707
2025-07-05T03:00,28.9,64,31.7,0.0,0.0,3,100,11.8,258,13.0827,80.2707
2025-07-05T04:00,28.8,61,31.2,0.0,0.0,3,100,11.8,257,13.0827,80.2707
2025-07-05T05:00,28.5,62,30.9,0.0,0.0,3,99,11.4,255,13.0827,80.2707
2025-07-05T06:00,28.9,63,31.5,0.0,0.0,3,100,12.1,247,13.0827,80.2707
2025-07-05T07:00,30.0,59,32.7,0.0,0.0,3,100,12.1,252,13.0827,80.2707
2025-07-05T08:00,31.3,55,33.9,0.0,0.0,3,100,13.4,253,13.0827,80.2707
2025-07-05T09:00,32.8,50,34.9,0.0,0.0,3,99,15.7,259,13.0827,80.2707
2025-07-05T10:00,34.3,46,37.8,0.0,0.0,3,100,13.2,265,13.0827,80.2707
2025-07-05T11:00,35.9,42,40.2,0.0,0.0,3,100,10.5,263,13.0827,80.2707
2025-07-05T12:00,37.3,39,41.9,0.0,0.0,3,100,10.4,260,13.0827,80.2707
2025-07-05T13:00,33.8,48,36.8,0.6,0.6,53,100,17.1,278,13.0827,80.2707
2025-07-05T14:00,36.2,41,39.8,0.1,0.1,51,100,8.2,248,13.0827,80.2707
2025-07-05T15:00,35.1,44,38.6,0.7,0.7,53,100,8.1,257,13.0827,80.2707
2025-07-05T16:00,35.7,42,38.4,0.0,0.0,3,100,10.3,213,13.0827,80.2707
2025-07-05T17:00,35.3,41,37.1,0.0,0.0,3,100,13.6,244,13.0827,80.2707
2025-07-05T18:00,35.6,38,37.3,0.0,0.0,3,100,11.7,239,13.0827,80.2707
2025-07-05T19:00,34.6,41,36.9,0.0,0.0,3,100,8.9,246,13.0827,80.2707
2025-07-05T20:00,32.9,58,38.3,0.0,0.0,3,100,2.7,247,13.0827,80.2707
2025-07-05T21:00,29.7,66,32.7,1.3,1.3,61,100,15.1,335,13.0827,80.2707
2025-07-05T22:00,28.3,72,32.4,0.0,0.0,3,100,9.0,227,13.0827,80.2707
2025-07-05T23:00,28.6,69,32.5,0.0,0.0,3,100,7.9,231,13.0827,80.2707
2025-07-06T00:00,29.3,64,32.6,0.0,0.0,3,100,9.9,233,13.0827,80.2707
2025-07-06T01:00,29.8,59,32.2,0.0,0.0,3,100,13.6,246,13.0827,80.2707
2025-07-06T02:00,29.7,59,31.9,0.0,0.0,3,100,14.1,253,13.0827,80.2707
2025-07-06T03:00,29.3,61,31.7,0.0,0.0,3,100,13.4,252,13.0827,80.2707
2025-07-06T04:00,29.0,61,31.2,0.0,0.0,3,100,13.9,253,13.0827,80.2707
2025-07-06T05:00,28.7,63,30.9,0.0,0.0,3,100,13.9,256,13.0827,80.2707
2025-07-06T06:00,29.9,58,31.8,0.0,0.0,3,100,15.9,252,13.0827,80.2707
2025-07-06T07:00,30.6,56,32.8,0.0,0.0,3,100,14.0,246,13.0827,80.2707
2025-07-06T08:00,31.5,52,33.2,0.0,0.0,3,100,16.4,247,13.0827,80.2707
2025-07-06T09:00,32.9,47,34.3,0.0,0.0,3,100,17.0,250,13.0827,80.2707
2025-07-06T10:00,34.3,44,35.8,0.0,0.0,3,100,17.1,251,13.0827,80.2707
2025-07-06T11:00,35.3,39,35.7,0.0,0.0,3,100,21.2,269,13.0827,80.2707
2025-07-06T12:00,37.0,35,38.2,0.0,0.0,3,100,18.0,267,13.0827,80.2707
2025-07-06T13:00,36.9,36,39.0,0.2,0.2,51,100,17.0,286,13.0827,80.2707
2025-07-06T14:00,37.9,32,38.9,0.0,0.0,3,100,17.2,252,13.0827,80.2707
2025-07-06T15:00,33.6,48,35.1,0.4,0.4,51,100,19.9,280,13.0827,80.2707
2025-07-06T16:00,31.9,56,35.7,0.4,0.4,51,100,7.6,273,13.0827,80.2707
2025-07-06T17:00,30.5,65,35.3,1.2,1.2,55,100,4.8,301,13.0827,80.2707
2025-07-06T18:00,32.8,46,35.1,0.0,0.0,3,100,8.5,297,13.0827,80.2707
2025-07-06T19:00,32.9,45,35.3,0.0,0.0,3,100,7.7,246,13.0827,80.2707
2025-07-06T20:00,33.1,45,35.2,0.0,0.0,3,100,9.8,218,13.0827,80.2707
2025-07-06T21:00,33.4,43,34.3,0.0,0.0,3,100,17.3,249,13.0827,80.2707
2025-07-06T22:00,32.7,45,34.0,0.0,0.0,3,100,15.4,247,13.0827,80.2707
2025-07-06T23:00,32.1,47,33.7,0.0,0.0,3,100,13.8,244,13.0827,80.2707
2025-07-07T00:00,31.4,50,33.2,0.0,0.0,3,100,12.8,236,13.0827,80.2707
2025-07-07T01:00,31.2,51,32.8,0.0,0.0,3,100,14.1,240,13.0827,80.2707
2025-07-07T02:00,30.9,52,32.3,0.0,0.0,3,100,16.1,242,13.0827,80.2707
2025-07-07T03:00,30.5,53,31.9,0.0,0.0,3,100,15.8,241,13.0827,80.2707
2025-07-07T04:00,30.1,55,31.6,0.0,0.0,3,100,15.4,247,13.0827,80.2707
2025-07-07T05:00,29.6,56,31.3,0.0,0.0,3,100,14.9,250,13.0827,80.2707
2025-07-07T06:00,30.3,51,31.2,0.0,0.0,3,100,17.3,243,13.0827,80.2707
2025-07-07T07:00,31.1,49,32.2,0.0,0.0,3,100,16.5,250,13.0827,80.2707
2025-07-07T08:00,32.3,47,33.1,0.0,0.0,3,100,18.9,256,13.0827,80.2707
2025-07-07T09:00,33.8,43,34.8,0.0,0.0,3,100,17.3,256,13.0827,80.2707
2025-07-07T10:00,35.2,39,36.9,0.0,0.0,3,100,16.9,258,13.0827,80.2707
2025-07-07T11:00,36.7,35,38.0,0.0,0.0,3,100,20.2,267,13.0827,80.2707
2025-07-07T12:00,37.4,34,38.5,0.0,0.0,3,100,20.9,278,13.0827,80.2707
2025-07-07T13:00,38.4,32,39.8,0.0,0.0,3,100,17.8,271,13.0827,80.2707
2025-07-07T14:00,37.7,33,38.3,0.0,0.0,3,100,20.7,277,13.0827,80.2707
2025-07-07T15:00,38.3,31,39.1,0.0,0.0,3,100,13.9,303,13.0827,80.2707
2025-07-07T16:00,38.2,30,38.3,0.0,0.0,3,100,18.0,273,13.0827,80.2707
2025-07-07T17:00,36.6,33,37.1,0.0,0.0,3,100,16.0,294,13.0827,80.2707
2025-07-07T18:00,32.8,59,37.4,0.1,0.1,51,100,8.6,181,13.0827,80.2707
2025-07-07T19:00,32.5,58,36.6,0.0,0.0,3,99,9.4,175,13.0827,80.2707
2025-07-07T20:00,32.1,64,37.0,0.0,0.0,3,88,9.4,191,13.0827,80.2707
2025-07-07T21:00,32.4,64,37.6,0.0,0.0,2,71,8.8,197,13.0827,80.2707
2025-07-07T22:00,32.6,54,36.1,0.0,0.0,3,82,8.9,207,13.0827,80.2707
2025-07-07T23:00,32.1,49,34.8,0.0,0.0,2,51,8.0,226,13.0827,80.2707
2025-07-08T00:00,32.1,46,33.8,0.0,0.0,3,100,11.8,244,13.0827,80.2707
2025-07-08T01:00,32.0,46,33.2,0.0,0.0,3,100,14.1,253,13.0827,80.2707
2025-07-08T02:00,31.4,48,32.5,0.0,0.0,3,100,15.7,255,13.0827,80.2707
2025-07-08T03:00,30.6,51,31.9,0.0,0.0,3,100,14.5,256,13.0827,80.2707
2025-07-08T04:00,29.9,53,31.5,0.0,0.0,3,100,13.4,256,13.0827,80.2707
2025-07-08T05:00,29.4,55,31.1,0.0,0.0,3,100,13.3,257,13.0827,80.2707
2025-07-08T06:00,30.1,55,32.1,0.0,0.0,3,87,12.6,257,13.0827,80.2707
2025-07-08T07:00,31.2,52,33.1,0.0,0.0,0,7,13.9,260,13.0827,80.2707
2025-07-08T08:00,32.7,48,34.3,0.0,0.0,0,0,16.4,271,13.0827,80.2707
2025-07-08T09:00,34.5,42,36.0,0.0,0.0,1,21,16.7,276,13.0827,80.2707
2025-07-08T10:00,36.2,38,38.5,0.0,0.0,2,64,16.7,277,13.0827,80.2707
2025-07-08T11:00,37.8,34,40.8,0.0,0.0,3,92,15.2,284,13.0827,80.2707
2025-07-08T12:00,39.3,31,42.8,0.0,0.0,2,61,13.7,298,13.0827,80.2707
2025-07-08T13:00,40.0,30,44.0,0.0,0.0,3,88,9.3,324,13.0827,80.2707
2025-07-08T14:00,37.8,37,41.3,0.0,0.0,3,100,10.3,96,13.0827,80.2707
2025-07-08T15:00,33.8,58,37.0,0.3,0.3,51,100,20.5,128,13.0827,80.2707
2025-07-08T16:00,32.5,63,35.7,0.1,0.1,51,82,22.1,141,13.0827,80.2707
2025-07-08T17:00,31.6,62,35.1,0.4,0.4,51,57,15.0,142,13.0827,80.2707
2025-07-08T18:00,31.2,67,34.7,0.1,0.1,51,49,18.8,153,13.0827,80.2707
2025-07-08T19:00,30.5,70,34.8,0.1,0.1,51,98,14.2,171,13.0827,80.2707
2025-07-08T20:00,30.8,71,36.1,0.2,0.2,51,47,10.2,187,13.0827,80.2707
2025-07-08T21:00,31.2,65,35.8,0.1,0.1,51,34,9.5,207,13.0827,80.2707
2025-07-08T22:00,28.3,65,30.0,0.0,0.0,3,95,18.8,236,13.0827,80.2707
2025-07-08T23:00,27.9,69,30.4,0.0,0.0,3,100,15.2,216,13.0827,80.2707
2025-07-09T00:00,27.9,70,31.2,0.0,0.0,3,99,10.5,204,13.0827,80.2707
2025-07-09T01:00,27.9,67,31.1,0.0,0.0,3,82,9.4,235,13.0827,80.2707
2025-07-09T02:00,27.9,68,31.1,0.0,0.0,2,71,8.9,242,13.0827,80.2707
2025-07-09T03:00,27.9,68,31.2,0.0,0.0,3,98,8.6,250,13.0827,80.2707
2025-07-09T04:00,27.7,68,31.1,0.0,0.0,2,77,8.1,253,13.0827,80.2707
2025-07-09T05:00,27.7,68,30.8,0.0,0.0,3,96,8.8,250,13.0827,80.2707
2025-07-09T06:00,27.4,78,32.0,0.0,0.0,3,99,7.3,224,13.0827,80.2707
2025-07-09T07:00,28.9,72,33.6,0.0,0.0,3,100,6.5,214,13.0827,80.2707
2025-07-09T08:00,31.0,60,34.7,0.0,0.0,3,100,8.5,232,13.0827,80.2707
2025-07-09T09:00,32.7,50,35.2,0.0,0.0,3,100,12.7,259,13.0827,80.2707
2025-07-09T10:00,34.2,45,37.4,0.0,0.0,3,100,12.3,266,13.0827,80.2707
2025-07-09T11:00,35.8,41,39.6,0.0,0.0,3,100,12.1,272,13.0827,80.2707
2025-07-09T12:00,37.1,38,41.7,0.0,0.0,3,100,9.2,277,13.0827,80.2707
2025-07-09T13:00,37.5,36,42.5,0.0,0.0,3,100,5.0,255,13.0827,80.2707
2025-07-09T14:00,37.4,35,40.9,0.0,0.0,3,100,4.9,163,13.0827,80.2707
2025-07-09T15:00,36.3,44,40.3,0.2,0.2,51,100,7.1,146,13.0827,80.2707
2025-07-09T16:00,35.3,54,40.1,0.2,0.2,51,96,10.1,136,13.0827,80.2707
2025-07-09T17:00,33.3,65,39.5,1.8,1.8,61,99,7.0,108,13.0827,80.2707
2025-07-09T18:00,33.8,49,37.3,0.1,0.1,51,100,8.2,140,13.0827,80.2707
2025-07-09T19:00,32.0,64,37.2,0.0,0.0,3,100,7.7,149,13.0827,80.2707
2025-07-09T20:00,31.7,66,36.3,0.0,0.0,3,100,11.9,186,13.0827,80.2707
2025-07-09T21:00,31.1,65,35.4,0.0,0.0,3,100,11.3,181,13.0827,80.2707
2025-07-09T22:00,30.5,63,34.2,0.2,0.2,51,79,10.4,224,13.0827,80.2707
2025-07-09T23:00,30.2,60,33.1,0.0,0.0,3,80,11.2,220,13.0827,80.2707
2025-07-10T00:00,29.4,62,32.2,0.0,0.0,0,5,12.0,226,13.0827,80.2707
2025-07-10T01:00,28.9,67,32.2,0.0,0.0,0,8,11.0,220,13.0827,80.2707
2025-07-10T02:00,28.5,70,32.1,0.0,0.0,2,63,10.4,226,13.0827,80.2707
2025-07-10T03:00,28.2,70,32.0,0.0,0.0,1,40,9.1,234,13.0827,80.2707
2025-07-10T04:00,27.9,71,31.6,0.0,0.0,1,20,8.6,244,13.0827,80.2707
2025-07-10T05:00,27.9,68,31.2,0.0,0.0,0,15,9.5,249,13.0827,80.2707
2025-07-10T06:00,29.7,61,32.4,0.0,0.0,2,76,12.4,251,13.0827,80.2707
2025-07-10T07:00,30.8,57,33.6,0.0,0.0,2,77,11.8,253,13.0827,80.2707
2025-07-10T08:00,32.1,52,34.6,0.0,0.0,1,33,12.8,271,13.0827,80.2707
2025-07-10T09:00,33.5,47,36.2,0.0,0.0,3,99,11.4,282,13.0827,80.2707
2025-07-10T10:00,34.7,44,37.7,0.0,0.0,3,99,11.8,290,13.0827,80.2707
2025-07-10T11:00,35.8,40,38.5,0.1,0.1,51,100,14.4,298,13.0827,80.2707
2025-07-10T12:00,36.3,39,39.6,0.1,0.1,51,100,9.9,314,13.0827,80.2707
2025-07-10T13:00,36.5,38,41.6,0.2,0.2,51,99,1.1,81,13.0827,80.2707
2025-07-10T14:00,34.7,47,38.7,0.3,0.3,51,99,10.8,128,13.0827,80.2707
2025-07-10T15:00,32.9,55,35.5,0.1,0.1,51,75,18.4,149,13.0827,80.2707
2025-07-10T16:00,32.2,54,34.7,0.2,0.2,51,88,15.6,157,13.0827,80.2707
2025-07-10T17:00,32.1,57,36.1,0.1,0.1,51,40,8.8,175,13.0827,80.2707
2025-07-10T18:00,30.9,71,35.9,0.1,0.1,51,44,11.1,133,13.0827,80.2707
2025-07-10T19:00,30.2,69,34.3,0.0,0.0,1,36,13.2,154,13.0827,80.2707
2025-07-10T20:00,30.1,74,34.8,0.0,0.0,2,51,13.2,163,13.0827,80.2707
2025-07-10T21:00,30.0,76,35.1,0.0,0.0,3,87,12.0,167,13.0827,80.2707
2025-07-10T22:00,30.1,74,35.0,0.0,0.0,3,87,12.1,182,13.0827,80.2707
2025-07-10T23:00,29.9,74,34.5,0.0,0.0,3,89,13.2,194,13.0827,80.2707
2025-07-11T00:00,29.6,73,33.9,0.0,0.0,2,73,12.9,198,13.0827,80.2707
2025-07-11T01:00,29.3,74,33.6,0.0,0.0,3,95,12.4,210,13.0827,80.2707
2025-07-11T02:00,29.3,69,33.1,0.0,0.0,2,55,12.3,232,13.0827,80.2707
2025-07-11T03:00,29.3,64,32.2,0.0,0.0,1,22,12.7,247,13.0827,80.2707
2025-07-11T04:00,29.1,62,31.5,0.0,0.0,0,3,13.5,254,13.0827,80.2707
2025-07-11T05:00,28.9,63,31.5,0.0,0.0,0,1,12.9,254,13.0827,80.2707
2025-07-11T06:00,29.9,65,33.3,0.0,0.0,0,3,12.1,264,13.0827,80.2707
2025-07-11T07:00,31.3,56,33.9,0.0,0.0,1,27,13.9,270,13.0827,80.2707
2025-07-11T08:00,32.6,50,34.6,0.0,0.0,2,57,15.3,285,13.0827,80.2707
2025-07-11T09:00,34.0,45,36.1,0.0,0.0,0,13,14.1,289,13.0827,80.2707
2025-07-11T10:00,35.6,40,38.5,0.0,0.0,1,36,13.2,290,13.0827,80.2707
2025-07-11T11:00,36.8,38,40.5,0.0,0.0,1,46,12.1,297,13.0827,80.2707
2025-07-11T12:00,37.6,36,42.0,0.0,0.0,1,29,8.4,301,13.0827,80.2707
2025-07-11T13:00,37.6,36,42.9,0.0,0.0,3,83,2.6,102,13.0827,80.2707
2025-07-11T14:00,34.1,49,37.3,0.3,0.3,51,87,15.6,126,13.0827,80.2707
2025-07-11T15:00,33.2,49,35.9,0.1,0.1,51,72,12.2,147,13.0827,80.2707
2025-07-11T16:00,34.1,51,37.1,0.0,0.0,1,40,15.2,146,13.0827,80.2707
2025-07-11T17:00,32.1,62,35.8,0.0,0.0,1,38,15.0,157,13.0827,80.2707
2025-07-11T18:00,31.9,61,35.8,0.0,0.0,2,52,12.4,126,13.0827,80.2707
2025-07-11T19:00,30.9,63,34.3,0.0,0.0,2,62,14.2,150,13.0827,80.2707
2025-07-11T20:00,30.5,76,35.6,0.0,0.0,2,67,14.2,159,13.0827,80.2707
2025-07-11T21:00,28.5,83,34.0,5.4,5.4,63,67,10.4,171,13.0827,80.2707
2025-07-11T22:00,28.9,89,35.2,0.1,0.1,51,35,11.3,158,13.0827,80.2707
2025-07-11T23:00,29.0,88,35.9,0.0,0.0,1,34,7.2,183,13.0827,80.2707
2025-07-12T00:00,28.9,85,34.9,0.0,0.0,1,27,9.7,252,13.0827,80.2707
2025-07-12T01:00,28.2,76,32.4,0.0,0.0,1,37,10.6,279,13.0827,80.2707
2025-07-12T02:00,27.7,76,31.7,0.0,0.0,3,84,10.1,270,13.0827,80.2707
2025-07-12T03:00,27.5,76,31.4,0.0,0.0,2,76,10.1,254,13.0827,80.2707
2025-07-12T04:00,27.4,76,31.3,0.0,0.0,2,62,10.0,262,13.0827,80.2707
2025-07-12T05:00,27.5,76,31.4,0.0,0.0,3,92,10.3,257,13.0827,80.2707
2025-07-12T06:00,28.4,77,32.7,0.0,0.0,3,90,11.9,239,13.0827,80.2707
2025-07-12T07:00,29.6,72,34.0,0.0,0.0,1,34,11.6,246,13.0827,80.2707
2025-07-12T08:00,31.5,59,34.6,0.0,0.0,2,53,14.3,264,13.0827,80.2707
2025-07-12T09:00,32.8,52,35.0,0.0,0.0,1,46,16.7,282,13.0827,80.2707
2025-07-12T10:00,34.4,46,37.4,0.0,0.0,1,41,16.7,286,13.0827,80.2707
2025-07-12T11:00,35.6,42,39.2,0.0,0.0,3,86,15.6,296,13.0827,80.2707
2025-07-12T12:00,36.6,39,40.5,0.0,0.0,1,43,13.8,303,13.0827,80.2707
2025-07-12T13:00,37.7,36,41.6,0.0,0.0,1,45,11.7,308,13.0827,80.2707
2025-07-12T14:00,37.5,36,41.6,0.0,0.0,3,85,5.9,342,13.0827,80.2707
2025-07-12T15:00,36.2,42,39.4,0.0,0.0,3,99,8.6,123,13.0827,80.2707
2025-07-12T16:00,26.2,88,29.2,14.2,14.2,65,98,20.9,246,13.0827,80.2707
2025-07-12T17:00,26.6,89,31.9,7.9,7.9,65,100,8.6,307,13.0827,80.2707
2025-07-12T18:00,30.8,66,35.5,0.0,0.0,3,92,7.7,249,13.0827,80.2707
2025-07-12T19:00,29.4,73,34.9,0.0,0.0,3,97,4.9,237,13.0827,80.2707
2025-07-12T20:00,29.0,76,34.9,0.0,0.0,3,97,2.8,235,13.0827,80.2707
2025-07-12T21:00,28.3,78,33.5,0.0,0.0,3,100,6.3,215,13.0827,80.2707
2025-07-12T22:00,27.9,78,32.9,0.0,0.0,3,100,6.4,232,13.0827,80.2707
2025-07-12T23:00,27.7,78,32.4,0.0,0.0,3,100,8.0,245,13.0827,80.2707
2025-07-13T00:00,27.5,79,31.9,0.0,0.0,3,100,9.1,256,13.0827,80.2707
2025-07-13T01:00,27.5,79,31.7,0.0,0.0,3,100,10.4,262,13.0827,80.2707
2025-07-13T02:00,27.4,78,31.6,0.0,0.0,3,100,9.9,249,13.0827,80.2707
2025-07-13T03:00,27.5,76,31.4,0.0,0.0,3,100,9.7,241,13.0827,80.2707
2025-07-13T04:00,27.4,73,30.9,0.0,0.0,3,100,10.1,243,13.0827,80.2707
2025-07-13T05:00,27.1,73,30.4,0.0,0.0,3,100,10.4,249,13.0827,80.2707
2025-07-13T06:00,28.5,66,31.3,0.0,0.0,3,100,12.8,260,13.0827,80.2707
2025-07-13T07:00,29.2,66,32.3,0.0,0.0,3,100,12.7,263,13.0827,80.2707
2025-07-13T08:00,30.2,65,34.0,0.0,0.0,3,100,11.7,269,13.0827,80.2707
2025-07-13T09:00,31.4,61,35.0,0.0,0.0,3,100,12.8,279,13.0827,80.2707
2025-07-13T10:00,32.5,58,36.7,0.0,0.0,3,100,12.2,279,13.0827,80.2707
2025-07-13T11:00,33.4,55,38.3,0.0,0.0,3,100,11.3,290,13.0827,80.2707
2025-07-13T12:00,34.3,52,39.3,0.0,0.0,3,100,9.4,300,13.0827,80.2707
2025-07-13T13:00,35.1,50,40.7,0.0,0.0,3,100,8.6,307,13.0827,80.2707
2025-07-13T14:00,34.6,49,39.9,0.0,0.0,3,100,3.8,262,13.0827,80.2707
2025-07-13T15:00,32.4,63,37.2,0.3,0.3,51,100,10.0,128,13.0827,80.2707
2025-07-13T16:00,29.7,72,34.2,0.4,0.4,51,100,11.1,227,13.0827,80.2707
2025-07-13T17:00,29.3,73,34.1,0.1,0.1,51,100,7.9,197,13.0827,80.2707
2025-07-13T18:00,29.1,77,34.2,0.0,0.0,3,100,9.4,192,13.0827,80.2707
2025-07-13T19:00,28.9,75,33.8,0.0,0.0,3,100,8.3,182,13.0827,80.2707
2025-07-13T20:00,28.6,77,33.5,0.0,0.0,3,100,8.7,194,13.0827,80.2707
2025-07-13T21:00,28.2,77,32.8,0.0,0.0,3,100,9.0,213,13.0827,80.2707
2025-07-13T22:00,28.0,76,32.4,0.0,0.0,3,100,8.4,222,13.0827,80.2707
2025-07-13T23:00,27.9,75,31.4,0.0,0.0,3,100,13.2,233,13.0827,80.2707
2025-07-14T00:00,27.1,75,30.2,0.0,0.0,3,100,13.4,228,13.0827,80.2707
2025-07-14T01:00,26.5,79,30.1,0.0,0.0,3,100,10.7,225,13.0827,80.2707
2025-07-14T02:00,26.3,80,30.2,0.0,0.0,3,100,9.8,229,13.0827,80.2707
2025-07-14T03:00,26.1,82,30.0,0.0,0.0,3,100,9.9,235,13.0827,80.2707
2025-07-14T04:00,26.3,81,30.0,0.0,0.0,3,100,10.7,240,13.0827,80.2707
2025-07-14T05:00,26.6,79,30.4,0.0,0.0,3,100,10.4,247,13.0827,80.2707
2025-07-14T06:00,28.1,74,32.3,0.0,0.0,3,100,9.0,254,13.0827,80.2707
2025-07-14T07:00,29.1,72,33.8,0.0,0.0,3,100,7.9,249,13.0827,80.2707
2025-07-14T08:00,30.7,64,34.8,0.0,0.0,3,100,10.0,262,13.0827,80.2707
2025-07-14T09:00,31.9,57,35.2,0.0,0.0,3,100,12.6,272,13.0827,80.2707
2025-07-14T10:00,33.1,53,37.4,0.0,0.0,3,100,12.3,267,13.0827,80.2707
2025-07-14T11:00,34.3,49,39.2,0.0,0.0,3,100,11.7,265,13.0827,80.2707
2025-07-14T12:00,34.9,48,39.4,0.0,0.0,3,100,12.0,263,13.0827,80.2707
2025-07-14T13:00,35.5,45,39.4,0.0,0.0,3,100,12.6,274,13.0827,80.2707
2025-07-14T14:00,32.8,55,36.2,0.9,0.9,53,100,17.8,249,13.0827,80.2707
2025-07-14T15:00,34.4,50,39.4,0.0,0.0,3,100,2.4,163,13.0827,80.2707
2025-07-14T16:00,30.7,64,33.3,2.1,2.1,61,100,19.7,220,13.0827,80.2707
2025-07-14T17:00,29.1,75,34.1,0.2,0.2,51,100,7.6,225,13.0827,80.2707
2025-07-14T18:00,31.0,72,36.9,0.0,0.0,3,100,7.7,150,13.0827,80.2707
2025-07-14T19:00,30.3,76,36.5,0.0,0.0,3,100,6.7,175,13.0827,80.2707
2025-07-14T20:00,30.1,74,35.2,0.0,0.0,3,100,10.2,197,13.0827,80.2707
2025-07-14T21:00,29.7,72,34.1,0.0,0.0,3,100,11.7,238,13.0827,80.2707
2025-07-14T22:00,28.0,75,33.3,2.0,2.0,61,100,1.9,202,13.0827,80.2707
2025-07-14T23:00,26.8,83,31.5,0.0,0.0,3,100,8.1,183,13.0827,80.2707
2025-07-15T00:00,26.5,84,31.1,0.0,0.0,3,100,8.4,225,13.0827,80.2707
2025-07-15T01:00,26.7,86,31.5,0.0,0.0,3,100,9.5,219,13.0827,80.2707
2025-07-15T02:00,27.1,80,31.2,0.0,0.0,3,100,10.8,233,13.0827,80.2707
2025-07-15T03:00,27.4,73,30.8,0.0,0.0,3,100,11.0,244,13.0827,80.2707
2025-07-15T04:00,27.4,71,30.7,0.0,0.0,3,100,9.9,251,13.0827,80.2707
2025-07-15T05:00,27.3,70,30.4,0.0,0.0,3,100,10.5,264,13.0827,80.2707
2025-07-15T06:00,28.2,66,31.1,0.0,0.0,3,100,10.9,254,13.0827,80.2707
2025-07-15T07:00,29.5,61,32.5,0.0,0.0,3,100,10.6,252,13.0827,80.2707
2025-07-15T08:00,30.8,58,33.8,0.0,0.0,3,100,11.4,254,13.0827,80.2707
2025-07-15T09:00,32.2,53,34.8,0.0,0.0,3,100,13.9,266,13.0827,80.2707
2025-07-15T10:00,33.5,50,36.9,0.0,0.0,3,100,14.1,268,13.0827,80.2707
2025-07-15T11:00,35.0,46,39.0,0.0,0.0,3,100,14.2,273,13.0827,80.2707
2025-07-15T12:00,36.2,43,40.3,0.0,0.0,3,99,13.8,279,13.0827,80.2707
2025-07-15T13:00,37.0,40,40.8,0.0,0.0,3,99,14.3,290,13.0827,80.2707
2025-07-15T14:00,37.2,40,41.5,0.0,0.0,3,99,8.9,313,13.0827,80.2707
2025-07-15T15:00,32.6,57,37.7,1.2,1.2,55,74,2.7,127,13.0827,80.2707
2025-07-15T16:00,32.1,62,37.2,0.0,0.0,3,100,6.1,157,13.0827,80.2707
2025-07-15T17:00,31.0,66,36.2,0.0,0.0,2,78,4.5,209,13.0827,80.2707
2025-07-15T18:00,31.6,67,37.8,0.0,0.0,1,33,2.4,138,13.0827,80.2707
2025-07-15T19:00,31.4,66,36.5,0.0,0.0,1,44,8.0,170,13.0827,80.2707
2025-07-15T20:00,30.8,69,36.2,0.0,0.0,1,43,6.8,177,13.0827,80.2707
2025-07-15T21:00,30.4,70,35.7,0.0,0.0,2,74,6.6,193,13.0827,80.2707
2025-07-15T22:00,28.8,74,33.3,0.6,0.6,53,90,9.8,246,13.0827,80.2707
2025-07-15T23:00,28.1,78,33.4,0.0,0.0,2,75,5.2,196,13.0827,80.2707
2025-07-16T00:00,28.5,76,33.8,0.0,0.0,1,29,5.2,205,13.0827,80.2707
2025-07-16T01:00,28.3,78,33.2,0.0,0.0,3,89,8.9,216,13.0827,80.2707
2025-07-16T02:00,28.0,79,32.7,0.0,0.0,3,90,9.5,234,13.0827,80.2707
2025-07-16T03:00,28.1,72,31.5,0.0,0.0,2,67,12.9,254,13.0827,80.2707
2025-07-16T04:00,28.3,65,30.8,0.0,0.0,3,81,13.2,265,13.0827,80.2707
2025-07-16T05:00,27.9,66,30.5,0.0,0.0,1,47,11.5,270,13.0827,80.2707
2025-07-16T06:00,29.2,63,31.9,0.0,0.0,1,28,13.2,258,13.0827,80.2707
2025-07-16T07:00,30.4,59,33.3,0.0,0.0,1,44,12.1,267,13.0827,80.2707
2025-07-16T08:00,31.9,53,34.2,0.0,0.0,1,42,14.4,279,13.0827,80.2707
2025-07-16T09:00,33.4,48,36.0,0.0,0.0,2,76,13.3,288,13.0827,80.2707
2025-07-16T10:00,35.0,43,38.7,0.0,0.0,3,100,11.0,294,13.0827,80.2707
2025-07-16T11:00,36.2,40,40.6,0.0,0.0,3,100,8.1,315,13.0827,80.2707
2025-07-16T12:00,36.9,38,42.5,0.0,0.0,3,93,4.4,60,13.0827,80.2707
2025-07-16T13:00,35.3,45,40.0,0.4,0.4,51,94,11.2,101,13.0827,80.2707
2025-07-16T14:00,33.8,50,37.2,0.3,0.3,51,88,13.7,109,13.0827,80.2707
2025-07-16T15:00,33.7,52,37.1,0.2,0.2,51,100,14.6,148,13.0827,80.2707
2025-07-16T16:00,33.2,53,36.1,0.0,0.0,3,100,14.1,161,13.0827,80.2707
2025-07-16T17:00,31.6,61,34.9,0.0,0.0,2,69,14.9,203,13.0827,80.2707
2025-07-16T18:00,30.9,63,34.0,0.0,0.0,3,100,16.1,147,13.0827,80.2707
2025-07-16T19:00,30.7,70,35.3,0.0,0.0,3,100,12.3,150,13.0827,80.2707
2025-07-16T20:00,29.7,72,34.6,0.9,0.9,53,100,8.2,241,13.0827,80.2707
2025-07-16T21:00,26.2,89,31.6,11.4,11.4,65,97,6.1,185,13.0827,80.2707
2025-07-16T22:00,26.2,90,31.4,1.6,1.6,61,94,7.4,212,13.0827,80.2707
2025-07-16T23:00,26.1,92,32.2,1.4,1.4,61,94,2.6,258,13.0827,80.2707
2025-07-17T00:00,25.9,94,31.3,0.4,0.4,51,99,8.4,251,13.0827,80.2707
2025-07-17T01:00,25.5,94,30.6,0.2,0.2,51,100,8.3,281,13.0827,80.2707
2025-07-17T02:00,25.6,92,30.5,0.1,0.1,51,91,9.2,267,13.0827,80.2707
2025-07-17T03:00,25.7,92,30.9,0.2,0.2,51,100,6.9,265,13.0827,80.2707
2025-07-17T04:00,25.7,93,30.9,1.2,1.2,55,98,8.3,237,13.0827,80.2707
2025-07-17T05:00,25.8,92,31.0,0.1,0.1,51,99,7.8,233,13.0827,80.2707
2025-07-17T06:00,27.5,77,31.2,0.0,0.0,3,99,12.9,258,13.0827,80.2707
2025-07-17T07:00,28.6,75,32.8,0.0,0.0,3,100,11.4,257,13.0827,80.2707
2025-07-17T08:00,30.1,69,34.0,0.0,0.0,3,100,13.4,265,13.0827,80.2707
2025-07-17T09:00,31.8,61,35.6,0.0,0.0,1,31,12.8,280,13.0827,80.2707
2025-07-17T10:00,33.4,53,38.0,0.0,0.0,2,60,11.4,294,13.0827,80.2707
2025-07-17T11:00,34.3,50,39.5,0.0,0.0,3,97,10.6,313,13.0827,80.2707
2025-07-17T12:00,34.5,50,40.2,0.0,0.0,3,100,5.7,349,13.0827,80.2707
2025-07-17T13:00,33.4,56,38.2,0.9,0.9,53,99,7.4,104,13.0827,80.2707
2025-07-17T14:00,30.6,73,35.4,0.1,0.1,51,100,13.4,123,13.0827,80.2707
2025-07-17T15:00,30.4,72,35.2,0.6,0.6,53,100,11.4,123,13.0827,80.2707
2025-07-17T16:00,30.2,74,35.0,0.3,0.3,51,100,13.3,152,13.0827,80.2707
2025-07-17T17:00,29.9,76,34.4,0.0,0.0,0,15,16.6,162,13.0827,80.2707
2025-07-17T18:00,28.4,82,34.1,0.2,0.2,51,100,7.2,243,13.0827,80.2707
2025-07-17T19:00,28.4,83,33.7,0.1,0.1,51,100,10.8,249,13.0827,80.2707
2025-07-17T20:00,28.2,84,33.7,0.0,0.0,3,100,8.9,232,13.0827,80.2707
2025-07-17T21:00,28.0,83,33.5,0.0,0.0,3,100,8.0,243,13.0827,80.2707
2025-07-17T22:00,27.9,80,32.6,0.0,0.0,3,88,9.8,257,13.0827,80.2707
2025-07-17T23:00,27.5,81,32.0,0.0,0.0,3,100,10.6,240,13.0827,80.2707
2025-07-18T00:00,27.2,83,31.8,0.0,0.0,3,100,10.2,225,13.0827,80.2707
2025-07-18T01:00,27.1,83,31.7,0.0,0.0,3,100,10.0,253,13.0827,80.2707
2025-07-18T02:00,26.8,83,31.1,0.4,0.4,51,100,11.1,250,13.0827,80.2707
2025-07-18T03:00,26.5,85,31.0,0.6,0.6,53,100,9.5,259,13.0827,80.2707
2025-07-18T04:00,26.1,88,30.7,0.4,0.4,51,100,10.4,242,13.0827,80.2707
2025-07-18T05:00,26.0,88,30.7,0.1,0.1,51,100,9.6,250,13.0827,80.2707
2025-07-18T06:00,26.0,90,31.1,0.1,0.1,51,99,7.6,239,13.0827,80.2707
2025-07-18T07:00,26.9,89,32.5,0.0,0.0,3,98,7.4,241,13.0827,80.2707
2025-07-18T08:00,28.4,82,34.2,0.0,0.0,3,100,7.2,283,13.0827,80.2707
2025-07-18T09:00,29.5,73,34.3,0.1,0.1,51,100,9.6,307,13.0827,80.2707
2025-07-18T10:00,30.3,69,35.2,0.0,0.0,3,100,8.0,316,13.0827,80.2707
2025-07-18T11:00,31.1,67,37.1,0.0,0.0,3,100,6.1,326,13.0827,80.2707
2025-07-18T12:00,31.4,64,37.6,0.1,0.1,51,100,5.4,323,13.0827,80.2707
2025-07-18T13:00,31.6,65,37.9,0.0,0.0,3,100,2.2,318,13.0827,80.2707
2025-07-18T14:00,31.5,66,37.6,0.0,0.0,3,100,3.7,113,13.0827,80.2707
2025-07-18T15:00,29.9,75,35.0,0.7,0.7,53,100,10.4,129,13.0827,80.2707
2025-07-18T16:00,29.7,76,35.3,0.1,0.1,51,81,8.0,175,13.0827,80.2707
2025-07-18T17:00,29.3,78,35.1,0.1,0.1,51,68,6.5,226,13.0827,80.2707
2025-07-18T18:00,28.2,86,34.4,0.0,0.0,3,100,6.0,159,13.0827,80.2707
2025-07-18T19:00,27.8,88,33.9,0.0,0.0,3,100,6.7,183,13.0827,80.2707
2025-07-18T20:00,27.9,89,34.1,0.0,0.0,3,100,7.3,171,13.0827,80.2707
2025-07-18T21:00,28.1,88,34.1,0.0,0.0,3,97,8.5,186,13.0827,80.2707
2025-07-18T22:00,28.1,87,33.9,0.0,0.0,2,74,9.8,187,13.0827,80.2707
2025-07-18T23:00,25.7,88,29.3,6.5,6.5,63,97,14.6,251,13.0827,80.2707
2025-07-19T00:00,25.3,90,29.6,1.1,1.1,55,94,10.4,255,13.0827,80.2707
2025-07-19T01:00,25.1,92,29.5,0.5,0.5,53,91,10.4,233,13.0827,80.2707
2025-07-19T02:00,25.2,91,29.4,0.0,0.0,2,78,11.7,245,13.0827,80.2707
2025-07-19T03:00,25.1,92,29.4,0.0,0.0,3,95,10.4,234,13.0827,80.2707
2025-07-19T04:00,25.2,91,29.6,0.0,0.0,3,100,9.7,241,13.0827,80.2707
2025-07-19T05:00,25.5,89,30.0,0.0,0.0,3,100,8.8,250,13.0827,80.2707
2025-07-19T06:00,26.0,87,29.9,1.6,1.6,61,100,13.7,245,13.0827,80.2707
2025-07-19T07:00,26.3,88,30.4,0.7,0.7,53,100,13.5,247,13.0827,80.2707
2025-07-19T08:00,26.6,87,31.0,1.2,1.2,55,100,13.2,250,13.0827,80.2707
2025-07-19T09:00,27.1,86,32.0,0.6,0.6,53,100,10.6,255,13.0827,80.2707
2025-07-19T10:00,27.8,83,32.6,0.9,0.9,53,100,11.0,260,13.0827,80.2707
2025-07-19T11:00,28.1,81,33.0,0.3,0.3,51,100,10.0,262,13.0827,80.2707
2025-07-19T12:00,29.3,77,34.6,0.1,0.1,51,100,8.7,263,13.0827,80.2707
2025-07-19T13:00,30.2,73,35.8,0.0,0.0,3,100,7.0,258,13.0827,80.2707
2025-07-19T14:00,30.8,70,36.3,0.0,0.0,3,100,7.3,240,13.0827,80.2707
2025-07-19T15:00,30.9,67,35.8,0.0,0.0,3,100,8.3,219,13.0827,80.2707
2025-07-19T16:00,31.1,63,35.5,0.0,0.0,3,100,7.9,213,13.0827,80.2707
2025-07-19T17:00,30.2,71,35.3,0.0,0.0,3,100,7.6,198,13.0827,80.2707
2025-07-19T18:00,29.0,77,34.0,0.0,0.0,3,100,9.9,280,13.0827,80.2707
2025-07-19T19:00,28.2,81,33.5,0.0,0.0,3,100,7.2,256,13.0827,80.2707
2025-07-19T20:00,27.7,82,32.5,0.0,0.0,3,100,10.6,238,13.0827,80.2707
2025-07-19T21:00,27.6,80,31.7,0.0,0.0,3,99,12.7,249,13.0827,80.2707
2025-07-19T22:00,27.1,80,30.9,0.0,0.0,3,100,13.0,253,13.0827,80.2707
2025-07-19T23:00,26.8,79,29.8,0.0,0.0,2,67,16.3,249,13.0827,80.2707
2025-07-20T00:00,26.7,80,30.0,0.0,0.0,3,99,14.4,266,13.0827,80.2707
2025-07-20T01:00,26.6,81,30.2,0.0,0.0,3,99,13.0,265,13.0827,80.2707
2025-07-20T02:00,26.7,80,30.5,0.0,0.0,3,100,11.0,266,13.0827,80.2707
2025-07-20T03:00,26.9,77,30.4,0.0,0.0,3,100,11.2,275,13.0827,80.2707
2025-07-20T04:00,26.8,76,30.2,0.0,0.0,3,100,11.5,278,13.0827,80.2707
2025-07-20T05:00,26.8,76,30.2,0.0,0.0,3,100,10.6,273,13.0827,80.2707
2025-07-20T06:00,27.8,72,31.0,0.0,0.0,3,100,13.2,268,13.0827,80.2707
2025-07-20T07:00,28.4,70,31.7,0.0,0.0,3,100,12.6,269,13.0827,80.2707
2025-07-20T08:00,29.1,70,33.2,0.0,0.0,3,100,9.9,274,13.0827,80.2707
2025-07-20T09:00,29.6,69,34.0,0.0,0.0,3,100,9.0,273,13.0827,80.2707
2025-07-20T10:00,30.4,67,34.9,0.0,0.0,3,100,8.8,259,13.0827,80.2707
2025-07-20T11:00,30.6,66,35.3,0.0,0.0,3,100,7.6,251,13.0827,80.2707
2025-07-20T12:00,31.3,63,35.9,0.0,0.0,3,100,7.4,257,13.0827,80.2707
2025-07-20T13:00,31.8,62,36.7,0.0,0.0,3,100,6.4,243,13.0827,80.2707
2025-07-20T14:00,32.6,60,37.7,0.0,0.0,2,79,5.9,243,13.0827,80.2707
2025-07-20T15:00,32.4,60,37.5,0.2,0.2,51,83,8.3,265,13.0827,80.2707
2025-07-20T16:00,31.6,64,36.3,0.0,0.0,3,88,9.1,253,13.0827,80.2707
2025-07-20T17:00,31.2,67,36.6,0.0,0.0,3,100,6.0,229,13.0827,80.2707
2025-07-20T18:00,29.5,72,34.7,0.0,0.0,3,100,6.5,210,13.0827,80.2707
2025-07-20T19:00,29.1,73,33.3,0.0,0.0,3,100,11.1,210,13.0827,80.2707
2025-07-20T20:00,28.5,75,32.4,0.0,0.0,3,100,13.0,219,13.0827,80.2707
2025-07-20T21:00,28.0,77,31.8,0.0,0.0,3,100,13.7,231,13.0827,80.2707
2025-07-20T22:00,27.8,78,31.7,0.0,0.0,3,100,13.2,224,13.0827,80.2707
2025-07-20T23:00,27.4,78,31.3,0.0,0.0,3,100,12.2,229,13.0827,80.2707
2025-07-21T00:00,27.4,77,31.1,0.0,0.0,3,100,11.9,260,13.0827,80.2707
2025-07-21T01:00,27.3,76,31.2,0.0,0.0,3,100,9.0,272,13.0827,80.2707
2025-07-21T02:00,27.0,77,31.2,0.0,0.0,3,100,7.4,269,13.0827,80.2707
2025-07-21T03:00,26.7,79,31.1,0.0,0.0,3,100,6.0,263,13.0827,80.2707
2025-07-21T04:00,26.7,79,31.0,0.0,0.0,3,100,6.3,273,13.0827,80.2707
2025-07-21T05:00,26.2,83,31.1,0.1,0.1,51,100,4.0,275,13.0827,80.2707
2025-07-21T06:00,26.0,87,30.1,0.5,0.5,53,100,11.5,273,13.0827,80.2707
2025-07-21T07:00,26.0,87,30.2,0.5,0.5,53,100,10.7,256,13.0827,80.2707
2025-07-21T08:00,26.8,86,31.5,0.2,0.2,51,100,10.1,245,13.0827,80.2707
2025-07-21T09:00,27.4,82,32.1,0.1,0.1,51,100,9.4,239,13.0827,80.2707
2025-07-21T10:00,27.5,81,32.0,0.2,0.2,51,100,10.3,237,13.0827,80.2707
2025-07-21T11:00,28.8,75,33.0,0.3,0.3,51,100,12.0,256,13.0827,80.2707
2025-07-21T12:00,29.3,73,33.8,0.1,0.1,51,100,11.6,262,13.0827,80.2707
2025-07-21T13:00,29.7,73,34.5,0.1,0.1,51,100,10.7,258,13.0827,80.2707
2025-07-21T14:00,29.0,77,34.2,0.3,0.3,51,100,8.1,267,13.0827,80.2707
2025-07-21T15:00,29.3,77,34.9,0.1,0.1,51,100,7.2,242,13.0827,80.2707
2025-07-21T16:00,30.0,72,34.9,0.0,0.0,3,100,9.4,225,13.0827,80.2707
2025-07-21T17:00,29.6,76,35.3,0.0,0.0,3,100,7.2,198,13.0827,80.2707
2025-07-21T18:00,28.1,83,33.4,0.0,0.0,3,100,9.2,225,13.0827,80.2707
2025-07-21T19:00,27.5,84,32.7,0.0,0.0,3,100,8.2,230,13.0827,80.2707
2025-07-21T20:00,27.6,82,32.6,0.0,0.0,3,100,8.7,223,13.0827,80.2707
2025-07-21T21:00,27.7,79,32.2,0.0,0.0,3,100,9.8,215,13.0827,80.2707
2025-07-21T22:00,27.6,79,31.9,0.0,0.0,3,100,10.7,216,13.0827,80.2707
2025-07-21T23:00,27.1,80,31.1,0.0,0.0,3,98,12.1,228,13.0827,80.2707
2025-07-22T00:00,27.0,79,30.6,0.0,0.0,3,100,13.7,232,13.0827,80.2707
2025-07-22T01:00,26.7,81,30.2,0.0,0.0,3,100,13.9,232,13.0827,80.2707
2025-07-22T02:00,26.7,79,30.0,0.0,0.0,3,100,13.8,233,13.0827,80.2707
2025-07-22T03:00,26.6,77,29.6,0.0,0.0,3,100,13.9,240,13.0827,80.2707
2025-07-22T04:00,26.3,78,29.4,0.0,0.0,3,100,12.7,241,13.0827,80.2707
2025-07-22T05:00,26.3,77,29.2,0.0,0.0,3,100,13.0,239,13.0827,80.2707
2025-07-22T06:00,26.6,75,29.5,0.0,0.0,3,100,12.9,234,13.0827,80.2707
2025-07-22T07:00,27.2,74,30.5,0.0,0.0,3,100,11.9,231,13.0827,80.2707
2025-07-22T08:00,28.4,73,32.4,0.0,0.0,3,100,10.8,228,13.0827,80.2707
2025-07-22T09:00,29.6,68,33.1,0.0,0.0,3,100,14.3,233,13.0827,80.2707
2025-07-22T10:00,30.9,62,34.7,0.0,0.0,3,92,16.0,237,13.0827,80.2707
2025-07-22T11:00,31.7,60,35.2,0.0,0.0,3,100,19.1,252,13.0827,80.2707
2025-07-22T12:00,31.1,60,33.8,0.2,0.2,51,100,17.7,253,13.0827,80.2707
2025-07-22T13:00,32.0,58,34.9,0.0,0.0,3,100,16.6,253,13.0827,80.2707
2025-07-22T14:00,30.8,66,34.3,0.7,0.7,53,99,19.5,279,13.0827,80.2707
2025-07-22T15:00,30.3,71,35.4,0.2,0.2,51,20,8.5,253,13.0827,80.2707
2025-07-22T16:00,31.5,65,36.0,0.0,0.0,2,66,11.5,245,13.0827,80.2707
2025-07-22T17:00,30.0,70,34.3,0.0,0.0,3,100,11.9,260,13.0827,80.2707
2025-07-22T18:00,29.6,65,32.2,0.0,0.0,2,57,16.6,248,13.0827,80.2707
2025-07-22T19:00,29.1,68,31.9,0.0,0.0,2,62,15.8,249,13.0827,80.2707
2025-07-22T20:00,29.0,68,31.7,0.0,0.0,3,99,17.0,242,13.0827,80.2707
2025-07-22T21:00,28.7,66,31.5,0.0,0.0,2,66,14.0,255,13.0827,80.2707
2025-07-22T22:00,28.2,68,31.2,0.0,0.0,3,100,12.8,260,13.0827,80.2707
2025-07-22T23:00,27.5,71,29.8,0.0,0.0,3,100,16.5,262,13.0827,80.2707
2025-07-23T00:00,27.5,70,29.9,0.0,0.0,3,100,14.5,253,13.0827,80.2707
2025-07-23T01:00,27.4,69,29.6,0.0,0.0,3,100,15.0,250,13.0827,80.2707
2025-07-23T02:00,27.1,69,29.3,0.0,0.0,3,100,14.6,249,13.0827,80.2707
2025-07-23T03:00,27.1,69,29.2,0.0,0.0,3,100,14.5,256,13.0827,80.2707
2025-07-23T04:00,26.8,71,29.2,0.0,0.0,3,100,13.9,249,13.0827,80.2707
2025-07-23T05:00,26.7,72,29.0,0.0,0.0,3,100,14.5,243,13.0827,80.2707
2025-07-23T06:00,26.7,73,29.1,0.0,0.0,3,94,15.0,241,13.0827,80.2707
2025-07-23T07:00,27.5,71,30.0,0.0,0.0,3,88,15.4,240,13.0827,80.2707
2025-07-23T08:00,28.1,70,30.6,0.0,0.0,3,99,17.7,239,13.0827,80.2707
2025-07-23T09:00,27.2,78,30.6,0.2,0.2,51,99,14.4,241,13.0827,80.2707
2025-07-23T10:00,28.5,74,32.1,0.0,0.0,3,100,14.1,232,13.0827,80.2707
2025-07-23T11:00,28.9,72,31.9,0.0,0.0,3,100,18.2,256,13.0827,80.2707
2025-07-23T12:00,28.7,74,32.2,0.2,0.2,51,100,14.9,240,13.0827,80.2707
2025-07-23T13:00,28.8,74,32.9,0.1,0.1,51,100,12.0,230,13.0827,80.2707
2025-07-23T14:00,28.5,78,33.4,0.2,0.2,51,100,9.4,215,13.0827,80.2707
2025-07-23T15:00,29.0,77,34.0,0.0,0.0,3,100,9.6,197,13.0827,80.2707
2025-07-23T16:00,29.6,74,34.7,0.0,0.0,3,100,8.4,215,13.0827,80.2707
2025-07-23T17:00,29.6,73,34.6,0.0,0.0,3,100,8.1,219,13.0827,80.2707
2025-07-23T18:00,28.1,87,34.9,0.0,0.0,3,100,2.7,200,13.0827,80.2707
2025-07-23T19:00,27.2,85,32.1,0.1,0.1,51,100,9.8,242,13.0827,80.2707
2025-07-23T20:00,26.3,87,30.4,0.1,0.1,51,100,13.9,260,13.0827,80.2707
2025-07-23T21:00,25.5,93,30.6,2.0,2.0,61,100,7.9,257,13.0827,80.2707
2025-07-23T22:00,25.6,92,30.6,0.9,0.9,53,100,7.9,243,13.0827,80.2707
2025-07-23T23:00,25.6,91,30.4,0.0,0.0,3,100,8.7,243,13.0827,80.2707
2025-07-24T00:00,25.4,91,29.7,0.0,0.0,3,100,11.4,229,13.0827,80.2707
2025-07-24T01:00,25.6,88,29.4,0.2,0.2,51,100,13.3,247,13.0827,80.2707
2025-07-24T02:00,25.5,86,28.5,0.6,0.6,53,100,16.5,247,13.0827,80.2707
2025-07-24T03:00,25.2,86,28.3,0.1,0.1,51,100,15.4,251,13.0827,80.2707
2025-07-24T04:00,25.1,86,28.3,0.1,0.1,51,100,13.8,248,13.0827,80.2707
2025-07-24T05:00,24.9,87,27.7,0.3,0.3,51,100,15.7,242,13.0827,80.2707
2025-07-24T06:00,25.1,88,28.6,1.0,1.0,55,100,13.1,243,13.0827,80.2707
2025-07-24T07:00,25.6,86,29.7,0.3,0.3,51,100,9.9,241,13.0827,80.2707
2025-07-24T08:00,26.3,82,29.9,0.0,0.0,3,100,12.5,234,13.0827,80.2707
2025-07-24T09:00,28.1,76,32.4,0.0,0.0,3,100,9.8,240,13.0827,80.2707
2025-07-24T10:00,29.1,69,32.9,0.0,0.0,3,100,10.7,243,13.0827,80.2707
2025-07-24T11:00,29.5,65,32.8,0.0,0.0,3,100,12.5,242,13.0827,80.2707
2025-07-24T12:00,31.1,58,33.2,0.0,0.0,3,100,18.2,267,13.0827,80.2707
2025-07-24T13:00,31.3,58,34.1,0.0,0.0,3,100,15.7,253,13.0827,80.2707
2025-07-24T14:00,31.0,59,33.5,0.0,0.0,3,100,16.8,251,13.0827,80.2707
2025-07-24T15:00,30.7,62,33.7,0.0,0.0,3,100,15.0,256,13.0827,80.2707
2025-07-24T16:00,30.5,65,34.0,0.0,0.0,3,100,13.7,238,13.0827,80.2707
2025-07-24T17:00,29.5,69,33.0,0.0,0.0,3,100,13.8,248,13.0827,80.2707
2025-07-24T18:00,29.2,81,35.6,0.0,0.0,3,100,4.1,193,13.0827,80.2707
2025-07-24T19:00,28.6,81,34.3,0.0,0.0,3,100,6.8,205,13.0827,80.2707
2025-07-24T20:00,28.2,83,33.8,0.0,0.0,3,100,7.0,209,13.0827,80.2707
2025-07-24T21:00,27.9,75,31.0,0.0,0.0,3,100,16.4,225,13.0827,80.2707
2025-07-24T22:00,26.4,79,29.3,0.0,0.0,3,100,15.1,229,13.0827,80.2707
2025-07-24T23:00,26.4,79,29.8,0.0,0.0,3,100,12.0,233,13.0827,80.2707
2025-07-25T00:00,26.2,81,29.8,0.0,0.0,3,100,11.4,233,13.0827,80.2707
2025-07-25T01:00,26.3,81,29.7,0.0,0.0,3,100,12.8,239,13.0827,80.2707
2025-07-25T02:00,26.5,79,29.7,0.0,0.0,3,100,13.1,241,13.0827,80.2707
2025-07-25T03:00,26.5,77,29.5,0.0,0.0,3,100,14.0,240,13.0827,80.2707
2025-07-25T04:00,26.6,76,29.3,0.0,0.0,3,100,14.7,239,13.0827,80.2707
2025-07-25T05:00,26.3,77,29.3,0.1,0.1,51,100,13.4,241,13.0827,80.2707
2025-07-25T06:00,26.7,79,30.8,0.0,0.0,3,100,8.3,214,13.0827,80.2707
2025-07-25T07:00,27.5,77,31.6,0.0,0.0,3,100,9.1,216,13.0827,80.2707
2025-07-25T08:00,28.3,73,32.0,0.0,0.0,3,100,12.6,223,13.0827,80.2707
2025-07-25T09:00,29.3,71,33.2,0.0,0.0,3,100,12.5,224,13.0827,80.2707
2025-07-25T10:00,30.1,67,34.2,0.0,0.0,3,100,11.3,216,13.0827,80.2707
2025-07-25T11:00,31.5,59,34.4,0.0,0.0,3,100,15.0,247,13.0827,80.2707
2025-07-25T12:00,31.8,58,34.3,0.1,0.1,51,100,20.4,264,13.0827,80.2707
2025-07-25T13:00,30.9,64,34.6,0.1,0.1,51,100,13.3,232,13.0827,80.2707
2025-07-25T14:00,31.0,65,35.0,0.0,0.0,3,100,12.0,210,13.0827,80.2707
2025-07-25T15:00,31.4,59,34.1,0.3,0.3,51,100,17.0,275,13.0827,80.2707
2025-07-25T16:00,27.6,84,33.2,0.7,0.7,53,100,6.2,308,13.0827,80.2707
2025-07-25T17:00,28.0,83,34.0,0.0,0.0,3,100,3.8,188,13.0827,80.2707
2025-07-25T18:00,29.2,74,33.6,0.0,0.0,3,100,12.1,203,13.0827,80.2707
2025-07-25T19:00,29.0,69,32.6,0.0,0.0,3,100,12.6,217,13.0827,80.2707
2025-07-25T20:00,29.0,62,31.1,0.0,0.0,3,100,14.8,223,13.0827,80.2707
2025-07-25T21:00,28.6,62,30.7,0.0,0.0,3,100,14.4,228,13.0827,80.2707
2025-07-25T22:00,28.1,64,30.5,0.0,0.0,3,100,12.3,232,13.0827,80.2707
2025-07-25T23:00,27.7,66,30.1,0.0,0.0,3,100,12.8,235,13.0827,80.2707
2025-07-26T00:00,27.9,65,30.0,0.0,0.0,3,100,14.4,248,13.0827,80.2707
2025-07-26T01:00,27.5,67,29.9,0.0,0.0,3,100,12.5,258,13.0827,80.2707
2025-07-26T02:00,26.2,74,28.6,0.0,0.0,3,100,14.5,243,13.0827,80.2707
2025-07-26T03:00,25.7,77,28.1,0.2,0.2,51,100,15.3,248,13.0827,80.2707
2025-07-26T04:00,25.6,80,28.8,0.6,0.6,53,100,10.8,216,13.0827,80.2707
2025-07-26T05:00,26.2,73,28.8,0.0,0.0,3,100,12.0,230,13.0827,80.2707
2025-07-26T06:00,27.2,71,29.9,0.0,0.0,3,100,12.5,230,13.0827,80.2707
2025-07-26T07:00,27.5,70,30.2,0.0,0.0,3,100,12.9,227,13.0827,80.2707
2025-07-26T08:00,28.7,67,31.4,0.0,0.0,3,100,14.7,231,13.0827,80.2707
2025-07-26T09:00,30.3,63,33.6,0.0,0.0,3,100,12.9,221,13.0827,80.2707
2025-07-26T10:00,31.7,55,34.4,0.0,0.0,3,100,17.3,242,13.0827,80.2707
2025-07-26T11:00,32.5,52,35.4,0.0,0.0,3,100,19.6,252,13.0827,80.2707
2025-07-26T12:00,33.1,49,35.5,0.0,0.0,3,100,19.4,264,13.0827,80.2707
2025-07-26T13:00,34.3,46,36.4,0.0,0.0,3,100,16.2,273,13.0827,80.2707
2025-07-26T14:00,33.4,51,35.8,0.0,0.0,3,100,17.2,250,13.0827,80.2707
2025-07-26T15:00,33.5,52,36.3,0.0,0.0,3,100,15.8,262,13.0827,80.2707
2025-07-26T16:00,31.7,61,36.7,0.3,0.3,51,100,4.5,286,13.0827,80.2707
2025-07-26T17:00,31.7,67,37.6,0.0,0.0,3,100,4.2,265,13.0827,80.2707
2025-07-26T18:00,30.9,61,34.4,0.0,0.0,3,100,11.2,237,13.0827,80.2707
2025-07-26T19:00,29.4,63,32.2,0.0,0.0,3,100,13.4,265,13.0827,80.2707
2025-07-26T20:00,28.7,67,31.7,0.0,0.0,3,100,12.3,248,13.0827,80.2707
2025-07-26T21:00,29.3,62,31.3,0.0,0.0,3,100,17.2,242,13.0827,80.2707
2025-07-26T22:00,28.2,69,30.2,0.0,0.0,3,100,19.6,240,13.0827,80.2707
2025-07-26T23:00,27.6,72,30.3,0.0,0.0,3,100,15.7,239,13.0827,80.2707
2025-07-27T00:00,27.1,76,30.3,0.0,0.0,3,100,13.2,227,13.0827,80.2707
2025-07-27T01:00,26.9,76,30.2,0.0,0.0,3,100,12.6,232,13.0827,80.2707
2025-07-27T02:00,26.6,76,29.9,0.0,0.0,3,100,11.2,237,13.0827,80.2707
2025-07-27T03:00,26.6,76,29.6,0.0,0.0,3,100,12.9,229,13.0827,80.2707
2025-07-27T04:00,26.6,75,29.3,0.0,0.0,3,100,14.0,228,13.0827,80.2707
2025-07-27T05:00,26.3,75,28.9,0.0,0.0,3,100,14.0,238,13.0827,80.2707
2025-07-27T06:00,27.2,71,30.1,0.1,0.1,51,100,11.3,250,13.0827,80.2707
2025-07-27T07:00,27.4,71,30.5,0.0,0.0,3,100,11.2,233,13.0827,80.2707
2025-07-27T08:00,27.9,70,30.8,0.0,0.0,3,100,13.9,243,13.0827,80.2707
2025-07-27T09:00,28.7,68,31.6,0.0,0.0,3,100,13.8,242,13.0827,80.2707
2025-07-27T10:00,29.3,65,31.7,0.0,0.0,3,100,17.0,247,13.0827,80.2707
2025-07-27T11:00,31.0,58,33.4,0.0,0.0,3,100,16.6,246,13.0827,80.2707
2025-07-27T12:00,33.0,49,35.0,0.0,0.0,3,80,24.0,272,13.0827,80.2707
2025-07-27T13:00,33.6,47,35.8,0.0,0.0,3,100,21.3,274,13.0827,80.2707
2025-07-27T14:00,34.2,43,35.1,0.0,0.0,3,100,22.3,288,13.0827,80.2707
2025-07-27T15:00,34.9,41,36.5,0.0,0.0,3,99,14.7,281,13.0827,80.2707
2025-07-27T16:00,34.2,46,36.2,0.0,0.0,3,100,15.5,273,13.0827,80.2707
2025-07-27T17:00,33.5,48,35.7,0.0,0.0,3,100,14.0,263,13.0827,80.2707
2025-07-27T18:00,31.1,56,34.2,0.0,0.0,1,31,9.3,223,13.0827,80.2707
2025-07-27T19:00,30.7,56,33.6,0.0,0.0,1,42,9.4,234,13.0827,80.2707
2025-07-27T20:00,29.7,61,33.4,0.0,0.0,1,36,6.6,248,13.0827,80.2707
2025-07-27T21:00,28.9,65,32.6,0.0,0.0,1,21,7.3,222,13.0827,80.2707
2025-07-27T22:00,28.3,67,31.5,0.0,0.0,2,52,9.2,223,13.0827,80.2707
2025-07-27T23:00,28.2,66,30.8,0.0,0.0,3,100,12.3,252,13.0827,80.2707
2025-07-28T00:00,28.2,65,30.5,0.0,0.0,3,100,13.6,255,13.0827,80.2707
2025-07-28T01:00,27.9,65,30.1,0.0,0.0,3,100,14.1,260,13.0827,80.2707
2025-07-28T02:00,27.4,65,29.6,0.0,0.0,3,97,11.6,264,13.0827,80.2707
2025-07-28T03:00,26.4,71,29.3,0.0,0.0,3,100,9.0,257,13.0827,80.2707
2025-07-28T04:00,25.9,74,28.9,0.0,0.0,3,88,8.8,251,13.0827,80.2707
2025-07-28T05:00,25.6,73,28.4,0.0,0.0,2,76,9.0,254,13.0827,80.2707
2025-07-28T06:00,26.9,64,28.7,0.0,0.0,3,100,12.2,253,13.0827,80.2707
2025-07-28T07:00,27.9,63,30.4,0.0,0.0,3,88,9.7,255,13.0827,80.2707
2025-07-28T08:00,29.5,58,31.9,0.0,0.0,2,66,11.1,263,13.0827,80.2707
2025-07-28T09:00,30.9,54,33.7,0.0,0.0,3,92,10.4,272,13.0827,80.2707
2025-07-28T10:00,32.6,48,34.7,0.0,0.0,3,100,18.5,289,13.0827,80.2707
2025-07-28T11:00,33.4,45,34.6,0.0,0.0,3,100,18.5,295,13.0827,80.2707
2025-07-28T12:00,35.0,40,36.3,0.0,0.0,3,95,17.6,296,13.0827,80.2707
2025-07-28T13:00,35.7,38,36.6,0.0,0.0,1,31,20.6,300,13.0827,80.2707
2025-07-28T14:00,35.9,38,37.8,0.0,0.0,1,45,15.3,302,13.0827,80.2707
2025-07-28T15:00,35.7,39,38.7,0.0,0.0,1,34,7.8,307,13.0827,80.2707
2025-07-28T16:00,34.7,42,38.4,0.0,0.0,1,36,0.6,124,13.0827,80.2707
2025-07-28T17:00,32.6,56,36.6,0.0,0.0,2,68,8.4,135,13.0827,80.2707
2025-07-28T18:00,32.2,54,36.3,0.0,0.0,1,22,4.2,170,13.0827,80.2707
2025-07-28T19:00,30.8,63,35.6,0.0,0.0,1,24,4.6,198,13.0827,80.2707
2025-07-28T20:00,30.7,58,34.1,0.0,0.0,1,27,8.5,263,13.0827,80.2707
2025-07-28T21:00,30.7,55,32.7,0.0,0.0,0,17,14.6,266,13.0827,80.2707
2025-07-28T22:00,30.4,56,32.5,0.0,0.0,0,14,13.8,249,13.0827,80.2707
2025-07-28T23:00,29.8,57,31.7,0.0,0.0,1,38,14.8,246,13.0827,80.2707
2025-07-29T00:00,29.2,59,31.3,0.0,0.0,1,21,13.4,242,13.0827,80.2707
2025-07-29T01:00,28.8,59,30.4,0.0,0.0,1,26,15.4,246,13.0827,80.2707
2025-07-29T02:00,28.4,58,29.8,0.0,0.0,1,29,14.4,254,13.0827,80.2707
2025-07-29T03:00,27.7,59,29.2,0.0,0.0,0,2,13.0,251,13.0827,80.2707
2025-07-29T04:00,27.3,59,28.4,0.0,0.0,0,2,13.9,251,13.0827,80.2707
2025-07-29T05:00,26.9,60,28.1,0.0,0.0,1,40,13.3,254,13.0827,80.2707
2025-07-29T06:00,28.0,56,28.5,0.0,0.0,0,2,17.5,270,13.0827,80.2707
2025-07-29T07:00,28.8,55,29.9,0.0,0.0,0,13,14.8,264,13.0827,80.2707
2025-07-29T08:00,30.1,53,31.3,0.0,0.0,2,50,16.0,271,13.0827,80.2707
2025-07-29T09:00,31.5,50,33.1,0.0,0.0,0,13,15.8,269,13.0827,80.2707
2025-07-29T10:00,33.6,44,35.1,0.0,0.0,3,80,21.9,280,13.0827,80.2707
2025-07-29T11:00,35.3,38,36.8,0.0,0.0,3,94,21.1,284,13.0827,80.2707
2025-07-29T12:00,36.6,35,37.6,0.0,0.0,3,97,22.1,291,13.0827,80.2707
2025-07-29T13:00,36.5,35,37.2,0.0,0.0,3,97,20.3,297,13.0827,80.2707
2025-07-29T14:00,37.3,34,38.7,0.0,0.0,3,99,19.9,280,13.0827,80.2707
2025-07-29T15:00,36.7,36,38.0,0.0,0.0,3,93,16.0,289,13.0827,80.2707
2025-07-29T16:00,37.0,35,38.0,0.0,0.0,3,93,16.0,278,13.0827,80.2707
2025-07-29T17:00,36.3,37,37.2,0.0,0.0,3,80,17.8,290,13.0827,80.2707
2025-07-29T18:00,33.3,49,37.0,0.0,0.0,3,84,5.3,294,13.0827,80.2707
2025-07-29T19:00,32.1,61,37.3,0.0,0.0,3,92,3.2,322,13.0827,80.2707
2025-07-29T20:00,31.5,61,36.1,0.0,0.0,3,96,5.8,296,13.0827,80.2707
2025-07-29T21:00,31.4,56,34.4,0.0,0.0,3,99,10.6,255,13.0827,80.2707
2025-07-29T22:00,27.9,67,30.3,0.0,0.0,3,98,14.1,220,13.0827,80.2707
2025-07-29T23:00,28.2,69,31.1,0.0,0.0,3,99,12.9,233,13.0827,80.2707
2025-07-30T00:00,28.8,65,31.5,0.0,0.0,3,96,13.6,234,13.0827,80.2707
2025-07-30T01:00,28.5,65,31.2,0.0,0.0,3,98,12.3,236,13.0827,80.2707
2025-07-30T02:00,28.3,64,30.8,0.0,0.0,3,97,11.9,238,13.0827,80.2707
2025-07-30T03:00,27.8,64,30.2,0.0,0.0,3,99,11.6,238,13.0827,80.2707
2025-07-30T04:00,27.6,64,29.8,0.0,0.0,3,100,11.8,242,13.0827,80.2707
2025-07-30T05:00,27.4,65,29.5,0.0,0.0,3,100,12.1,243,13.0827,80.2707
2025-07-30T06:00,28.4,62,30.2,0.0,0.0,1,33,14.6,254,13.0827,80.2707
2025-07-30T07:00,29.4,59,31.8,0.0,0.0,3,96,11.7,249,13.0827,80.2707
2025-07-30T08:00,31.0,54,33.0,0.0,0.0,3,100,14.4,260,13.0827,80.2707
2025-07-30T09:00,32.3,51,34.6,0.0,0.0,3,99,14.1,266,13.0827,80.2707
2025-07-30T10:00,33.7,47,37.2,0.0,0.0,3,100,12.6,269,13.0827,80.2707
2025-07-30T11:00,35.2,43,38.9,0.0,0.0,3,99,15.1,282,13.0827,80.2707
2025-07-30T12:00,36.4,39,39.6,0.0,0.0,3,87,14.7,292,13.0827,80.2707
2025-07-30T13:00,37.1,37,40.5,0.0,0.0,3,97,11.8,299,13.0827,80.2707
2025-07-30T14:00,37.3,36,42.1,0.0,0.0,3,100,2.7,28,13.0827,80.2707
2025-07-30T15:00,36.0,41,39.4,0.0,0.0,3,98,7.7,102,13.0827,80.2707
2025-07-30T16:00,33.1,58,37.1,0.4,0.4,51,99,13.0,108,13.0827,80.2707
2025-07-30T17:00,32.0,65,36.2,0.1,0.1,51,99,15.4,146,13.0827,80.2707
2025-07-30T18:00,32.0,61,36.3,0.0,0.0,3,100,10.7,115,13.0827,80.2707
2025-07-30T19:00,30.7,72,35.8,0.0,0.0,3,99,10.6,118,13.0827,80.2707
2025-07-30T20:00,29.9,78,35.3,0.0,0.0,3,100,11.9,138,13.0827,80.2707
2025-07-30T21:00,29.8,74,34.5,0.0,0.0,3,100,12.4,167,13.0827,80.2707
2025-07-30T22:00,29.7,72,33.8,0.0,0.0,3,95,13.4,187,13.0827,80.2707
2025-07-30T23:00,29.3,73,33.5,0.0,0.0,3,91,13.3,220,13.0827,80.2707
2025-07-31T00:00,29.0,72,33.0,0.0,0.0,3,97,12.2,236,13.0827,80.2707
2025-07-31T01:00,28.7,72,32.5,0.0,0.0,3,100,11.7,224,13.0827,80.2707
2025-07-31T02:00,28.4,72,32.2,0.0,0.0,3,100,10.9,232,13.0827,80.2707
2025-07-31T03:00,28.3,68,31.6,0.0,0.0,3,100,10.4,242,13.0827,80.2707
2025-07-31T04:00,28.0,66,30.9,0.0,0.0,3,97,10.2,239,13.0827,80.2707
2025-07-31T05:00,27.6,68,30.6,0.0,0.0,3,100,9.5,243,13.0827,80.2707
2025-07-31T06:00,28.9,64,31.9,0.0,0.0,3,100,10.4,252,13.0827,80.2707
2025-07-31T07:00,29.9,61,33.2,0.0,0.0,3,100,9.6,254,13.0827,80.2707
2025-07-31T08:00,31.3,56,34.2,0.0,0.0,3,100,11.6,265,13.0827,80.2707
2025-07-31T09:00,32.7,53,35.7,0.0,0.0,3,100,11.8,279,13.0827,80.2707
2025-07-31T10:00,33.9,49,38.0,0.0,0.0,3,100,10.4,285,13.0827,80.2707
2025-07-31T11:00,35.1,46,39.9,0.0,0.0,3,100,8.5,291,13.0827,80.2707
2025-07-31T12:00,36.2,43,41.2,0.2,0.2,51,100,9.6,298,13.0827,80.2707
2025-07-31T13:00,35.1,46,40.6,0.1,0.1,51,100,1.6,96,13.0827,80.2707
2025-07-31T14:00,33.4,55,37.6,0.5,0.5,53,100,12.3,122,13.0827,80.2707
2025-07-31T15:00,31.1,64,36.0,1.1,1.1,55,100,6.1,175,13.0827,80.2707
2025-07-31T16:00,31.0,65,35.7,0.1,0.1,51,94,7.6,166,13.0827,80.2707
2025-07-31T17:00,31.2,64,36.1,0.0,0.0,3,87,5.7,167,13.0827,80.2707
2025-07-31T18:00,30.3,68,35.3,0.0,0.0,3,99,5.9,92,13.0827,80.2707
2025-07-31T19:00,29.7,73,34.9,0.0,0.0,3,90,7.9,147,13.0827,80.2707
2025-07-31T20:00,29.6,74,34.9,0.0,0.0,3,98,7.2,162,13.0827,80.2707
2025-07-31T21:00,29.5,77,34.9,0.0,0.0,3,100,9.5,161,13.0827,80.2707
2025-07-31T22:00,28.9,83,34.4,0.0,0.0,3,100,10.6,198,13.0827,80.2707
2025-07-31T23:00,28.3,82,33.8,0.0,0.0,3,98,7.8,233,13.0827,80.2707
2025-08-01T00:00,27.9,81,32.6,0.0,0.0,3,100,10.6,231,13.0827,80.2707
2025-08-01T01:00,27.6,79,31.9,0.0,0.0,3,100,9.6,232,13.0827,80.2707
2025-08-01T02:00,27.3,77,31.4,0.0,0.0,3,100,8.9,234,13.0827,80.2707
2025-08-01T03:00,27.1,77,31.0,0.0,0.0,3,100,9.3,248,13.0827,80.2707
2025-08-01T04:00,26.8,78,30.7,0.0,0.0,3,100,9.5,251,13.0827,80.2707
2025-08-01T05:00,26.7,80,30.8,0.0,0.0,3,100,9.4,252,13.0827,80.2707
2025-08-01T06:00,27.9,84,33.2,0.0,0.0,3,100,9.4,241,13.0827,80.2707
2025-08-01T07:00,29.0,80,34.3,0.0,0.0,3,100,9.6,253,13.0827,80.2707
2025-08-01T08:00,30.8,66,34.8,0.0,0.0,3,100,11.9,274,13.0827,80.2707
2025-08-01T09:00,31.9,57,35.0,0.0,0.0,3,100,13.1,286,13.0827,80.2707
2025-08-01T10:00,33.0,52,37.2,0.0,0.0,3,100,11.2,294,13.0827,80.2707
2025-08-01T11:00,34.0,49,39.0,0.0,0.0,3,100,10.4,302,13.0827,80.2707
2025-08-01T12:00,35.0,45,40.4,0.0,0.0,3,100,8.9,318,13.0827,80.2707
2025-08-01T13:00,35.1,45,40.8,0.0,0.0,3,99,5.1,32,13.0827,80.2707
2025-08-01T14:00,34.8,46,40.1,0.1,0.1,51,99,5.6,73,13.0827,80.2707
2025-08-01T15:00,33.5,55,37.9,0.1,0.1,51,100,11.1,103,13.0827,80.2707
2025-08-01T16:00,32.3,59,36.1,0.1,0.1,51,100,11.5,115,13.0827,80.2707
2025-08-01T17:00,31.5,62,35.7,0.0,0.0,3,100,9.6,137,13.0827,80.2707
2025-08-01T18:00,30.7,70,36.0,0.0,0.0,3,100,7.5,111,13.0827,80.2707
2025-08-01T19:00,30.2,75,35.8,0.0,0.0,3,100,8.3,141,13.0827,80.2707
2025-08-01T20:00,30.0,76,35.5,0.0,0.0,3,100,9.6,164,13.0827,80.2707
2025-08-01T21:00,29.9,73,34.9,0.0,0.0,3,98,9.8,167,13.0827,80.2707
2025-08-01T22:00,29.6,76,34.9,0.0,0.0,3,100,9.0,170,13.0827,80.2707
2025-08-01T23:00,29.1,79,33.7,0.0,0.0,3,100,14.3,174,13.0827,80.2707
2025-08-02T00:00,28.2,78,32.0,0.0,0.0,3,100,14.7,199,13.0827,80.2707
2025-08-02T01:00,27.5,77,30.6,0.0,0.0,3,100,17.0,203,13.0827,80.2707
2025-08-02T02:00,26.6,83,30.3,0.1,0.1,51,99,14.1,199,13.0827,80.2707
2025-08-02T03:00,26.2,86,30.3,0.0,0.0,3,100,11.7,205,13.0827,80.2707
2025-08-02T04:00,25.9,88,30.0,0.0,0.0,3,100,11.7,218,13.0827,80.2707
2025-08-02T05:00,25.8,88,30.0,0.0,0.0,3,100,11.4,219,13.0827,80.2707
2025-08-02T06:00,27.0,78,31.2,0.0,0.0,3,100,7.9,225,13.0827,80.2707
2025-08-02T07:00,27.9,73,32.2,0.0,0.0,3,100,6.6,233,13.0827,80.2707
2025-08-02T08:00,29.1,69,33.7,0.0,0.0,3,100,5.0,240,13.0827,80.2707
2025-08-02T09:00,31.5,61,36.3,0.0,0.0,3,100,4.2,282,13.0827,80.2707
2025-08-02T10:00,33.7,50,38.7,0.0,0.0,3,100,6.3,345,13.0827,80.2707
2025-08-02T11:00,34.7,46,40.0,0.0,0.0,3,100,6.0,5,13.0827,80.2707
2025-08-02T12:00,35.4,45,41.2,0.0,0.0,3,100,3.6,33,13.0827,80.2707
2025-08-02T13:00,35.8,43,42.1,0.0,0.0,1,47,3.3,77,13.0827,80.2707
2025-08-02T14:00,35.8,43,41.1,0.1,0.1,51,39,6.2,97,13.0827,80.2707
2025-08-02T15:00,34.7,47,38.7,0.1,0.1,51,98,9.1,100,13.0827,80.2707
2025-08-02T16:00,33.5,50,36.9,0.0,0.0,3,97,9.8,95,13.0827,80.2707
2025-08-02T17:00,32.7,53,36.3,0.0,0.0,2,61,8.1,111,13.0827,80.2707
2025-08-02T18:00,31.6,61,35.9,0.0,0.0,3,100,8.9,109,13.0827,80.2707
2025-08-02T19:00,30.7,71,36.0,0.0,0.0,3,100,9.3,127,13.0827,80.2707
2025-08-02T20:00,30.1,78,36.0,0.0,0.0,3,100,9.4,138,13.0827,80.2707
2025-08-02T21:00,29.7,81,35.8,0.0,0.0,3,86,9.1,150,13.0827,80.2707
2025-08-02T22:00,29.6,80,35.4,0.0,0.0,3,95,8.9,172,13.0827,80.2707
2025-08-02T23:00,29.4,78,35.1,0.0,0.0,3,100,8.3,185,13.0827,80.2707
2025-08-03T00:00,27.0,83,31.1,3.1,3.1,63,100,13.1,207,13.0827,80.2707
2025-08-03T01:00,26.8,84,31.1,0.2,0.2,51,100,11.5,231,13.0827,80.2707
2025-08-03T02:00,26.7,82,31.5,0.0,0.0,3,96,6.1,236,13.0827,80.2707
2025-08-03T03:00,26.5,82,31.3,0.0,0.0,3,100,5.4,262,13.0827,80.2707
2025-08-03T04:00,26.6,85,32.3,0.2,0.2,51,100,1.7,221,13.0827,80.2707
2025-08-03T05:00,26.2,84,30.7,0.1,0.1,51,100,8.1,227,13.0827,80.2707
2025-08-03T06:00,28.1,79,33.0,0.0,0.0,3,99,8.2,262,13.0827,80.2707
2025-08-03T07:00,29.2,75,34.2,0.0,0.0,3,100,8.0,262,13.0827,80.2707
2025-08-03T08:00,30.7,69,35.8,0.0,0.0,3,100,8.3,286,13.0827,80.2707
2025-08-03T09:00,31.9,60,35.8,0.0,0.0,3,100,11.0,302,13.0827,80.2707
2025-08-03T10:00,32.6,55,36.6,0.0,0.0,3,100,8.0,297,13.0827,80.2707
2025-08-03T11:00,33.2,53,37.3,0.0,0.0,3,100,6.4,292,13.0827,80.2707
2025-08-03T12:00,33.9,49,38.3,0.0,0.0,3,100,2.7,312,13.0827,80.2707
2025-08-03T13:00,34.6,47,40.1,0.0,0.0,3,100,4.5,40,13.0827,80.2707
2025-08-03T14:00,34.8,47,40.1,0.0,0.0,3,100,7.2,78,13.0827,80.2707
2025-08-03T15:00,32.9,59,37.1,0.2,0.2,51,100,14.3,117,13.0827,80.2707
2025-08-03T16:00,30.8,75,35.9,0.0,0.0,3,100,14.3,147,13.0827,80.2707
2025-08-03T17:00,30.5,73,35.1,0.0,0.0,3,100,14.7,155,13.0827,80.2707
2025-08-03T18:00,29.6,78,35.2,0.0,0.0,3,100,9.0,179,13.0827,80.2707
2025-08-03T19:00,29.1,76,34.2,0.0,0.0,3,100,7.9,201,13.0827,80.2707
2025-08-03T20:00,29.0,78,34.5,0.0,0.0,3,100,6.7,185,13.0827,80.2707
2025-08-03T21:00,28.8,82,34.8,0.0,0.0,3,100,7.2,183,13.0827,80.2707
2025-08-03T22:00,28.6,85,34.7,0.0,0.0,3,100,7.4,209,13.0827,80.2707
2025-08-03T23:00,28.5,86,34.6,0.0,0.0,3,100,8.6,200,13.0827,80.2707
2025-08-04T00:00,26.5,90,31.4,4.1,4.1,63,100,10.7,207,13.0827,80.2707
2025-08-04T01:00,26.5,91,32.2,0.3,0.3,51,98,6.9,247,13.0827,80.2707
2025-08-04T02:00,26.2,92,31.6,2.0,2.0,61,99,7.6,275,13.0827,80.2707
2025-08-04T03:00,25.6,93,30.9,6.4,6.4,63,100,6.9,223,13.0827,80.2707
2025-08-04T04:00,25.9,91,30.7,0.4,0.4,51,100,10.1,265,13.0827,80.2707
2025-08-04T05:00,26.0,90,31.0,0.0,0.0,3,100,8.1,217,13.0827,80.2707
2025-08-04T06:00,27.2,83,31.9,0.1,0.1,51,100,9.5,243,13.0827,80.2707
2025-08-04T07:00,28.3,82,33.6,0.0,0.0,3,99,8.4,260,13.0827,80.2707
2025-08-04T08:00,30.2,73,35.2,0.0,0.0,3,100,10.6,274,13.0827,80.2707
2025-08-04T09:00,31.9,63,36.1,0.0,0.0,3,100,12.4,289,13.0827,80.2707
2025-08-04T10:00,33.0,59,38.2,0.1,0.1,51,100,9.8,336,13.0827,80.2707
2025-08-04T11:00,33.3,58,39.4,0.1,0.1,51,100,8.2,19,13.0827,80.2707
2025-08-04T12:00,33.4,57,39.0,0.1,0.1,51,100,7.5,35,13.0827,80.2707
2025-08-04T13:00,33.2,57,38.7,0.1,0.1,51,100,6.7,54,13.0827,80.2707
2025-08-04T14:00,32.9,59,38.0,0.0,0.0,3,100,5.6,86,13.0827,80.2707
2025-08-04T15:00,32.2,63,37.0,0.0,0.0,3,100,9.1,105,13.0827,80.2707
2025-08-04T16:00,31.6,66,36.5,0.0,0.0,3,100,9.1,111,13.0827,80.2707
2025-08-04T17:00,30.7,71,35.8,0.0,0.0,3,100,10.2,122,13.0827,80.2707
2025-08-04T18:00,30.2,80,37.1,0.0,0.0,3,96,5.6,149,13.0827,80.2707
2025-08-04T19:00,27.3,88,32.3,4.3,4.3,63,97,11.7,285,13.0827,80.2707
2025-08-04T20:00,25.6,92,31.2,3.1,3.1,63,100,4.4,81,13.0827,80.2707
2025-08-04T21:00,26.1,93,31.7,0.0,0.0,3,89,7.3,260,13.0827,80.2707
2025-08-04T22:00,26.5,93,32.7,0.1,0.1,51,99,4.4,218,13.0827,80.2707
2025-08-04T23:00,26.3,95,32.2,0.1,0.1,51,100,7.6,225,13.0827,80.2707
2025-08-05T00:00,26.2,95,31.9,0.1,0.1,51,95,7.9,243,13.0827,80.2707
2025-08-05T01:00,26.1,96,31.9,0.0,0.0,3,98,8.1,235,13.0827,80.2707
2025-08-05T02:00,25.9,95,31.3,0.0,0.0,3,100,9.5,251,13.0827,80.2707
2025-08-05T03:00,25.7,94,30.7,0.0,0.0,3,100,9.8,246,13.0827,80.2707
2025-08-05T04:00,25.6,93,30.5,0.0,0.0,3,100,10.0,257,13.0827,80.2707
2025-08-05T05:00,25.5,92,30.5,0.0,0.0,3,100,8.3,248,13.0827,80.2707
2025-08-05T06:00,26.5,85,31.1,0.0,0.0,3,100,8.8,229,13.0827,80.2707
2025-08-05T07:00,27.4,81,32.4,0.0,0.0,3,99,6.8,222,13.0827,80.2707
2025-08-05T08:00,28.9,74,33.9,0.0,0.0,3,100,6.5,222,13.0827,80.2707
2025-08-05T09:00,30.6,66,35.3,0.0,0.0,3,100,7.9,227,13.0827,80.2707
2025-08-05T10:00,31.9,60,37.8,0.0,0.0,3,100,5.2,214,13.0827,80.2707
2025-08-05T11:00,32.8,55,39.0,0.1,0.1,51,100,4.9,178,13.0827,80.2707
2025-08-05T12:00,32.9,54,38.6,0.1,0.1,51,99,7.1,156,13.0827,80.2707
2025-08-05T13:00,32.8,59,38.9,0.3,0.3,51,64,10.3,144,13.0827,80.2707
2025-08-05T14:00,30.6,72,36.9,2.7,2.7,63,49,11.8,149,13.0827,80.2707
2025-08-05T15:00,31.1,69,36.5,0.0,0.0,0,4,11.0,152,13.0827,80.2707
2025-08-05T16:00,30.6,70,35.2,0.0,0.0,0,2,12.7,155,13.0827,80.2707
2025-08-05T17:00,29.8,72,34.1,0.0,0.0,0,2,12.9,161,13.0827,80.2707
2025-08-05T18:00,29.3,77,34.5,0.0,0.0,2,55,10.2,156,13.0827,80.2707
2025-08-05T19:00,28.8,83,34.5,0.0,0.0,2,75,9.4,175,13.0827,80.2707
2025-08-05T20:00,28.6,85,34.5,0.0,0.0,1,43,9.6,172,13.0827,80.2707
2025-08-05T21:00,28.5,83,34.0,0.0,0.0,0,7,9.8,174,13.0827,80.2707
2025-08-05T22:00,28.3,85,34.1,0.0,0.0,0,8,9.4,179,13.0827,80.2707
2025-08-05T23:00,26.4,89,31.0,0.7,0.7,53,92,12.0,223,13.0827,80.2707
2025-08-06T00:00,26.2,88,31.6,0.3,0.3,51,20,5.5,259,13.0827,80.2707
2025-08-06T01:00,25.7,91,31.1,0.0,0.0,0,3,5.6,255,13.0827,80.2707
2025-08-06T02:00,25.6,92,31.2,0.0,0.0,1,22,4.0,280,13.0827,80.2707
2025-08-06T03:00,25.5,93,31.3,0.0,0.0,0,0,2.3,247,13.0827,80.2707
2025-08-06T04:00,25.4,93,31.4,0.0,0.0,0,4,2.0,170,13.0827,80.2707
2025-08-06T05:00,25.4,93,30.9,0.0,0.0,1,39,4.3,178,13.0827,80.2707
2025-08-06T06:00,27.3,88,33.3,0.0,0.0,2,59,4.9,262,13.0827,80.2707
2025-08-06T07:00,28.4,81,34.2,0.0,0.0,2,50,5.4,255,13.0827,80.2707
2025-08-06T08:00,29.9,72,35.1,0.0,0.0,3,98,6.9,264,13.0827,80.2707
2025-08-06T09:00,31.6,63,36.8,0.0,0.0,3,80,6.7,286,13.0827,80.2707
2025-08-06T10:00,32.9,57,39.3,0.0,0.0,2,61,3.5,336,13.0827,80.2707
2025-08-06T11:00,33.5,54,40.6,0.1,0.1,51,54,3.6,63,13.0827,80.2707
2025-08-06T12:00,33.7,54,40.4,0.2,0.2,51,34,6.1,71,13.0827,80.2707
2025-08-06T13:00,33.2,59,39.9,0.1,0.1,51,25,9.4,91,13.0827,80.2707
2025-08-06T14:00,31.7,65,38.1,1.3,1.3,61,40,9.3,71,13.0827,80.2707
2025-08-06T15:00,31.9,64,37.2,0.1,0.1,51,21,9.0,105,13.0827,80.2707
2025-08-06T16:00,31.3,66,35.9,0.0,0.0,0,19,11.0,116,13.0827,80.2707
2025-08-06T17:00,30.4,70,35.0,0.0,0.0,1,20,11.3,136,13.0827,80.2707
2025-08-06T18:00,30.3,77,36.5,0.0,0.0,0,12,7.1,124,13.0827,80.2707
2025-08-06T19:00,29.8,82,36.4,0.0,0.0,0,2,6.6,154,13.0827,80.2707
2025-08-06T20:00,29.4,83,36.0,0.0,0.0,3,80,6.6,189,13.0827,80.2707
2025-08-06T21:00,29.3,84,36.4,0.0,0.0,3,94,3.2,180,13.0827,80.2707
2025-08-06T22:00,28.8,86,35.7,0.0,0.0,1,38,4.3,213,13.0827,80.2707
2025-08-06T23:00,28.1,87,34.3,0.0,0.0,1,26,6.3,182,13.0827,80.2707
2025-08-07T00:00,27.3,87,32.8,0.0,0.0,3,98,8.7,193,13.0827,80.2707
2025-08-07T01:00,26.0,90,30.2,0.1,0.1,51,84,13.5,232,13.0827,80.2707
2025-08-07T02:00,25.6,91,30.1,0.0,0.0,3,96,10.4,210,13.0827,80.2707
2025-08-07T03:00,25.5,91,29.8,0.0,0.0,3,84,11.8,213,13.0827,80.2707
2025-08-07T04:00,25.3,93,29.7,0.0,0.0,3,97,12.0,240,13.0827,80.2707
2025-08-07T05:00,25.3,93,30.0,0.0,0.0,3,80,9.7,246,13.0827,80.2707
2025-08-07T06:00,25.9,89,30.6,0.0,0.0,3,94,9.2,227,13.0827,80.2707
2025-08-07T07:00,27.1,85,32.2,0.0,0.0,1,42,7.5,243,13.0827,80.2707
2025-08-07T08:00,28.9,78,34.4,0.0,0.0,3,97,6.5,247,13.0827,80.2707
2025-08-07T09:00,30.7,69,36.6,0.0,0.0,3,96,4.2,250,13.0827,80.2707
2025-08-07T10:00,32.0,64,39.2,0.0,0.0,1,29,3.6,171,13.0827,80.2707
2025-08-07T11:00,32.9,61,40.5,0.0,0.0,3,94,5.7,145,13.0827,80.2707
2025-08-07T12:00,33.0,61,40.2,0.1,0.1,51,27,8.9,133,13.0827,80.2707
2025-08-07T13:00,32.2,68,39.8,0.4,0.4,51,41,10.1,129,13.0827,80.2707
2025-08-07T14:00,31.7,71,38.5,0.0,0.0,1,25,11.3,143,13.0827,80.2707
2025-08-07T15:00,31.8,67,37.3,0.0,0.0,1,20,10.6,154,13.0827,80.2707
2025-08-07T16:00,31.3,69,36.4,0.0,0.0,1,23,10.9,142,13.0827,80.2707
2025-08-07T17:00,30.5,69,35.0,0.0,0.0,0,2,11.1,146,13.0827,80.2707
2025-08-07T18:00,30.0,79,35.9,0.0,0.0,0,19,9.7,145,13.0827,80.2707
2025-08-07T19:00,29.4,83,35.4,0.0,0.0,2,75,10.0,144,13.0827,80.2707
2025-08-07T20:00,28.7,86,35.9,2.6,2.6,63,83,1.7,13,13.0827,80.2707
2025-08-07T21:00,27.3,92,33.4,3.2,3.2,63,100,8.2,116,13.0827,80.2707
2025-08-07T22:00,26.0,95,31.0,0.5,0.5,53,100,12.2,324,13.0827,80.2707
2025-08-07T23:00,25.7,96,31.7,1.8,1.8,61,96,4.5,227,13.0827,80.2707
2025-08-08T00:00,25.4,96,30.4,1.7,1.7,61,93,10.1,268,13.0827,80.2707
2025-08-08T01:00,24.8,95,29.3,4.9,4.9,63,99,10.5,207,13.0827,80.2707
2025-08-08T02:00,24.6,94,29.1,2.2,2.2,61,100,9.0,237,13.0827,80.2707
2025-08-08T03:00,24.8,93,30.4,5.8,5.8,63,98,2.2,81,13.0827,80.2707
2025-08-08T04:00,24.8,95,29.8,0.5,0.5,53,99,6.7,276,13.0827,80.2707
2025-08-08T05:00,24.8,96,30.2,0.2,0.2,51,100,5.2,254,13.0827,80.2707
2025-08-08T06:00,25.7,91,30.9,0.0,0.0,3,100,6.7,301,13.0827,80.2707
2025-08-08T07:00,26.6,88,32.7,0.0,0.0,3,100,2.4,312,13.0827,80.2707
2025-08-08T08:00,28.0,82,34.3,0.0,0.0,3,100,0.9,360,13.0827,80.2707
2025-08-08T09:00,29.4,75,34.8,0.0,0.0,3,100,6.4,8,13.0827,80.2707
2025-08-08T10:00,30.8,67,36.5,0.0,0.0,3,100,7.5,17,13.0827,80.2707
2025-08-08T11:00,31.4,64,36.8,0.0,0.0,3,100,6.3,55,13.0827,80.2707
2025-08-08T12:00,31.0,69,37.2,0.0,0.0,3,99,9.1,81,13.0827,80.2707
2025-08-08T13:00,29.7,79,37.2,0.7,0.7,53,100,10.0,75,13.0827,80.2707
2025-08-08T14:00,30.2,75,36.6,0.0,0.0,2,64,8.8,78,13.0827,80.2707
2025-08-08T15:00,29.6,78,35.1,0.0,0.0,1,37,11.0,71,13.0827,80.2707
2025-08-08T16:00,29.5,78,35.5,0.0,0.0,1,36,6.1,95,13.0827,80.2707
2025-08-08T17:00,29.3,79,35.4,0.0,0.0,3,99,6.0,93,13.0827,80.2707
2025-08-08T18:00,28.7,83,35.2,1.0,1.0,55,100,3.4,74,13.0827,80.2707
2025-08-08T19:00,28.5,89,36.0,0.0,0.0,3,100,2.0,80,13.0827,80.2707
2025-08-08T20:00,28.5,89,36.1,0.0,0.0,3,100,1.6,186,13.0827,80.2707
2025-08-08T21:00,25.9,92,30.2,3.1,3.1,63,97,13.8,242,13.0827,80.2707
2025-08-08T22:00,25.7,92,30.7,0.1,0.1,51,99,9.0,244,13.0827,80.2707
2025-08-08T23:00,25.0,94,29.1,2.9,2.9,63,99,13.2,272,13.0827,80.2707
2025-08-09T00:00,25.0,92,30.0,0.2,0.2,51,97,5.8,274,13.0827,80.2707
2025-08-09T01:00,24.9,92,29.5,0.1,0.1,51,96,7.9,213,13.0827,80.2707
2025-08-09T02:00,24.4,96,29.5,0.6,0.6,53,99,5.6,268,13.0827,80.2707
2025-08-09T03:00,24.2,95,29.2,4.3,4.3,63,100,4.2,277,13.0827,80.2707
2025-08-09T04:00,24.1,95,29.0,1.9,1.9,61,100,5.0,199,13.0827,80.2707
2025-08-09T05:00,24.3,97,29.3,0.7,0.7,53,100,6.7,211,13.0827,80.2707
2025-08-09T06:00,26.3,87,31.1,0.0,0.0,3,98,9.2,259,13.0827,80.2707
2025-08-09T07:00,27.0,86,32.4,0.0,0.0,3,100,6.5,275,13.0827,80.2707
2025-08-09T08:00,28.1,82,33.9,0.0,0.0,3,100,4.4,282,13.0827,80.2707
2025-08-09T09:00,29.6,75,35.6,0.0,0.0,3,100,3.4,270,13.0827,80.2707
2025-08-09T10:00,30.6,71,36.8,0.0,0.0,3,100,3.1,177,13.0827,80.2707
2025-08-09T11:00,31.0,69,37.0,0.0,0.0,3,100,5.5,163,13.0827,80.2707
2025-08-09T12:00,30.9,70,36.2,0.0,0.0,3,100,7.7,156,13.0827,80.2707
2025-08-09T13:00,30.4,73,35.9,0.2,0.2,51,100,10.2,159,13.0827,80.2707
2025-08-09T14:00,29.7,81,35.2,0.0,0.0,3,100,12.8,156,13.0827,80.2707
2025-08-09T15:00,29.4,79,34.8,0.0,0.0,3,100,11.3,166,13.0827,80.2707
2025-08-09T16:00,30.3,70,35.2,0.0,0.0,3,100,9.4,192,13.0827,80.2707
2025-08-09T17:00,30.3,70,35.3,0.0,0.0,3,99,7.9,184,13.0827,80.2707
2025-08-09T18:00,29.0,87,35.7,0.0,0.0,3,100,7.5,165,13.0827,80.2707
2025-08-09T19:00,28.7,88,35.2,0.0,0.0,3,100,7.7,191,13.0827,80.2707
2025-08-09T20:00,28.3,86,34.1,0.0,0.0,3,100,9.7,225,13.0827,80.2707
2025-08-09T21:00,27.9,85,33.4,0.0,0.0,3,99,8.2,238,13.0827,80.2707
2025-08-09T22:00,27.4,84,32.6,0.0,0.0,3,100,8.4,228,13.0827,80.2707
2025-08-09T23:00,27.0,84,31.9,0.0,0.0,3,98,8.1,225,13.0827,80.2707
2025-08-10T00:00,25.9,88,29.9,1.8,1.8,61,100,13.1,213,13.0827,80.2707
2025-08-10T01:00,25.5,91,30.4,0.0,0.0,3,100,7.7,254,13.0827,80.2707
2025-08-10T02:00,25.0,93,29.3,0.2,0.2,51,100,10.9,220,13.0827,80.2707
2025-08-10T03:00,24.8,92,28.9,0.0,0.0,3,100,11.1,238,13.0827,80.2707
2025-08-10T04:00,25.0,91,29.2,0.0,0.0,3,99,10.1,241,13.0827,80.2707
2025-08-10T05:00,25.0,91,29.6,0.0,0.0,3,100,7.7,239,13.0827,80.2707
2025-08-10T06:00,27.0,83,32.0,0.0,0.0,3,99,6.9,227,13.0827,80.2707
2025-08-10T07:00,27.9,81,33.4,0.0,0.0,3,96,4.4,238,13.0827,80.2707
2025-08-10T08:00,29.4,72,34.3,0.0,0.0,3,100,7.6,251,13.0827,80.2707
2025-08-10T09:00,30.8,64,35.0,0.0,0.0,3,100,9.6,273,13.0827,80.2707
2025-08-10T10:00,31.8,59,36.1,0.0,0.0,3,100,9.0,290,13.0827,80.2707
2025-08-10T11:00,32.5,55,36.9,0.0,0.0,3,100,8.3,297,13.0827,80.2707
2025-08-10T12:00,33.5,51,39.5,0.0,0.0,3,100,3.6,323,13.0827,80.2707
2025-08-10T13:00,32.9,52,37.4,0.0,0.0,3,100,6.9,53,13.0827,80.2707
2025-08-10T14:00,31.0,66,36.0,1.2,1.2,55,100,11.7,94,13.0827,80.2707
2025-08-10T15:00,29.9,73,34.7,0.0,0.0,3,100,11.6,144,13.0827,80.2707
2025-08-10T16:00,30.2,69,34.2,1.8,1.8,61,100,12.8,170,13.0827,80.2707
2025-08-10T17:00,28.4,79,33.5,2.6,2.6,63,100,8.6,211,13.0827,80.2707
2025-08-10T18:00,26.4,87,30.8,0.7,0.7,53,100,11.4,257,13.0827,80.2707
2025-08-10T19:00,25.5,89,29.8,0.3,0.3,51,100,10.6,240,13.0827,80.2707
2025-08-10T20:00,25.5,90,29.6,0.5,0.5,53,100,11.9,256,13.0827,80.2707
2025-08-10T21:00,25.3,90,29.2,0.3,0.3,51,100,12.3,263,13.0827,80.2707
2025-08-10T22:00,25.3,91,29.6,0.2,0.2,51,100,10.9,261,13.0827,80.2707
2025-08-10T23:00,25.6,91,30.0,0.0,0.0,3,100,11.3,253,13.0827,80.2707
2025-08-11T00:00,25.7,87,29.7,0.1,0.1,51,100,11.3,256,13.0827,80.2707
2025-08-11T01:00,25.6,86,29.4,0.0,0.0,3,100,11.4,254,13.0827,80.2707
2025-08-11T02:00,25.4,86,29.1,0.0,0.0,3,100,12.1,253,13.0827,80.2707
2025-08-11T03:00,25.4,86,29.2,0.0,0.0,3,100,11.5,243,13.0827,80.2707
2025-08-11T04:00,25.0,90,29.2,0.0,0.0,3,100,9.8,229,13.0827,80.2707
2025-08-11T05:00,25.1,90,29.5,0.0,0.0,3,100,8.1,245,13.0827,80.2707
2025-08-11T06:00,24.8,87,28.3,0.0,0.0,3,100,11.6,212,13.0827,80.2707
2025-08-11T07:00,25.8,87,30.0,0.0,0.0,3,100,9.8,232,13.0827,80.2707
2025-08-11T08:00,27.2,81,31.4,0.0,0.0,3,100,11.0,244,13.0827,80.2707
2025-08-11T09:00,28.5,75,32.7,0.0,0.0,3,96,11.2,248,13.0827,80.2707
2025-08-11T10:00,30.6,64,34.9,0.0,0.0,3,92,12.9,258,13.0827,80.2707
2025-08-11T11:00,32.1,55,36.6,0.0,0.0,3,100,14.1,266,13.0827,80.2707
2025-08-11T12:00,32.5,55,37.1,0.0,0.0,3,100,13.6,278,13.0827,80.2707
2025-08-11T13:00,32.6,56,36.8,0.0,0.0,3,100,11.0,268,13.0827,80.2707
2025-08-11T14:00,33.0,54,36.7,0.0,0.0,3,100,9.9,258,13.0827,80.2707
2025-08-11T15:00,33.1,53,36.6,0.0,0.0,3,100,10.4,253,13.0827,80.2707
2025-08-11T16:00,30.7,64,34.4,0.6,0.6,53,98,12.0,224,13.0827,80.2707
2025-08-11T17:00,28.9,72,33.6,0.2,0.2,51,99,7.3,237,13.0827,80.2707
2025-08-11T18:00,29.4,69,33.3,0.0,0.0,3,96,10.9,232,13.0827,80.2707
2025-08-11T19:00,28.2,74,32.3,0.0,0.0,3,99,10.1,223,13.0827,80.2707
2025-08-11T20:00,27.7,78,32.0,0.0,0.0,3,100,10.3,224,13.0827,80.2707
2025-08-11T21:00,27.5,80,31.9,0.8,0.8,53,100,9.9,224,13.0827,80.2707
2025-08-11T22:00,26.6,86,30.9,2.0,2.0,61,100,12.0,216,13.0827,80.2707
2025-08-11T23:00,25.1,91,29.0,6.3,6.3,63,87,12.6,271,13.0827,80.2707
2025-08-12T00:00,24.1,96,29.2,11.4,11.4,65,100,4.2,282,13.0827,80.2707
2025-08-12T01:00,24.1,95,28.4,6.5,6.5,63,97,8.8,227,13.0827,80.2707
2025-08-12T02:00,24.3,95,28.8,2.1,2.1,61,100,8.3,229,13.0827,80.2707
2025-08-12T03:00,24.5,94,28.9,3.2,3.2,63,100,9.1,243,13.0827,80.2707
2025-08-12T04:00,24.6,91,28.3,3.5,3.5,63,100,12.8,246,13.0827,80.2707
2025-08-12T05:00,24.7,91,28.4,3.9,3.9,63,100,12.2,239,13.0827,80.2707
2025-08-12T06:00,26.0,87,30.6,0.0,0.0,3,100,9.0,271,13.0827,80.2707
2025-08-12T07:00,26.4,82,30.2,0.1,0.1,51,100,11.7,268,13.0827,80.2707
2025-08-12T08:00,27.2,75,30.7,0.0,0.0,3,100,11.2,265,13.0827,80.2707
2025-08-12T09:00,27.4,73,30.6,0.0,0.0,3,100,12.2,261,13.0827,80.2707
2025-08-12T10:00,27.9,73,31.5,0.0,0.0,3,100,11.4,259,13.0827,80.2707
2025-08-12T11:00,29.0,69,32.2,0.1,0.1,51,100,14.0,279,13.0827,80.2707
2025-08-12T12:00,28.4,73,32.0,0.1,0.1,51,100,12.6,274,13.0827,80.2707
2025-08-12T13:00,28.0,77,32.0,0.6,0.6,53,100,12.0,258,13.0827,80.2707
2025-08-12T14:00,28.6,74,32.6,0.1,0.1,51,100,11.9,250,13.0827,80.2707
2025-08-12T15:00,29.8,66,33.3,0.0,0.0,3,100,13.2,265,13.0827,80.2707
2025-08-12T16:00,30.2,64,33.4,0.0,0.0,3,100,13.1,271,13.0827,80.2707
2025-08-12T17:00,29.5,69,33.5,0.0,0.0,3,100,10.8,255,13.0827,80.2707
2025-08-12T18:00,27.9,74,32.1,0.0,0.0,3,100,8.2,255,13.0827,80.2707
2025-08-12T19:00,27.3,77,31.3,0.0,0.0,3,100,9.1,236,13.0827,80.2707
2025-08-12T20:00,27.1,81,31.7,0.0,0.0,3,100,7.6,227,13.0827,80.2707
2025-08-12T21:00,27.0,83,31.7,0.0,0.0,3,100,8.6,234,13.0827,80.2707
2025-08-12T22:00,26.9,85,31.8,0.0,0.0,3,100,8.4,227,13.0827,80.2707
2025-08-12T23:00,26.8,82,30.8,0.0,0.0,3,100,12.1,235,13.0827,80.2707
2025-08-13T00:00,26.8,77,29.8,0.0,0.0,3,100,14.3,253,13.0827,80.2707
2025-08-13T01:00,25.9,77,28.4,0.0,0.0,3,100,15.4,251,13.0827,80.2707
2025-08-13T02:00,25.0,82,27.4,0.0,0.0,3,100,15.4,244,13.0827,80.2707
2025-08-13T03:00,24.7,84,27.4,0.0,0.0,3,100,14.2,252,13.0827,80.2707
2025-08-13T04:00,24.8,85,27.7,0.1,0.1,51,100,13.3,254,13.0827,80.2707
2025-08-13T05:00,24.8,85,27.7,0.1,0.1,51,100,14.5,259,13.0827,80.2707
2025-08-13T06:00,25.9,82,29.3,0.2,0.2,51,100,12.5,259,13.0827,80.2707
2025-08-13T07:00,26.0,83,29.7,0.3,0.3,51,100,11.2,267,13.0827,80.2707
2025-08-13T08:00,26.6,83,31.0,0.1,0.1,51,100,8.8,265,13.0827,80.2707
2025-08-13T09:00,27.7,78,31.8,0.0,0.0,3,100,11.1,263,13.0827,80.2707
2025-08-13T10:00,28.4,72,31.9,0.0,0.0,3,100,13.2,267,13.0827,80.2707
2025-08-13T11:00,28.5,70,31.6,0.0,0.0,3,100,14.6,279,13.0827,80.2707
2025-08-13T12:00,28.5,72,31.8,0.2,0.2,51,100,13.8,287,13.0827,80.2707
2025-08-13T13:00,28.9,70,32.4,0.2,0.2,51,100,13.2,287,13.0827,80.2707
2025-08-13T14:00,29.1,71,33.2,0.2,0.2,51,100,10.7,277,13.0827,80.2707
2025-08-13T15:00,28.8,74,33.3,0.2,0.2,51,100,9.4,246,13.0827,80.2707
2025-08-13T16:00,28.4,78,33.3,0.2,0.2,51,100,9.1,234,13.0827,80.2707
2025-08-13T17:00,28.0,82,33.1,0.2,0.2,51,100,8.8,226,13.0827,80.2707
2025-08-13T18:00,26.8,84,31.6,0.0,0.0,3,100,8.2,229,13.0827,80.2707
2025-08-13T19:00,26.6,85,31.4,0.0,0.0,3,100,8.4,217,13.0827,80.2707
2025-08-13T20:00,26.7,83,31.3,0.0,0.0,3,100,8.0,218,13.0827,80.2707
2025-08-13T21:00,26.5,83,31.3,0.0,0.0,3,100,5.9,218,13.0827,80.2707
2025-08-13T22:00,26.3,83,30.9,0.0,0.0,3,100,7.1,207,13.0827,80.2707
2025-08-13T23:00,25.9,85,30.1,0.0,0.0,3,100,9.2,215,13.0827,80.2707
2025-08-14T00:00,25.7,86,29.5,0.0,0.0,3,100,11.8,214,13.0827,80.2707
2025-08-14T01:00,25.6,87,29.5,0.0,0.0,3,100,11.8,218,13.0827,80.2707
2025-08-14T02:00,25.5,87,29.4,0.0,0.0,3,100,11.2,224,13.0827,80.2707
2025-08-14T03:00,25.4,88,29.4,0.0,0.0,3,100,10.4,217,13.0827,80.2707
2025-08-14T04:00,25.3,88,29.4,0.0,0.0,3,100,9.9,233,13.0827,80.2707
2025-08-14T05:00,25.3,87,29.2,0.0,0.0,3,100,10.5,243,13.0827,80.2707
2025-08-14T06:00,26.0,84,30.4,0.0,0.0,3,100,8.1,239,13.0827,80.2707
2025-08-14T07:00,27.0,79,31.1,0.0,0.0,3,100,9.0,235,13.0827,80.2707
2025-08-14T08:00,28.2,74,32.3,0.0,0.0,3,100,9.7,235,13.0827,80.2707
2025-08-14T09:00,29.5,67,33.0,0.0,0.0,3,100,12.2,242,13.0827,80.2707
2025-08-14T10:00,30.6,62,34.3,0.0,0.0,3,85,14.0,250,13.0827,80.2707
2025-08-14T11:00,31.7,58,36.2,0.0,0.0,3,95,15.4,254,13.0827,80.2707
2025-08-14T12:00,32.4,54,36.8,0.0,0.0,3,100,14.1,251,13.0827,80.2707
2025-08-14T13:00,32.8,52,36.4,0.0,0.0,3,100,12.6,248,13.0827,80.2707
2025-08-14T14:00,32.7,53,35.9,0.0,0.0,3,98,12.5,258,13.0827,80.2707
2025-08-14T15:00,31.9,56,35.8,0.0,0.0,2,76,7.6,211,13.0827,80.2707
2025-08-14T16:00,31.5,58,35.0,0.1,0.1,51,98,11.3,241,13.0827,80.2707
2025-08-14T17:00,25.7,93,31.0,3.4,3.4,63,100,8.1,225,13.0827,80.2707
2025-08-14T18:00,28.5,78,34.1,0.0,0.0,3,100,3.8,259,13.0827,80.2707
2025-08-14T19:00,28.1,79,33.3,0.0,0.0,3,97,6.2,255,13.0827,80.2707
2025-08-14T20:00,27.5,79,32.3,0.0,0.0,3,100,6.6,292,13.0827,80.2707
2025-08-14T21:00,27.1,82,32.2,0.0,0.0,2,79,5.6,253,13.0827,80.2707
2025-08-14T22:00,26.8,84,31.9,0.0,0.0,2,66,6.0,224,13.0827,80.2707
2025-08-14T23:00,26.6,85,31.5,0.0,0.0,3,98,7.4,221,13.0827,80.2707
2025-08-15T00:00,26.3,86,31.2,0.0,0.0,3,100,7.1,236,13.0827,80.2707
2025-08-15T01:00,26.2,84,30.4,0.0,0.0,3,100,9.9,248,13.0827,80.2707
2025-08-15T02:00,26.1,83,30.1,0.0,0.0,3,100,9.9,243,13.0827,80.2707
2025-08-15T03:00,26.2,81,29.8,0.0,0.0,3,100,11.4,243,13.0827,80.2707
2025-08-15T04:00,26.2,78,29.4,0.0,0.0,3,100,12.2,246,13.0827,80.2707
2025-08-15T05:00,26.1,76,29.0,0.0,0.0,3,100,11.6,248,13.0827,80.2707
2025-08-15T06:00,26.5,74,29.6,0.0,0.0,3,100,11.0,244,13.0827,80.2707
2025-08-15T07:00,27.1,70,29.7,0.0,0.0,3,100,12.8,248,13.0827,80.2707
2025-08-15T08:00,28.0,68,31.2,0.0,0.0,3,100,10.8,244,13.0827,80.2707
2025-08-15T09:00,29.4,64,32.3,0.0,0.0,3,100,13.4,244,13.0827,80.2707
2025-08-15T10:00,30.5,61,33.6,0.0,0.0,3,100,13.9,241,13.0827,80.2707
2025-08-15T11:00,31.5,56,34.1,0.0,0.0,3,100,16.5,256,13.0827,80.2707
2025-08-15T12:00,31.6,56,34.1,0.0,0.0,3,100,15.3,250,13.0827,80.2707
2025-08-15T13:00,32.7,54,36.6,0.0,0.0,3,100,13.6,241,13.0827,80.2707
2025-08-15T14:00,32.1,55,35.3,0.1,0.1,51,100,16.1,242,13.0827,80.2707
2025-08-15T15:00,32.2,56,35.6,0.0,0.0,3,100,12.5,226,13.0827,80.2707
2025-08-15T16:00,30.3,67,34.2,1.3,1.3,61,100,12.5,262,13.0827,80.2707
2025-08-15T17:00,29.7,72,35.4,0.2,0.2,51,99,2.5,188,13.0827,80.2707
2025-08-15T18:00,30.3,65,33.9,0.1,0.1,51,80,11.8,192,13.0827,80.2707
2025-08-15T19:00,28.4,73,32.0,0.4,0.4,51,69,13.9,220,13.0827,80.2707
2025-08-15T20:00,27.1,80,31.1,0.0,0.0,3,100,11.2,222,13.0827,80.2707
2025-08-15T21:00,26.8,83,31.7,0.0,0.0,3,100,7.1,240,13.0827,80.2707
2025-08-15T22:00,26.7,84,31.2,0.1,0.1,51,100,10.3,224,13.0827,80.2707
2025-08-15T23:00,26.8,84,31.3,0.0,0.0,3,100,10.3,218,13.0827,80.2707
2025-08-16T00:00,26.7,86,31.2,0.0,0.0,3,100,10.9,226,13.0827,80.2707
2025-08-16T01:00,26.6,85,30.8,0.0,0.0,3,100,12.0,223,13.0827,80.2707
2025-08-16T02:00,26.4,84,30.3,0.1,0.1,51,100,12.5,225,13.0827,80.2707
2025-08-16T03:00,26.1,85,30.0,0.1,0.1,51,100,11.9,240,13.0827,80.2707
2025-08-16T04:00,26.0,83,29.7,0.0,0.0,3,100,11.4,246,13.0827,80.2707
2025-08-16T05:00,25.8,81,29.4,0.0,0.0,3,100,10.2,240,13.0827,80.2707
2025-08-16T06:00,26.7,77,30.0,0.1,0.1,51,100,11.9,238,13.0827,80.2707
2025-08-16T07:00,27.2,76,31.0,0.0,0.0,3,100,10.5,231,13.0827,80.2707
2025-08-16T08:00,27.9,76,32.2,0.0,0.0,3,100,9.3,226,13.0827,80.2707
2025-08-16T09:00,28.3,72,31.6,0.2,0.2,51,100,14.0,242,13.0827,80.2707
2025-08-16T10:00,29.9,67,33.8,0.0,0.0,3,98,13.0,246,13.0827,80.2707
2025-08-16T11:00,30.6,64,35.6,0.0,0.0,3,100,12.2,271,13.0827,80.2707
2025-08-16T12:00,28.0,78,32.2,0.4,0.4,51,100,11.9,219,13.0827,80.2707
2025-08-16T13:00,29.2,76,34.6,0.2,0.2,51,100,7.0,212,13.0827,80.2707
2025-08-16T14:00,29.6,74,34.9,0.3,0.3,51,100,7.3,187,13.0827,80.2707
2025-08-16T15:00,29.5,73,34.8,0.2,0.2,51,98,6.6,215,13.0827,80.2707
2025-08-16T16:00,30.1,72,35.2,0.2,0.2,51,100,7.7,213,13.0827,80.2707
2025-08-16T17:00,29.7,74,34.5,0.1,0.1,51,100,10.7,221,13.0827,80.2707
2025-08-16T18:00,28.2,87,33.6,0.0,0.0,3,100,11.9,185,13.0827,80.2707
2025-08-16T19:00,27.9,87,33.6,1.0,1.0,55,100,8.7,202,13.0827,80.2707
2025-08-16T20:00,27.2,88,32.6,0.0,0.0,3,100,9.1,240,13.0827,80.2707
2025-08-16T21:00,26.7,88,31.2,0.0,0.0,3,95,13.4,253,13.0827,80.2707
2025-08-16T22:00,26.1,87,30.2,0.1,0.1,51,100,13.1,257,13.0827,80.2707
2025-08-16T23:00,25.7,87,29.5,0.2,0.2,51,99,12.8,253,13.0827,80.2707
2025-08-17T00:00,25.8,86,29.7,0.1,0.1,51,99,11.2,244,13.0827,80.2707
2025-08-17T01:00,25.4,88,29.6,0.2,0.2,51,100,9.7,239,13.0827,80.2707
2025-08-17T02:00,25.3,88,29.4,0.0,0.0,3,100,10.1,239,13.0827,80.2707
2025-08-17T03:00,25.4,87,29.3,0.0,0.0,3,100,10.5,239,13.0827,80.2707
2025-08-17T04:00,25.4,86,29.5,0.0,0.0,3,100,9.2,249,13.0827,80.2707
2025-08-17T05:00,25.3,86,29.2,0.0,0.0,3,100,9.5,248,13.0827,80.2707
2025-08-17T06:00,26.0,87,30.5,0.2,0.2,51,100,9.7,239,13.0827,80.2707
2025-08-17T07:00,26.0,87,30.5,0.1,0.1,51,100,9.7,243,13.0827,80.2707
2025-08-17T08:00,26.5,87,31.5,0.2,0.2,51,100,7.6,225,13.0827,80.2707
2025-08-17T09:00,26.8,87,32.0,0.5,0.5,53,100,7.6,225,13.0827,80.2707
2025-08-17T10:00,27.5,84,32.8,0.6,0.6,53,100,7.8,222,13.0827,80.2707
2025-08-17T11:00,28.2,80,33.5,0.2,0.2,51,100,6.8,235,13.0827,80.2707
2025-08-17T12:00,28.2,80,33.4,0.3,0.3,51,100,7.0,244,13.0827,80.2707
2025-08-17T13:00,28.8,77,34.2,0.1,0.1,51,100,7.0,230,13.0827,80.2707
2025-08-17T14:00,29.6,73,34.4,0.2,0.2,51,100,9.0,227,13.0827,80.2707
2025-08-17T15:00,29.3,74,34.0,0.2,0.2,51,100,9.4,220,13.0827,80.2707
2025-08-17T16:00,29.6,72,34.1,0.7,0.7,53,100,10.8,218,13.0827,80.2707
2025-08-17T17:00,26.6,90,31.6,6.2,6.2,63,100,10.9,261,13.0827,80.2707
2025-08-17T18:00,27.5,88,33.4,0.0,0.0,3,100,6.6,209,13.0827,80.2707
2025-08-17T19:00,26.9,88,31.6,0.8,0.8,53,100,13.2,219,13.0827,80.2707
2025-08-17T20:00,26.1,88,29.9,0.9,0.9,53,100,15.4,234,13.0827,80.2707
2025-08-17T21:00,25.8,88,29.5,0.5,0.5,53,100,14.5,239,13.0827,80.2707
2025-08-17T22:00,25.6,89,29.7,0.1,0.1,51,100,12.5,231,13.0827,80.2707
2025-08-17T23:00,25.7,88,29.5,0.0,0.0,3,100,13.8,239,13.0827,80.2707
2025-08-18T00:00,25.8,86,29.3,0.0,0.0,3,100,14.7,244,13.0827,80.2707
2025-08-18T01:00,25.7,86,29.0,0.0,0.0,3,100,15.3,240,13.0827,80.2707
2025-08-18T02:00,25.5,85,28.6,0.0,0.0,3,100,15.2,241,13.0827,80.2707
2025-08-18T03:00,25.4,83,28.1,0.0,0.0,3,100,16.3,242,13.0827,80.2707
2025-08-18T04:00,25.3,83,28.2,0.0,0.0,3,100,14.5,240,13.0827,80.2707
2025-08-18T05:00,25.2,84,28.3,0.0,0.0,3,100,13.6,236,13.0827,80.2707
2025-08-18T06:00,25.5,88,29.1,0.5,0.5,53,100,14.0,234,13.0827,80.2707
2025-08-18T07:00,25.7,85,29.1,0.4,0.4,51,100,14.6,238,13.0827,80.2707
2025-08-18T08:00,26.0,84,29.7,0.1,0.1,51,100,12.0,231,13.0827,80.2707
2025-08-18T09:00,26.6,84,30.9,0.0,0.0,3,100,10.2,231,13.0827,80.2707
2025-08-18T10:00,27.8,80,32.2,0.0,0.0,3,100,10.7,225,13.0827,80.2707
2025-08-18T11:00,29.0,73,32.9,0.0,0.0,3,100,13.1,221,13.0827,80.2707
2025-08-18T12:00,29.2,71,33.0,0.0,0.0,3,100,13.0,224,13.0827,80.2707
2025-08-18T13:00,29.6,69,33.1,0.1,0.1,51,100,15.1,242,13.0827,80.2707
2025-08-18T14:00,30.0,68,33.7,0.1,0.1,51,100,13.7,235,13.0827,80.2707
2025-08-18T15:00,29.9,68,33.5,0.0,0.0,3,100,13.8,244,13.0827,80.2707
2025-08-18T16:00,30.3,66,34.0,0.0,0.0,3,100,13.4,244,13.0827,80.2707
2025-08-18T17:00,29.6,68,33.1,0.0,0.0,3,100,14.0,263,13.0827,80.2707
2025-08-18T18:00,27.5,83,32.5,0.4,0.4,51,100,8.3,226,13.0827,80.2707
2025-08-18T19:00,26.3,86,31.1,0.4,0.4,51,100,8.5,258,13.0827,80.2707
2025-08-18T20:00,25.9,89,31.1,0.8,0.8,53,100,5.3,225,13.0827,80.2707
2025-08-18T21:00,26.2,86,30.9,0.1,0.1,51,100,8.3,226,13.0827,80.2707
2025-08-18T22:00,26.2,84,29.7,0.1,0.1,51,100,15.1,234,13.0827,80.2707
2025-08-18T23:00,26.0,81,28.9,0.0,0.0,3,100,15.2,237,13.0827,80.2707
2025-08-19T00:00,25.8,81,28.9,0.0,0.0,3,100,13.4,238,13.0827,80.2707
2025-08-19T01:00,25.6,81,28.6,0.1,0.1,51,100,13.2,239,13.0827,80.2707
2025-08-19T02:00,25.5,81,28.5,0.2,0.2,51,100,12.6,234,13.0827,80.2707
2025-08-19T03:00,25.2,83,28.5,0.2,0.2,51,100,10.9,218,13.0827,80.2707
2025-08-19T04:00,25.1,84,28.5,0.0,0.0,3,100,11.3,216,13.0827,80.2707
2025-08-19T05:00,25.2,81,28.1,0.0,0.0,3,100,12.8,220,13.0827,80.2707
2025-08-19T06:00,26.7,71,28.8,0.0,0.0,3,100,14.6,236,13.0827,80.2707
2025-08-19T07:00,26.9,70,29.2,0.0,0.0,3,100,14.2,232,13.0827,80.2707
2025-08-19T08:00,27.1,70,29.6,0.0,0.0,3,100,13.1,234,13.0827,80.2707
2025-08-19T09:00,28.0,67,30.3,0.0,0.0,3,100,14.4,238,13.0827,80.2707
2025-08-19T10:00,28.8,66,31.8,0.0,0.0,3,100,12.2,224,13.0827,80.2707
2025-08-19T11:00,29.0,65,32.0,0.0,0.0,3,100,11.9,214,13.0827,80.2707
2025-08-19T12:00,29.4,64,32.3,0.0,0.0,3,100,12.8,215,13.0827,80.2707
2025-08-19T13:00,29.5,64,32.1,0.0,0.0,3,100,15.2,221,13.0827,80.2707
2025-08-19T14:00,30.1,64,33.9,0.0,0.0,3,100,10.1,211,13.0827,80.2707
2025-08-19T15:00,31.0,64,35.3,0.0,0.0,3,100,9.2,215,13.0827,80.2707
2025-08-19T16:00,31.1,65,35.8,0.0,0.0,3,99,8.2,195,13.0827,80.2707
2025-08-19T17:00,30.1,76,36.0,0.0,0.0,3,99,6.7,175,13.0827,80.2707
2025-08-19T18:00,29.4,71,34.4,0.0,0.0,3,92,5.2,250,13.0827,80.2707
2025-08-19T19:00,28.6,72,32.8,0.0,0.0,3,99,7.8,238,13.0827,80.2707
2025-08-19T20:00,28.6,65,31.3,0.0,0.0,3,100,12.4,249,13.0827,80.2707
2025-08-19T21:00,28.0,63,30.7,0.0,0.0,3,100,9.3,233,13.0827,80.2707
2025-08-19T22:00,27.7,62,29.8,0.0,0.0,3,100,11.5,231,13.0827,80.2707
2025-08-19T23:00,28.1,57,29.2,0.0,0.0,3,100,15.1,252,13.0827,80.2707
2025-08-20T00:00,27.9,57,28.7,0.0,0.0,3,100,16.3,262,13.0827,80.2707
2025-08-20T01:00,27.2,61,28.3,0.0,0.0,3,100,14.7,262,13.0827,80.2707
2025-08-20T02:00,26.5,64,28.2,0.0,0.0,3,100,12.4,249,13.0827,80.2707
2025-08-20T03:00,26.0,68,27.9,0.0,0.0,3,100,11.1,241,13.0827,80.2707
2025-08-20T04:00,25.6,71,27.9,0.0,0.0,3,100,9.6,230,13.0827,80.2707
2025-08-20T05:00,25.4,72,27.9,0.0,0.0,3,100,9.6,227,13.0827,80.2707
2025-08-20T06:00,26.3,74,29.5,0.0,0.0,3,95,8.5,218,13.0827,80.2707
2025-08-20T07:00,27.2,75,31.1,0.0,0.0,3,95,8.5,205,13.0827,80.2707
2025-08-20T08:00,28.3,72,32.2,0.0,0.0,2,77,9.5,205,13.0827,80.2707
2025-08-20T09:00,29.1,69,32.7,0.0,0.0,3,100,11.6,213,13.0827,80.2707
2025-08-20T10:00,29.5,66,32.8,0.0,0.0,3,100,12.7,219,13.0827,80.2707
2025-08-20T11:00,30.7,61,34.0,0.0,0.0,3,97,12.5,242,13.0827,80.2707
2025-08-20T12:00,32.7,53,37.0,0.0,0.0,3,99,14.6,266,13.0827,80.2707
2025-08-20T13:00,33.2,51,36.7,0.0,0.0,3,100,14.8,273,13.0827,80.2707
2025-08-20T14:00,33.8,48,37.8,0.0,0.0,3,100,11.1,250,13.0827,80.2707
2025-08-20T15:00,33.2,51,36.9,0.0,0.0,3,100,8.1,193,13.0827,80.2707
2025-08-20T16:00,31.8,68,37.5,0.0,0.0,3,99,7.9,168,13.0827,80.2707
2025-08-20T17:00,30.5,77,36.6,0.0,0.0,0,12,8.9,146,13.0827,80.2707
2025-08-20T18:00,29.8,75,35.8,0.0,0.0,0,15,3.4,164,13.0827,80.2707
2025-08-20T19:00,29.5,77,35.5,0.0,0.0,0,8,5.3,135,13.0827,80.2707
2025-08-20T20:00,28.9,82,35.4,0.0,0.0,0,0,4.1,157,13.0827,80.2707
2025-08-20T21:00,28.6,80,33.9,0.0,0.0,0,18,9.1,187,13.0827,80.2707
2025-08-20T22:00,28.2,79,32.8,0.0,0.0,0,9,10.4,198,13.0827,80.2707
2025-08-20T23:00,27.8,79,32.1,0.0,0.0,0,10,11.0,208,13.0827,80.2707
2025-08-21T00:00,27.3,78,31.2,0.0,0.0,1,29,11.2,217,13.0827,80.2707
2025-08-21T01:00,27.0,79,30.9,0.0,0.0,1,24,10.8,218,13.0827,80.2707
2025-08-21T02:00,26.8,79,30.6,0.0,0.0,3,95,10.7,220,13.0827,80.2707
2025-08-21T03:00,26.5,77,30.1,0.0,0.0,2,74,10.0,231,13.0827,80.2707
2025-08-21T04:00,26.3,75,29.4,0.0,0.0,0,6,9.5,234,13.0827,80.2707
2025-08-21T05:00,26.0,74,29.0,0.0,0.0,1,20,9.0,235,13.0827,80.2707
2025-08-21T06:00,26.9,74,30.3,0.0,0.0,3,99,9.7,231,13.0827,80.2707
2025-08-21T07:00,27.9,68,31.1,0.0,0.0,3,99,9.8,244,13.0827,80.2707
2025-08-21T08:00,29.3,63,32.3,0.0,0.0,3,96,11.2,248,13.0827,80.2707
2025-08-21T09:00,30.6,58,33.3,0.0,0.0,3,96,12.4,257,13.0827,80.2707
2025-08-21T10:00,31.6,55,35.3,0.0,0.0,3,91,11.2,265,13.0827,80.2707
2025-08-21T11:00,32.7,53,37.9,0.0,0.0,2,78,8.7,274,13.0827,80.2707
2025-08-21T12:00,33.6,51,39.8,0.0,0.0,3,87,6.5,293,13.0827,80.2707
2025-08-21T13:00,33.8,50,39.8,0.0,0.0,3,99,5.2,329,13.0827,80.2707
2025-08-21T14:00,33.4,52,39.8,0.1,0.1,51,100,1.4,90,13.0827,80.2707
2025-08-21T15:00,32.9,55,38.1,0.0,0.0,3,100,4.0,126,13.0827,80.2707
2025-08-21T16:00,32.3,58,36.6,0.0,0.0,3,100,7.5,140,13.0827,80.2707
2025-08-21T17:00,31.0,64,35.1,0.0,0.0,3,100,11.8,142,13.0827,80.2707
2025-08-21T18:00,29.6,73,34.7,0.0,0.0,3,100,8.3,138,13.0827,80.2707
2025-08-21T19:00,29.2,76,34.6,0.0,0.0,3,100,7.2,162,13.0827,80.2707
2025-08-21T20:00,29.2,78,34.5,0.0,0.0,3,100,9.5,170,13.0827,80.2707
2025-08-21T21:00,29.1,78,34.3,0.0,0.0,3,100,9.6,171,13.0827,80.2707
2025-08-21T22:00,28.8,81,34.3,0.0,0.0,3,100,8.8,178,13.0827,80.2707
2025-08-21T23:00,28.6,83,34.3,0.0,0.0,3,100,8.5,184,13.0827,80.2707
2025-08-22T00:00,28.4,85,34.4,0.0,0.0,3,100,7.9,192,13.0827,80.2707
2025-08-22T01:00,28.2,85,34.1,0.0,0.0,3,100,7.4,198,13.0827,80.2707
2025-08-22T02:00,27.7,88,33.0,0.0,0.0,3,99,11.4,204,13.0827,80.2707
2025-08-22T03:00,26.4,89,30.8,0.1,0.1,51,99,12.8,219,13.0827,80.2707
2025-08-22T04:00,25.9,87,29.3,0.1,0.1,51,99,16.7,225,13.0827,80.2707
2025-08-22T05:00,25.2,90,29.2,0.0,0.0,3,100,11.9,221,13.0827,80.2707
2025-08-22T06:00,25.8,86,29.6,0.0,0.0,3,100,12.4,199,13.0827,80.2707
2025-08-22T07:00,26.9,82,30.9,0.0,0.0,3,100,12.3,198,13.0827,80.2707
2025-08-22T08:00,28.5,72,31.7,0.0,0.0,3,100,15.0,196,13.0827,80.2707
2025-08-22T09:00,30.0,66,33.3,0.0,0.0,3,100,14.8,201,13.0827,80.2707
2025-08-22T10:00,31.3,61,35.8,0.1,0.1,51,100,12.9,213,13.0827,80.2707
2025-08-22T11:00,32.3,57,37.0,0.1,0.1,51,100,11.5,222,13.0827,80.2707
2025-08-22T12:00,33.1,54,38.3,0.0,0.0,3,100,10.4,233,13.0827,80.2707
2025-08-22T13:00,33.9,51,39.8,0.0,0.0,3,100,6.7,216,13.0827,80.2707
2025-08-22T14:00,33.6,52,38.3,0.0,0.0,3,100,8.5,173,13.0827,80.2707
2025-08-22T15:00,32.1,59,35.9,0.0,0.0,3,100,13.0,174,13.0827,80.2707
2025-08-22T16:00,31.2,67,35.4,0.5,0.5,53,99,14.3,170,13.0827,80.2707
2025-08-22T17:00,30.3,71,34.9,0.0,0.0,3,100,11.9,179,13.0827,80.2707
2025-08-22T18:00,29.2,75,35.1,3.9,3.9,63,100,2.0,153,13.0827,80.2707
2025-08-22T19:00,29.0,80,35.6,0.1,0.1,51,100,2.0,265,13.0827,80.2707
2025-08-22T20:00,28.8,85,35.6,0.2,0.2,51,100,3.6,143,13.0827,80.2707
2025-08-22T21:00,28.6,87,35.3,0.0,0.0,3,100,5.2,200,13.0827,80.2707
2025-08-22T22:00,28.0,84,33.1,0.6,0.6,53,100,11.4,219,13.0827,80.2707
2025-08-22T23:00,26.5,87,30.5,0.7,0.7,53,100,14.9,202,13.0827,80.2707
2025-08-23T00:00,25.2,92,29.1,3.2,3.2,63,99,13.6,220,13.0827,80.2707
2025-08-23T01:00,24.7,93,27.3,10.3,10.3,65,100,21.5,220,13.0827,80.2707
2025-08-23T02:00,24.7,92,28.9,0.2,0.2,51,100,9.9,251,13.0827,80.2707
2025-08-23T03:00,24.7,92,28.9,0.2,0.2,51,100,10.5,246,13.0827,80.2707
2025-08-23T04:00,24.7,92,28.7,0.3,0.3,51,100,12.0,240,13.0827,80.2707
2025-08-23T05:00,24.7,92,28.5,0.3,0.3,51,100,12.0,246,13.0827,80.2707
2025-08-23T06:00,24.4,94,29.2,3.5,3.5,63,100,6.3,257,13.0827,80.2707
2025-08-23T07:00,24.5,93,28.8,3.4,3.4,63,100,9.3,307,13.0827,80.2707
2025-08-23T08:00,24.7,94,29.3,3.1,3.1,63,100,8.6,211,13.0827,80.2707
2025-08-23T09:00,25.2,91,29.3,1.2,1.2,55,100,11.5,210,13.0827,80.2707
2025-08-23T10:00,27.1,83,31.7,0.1,0.1,51,100,9.0,218,13.0827,80.2707
2025-08-23T11:00,28.7,75,33.4,0.0,0.0,3,100,8.6,192,13.0827,80.2707
2025-08-23T12:00,29.2,74,33.8,0.0,0.0,3,100,11.0,185,13.0827,80.2707
2025-08-23T13:00,29.4,73,34.2,0.0,0.0,3,100,9.7,180,13.0827,80.2707
2025-08-23T14:00,30.2,72,35.8,0.0,0.0,3,100,9.6,177,13.0827,80.2707
2025-08-23T15:00,30.3,74,36.0,0.0,0.0,3,100,7.6,168,13.0827,80.2707
2025-08-23T16:00,29.7,78,35.3,0.0,0.0,3,100,10.4,160,13.0827,80.2707
2025-08-23T17:00,28.7,81,33.6,0.0,0.0,3,100,13.3,159,13.0827,80.2707
2025-08-23T18:00,29.1,82,35.1,0.0,0.0,3,100,7.8,167,13.0827,80.2707
2025-08-23T19:00,28.5,86,34.3,0.0,0.0,3,100,9.7,178,13.0827,80.2707
2025-08-23T20:00,28.1,85,33.6,0.0,0.0,3,100,9.0,192,13.0827,80.2707
2025-08-23T21:00,27.8,86,33.3,0.0,0.0,3,100,9.0,192,13.0827,80.2707
2025-08-23T22:00,27.5,87,33.1,0.0,0.0,3,100,8.6,200,13.0827,80.2707
2025-08-23T23:00,27.2,89,32.8,0.0,0.0,3,100,8.0,216,13.0827,80.2707
2025-08-24T00:00,26.8,90,31.9,0.0,0.0,3,100,10.6,247,13.0827,80.2707
2025-08-24T01:00,26.5,89,31.7,0.0,0.0,3,100,8.9,232,13.0827,80.2707
2025-08-24T02:00,26.3,88,31.0,0.0,0.0,3,100,9.8,247,13.0827,80.2707
2025-08-24T03:00,26.0,85,30.4,0.0,0.0,1,36,9.0,241,13.0827,80.2707
2025-08-24T04:00,25.8,84,29.9,0.0,0.0,1,42,9.0,233,13.0827,80.2707
2025-08-24T05:00,25.5,84,29.3,0.0,0.0,2,54,9.3,238,13.0827,80.2707
2025-08-24T06:00,27.0,79,31.0,0.0,0.0,1,26,10.1,251,13.0827,80.2707
2025-08-24T07:00,27.9,75,32.2,0.0,0.0,2,56,8.6,262,13.0827,80.2707
2025-08-24T08:00,29.4,70,33.8,0.0,0.0,0,17,8.8,271,13.0827,80.2707
2025-08-24T09:00,30.8,65,35.3,0.0,0.0,0,6,10.0,283,13.0827,80.2707
2025-08-24T10:00,32.0,58,37.1,0.0,0.0,1,39,11.0,288,13.0827,80.2707
2025-08-24T11:00,33.0,55,38.6,0.0,0.0,1,42,10.4,285,13.0827,80.2707
2025-08-24T12:00,33.8,52,39.7,0.0,0.0,1,43,9.9,285,13.0827,80.2707
2025-08-24T13:00,34.0,51,39.9,0.0,0.0,3,83,7.9,291,13.0827,80.2707
2025-08-24T14:00,33.9,52,40.2,0.0,0.0,2,79,3.8,3,13.0827,80.2707
2025-08-24T15:00,33.0,58,38.5,0.1,0.1,51,100,6.6,81,13.0827,80.2707
2025-08-24T16:00,30.7,74,36.2,0.0,0.0,3,90,10.9,110,13.0827,80.2707
2025-08-24T17:00,29.2,79,34.4,0.1,0.1,51,86,10.7,229,13.0827,80.2707
2025-08-24T18:00,29.0,81,34.9,0.0,0.0,1,42,7.6,166,13.0827,80.2707
2025-08-24T19:00,28.6,84,34.0,0.0,0.0,2,71,11.6,172,13.0827,80.2707
2025-08-24T20:00,28.5,83,34.2,0.0,0.0,3,81,8.2,171,13.0827,80.2707
2025-08-24T21:00,28.3,86,34.0,0.0,0.0,3,83,9.9,175,13.0827,80.2707
2025-08-24T22:00,28.1,86,34.1,0.0,0.0,3,99,7.9,196,13.0827,80.2707
2025-08-24T23:00,27.8,88,33.7,0.0,0.0,3,99,8.4,214,13.0827,80.2707
2025-08-25T00:00,27.5,89,33.2,0.0,0.0,3,100,9.2,206,13.0827,80.2707
2025-08-25T01:00,27.4,88,32.8,0.0,0.0,3,100,9.3,208,13.0827,80.2707
2025-08-25T02:00,27.2,89,32.6,0.0,0.0,3,100,10.0,213,13.0827,80.2707
2025-08-25T03:00,27.0,91,32.7,0.0,0.0,3,100,8.5,222,13.0827,80.2707
2025-08-25T04:00,26.7,93,32.5,0.0,0.0,1,21,8.7,236,13.0827,80.2707
2025-08-25T05:00,26.4,93,32.0,0.0,0.0,1,47,9.0,244,13.0827,80.2707
2025-08-25T06:00,27.4,95,33.6,0.0,0.0,3,100,11.2,238,13.0827,80.2707
2025-08-25T07:00,28.2,83,33.5,0.0,0.0,3,80,10.3,248,13.0827,80.2707
2025-08-25T08:00,29.9,63,33.2,0.0,0.0,3,99,11.0,265,13.0827,80.2707
2025-08-25T09:00,30.3,57,32.8,0.0,0.0,3,100,11.5,281,13.0827,80.2707
2025-08-25T10:00,31.0,54,33.5,0.0,0.0,3,100,10.4,285,13.0827,80.2707
2025-08-25T11:00,32.0,52,35.8,0.0,0.0,3,100,9.4,293,13.0827,80.2707
2025-08-25T12:00,33.3,49,37.8,0.0,0.0,3,100,9.3,285,13.0827,80.2707
2025-08-25T13:00,34.3,44,38.7,0.0,0.0,3,100,7.1,289,13.0827,80.2707
2025-08-25T14:00,34.5,42,38.6,0.0,0.0,3,100,5.0,46,13.0827,80.2707
2025-08-25T15:00,32.9,51,36.2,0.0,0.0,3,100,11.7,77,13.0827,80.2707
2025-08-25T16:00,31.5,57,34.6,0.0,0.0,3,98,12.2,110,13.0827,80.2707
2025-08-25T17:00,30.3,61,33.8,0.0,0.0,3,100,8.9,124,13.0827,80.2707
2025-08-25T18:00,30.0,68,34.6,0.0,0.0,3,100,7.6,115,13.0827,80.2707
2025-08-25T19:00,29.0,74,33.9,0.0,0.0,3,100,7.7,120,13.0827,80.2707
2025-08-25T20:00,29.0,72,33.5,0.0,0.0,3,100,7.6,162,13.0827,80.2707
2025-08-25T21:00,28.9,76,33.8,0.0,0.0,3,100,8.3,167,13.0827,80.2707
2025-08-25T22:00,28.5,79,33.6,0.0,0.0,3,100,8.6,192,13.0827,80.2707
2025-08-25T23:00,28.1,80,33.0,0.0,0.0,3,100,8.9,204,13.0827,80.2707
2025-08-26T00:00,27.5,80,32.0,0.0,0.0,3,100,9.4,212,13.0827,80.2707
2025-08-26T01:00,27.0,81,31.4,0.0,0.0,3,99,9.0,226,13.0827,80.2707
2025-08-26T02:00,26.7,81,30.8,0.0,0.0,3,100,9.7,230,13.0827,80.2707
2025-08-26T03:00,26.5,78,29.9,0.0,0.0,3,100,11.6,228,13.0827,80.2707
2025-08-26T04:00,26.3,77,29.2,0.0,0.0,3,100,13.0,227,13.0827,80.2707
2025-08-26T05:00,25.9,84,29.6,0.0,0.0,3,100,12.8,231,13.0827,80.2707
2025-08-26T06:00,27.6,86,32.1,0.0,0.0,3,100,14.8,220,13.0827,80.2707
2025-08-26T07:00,28.4,78,32.7,0.0,0.0,3,100,12.0,231,13.0827,80.2707
2025-08-26T08:00,29.7,70,33.7,0.0,0.0,3,100,12.9,240,13.0827,80.2707
2025-08-26T09:00,30.9,64,34.5,0.0,0.0,3,100,13.1,233,13.0827,80.2707
2025-08-26T10:00,32.2,55,35.2,0.0,0.0,3,98,13.4,238,13.0827,80.2707
2025-08-26T11:00,33.4,49,37.2,0.0,0.0,3,100,12.7,247,13.0827,80.2707
2025-08-26T12:00,34.0,45,37.0,0.0,0.0,3,100,13.6,255,13.0827,80.2707
2025-08-26T13:00,33.6,44,35.2,0.0,0.0,3,100,13.7,257,13.0827,80.2707
2025-08-26T14:00,34.2,40,35.6,0.0,0.0,3,100,12.3,248,13.0827,80.2707
2025-08-26T15:00,34.2,41,35.9,0.0,0.0,3,100,10.7,237,13.0827,80.2707
2025-08-26T16:00,34.1,40,35.9,0.0,0.0,3,92,10.1,197,13.0827,80.2707
2025-08-26T17:00,32.5,54,35.5,0.0,0.0,3,100,12.3,166,13.0827,80.2707
2025-08-26T18:00,32.7,43,34.8,0.0,0.0,3,100,6.7,200,13.0827,80.2707
2025-08-26T19:00,31.6,52,34.7,0.0,0.0,3,100,7.3,190,13.0827,80.2707
2025-08-26T20:00,30.3,67,34.5,0.0,0.0,3,100,9.9,175,13.0827,80.2707
2025-08-26T21:00,29.5,74,34.0,0.0,0.0,3,100,12.0,196,13.0827,80.2707
2025-08-26T22:00,29.1,76,33.8,0.0,0.0,3,100,10.8,212,13.0827,80.2707
2025-08-26T23:00,28.6,76,33.0,0.0,0.0,2,63,11.9,236,13.0827,80.2707
2025-08-27T00:00,28.6,70,31.9,0.0,0.0,3,99,12.4,240,13.0827,80.2707
2025-08-27T01:00,28.4,65,31.2,0.0,0.0,3,100,11.4,232,13.0827,80.2707
2025-08-27T02:00,27.1,70,29.8,0.0,0.0,3,100,11.7,345,13.0827,80.2707
2025-08-27T03:00,25.6,77,29.0,0.1,0.1,51,100,7.7,319,13.0827,80.2707
2025-08-27T04:00,26.4,73,29.6,0.0,0.0,3,100,8.4,223,13.0827,80.2707
2025-08-27T05:00,27.0,72,29.9,0.0,0.0,3,100,11.0,232,13.0827,80.2707
2025-08-27T06:00,28.4,64,30.9,0.0,0.0,3,100,12.9,254,13.0827,80.2707
2025-08-27T07:00,28.9,63,31.2,0.0,0.0,3,100,14.2,255,13.0827,80.2707
2025-08-27T08:00,29.7,61,32.2,0.0,0.0,3,100,14.4,261,13.0827,80.2707
2025-08-27T09:00,30.6,58,32.9,0.0,0.0,3,100,15.9,260,13.0827,80.2707
2025-08-27T10:00,31.6,55,34.1,0.0,0.0,3,100,13.8,263,13.0827,80.2707
2025-08-27T11:00,31.6,55,34.1,0.0,0.0,3,100,14.9,272,13.0827,80.2707
2025-08-27T12:00,32.3,53,34.8,0.0,0.0,3,100,14.5,275,13.0827,80.2707
2025-08-27T13:00,33.0,50,36.0,0.0,0.0,3,100,10.4,261,13.0827,80.2707
2025-08-27T14:00,33.8,47,36.9,0.0,0.0,3,100,8.2,262,13.0827,80.2707
2025-08-27T15:00,31.9,56,34.7,1.9,1.9,61,100,14.2,286,13.0827,80.2707
2025-08-27T16:00,27.4,84,33.0,4.7,4.7,63,100,5.6,184,13.0827,80.2707
2025-08-27T17:00,28.1,81,33.7,0.1,0.1,51,100,5.2,243,13.0827,80.2707
2025-08-27T18:00,30.0,68,33.6,0.0,0.0,3,100,14.9,165,13.0827,80.2707
2025-08-27T19:00,29.4,73,34.0,0.0,0.0,3,100,9.7,199,13.0827,80.2707
2025-08-27T20:00,25.8,94,30.4,14.8,14.8,65,100,12.8,294,13.0827,80.2707
2025-08-27T21:00,25.7,94,31.9,1.4,1.4,61,100,2.6,141,13.0827,80.2707
2025-08-27T22:00,26.4,91,31.7,0.0,0.0,3,100,8.3,237,13.0827,80.2707
2025-08-27T23:00,26.2,87,30.6,0.0,0.0,3,100,11.2,237,13.0827,80.2707
2025-08-28T00:00,25.9,85,29.8,0.0,0.0,3,100,11.2,232,13.0827,80.2707
2025-08-28T01:00,25.9,83,29.7,0.0,0.0,3,100,10.9,226,13.0827,80.2707
2025-08-28T02:00,25.9,83,29.6,0.0,0.0,3,100,11.5,225,13.0827,80.2707
2025-08-28T03:00,25.9,83,29.5,0.0,0.0,3,100,11.7,229,13.0827,80.2707
2025-08-28T04:00,26.0,82,29.4,0.0,0.0,3,100,12.5,235,13.0827,80.2707
2025-08-28T05:00,26.1,80,29.5,0.0,0.0,3,100,11.8,250,13.0827,80.2707
2025-08-28T06:00,27.1,77,30.9,0.0,0.0,3,100,9.9,226,13.0827,80.2707
2025-08-28T07:00,27.7,75,31.7,0.0,0.0,3,100,9.4,227,13.0827,80.2707
2025-08-28T08:00,28.8,70,32.7,0.0,0.0,3,100,9.8,232,13.0827,80.2707
2025-08-28T09:00,30.2,63,33.4,0.0,0.0,3,100,12.6,229,13.0827,80.2707
2025-08-28T10:00,31.2,58,34.2,0.0,0.0,3,100,13.5,239,13.0827,80.2707
2025-08-28T11:00,32.5,54,36.5,0.0,0.0,3,100,13.1,236,13.0827,80.2707
2025-08-28T12:00,33.5,51,37.4,0.0,0.0,3,100,14.7,243,13.0827,80.2707
2025-08-28T13:00,34.3,49,38.8,0.0,0.0,3,100,11.9,235,13.0827,80.2707
2025-08-28T14:00,34.5,49,39.0,0.0,0.0,3,100,11.3,216,13.0827,80.2707
2025-08-28T15:00,33.6,52,37.1,0.2,0.2,51,100,11.6,185,13.0827,80.2707
2025-08-28T16:00,31.7,64,35.7,0.7,0.7,53,100,14.0,198,13.0827,80.2707
2025-08-28T17:00,26.8,88,31.7,9.1,9.1,65,100,10.1,241,13.0827,80.2707
2025-08-28T18:00,29.0,74,33.7,0.0,0.0,3,100,8.6,190,13.0827,80.2707
2025-08-28T19:00,28.6,76,33.6,0.0,0.0,3,100,6.7,194,13.0827,80.2707
2025-08-28T20:00,27.2,83,32.4,3.2,3.2,63,100,6.4,278,13.0827,80.2707
2025-08-28T21:00,27.1,86,32.8,0.2,0.2,51,100,5.4,195,13.0827,80.2707
2025-08-28T22:00,27.2,86,33.0,0.0,0.0,3,100,4.8,222,13.0827,80.2707
2025-08-28T23:00,27.1,87,32.6,0.0,0.0,3,99,7.4,241,13.0827,80.2707
2025-08-29T00:00,27.0,88,32.2,0.0,0.0,3,100,9.6,237,13.0827,80.2707
2025-08-29T01:00,27.0,84,31.3,0.0,0.0,3,100,12.2,232,13.0827,80.2707
2025-08-29T02:00,26.9,82,31.1,0.0,0.0,3,100,10.6,238,13.0827,80.2707
2025-08-29T03:00,26.7,83,31.3,0.0,0.0,3,100,8.6,244,13.0827,80.2707
2025-08-29T04:00,26.6,83,31.0,0.0,0.0,3,100,8.9,234,13.0827,80.2707
2025-08-29T05:00,26.5,82,30.9,0.0,0.0,3,100,7.8,232,13.0827,80.2707
2025-08-29T06:00,27.3,77,31.2,0.0,0.0,3,100,10.3,243,13.0827,80.2707
2025-08-29T07:00,28.2,76,32.9,0.0,0.0,3,100,7.5,226,13.0827,80.2707
2025-08-29T08:00,30.0,68,34.5,0.0,0.0,3,100,8.0,220,13.0827,80.2707
2025-08-29T09:00,30.9,60,34.3,0.0,0.0,3,100,11.1,234,13.0827,80.2707
2025-08-29T10:00,31.4,57,34.7,0.0,0.0,3,100,11.0,229,13.0827,80.2707
2025-08-29T11:00,33.2,51,37.9,0.0,0.0,3,100,10.4,228,13.0827,80.2707
2025-08-29T12:00,34.2,48,38.9,0.1,0.1,51,100,13.3,245,13.0827,80.2707
2025-08-29T13:00,34.5,48,38.7,0.1,0.1,51,100,12.8,230,13.0827,80.2707
2025-08-29T14:00,34.9,45,38.5,0.0,0.0,3,99,13.6,219,13.0827,80.2707
2025-08-29T15:00,34.7,44,37.3,0.1,0.1,51,99,14.3,220,13.0827,80.2707
2025-08-29T16:00,33.9,45,35.9,0.4,0.4,51,99,14.6,207,13.0827,80.2707
2025-08-29T17:00,32.2,57,35.5,0.2,0.2,51,95,13.3,182,13.0827,80.2707
2025-08-29T18:00,30.8,65,34.5,0.0,0.0,1,46,12.9,174,13.0827,80.2707
2025-08-29T19:00,30.1,72,34.9,0.0,0.0,3,100,11.1,166,13.0827,80.2707
2025-08-29T20:00,29.8,76,35.0,0.0,0.0,3,99,11.2,179,13.0827,80.2707
2025-08-29T21:00,29.6,78,34.4,0.0,0.0,3,100,14.5,185,13.0827,80.2707
2025-08-29T22:00,29.5,76,33.8,0.0,0.0,3,99,15.8,187,13.0827,80.2707
2025-08-29T23:00,29.3,76,33.6,0.0,0.0,3,100,14.5,197,13.0827,80.2707
2025-08-30T00:00,28.8,74,33.3,0.0,0.0,3,95,10.3,216,13.0827,80.2707
2025-08-30T01:00,28.4,73,32.5,0.0,0.0,1,22,9.3,216,13.0827,80.2707
2025-08-30T02:00,27.9,73,31.8,0.0,0.0,3,92,9.5,217,13.0827,80.2707
2025-08-30T03:00,27.6,74,31.4,0.0,0.0,3,96,8.8,221,13.0827,80.2707
2025-08-30T04:00,27.3,74,31.0,0.0,0.0,3,92,9.1,232,13.0827,80.2707
2025-08-30T05:00,27.1,73,30.4,0.0,0.0,3,95,10.1,241,13.0827,80.2707
2025-08-30T06:00,28.5,68,32.0,0.0,0.0,3,100,9.4,244,13.0827,80.2707
2025-08-30T07:00,30.0,62,33.5,0.0,0.0,3,89,9.4,241,13.0827,80.2707
2025-08-30T08:00,31.7,56,34.5,0.0,0.0,3,95,13.6,259,13.0827,80.2707
2025-08-30T09:00,33.0,52,35.9,0.0,0.0,0,15,13.5,262,13.0827,80.2707
2025-08-30T10:00,34.4,48,38.7,0.0,0.0,0,2,11.5,266,13.0827,80.2707
2025-08-30T11:00,35.9,43,40.7,0.0,0.0,0,13,10.6,281,13.0827,80.2707
2025-08-30T12:00,36.8,39,41.7,0.0,0.0,1,30,9.3,279,13.0827,80.2707
2025-08-30T13:00,36.8,38,41.4,0.1,0.1,51,48,8.5,271,13.0827,80.2707
2025-08-30T14:00,36.0,40,40.5,0.3,0.3,51,48,4.5,254,13.0827,80.2707
2025-08-30T15:00,35.5,43,39.6,0.4,0.4,51,43,2.2,138,13.0827,80.2707
2025-08-30T16:00,31.1,66,35.1,0.1,0.1,51,65,14.5,169,13.0827,80.2707
2025-08-30T17:00,31.1,66,35.7,0.1,0.1,51,49,9.1,155,13.0827,80.2707
2025-08-30T18:00,31.0,69,36.7,0.0,0.0,1,26,5.2,94,13.0827,80.2707
2025-08-30T19:00,30.2,78,36.9,0.0,0.0,1,43,4.0,122,13.0827,80.2707
2025-08-30T20:00,29.7,81,36.7,0.0,0.0,1,46,2.8,35,13.0827,80.2707
2025-08-30T21:00,27.2,91,33.7,11.8,11.8,65,100,4.3,228,13.0827,80.2707
2025-08-30T22:00,26.5,91,31.5,7.1,7.1,63,100,11.2,169,13.0827,80.2707
2025-08-30T23:00,26.5,91,32.5,2.3,2.3,61,100,5.2,284,13.0827,80.2707
2025-08-31T00:00,26.5,92,32.3,0.1,0.1,51,95,6.0,295,13.0827,80.2707
2025-08-31T01:00,26.1,93,32.2,0.0,0.0,3,100,3.9,326,13.0827,80.2707
2025-08-31T02:00,25.9,93,31.9,0.0,0.0,3,100,3.5,348,13.0827,80.2707
2025-08-31T03:00,26.0,91,31.9,0.0,0.0,3,100,2.6,282,13.0827,80.2707
2025-08-31T04:00,26.1,88,30.9,0.0,0.0,3,100,8.3,257,13.0827,80.2707
2025-08-31T05:00,26.0,86,30.5,0.0,0.0,3,96,8.8,255,13.0827,80.2707
2025-08-31T06:00,26.3,86,30.9,0.0,0.0,3,100,9.2,253,13.0827,80.2707
2025-08-31T07:00,26.7,88,31.9,0.0,0.0,3,100,8.5,241,13.0827,80.2707
2025-08-31T08:00,27.8,84,33.0,0.0,0.0,3,100,9.7,246,13.0827,80.2707
2025-08-31T09:00,28.8,76,33.6,0.0,0.0,3,99,9.3,246,13.0827,80.2707
2025-08-31T10:00,30.4,66,34.7,0.0,0.0,3,100,10.3,248,13.0827,80.2707
2025-08-31T11:00,31.9,59,36.8,0.0,0.0,3,93,12.8,259,13.0827,80.2707
2025-08-31T12:00,33.3,53,38.0,0.0,0.0,2,75,15.9,286,13.0827,80.2707
2025-08-31T13:00,34.0,52,39.0,0.0,0.0,3,86,14.3,285,13.0827,80.2707
2025-08-31T14:00,34.6,49,39.1,0.0,0.0,1,41,13.0,276,13.0827,80.2707
2025-08-31T15:00,33.8,50,36.9,0.0,0.0,1,33,13.2,281,13.0827,80.2707
2025-08-31T16:00,33.3,53,37.4,0.0,0.0,0,17,7.0,288,13.0827,80.2707
2025-08-31T17:00,32.7,57,37.6,0.0,0.0,1,24,4.0,234,13.0827,80.2707
2025-08-31T18:00,29.0,82,34.7,0.0,0.0,1,42,10.0,157,13.0827,80.2707
2025-08-31T19:00,28.8,81,34.9,0.0,0.0,3,100,6.0,213,13.0827,80.2707
2025-08-31T20:00,28.5,82,34.5,0.1,0.1,51,99,5.2,241,13.0827,80.2707
2025-08-31T21:00,27.7,81,32.9,0.1,0.1,51,87,5.8,244,13.0827,80.2707
2025-08-31T22:00,27.1,82,32.8,4.1,4.1,63,82,1.0,31,13.0827,80.2707
2025-08-31T23:00,25.7,91,30.2,6.8,6.8,63,100,11.2,202,13.0827,80.2707
2025-09-01T00:00,25.7,93,29.8,0.4,0.4,51,100,15.1,244,13.0827,80.2707
2025-09-01T01:00,25.6,90,30.3,0.3,0.3,51,100,9.0,240,13.0827,80.2707
2025-09-01T02:00,25.2,90,29.1,0.8,0.8,53,100,12.5,235,13.0827,80.2707
2025-09-01T03:00,25.1,91,29.1,0.2,0.2,51,100,11.6,235,13.0827,80.2707
2025-09-01T04:00,25.0,92,29.1,0.0,0.0,3,99,11.1,230,13.0827,80.2707
2025-09-01T05:00,25.2,91,29.5,0.0,0.0,3,100,9.9,243,13.0827,80.2707
2025-09-01T06:00,26.5,83,30.4,0.3,0.3,51,100,12.5,265,13.0827,80.2707
2025-09-01T07:00,27.2,82,32.0,0.0,0.0,3,100,7.6,262,13.0827,80.2707
2025-09-01T08:00,28.1,79,33.0,0.0,0.0,3,100,8.7,249,13.0827,80.2707
2025-09-01T09:00,29.3,72,34.0,0.0,0.0,3,100,8.4,247,13.0827,80.2707
2025-09-01T10:00,29.0,72,33.4,1.1,1.1,55,100,8.9,251,13.0827,80.2707
2025-09-01T11:00,28.2,77,33.0,0.4,0.4,51,100,8.1,275,13.0827,80.2707
2025-09-01T12:00,28.6,76,33.6,0.3,0.3,51,100,7.8,275,13.0827,80.2707
2025-09-01T13:00,29.4,72,34.0,0.2,0.2,51,100,9.1,263,13.0827,80.2707
2025-09-01T14:00,30.3,69,35.0,0.2,0.2,51,100,9.1,252,13.0827,80.2707
2025-09-01T15:00,31.0,66,36.1,0.0,0.0,3,100,6.0,241,13.0827,80.2707
2025-09-01T16:00,31.4,65,36.6,0.0,0.0,3,100,5.5,207,13.0827,80.2707
2025-09-01T17:00,30.8,69,36.1,0.0,0.0,3,100,6.3,219,13.0827,80.2707
2025-09-01T18:00,29.3,71,33.9,0.0,0.0,3,100,8.4,285,13.0827,80.2707
2025-09-01T19:00,28.7,74,33.5,0.0,0.0,3,100,7.2,284,13.0827,80.2707
2025-09-01T20:00,28.4,74,32.8,0.0,0.0,3,100,8.8,250,13.0827,80.2707
2025-09-01T21:00,27.9,76,32.6,0.0,0.0,3,100,6.4,299,13.0827,80.2707
2025-09-01T22:00,27.6,79,32.8,0.0,0.0,3,100,4.2,239,13.0827,80.2707
2025-09-01T23:00,27.3,85,33.3,0.0,0.0,3,100,2.2,275,13.0827,80.2707
2025-09-02T00:00,27.3,82,32.6,0.0,0.0,3,100,4.5,220,13.0827,80.2707
2025-09-02T01:00,27.3,82,32.3,0.0,0.0,3,99,7.9,207,13.0827,80.2707
2025-09-02T02:00,27.0,83,31.8,0.0,0.0,3,100,8.5,226,13.0827,80.2707
2025-09-02T03:00,27.1,77,30.7,0.0,0.0,3,100,11.9,255,13.0827,80.2707
2025-09-02T04:00,26.9,73,29.8,0.0,0.0,3,100,12.7,264,13.0827,80.2707
2025-09-02T05:00,26.5,72,29.2,0.0,0.0,3,100,11.6,262,13.0827,80.2707
2025-09-02T06:00,27.7,64,29.7,0.0,0.0,3,100,13.1,257,13.0827,80.2707
2025-09-02T07:00,28.3,61,30.1,0.0,0.0,3,100,13.7,266,13.0827,80.2707
2025-09-02T08:00,28.9,60,31.4,0.0,0.0,3,100,10.6,261,13.0827,80.2707
2025-09-02T09:00,30.3,56,32.6,0.0,0.0,3,100,12.6,269,13.0827,80.2707
2025-09-02T10:00,31.7,53,34.1,0.0,0.0,3,100,13.3,286,13.0827,80.2707
2025-09-02T11:00,33.5,48,36.6,0.0,0.0,3,100,17.0,291,13.0827,80.2707
2025-09-02T12:00,34.6,44,37.8,0.0,0.0,3,100,15.1,288,13.0827,80.2707
2025-09-02T13:00,36.0,40,39.5,0.0,0.0,3,100,13.7,297,13.0827,80.2707
2025-09-02T14:00,35.7,40,38.1,0.0,0.0,3,100,15.4,297,13.0827,80.2707
2025-09-02T15:00,32.6,53,36.3,0.5,0.5,53,100,6.9,237,13.0827,80.2707
2025-09-02T16:00,33.2,52,37.6,0.0,0.0,3,100,2.9,292,13.0827,80.2707
2025-09-02T17:00,32.2,54,36.3,0.0,0.0,3,100,4.2,310,13.0827,80.2707
2025-09-02T18:00,30.4,63,34.6,0.4,0.4,51,100,6.4,315,13.0827,80.2707
2025-09-02T19:00,30.2,64,35.1,0.0,0.0,3,100,2.6,304,13.0827,80.2707
2025-09-02T20:00,30.2,64,34.5,0.0,0.0,3,100,7.0,241,13.0827,80.2707
2025-09-02T21:00,27.5,79,31.2,3.6,3.6,63,100,13.5,245,13.0827,80.2707
2025-09-02T22:00,25.7,88,29.6,5.9,5.9,63,100,13.0,260,13.0827,80.2707
2025-09-02T23:00,26.4,84,30.7,0.0,0.0,3,100,9.8,256,13.0827,80.2707
2025-09-03T00:00,26.2,86,31.0,0.0,0.0,3,100,7.5,237,13.0827,80.2707
2025-09-03T01:00,26.2,86,30.9,0.0,0.0,3,100,8.1,249,13.0827,80.2707
2025-09-03T02:00,26.5,80,30.1,0.0,0.0,3,100,11.8,253,13.0827,80.2707
2025-09-03T03:00,26.6,76,29.7,0.0,0.0,3,100,12.7,257,13.0827,80.2707
2025-09-03T04:00,26.6,75,29.6,0.0,0.0,3,100,12.1,252,13.0827,80.2707
2025-09-03T05:00,26.4,76,29.5,0.0,0.0,3,99,11.3,252,13.0827,80.2707
2025-09-03T06:00,27.0,75,30.1,0.0,0.0,3,100,12.8,254,13.0827,80.2707
2025-09-03T07:00,27.8,72,31.2,0.0,0.0,3,100,11.3,271,13.0827,80.2707
2025-09-03T08:00,28.9,69,32.6,0.0,0.0,3,100,10.2,279,13.0827,80.2707
2025-09-03T09:00,30.7,62,34.2,0.0,0.0,3,100,11.0,275,13.0827,80.2707
2025-09-03T10:00,31.9,58,36.0,0.0,0.0,3,100,10.7,286,13.0827,80.2707
2025-09-03T11:00,33.2,54,37.6,0.0,0.0,3,100,14.0,286,13.0827,80.2707
2025-09-03T12:00,34.2,49,38.5,0.0,0.0,3,100,13.5,293,13.0827,80.2707
2025-09-03T13:00,35.0,46,39.3,0.0,0.0,3,100,12.4,309,13.0827,80.2707
2025-09-03T14:00,35.8,44,40.1,0.0,0.0,3,100,8.9,322,13.0827,80.2707
2025-09-03T15:00,27.6,81,31.7,10.3,10.3,65,100,14.4,267,13.0827,80.2707
2025-09-03T16:00,28.0,83,33.3,0.9,0.9,53,100,8.9,220,13.0827,80.2707
2025-09-03T17:00,28.5,78,33.2,0.0,0.0,3,100,10.8,218,13.0827,80.2707
2025-09-03T18:00,29.1,74,33.9,0.0,0.0,3,100,8.1,181,13.0827,80.2707
2025-09-03T19:00,28.5,79,33.3,0.0,0.0,3,100,11.5,188,13.0827,80.2707
2025-09-03T20:00,28.5,77,33.2,0.0,0.0,3,100,10.1,196,13.0827,80.2707
2025-09-03T21:00,28.3,78,33.2,0.0,0.0,3,99,8.9,199,13.0827,80.2707
2025-09-03T22:00,28.1,77,32.3,0.0,0.0,3,100,11.4,199,13.0827,80.2707
2025-09-03T23:00,26.0,82,28.2,1.7,1.7,61,100,21.3,225,13.0827,80.2707
2025-09-04T00:00,24.5,92,27.1,1.5,1.5,61,100,20.1,203,13.0827,80.2707
2025-09-04T01:00,24.8,90,27.7,0.7,0.7,53,94,17.9,216,13.0827,80.2707
2025-09-04T02:00,24.8,89,28.1,0.0,0.0,3,97,14.0,218,13.0827,80.2707
2025-09-04T03:00,24.7,89,28.3,0.0,0.0,2,69,12.4,229,13.0827,80.2707
2025-09-04T04:00,24.9,88,28.4,0.0,0.0,3,94,12.4,237,13.0827,80.2707
2025-09-04T05:00,25.2,86,28.7,0.0,0.0,2,60,12.0,242,13.0827,80.2707
2025-09-04T06:00,27.5,74,30.7,0.0,0.0,3,100,13.4,250,13.0827,80.2707
2025-09-04T07:00,28.6,69,31.8,0.0,0.0,3,100,12.9,255,13.0827,80.2707
2025-09-04T08:00,30.1,62,32.8,0.0,0.0,3,98,15.0,260,13.0827,80.2707
2025-09-04T09:00,31.4,56,33.8,0.0,0.0,3,100,15.3,271,13.0827,80.2707
2025-09-04T10:00,32.7,53,36.3,0.0,0.0,3,99,14.1,280,13.0827,80.2707
2025-09-04T11:00,34.4,46,38.6,0.0,0.0,3,97,13.5,286,13.0827,80.2707
2025-09-04T12:00,35.2,42,39.1,0.0,0.0,3,100,13.0,294,13.0827,80.2707
2025-09-04T13:00,35.9,39,39.4,0.0,0.0,3,100,11.8,294,13.0827,80.2707
2025-09-04T14:00,35.6,39,38.6,0.2,0.2,51,100,6.8,318,13.0827,80.2707
2025-09-04T15:00,35.0,40,38.2,0.4,0.4,51,77,1.6,63,13.0827,80.2707
2025-09-04T16:00,34.2,45,37.7,0.2,0.2,51,100,3.6,90,13.0827,80.2707
2025-09-04T17:00,33.0,54,37.0,0.0,0.0,3,100,7.9,125,13.0827,80.2707
2025-09-04T18:00,33.4,45,36.3,0.0,0.0,3,96,5.5,167,13.0827,80.2707
2025-09-04T19:00,31.3,62,35.1,0.0,0.0,3,99,12.4,179,13.0827,80.2707
2025-09-04T20:00,30.6,67,34.8,0.0,0.0,3,100,11.3,181,13.0827,80.2707
2025-09-04T21:00,30.1,71,34.6,0.0,0.0,3,95,11.5,179,13.0827,80.2707
2025-09-04T22:00,29.9,73,34.8,0.0,0.0,3,88,9.7,180,13.0827,80.2707
2025-09-04T23:00,29.4,76,34.5,0.0,0.0,2,73,10.4,200,13.0827,80.2707
2025-09-05T00:00,28.9,78,34.0,0.0,0.0,1,39,8.8,226,13.0827,80.2707
2025-09-05T01:00,28.2,79,32.8,0.0,0.0,2,70,11.0,245,13.0827,80.2707
2025-09-05T02:00,27.7,78,31.4,0.0,0.0,3,81,14.5,225,13.0827,80.2707
2025-09-05T03:00,27.4,77,30.8,0.0,0.0,3,87,13.7,230,13.0827,80.2707
2025-09-05T04:00,27.2,76,31.0,0.0,0.0,2,64,9.8,242,13.0827,80.2707
2025-09-05T05:00,27.0,79,31.1,0.0,0.0,1,49,9.2,239,13.0827,80.2707
2025-09-05T06:00,27.5,79,32.0,0.0,0.0,3,84,8.9,242,13.0827,80.2707
2025-09-05T07:00,28.8,72,33.1,0.0,0.0,3,80,9.1,263,13.0827,80.2707
2025-09-05T08:00,30.7,58,33.7,0.0,0.0,1,22,11.9,280,13.0827,80.2707
2025-09-05T09:00,32.4,51,35.2,0.0,0.0,1,31,12.3,293,13.0827,80.2707
2025-09-05T10:00,33.9,46,37.7,0.0,0.0,0,16,11.8,299,13.0827,80.2707
2025-09-05T11:00,35.2,43,39.9,0.0,0.0,3,100,10.1,299,13.0827,80.2707
2025-09-05T12:00,36.5,37,41.3,0.0,0.0,3,92,8.3,303,13.0827,80.2707
2025-09-05T13:00,36.8,36,42.3,0.0,0.0,3,87,1.1,90,13.0827,80.2707
2025-09-05T14:00,36.0,39,40.2,0.0,0.0,1,29,6.3,90,13.0827,80.2707
2025-09-05T15:00,34.6,47,38.2,0.2,0.2,51,29,10.5,110,13.0827,80.2707
2025-09-05T16:00,32.5,62,36.7,0.2,0.2,51,33,14.8,123,13.0827,80.2707
2025-09-05T17:00,31.1,68,35.2,0.2,0.2,51,15,16.4,138,13.0827,80.2707
2025-09-05T18:00,30.7,65,34.7,0.0,0.0,0,11,12.1,142,13.0827,80.2707
2025-09-05T19:00,30.4,67,34.6,0.0,0.0,0,4,11.5,151,13.0827,80.2707
2025-09-05T20:00,30.0,72,34.6,0.0,0.0,0,16,11.5,149,13.0827,80.2707
2025-09-05T21:00,29.6,79,35.2,0.0,0.0,0,11,10.3,155,13.0827,80.2707
2025-09-05T22:00,29.4,79,34.7,0.0,0.0,1,34,11.6,185,13.0827,80.2707
2025-09-05T23:00,28.3,78,32.2,0.1,0.1,51,58,15.6,219,13.0827,80.2707
2025-09-06T00:00,27.6,80,31.9,0.0,0.0,2,54,11.4,205,13.0827,80.2707
2025-09-06T01:00,27.3,83,32.2,0.0,0.0,3,90,9.1,210,13.0827,80.2707
2025-09-06T02:00,27.2,84,31.9,0.0,0.0,3,91,9.7,207,13.0827,80.2707
2025-09-06T03:00,26.8,83,31.3,0.0,0.0,0,5,9.9,195,13.0827,80.2707
2025-09-06T04:00,26.6,84,31.0,0.0,0.0,0,18,9.8,208,13.0827,80.2707
2025-09-06T05:00,26.4,86,31.2,0.0,0.0,0,12,7.8,220,13.0827,80.2707
2025-09-06T06:00,27.4,87,32.8,0.0,0.0,1,45,9.3,199,13.0827,80.2707
2025-09-06T07:00,28.5,83,34.1,0.0,0.0,1,22,8.7,210,13.0827,80.2707
2025-09-06T08:00,30.3,72,35.7,0.0,0.0,2,68,7.4,227,13.0827,80.2707
2025-09-06T09:00,32.2,61,37.4,0.0,0.0,0,9,6.0,261,13.0827,80.2707
2025-09-06T10:00,33.5,52,39.0,0.0,0.0,0,13,6.4,320,13.0827,80.2707
2025-09-06T11:00,34.2,50,40.8,0.0,0.0,0,18,2.8,35,13.0827,80.2707
2025-09-06T12:00,34.4,49,41.0,0.0,0.0,0,15,3.5,105,13.0827,80.2707
2025-09-06T13:00,34.4,50,40.4,0.0,0.0,0,11,7.8,119,13.0827,80.2707
2025-09-06T14:00,33.0,55,38.0,0.5,0.5,53,98,10.3,126,13.0827,80.2707
2025-09-06T15:00,32.6,59,37.1,0.0,0.0,0,15,11.5,135,13.0827,80.2707
2025-09-06T16:00,31.9,61,36.1,0.0,0.0,0,16,11.0,142,13.0827,80.2707
2025-09-06T17:00,31.1,68,35.8,0.0,0.0,0,6,11.9,150,13.0827,80.2707
2025-09-06T18:00,30.8,68,35.6,0.0,0.0,1,24,8.5,132,13.0827,80.2707
2025-09-06T19:00,30.5,71,35.7,0.0,0.0,1,46,8.5,144,13.0827,80.2707
2025-09-06T20:00,30.1,75,35.6,0.0,0.0,3,94,8.9,155,13.0827,80.2707
2025-09-06T21:00,29.9,77,35.7,0.0,0.0,3,98,7.7,183,13.0827,80.2707
2025-09-06T22:00,29.7,76,35.1,0.0,0.0,3,100,8.8,195,13.0827,80.2707
2025-09-06T23:00,29.2,78,34.5,0.0,0.0,3,100,10.2,201,13.0827,80.2707
2025-09-07T00:00,28.8,78,33.6,0.0,0.0,1,21,10.7,215,13.0827,80.2707
2025-09-07T01:00,28.7,75,33.0,0.0,0.0,1,20,11.4,208,13.0827,80.2707
2025-09-07T02:00,28.5,72,32.2,0.0,0.0,0,10,11.5,212,13.0827,80.2707
2025-09-07T03:00,28.2,70,31.5,0.0,0.0,1,48,11.1,231,13.0827,80.2707
2025-09-07T04:00,28.1,68,31.3,0.0,0.0,2,57,10.3,241,13.0827,80.2707
2025-09-07T05:00,28.0,67,31.0,0.0,0.0,2,69,10.5,235,13.0827,80.2707
2025-09-07T06:00,27.4,76,30.9,0.3,0.3,51,100,12.7,232,13.0827,80.2707
2025-09-07T07:00,28.1,73,32.4,0.1,0.1,51,41,7.2,238,13.0827,80.2707
2025-09-07T08:00,30.2,65,34.6,0.0,0.0,1,46,6.7,243,13.0827,80.2707
2025-09-07T09:00,31.6,59,36.0,0.0,0.0,3,91,6.5,256,13.0827,80.2707
2025-09-07T10:00,33.1,54,38.4,0.0,0.0,3,100,6.0,295,13.0827,80.2707
2025-09-07T11:00,34.4,50,40.3,0.0,0.0,3,98,6.5,318,13.0827,80.2707
2025-09-07T12:00,35.4,45,42.0,0.0,0.0,3,97,4.0,10,13.0827,80.2707
2025-09-07T13:00,34.9,47,40.2,0.0,0.0,3,81,7.0,94,13.0827,80.2707
2025-09-07T14:00,32.7,57,37.6,1.2,1.2,55,69,10.8,127,13.0827,80.2707
2025-09-07T15:00,32.7,58,36.9,0.1,0.1,51,43,10.4,118,13.0827,80.2707
2025-09-07T16:00,31.8,62,36.1,0.0,0.0,3,83,10.5,131,13.0827,80.2707
2025-09-07T17:00,31.1,64,35.3,0.0,0.0,3,86,10.5,147,13.0827,80.2707
2025-09-07T18:00,30.6,64,34.5,0.0,0.0,3,92,10.6,133,13.0827,80.2707
2025-09-07T19:00,30.1,73,35.0,0.0,0.0,3,97,10.1,129,13.0827,80.2707
2025-09-07T20:00,29.8,78,35.7,0.0,0.0,3,98,7.6,117,13.0827,80.2707
2025-09-07T21:00,29.6,79,35.8,0.0,0.0,3,100,6.0,163,13.0827,80.2707
2025-09-07T22:00,29.4,78,35.6,0.0,0.0,2,71,4.7,182,13.0827,80.2707
2025-09-07T23:00,29.2,77,34.7,0.0,0.0,2,53,7.9,246,13.0827,80.2707
2025-09-08T00:00,28.7,77,33.6,0.0,0.0,0,1,9.0,241,13.0827,80.2707
2025-09-08T01:00,28.3,76,32.9,0.0,0.0,0,11,8.6,244,13.0827,80.2707
2025-09-08T02:00,28.0,73,32.2,0.0,0.0,0,7,7.6,262,13.0827,80.2707
2025-09-08T03:00,27.7,71,31.5,0.0,0.0,3,96,6.8,270,13.0827,80.2707
2025-09-08T04:00,27.6,68,30.9,0.0,0.0,3,98,8.1,267,13.0827,80.2707
2025-09-08T05:00,27.4,69,30.6,0.0,0.0,3,86,8.4,261,13.0827,80.2707
2025-09-08T06:00,26.1,85,30.2,1.2,1.2,55,100,11.2,213,13.0827,80.2707
2025-09-08T07:00,27.0,81,31.7,0.3,0.3,51,97,7.4,247,13.0827,80.2707
2025-09-08T08:00,29.5,69,34.2,0.0,0.0,3,96,5.6,264,13.0827,80.2707
2025-09-08T09:00,31.3,61,35.5,0.0,0.0,3,97,7.4,264,13.0827,80.2707
2025-09-08T10:00,33.1,53,38.8,0.0,0.0,3,96,5.4,296,13.0827,80.2707
2025-09-08T11:00,34.5,49,41.1,0.0,0.0,2,71,4.1,337,13.0827,80.2707
2025-09-08T12:00,35.1,46,41.6,0.0,0.0,2,57,3.8,59,13.0827,80.2707
2025-09-08T13:00,34.6,48,40.1,0.1,0.1,51,42,6.6,112,13.0827,80.2707
2025-09-08T14:00,33.0,55,37.9,0.7,0.7,53,87,9.8,125,13.0827,80.2707
2025-09-08T15:00,32.6,58,36.8,0.1,0.1,51,40,11.3,126,13.0827,80.2707
2025-09-08T16:00,31.8,61,35.4,0.1,0.1,51,19,14.0,145,13.0827,80.2707
2025-09-08T17:00,30.8,69,35.3,0.0,0.0,3,91,12.5,145,13.0827,80.2707
2025-09-08T18:00,30.6,73,36.1,0.0,0.0,1,37,8.8,147,13.0827,80.2707
2025-09-08T19:00,30.2,72,35.3,0.0,0.0,0,18,8.7,138,13.0827,80.2707
2025-09-08T20:00,29.8,78,35.6,0.0,0.0,1,36,7.9,145,13.0827,80.2707
2025-09-08T21:00,29.6,80,35.4,0.0,0.0,1,49,9.8,148,13.0827,80.2707
2025-09-08T22:00,29.5,78,34.9,0.0,0.0,1,39,10.4,150,13.0827,80.2707
2025-09-08T23:00,29.3,78,34.8,0.0,0.0,1,33,8.8,149,13.0827,80.2707
2025-09-09T00:00,29.0,81,35.2,0.0,0.0,1,39,5.7,193,13.0827,80.2707
2025-09-09T01:00,28.8,83,35.3,0.0,0.0,3,97,4.0,252,13.0827,80.2707
2025-09-09T02:00,28.3,84,34.2,0.0,0.0,3,100,7.3,250,13.0827,80.2707
2025-09-09T03:00,27.9,85,33.6,0.0,0.0,3,86,7.2,243,13.0827,80.2707
2025-09-09T04:00,27.7,86,33.4,0.0,0.0,0,0,6.8,235,13.0827,80.2707
2025-09-09T05:00,27.4,87,32.7,0.0,0.0,0,12,9.9,238,13.0827,80.2707
2025-09-09T06:00,26.0,86,30.2,0.2,0.2,51,3,11.2,258,13.0827,80.2707
2025-09-09T07:00,27.8,78,32.4,0.0,0.0,0,15,8.1,252,13.0827,80.2707
2025-09-09T08:00,30.3,68,35.0,0.0,0.0,1,43,7.8,226,13.0827,80.2707
2025-09-09T09:00,32.6,56,36.9,0.0,0.0,1,38,9.0,213,13.0827,80.2707
2025-09-09T10:00,34.3,46,39.1,0.0,0.0,1,36,5.7,212,13.0827,80.2707
2025-09-09T11:00,35.2,41,40.8,0.1,0.1,51,57,1.6,174,13.0827,80.2707
2025-09-09T12:00,35.2,42,41.0,0.1,0.1,51,84,4.2,121,13.0827,80.2707
2025-09-09T13:00,35.0,43,39.9,0.1,0.1,51,96,6.9,127,13.0827,80.2707
2025-09-09T14:00,34.5,48,38.6,0.1,0.1,51,93,10.3,125,13.0827,80.2707
2025-09-09T15:00,33.4,53,37.2,0.6,0.6,53,99,11.6,145,13.0827,80.2707
2025-09-09T16:00,33.1,51,36.3,0.4,0.4,51,100,9.9,148,13.0827,80.2707
2025-09-09T17:00,32.2,57,35.9,0.0,0.0,3,100,9.6,150,13.0827,80.2707
2025-09-09T18:00,30.5,70,35.8,0.0,0.0,2,76,7.3,150,13.0827,80.2707
2025-09-09T19:00,29.9,77,35.7,0.0,0.0,3,94,8.1,162,13.0827,80.2707
2025-09-09T20:00,29.6,80,35.3,0.0,0.0,2,71,10.7,168,13.0827,80.2707
2025-09-09T21:00,29.5,78,34.7,0.0,0.0,3,81,11.0,175,13.0827,80.2707
2025-09-09T22:00,29.2,81,34.7,0.0,0.0,1,22,11.2,182,13.0827,80.2707
2025-09-09T23:00,28.9,82,34.2,0.0,0.0,0,6,11.5,190,13.0827,80.2707
2025-09-10T00:00,28.6,83,34.0,0.0,0.0,0,9,11.1,196,13.0827,80.2707
2025-09-10T01:00,28.2,86,34.0,0.0,0.0,2,71,9.1,207,13.0827,80.2707
2025-09-10T02:00,27.8,86,32.9,0.0,0.0,2,63,11.1,230,13.0827,80.2707
2025-09-10T03:00,27.6,87,32.9,0.0,0.0,2,55,11.1,233,13.0827,80.2707
2025-09-10T04:00,27.1,86,31.5,0.0,0.0,1,25,13.5,227,13.0827,80.2707
2025-09-10T05:00,26.6,82,30.7,0.0,0.0,1,21,10.5,232,13.0827,80.2707
2025-09-10T06:00,27.4,84,32.7,0.0,0.0,2,50,7.8,212,13.0827,80.2707
2025-09-10T07:00,28.6,78,33.6,0.0,0.0,2,67,8.8,203,13.0827,80.2707
2025-09-10T08:00,30.6,68,35.0,0.0,0.0,1,23,11.3,216,13.0827,80.2707
2025-09-10T09:00,32.7,57,36.6,0.0,0.0,1,34,12.4,229,13.0827,80.2707
2025-09-10T10:00,34.5,48,38.9,0.0,0.0,1,35,12.0,220,13.0827,80.2707
2025-09-10T11:00,35.5,44,40.4,0.0,0.0,1,27,10.0,197,13.0827,80.2707
2025-09-10T12:00,35.7,43,40.7,0.0,0.0,1,40,9.0,175,13.0827,80.2707
2025-09-10T13:00,36.2,42,41.1,0.0,0.0,1,31,9.3,167,13.0827,80.2707
2025-09-10T14:00,35.9,42,40.0,0.0,0.0,1,25,10.0,166,13.0827,80.2707
2025-09-10T15:00,34.9,49,38.5,0.0,0.0,3,82,12.3,153,13.0827,80.2707
2025-09-10T16:00,31.8,70,37.1,2.8,2.8,63,38,12.0,172,13.0827,80.2707
2025-09-10T17:00,31.7,68,37.0,0.1,0.1,51,33,9.7,176,13.0827,80.2707
2025-09-10T18:00,30.3,72,35.5,0.0,0.0,0,17,8.2,209,13.0827,80.2707
2025-09-10T19:00,29.7,75,34.8,0.0,0.0,0,17,9.3,207,13.0827,80.2707
2025-09-10T20:00,29.2,76,34.6,0.0,0.0,1,25,7.1,204,13.0827,80.2707
2025-09-10T21:00,28.9,79,34.9,0.0,0.0,2,57,3.5,249,13.0827,80.2707
2025-09-10T22:00,28.4,80,34.1,0.0,0.0,2,50,5.9,227,13.0827,80.2707
2025-09-10T23:00,27.9,80,32.3,1.1,1.1,55,95,11.8,224,13.0827,80.2707
2025-09-11T00:00,25.8,90,29.4,3.2,3.2,63,89,16.6,222,13.0827,80.2707
2025-09-11T01:00,25.5,91,29.5,0.1,0.1,51,90,13.8,239,13.0827,80.2707
2025-09-11T02:00,25.7,88,29.7,0.0,0.0,2,58,13.0,272,13.0827,80.2707
2025-09-11T03:00,25.9,83,28.7,0.0,0.0,3,89,16.9,271,13.0827,80.2707
2025-09-11T04:00,25.9,81,29.3,0.0,0.0,2,74,12.0,282,13.0827,80.2707
2025-09-11T05:00,26.0,79,28.9,0.0,0.0,3,94,13.9,290,13.0827,80.2707
2025-09-11T06:00,26.8,84,31.9,0.0,0.0,3,89,5.7,288,13.0827,80.2707
2025-09-11T07:00,28.0,79,33.2,0.0,0.0,3,93,6.0,299,13.0827,80.2707
2025-09-11T08:00,29.7,72,34.8,0.0,0.0,3,100,6.5,289,13.0827,80.2707
2025-09-11T09:00,31.1,64,35.7,0.0,0.0,3,99,8.7,291,13.0827,80.2707
2025-09-11T10:00,32.3,59,37.4,0.0,0.0,3,100,9.9,299,13.0827,80.2707
2025-09-11T11:00,33.0,57,39.1,0.0,0.0,3,100,8.8,317,13.0827,80.2707
2025-09-11T12:00,32.7,57,39.2,0.1,0.1,51,100,5.8,279,13.0827,80.2707
2025-09-11T13:00,33.2,55,40.0,0.0,0.0,3,100,2.2,355,13.0827,80.2707
2025-09-11T14:00,33.2,56,39.2,0.0,0.0,3,100,4.8,65,13.0827,80.2707
2025-09-11T15:00,29.5,77,35.3,3.5,3.5,63,100,6.4,43,13.0827,80.2707
2025-09-11T16:00,28.0,83,33.0,1.6,1.6,61,100,10.8,184,13.0827,80.2707
2025-09-11T17:00,28.2,83,33.7,0.1,0.1,51,100,8.2,158,13.0827,80.2707
2025-09-11T18:00,30.9,70,37.0,0.0,0.0,3,100,2.8,198,13.0827,80.2707
2025-09-11T19:00,30.3,72,36.1,0.0,0.0,3,100,5.1,231,13.0827,80.2707
2025-09-11T20:00,30.0,71,35.4,0.0,0.0,3,100,5.4,255,13.0827,80.2707
2025-09-11T21:00,29.7,68,34.3,0.0,0.0,3,100,7.0,260,13.0827,80.2707
2025-09-11T22:00,29.0,73,33.9,0.0,0.0,3,100,5.7,212,13.0827,80.2707
2025-09-11T23:00,28.0,80,33.2,0.0,0.0,3,100,6.4,220,13.0827,80.2707
2025-09-12T00:00,27.3,83,32.1,0.0,0.0,3,100,9.1,205,13.0827,80.2707
2025-09-12T01:00,27.1,82,31.6,0.0,0.0,3,100,10.0,218,13.0827,80.2707
2025-09-12T02:00,27.1,79,31.1,0.0,0.0,3,100,10.0,234,13.0827,80.2707
2025-09-12T03:00,26.9,75,30.6,0.0,0.0,3,100,9.3,246,13.0827,80.2707
2025-09-12T04:00,26.9,74,30.6,0.0,0.0,3,100,7.6,255,13.0827,80.2707
2025-09-12T05:00,26.8,73,30.5,0.0,0.0,3,100,6.5,256,13.0827,80.2707
2025-09-12T06:00,27.4,80,32.3,0.0,0.0,3,100,6.4,252,13.0827,80.2707
2025-09-12T07:00,28.1,78,33.1,0.0,0.0,3,100,6.8,245,13.0827,80.2707
2025-09-12T08:00,29.0,73,34.0,0.0,0.0,3,100,6.2,262,13.0827,80.2707
2025-09-12T09:00,31.2,61,35.1,0.0,0.0,3,100,10.4,309,13.0827,80.2707
2025-09-12T10:00,32.0,57,36.1,0.0,0.0,3,100,11.0,326,13.0827,80.2707
2025-09-12T11:00,33.5,51,38.8,0.0,0.0,3,100,9.2,321,13.0827,80.2707
2025-09-12T12:00,34.3,47,40.1,0.0,0.0,3,100,6.5,352,13.0827,80.2707
2025-09-12T13:00,33.8,49,39.6,0.0,0.0,3,99,5.7,79,13.0827,80.2707
2025-09-12T14:00,32.3,61,37.9,0.2,0.2,51,100,10.9,99,13.0827,80.2707
2025-09-12T15:00,30.6,68,35.0,0.2,0.2,51,100,11.5,94,13.0827,80.2707
2025-09-12T16:00,30.0,72,34.8,0.1,0.1,51,100,9.8,114,13.0827,80.2707
2025-09-12T17:00,29.9,73,35.2,0.0,0.0,3,100,6.9,123,13.0827,80.2707
2025-09-12T18:00,28.3,83,34.1,0.1,0.1,51,100,6.9,147,13.0827,80.2707
2025-09-12T19:00,28.3,82,34.3,0.0,0.0,3,100,4.3,178,13.0827,80.2707
2025-09-12T20:00,28.1,85,34.2,0.0,0.0,3,100,6.1,175,13.0827,80.2707
2025-09-12T21:00,27.7,86,33.6,0.0,0.0,3,100,6.3,182,13.0827,80.2707
2025-09-12T22:00,27.3,85,33.0,0.0,0.0,3,100,5.3,218,13.0827,80.2707
2025-09-12T23:00,26.9,85,32.3,0.0,0.0,3,100,5.8,210,13.0827,80.2707
2025-09-13T00:00,26.7,84,31.6,0.0,0.0,3,100,7.3,216,13.0827,80.2707
2025-09-13T01:00,26.5,85,31.2,0.0,0.0,3,82,7.9,219,13.0827,80.2707
2025-09-13T02:00,26.4,86,31.1,0.0,0.0,3,100,8.2,230,13.0827,80.2707
2025-09-13T03:00,26.4,86,31.2,0.0,0.0,3,100,7.9,240,13.0827,80.2707
2025-09-13T04:00,26.5,86,31.1,0.0,0.0,3,100,9.8,230,13.0827,80.2707
2025-09-13T05:00,26.5,85,30.6,0.0,0.0,3,100,12.8,228,13.0827,80.2707
2025-09-13T06:00,27.3,81,31.7,0.0,0.0,3,100,10.1,213,13.0827,80.2707
2025-09-13T07:00,27.2,77,30.3,0.1,0.1,51,100,16.1,220,13.0827,80.2707
2025-09-13T08:00,27.8,78,31.9,0.3,0.3,51,100,11.2,206,13.0827,80.2707
2025-09-13T09:00,28.8,75,33.5,0.0,0.0,3,100,9.3,233,13.0827,80.2707
2025-09-13T10:00,30.3,69,35.1,0.1,0.1,51,100,8.6,241,13.0827,80.2707
2025-09-13T11:00,31.9,61,37.8,0.0,0.0,3,100,6.5,242,13.0827,80.2707
2025-09-13T12:00,32.9,57,39.5,0.0,0.0,3,100,3.6,264,13.0827,80.2707
2025-09-13T13:00,32.9,57,38.4,0.0,0.0,3,100,3.5,219,13.0827,80.2707
2025-09-13T14:00,32.1,61,37.2,0.1,0.1,51,100,5.1,157,13.0827,80.2707
2025-09-13T15:00,31.4,66,36.4,0.1,0.1,51,100,8.0,155,13.0827,80.2707
2025-09-13T16:00,30.5,74,35.9,0.0,0.0,3,100,10.8,156,13.0827,80.2707
2025-09-13T17:00,29.9,75,35.0,0.0,0.0,3,100,10.4,162,13.0827,80.2707
2025-09-13T18:00,29.4,74,35.2,0.0,0.0,3,100,2.3,198,13.0827,80.2707
2025-09-13T19:00,28.9,80,35.2,0.0,0.0,3,100,2.8,195,13.0827,80.2707
2025-09-13T20:00,28.3,85,34.3,0.0,0.0,3,100,6.2,192,13.0827,80.2707
2025-09-13T21:00,28.0,87,34.4,0.0,0.0,3,100,5.2,166,13.0827,80.2707
2025-09-13T22:00,28.0,89,34.4,0.0,0.0,3,100,7.0,159,13.0827,80.2707
2025-09-13T23:00,28.2,89,34.5,0.0,0.0,3,100,7.6,168,13.0827,80.2707
2025-09-14T00:00,28.2,88,34.8,0.1,0.1,51,100,5.3,162,13.0827,80.2707
2025-09-14T01:00,28.0,89,34.9,0.3,0.3,51,100,3.0,128,13.0827,80.2707
2025-09-14T02:00,27.9,90,34.5,0.2,0.2,51,100,5.1,162,13.0827,80.2707
2025-09-14T03:00,24.7,97,30.0,13.3,13.3,65,100,6.1,247,13.0827,80.2707
2025-09-14T04:00,23.8,95,28.1,15.7,15.7,65,100,7.4,104,13.0827,80.2707
2025-09-14T05:00,24.0,96,29.6,0.5,0.5,53,99,0.9,37,13.0827,80.2707
2025-09-14T06:00,24.8,92,29.6,0.1,0.1,51,100,5.7,235,13.0827,80.2707
2025-09-14T07:00,25.4,92,30.9,0.0,0.0,3,98,3.3,193,13.0827,80.2707
2025-09-14T08:00,26.5,90,32.7,0.1,0.1,51,78,2.7,262,13.0827,80.2707
2025-09-14T09:00,28.5,84,35.1,0.0,0.0,0,10,3.1,291,13.0827,80.2707
2025-09-14T10:00,30.2,74,37.8,0.0,0.0,0,3,5.5,311,13.0827,80.2707
2025-09-14T11:00,31.1,67,38.8,0.0,0.0,1,47,5.2,335,13.0827,80.2707
2025-09-14T12:00,31.7,62,39.6,0.0,0.0,3,94,3.0,57,13.0827,80.2707
2025-09-14T13:00,31.2,66,38.5,0.1,0.1,51,87,5.8,99,13.0827,80.2707
2025-09-14T14:00,30.5,71,36.9,1.1,1.1,55,72,9.4,119,13.0827,80.2707
2025-09-14T15:00,29.9,77,35.4,0.1,0.1,51,100,10.1,125,13.0827,80.2707
2025-09-14T16:00,29.5,77,34.8,0.0,0.0,1,27,9.9,138,13.0827,80.2707
2025-09-14T17:00,29.1,79,34.3,0.0,0.0,0,12,10.5,145,13.0827,80.2707
2025-09-14T18:00,28.8,83,34.3,0.0,0.0,3,100,11.0,142,13.0827,80.2707
2025-09-14T19:00,28.5,85,34.0,0.0,0.0,3,100,11.3,158,13.0827,80.2707
2025-09-14T20:00,28.4,85,33.8,0.0,0.0,3,100,11.7,155,13.0827,80.2707
2025-09-14T21:00,28.3,84,33.7,0.0,0.0,3,100,11.0,162,13.0827,80.2707
2025-09-14T22:00,28.2,85,33.4,0.0,0.0,3,100,12.1,168,13.0827,80.2707
2025-09-14T23:00,28.1,86,33.4,0.0,0.0,3,100,11.3,179,13.0827,80.2707
2025-09-15T00:00,27.8,87,33.2,0.0,0.0,3,100,10.8,198,13.0827,80.2707
2025-09-15T01:00,27.6,86,32.6,0.0,0.0,3,100,12.1,205,13.0827,80.2707
2025-09-15T02:00,27.4,86,32.1,0.0,0.0,3,100,13.0,213,13.0827,80.2707
2025-09-15T03:00,27.1,85,32.0,0.0,0.0,3,95,10.2,219,13.0827,80.2707
2025-09-15T04:00,26.6,85,31.2,0.0,0.0,3,82,10.1,235,13.0827,80.2707
2025-09-15T05:00,26.1,86,30.4,0.0,0.0,3,89,10.3,224,13.0827,80.2707
2025-09-15T06:00,26.8,85,31.7,0.0,0.0,3,100,9.0,210,13.0827,80.2707
2025-09-15T07:00,27.7,84,33.0,0.0,0.0,3,100,8.0,208,13.0827,80.2707
2025-09-15T08:00,29.0,79,34.5,0.0,0.0,3,100,7.8,217,13.0827,80.2707
2025-09-15T09:00,30.5,70,36.0,0.0,0.0,3,99,7.5,250,13.0827,80.2707
2025-09-15T10:00,32.0,63,38.6,0.0,0.0,3,99,6.7,286,13.0827,80.2707
2025-09-15T11:00,33.2,55,39.6,0.0,0.0,3,100,7.4,299,13.0827,80.2707
2025-09-15T12:00,33.9,51,40.5,0.0,0.0,3,100,5.5,314,13.0827,80.2707
2025-09-15T13:00,33.7,51,40.6,0.0,0.0,3,100,1.3,74,13.0827,80.2707
2025-09-15T14:00,32.3,65,38.8,0.0,0.0,3,100,8.7,107,13.0827,80.2707
2025-09-15T15:00,30.5,77,35.9,0.0,0.0,3,83,13.1,117,13.0827,80.2707
2025-09-15T16:00,30.4,73,35.6,0.0,0.0,0,10,10.8,134,13.0827,80.2707
2025-09-15T17:00,29.6,79,34.7,0.0,0.0,0,10,13.5,127,13.0827,80.2707
2025-09-15T18:00,28.9,84,34.6,0.0,0.0,3,85,11.4,128,13.0827,80.2707
2025-09-15T19:00,28.8,85,34.6,0.0,0.0,3,92,10.4,127,13.0827,80.2707
2025-09-15T20:00,28.7,85,34.6,0.0,0.0,3,97,10.4,127,13.0827,80.2707
2025-09-15T21:00,28.7,86,34.5,0.0,0.0,3,99,10.9,130,13.0827,80.2707
2025-09-15T22:00,28.6,86,34.5,0.0,0.0,3,97,10.7,139,13.0827,80.2707
2025-09-15T23:00,26.9,83,31.2,5.1,5.1,63,97,11.0,268,13.0827,80.2707
2025-09-16T00:00,25.1,93,29.9,14.9,14.9,65,100,8.0,308,13.0827,80.2707
2025-09-16T01:00,25.3,94,30.7,0.3,0.3,51,100,6.2,249,13.0827,80.2707
2025-09-16T02:00,25.2,96,30.8,0.2,0.2,51,100,4.8,236,13.0827,80.2707
2025-09-16T03:00,25.0,95,30.5,0.1,0.1,51,100,4.8,225,13.0827,80.2707
2025-09-16T04:00,24.9,94,30.1,0.0,0.0,3,100,6.0,226,13.0827,80.2707
2025-09-16T05:00,24.8,94,29.9,0.0,0.0,3,98,6.0,245,13.0827,80.2707
2025-09-16T06:00,25.9,92,31.3,0.0,0.0,3,100,6.2,253,13.0827,80.2707
2025-09-16T07:00,26.0,91,31.4,0.0,0.0,3,100,6.1,227,13.0827,80.2707
2025-09-16T08:00,26.2,90,31.6,0.2,0.2,51,100,6.2,240,13.0827,80.2707
2025-09-16T09:00,27.0,85,32.3,0.1,0.1,51,100,6.8,245,13.0827,80.2707
2025-09-16T10:00,28.3,81,33.5,0.5,0.5,53,100,8.7,252,13.0827,80.2707
2025-09-16T11:00,30.0,74,36.5,0.0,0.0,3,100,8.0,264,13.0827,80.2707
2025-09-16T12:00,31.4,66,38.5,0.4,0.4,51,100,8.4,247,13.0827,80.2707
2025-09-16T13:00,32.2,63,39.6,0.0,0.0,3,100,6.8,228,13.0827,80.2707
2025-09-16T14:00,31.4,68,38.0,0.0,0.0,3,99,7.3,164,13.0827,80.2707
2025-09-16T15:00,29.9,78,35.4,0.1,0.1,51,69,12.0,139,13.0827,80.2707
2025-09-16T16:00,29.3,78,34.2,0.0,0.0,2,75,12.5,140,13.0827,80.2707
2025-09-16T17:00,28.7,82,33.8,0.0,0.0,3,100,12.7,157,13.0827,80.2707
2025-09-16T18:00,29.4,79,35.4,0.0,0.0,3,99,5.9,160,13.0827,80.2707
2025-09-16T19:00,28.8,81,34.6,0.0,0.0,3,100,6.5,167,13.0827,80.2707
2025-09-16T20:00,28.3,84,34.1,0.0,0.0,3,100,8.3,160,13.0827,80.2707
2025-09-16T21:00,28.1,87,33.9,0.0,0.0,3,95,10.2,163,13.0827,80.2707
2025-09-16T22:00,28.1,87,33.8,0.0,0.0,3,80,9.7,176,13.0827,80.2707
2025-09-16T23:00,27.8,89,33.8,0.5,0.5,53,45,9.1,231,13.0827,80.2707
2025-09-17T00:00,24.9,93,29.9,7.5,7.5,63,79,6.2,237,13.0827,80.2707
2025-09-17T01:00,24.8,94,30.0,3.6,3.6,63,94,4.7,268,13.0827,80.2707
2025-09-17T02:00,24.7,96,30.1,0.4,0.4,51,89,4.3,163,13.0827,80.2707
2025-09-17T03:00,24.8,95,30.1,0.1,0.1,51,95,5.6,184,13.0827,80.2707
2025-09-17T04:00,25.0,96,30.5,0.0,0.0,3,94,5.5,193,13.0827,80.2707
2025-09-17T05:00,25.0,96,29.8,0.0,0.0,3,100,9.9,195,13.0827,80.2707
2025-09-17T06:00,25.7,89,29.9,0.0,0.0,2,79,11.3,277,13.0827,80.2707
2025-09-17T07:00,26.8,87,31.7,0.0,0.0,3,99,9.4,277,13.0827,80.2707
2025-09-17T08:00,28.2,78,32.7,0.0,0.0,3,100,10.2,263,13.0827,80.2707
2025-09-17T09:00,29.3,75,34.7,0.0,0.0,3,100,7.0,258,13.0827,80.2707
2025-09-17T10:00,30.4,69,36.9,0.0,0.0,3,99,6.2,255,13.0827,80.2707
2025-09-17T11:00,31.0,68,38.4,0.0,0.0,3,100,5.4,250,13.0827,80.2707
2025-09-17T12:00,31.3,68,38.9,0.0,0.0,3,100,5.3,215,13.0827,80.2707
2025-09-17T13:00,31.0,70,38.4,0.1,0.1,51,99,5.7,169,13.0827,80.2707
2025-09-17T14:00,28.5,82,35.0,3.9,3.9,63,81,9.8,172,13.0827,80.2707
2025-09-17T15:00,29.4,80,34.9,0.1,0.1,51,30,10.4,162,13.0827,80.2707
2025-09-17T16:00,29.1,78,33.9,0.2,0.2,51,63,12.3,157,13.0827,80.2707
2025-09-17T17:00,28.6,83,33.8,0.0,0.0,0,17,11.7,179,13.0827,80.2707
2025-09-17T18:00,28.8,83,34.9,0.0,0.0,0,2,7.4,174,13.0827,80.2707
2025-09-17T19:00,28.5,87,34.6,0.0,0.0,0,4,8.5,180,13.0827,80.2707
2025-09-17T20:00,28.2,88,34.3,0.0,0.0,0,16,8.9,193,13.0827,80.2707
2025-09-17T21:00,28.0,88,34.1,0.0,0.0,0,5,8.2,199,13.0827,80.2707
2025-09-17T22:00,27.7,89,33.8,0.0,0.0,2,65,7.4,203,13.0827,80.2707
2025-09-17T23:00,27.5,88,33.1,0.0,0.0,3,100,9.1,214,13.0827,80.2707
2025-09-18T00:00,27.1,89,32.3,0.0,0.0,2,71,11.2,246,13.0827,80.2707
2025-09-18T01:00,26.2,91,31.3,0.0,0.0,2,77,9.9,254,13.0827,80.2707
2025-09-18T02:00,25.8,91,30.9,0.0,0.0,2,75,6.8,252,13.0827,80.2707
2025-09-18T03:00,25.6,91,30.6,0.0,0.0,3,81,7.2,257,13.0827,80.2707
2025-09-18T04:00,25.5,91,30.7,0.0,0.0,3,94,6.2,263,13.0827,80.2707
2025-09-18T05:00,25.4,91,30.6,0.0,0.0,3,83,4.8,243,13.0827,80.2707
2025-09-18T06:00,26.8,86,32.3,0.0,0.0,2,77,4.8,200,13.0827,80.2707
2025-09-18T07:00,27.6,83,33.0,0.0,0.0,1,25,6.2,226,13.0827,80.2707
2025-09-18T08:00,28.9,77,34.2,0.0,0.0,2,69,7.3,239,13.0827,80.2707
2025-09-18T09:00,30.1,72,35.7,0.0,0.0,2,78,8.0,247,13.0827,80.2707
2025-09-18T10:00,31.2,66,37.6,0.1,0.1,51,23,7.0,270,13.0827,80.2707
2025-09-18T11:00,32.0,62,39.1,0.0,0.0,2,74,5.2,282,13.0827,80.2707
2025-09-18T12:00,32.4,61,40.6,0.0,0.0,3,84,1.3,344,13.0827,80.2707
2025-09-18T13:00,32.3,63,40.1,0.0,0.0,3,83,2.5,111,13.0827,80.2707
2025-09-18T14:00,29.9,74,36.0,2.8,2.8,63,96,12.8,119,13.0827,80.2707
2025-09-18T15:00,29.1,80,34.6,1.5,1.5,61,41,9.1,162,13.0827,80.2707
2025-09-18T16:00,29.4,77,34.7,0.1,0.1,51,25,8.9,152,13.0827,80.2707
2025-09-18T17:00,27.9,82,32.9,1.7,1.7,61,62,9.8,224,13.0827,80.2707
2025-09-18T18:00,26.8,87,32.3,0.0,0.0,2,61,5.5,191,13.0827,80.2707
2025-09-18T19:00,26.5,90,32.4,0.0,0.0,2,54,3.8,199,13.0827,80.2707
2025-09-18T20:00,26.4,89,31.5,0.0,0.0,1,38,7.6,205,13.0827,80.2707
2025-09-18T21:00,26.4,89,31.6,0.0,0.0,0,6,7.1,214,13.0827,80.2707
2025-09-18T22:00,26.2,90,31.4,0.0,0.0,1,38,8.1,239,13.0827,80.2707
2025-09-18T23:00,26.0,91,30.6,0.0,0.0,2,64,12.2,253,13.0827,80.2707
2025-09-19T00:00,25.6,89,29.8,0.0,0.0,3,100,12.1,272,13.0827,80.2707
2025-09-19T01:00,25.3,88,28.8,0.0,0.0,3,100,14.3,258,13.0827,80.2707
2025-09-19T02:00,25.2,88,28.7,0.0,0.0,3,100,13.3,279,13.0827,80.2707
2025-09-19T03:00,25.5,86,29.3,0.0,0.0,3,100,11.1,277,13.0827,80.2707
2025-09-19T04:00,25.4,87,30.1,0.6,0.6,53,100,5.6,243,13.0827,80.2707
2025-09-19T05:00,25.4,88,29.8,0.8,0.8,53,100,7.6,273,13.0827,80.2707
2025-09-19T06:00,26.3,81,29.7,0.0,0.0,3,100,12.9,279,13.0827,80.2707
2025-09-19T07:00,27.0,79,30.9,0.0,0.0,3,100,11.0,276,13.0827,80.2707
2025-09-19T08:00,27.9,76,32.0,0.0,0.0,3,100,10.3,272,13.0827,80.2707
2025-09-19T09:00,28.8,72,33.1,0.0,0.0,3,100,8.9,261,13.0827,80.2707
2025-09-19T10:00,29.6,68,33.9,0.0,0.0,3,100,8.6,248,13.0827,80.2707
2025-09-19T11:00,30.3,68,35.4,0.0,0.0,3,100,5.1,238,13.0827,80.2707
2025-09-19T12:00,30.4,67,35.8,0.2,0.2,51,100,3.3,229,13.0827,80.2707
2025-09-19T13:00,30.1,69,35.5,0.6,0.6,53,100,3.7,166,13.0827,80.2707
2025-09-19T14:00,28.7,77,33.7,0.5,0.5,53,98,8.2,199,13.0827,80.2707
2025-09-19T15:00,28.7,77,33.1,0.1,0.1,51,100,11.9,219,13.0827,80.2707
2025-09-19T16:00,27.7,80,32.3,0.0,0.0,3,100,10.1,235,13.0827,80.2707
2025-09-19T17:00,27.4,82,32.6,0.0,0.0,3,100,6.5,212,13.0827,80.2707
2025-09-19T18:00,27.5,84,32.6,0.0,0.0,3,100,8.7,249,13.0827,80.2707
2025-09-19T19:00,27.2,85,32.4,0.0,0.0,3,100,8.0,243,13.0827,80.2707
2025-09-19T20:00,27.0,85,32.1,0.0,0.0,3,100,8.1,252,13.0827,80.2707
2025-09-19T21:00,26.9,86,32.0,0.0,0.0,3,100,7.6,251,13.0827,80.2707
2025-09-19T22:00,26.7,87,31.7,0.0,0.0,3,100,8.6,254,13.0827,80.2707
2025-09-19T23:00,26.4,87,30.9,0.2,0.2,51,83,10.7,264,13.0827,80.2707
2025-09-20T00:00,25.0,91,28.7,1.0,1.0,55,75,13.6,259,13.0827,80.2707
2025-09-20T01:00,25.0,88,28.7,0.2,0.2,51,94,12.2,262,13.0827,80.2707
2025-09-20T02:00,24.7,91,28.9,1.5,1.5,61,100,9.2,239,13.0827,80.2707
2025-09-20T03:00,24.7,92,28.3,1.0,1.0,55,100,13.3,261,13.0827,80.2707
2025-09-20T04:00,24.7,89,27.8,0.1,0.1,51,100,15.5,270,13.0827,80.2707
2025-09-20T05:00,24.7,89,28.2,0.0,0.0,3,100,12.8,264,13.0827,80.2707
2025-09-20T06:00,25.9,88,30.2,0.9,0.9,53,100,11.4,244,13.0827,80.2707
2025-09-20T07:00,25.9,89,30.3,0.0,0.0,3,100,11.5,248,13.0827,80.2707
2025-09-20T08:00,26.6,87,31.4,0.0,0.0,3,100,10.2,249,13.0827,80.2707
2025-09-20T09:00,27.8,81,32.2,0.0,0.0,3,100,12.9,250,13.0827,80.2707
2025-09-20T10:00,28.6,74,32.2,0.0,0.0,3,100,14.8,256,13.0827,80.2707
2025-09-20T11:00,30.0,68,34.7,0.0,0.0,3,100,14.3,263,13.0827,80.2707
2025-09-20T12:00,30.9,63,34.4,0.0,0.0,3,100,12.8,284,13.0827,80.2707
2025-09-20T13:00,30.7,66,34.9,0.4,0.4,51,100,10.8,288,13.0827,80.2707
2025-09-20T14:00,31.0,66,36.0,0.1,0.1,51,100,7.8,265,13.0827,80.2707
2025-09-20T15:00,31.1,68,36.6,0.1,0.1,51,90,6.4,227,13.0827,80.2707
2025-09-20T16:00,30.6,70,35.8,0.0,0.0,3,100,8.4,223,13.0827,80.2707
2025-09-20T17:00,29.9,76,35.8,0.0,0.0,3,100,6.4,241,13.0827,80.2707
2025-09-20T18:00,28.9,82,35.5,0.0,0.0,3,100,2.1,160,13.0827,80.2707
2025-09-20T19:00,28.4,82,34.1,0.0,0.0,3,96,6.1,199,13.0827,80.2707
2025-09-20T20:00,27.5,84,32.8,0.0,0.0,3,100,8.3,236,13.0827,80.2707
2025-09-20T21:00,26.8,85,31.6,0.0,0.0,3,100,8.3,256,13.0827,80.2707
2025-09-20T22:00,26.5,85,31.5,0.0,0.0,3,100,6.6,259,13.0827,80.2707
2025-09-20T23:00,26.1,87,31.2,0.2,0.2,51,100,5.9,243,13.0827,80.2707
2025-09-21T00:00,25.9,87,30.6,0.1,0.1,51,99,6.9,233,13.0827,80.2707
2025-09-21T01:00,25.7,86,30.2,0.0,0.0,3,94,7.7,231,13.0827,80.2707
2025-09-21T02:00,25.6,87,29.8,0.0,0.0,3,99,9.4,239,13.0827,80.2707
2025-09-21T03:00,25.6,87,29.6,0.0,0.0,3,100,10.8,242,13.0827,80.2707
2025-09-21T04:00,25.7,86,29.7,0.0,0.0,3,100,10.5,239,13.0827,80.2707
2025-09-21T05:00,25.7,86,29.8,0.0,0.0,3,100,10.0,234,13.0827,80.2707
2025-09-21T06:00,26.5,86,31.0,0.2,0.2,51,100,10.3,254,13.0827,80.2707
2025-09-21T07:00,27.0,84,31.9,0.0,0.0,3,100,8.0,264,13.0827,80.2707
2025-09-21T08:00,27.0,84,32.0,0.1,0.1,51,100,7.8,277,13.0827,80.2707
2025-09-21T09:00,28.3,81,34.0,0.2,0.2,51,100,5.4,268,13.0827,80.2707
2025-09-21T10:00,29.3,75,35.0,0.0,0.0,3,100,4.3,253,13.0827,80.2707
2025-09-21T11:00,29.4,74,35.1,0.0,0.0,3,100,3.3,248,13.0827,80.2707
2025-09-21T12:00,30.2,70,35.7,0.0,0.0,3,100,4.0,297,13.0827,80.2707
2025-09-21T13:00,31.2,68,38.6,0.0,0.0,3,100,2.5,300,13.0827,80.2707
2025-09-21T14:00,31.2,68,37.8,0.1,0.1,51,100,1.9,214,13.0827,80.2707
2025-09-21T15:00,31.2,68,37.4,0.0,0.0,3,100,1.5,173,13.0827,80.2707
2025-09-21T16:00,30.9,70,36.9,0.0,0.0,2,77,4.0,180,13.0827,80.2707
2025-09-21T17:00,29.8,76,35.5,0.0,0.0,3,99,7.7,179,13.0827,80.2707
2025-09-21T18:00,28.7,78,33.8,0.0,0.0,3,100,8.9,174,13.0827,80.2707
2025-09-21T19:00,27.4,86,32.9,0.0,0.0,3,100,7.5,200,13.0827,80.2707
2025-09-21T20:00,27.1,88,32.4,0.0,0.0,3,100,9.2,206,13.0827,80.2707
2025-09-21T21:00,26.9,88,32.2,0.0,0.0,3,100,8.1,208,13.0827,80.2707
2025-09-21T22:00,26.8,86,32.0,0.0,0.0,3,100,7.7,221,13.0827,80.2707
2025-09-21T23:00,26.7,87,31.8,0.0,0.0,3,100,7.6,214,13.0827,80.2707
2025-09-22T00:00,26.5,88,31.3,0.0,0.0,3,100,9.6,230,13.0827,80.2707
2025-09-22T01:00,26.2,89,30.5,0.0,0.0,3,100,13.2,240,13.0827,80.2707
2025-09-22T02:00,26.0,87,29.8,0.0,0.0,3,100,13.9,239,13.0827,80.2707
2025-09-22T03:00,25.7,85,29.3,0.0,0.0,3,95,13.3,247,13.0827,80.2707
2025-09-22T04:00,25.5,87,29.2,0.0,0.0,3,99,12.5,254,13.0827,80.2707
2025-09-22T05:00,25.4,86,29.1,0.0,0.0,3,100,10.9,263,13.0827,80.2707
2025-09-22T06:00,26.1,84,29.7,0.0,0.0,3,100,13.1,254,13.0827,80.2707
2025-09-22T07:00,26.8,85,31.4,0.0,0.0,3,100,10.4,252,13.0827,80.2707
2025-09-22T08:00,28.0,83,33.2,0.0,0.0,3,100,9.5,251,13.0827,80.2707
2025-09-22T09:00,29.3,75,34.1,0.0,0.0,3,100,10.3,265,13.0827,80.2707
2025-09-22T10:00,30.3,70,35.2,0.0,0.0,3,100,11.7,285,13.0827,80.2707
2025-09-22T11:00,31.1,66,36.6,0.0,0.0,3,100,11.8,286,13.0827,80.2707
2025-09-22T12:00,31.5,64,37.0,0.0,0.0,3,100,11.4,286,13.0827,80.2707
2025-09-22T13:00,32.0,63,38.3,0.0,0.0,3,100,10.6,288,13.0827,80.2707
2025-09-22T14:00,32.3,63,38.4,0.0,0.0,3,100,9.3,283,13.0827,80.2707
2025-09-22T15:00,32.4,63,37.9,0.0,0.0,3,100,7.3,287,13.0827,80.2707
2025-09-22T16:00,32.3,65,38.3,0.0,0.0,3,100,3.5,261,13.0827,80.2707
2025-09-22T17:00,27.3,89,33.0,3.3,3.3,63,100,8.6,168,13.0827,80.2707
2025-09-22T18:00,27.6,83,33.1,0.1,0.1,51,100,5.7,191,13.0827,80.2707
2025-09-22T19:00,27.3,89,33.9,0.0,0.0,3,100,2.0,190,13.0827,80.2707
2025-09-22T20:00,27.4,88,33.9,0.0,0.0,3,100,3.1,173,13.0827,80.2707
2025-09-22T21:00,27.6,84,33.2,0.0,0.0,2,63,6.3,167,13.0827,80.2707
2025-09-22T22:00,27.8,85,33.3,0.0,0.0,2,65,8.3,179,13.0827,80.2707
2025-09-22T23:00,27.6,87,33.7,0.0,0.0,3,100,5.1,188,13.0827,80.2707
2025-09-23T00:00,26.7,87,31.0,2.4,2.4,61,91,13.5,260,13.0827,80.2707
2025-09-23T01:00,25.1,91,29.0,2.7,2.7,63,100,12.9,231,13.0827,80.2707
2025-09-23T02:00,25.0,90,28.9,0.2,0.2,51,100,11.3,260,13.0827,80.2707
2025-09-23T03:00,25.2,87,28.9,0.1,0.1,51,100,11.3,252,13.0827,80.2707
2025-09-23T04:00,25.4,86,29.2,0.0,0.0,3,100,11.0,269,13.0827,80.2707
2025-09-23T05:00,24.9,89,28.9,0.0,0.0,3,100,10.2,234,13.0827,80.2707
2025-09-23T06:00,26.5,79,29.9,0.0,0.0,3,100,12.4,240,13.0827,80.2707
2025-09-23T07:00,26.9,79,30.7,0.0,0.0,3,100,11.3,252,13.0827,80.2707
2025-09-23T08:00,28.1,78,32.5,0.0,0.0,3,100,10.7,247,13.0827,80.2707
2025-09-23T09:00,29.2,72,33.2,0.0,0.0,3,100,12.9,255,13.0827,80.2707
2025-09-23T10:00,30.1,67,33.6,0.0,0.0,3,100,14.2,266,13.0827,80.2707
2025-09-23T11:00,30.6,65,34.1,0.0,0.0,3,100,13.9,265,13.0827,80.2707
2025-09-23T12:00,31.5,61,35.2,0.0,0.0,3,100,16.9,284,13.0827,80.2707
2025-09-23T13:00,31.8,62,36.1,0.0,0.0,3,100,13.6,276,13.0827,80.2707
2025-09-23T14:00,31.7,63,35.9,0.0,0.0,3,100,12.1,255,13.0827,80.2707
2025-09-23T15:00,32.0,61,36.2,0.0,0.0,3,100,10.6,261,13.0827,80.2707
2025-09-23T16:00,31.6,63,36.2,0.0,0.0,3,100,8.8,265,13.0827,80.2707
2025-09-23T17:00,29.5,73,33.9,0.0,0.0,3,100,11.8,219,13.0827,80.2707
2025-09-23T18:00,28.6,82,34.7,0.0,0.0,3,100,5.3,225,13.0827,80.2707
2025-09-23T19:00,28.0,85,34.1,0.0,0.0,3,100,4.2,230,13.0827,80.2707
2025-09-23T20:00,27.8,84,33.7,0.0,0.0,3,100,5.3,225,13.0827,80.2707
2025-09-23T21:00,27.6,85,33.1,0.0,0.0,3,100,6.9,217,13.0827,80.2707
2025-09-23T22:00,27.3,86,32.9,0.0,0.0,3,100,6.7,224,13.0827,80.2707
2025-09-23T23:00,27.1,88,32.6,0.0,0.0,3,100,7.4,219,13.0827,80.2707
2025-09-24T00:00,26.6,86,31.7,2.3,2.3,61,100,7.3,226,13.0827,80.2707
2025-09-24T01:00,26.5,87,31.8,0.3,0.3,51,100,6.4,232,13.0827,80.2707
2025-09-24T02:00,26.4,89,32.1,0.0,0.0,3,100,4.3,275,13.0827,80.2707
2025-09-24T03:00,26.2,90,31.5,0.0,0.0,3,100,6.3,250,13.0827,80.2707
2025-09-24T04:00,26.1,84,30.2,0.0,0.0,3,100,9.8,247,13.0827,80.2707
2025-09-24T05:00,25.8,80,29.2,0.0,0.0,3,100,10.9,250,13.0827,80.2707
2025-09-24T06:00,27.2,73,30.1,0.0,0.0,3,100,12.4,268,13.0827,80.2707
2025-09-24T07:00,27.7,71,30.8,0.0,0.0,3,100,12.1,267,13.0827,80.2707
2025-09-24T08:00,28.5,69,31.8,0.0,0.0,3,100,11.6,262,13.0827,80.2707
2025-09-24T09:00,29.6,62,31.8,0.0,0.0,3,100,15.9,265,13.0827,80.2707
2025-09-24T10:00,30.4,58,33.3,0.0,0.0,3,100,16.1,275,13.0827,80.2707
2025-09-24T11:00,31.2,56,35.0,0.0,0.0,3,100,14.8,284,13.0827,80.2707
2025-09-24T12:00,32.2,53,36.3,0.0,0.0,3,100,15.9,292,13.0827,80.2707
2025-09-24T13:00,32.7,50,36.2,0.0,0.0,3,89,17.0,294,13.0827,80.2707
2025-09-24T14:00,32.8,49,35.9,0.1,0.1,51,100,14.4,302,13.0827,80.2707
2025-09-24T15:00,32.3,53,35.7,0.4,0.4,51,100,8.4,305,13.0827,80.2707
2025-09-24T16:00,32.8,52,36.9,0.0,0.0,2,76,3.7,235,13.0827,80.2707
2025-09-24T17:00,30.5,71,36.9,0.4,0.4,51,100,1.0,68,13.0827,80.2707
2025-09-24T18:00,28.9,66,33.1,0.0,0.0,3,100,5.2,248,13.0827,80.2707
2025-09-24T19:00,28.5,65,31.7,0.0,0.0,3,91,9.1,277,13.0827,80.2707
2025-09-24T20:00,28.7,60,30.7,0.0,0.0,3,99,13.0,272,13.0827,80.2707
2025-09-24T21:00,28.7,58,29.7,0.0,0.0,3,100,18.4,267,13.0827,80.2707
2025-09-24T22:00,28.2,61,29.2,0.0,0.0,3,100,19.3,271,13.0827,80.2707
2025-09-24T23:00,27.8,66,29.9,0.0,0.0,2,70,15.3,269,13.0827,80.2707
2025-09-25T00:00,27.1,71,30.0,0.0,0.0,1,36,11.7,257,13.0827,80.2707
2025-09-25T01:00,26.7,73,29.5,0.0,0.0,1,49,12.4,249,13.0827,80.2707
2025-09-25T02:00,26.3,75,29.1,0.0,0.0,1,23,12.8,251,13.0827,80.2707
2025-09-25T03:00,26.0,77,28.9,0.0,0.0,1,44,12.3,255,13.0827,80.2707
2025-09-25T04:00,25.9,78,28.7,0.0,0.0,3,83,13.2,256,13.0827,80.2707
2025-09-25T05:00,25.8,79,28.6,0.0,0.0,2,54,13.1,257,13.0827,80.2707
2025-09-25T06:00,27.2,74,30.4,0.0,0.0,3,100,12.1,260,13.0827,80.2707
2025-09-25T07:00,28.0,71,31.5,0.0,0.0,3,100,11.2,266,13.0827,80.2707
2025-09-25T08:00,29.2,68,32.9,0.0,0.0,3,96,10.5,263,13.0827,80.2707
2025-09-25T09:00,30.3,61,33.5,0.0,0.0,3,94,12.6,274,13.0827,80.2707
2025-09-25T10:00,31.4,59,35.9,0.0,0.0,3,98,12.3,284,13.0827,80.2707
2025-09-25T11:00,32.3,57,37.6,0.0,0.0,3,99,12.5,288,13.0827,80.2707
2025-09-25T12:00,33.1,54,38.6,0.0,0.0,2,55,11.8,290,13.0827,80.2707
2025-09-25T13:00,33.6,52,38.9,0.0,0.0,2,53,11.5,292,13.0827,80.2707
2025-09-25T14:00,33.7,52,38.9,0.0,0.0,3,95,9.4,290,13.0827,80.2707
2025-09-25T15:00,33.8,52,38.3,0.0,0.0,3,99,6.3,250,13.0827,80.2707
2025-09-25T16:00,32.6,57,36.5,0.1,0.1,51,37,10.4,262,13.0827,80.2707
2025-09-25T17:00,29.0,70,32.1,0.0,0.0,1,28,16.7,217,13.0827,80.2707
2025-09-25T18:00,28.6,83,33.9,0.0,0.0,3,96,11.0,177,13.0827,80.2707
2025-09-25T19:00,28.3,83,33.9,0.0,0.0,3,99,9.0,183,13.0827,80.2707
2025-09-25T20:00,27.9,85,33.2,0.0,0.0,3,98,10.2,208,13.0827,80.2707
2025-09-25T21:00,27.3,83,31.7,0.1,0.1,51,100,12.2,221,13.0827,80.2707
2025-09-25T22:00,26.6,86,31.0,0.0,0.0,3,99,11.7,236,13.0827,80.2707
2025-09-25T23:00,26.0,87,30.2,0.0,0.0,3,99,11.1,241,13.0827,80.2707
2025-09-26T00:00,25.6,87,29.9,0.0,0.0,3,99,8.9,284,13.0827,80.2707
2025-09-26T01:00,25.6,86,30.0,0.0,0.0,3,99,7.8,248,13.0827,80.2707
2025-09-26T02:00,25.4,88,29.6,0.0,0.0,3,100,9.7,242,13.0827,80.2707
2025-09-26T03:00,25.5,88,29.5,0.0,0.0,3,100,10.9,243,13.0827,80.2707
2025-09-26T04:00,25.7,85,29.5,0.0,0.0,3,100,11.4,251,13.0827,80.2707
2025-09-26T05:00,25.8,82,29.5,0.0,0.0,3,100,10.7,256,13.0827,80.2707
2025-09-26T06:00,26.4,78,29.6,0.0,0.0,3,100,12.6,245,13.0827,80.2707
2025-09-26T07:00,27.2,76,30.7,0.0,0.0,3,100,11.0,246,13.0827,80.2707
2025-09-26T08:00,28.5,72,32.4,0.0,0.0,3,100,10.4,249,13.0827,80.2707
2025-09-26T09:00,29.7,67,33.4,0.0,0.0,3,100,11.3,262,13.0827,80.2707
2025-09-26T10:00,31.1,61,35.7,0.0,0.0,3,87,11.2,268,13.0827,80.2707
2025-09-26T11:00,32.1,59,37.5,0.0,0.0,3,100,13.4,266,13.0827,80.2707
2025-09-26T12:00,32.9,55,37.8,0.0,0.0,3,99,15.5,275,13.0827,80.2707
2025-09-26T13:00,33.3,49,36.7,0.0,0.0,3,100,18.1,285,13.0827,80.2707
2025-09-26T14:00,33.2,49,35.7,0.0,0.0,3,100,19.2,283,13.0827,80.2707
2025-09-26T15:00,32.8,51,34.9,0.0,0.0,3,100,15.7,281,13.0827,80.2707
2025-09-26T16:00,30.5,64,34.3,0.0,0.0,3,85,11.3,217,13.0827,80.2707
2025-09-26T17:00,29.2,72,33.4,0.1,0.1,51,100,11.0,220,13.0827,80.2707
2025-09-26T18:00,28.5,76,33.5,0.0,0.0,3,99,6.4,230,13.0827,80.2707
2025-09-26T19:00,28.1,75,33.1,0.0,0.0,3,100,4.7,247,13.0827,80.2707
2025-09-26T20:00,27.9,76,32.3,0.0,0.0,3,100,8.1,325,13.0827,80.2707
2025-09-26T21:00,27.5,78,32.3,0.0,0.0,3,100,6.4,315,13.0827,80.2707
2025-09-26T22:00,27.4,79,32.2,0.0,0.0,3,99,5.6,230,13.0827,80.2707
2025-09-26T23:00,27.3,77,31.5,0.0,0.0,3,100,7.6,216,13.0827,80.2707
2025-09-27T00:00,26.5,80,30.7,0.0,0.0,3,100,8.0,203,13.0827,80.2707
2025-09-27T01:00,26.0,82,30.4,0.0,0.0,3,100,6.1,242,13.0827,80.2707
2025-09-27T02:00,25.8,83,30.0,0.0,0.0,3,100,6.7,267,13.0827,80.2707
2025-09-27T03:00,25.6,83,29.7,0.0,0.0,3,100,7.0,238,13.0827,80.2707
2025-09-27T04:00,25.7,79,29.1,0.0,0.0,3,100,9.6,240,13.0827,80.2707
2025-09-27T05:00,25.8,74,28.5,0.0,0.0,3,100,11.2,240,13.0827,80.2707
2025-09-27T06:00,26.6,70,28.9,0.0,0.0,3,100,12.2,237,13.0827,80.2707
2025-09-27T07:00,27.4,69,29.9,0.0,0.0,3,100,12.6,243,13.0827,80.2707
2025-09-27T08:00,28.6,67,31.8,0.0,0.0,3,98,11.4,229,13.0827,80.2707
2025-09-27T09:00,30.2,61,33.2,0.0,0.0,2,76,14.4,239,13.0827,80.2707
2025-09-27T10:00,31.4,58,35.5,0.0,0.0,3,82,14.3,242,13.0827,80.2707
2025-09-27T11:00,32.2,53,35.5,0.1,0.1,51,86,20.8,265,13.0827,80.2707
2025-09-27T12:00,33.2,53,37.4,0.1,0.1,51,95,17.1,256,13.0827,80.2707
2025-09-27T13:00,33.8,50,37.7,0.0,0.0,3,99,17.1,246,13.0827,80.2707
2025-09-27T14:00,33.8,50,37.3,0.1,0.1,51,100,17.5,269,13.0827,80.2707
2025-09-27T15:00,33.2,50,36.5,0.0,0.0,3,99,8.9,227,13.0827,80.2707
2025-09-27T16:00,27.6,81,31.7,5.7,5.7,63,100,14.0,241,13.0827,80.2707
2025-09-27T17:00,26.3,89,31.7,6.0,6.0,63,100,5.7,101,13.0827,80.2707
2025-09-27T18:00,29.8,62,32.5,0.0,0.0,3,91,13.8,217,13.0827,80.2707
2025-09-27T19:00,29.3,66,32.5,0.0,0.0,3,89,12.0,221,13.0827,80.2707
2025-09-27T20:00,28.5,71,32.1,0.0,0.0,2,61,11.0,218,13.0827,80.2707
2025-09-27T21:00,28.0,72,31.5,0.0,0.0,3,93,11.6,228,13.0827,80.2707
2025-09-27T22:00,28.1,70,31.5,0.0,0.0,3,86,10.9,243,13.0827,80.2707
2025-09-27T23:00,28.1,69,31.2,0.0,0.0,3,97,11.2,249,13.0827,80.2707
2025-09-28T00:00,27.9,67,30.6,0.0,0.0,3,99,12.6,250,13.0827,80.2707
2025-09-28T01:00,27.6,68,30.6,0.0,0.0,3,100,10.3,245,13.0827,80.2707
2025-09-28T02:00,26.8,73,30.2,0.0,0.0,3,100,8.4,228,13.0827,80.2707
2025-09-28T03:00,26.4,75,29.9,0.0,0.0,3,100,8.1,227,13.0827,80.2707
2025-09-28T04:00,26.0,77,29.6,0.0,0.0,3,100,7.5,228,13.0827,80.2707
2025-09-28T05:00,25.6,80,29.3,0.0,0.0,3,100,7.5,224,13.0827,80.2707
2025-09-28T06:00,26.7,75,30.3,0.0,0.0,3,100,8.1,235,13.0827,80.2707
2025-09-28T07:00,27.6,75,31.6,0.0,0.0,3,100,8.3,229,13.0827,80.2707
2025-09-28T08:00,29.1,69,33.4,0.0,0.0,2,56,7.7,219,13.0827,80.2707
2025-09-28T09:00,30.7,61,34.6,0.0,0.0,3,93,10.1,235,13.0827,80.2707
2025-09-28T10:00,31.8,58,36.7,0.0,0.0,3,100,10.6,235,13.0827,80.2707
2025-09-28T11:00,32.8,54,37.6,0.0,0.0,3,100,14.7,247,13.0827,80.2707
2025-09-28T12:00,33.3,53,38.4,0.0,0.0,3,100,11.9,245,13.0827,80.2707
2025-09-28T13:00,33.7,52,38.5,0.0,0.0,3,99,11.0,245,13.0827,80.2707
2025-09-28T14:00,33.5,53,38.2,0.0,0.0,3,97,7.1,173,13.0827,80.2707
2025-09-28T15:00,33.0,55,36.8,0.1,0.1,51,78,10.3,182,13.0827,80.2707
2025-09-28T16:00,31.2,64,35.7,0.3,0.3,51,78,9.7,178,13.0827,80.2707
2025-09-28T17:00,30.0,73,34.6,0.0,0.0,3,87,12.9,157,13.0827,80.2707
2025-09-28T18:00,29.4,78,34.5,0.0,0.0,3,85,11.4,157,13.0827,80.2707
2025-09-28T19:00,29.2,77,34.0,0.0,0.0,3,88,12.2,171,13.0827,80.2707
2025-09-28T20:00,29.2,80,34.6,0.0,0.0,3,87,10.1,175,13.0827,80.2707
2025-09-28T21:00,28.9,85,34.9,0.0,0.0,3,95,9.8,173,13.0827,80.2707
2025-09-28T22:00,28.1,83,33.4,1.4,1.4,61,100,9.7,269,13.0827,80.2707
2025-09-28T23:00,24.7,95,28.8,21.8,21.8,65,100,13.2,322,13.0827,80.2707
2025-09-29T00:00,24.9,96,30.0,2.3,2.3,61,100,7.8,279,13.0827,80.2707
2025-09-29T01:00,25.2,95,30.6,0.9,0.9,53,100,5.3,246,13.0827,80.2707
2025-09-29T02:00,25.1,94,30.6,0.4,0.4,51,100,4.3,225,13.0827,80.2707
2025-09-29T03:00,25.2,93,30.8,0.2,0.2,51,100,4.0,198,13.0827,80.2707
2025-09-29T04:00,25.3,92,30.8,0.0,0.0,3,100,3.6,210,13.0827,80.2707
2025-09-29T05:00,25.4,90,30.2,0.0,0.0,3,100,7.4,244,13.0827,80.2707
2025-09-29T06:00,27.0,71,29.4,0.0,0.0,3,100,14.9,255,13.0827,80.2707
2025-09-29T07:00,27.5,69,30.0,0.0,0.0,3,100,13.7,259,13.0827,80.2707
2025-09-29T08:00,28.4,67,31.4,0.0,0.0,3,100,12.1,266,13.0827,80.2707
2025-09-29T09:00,29.5,63,32.6,0.0,0.0,3,100,11.1,263,13.0827,80.2707
2025-09-29T10:00,30.8,59,33.8,0.0,0.0,3,100,11.6,257,13.0827,80.2707
2025-09-29T11:00,32.0,56,36.2,0.0,0.0,3,100,9.9,265,13.0827,80.2707
2025-09-29T12:00,32.8,54,37.2,0.0,0.0,3,100,10.8,260,13.0827,80.2707
2025-09-29T13:00,33.1,52,36.7,0.0,0.0,3,100,13.0,268,13.0827,80.2707
2025-09-29T14:00,33.3,50,36.0,0.0,0.0,3,100,12.8,271,13.0827,80.2707
2025-09-29T15:00,33.2,51,36.2,0.0,0.0,3,100,11.7,266,13.0827,80.2707
2025-09-29T16:00,32.7,55,36.6,0.0,0.0,3,99,8.1,241,13.0827,80.2707
2025-09-29T17:00,30.7,67,35.4,0.1,0.1,51,100,7.6,45,13.0827,80.2707
2025-09-29T18:00,29.4,77,35.3,0.0,0.0,3,100,5.4,143,13.0827,80.2707
2025-09-29T19:00,28.8,81,34.7,0.0,0.0,3,100,6.2,172,13.0827,80.2707
2025-09-29T20:00,28.5,83,34.3,0.0,0.0,3,100,7.8,173,13.0827,80.2707
2025-09-29T21:00,28.3,85,34.7,0.0,0.0,3,100,4.3,270,13.0827,80.2707
2025-09-29T22:00,26.9,86,31.5,0.3,0.3,51,100,12.1,360,13.0827,80.2707
2025-09-29T23:00,26.6,87,32.1,0.0,0.0,3,100,5.3,322,13.0827,80.2707
2025-09-30T00:00,26.4,88,31.8,0.0,0.0,3,100,5.3,278,13.0827,80.2707
2025-09-30T01:00,26.3,87,31.5,0.0,0.0,3,91,5.2,286,13.0827,80.2707
2025-09-30T02:00,26.2,85,30.8,0.0,0.0,3,100,7.5,278,13.0827,80.2707
2025-09-30T03:00,26.1,81,29.8,0.0,0.0,3,100,10.6,267,13.0827,80.2707
2025-09-30T04:00,26.5,75,29.2,0.0,0.0,3,100,13.7,281,13.0827,80.2707
2025-09-30T05:00,26.3,72,28.4,0.0,0.0,3,100,14.2,277,13.0827,80.2707
2025-09-30T06:00,26.9,68,29.3,0.0,0.0,3,100,11.7,274,13.0827,80.2707
2025-09-30T07:00,27.1,68,29.6,0.0,0.0,3,100,11.0,269,13.0827,80.2707
2025-09-30T08:00,27.8,69,31.0,0.0,0.0,3,100,10.1,267,13.0827,80.2707
2025-09-30T09:00,28.7,64,31.4,0.0,0.0,3,100,11.9,280,13.0827,80.2707
2025-09-30T10:00,29.3,61,31.8,0.0,0.0,3,100,12.8,286,13.0827,80.2707
2025-09-30T11:00,30.1,57,32.2,0.0,0.0,3,100,13.5,282,13.0827,80.2707
2025-09-30T12:00,29.8,58,32.4,0.0,0.0,3,100,11.4,294,13.0827,80.2707
2025-09-30T13:00,30.9,56,34.1,0.0,0.0,3,100,8.6,307,13.0827,80.2707
2025-09-30T14:00,31.0,57,34.5,0.0,0.0,3,100,7.4,315,13.0827,80.2707
2025-09-30T15:00,30.7,59,34.9,0.0,0.0,3,100,3.4,6,13.0827,80.2707
2025-09-30T16:00,30.4,62,35.1,0.0,0.0,3,100,2.4,63,13.0827,80.2707
2025-09-30T17:00,29.8,68,35.0,0.0,0.0,3,100,3.3,135,13.0827,80.2707
2025-09-30T18:00,28.9,72,34.0,0.0,0.0,3,100,4.4,109,13.0827,80.2707
2025-09-30T19:00,28.4,75,33.5,0.0,0.0,3,100,4.4,109,13.0827,80.2707
2025-09-30T20:00,27.8,81,33.6,0.0,0.0,3,100,2.9,120,13.0827,80.2707
2025-09-30T21:00,27.7,80,33.2,0.0,0.0,3,100,3.2,207,13.0827,80.2707
2025-09-30T22:00,27.5,79,32.4,0.0,0.0,3,100,5.5,207,13.0827,80.2707
2025-09-30T23:00,27.1,79,31.9,0.0,0.0,3,100,5.2,211,13.0827,80.2707
2025-10-01T00:00,26.8,80,31.5,0.0,0.0,3,100,5.5,216,13.0827,80.2707
2025-10-01T01:00,26.5,85,31.9,0.1,0.1,51,100,2.9,223,13.0827,80.2707
2025-10-01T02:00,26.4,86,32.1,0.2,0.2,51,100,2.2,185,13.0827,80.2707
2025-10-01T03:00,26.1,87,31.7,0.0,0.0,3,100,2.2,294,13.0827,80.2707
2025-10-01T04:00,25.8,89,31.2,0.0,0.0,3,100,3.4,264,13.0827,80.2707
2025-10-01T05:00,27.1,76,30.9,0.0,0.0,3,100,9.7,251,13.0827,80.2707
2025-10-01T06:00,27.9,69,31.0,0.0,0.0,3,100,11.2,285,13.0827,80.2707
2025-10-01T07:00,28.3,67,31.2,0.0,0.0,3,100,12.2,283,13.0827,80.2707
2025-10-01T08:00,28.7,67,31.8,0.0,0.0,3,100,11.2,282,13.0827,80.2707
2025-10-01T09:00,29.3,65,32.6,0.0,0.0,3,100,11.2,276,13.0827,80.2707
2025-10-01T10:00,30.1,62,33.3,0.0,0.0,3,100,11.7,283,13.0827,80.2707
2025-10-01T11:00,30.3,61,33.1,0.0,0.0,3,100,13.4,278,13.0827,80.2707
2025-10-01T12:00,31.4,58,34.4,0.0,0.0,3,100,12.7,285,13.0827,80.2707
2025-10-01T13:00,31.6,56,34.9,0.0,0.0,3,100,10.5,297,13.0827,80.2707
2025-10-01T14:00,31.9,55,35.3,0.0,0.0,3,100,8.7,320,13.0827,80.2707
2025-10-01T15:00,31.6,57,35.5,0.0,0.0,3,100,7.6,348,13.0827,80.2707
2025-10-01T16:00,30.8,66,35.9,0.0,0.0,3,100,5.2,360,13.0827,80.2707
2025-10-01T17:00,29.3,72,34.7,0.0,0.0,3,100,3.6,49,13.0827,80.2707
2025-10-01T18:00,28.3,78,33.8,0.0,0.0,3,100,4.0,80,13.0827,80.2707
2025-10-01T19:00,28.2,79,33.6,0.0,0.0,3,100,5.4,84,13.0827,80.2707
2025-10-01T20:00,27.8,83,33.7,0.0,0.0,3,100,4.3,88,13.0827,80.2707
2025-10-01T21:00,27.8,83,33.3,0.0,0.0,3,100,5.8,175,13.0827,80.2707
2025-10-01T22:00,27.7,83,33.1,0.0,0.0,3,100,6.1,194,13.0827,80.2707
2025-10-01T23:00,27.9,78,32.3,0.0,0.0,3,100,9.4,180,13.0827,80.2707
2025-10-02T00:00,27.9,77,32.9,0.0,0.0,3,100,5.8,171,13.0827,80.2707
2025-10-02T01:00,27.7,78,31.4,0.0,0.0,3,100,13.6,202,13.0827,80.2707
2025-10-02T02:00,26.3,83,30.3,0.0,0.0,3,100,10.7,221,13.0827,80.2707
2025-10-02T03:00,25.8,87,30.2,0.1,0.1,51,100,9.0,247,13.0827,80.2707
2025-10-02T04:00,25.8,89,30.8,0.0,0.0,3,100,7.5,233,13.0827,80.2707
2025-10-02T05:00,26.6,84,30.8,0.0,0.0,3,100,11.5,248,13.0827,80.2707
2025-10-02T06:00,26.7,82,31.1,0.0,0.0,3,100,8.9,243,13.0827,80.2707
2025-10-02T07:00,27.5,78,31.8,0.0,0.0,3,100,9.4,257,13.0827,80.2707
2025-10-02T08:00,28.5,75,33.1,0.0,0.0,3,100,8.1,246,13.0827,80.2707
2025-10-02T09:00,30.0,68,34.5,0.0,0.0,3,100,8.7,266,13.0827,80.2707
2025-10-02T10:00,31.2,62,35.8,0.0,0.0,3,100,9.1,279,13.0827,80.2707
2025-10-02T11:00,32.1,57,36.8,0.0,0.0,3,100,11.7,288,13.0827,80.2707
2025-10-02T12:00,32.0,58,35.6,0.0,0.0,3,100,11.8,291,13.0827,80.2707
2025-10-02T13:00,32.2,58,36.1,0.0,0.0,3,100,10.2,296,13.0827,80.2707
2025-10-02T14:00,32.5,57,36.8,0.0,0.0,3,100,7.5,294,13.0827,80.2707
2025-10-02T15:00,32.8,55,37.2,0.0,0.0,3,100,6.5,321,13.0827,80.2707
2025-10-02T16:00,32.4,56,37.2,0.0,0.0,3,100,3.1,45,13.0827,80.2707
2025-10-02T17:00,31.5,64,37.1,0.0,0.0,3,100,3.1,360,13.0827,80.2707
2025-10-02T18:00,30.3,73,36.6,0.0,0.0,3,100,2.2,132,13.0827,80.2707
2025-10-02T19:00,29.3,76,34.3,0.0,0.0,3,100,9.4,181,13.0827,80.2707
2025-10-02T20:00,29.0,79,34.8,0.0,0.0,3,84,5.8,210,13.0827,80.2707
2025-10-02T21:00,28.1,84,34.4,0.0,0.0,2,55,3.6,288,13.0827,80.2707
2025-10-02T22:00,27.6,86,33.5,0.1,0.1,51,60,5.8,250,13.0827,80.2707
2025-10-02T23:00,26.5,90,31.4,0.0,0.0,3,91,10.7,173,13.0827,80.2707
2025-10-03T00:00,26.2,91,31.3,0.1,0.1,51,97,9.4,322,13.0827,80.2707
2025-10-03T01:00,25.7,91,30.9,0.4,0.4,51,99,6.8,349,13.0827,80.2707
2025-10-03T02:00,25.9,91,31.8,0.1,0.1,51,100,2.3,266,13.0827,80.2707
2025-10-03T03:00,25.9,91,31.7,0.0,0.0,3,100,2.8,215,13.0827,80.2707
2025-10-03T04:00,26.1,88,31.3,0.0,0.0,3,100,5.8,202,13.0827,80.2707
2025-10-03T05:00,26.5,90,31.7,0.0,0.0,3,99,9.0,180,13.0827,80.2707
2025-10-03T06:00,26.5,89,31.6,0.0,0.0,3,100,7.9,184,13.0827,80.2707
2025-10-03T07:00,26.7,85,31.9,0.0,0.0,3,100,6.2,210,13.0827,80.2707
2025-10-03T08:00,27.7,80,32.8,0.0,0.0,3,100,6.3,215,13.0827,80.2707
2025-10-03T09:00,29.6,72,34.6,0.0,0.0,3,100,7.4,231,13.0827,80.2707
2025-10-03T10:00,30.9,66,35.6,0.0,0.0,3,100,7.9,215,13.0827,80.2707
2025-10-03T11:00,32.2,58,36.5,0.0,0.0,3,100,6.8,252,13.0827,80.2707
2025-10-03T12:00,33.1,53,39.0,0.0,0.0,3,100,3.0,253,13.0827,80.2707
2025-10-03T13:00,32.4,54,37.3,0.0,0.0,3,100,3.6,162,13.0827,80.2707
2025-10-03T14:00,32.1,59,36.8,0.0,0.0,2,65,7.1,150,13.0827,80.2707
2025-10-03T15:00,31.0,70,36.1,0.0,0.0,3,98,10.7,151,13.0827,80.2707
2025-10-03T16:00,29.9,77,34.8,0.0,0.0,3,90,14.2,154,13.0827,80.2707
2025-10-03T17:00,29.1,80,34.0,0.0,0.0,0,16,13.5,166,13.0827,80.2707
2025-10-03T18:00,28.7,84,34.0,0.0,0.0,2,67,12.8,174,13.0827,80.2707
2025-10-03T19:00,28.6,83,33.6,0.0,0.0,0,4,13.0,180,13.0827,80.2707
2025-10-03T20:00,28.4,83,33.6,0.0,0.0,1,21,11.0,174,13.0827,80.2707
2025-10-03T21:00,28.2,85,34.1,0.0,0.0,1,36,8.1,192,13.0827,80.2707
2025-10-03T22:00,28.0,87,33.9,0.0,0.0,1,29,7.6,188,13.0827,80.2707
2025-10-03T23:00,26.9,95,32.8,0.0,0.0,3,100,9.7,248,13.0827,80.2707
2025-10-04T00:00,25.4,95,30.6,2.8,2.8,63,99,8.2,206,13.0827,80.2707
2025-10-04T01:00,25.1,92,28.4,0.1,0.1,51,91,17.7,205,13.0827,80.2707
2025-10-04T02:00,25.1,92,29.4,0.1,0.1,51,100,10.8,204,13.0827,80.2707
2025-10-04T03:00,24.9,94,29.3,0.0,0.0,3,99,10.7,245,13.0827,80.2707
2025-10-04T04:00,24.8,95,29.5,0.0,0.0,3,98,9.2,239,13.0827,80.2707
2025-10-04T05:00,24.4,92,27.3,0.0,0.0,3,100,17.9,251,13.0827,80.2707
2025-10-04T06:00,24.6,88,26.7,1.0,1.0,55,100,21.0,265,13.0827,80.2707
2025-10-04T07:00,24.9,87,27.3,2.2,2.2,61,100,19.1,266,13.0827,80.2707
2025-10-04T08:00,25.6,84,28.5,0.8,0.8,53,100,17.1,292,13.0827,80.2707
2025-10-04T09:00,27.0,81,30.6,0.1,0.1,51,100,14.7,298,13.0827,80.2707
2025-10-04T10:00,27.8,74,30.9,0.0,0.0,3,100,15.9,288,13.0827,80.2707
2025-10-04T11:00,30.1,66,35.2,0.0,0.0,3,100,11.9,292,13.0827,80.2707
2025-10-04T12:00,30.8,58,35.0,0.0,0.0,3,100,10.9,299,13.0827,80.2707
2025-10-04T13:00,31.2,56,36.1,0.0,0.0,3,100,9.5,279,13.0827,80.2707
2025-10-04T14:00,31.6,52,35.5,0.0,0.0,3,100,9.3,280,13.0827,80.2707
2025-10-04T15:00,31.5,52,34.6,0.0,0.0,2,69,8.3,284,13.0827,80.2707
2025-10-04T16:00,30.8,56,34.1,0.0,0.0,2,63,7.6,269,13.0827,80.2707
2025-10-04T17:00,31.0,63,36.0,0.0,0.0,1,49,3.7,313,13.0827,80.2707
2025-10-04T18:00,29.5,72,35.3,0.0,0.0,3,93,1.5,249,13.0827,80.2707
2025-10-04T19:00,28.4,76,33.7,0.0,0.0,3,92,4.4,235,13.0827,80.2707
2025-10-04T20:00,27.8,80,33.3,0.0,0.0,2,76,4.5,241,13.0827,80.2707
2025-10-04T21:00,27.5,82,33.0,0.0,0.0,3,100,3.9,236,13.0827,80.2707
2025-10-04T22:00,27.2,81,32.4,0.0,0.0,2,77,4.9,231,13.0827,80.2707
2025-10-04T23:00,26.8,83,32.0,0.0,0.0,1,46,4.8,205,13.0827,80.2707
2025-10-05T00:00,26.6,83,31.6,0.0,0.0,3,93,4.8,211,13.0827,80.2707
2025-10-05T01:00,26.5,83,31.1,0.0,0.0,3,100,7.1,214,13.0827,80.2707
2025-10-05T02:00,26.1,84,30.4,0.0,0.0,3,94,8.7,225,13.0827,80.2707
2025-10-05T03:00,25.8,83,29.3,0.0,0.0,3,82,12.1,230,13.0827,80.2707
2025-10-05T04:00,25.3,83,28.3,0.0,0.0,0,0,12.9,251,13.0827,80.2707
2025-10-05T05:00,26.1,84,29.9,0.0,0.0,0,16,12.6,253,13.0827,80.2707
2025-10-05T06:00,26.3,81,30.4,0.0,0.0,0,12,8.6,241,13.0827,80.2707
2025-10-05T07:00,27.2,78,31.4,0.0,0.0,1,38,8.9,252,13.0827,80.2707
2025-10-05T08:00,28.7,74,33.3,0.0,0.0,2,61,8.2,251,13.0827,80.2707
2025-10-05T09:00,30.5,68,35.5,0.0,0.0,0,0,9.2,259,13.0827,80.2707
2025-10-05T10:00,32.1,59,37.7,0.0,0.0,0,2,9.3,243,13.0827,80.2707
2025-10-05T11:00,33.0,56,39.3,0.0,0.0,1,20,8.6,247,13.0827,80.2707
2025-10-05T12:00,32.7,58,39.5,0.1,0.1,51,31,6.5,283,13.0827,80.2707
2025-10-05T13:00,32.7,57,38.9,0.0,0.0,1,30,4.1,182,13.0827,80.2707
2025-10-05T14:00,32.0,61,37.7,0.0,0.0,2,56,6.0,143,13.0827,80.2707
2025-10-05T15:00,29.0,78,34.1,2.3,2.3,61,65,10.0,188,13.0827,80.2707
2025-10-05T16:00,29.2,74,34.5,0.2,0.2,51,23,6.1,177,13.0827,80.2707
2025-10-05T17:00,28.5,78,33.9,0.0,0.0,0,9,6.5,268,13.0827,80.2707
2025-10-05T18:00,27.4,82,32.2,1.7,1.7,61,32,8.8,191,13.0827,80.2707
2025-10-05T19:00,27.2,85,32.2,0.1,0.1,51,23,8.7,217,13.0827,80.2707
2025-10-05T20:00,27.2,86,32.3,0.0,0.0,0,17,9.8,188,13.0827,80.2707
2025-10-05T21:00,27.1,85,32.2,0.0,0.0,2,50,8.6,210,13.0827,80.2707
2025-10-05T22:00,26.5,86,31.5,0.0,0.0,3,98,8.0,293,13.0827,80.2707
2025-10-05T23:00,26.6,90,31.5,8.0,8.0,65,88,11.0,220,13.0827,80.2707
2025-10-06T00:00,26.0,92,30.8,0.0,0.0,3,84,11.6,254,13.0827,80.2707
2025-10-06T01:00,25.7,91,30.2,0.0,0.0,1,44,11.4,254,13.0827,80.2707
2025-10-06T02:00,25.1,90,29.0,0.0,0.0,2,61,12.2,268,13.0827,80.2707
2025-10-06T03:00,24.9,87,28.7,0.0,0.0,1,21,9.7,269,13.0827,80.2707
2025-10-06T04:00,24.8,87,28.4,0.0,0.0,2,72,9.8,265,13.0827,80.2707
2025-10-06T05:00,25.7,82,29.4,0.0,0.0,2,66,9.8,263,13.0827,80.2707
2025-10-06T06:00,25.8,80,29.2,0.0,0.0,3,84,10.4,268,13.0827,80.2707
2025-10-06T07:00,27.3,78,31.4,0.0,0.0,0,19,9.6,283,13.0827,80.2707
2025-10-06T08:00,29.0,72,33.7,0.0,0.0,2,78,7.5,305,13.0827,80.2707
2025-10-06T09:00,30.5,69,36.2,0.0,0.0,2,79,5.3,348,13.0827,80.2707
2025-10-06T10:00,31.7,64,39.0,0.0,0.0,3,81,3.1,10,13.0827,80.2707
2025-10-06T11:00,32.7,60,40.2,0.0,0.0,3,94,4.0,39,13.0827,80.2707
2025-10-06T12:00,32.7,61,40.2,0.0,0.0,3,80,5.4,86,13.0827,80.2707
2025-10-06T13:00,30.6,71,37.3,4.0,4.0,63,66,9.3,109,13.0827,80.2707
2025-10-06T14:00,30.5,73,37.5,3.5,3.5,63,59,3.2,124,13.0827,80.2707
2025-10-06T15:00,28.5,78,34.2,3.0,3.0,63,83,3.8,188,13.0827,80.2707
2025-10-06T16:00,28.7,78,34.8,0.2,0.2,51,55,2.4,63,13.0827,80.2707
2025-10-06T17:00,27.9,83,33.7,0.0,0.0,3,91,4.9,360,13.0827,80.2707
2025-10-06T18:00,26.8,89,32.5,0.0,0.0,3,95,5.8,344,13.0827,80.2707
2025-10-06T19:00,26.1,91,31.7,0.0,0.0,3,99,5.5,308,13.0827,80.2707
2025-10-06T20:00,25.6,90,31.0,0.0,0.0,1,48,3.8,311,13.0827,80.2707
2025-10-06T21:00,25.7,90,31.3,0.0,0.0,1,39,2.5,278,13.0827,80.2707
2025-10-06T22:00,25.5,91,31.1,0.0,0.0,1,21,3.2,304,13.0827,80.2707
2025-10-06T23:00,27.4,93,34.2,0.0,0.0,1,46,4.3,152,13.0827,80.2707
2025-10-07T00:00,27.3,95,34.7,0.0,0.0,3,80,1.5,210,13.0827,80.2707
2025-10-07T01:00,26.4,94,32.3,1.1,1.1,55,100,6.9,284,13.0827,80.2707
2025-10-07T02:00,26.1,96,32.6,0.0,0.0,2,74,3.1,280,13.0827,80.2707
2025-10-07T03:00,25.9,97,32.3,0.0,0.0,2,70,4.0,243,13.0827,80.2707
2025-10-07T04:00,25.8,97,32.0,0.0,0.0,3,97,4.5,310,13.0827,80.2707
2025-10-07T05:00,25.8,96,31.9,0.0,0.0,3,96,4.2,263,13.0827,80.2707
2025-10-07T06:00,25.9,95,31.8,0.0,0.0,3,86,5.7,259,13.0827,80.2707
2025-10-07T07:00,26.8,92,32.8,0.0,0.0,3,97,6.8,243,13.0827,80.2707
2025-10-07T08:00,28.5,83,34.2,0.0,0.0,3,98,8.6,221,13.0827,80.2707
2025-10-07T09:00,29.4,80,35.7,0.1,0.1,51,100,5.1,222,13.0827,80.2707
2025-10-07T10:00,30.5,76,38.4,0.1,0.1,51,100,3.9,202,13.0827,80.2707
2025-10-07T11:00,30.6,73,38.4,0.3,0.3,51,78,4.4,201,13.0827,80.2707
2025-10-07T12:00,31.4,70,40.4,0.1,0.1,51,45,0.8,135,13.0827,80.2707
2025-10-07T13:00,31.1,71,38.8,0.3,0.3,51,26,5.8,95,13.0827,80.2707
2025-10-07T14:00,28.4,80,35.0,5.7,5.7,63,48,4.3,114,13.0827,80.2707
2025-10-07T15:00,29.6,76,35.6,0.1,0.1,51,28,4.8,132,13.0827,80.2707
2025-10-07T16:00,29.8,77,35.4,0.0,0.0,0,2,8.3,134,13.0827,80.2707
2025-10-07T17:00,28.9,80,34.9,0.0,0.0,0,5,5.8,126,13.0827,80.2707
2025-10-07T18:00,28.1,85,34.2,0.0,0.0,0,8,5.5,128,13.0827,80.2707
2025-10-07T19:00,28.0,85,34.0,0.0,0.0,0,9,5.8,144,13.0827,80.2707
2025-10-07T20:00,27.9,86,34.1,0.0,0.0,0,10,4.3,156,13.0827,80.2707
2025-10-07T21:00,27.8,87,34.1,0.0,0.0,0,5,4.2,149,13.0827,80.2707
2025-10-07T22:00,27.6,87,33.9,0.0,0.0,0,5,4.0,175,13.0827,80.2707
2025-10-07T23:00,27.7,83,33.6,0.0,0.0,0,12,3.1,211,13.0827,80.2707
2025-10-08T00:00,27.6,86,33.8,0.0,0.0,0,9,3.3,257,13.0827,80.2707
2025-10-08T01:00,26.9,92,33.5,0.0,0.0,1,25,2.5,249,13.0827,80.2707
2025-10-08T02:00,26.6,93,33.2,0.0,0.0,0,5,3.1,263,13.0827,80.2707
2025-10-08T03:00,26.2,95,32.6,0.0,0.0,0,3,4.0,273,13.0827,80.2707
2025-10-08T04:00,26.0,95,32.2,0.0,0.0,0,8,4.1,268,13.0827,80.2707
2025-10-08T05:00,26.8,89,32.4,0.0,0.0,0,16,6.8,222,13.0827,80.2707
2025-10-08T06:00,27.1,89,32.8,0.0,0.0,1,23,6.5,226,13.0827,80.2707
2025-10-08T07:00,28.1,83,34.1,0.0,0.0,1,20,4.7,223,13.0827,80.2707
2025-10-08T08:00,29.3,75,35.1,0.0,0.0,1,41,3.9,208,13.0827,80.2707
2025-10-08T09:00,30.3,70,35.6,0.1,0.1,51,66,6.3,200,13.0827,80.2707
2025-10-08T10:00,30.9,66,36.1,0.0,0.0,2,65,7.9,193,13.0827,80.2707
2025-10-08T11:00,31.7,65,38.8,0.0,0.0,3,96,7.0,192,13.0827,80.2707
2025-10-08T12:00,31.6,66,39.0,0.1,0.1,51,100,6.9,171,13.0827,80.2707
2025-10-08T13:00,31.6,64,37.7,0.1,0.1,51,100,8.1,155,13.0827,80.2707
2025-10-08T14:00,30.7,69,35.7,0.1,0.1,51,91,9.6,147,13.0827,80.2707
2025-10-08T15:00,30.5,68,34.7,1.0,1.0,55,39,12.1,179,13.0827,80.2707
2025-10-08T16:00,30.3,69,35.1,0.0,0.0,3,100,7.9,179,13.0827,80.2707
2025-10-08T17:00,29.7,73,34.9,0.0,0.0,0,9,7.1,187,13.0827,80.2707
2025-10-08T18:00,28.4,81,34.5,0.0,0.0,0,12,3.5,201,13.0827,80.2707
2025-10-08T19:00,27.9,86,34.4,0.0,0.0,0,10,2.7,222,13.0827,80.2707
2025-10-08T20:00,27.6,88,34.0,0.0,0.0,2,50,3.6,217,13.0827,80.2707
2025-10-08T21:00,27.2,90,33.4,0.0,0.0,1,49,4.4,249,13.0827,80.2707
2025-10-08T22:00,26.6,92,33.0,0.0,0.0,0,19,3.4,264,13.0827,80.2707
2025-10-08T23:00,26.4,90,32.1,0.0,0.0,1,26,5.7,259,13.0827,80.2707
2025-10-09T00:00,26.6,89,32.6,0.0,0.0,0,7,3.9,248,13.0827,80.2707
2025-10-09T01:00,26.6,89,32.4,0.0,0.0,0,13,4.0,234,13.0827,80.2707
2025-10-09T02:00,26.3,91,32.3,0.0,0.0,1,23,3.3,248,13.0827,80.2707
2025-10-09T03:00,26.1,91,32.0,0.0,0.0,2,71,3.8,262,13.0827,80.2707
2025-10-09T04:00,26.0,92,31.6,0.0,0.0,2,63,5.3,237,13.0827,80.2707
2025-10-09T05:00,25.9,84,30.7,0.0,0.0,3,93,4.2,258,13.0827,80.2707
2025-10-09T06:00,26.4,83,31.2,0.0,0.0,3,89,5.2,239,13.0827,80.2707
2025-10-09T07:00,27.8,80,33.3,0.0,0.0,3,95,4.4,235,13.0827,80.2707
2025-10-09T08:00,28.5,73,32.7,0.0,0.0,3,96,9.2,247,13.0827,80.2707
2025-10-09T09:00,29.7,72,35.1,0.1,0.1,51,96,5.8,254,13.0827,80.2707
2025-10-09T10:00,31.0,68,37.9,0.0,0.0,3,98,4.6,239,13.0827,80.2707
2025-10-09T11:00,31.5,70,40.1,0.0,0.0,3,99,3.7,169,13.0827,80.2707
2025-10-09T12:00,31.6,67,38.8,0.0,0.0,3,100,8.8,145,13.0827,80.2707
2025-10-09T13:00,30.4,72,36.5,0.5,0.5,53,94,7.6,89,13.0827,80.2707
2025-10-09T14:00,30.2,73,35.9,0.3,0.3,51,68,6.0,131,13.0827,80.2707
2025-10-09T15:00,30.3,71,35.5,0.1,0.1,51,22,8.1,152,13.0827,80.2707
2025-10-09T16:00,30.0,73,35.1,0.0,0.0,1,20,9.3,158,13.0827,80.2707
2025-10-09T17:00,29.4,76,34.8,0.0,0.0,0,11,7.9,123,13.0827,80.2707
2025-10-09T18:00,29.2,75,34.1,0.0,0.0,1,36,9.7,130,13.0827,80.2707
2025-10-09T19:00,28.4,81,34.6,0.1,0.1,51,94,2.8,165,13.0827,80.2707
2025-10-09T20:00,26.5,88,31.2,5.8,5.8,63,95,10.4,269,13.0827,80.2707
2025-10-09T21:00,24.1,97,28.5,3.3,3.3,63,97,10.3,322,13.0827,80.2707
2025-10-09T22:00,24.7,94,29.7,0.1,0.1,51,98,6.4,262,13.0827,80.2707
2025-10-09T23:00,26.5,94,32.4,0.0,0.0,3,98,6.7,270,13.0827,80.2707
2025-10-10T00:00,26.1,94,32.0,0.0,0.0,3,94,6.3,288,13.0827,80.2707
2025-10-10T01:00,25.7,95,31.2,0.0,0.0,3,83,7.3,279,13.0827,80.2707
2025-10-10T02:00,25.5,94,30.6,0.0,0.0,3,97,7.7,269,13.0827,80.2707
2025-10-10T03:00,25.3,94,30.5,0.0,0.0,3,91,6.9,261,13.0827,80.2707
2025-10-10T04:00,25.1,95,30.2,0.0,0.0,1,32,7.1,264,13.0827,80.2707
2025-10-10T05:00,25.2,94,30.2,0.0,0.0,3,83,7.1,294,13.0827,80.2707
2025-10-10T06:00,25.4,92,30.9,0.0,0.0,1,20,4.5,317,13.0827,80.2707
2025-10-10T07:00,26.6,88,32.6,0.0,0.0,3,99,2.7,323,13.0827,80.2707
2025-10-10T08:00,28.2,81,34.3,0.0,0.0,3,100,2.9,349,13.0827,80.2707
2025-10-10T09:00,29.2,76,35.5,0.2,0.2,51,100,2.8,50,13.0827,80.2707
2025-10-10T10:00,29.7,74,36.5,0.1,0.1,51,99,4.2,78,13.0827,80.2707
2025-10-10T11:00,30.2,72,37.9,0.1,0.1,51,91,5.2,70,13.0827,80.2707
2025-10-10T12:00,30.4,71,37.2,0.0,0.0,3,100,8.4,74,13.0827,80.2707
2025-10-10T13:00,30.3,71,36.9,0.0,0.0,3,99,9.4,79,13.0827,80.2707
2025-10-10T14:00,29.7,73,35.2,0.0,0.0,3,96,9.3,77,13.0827,80.2707
2025-10-10T15:00,29.6,73,34.2,0.0,0.0,3,97,11.0,90,13.0827,80.2707
2025-10-10T16:00,28.8,77,33.4,0.0,0.0,3,95,11.5,100,13.0827,80.2707
2025-10-10T17:00,28.6,78,33.7,0.0,0.0,3,96,8.2,105,13.0827,80.2707
2025-10-10T18:00,28.0,81,33.4,0.0,0.0,3,89,6.3,103,13.0827,80.2707
2025-10-10T19:00,27.8,82,33.2,0.0,0.0,3,85,6.9,127,13.0827,80.2707
2025-10-10T20:00,27.6,83,32.9,0.0,0.0,3,90,6.6,147,13.0827,80.2707
2025-10-10T21:00,27.1,85,32.8,0.0,0.0,3,100,4.1,167,13.0827,80.2707
2025-10-10T22:00,26.8,86,32.5,0.0,0.0,3,98,3.9,246,13.0827,80.2707
2025-10-10T23:00,27.3,82,32.4,0.0,0.0,3,97,6.8,205,13.0827,80.2707
2025-10-11T00:00,27.2,85,32.5,0.0,0.0,1,46,7.2,207,13.0827,80.2707
2025-10-11T01:00,26.8,88,32.1,0.0,0.0,3,90,7.6,216,13.0827,80.2707
2025-10-11T02:00,26.1,90,31.2,0.0,0.0,3,92,7.6,239,13.0827,80.2707
2025-10-11T03:00,25.7,91,31.4,0.1,0.1,51,97,3.8,197,13.0827,80.2707
2025-10-11T04:00,25.5,90,30.3,0.0,0.0,3,97,7.9,225,13.0827,80.2707
2025-10-11T05:00,25.9,91,31.2,0.0,0.0,0,6,6.4,216,13.0827,80.2707
2025-10-11T06:00,25.9,91,31.5,0.0,0.0,0,2,5.0,251,13.0827,80.2707
2025-10-11T07:00,27.1,88,33.3,0.0,0.0,0,9,3.2,251,13.0827,80.2707
2025-10-11T08:00,28.6,81,34.9,0.0,0.0,1,49,2.7,250,13.0827,80.2707
2025-10-11T09:00,29.8,76,36.4,0.0,0.0,0,13,2.9,277,13.0827,80.2707
2025-10-11T10:00,30.7,71,38.0,0.0,0.0,3,84,3.9,323,13.0827,80.2707
2025-10-11T11:00,30.8,69,37.8,0.0,0.0,3,96,6.9,20,13.0827,80.2707
2025-10-11T12:00,31.2,66,37.4,0.0,0.0,1,40,9.2,21,13.0827,80.2707
2025-10-11T13:00,29.6,69,34.3,1.5,1.5,61,83,14.4,12,13.0827,80.2707
2025-10-11T14:00,29.6,70,33.6,0.3,0.3,51,43,12.9,20,13.0827,80.2707
2025-10-11T15:00,29.6,72,34.0,0.4,0.4,51,27,10.8,26,13.0827,80.2707
2025-10-11T16:00,29.2,72,33.6,0.2,0.2,51,27,9.9,32,13.0827,80.2707
2025-10-11T17:00,28.8,77,33.8,0.1,0.1,51,15,8.2,29,13.0827,80.2707
2025-10-11T18:00,28.1,82,33.5,0.0,0.0,0,14,7.8,42,13.0827,80.2707
2025-10-11T19:00,28.0,83,33.6,0.0,0.0,0,15,6.6,43,13.0827,80.2707
2025-10-11T20:00,27.7,85,33.8,0.0,0.0,1,20,4.2,54,13.0827,80.2707
2025-10-11T21:00,27.4,88,33.9,0.0,0.0,1,22,2.8,63,13.0827,80.2707
2025-10-11T22:00,27.1,89,33.4,0.0,0.0,1,23,3.0,25,13.0827,80.2707
2025-10-11T23:00,26.9,88,33.2,0.0,0.0,1,21,2.2,104,13.0827,80.2707
2025-10-12T00:00,26.9,89,33.2,0.0,0.0,0,8,2.5,176,13.0827,80.2707
2025-10-12T01:00,26.5,91,32.9,0.0,0.0,0,14,2.2,222,13.0827,80.2707
2025-10-12T02:00,26.2,93,32.5,0.0,0.0,0,15,2.9,266,13.0827,80.2707
2025-10-12T03:00,25.9,94,31.9,0.0,0.0,0,13,4.0,275,13.0827,80.2707
2025-10-12T04:00,25.5,94,31.1,0.0,0.0,1,36,5.2,276,13.0827,80.2707
2025-10-12T05:00,25.4,93,30.8,0.0,0.0,1,36,5.8,296,13.0827,80.2707
2025-10-12T06:00,25.9,93,31.6,0.0,0.0,1,49,5.5,311,13.0827,80.2707
2025-10-12T07:00,27.2,88,33.1,0.0,0.0,3,95,5.1,328,13.0827,80.2707
2025-10-12T08:00,28.5,80,34.0,0.2,0.2,51,63,7.2,3,13.0827,80.2707
2025-10-12T09:00,29.4,75,34.7,0.2,0.2,51,23,8.2,15,13.0827,80.2707
2025-10-12T10:00,29.8,73,35.5,0.5,0.5,53,30,10.5,25,13.0827,80.2707
2025-10-12T11:00,30.4,69,36.7,0.3,0.3,51,22,9.0,33,13.0827,80.2707
2025-10-12T12:00,30.7,68,37.0,0.1,0.1,51,30,9.7,45,13.0827,80.2707
2025-10-12T13:00,30.7,68,37.0,0.1,0.1,51,24,10.1,55,13.0827,80.2707
2025-10-12T14:00,30.2,70,35.7,0.0,0.0,1,23,10.1,65,13.0827,80.2707
2025-10-12T15:00,29.8,73,34.4,0.1,0.1,51,23,11.2,72,13.0827,80.2707
2025-10-12T16:00,29.1,76,33.8,0.1,0.1,51,14,10.9,84,13.0827,80.2707
2025-10-12T17:00,29.3,75,34.4,0.2,0.2,51,5,8.8,67,13.0827,80.2707
2025-10-12T18:00,28.7,79,34.2,0.0,0.0,0,10,7.0,77,13.0827,80.2707
2025-10-12T19:00,28.3,82,34.0,0.0,0.0,0,12,6.1,92,13.0827,80.2707
2025-10-12T20:00,28.2,82,34.2,0.0,0.0,1,41,4.3,107,13.0827,80.2707
2025-10-12T21:00,27.8,85,34.1,0.0,0.0,1,34,3.2,146,13.0827,80.2707
2025-10-12T22:00,27.4,87,33.7,0.0,0.0,1,24,3.1,170,13.0827,80.2707
2025-10-12T23:00,27.2,83,32.6,0.0,0.0,3,86,5.3,242,13.0827,80.2707
2025-10-13T00:00,26.8,87,32.4,0.0,0.0,3,81,5.2,258,13.0827,80.2707
2025-10-13T01:00,26.5,90,32.2,0.0,0.0,3,87,4.9,272,13.0827,80.2707
2025-10-13T02:00,26.1,92,31.9,0.0,0.0,2,62,5.0,270,13.0827,80.2707
2025-10-13T03:00,25.5,95,31.2,0.0,0.0,3,95,5.2,256,13.0827,80.2707
2025-10-13T04:00,25.6,94,31.7,0.1,0.1,51,95,1.7,108,13.0827,80.2707
2025-10-13T05:00,25.9,95,32.3,0.1,0.1,51,76,1.8,270,13.0827,80.2707
2025-10-13T06:00,26.4,92,32.4,0.0,0.0,2,79,5.0,167,13.0827,80.2707
2025-10-13T07:00,27.5,85,33.4,0.0,0.0,2,73,4.9,184,13.0827,80.2707
2025-10-13T08:00,28.6,78,34.2,0.1,0.1,51,20,5.1,216,13.0827,80.2707
2025-10-13T09:00,30.0,71,35.9,0.1,0.1,51,23,1.8,307,13.0827,80.2707
2025-10-13T10:00,30.9,65,37.2,0.3,0.3,51,33,5.1,27,13.0827,80.2707
2025-10-13T11:00,31.4,65,38.2,0.2,0.2,51,40,6.6,17,13.0827,80.2707
2025-10-13T12:00,31.8,61,37.8,0.0,0.0,3,100,8.1,61,13.0827,80.2707
2025-10-13T13:00,28.7,77,34.2,4.3,4.3,63,95,12.9,43,13.0827,80.2707
2025-10-13T14:00,29.7,73,34.9,0.1,0.1,51,32,9.9,45,13.0827,80.2707
2025-10-13T15:00,29.8,71,34.1,0.1,0.1,51,59,12.0,64,13.0827,80.2707
2025-10-13T16:00,29.0,71,32.9,1.1,1.1,55,72,11.4,53,13.0827,80.2707
2025-10-13T17:00,28.9,76,33.6,0.2,0.2,51,100,9.6,41,13.0827,80.2707
2025-10-13T18:00,28.6,77,33.4,0.0,0.0,3,100,9.8,41,13.0827,80.2707
2025-10-13T19:00,28.4,78,33.1,0.0,0.0,3,89,10.0,33,13.0827,80.2707
2025-10-13T20:00,28.0,80,32.8,0.0,0.0,0,18,8.9,32,13.0827,80.2707
2025-10-13T21:00,27.2,83,32.1,0.5,0.5,53,71,8.6,51,13.0827,80.2707
2025-10-13T22:00,25.8,91,31.0,2.7,2.7,63,66,6.8,53,13.0827,80.2707
2025-10-13T23:00,27.4,85,32.9,0.3,0.3,51,40,6.0,44,13.0827,80.2707
2025-10-14T00:00,26.1,90,31.8,0.6,0.6,53,73,3.3,6,13.0827,80.2707
2025-10-14T01:00,25.6,92,31.2,0.4,0.4,51,59,4.4,341,13.0827,80.2707
2025-10-14T02:00,25.6,93,31.3,0.1,0.1,51,39,4.3,318,13.0827,80.2707
2025-10-14T03:00,25.3,92,30.3,0.0,0.0,1,42,7.2,346,13.0827,80.2707
2025-10-14T04:00,25.2,90,29.9,0.0,0.0,1,27,7.0,359,13.0827,80.2707
2025-10-14T05:00,25.8,94,31.5,0.0,0.0,1,22,5.8,351,13.0827,80.2707
2025-10-14T06:00,26.1,94,31.7,0.0,0.0,1,32,6.9,329,13.0827,80.2707
2025-10-14T07:00,27.0,88,32.5,0.0,0.0,1,20,7.9,340,13.0827,80.2707
2025-10-14T08:00,28.2,80,33.3,0.1,0.1,51,16,7.7,16,13.0827,80.2707
2025-10-14T09:00,29.6,72,34.7,0.0,0.0,3,82,7.1,41,13.0827,80.2707
2025-10-14T10:00,30.6,68,36.7,0.0,0.0,0,14,7.8,64,13.0827,80.2707
2025-10-14T11:00,30.4,68,36.5,0.0,0.0,3,84,10.0,69,13.0827,80.2707
2025-10-14T12:00,30.7,67,36.5,0.0,0.0,2,72,11.5,58,13.0827,80.2707
2025-10-14T13:00,30.9,65,36.4,0.0,0.0,1,47,11.5,63,13.0827,80.2707
2025-10-14T14:00,30.7,65,35.6,0.0,0.0,1,23,12.0,73,13.0827,80.2707
2025-10-14T15:00,30.4,66,34.4,0.0,0.0,0,4,12.5,72,13.0827,80.2707
2025-10-14T16:00,29.9,67,33.6,0.0,0.0,0,13,12.7,74,13.0827,80.2707
2025-10-14T17:00,29.5,71,33.9,0.0,0.0,0,4,9.7,71,13.0827,80.2707
2025-10-14T18:00,28.9,74,33.6,0.1,0.1,51,37,8.3,66,13.0827,80.2707
2025-10-14T19:00,28.4,76,33.0,0.5,0.5,53,78,9.6,69,13.0827,80.2707
2025-10-14T20:00,26.1,91,31.5,6.0,6.0,63,98,6.5,23,13.0827,80.2707
2025-10-14T21:00,26.1,92,31.7,0.1,0.1,51,98,6.0,81,13.0827,80.2707
2025-10-14T22:00,25.9,94,32.2,0.1,0.1,51,100,1.5,14,13.0827,80.2707
2025-10-14T23:00,26.7,91,33.0,1.9,1.9,61,99,2.9,360,13.0827,80.2707
2025-10-15T00:00,27.0,91,33.1,0.0,0.0,3,98,5.8,356,13.0827,80.2707
2025-10-15T01:00,25.2,91,29.5,6.6,6.6,63,100,10.3,67,13.0827,80.2707
2025-10-15T02:00,25.2,94,30.5,1.9,1.9,61,100,5.9,76,13.0827,80.2707
2025-10-15T03:00,25.2,90,29.6,2.0,2.0,61,100,9.2,78,13.0827,80.2707
2025-10-15T04:00,25.2,91,29.5,0.5,0.5,53,100,10.0,70,13.0827,80.2707
2025-10-15T05:00,25.0,94,30.0,3.5,3.5,63,100,6.9,17,13.0827,80.2707
2025-10-15T06:00,25.1,91,29.8,1.4,1.4,61,100,7.6,36,13.0827,80.2707
2025-10-15T07:00,24.6,94,29.7,0.5,0.5,53,100,5.1,8,13.0827,80.2707
2025-10-15T08:00,24.9,92,29.9,1.7,1.7,61,100,5.1,17,13.0827,80.2707
2025-10-15T09:00,25.8,87,30.6,0.4,0.4,51,100,6.0,7,13.0827,80.2707
2025-10-15T10:00,26.6,85,31.6,0.3,0.3,51,100,7.5,44,13.0827,80.2707
2025-10-15T11:00,26.3,86,30.9,0.4,0.4,51,100,9.3,34,13.0827,80.2707
2025-10-15T12:00,27.1,83,32.0,0.1,0.1,51,100,8.2,38,13.0827,80.2707
2025-10-15T13:00,28.2,78,32.4,0.1,0.1,51,100,12.4,42,13.0827,80.2707
2025-10-15T14:00,27.8,78,31.4,0.4,0.4,51,100,15.3,32,13.0827,80.2707
2025-10-15T15:00,27.3,80,30.4,0.3,0.3,51,100,18.0,37,13.0827,80.2707
2025-10-15T16:00,26.9,84,31.1,0.9,0.9,53,100,13.2,38,13.0827,80.2707
2025-10-15T17:00,27.7,82,31.9,0.0,0.0,3,100,13.6,35,13.0827,80.2707
2025-10-15T18:00,27.3,83,31.9,0.0,0.0,3,100,11.1,40,13.0827,80.2707
2025-10-15T19:00,26.5,87,31.0,0.2,0.2,51,100,11.3,42,13.0827,80.2707
2025-10-15T20:00,26.0,90,30.8,2.7,2.7,63,100,10.2,51,13.0827,80.2707
2025-10-15T21:00,25.4,93,30.1,4.1,4.1,63,100,9.4,42,13.0827,80.2707
2025-10-15T22:00,24.9,95,30.2,6.9,6.9,63,100,5.9,43,13.0827,80.2707
2025-10-15T23:00,26.1,92,31.6,0.4,0.4,51,99,7.7,24,13.0827,80.2707
2025-10-16T00:00,26.0,92,31.1,0.1,0.1,51,100,9.3,32,13.0827,80.2707
2025-10-16T01:00,25.5,93,30.2,0.4,0.4,51,100,10.4,21,13.0827,80.2707
2025-10-16T02:00,24.8,94,29.7,4.8,4.8,63,100,7.4,360,13.0827,80.2707
2025-10-16T03:00,24.5,97,29.5,0.3,0.3,51,100,7.2,25,13.0827,80.2707
2025-10-16T04:00,24.3,95,29.3,2.5,2.5,63,100,4.6,321,13.0827,80.2707
2025-10-16T05:00,24.9,94,29.3,0.3,0.3,51,100,10.6,26,13.0827,80.2707
2025-10-16T06:00,25.1,92,30.5,0.7,0.7,53,100,3.0,65,13.0827,80.2707
2025-10-16T07:00,26.1,89,30.5,0.1,0.1,51,100,11.9,25,13.0827,80.2707
2025-10-16T08:00,27.6,83,31.9,0.1,0.1,51,100,13.6,43,13.0827,80.2707
2025-10-16T09:00,28.5,78,32.7,0.1,0.1,51,100,14.5,58,13.0827,80.2707
2025-10-16T10:00,28.9,78,33.7,0.1,0.1,51,100,14.7,62,13.0827,80.2707
2025-10-16T11:00,29.2,79,35.6,0.0,0.0,3,100,11.8,83,13.0827,80.2707
2025-10-16T12:00,28.6,79,33.7,1.8,1.8,61,100,14.6,81,13.0827,80.2707
2025-10-16T13:00,28.0,82,33.2,1.5,1.5,61,100,8.1,86,13.0827,80.2707
2025-10-16T14:00,28.5,81,33.6,0.1,0.1,51,100,11.0,96,13.0827,80.2707
2025-10-16T15:00,27.2,85,31.8,1.2,1.2,55,100,12.1,97,13.0827,80.2707
2025-10-16T16:00,27.3,83,31.7,0.2,0.2,51,100,12.2,103,13.0827,80.2707
2025-10-16T17:00,27.5,87,33.5,0.1,0.1,51,100,5.4,138,13.0827,80.2707
2025-10-16T18:00,26.4,91,31.7,1.4,1.4,61,100,8.6,110,13.0827,80.2707
2025-10-16T19:00,25.4,94,30.8,3.0,3.0,63,100,6.1,67,13.0827,80.2707
2025-10-16T20:00,25.2,95,30.6,1.4,1.4,61,100,5.6,360,13.0827,80.2707
2025-10-16T21:00,25.3,95,30.6,0.1,0.1,51,100,6.8,22,13.0827,80.2707
2025-10-16T22:00,25.4,94,30.7,0.1,0.1,51,100,7.6,28,13.0827,80.2707
2025-10-16T23:00,25.9,93,31.6,0.3,0.3,51,100,5.4,75,13.0827,80.2707
2025-10-17T00:00,25.7,94,32.0,1.0,1.0,55,99,1.0,292,13.0827,80.2707
2025-10-17T01:00,25.5,96,30.9,0.2,0.2,51,100,7.7,336,13.0827,80.2707
2025-10-17T02:00,25.0,97,30.8,1.2,1.2,55,100,4.2,7,13.0827,80.2707
2025-10-17T03:00,25.0,94,30.4,0.4,0.4,51,100,4.7,356,13.0827,80.2707
2025-10-17T04:00,24.9,94,29.7,0.9,0.9,53,100,7.9,41,13.0827,80.2707
2025-10-17T05:00,24.9,91,29.2,0.1,0.1,51,100,8.9,42,13.0827,80.2707
2025-10-17T06:00,25.0,93,29.6,3.3,3.3,63,100,9.4,342,13.0827,80.2707
2025-10-17T07:00,25.0,93,29.7,1.1,1.1,55,100,8.7,355,13.0827,80.2707
2025-10-17T08:00,25.8,90,30.2,0.7,0.7,53,100,11.6,26,13.0827,80.2707
2025-10-17T09:00,27.4,81,31.3,0.3,0.3,51,73,13.5,41,13.0827,80.2707
2025-10-17T10:00,28.0,80,32.7,0.2,0.2,51,100,13.0,61,13.0827,80.2707
2025-10-17T11:00,27.9,83,33.2,0.2,0.2,51,100,8.9,32,13.0827,80.2707
2025-10-17T12:00,28.1,80,32.5,0.2,0.2,51,100,12.7,50,13.0827,80.2707
2025-10-17T13:00,28.3,79,33.2,0.1,0.1,51,99,12.1,50,13.0827,80.2707
2025-10-17T14:00,27.7,81,31.8,0.1,0.1,51,100,13.2,51,13.0827,80.2707
2025-10-17T15:00,26.5,84,30.9,0.7,0.7,53,100,9.8,77,13.0827,80.2707
2025-10-17T16:00,26.4,85,30.6,0.5,0.5,53,100,11.6,51,13.0827,80.2707
2025-10-17T17:00,26.5,90,31.4,0.0,0.0,3,100,10.9,44,13.0827,80.2707
2025-10-17T18:00,26.2,91,30.8,0.5,0.5,53,100,12.4,41,13.0827,80.2707
2025-10-17T19:00,26.3,90,31.6,0.1,0.1,51,100,7.5,40,13.0827,80.2707
2025-10-17T20:00,25.5,92,30.6,1.6,1.6,61,100,7.1,41,13.0827,80.2707
2025-10-17T21:00,25.6,93,30.8,0.1,0.1,51,100,7.6,38,13.0827,80.2707
2025-10-17T22:00,25.1,96,31.0,0.1,0.1,51,100,2.1,31,13.0827,80.2707
2025-10-17T23:00,25.9,93,32.1,0.1,0.1,51,100,2.1,75,13.0827,80.2707
2025-10-18T00:00,25.7,94,31.8,0.1,0.1,51,100,3.0,25,13.0827,80.2707
2025-10-18T01:00,25.6,94,31.4,0.3,0.3,51,100,4.1,52,13.0827,80.2707
2025-10-18T02:00,25.6,93,31.2,0.1,0.1,51,100,4.4,32,13.0827,80.2707
2025-10-18T03:00,25.2,94,31.1,0.1,0.1,51,100,1.7,58,13.0827,80.2707
2025-10-18T04:00,24.8,95,30.4,1.7,1.7,61,100,3.1,347,13.0827,80.2707
2025-10-18T05:00,25.5,93,31.5,0.1,0.1,51,99,1.5,173,13.0827,80.2707
2025-10-18T06:00,24.7,96,29.8,4.6,4.6,63,100,6.8,307,13.0827,80.2707
2025-10-18T07:00,25.1,94,30.9,2.9,2.9,63,100,2.2,189,13.0827,80.2707
2025-10-18T08:00,25.1,94,31.0,0.6,0.6,53,100,1.5,346,13.0827,80.2707
2025-10-18T09:00,26.1,87,31.2,0.4,0.4,51,100,5.9,360,13.0827,80.2707
2025-10-18T10:00,27.0,85,32.3,0.3,0.3,51,100,5.6,42,13.0827,80.2707
2025-10-18T11:00,26.8,87,32.1,0.3,0.3,51,100,7.4,43,13.0827,80.2707
2025-10-18T12:00,27.0,86,32.4,0.7,0.7,53,100,6.6,47,13.0827,80.2707
2025-10-18T13:00,26.9,84,32.2,1.4,1.4,61,100,4.8,65,13.0827,80.2707
2025-10-18T14:00,26.7,86,32.3,1.9,1.9,61,100,3.4,58,13.0827,80.2707
2025-10-18T15:00,26.6,87,32.4,1.2,1.2,55,100,3.4,58,13.0827,80.2707
2025-10-18T16:00,26.4,86,31.8,0.6,0.6,53,100,3.9,37,13.0827,80.2707
2025-10-18T17:00,27.4,85,33.1,0.2,0.2,51,95,4.9,28,13.0827,80.2707
2025-10-18T18:00,26.7,89,32.3,0.0,0.0,3,98,6.3,39,13.0827,80.2707
2025-10-18T19:00,26.4,91,32.5,0.0,0.0,3,100,3.1,36,13.0827,80.2707
2025-10-18T20:00,26.5,90,32.5,0.0,0.0,3,100,3.5,39,13.0827,80.2707
2025-10-18T21:00,26.3,91,32.3,0.0,0.0,3,100,3.3,22,13.0827,80.2707
2025-10-18T22:00,24.7,98,30.5,9.3,9.3,65,100,3.6,96,13.0827,80.2707
2025-10-18T23:00,24.7,97,29.6,0.7,0.7,53,100,8.4,40,13.0827,80.2707
2025-10-19T00:00,25.0,94,30.7,0.2,0.2,51,100,2.7,48,13.0827,80.2707
2025-10-19T01:00,24.9,96,30.9,0.1,0.1,51,100,1.5,353,13.0827,80.2707
2025-10-19T02:00,24.8,96,30.4,0.1,0.1,51,100,4.5,310,13.0827,80.2707
2025-10-19T03:00,24.5,98,29.9,0.0,0.0,3,100,5.6,299,13.0827,80.2707
2025-10-19T04:00,24.3,98,29.5,0.1,0.1,51,100,5.5,306,13.0827,80.2707
2025-10-19T05:00,24.6,96,30.0,0.1,0.1,51,100,4.3,272,13.0827,80.2707
2025-10-19T06:00,25.1,96,31.1,0.0,0.0,3,100,1.7,302,13.0827,80.2707
2025-10-19T07:00,26.1,91,31.9,0.1,0.1,51,100,3.9,344,13.0827,80.2707
2025-10-19T08:00,26.3,88,31.9,3.6,3.6,63,100,4.5,50,13.0827,80.2707
2025-10-19T09:00,26.8,85,32.1,0.1,0.1,51,99,5.4,34,13.0827,80.2707
2025-10-19T10:00,27.9,80,32.9,0.2,0.2,51,100,8.4,59,13.0827,80.2707
2025-10-19T11:00,27.5,84,33.0,0.1,0.1,51,100,6.5,39,13.0827,80.2707
2025-10-19T12:00,28.4,81,34.4,0.3,0.3,51,100,8.0,52,13.0827,80.2707
2025-10-19T13:00,28.7,78,34.8,0.1,0.1,51,100,6.8,73,13.0827,80.2707
2025-10-19T14:00,28.4,79,33.5,0.1,0.1,51,100,7.6,76,13.0827,80.2707
2025-10-19T15:00,28.3,78,33.4,0.0,0.0,3,100,7.5,70,13.0827,80.2707
2025-10-19T16:00,27.7,81,32.7,0.0,0.0,3,100,7.7,60,13.0827,80.2707
2025-10-19T17:00,27.6,84,32.9,0.0,0.0,3,100,7.7,72,13.0827,80.2707
2025-10-19T18:00,26.9,88,32.8,0.0,0.0,3,100,3.7,39,13.0827,80.2707
2025-10-19T19:00,26.9,87,32.2,0.0,0.0,3,100,7.7,59,13.0827,80.2707
2025-10-19T20:00,27.2,84,32.1,0.0,0.0,3,100,9.2,67,13.0827,80.2707
2025-10-19T21:00,27.2,82,32.0,0.0,0.0,3,100,9.0,67,13.0827,80.2707
2025-10-19T22:00,27.1,83,32.0,0.0,0.0,3,100,8.0,56,13.0827,80.2707
2025-10-19T23:00,27.1,83,31.8,2.6,2.6,63,100,9.2,62,13.0827,80.2707
2025-10-20T00:00,26.9,84,31.7,0.0,0.0,3,100,8.9,69,13.0827,80.2707
2025-10-20T01:00,26.7,85,31.3,0.1,0.1,51,99,9.4,61,13.0827,80.2707
2025-10-20T02:00,26.1,87,30.7,0.1,0.1,51,100,9.4,73,13.0827,80.2707
2025-10-20T03:00,25.0,93,29.6,4.0,4.0,63,100,8.6,78,13.0827,80.2707
2025-10-20T04:00,24.8,92,30.0,3.5,3.5,63,100,4.2,20,13.0827,80.2707
2025-10-20T05:00,24.8,96,29.9,0.3,0.3,51,100,6.6,343,13.0827,80.2707
2025-10-20T06:00,24.3,96,29.8,4.3,4.3,63,100,2.4,306,13.0827,80.2707
2025-10-20T07:00,24.0,98,29.5,4.4,4.4,63,100,2.5,330,13.0827,80.2707
2025-10-20T08:00,25.3,90,29.9,1.0,1.0,55,100,7.1,49,13.0827,80.2707
2025-10-20T09:00,26.1,85,30.5,0.1,0.1,51,100,9.3,37,13.0827,80.2707
2025-10-20T10:00,26.2,82,30.0,1.4,1.4,61,100,10.9,45,13.0827,80.2707
2025-10-20T11:00,26.8,84,31.7,0.4,0.4,51,100,7.1,47,13.0827,80.2707
2025-10-20T12:00,27.5,82,32.4,0.1,0.1,51,100,8.4,37,13.0827,80.2707
2025-10-20T13:00,28.2,79,33.7,0.2,0.2,51,100,9.8,41,13.0827,80.2707
2025-10-20T14:00,28.1,79,32.8,0.0,0.0,3,100,10.7,45,13.0827,80.2707
2025-10-20T15:00,27.8,78,31.9,0.1,0.1,51,100,12.4,40,13.0827,80.2707
2025-10-20T16:00,27.2,81,31.0,0.0,0.0,3,98,13.9,40,13.0827,80.2707
2025-10-20T17:00,25.8,91,30.1,0.0,0.0,3,100,13.0,33,13.0827,80.2707
2025-10-20T18:00,25.8,91,30.3,0.4,0.4,51,100,11.1,36,13.0827,80.2707
2025-10-20T19:00,25.7,90,30.1,0.2,0.2,51,100,11.4,35,13.0827,80.2707
2025-10-20T20:00,24.9,92,29.4,2.0,2.0,61,100,8.8,33,13.0827,80.2707
2025-10-20T21:00,25.4,92,29.5,0.3,0.3,51,100,13.4,29,13.0827,80.2707
2025-10-20T22:00,25.7,90,29.8,0.2,0.2,51,96,13.0,41,13.0827,80.2707
2025-10-20T23:00,26.0,88,30.8,0.1,0.1,51,100,8.6,29,13.0827,80.2707
2025-10-21T00:00,26.1,88,30.6,0.2,0.2,51,91,10.7,40,13.0827,80.2707
2025-10-21T01:00,24.6,96,29.5,4.5,4.5,63,99,7.2,102,13.0827,80.2707
2025-10-21T02:00,24.7,95,29.4,2.0,2.0,61,99,8.7,30,13.0827,80.2707
2025-10-21T03:00,24.5,96,29.5,0.8,0.8,53,100,6.6,11,13.0827,80.2707
2025-10-21T04:00,24.5,97,29.4,0.4,0.4,51,100,8.1,5,13.0827,80.2707
2025-10-21T05:00,25.1,94,29.9,1.0,1.0,55,100,9.0,30,13.0827,80.2707
2025-10-21T06:00,25.1,94,29.9,0.2,0.2,51,100,9.5,36,13.0827,80.2707
2025-10-21T07:00,25.6,92,29.6,0.4,0.4,51,100,14.3,67,13.0827,80.2707
2025-10-21T08:00,25.3,93,29.0,0.9,0.9,53,100,17.0,57,13.0827,80.2707
2025-10-21T09:00,25.7,88,29.2,0.8,0.8,53,100,15.2,56,13.0827,80.2707
2025-10-21T10:00,26.6,86,30.7,0.4,0.4,51,100,13.8,48,13.0827,80.2707
2025-10-21T11:00,25.9,86,29.7,3.3,3.3,63,100,13.4,58,13.0827,80.2707
2025-10-21T12:00,26.6,85,30.9,0.7,0.7,53,100,11.8,63,13.0827,80.2707
2025-10-21T13:00,26.5,88,31.3,3.2,3.2,63,100,9.6,62,13.0827,80.2707
2025-10-21T14:00,26.2,87,30.0,4.3,4.3,63,98,14.3,78,13.0827,80.2707
2025-10-21T15:00,26.1,88,30.4,2.0,2.0,61,100,12.1,58,13.0827,80.2707
2025-10-21T16:00,26.1,87,29.8,0.2,0.2,51,100,14.7,55,13.0827,80.2707
2025-10-21T17:00,25.9,90,30.4,0.2,0.2,51,100,11.3,29,13.0827,80.2707
2025-10-21T18:00,25.7,90,29.8,0.1,0.1,51,100,13.2,34,13.0827,80.2707
2025-10-21T19:00,25.9,88,30.1,0.0,0.0,3,100,11.7,38,13.0827,80.2707
2025-10-21T20:00,26.2,85,30.3,0.1,0.1,51,100,11.9,34,13.0827,80.2707
2025-10-21T21:00,25.2,92,29.2,1.8,1.8,61,100,13.0,42,13.0827,80.2707
2025-10-21T22:00,25.1,93,28.7,1.3,1.3,61,100,16.5,44,13.0827,80.2707
2025-10-21T23:00,25.1,93,28.5,0.1,0.1,51,100,18.0,49,13.0827,80.2707
2025-10-22T00:00,25.9,90,29.2,0.3,0.3,51,100,18.7,58,13.0827,80.2707
2025-10-22T01:00,25.3,93,29.1,3.1,3.1,63,100,15.6,51,13.0827,80.2707
2025-10-22T02:00,25.6,90,28.4,5.4,5.4,63,100,21.5,67,13.0827,80.2707
2025-10-22T03:00,26.0,89,29.2,0.5,0.5,53,100,19.8,73,13.0827,80.2707
2025-10-22T04:00,25.2,91,28.4,5.6,5.6,63,100,18.2,76,13.0827,80.2707
2025-10-22T05:00,25.3,91,29.2,3.7,3.7,63,100,13.3,81,13.0827,80.2707
2025-10-22T06:00,25.5,90,29.4,0.9,0.9,53,100,13.3,91,13.0827,80.2707
2025-10-22T07:00,26.0,90,30.2,3.2,3.2,63,100,13.7,87,13.0827,80.2707
2025-10-22T08:00,26.8,88,31.4,0.4,0.4,51,100,12.9,105,13.0827,80.2707
2025-10-22T09:00,27.3,82,31.3,2.5,2.5,63,99,14.1,95,13.0827,80.2707
2025-10-22T10:00,28.0,82,33.0,1.4,1.4,61,100,10.1,90,13.0827,80.2707
2025-10-22T11:00,28.7,75,33.0,0.4,0.4,51,81,17.5,111,13.0827,80.2707
2025-10-22T12:00,28.5,79,33.1,0.3,0.3,51,85,14.1,93,13.0827,80.2707
2025-10-22T13:00,29.0,77,34.2,0.1,0.1,51,82,14.4,82,13.0827,80.2707
2025-10-22T14:00,28.7,75,32.4,0.9,0.9,53,47,15.7,88,13.0827,80.2707
2025-10-22T15:00,27.6,82,31.7,5.3,5.3,63,98,14.2,102,13.0827,80.2707
2025-10-22T16:00,27.3,85,31.9,0.3,0.3,51,92,12.7,83,13.0827,80.2707
2025-10-22T17:00,27.8,83,32.6,0.1,0.1,51,82,11.2,143,13.0827,80.2707
2025-10-22T18:00,27.6,83,32.5,0.3,0.3,51,100,10.1,151,13.0827,80.2707
2025-10-22T19:00,27.6,84,32.4,0.0,0.0,3,100,10.9,156,13.0827,80.2707
2025-10-22T20:00,27.3,87,32.6,0.4,0.4,51,95,9.9,159,13.0827,80.2707
2025-10-22T21:00,26.8,92,32.2,1.8,1.8,61,99,10.7,150,13.0827,80.2707
2025-10-22T22:00,26.6,91,32.0,1.6,1.6,61,100,9.8,134,13.0827,80.2707
2025-10-22T23:00,26.7,89,31.4,0.0,0.0,3,99,11.9,139,13.0827,80.2707
2025-10-23T00:00,26.8,88,31.7,0.0,0.0,3,100,11.0,150,13.0827,80.2707
2025-10-23T01:00,26.3,91,31.2,0.0,0.0,3,100,11.2,177,13.0827,80.2707
2025-10-23T02:00,25.9,93,30.8,0.0,0.0,3,100,11.0,198,13.0827,80.2707
2025-10-23T03:00,25.8,93,30.8,0.0,0.0,3,100,9.7,195,13.0827,80.2707
2025-10-23T04:00,25.4,94,31.1,0.1,0.1,51,99,5.0,224,13.0827,80.2707
2025-10-23T05:00,26.0,94,31.5,0.1,0.1,51,100,7.4,194,13.0827,80.2707
2025-10-23T06:00,26.0,95,31.8,0.0,0.0,3,100,6.0,201,13.0827,80.2707
2025-10-23T07:00,26.5,93,33.0,0.4,0.4,51,100,2.7,228,13.0827,80.2707
2025-10-23T08:00,26.8,91,33.5,1.0,1.0,55,100,1.1,90,13.0827,80.2707
2025-10-23T09:00,27.3,81,32.9,1.9,1.9,61,100,2.0,175,13.0827,80.2707
2025-10-23T10:00,27.5,84,33.0,1.1,1.1,55,100,6.2,144,13.0827,80.2707
2025-10-23T11:00,29.0,80,34.6,0.7,0.7,53,100,8.3,167,13.0827,80.2707
2025-10-23T12:00,27.9,84,34.1,6.0,6.0,63,100,4.5,214,13.0827,80.2707
2025-10-23T13:00,29.1,80,35.7,0.4,0.4,51,99,4.9,208,13.0827,80.2707
2025-10-23T14:00,29.8,77,36.9,0.2,0.2,51,27,3.8,172,13.0827,80.2707
2025-10-23T15:00,29.2,78,35.2,0.8,0.8,53,77,4.8,160,13.0827,80.2707
2025-10-23T16:00,28.3,81,34.4,3.3,3.3,63,20,2.6,231,13.0827,80.2707
2025-10-23T17:00,26.4,90,32.6,0.0,0.0,3,97,2.3,309,13.0827,80.2707
2025-10-23T18:00,26.1,93,32.5,0.0,0.0,3,100,1.8,307,13.0827,80.2707
2025-10-23T19:00,26.2,94,32.7,0.0,0.0,3,100,1.5,306,13.0827,80.2707
2025-10-23T20:00,26.1,93,32.4,0.0,0.0,3,99,1.9,287,13.0827,80.2707
2025-10-23T21:00,26.2,91,32.3,0.0,0.0,3,100,2.8,281,13.0827,80.2707
2025-10-23T22:00,26.0,91,31.8,0.0,0.0,3,100,4.0,291,13.0827,80.2707
2025-10-23T23:00,24.4,96,29.2,1.1,1.1,55,100,7.7,336,13.0827,80.2707
2025-10-24T00:00,24.8,97,30.7,1.1,1.1,55,100,2.9,11,13.0827,80.2707
2025-10-24T01:00,24.9,97,30.5,0.9,0.9,53,100,4.7,353,13.0827,80.2707
2025-10-24T02:00,24.8,96,30.1,0.2,0.2,51,100,5.8,344,13.0827,80.2707
2025-10-24T03:00,24.7,96,29.8,0.0,0.0,3,100,7.3,353,13.0827,80.2707
2025-10-24T04:00,24.7,96,29.7,0.0,0.0,3,100,6.8,11,13.0827,80.2707
2025-10-24T05:00,25.0,95,29.7,0.4,0.4,51,100,9.7,358,13.0827,80.2707
2025-10-24T06:00,25.0,95,29.9,0.0,0.0,3,100,8.9,346,13.0827,80.2707
2025-10-24T07:00,25.3,94,30.1,0.0,0.0,3,100,9.5,349,13.0827,80.2707
2025-10-24T08:00,26.0,91,31.1,0.0,0.0,3,100,8.0,5,13.0827,80.2707
2025-10-24T09:00,26.2,89,31.2,0.0,0.0,3,100,8.1,357,13.0827,80.2707
2025-10-24T10:00,26.7,87,32.1,0.0,0.0,3,100,5.9,349,13.0827,80.2707
2025-10-24T11:00,27.2,83,32.7,0.2,0.2,51,100,4.7,47,13.0827,80.2707
2025-10-24T12:00,27.2,83,32.7,1.0,1.0,55,100,4.4,52,13.0827,80.2707
2025-10-24T13:00,26.8,86,32.3,0.9,0.9,53,100,4.9,360,13.0827,80.2707
2025-10-24T14:00,26.9,85,32.4,0.9,0.9,53,100,4.2,25,13.0827,80.2707
2025-10-24T15:00,27.0,84,32.4,0.3,0.3,51,100,4.7,18,13.0827,80.2707
2025-10-24T16:00,26.8,85,32.4,0.1,0.1,51,100,3.7,35,13.0827,80.2707
2025-10-24T17:00,26.9,87,32.9,0.1,0.1,51,99,2.7,67,13.0827,80.2707
2025-10-24T18:00,26.1,90,31.7,0.1,0.1,51,100,4.0,30,13.0827,80.2707
2025-10-24T19:00,26.0,90,32.2,0.0,0.0,3,100,0.2,270,13.0827,80.2707
2025-10-24T20:00,25.8,91,31.7,0.0,0.0,3,100,2.2,235,13.0827,80.2707
2025-10-24T21:00,25.6,92,31.3,0.0,0.0,3,100,3.1,230,13.0827,80.2707
2025-10-24T22:00,25.3,94,31.2,0.0,0.0,3,100,2.2,256,13.0827,80.2707
2025-10-24T23:00,25.1,94,30.7,0.0,0.0,3,98,3.8,270,13.0827,80.2707
2025-10-25T00:00,24.9,94,30.1,0.0,0.0,3,100,4.8,259,13.0827,80.2707
2025-10-25T01:00,24.6,95,29.9,0.0,0.0,3,100,3.8,273,13.0827,80.2707
2025-10-25T02:00,24.6,95,29.8,0.0,0.0,3,99,4.8,292,13.0827,80.2707
2025-10-25T03:00,24.6,95,29.4,0.0,0.0,3,100,7.9,259,13.0827,80.2707
2025-10-25T04:00,24.3,95,28.7,0.0,0.0,2,52,9.5,271,13.0827,80.2707
2025-10-25T05:00,25.2,94,30.6,0.0,0.0,3,100,6.2,296,13.0827,80.2707
2025-10-25T06:00,25.3,95,30.9,0.1,0.1,51,95,4.7,261,13.0827,80.2707
2025-10-25T07:00,25.9,91,31.0,0.2,0.2,51,100,8.1,246,13.0827,80.2707
2025-10-25T08:00,26.7,87,32.4,0.0,0.0,3,100,4.1,304,13.0827,80.2707
2025-10-25T09:00,27.6,86,33.5,0.2,0.2,51,100,6.3,360,13.0827,80.2707
2025-10-25T10:00,28.0,85,34.1,0.3,0.3,51,100,5.4,345,13.0827,80.2707
2025-10-25T11:00,28.1,80,32.8,8.6,8.6,65,99,11.3,9,13.0827,80.2707
2025-10-25T12:00,26.2,87,31.0,5.9,5.9,63,100,8.0,278,13.0827,80.2707
2025-10-25T13:00,27.1,85,32.4,2.4,2.4,61,99,6.7,66,13.0827,80.2707
2025-10-25T14:00,28.2,81,33.7,0.1,0.1,51,99,8.9,42,13.0827,80.2707
2025-10-25T15:00,27.8,83,33.1,0.2,0.2,51,52,7.9,24,13.0827,80.2707
2025-10-25T16:00,28.0,81,33.4,0.0,0.0,3,94,6.4,32,13.0827,80.2707
2025-10-25T17:00,26.6,89,32.8,0.3,0.3,51,98,2.3,302,13.0827,80.2707
2025-10-25T18:00,26.6,91,32.0,0.0,0.0,3,100,8.6,57,13.0827,80.2707
2025-10-25T19:00,26.4,91,31.8,0.0,0.0,3,100,7.5,44,13.0827,80.2707
2025-10-25T20:00,26.5,90,32.1,0.0,0.0,3,100,6.6,43,13.0827,80.2707
2025-10-25T21:00,26.3,91,32.4,0.1,0.1,51,100,3.1,24,13.0827,80.2707
2025-10-25T22:00,26.1,93,31.7,0.0,0.0,3,100,7.1,297,13.0827,80.2707
2025-10-25T23:00,25.2,96,30.5,0.0,0.0,3,100,6.6,305,13.0827,80.2707
2025-10-26T00:00,25.4,95,30.6,0.0,0.0,3,100,7.9,303,13.0827,80.2707
2025-10-26T01:00,25.4,96,30.9,0.0,0.0,3,100,6.7,322,13.0827,80.2707
2025-10-26T02:00,25.4,96,30.9,0.0,0.0,3,100,6.4,333,13.0827,80.2707
2025-10-26T03:00,25.2,96,30.4,0.0,0.0,3,92,8.2,350,13.0827,80.2707
2025-10-26T04:00,25.3,95,30.3,0.0,0.0,3,99,9.7,356,13.0827,80.2707
2025-10-26T05:00,25.5,95,30.5,0.0,0.0,1,48,9.4,359,13.0827,80.2707
2025-10-26T06:00,25.5,96,30.7,0.0,0.0,2,77,8.9,324,13.0827,80.2707
2025-10-26T07:00,26.3,94,31.7,0.0,0.0,3,99,9.2,327,13.0827,80.2707
2025-10-26T08:00,27.6,89,33.1,0.1,0.1,51,99,10.6,15,13.0827,80.2707
2025-10-26T09:00,26.6,84,31.1,0.5,0.5,53,100,10.2,18,13.0827,80.2707
2025-10-26T10:00,27.1,82,32.0,0.0,0.0,3,100,7.2,356,13.0827,80.2707
2025-10-26T11:00,29.0,78,35.5,0.0,0.0,3,100,7.3,7,13.0827,80.2707
2025-10-26T12:00,29.9,75,37.1,0.0,0.0,3,100,7.3,17,13.0827,80.2707
2025-10-26T13:00,29.8,75,36.3,0.1,0.1,51,100,9.3,25,13.0827,80.2707
2025-10-26T14:00,29.1,77,34.2,0.1,0.1,51,100,9.5,11,13.0827,80.2707
2025-10-26T15:00,28.9,74,33.4,0.1,0.1,51,100,10.2,24,13.0827,80.2707
2025-10-26T16:00,28.4,77,33.3,0.0,0.0,3,100,8.4,31,13.0827,80.2707
2025-10-26T17:00,26.4,91,32.7,0.0,0.0,3,100,1.8,315,13.0827,80.2707
2025-10-26T18:00,25.9,93,31.9,0.0,0.0,3,100,3.2,286,13.0827,80.2707
2025-10-26T19:00,25.8,93,31.7,0.0,0.0,3,100,4.3,360,13.0827,80.2707
2025-10-26T20:00,26.0,93,31.4,0.0,0.0,3,100,7.0,4,13.0827,80.2707
2025-10-26T21:00,26.0,92,31.4,0.0,0.0,3,100,7.4,353,13.0827,80.2707
2025-10-26T22:00,26.2,92,31.5,0.0,0.0,3,100,8.1,359,13.0827,80.2707
2025-10-26T23:00,26.0,93,31.3,0.0,0.0,3,100,8.9,335,13.0827,80.2707
2025-10-27T00:00,25.7,95,31.2,0.0,0.0,3,100,7.5,323,13.0827,80.2707
2025-10-27T01:00,25.3,96,30.6,0.0,0.0,3,100,8.1,305,13.0827,80.2707
2025-10-27T02:00,25.0,95,29.9,0.0,0.0,3,100,8.6,303,13.0827,80.2707
2025-10-27T03:00,24.9,94,29.5,0.2,0.2,51,100,9.4,302,13.0827,80.2707
2025-10-27T04:00,24.9,94,29.4,0.5,0.5,53,100,10.0,321,13.0827,80.2707
2025-10-27T05:00,24.9,94,29.3,0.9,0.9,53,100,10.7,316,13.0827,80.2707
2025-10-27T06:00,24.6,96,29.0,0.8,0.8,53,100,12.0,344,13.0827,80.2707
2025-10-27T07:00,24.6,96,28.4,1.2,1.2,55,100,14.8,336,13.0827,80.2707
2025-10-27T08:00,24.8,96,28.6,1.1,1.1,55,100,15.7,338,13.0827,80.2707
2025-10-27T09:00,24.9,97,29.1,1.2,1.2,55,100,14.2,330,13.0827,80.2707
2025-10-27T10:00,25.4,94,29.4,1.0,1.0,55,100,15.4,325,13.0827,80.2707
2025-10-27T11:00,25.9,96,30.7,0.4,0.4,51,100,14.1,317,13.0827,80.2707
2025-10-27T12:00,25.9,94,30.1,1.9,1.9,61,100,16.8,318,13.0827,80.2707
2025-10-27T13:00,25.9,90,29.6,1.1,1.1,55,100,17.4,315,13.0827,80.2707
2025-10-27T14:00,26.1,89,29.8,0.5,0.5,53,100,16.4,317,13.0827,80.2707
2025-10-27T15:00,26.4,89,30.4,0.2,0.2,51,100,15.5,308,13.0827,80.2707
2025-10-27T16:00,25.8,89,29.6,1.4,1.4,61,100,15.7,314,13.0827,80.2707
2025-10-27T17:00,25.5,91,29.5,2.2,2.2,61,100,14.6,326,13.0827,80.2707
2025-10-27T18:00,25.0,91,28.1,4.6,4.6,63,100,17.5,321,13.0827,80.2707
2025-10-27T19:00,24.2,87,25.9,5.6,5.6,63,100,21.1,305,13.0827,80.2707
2025-10-27T20:00,23.3,85,24.0,7.6,7.6,65,100,23.3,312,13.0827,80.2707
2025-10-27T21:00,22.9,86,23.3,6.1,6.1,63,100,24.7,311,13.0827,80.2707
2025-10-27T22:00,23.4,80,23.2,2.9,2.9,63,100,26.7,311,13.0827,80.2707
2025-10-27T23:00,23.4,84,24.9,3.5,3.5,63,100,17.3,303,13.0827,80.2707
2025-10-28T00:00,22.8,87,24.5,2.4,2.4,61,100,16.4,308,13.0827,80.2707
2025-10-28T01:00,23.6,80,24.0,1.9,1.9,61,100,23.1,318,13.0827,80.2707
2025-10-28T02:00,23.6,79,25.2,1.2,1.2,55,100,14.2,288,13.0827,80.2707
2025-10-28T03:00,23.0,93,26.3,2.6,2.6,63,100,10.5,294,13.0827,80.2707
2025-10-28T04:00,22.7,92,25.8,3.8,3.8,63,100,10.2,311,13.0827,80.2707
2025-10-28T05:00,23.4,93,26.7,2.8,2.8,63,100,11.3,260,13.0827,80.2707
2025-10-28T06:00,24.3,91,26.7,4.2,4.2,63,100,19.7,274,13.0827,80.2707
2025-10-28T07:00,24.2,90,25.6,3.8,3.8,63,100,25.3,287,13.0827,80.2707
2025-10-28T08:00,24.1,91,26.2,4.8,4.8,63,100,20.9,295,13.0827,80.2707
2025-10-28T09:00,24.2,91,25.8,5.2,5.2,63,100,24.8,279,13.0827,80.2707
2025-10-28T10:00,24.4,92,26.6,4.2,4.2,63,100,22.5,273,13.0827,80.2707
2025-10-28T11:00,24.4,91,25.8,3.3,3.3,63,100,27.9,276,13.0827,80.2707
2025-10-28T12:00,24.3,86,24.5,3.5,3.5,63,100,30.7,275,13.0827,80.2707
2025-10-28T13:00,24.3,82,24.5,1.9,1.9,61,100,28.4,278,13.0827,80.2707
2025-10-28T14:00,24.5,83,25.1,2.4,2.4,61,100,27.1,275,13.0827,80.2707
2025-10-28T15:00,24.9,83,26.1,1.6,1.6,61,100,24.1,261,13.0827,80.2707
2025-10-28T16:00,24.8,84,26.7,0.6,0.6,53,100,20.2,259,13.0827,80.2707
2025-10-28T17:00,25.0,90,28.8,0.3,0.3,51,100,12.6,248,13.0827,80.2707
2025-10-28T18:00,24.7,94,28.6,0.5,0.5,53,100,12.9,216,13.0827,80.2707
2025-10-28T19:00,24.7,92,28.8,0.2,0.2,51,100,10.9,225,13.0827,80.2707
2025-10-28T20:00,24.7,91,28.8,0.2,0.2,51,100,9.6,233,13.0827,80.2707
2025-10-28T21:00,24.7,93,28.8,0.0,0.0,3,100,11.0,238,13.0827,80.2707
2025-10-28T22:00,25.0,92,29.2,0.0,0.0,3,100,11.7,239,13.0827,80.2707
2025-10-28T23:00,25.9,91,30.2,0.0,0.0,3,100,13.5,224,13.0827,80.2707
2025-10-29T00:00,25.8,89,29.9,0.0,0.0,3,100,12.5,226,13.0827,80.2707
2025-10-29T01:00,25.5,88,29.4,0.0,0.0,3,100,12.2,233,13.0827,80.2707
2025-10-29T02:00,25.2,87,29.0,0.0,0.0,3,100,11.0,230,13.0827,80.2707
2025-10-29T03:00,24.9,87,28.6,0.0,0.0,3,100,10.6,226,13.0827,80.2707
2025-10-29T04:00,24.5,87,28.1,0.0,0.0,3,100,9.5,217,13.0827,80.2707
2025-10-29T05:00,24.9,87,28.3,0.0,0.0,3,100,12.1,208,13.0827,80.2707
2025-10-29T06:00,24.9,85,27.8,0.0,0.0,3,100,14.7,209,13.0827,80.2707
2025-10-29T07:00,26.3,80,29.2,0.0,0.0,3,100,15.4,214,13.0827,80.2707
2025-10-29T08:00,28.0,77,31.9,0.0,0.0,3,100,12.4,214,13.0827,80.2707
2025-10-29T09:00,29.6,71,33.6,0.0,0.0,3,100,12.9,213,13.0827,80.2707
2025-10-29T10:00,30.8,63,35.2,0.0,0.0,3,91,14.0,221,13.0827,80.2707
2025-10-29T11:00,31.2,57,35.1,0.0,0.0,3,91,16.6,236,13.0827,80.2707
2025-10-29T12:00,31.8,54,35.8,0.0,0.0,0,13,15.1,245,13.0827,80.2707
2025-10-29T13:00,32.4,52,35.9,0.0,0.0,2,61,15.5,248,13.0827,80.2707
2025-10-29T14:00,32.2,55,35.4,0.0,0.0,0,9,12.3,235,13.0827,80.2707
2025-10-29T15:00,31.5,60,35.3,0.0,0.0,0,9,9.9,182,13.0827,80.2707
2025-10-29T16:00,29.6,79,34.6,0.0,0.0,1,29,13.8,154,13.0827,80.2707
2025-10-29T17:00,28.9,85,34.4,0.0,0.0,2,73,13.3,159,13.0827,80.2707
2025-10-29T18:00,27.9,87,32.7,0.0,0.0,0,1,15.5,175,13.0827,80.2707
2025-10-29T19:00,26.8,89,30.8,0.0,0.0,0,1,17.9,185,13.0827,80.2707
2025-10-29T20:00,26.0,88,30.0,0.0,0.0,2,69,13.0,182,13.0827,80.2707
2025-10-29T21:00,26.1,90,30.3,0.0,0.0,1,40,14.1,184,13.0827,80.2707
2025-10-29T22:00,26.3,91,30.7,0.0,0.0,0,2,14.7,191,13.0827,80.2707
2025-10-29T23:00,27.0,90,31.9,0.0,0.0,0,9,13.2,190,13.0827,80.2707
2025-10-30T00:00,26.6,90,31.5,0.0,0.0,0,2,12.1,201,13.0827,80.2707
2025-10-30T01:00,26.1,93,31.2,0.0,0.0,0,1,10.6,204,13.0827,80.2707
2025-10-30T02:00,25.7,95,30.7,0.0,0.0,0,0,10.0,210,13.0827,80.2707
2025-10-30T03:00,25.5,95,30.5,0.0,0.0,2,66,9.7,222,13.0827,80.2707
2025-10-30T04:00,25.2,96,30.3,0.0,0.0,1,43,8.7,230,13.0827,80.2707
2025-10-30T05:00,25.3,97,30.5,0.0,0.0,1,49,9.2,206,13.0827,80.2707
2025-10-30T06:00,25.4,96,30.7,0.0,0.0,1,33,8.2,229,13.0827,80.2707
2025-10-30T07:00,26.2,94,31.7,0.0,0.0,0,13,8.6,234,13.0827,80.2707
2025-10-30T08:00,27.8,88,33.9,0.0,0.0,0,13,7.9,235,13.0827,80.2707
2025-10-30T09:00,29.7,72,35.1,0.0,0.0,0,0,6.6,227,13.0827,80.2707
2025-10-30T10:00,30.8,63,36.6,0.0,0.0,0,0,6.2,240,13.0827,80.2707
2025-10-30T11:00,32.1,55,37.8,0.0,0.0,0,3,7.2,235,13.0827,80.2707
2025-10-30T12:00,32.8,50,37.7,0.0,0.0,0,12,8.5,226,13.0827,80.2707
2025-10-30T13:00,32.5,50,37.0,0.0,0.0,1,34,8.6,211,13.0827,80.2707
2025-10-30T14:00,31.8,56,35.9,0.0,0.0,1,45,7.9,167,13.0827,80.2707
2025-10-30T15:00,30.8,68,35.8,0.1,0.1,51,34,7.6,155,13.0827,80.2707
2025-10-30T16:00,29.3,75,33.9,0.0,0.0,1,23,10.9,146,13.0827,80.2707
2025-10-30T17:00,28.9,82,34.4,0.0,0.0,0,13,10.3,155,13.0827,80.2707
2025-10-30T18:00,28.4,84,33.6,0.0,0.0,0,3,12.1,152,13.0827,80.2707
2025-10-30T19:00,28.1,81,33.1,0.0,0.0,1,28,10.3,151,13.0827,80.2707
2025-10-30T20:00,27.8,84,33.0,0.0,0.0,1,20,9.5,151,13.0827,80.2707
2025-10-30T21:00,27.5,86,32.9,0.0,0.0,0,0,8.6,151,13.0827,80.2707
2025-10-30T22:00,27.3,87,32.8,0.0,0.0,0,0,8.0,152,13.0827,80.2707
2025-10-30T23:00,27.3,88,33.1,0.0,0.0,0,13,7.0,183,13.0827,80.2707
2025-10-31T00:00,27.1,89,32.9,0.0,0.0,1,43,6.7,200,13.0827,80.2707
2025-10-31T01:00,26.6,90,32.2,0.0,0.0,0,0,7.0,212,13.0827,80.2707
2025-10-31T02:00,26.2,91,31.5,0.0,0.0,0,0,7.8,228,13.0827,80.2707
2025-10-31T03:00,25.7,93,30.9,0.0,0.0,0,0,7.7,239,13.0827,80.2707
2025-10-31T04:00,25.4,94,30.7,0.0,0.0,0,0,7.3,230,13.0827,80.2707
2025-10-31T05:00,25.4,95,30.9,0.0,0.0,0,0,6.0,241,13.0827,80.2707
2025-10-31T06:00,25.6,94,31.2,0.0,0.0,0,0,6.1,246,13.0827,80.2707
2025-10-31T07:00,26.7,93,33.0,0.0,0.0,0,0,4.0,243,13.0827,80.2707
2025-10-31T08:00,28.4,85,34.9,0.0,0.0,0,0,4.1,241,13.0827,80.2707
2025-10-31T09:00,30.0,76,36.3,0.0,0.0,0,0,6.1,251,13.0827,80.2707
2025-10-31T10:00,31.1,67,37.8,0.0,0.0,0,0,5.5,257,13.0827,80.2707
2025-10-31T11:00,32.1,55,37.6,0.0,0.0,0,3,8.3,264,13.0827,80.2707
2025-10-31T12:00,32.8,50,37.7,0.0,0.0,0,0,9.0,272,13.0827,80.2707
2025-10-31T13:00,33.2,47,37.9,0.0,0.0,0,0,7.0,280,13.0827,80.2707
2025-10-31T14:00,33.1,47,37.9,0.0,0.0,0,0,2.3,302,13.0827,80.2707
2025-10-31T15:00,32.2,53,36.4,0.0,0.0,0,0,3.1,114,13.0827,80.2707
2025-10-31T16:00,30.3,76,36.3,0.0,0.0,0,4,8.0,126,13.0827,80.2707
2025-10-31T17:00,28.9,90,35.4,0.0,0.0,0,2,10.5,127,13.0827,80.2707
2025-10-31T18:00,27.9,89,33.4,0.0,0.0,0,0,12.1,162,13.0827,80.2707
2025-10-31T19:00,27.8,88,33.7,0.0,0.0,0,0,7.9,131,13.0827,80.2707
2025-10-31T20:00,27.6,90,33.8,0.0,0.0,0,0,7.4,104,13.0827,80.2707
2025-10-31T21:00,27.5,91,33.8,0.0,0.0,0,0,7.5,123,13.0827,80.2707
2025-10-31T22:00,27.4,92,33.5,0.0,0.0,0,0,8.0,126,13.0827,80.2707
2025-10-31T23:00,27.3,93,33.8,0.0,0.0,3,88,6.5,136,13.0827,80.2707
2025-11-01T00:00,27.3,93,33.8,0.0,0.0,1,23,6.2,158,13.0827,80.2707
2025-11-01T01:00,27.2,93,33.8,0.0,0.0,1,30,4.8,167,13.0827,80.2707
2025-11-01T02:00,26.8,94,33.4,0.0,0.0,2,57,3.8,188,13.0827,80.2707
2025-11-01T03:00,26.6,95,33.0,0.0,0.0,2,66,4.6,191,13.0827,80.2707
2025-11-01T04:00,26.1,97,32.4,0.0,0.0,2,77,5.6,211,13.0827,80.2707
2025-11-01T05:00,25.7,99,31.7,0.0,0.0,2,58,7.0,238,13.0827,80.2707
2025-11-01T06:00,25.9,98,32.0,0.0,0.0,3,91,6.5,246,13.0827,80.2707
2025-11-01T07:00,26.8,95,33.3,0.0,0.0,2,55,5.8,244,13.0827,80.2707
2025-11-01T08:00,28.6,87,35.2,0.0,0.0,1,38,6.3,235,13.0827,80.2707
2025-11-01T09:00,30.0,79,36.4,0.0,0.0,1,20,8.0,222,13.0827,80.2707
2025-11-01T10:00,30.9,74,38.1,0.0,0.0,0,15,7.9,219,13.0827,80.2707
2025-11-01T11:00,31.3,71,38.5,0.1,0.1,51,77,7.4,203,13.0827,80.2707
2025-11-01T12:00,31.6,67,38.4,0.0,0.0,0,9,7.0,201,13.0827,80.2707
2025-11-01T13:00,31.9,62,38.0,0.0,0.0,0,15,5.9,191,13.0827,80.2707
2025-11-01T14:00,31.3,65,36.9,0.0,0.0,3,83,7.2,161,13.0827,80.2707
2025-11-01T15:00,30.5,75,36.3,0.5,0.5,53,88,8.8,137,13.0827,80.2707
2025-11-01T16:00,29.7,83,35.8,0.0,0.0,2,57,10.3,147,13.0827,80.2707
2025-11-01T17:00,28.7,86,34.5,0.0,0.0,0,13,11.6,156,13.0827,80.2707
2025-11-01T18:00,28.2,87,33.9,0.0,0.0,2,59,11.1,166,13.0827,80.2707
2025-11-01T19:00,28.1,89,34.0,0.0,0.0,3,97,10.7,167,13.0827,80.2707
2025-11-01T20:00,27.9,88,33.7,0.0,0.0,3,98,8.5,167,13.0827,80.2707
2025-11-01T21:00,27.7,90,33.9,0.0,0.0,3,96,7.4,180,13.0827,80.2707
2025-11-01T22:00,27.3,92,33.4,0.0,0.0,3,97,7.9,201,13.0827,80.2707
2025-11-01T23:00,27.6,92,34.2,0.0,0.0,3,100,6.7,199,13.0827,80.2707
2025-11-02T00:00,27.6,93,34.3,0.0,0.0,3,100,5.7,208,13.0827,80.2707
2025-11-02T01:00,27.2,95,34.0,0.0,0.0,3,100,4.7,238,13.0827,80.2707
2025-11-02T02:00,25.2,97,30.2,2.3,2.3,61,100,10.7,318,13.0827,80.2707
2025-11-02T03:00,25.4,95,30.8,0.6,0.6,53,100,6.6,237,13.0827,80.2707
2025-11-02T04:00,25.3,96,31.0,0.0,0.0,3,100,4.9,242,13.0827,80.2707
2025-11-02T05:00,26.7,98,33.1,0.0,0.0,3,100,7.9,229,13.0827,80.2707
2025-11-02T06:00,26.9,96,33.1,0.0,0.0,3,100,8.6,221,13.0827,80.2707
2025-11-02T07:00,27.6,90,33.8,0.0,0.0,3,100,8.0,224,13.0827,80.2707
2025-11-02T08:00,28.6,84,34.5,0.0,0.0,3,100,8.1,233,13.0827,80.2707
2025-11-02T09:00,29.9,77,35.7,0.0,0.0,3,100,8.6,229,13.0827,80.2707
2025-11-02T10:00,31.2,69,37.4,0.0,0.0,2,69,7.8,236,13.0827,80.2707
2025-11-02T11:00,31.9,59,37.6,0.0,0.0,3,91,8.9,264,13.0827,80.2707
2025-11-02T12:00,29.1,72,35.5,0.9,0.9,53,96,2.9,317,13.0827,80.2707
2025-11-02T13:00,31.0,67,37.4,0.0,0.0,3,96,7.1,196,13.0827,80.2707
2025-11-02T14:00,32.0,63,38.5,0.0,0.0,3,92,2.9,281,13.0827,80.2707
2025-11-02T15:00,30.2,66,34.0,0.7,0.7,53,100,12.4,2,13.0827,80.2707
2025-11-02T16:00,29.0,74,34.7,0.5,0.5,53,100,1.5,330,13.0827,80.2707
2025-11-02T17:00,29.8,77,36.0,0.0,0.0,3,100,5.6,117,13.0827,80.2707
2025-11-02T18:00,28.4,85,34.7,0.0,0.0,3,100,5.5,117,13.0827,80.2707
2025-11-02T19:00,28.1,85,34.4,0.0,0.0,3,100,4.0,148,13.0827,80.2707
2025-11-02T20:00,27.6,87,34.0,0.0,0.0,3,99,4.0,175,13.0827,80.2707
2025-11-02T21:00,27.1,91,33.8,0.0,0.0,3,98,2.3,209,13.0827,80.2707
2025-11-02T22:00,26.8,92,33.1,0.0,0.0,3,93,4.2,252,13.0827,80.2707
2025-11-02T23:00,27.2,91,33.3,0.0,0.0,3,96,6.9,245,13.0827,80.2707
2025-11-03T00:00,27.3,86,33.0,0.0,0.0,3,99,6.2,248,13.0827,80.2707
2025-11-03T01:00,26.5,87,31.2,0.0,0.0,3,100,9.6,286,13.0827,80.2707
2025-11-03T02:00,26.0,84,30.4,0.0,0.0,3,100,7.6,258,13.0827,80.2707
2025-11-03T03:00,25.7,84,29.8,0.0,0.0,3,100,8.0,264,13.0827,80.2707
2025-11-03T04:00,25.4,84,29.3,0.0,0.0,3,100,8.3,276,13.0827,80.2707
2025-11-03T05:00,26.5,89,31.9,0.0,0.0,3,100,6.8,235,13.0827,80.2707
2025-11-03T06:00,26.9,87,32.3,0.0,0.0,3,100,6.9,255,13.0827,80.2707
2025-11-03T07:00,27.8,86,33.5,0.0,0.0,3,100,7.7,219,13.0827,80.2707
2025-11-03T08:00,26.1,85,28.8,2.5,2.5,63,100,20.7,360,13.0827,80.2707
2025-11-03T09:00,26.7,88,32.2,2.2,2.2,61,100,6.1,304,13.0827,80.2707
2025-11-03T10:00,29.9,73,35.8,0.0,0.0,3,100,4.6,309,13.0827,80.2707
2025-11-03T11:00,32.1,62,37.3,0.0,0.0,0,19,7.7,298,13.0827,80.2707
2025-11-03T12:00,32.5,61,39.1,0.0,0.0,3,86,7.7,324,13.0827,80.2707
2025-11-03T13:00,32.5,62,39.3,0.0,0.0,1,32,6.8,343,13.0827,80.2707
2025-11-03T14:00,32.3,64,39.1,0.0,0.0,0,16,3.6,30,13.0827,80.2707
2025-11-03T15:00,27.9,84,33.6,3.1,3.1,63,53,6.7,20,13.0827,80.2707
2025-11-03T16:00,28.4,81,34.1,0.0,0.0,2,64,5.6,292,13.0827,80.2707
2025-11-03T17:00,27.5,85,32.7,0.0,0.0,3,95,9.6,303,13.0827,80.2707
2025-11-03T18:00,27.3,86,33.0,0.1,0.1,51,26,5.1,243,13.0827,80.2707
2025-11-03T19:00,27.3,86,33.2,0.1,0.1,51,66,4.2,252,13.0827,80.2707
2025-11-03T20:00,27.1,87,33.2,0.0,0.0,1,47,3.2,227,13.0827,80.2707
2025-11-03T21:00,26.8,89,32.9,0.0,0.0,2,75,3.0,232,13.0827,80.2707
2025-11-03T22:00,26.5,89,32.1,0.0,0.0,3,100,5.4,240,13.0827,80.2707
2025-11-03T23:00,27.4,88,33.2,0.0,0.0,3,100,7.4,244,13.0827,80.2707
2025-11-04T00:00,27.1,91,32.4,0.0,0.0,3,99,12.1,290,13.0827,80.2707
2025-11-04T01:00,24.2,92,28.8,12.8,12.8,65,100,5.5,27,13.0827,80.2707
2025-11-04T02:00,24.6,90,28.6,0.4,0.4,51,76,9.5,251,13.0827,80.2707
2025-11-04T03:00,24.3,91,28.4,0.0,0.0,2,77,8.7,236,13.0827,80.2707
2025-11-04T04:00,24.4,92,28.8,0.0,0.0,3,100,7.2,267,13.0827,80.2707
2025-11-04T05:00,26.6,88,31.7,0.0,0.0,3,100,8.1,257,13.0827,80.2707
2025-11-04T06:00,26.8,87,31.9,0.0,0.0,3,100,9.0,269,13.0827,80.2707
2025-11-04T07:00,27.5,85,33.2,0.0,0.0,3,100,6.0,261,13.0827,80.2707
2025-11-04T08:00,28.6,80,34.4,0.0,0.0,3,100,5.5,341,13.0827,80.2707
2025-11-04T09:00,29.0,77,34.4,0.0,0.0,3,100,6.9,354,13.0827,80.2707
2025-11-04T10:00,29.8,72,34.7,0.0,0.0,3,100,9.3,344,13.0827,80.2707
2025-11-04T11:00,30.4,69,34.9,0.0,0.0,3,100,11.2,307,13.0827,80.2707
2025-11-04T12:00,31.1,65,36.3,0.0,0.0,1,46,10.6,316,13.0827,80.2707
2025-11-04T13:00,31.6,65,37.5,0.0,0.0,1,21,9.5,335,13.0827,80.2707
2025-11-04T14:00,31.9,63,37.5,0.0,0.0,1,28,8.3,336,13.0827,80.2707
2025-11-04T15:00,31.7,63,36.7,0.0,0.0,1,22,7.3,343,13.0827,80.2707
2025-11-04T16:00,30.6,67,35.4,1.5,1.5,61,29,8.2,351,13.0827,80.2707
2025-11-04T17:00,27.2,80,31.4,3.8,3.8,63,34,11.2,237,13.0827,80.2707
2025-11-04T18:00,26.8,82,31.0,0.0,0.0,3,96,9.7,288,13.0827,80.2707
2025-11-04T19:00,26.7,82,31.0,0.0,0.0,3,95,9.4,294,13.0827,80.2707
2025-11-04T20:00,26.6,82,31.1,0.0,0.0,3,84,7.0,312,13.0827,80.2707
2025-11-04T21:00,26.5,83,31.3,0.0,0.0,3,98,5.9,305,13.0827,80.2707
2025-11-04T22:00,26.3,86,31.4,0.0,0.0,3,99,5.1,302,13.0827,80.2707
2025-11-04T23:00,26.5,89,32.4,0.0,0.0,0,16,3.7,305,13.0827,80.2707
2025-11-05T00:00,26.4,90,32.3,0.0,0.0,1,20,4.4,308,13.0827,80.2707
2025-11-05T01:00,26.0,93,32.1,0.0,0.0,2,73,2.7,293,13.0827,80.2707
2025-11-05T02:00,25.8,95,32.3,0.0,0.0,3,98,0.6,146,13.0827,80.2707
2025-11-05T03:00,25.8,93,31.2,0.0,0.0,1,40,7.7,171,13.0827,80.2707
2025-11-05T04:00,25.7,93,31.6,0.0,0.0,1,22,3.2,183,13.0827,80.2707
2025-11-05T05:00,24.2,94,29.3,0.0,0.0,3,100,2.6,236,13.0827,80.2707
2025-11-05T06:00,24.2,96,29.6,2.6,2.6,63,82,2.1,329,13.0827,80.2707
2025-11-05T07:00,25.0,93,30.3,0.1,0.1,51,19,4.7,247,13.0827,80.2707
2025-11-05T08:00,27.0,85,32.7,0.0,0.0,0,11,3.3,234,13.0827,80.2707
2025-11-05T09:00,28.9,75,34.6,0.0,0.0,0,9,3.0,245,13.0827,80.2707
2025-11-05T10:00,30.1,69,36.7,0.0,0.0,0,8,2.5,300,13.0827,80.2707
2025-11-05T11:00,28.9,73,34.8,0.0,0.0,2,55,9.1,83,13.0827,80.2707
2025-11-05T12:00,30.4,68,37.5,0.0,0.0,0,13,2.5,120,13.0827,80.2707
2025-11-05T13:00,31.2,65,38.2,0.1,0.1,51,16,3.6,87,13.0827,80.2707
2025-11-05T14:00,31.0,65,36.8,0.1,0.1,51,18,4.1,92,13.0827,80.2707
2025-11-05T15:00,30.1,69,35.0,0.1,0.1,51,52,7.0,89,13.0827,80.2707
2025-11-05T16:00,29.1,75,34.6,0.1,0.1,51,27,4.9,80,13.0827,80.2707
2025-11-05T17:00,28.7,79,35.0,0.0,0.0,1,27,0.6,146,13.0827,80.2707
2025-11-05T18:00,28.5,83,35.1,0.0,0.0,3,90,2.3,51,13.0827,80.2707
2025-11-05T19:00,28.2,83,34.3,0.0,0.0,2,66,4.4,289,13.0827,80.2707
2025-11-05T20:00,27.0,89,32.2,0.0,0.0,0,3,10.3,295,13.0827,80.2707
2025-11-05T21:00,26.1,89,31.0,0.0,0.0,1,41,8.7,283,13.0827,80.2707
2025-11-05T22:00,25.8,89,30.6,0.0,0.0,3,99,8.3,275,13.0827,80.2707
2025-11-05T23:00,25.7,94,30.3,0.0,0.0,3,98,12.2,262,13.0827,80.2707
2025-11-06T00:00,25.7,88,30.4,0.0,0.0,3,100,7.6,292,13.0827,80.2707
2025-11-06T01:00,25.2,91,29.8,0.0,0.0,3,85,8.5,17,13.0827,80.2707
2025-11-06T02:00,25.2,89,30.1,0.0,0.0,3,88,4.7,286,13.0827,80.2707
2025-11-06T03:00,25.0,92,30.4,0.0,0.0,1,22,2.9,300,13.0827,80.2707
2025-11-06T04:00,24.7,94,30.1,0.0,0.0,1,49,3.7,281,13.0827,80.2707
2025-11-06T05:00,24.5,94,29.9,0.0,0.0,2,53,1.8,6,13.0827,80.2707
2025-11-06T06:00,24.7,92,30.1,0.0,0.0,2,60,2.3,231,13.0827,80.2707
2025-11-06T07:00,25.9,89,31.3,0.0,0.0,1,23,4.1,45,13.0827,80.2707
2025-11-06T08:00,27.2,82,31.9,0.0,0.0,3,83,7.9,77,13.0827,80.2707
2025-11-06T09:00,28.3,76,33.5,0.0,0.0,3,100,4.6,42,13.0827,80.2707
2025-11-06T10:00,28.7,75,34.3,0.0,0.0,3,94,5.7,58,13.0827,80.2707
2025-11-06T11:00,28.3,73,33.7,0.1,0.1,51,39,4.3,138,13.0827,80.2707
2025-11-06T12:00,29.9,67,36.0,0.0,0.0,1,30,5.4,104,13.0827,80.2707
2025-11-06T13:00,29.9,68,35.8,0.0,0.0,0,15,7.3,110,13.0827,80.2707
2025-11-06T14:00,29.9,63,34.2,0.2,0.2,51,46,8.5,90,13.0827,80.2707
2025-11-06T15:00,28.8,70,33.2,0.4,0.4,51,50,6.4,18,13.0827,80.2707
2025-11-06T16:00,28.0,75,33.0,0.2,0.2,51,29,3.1,77,13.0827,80.2707
2025-11-06T17:00,28.4,72,32.6,0.0,0.0,2,73,7.7,311,13.0827,80.2707
2025-11-06T18:00,27.2,81,31.8,0.0,0.0,2,64,7.9,321,13.0827,80.2707
2025-11-06T19:00,26.8,83,32.1,0.0,0.0,3,100,3.7,281,13.0827,80.2707
2025-11-06T20:00,27.0,81,31.8,0.0,0.0,3,100,6.1,304,13.0827,80.2707
2025-11-06T21:00,26.8,81,31.5,0.0,0.0,3,100,6.5,318,13.0827,80.2707
2025-11-06T22:00,26.5,84,31.4,0.0,0.0,3,100,6.1,315,13.0827,80.2707
2025-11-06T23:00,26.8,86,32.3,0.0,0.0,3,100,5.2,316,13.0827,80.2707
2025-11-07T00:00,26.6,88,32.3,0.0,0.0,3,100,4.5,317,13.0827,80.2707
2025-11-07T01:00,26.4,88,31.8,0.0,0.0,3,100,5.3,298,13.0827,80.2707
2025-11-07T02:00,26.4,84,31.3,0.0,0.0,3,99,5.6,303,13.0827,80.2707
2025-11-07T03:00,26.2,84,31.1,0.0,0.0,3,99,5.1,309,13.0827,80.2707
2025-11-07T04:00,25.8,86,30.6,0.0,0.0,3,98,5.2,304,13.0827,80.2707
2025-11-07T05:00,25.6,93,31.0,0.0,0.0,3,99,6.3,294,13.0827,80.2707
2025-11-07T06:00,25.9,92,31.5,0.0,0.0,3,100,5.5,343,13.0827,80.2707
2025-11-07T07:00,27.1,84,32.6,0.0,0.0,2,72,4.7,328,13.0827,80.2707
2025-11-07T08:00,28.5,77,34.1,0.0,0.0,3,85,3.2,3,13.0827,80.2707
2025-11-07T09:00,27.3,77,31.6,2.1,2.1,61,91,7.5,125,13.0827,80.2707
2025-11-07T10:00,27.3,79,32.4,0.8,0.8,53,55,4.2,280,13.0827,80.2707
2025-11-07T11:00,29.2,74,35.2,0.0,0.0,0,13,9.8,13,13.0827,80.2707
2025-11-07T12:00,30.6,66,37.4,0.0,0.0,0,4,5.5,17,13.0827,80.2707
2025-11-07T13:00,31.0,61,36.1,0.0,0.0,1,20,11.2,42,13.0827,80.2707
2025-11-07T14:00,29.6,61,33.0,1.0,1.0,55,81,11.3,43,13.0827,80.2707
2025-11-07T15:00,29.1,69,33.4,0.5,0.5,53,31,7.7,60,13.0827,80.2707
2025-11-07T16:00,28.8,70,33.1,0.1,0.1,51,31,6.6,53,13.0827,80.2707
2025-11-07T17:00,29.4,65,33.1,0.0,0.0,2,69,7.7,41,13.0827,80.2707
2025-11-07T18:00,28.6,70,33.0,0.0,0.0,2,63,5.9,52,13.0827,80.2707
2025-11-07T19:00,28.3,71,32.6,0.0,0.0,0,3,5.7,49,13.0827,80.2707
2025-11-07T20:00,28.0,72,32.4,0.0,0.0,2,54,5.0,35,13.0827,80.2707
2025-11-07T21:00,27.7,74,32.3,0.0,0.0,2,66,4.8,25,13.0827,80.2707
2025-11-07T22:00,26.9,82,32.2,0.0,0.0,2,76,3.6,30,13.0827,80.2707
2025-11-07T23:00,27.0,79,31.9,0.0,0.0,3,84,3.5,62,13.0827,80.2707
2025-11-08T00:00,26.9,76,31.4,0.0,0.0,1,30,3.5,55,13.0827,80.2707
2025-11-08T01:00,26.4,80,31.4,0.0,0.0,2,51,2.3,29,13.0827,80.2707
2025-11-08T02:00,25.7,84,30.6,0.0,0.0,2,67,3.1,294,13.0827,80.2707
2025-11-08T03:00,25.2,87,29.8,0.0,0.0,2,59,5.2,290,13.0827,80.2707
2025-11-08T04:00,24.6,90,29.1,0.0,0.0,0,2,6.3,290,13.0827,80.2707
2025-11-08T05:00,25.1,93,30.3,0.0,0.0,0,14,5.2,326,13.0827,80.2707
2025-11-08T06:00,25.4,91,30.5,0.0,0.0,0,13,5.2,290,13.0827,80.2707
2025-11-08T07:00,26.9,81,31.8,0.0,0.0,0,13,4.6,288,13.0827,80.2707
2025-11-08T08:00,28.5,70,32.7,0.0,0.0,0,6,6.5,321,13.0827,80.2707
2025-11-08T09:00,29.8,58,32.1,0.4,0.4,51,45,12.3,357,13.0827,80.2707
2025-11-08T10:00,29.8,58,33.2,0.3,0.3,51,40,9.4,2,13.0827,80.2707
2025-11-08T11:00,30.8,50,33.3,0.2,0.2,51,20,11.8,9,13.0827,80.2707
2025-11-08T12:00,31.4,47,33.9,0.0,0.0,0,10,13.2,5,13.0827,80.2707
2025-11-08T13:00,31.9,43,33.8,0.0,0.0,0,9,13.2,12,13.0827,80.2707
2025-11-08T14:00,31.6,44,32.6,0.0,0.0,0,12,15.8,17,13.0827,80.2707
2025-11-08T15:00,30.6,48,31.3,0.0,0.0,1,22,16.1,20,13.0827,80.2707
2025-11-08T16:00,29.7,53,30.8,0.0,0.0,1,20,15.1,20,13.0827,80.2707
2025-11-08T17:00,27.9,69,30.9,0.0,0.0,1,20,11.5,25,13.0827,80.2707
2025-11-08T18:00,27.5,72,30.7,0.0,0.0,0,5,11.8,28,13.0827,80.2707
2025-11-08T19:00,27.4,72,30.5,0.0,0.0,0,1,12.0,33,13.0827,80.2707
2025-11-08T20:00,27.2,73,30.4,0.0,0.0,0,0,10.3,31,13.0827,80.2707
2025-11-08T21:00,27.0,74,30.4,0.0,0.0,0,0,10.4,34,13.0827,80.2707
2025-11-08T22:00,27.0,75,30.6,0.0,0.0,0,0,9.7,31,13.0827,80.2707
2025-11-08T23:00,27.1,74,30.6,0.0,0.0,0,8,10.1,29,13.0827,80.2707
2025-11-09T00:00,27.2,69,30.4,0.0,0.0,0,7,8.3,22,13.0827,80.2707
2025-11-09T01:00,26.7,71,30.0,0.0,0.0,0,7,7.0,3,13.0827,80.2707
2025-11-09T02:00,25.8,77,29.5,0.0,0.0,0,6,6.1,336,13.0827,80.2707
2025-11-09T03:00,25.0,82,28.8,0.0,0.0,0,5,6.6,313,13.0827,80.2707
2025-11-09T04:00,24.4,88,28.3,0.0,0.0,0,12,7.5,305,13.0827,80.2707
2025-11-09T05:00,24.9,94,29.6,0.0,0.0,0,8,8.7,326,13.0827,80.2707
2025-11-09T06:00,25.3,93,30.0,0.0,0.0,0,10,9.5,316,13.0827,80.2707
2025-11-09T07:00,26.8,83,31.3,0.0,0.0,1,37,9.4,340,13.0827,80.2707
2025-11-09T08:00,28.5,68,31.8,0.0,0.0,0,15,11.3,342,13.0827,80.2707
2025-11-09T09:00,29.5,60,32.0,0.0,0.0,1,23,12.6,5,13.0827,80.2707
2025-11-09T10:00,29.9,53,31.9,0.1,0.1,51,13,14.6,4,13.0827,80.2707
2025-11-09T11:00,29.9,57,32.4,0.1,0.1,51,6,14.1,6,13.0827,80.2707
2025-11-09T12:00,30.8,50,33.2,0.0,0.0,0,13,15.9,12,13.0827,80.2707
2025-11-09T13:00,30.4,52,32.5,0.0,0.0,1,26,16.3,17,13.0827,80.2707
2025-11-09T14:00,30.4,52,32.2,0.1,0.1,51,16,15.3,17,13.0827,80.2707
2025-11-09T15:00,29.8,55,31.2,0.1,0.1,51,30,15.4,18,13.0827,80.2707
2025-11-09T16:00,29.1,58,30.8,0.0,0.0,0,17,14.2,18,13.0827,80.2707
2025-11-09T17:00,28.5,59,30.7,0.0,0.0,0,16,11.0,5,13.0827,80.2707
2025-11-09T18:00,27.6,68,30.5,0.0,0.0,1,23,10.0,20,13.0827,80.2707
2025-11-09T19:00,27.4,68,30.2,0.0,0.0,0,9,10.1,20,13.0827,80.2707
2025-11-09T20:00,27.2,69,30.1,0.0,0.0,0,14,9.4,24,13.0827,80.2707
2025-11-09T21:00,27.0,71,30.1,0.0,0.0,0,14,9.5,19,13.0827,80.2707
2025-11-09T22:00,26.8,76,30.4,0.0,0.0,0,14,9.4,29,13.0827,80.2707
2025-11-09T23:00,26.6,78,30.5,0.0,0.0,2,79,7.7,360,13.0827,80.2707
2025-11-10T00:00,26.4,78,30.1,0.0,0.0,1,28,8.9,13,13.0827,80.2707
2025-11-10T01:00,26.2,80,30.3,0.0,0.0,0,19,7.3,10,13.0827,80.2707
2025-11-10T02:00,25.9,83,30.2,0.0,0.0,0,1,7.9,360,13.0827,80.2707
2025-11-10T03:00,25.7,85,30.1,0.0,0.0,0,5,7.2,357,13.0827,80.2707
2025-11-10T04:00,25.4,87,29.8,0.0,0.0,0,10,7.1,345,13.0827,80.2707
2025-11-10T05:00,25.7,86,30.2,0.0,0.0,1,39,8.1,348,13.0827,80.2707
2025-11-10T06:00,26.0,83,30.1,0.0,0.0,1,28,8.3,347,13.0827,80.2707
2025-11-10T07:00,27.2,78,31.4,0.0,0.0,2,71,8.0,355,13.0827,80.2707
2025-11-10T08:00,28.6,69,32.1,0.1,0.1,51,67,11.6,4,13.0827,80.2707
2025-11-10T09:00,29.9,61,32.4,0.0,0.0,2,72,13.8,12,13.0827,80.2707
2025-11-10T10:00,30.4,58,32.9,0.1,0.1,51,34,15.4,21,13.0827,80.2707
2025-11-10T11:00,29.8,60,33.4,0.3,0.3,51,18,14.2,18,13.0827,80.2707
2025-11-10T12:00,30.4,58,34.1,0.1,0.1,51,41,14.8,22,13.0827,80.2707
2025-11-10T13:00,30.5,58,34.0,0.1,0.1,51,66,14.0,20,13.0827,80.2707
2025-11-10T14:00,30.0,60,32.9,0.1,0.1,51,38,15.2,24,13.0827,80.2707
2025-11-10T15:00,29.5,61,31.7,0.0,0.0,1,23,15.1,18,13.0827,80.2707
2025-11-10T16:00,28.8,64,31.3,0.1,0.1,51,22,14.2,18,13.0827,80.2707
2025-11-10T17:00,28.3,67,31.1,0.0,0.0,3,95,13.1,18,13.0827,80.2707
2025-11-10T18:00,27.8,71,31.0,0.0,0.0,3,95,11.9,14,13.0827,80.2707
2025-11-10T19:00,27.6,73,31.0,0.0,0.0,2,63,11.1,8,13.0827,80.2707
2025-11-10T20:00,27.2,76,30.8,0.0,0.0,3,93,10.7,37,13.0827,80.2707
2025-11-10T21:00,26.4,80,30.1,0.1,0.1,51,52,10.6,55,13.0827,80.2707
2025-11-10T22:00,26.6,79,30.5,0.1,0.1,51,86,9.5,15,13.0827,80.2707
2025-11-10T23:00,25.8,85,29.2,0.0,0.0,1,23,14.0,36,13.0827,80.2707
2025-11-11T00:00,25.9,83,29.6,0.0,0.0,1,36,11.2,30,13.0827,80.2707
2025-11-11T01:00,25.9,83,29.8,0.0,0.0,2,59,9.9,16,13.0827,80.2707
2025-11-11T02:00,26.0,83,29.9,0.0,0.0,3,83,10.0,21,13.0827,80.2707
2025-11-11T03:00,26.3,82,30.1,0.0,0.0,2,65,10.7,30,13.0827,80.2707
2025-11-11T04:00,26.3,81,30.2,0.0,0.0,1,44,9.8,38,13.0827,80.2707
2025-11-11T05:00,26.0,86,30.5,0.0,0.0,0,14,8.0,352,13.0827,80.2707
2025-11-11T06:00,26.0,86,30.7,0.0,0.0,1,41,7.2,325,13.0827,80.2707
2025-11-11T07:00,27.0,81,31.5,0.0,0.0,1,27,7.8,323,13.0827,80.2707
2025-11-11T08:00,28.4,72,32.5,0.0,0.0,1,27,9.0,347,13.0827,80.2707
2025-11-11T09:00,29.6,68,33.7,0.1,0.1,51,30,9.7,356,13.0827,80.2707
2025-11-11T10:00,30.5,64,34.7,0.2,0.2,51,36,10.6,10,13.0827,80.2707
2025-11-11T11:00,30.5,63,34.7,0.2,0.2,51,30,13.4,22,13.0827,80.2707
2025-11-11T12:00,31.4,57,35.2,0.0,0.0,1,30,13.5,34,13.0827,80.2707
2025-11-11T13:00,30.5,56,33.1,0.1,0.1,51,34,15.1,23,13.0827,80.2707
2025-11-11T14:00,30.2,59,32.6,0.4,0.4,51,38,14.5,22,13.0827,80.2707
2025-11-11T15:00,30.0,60,32.3,0.2,0.2,51,18,15.6,24,13.0827,80.2707
2025-11-11T16:00,29.5,61,31.9,0.0,0.0,0,16,14.3,27,13.0827,80.2707
2025-11-11T17:00,27.6,77,31.7,0.0,0.0,2,69,10.0,36,13.0827,80.2707
2025-11-11T18:00,27.4,78,31.5,0.0,0.0,2,59,9.9,22,13.0827,80.2707
2025-11-11T19:00,27.0,80,31.4,0.0,0.0,2,59,9.2,12,13.0827,80.2707
2025-11-11T20:00,26.9,82,31.8,0.0,0.0,3,100,6.5,6,13.0827,80.2707
2025-11-11T21:00,27.1,82,32.0,0.1,0.1,51,52,6.9,9,13.0827,80.2707
2025-11-11T22:00,27.3,81,32.2,0.0,0.0,2,66,6.8,22,13.0827,80.2707
2025-11-11T23:00,26.9,83,31.7,0.0,0.0,2,52,7.4,29,13.0827,80.2707
2025-11-12T00:00,27.4,77,31.2,0.0,0.0,2,51,11.2,38,13.0827,80.2707
2025-11-12T01:00,27.3,76,31.0,0.0,0.0,2,54,11.2,37,13.0827,80.2707
2025-11-12T02:00,27.1,77,30.8,0.0,0.0,2,55,11.8,38,13.0827,80.2707
2025-11-12T03:00,27.0,78,30.5,0.0,0.0,1,41,12.6,37,13.0827,80.2707
2025-11-12T04:00,26.9,78,30.5,0.0,0.0,1,39,11.9,38,13.0827,80.2707
2025-11-12T05:00,26.9,80,30.8,0.0,0.0,1,34,11.4,27,13.0827,80.2707
2025-11-12T06:00,27.2,79,30.9,0.0,0.0,1,31,12.3,29,13.0827,80.2707
2025-11-12T07:00,28.5,71,31.6,0.0,0.0,1,20,14.5,36,13.0827,80.2707
2025-11-12T08:00,29.4,67,32.3,0.0,0.0,1,24,15.5,46,13.0827,80.2707
2025-11-12T09:00,30.0,63,32.6,0.0,0.0,0,16,16.3,48,13.0827,80.2707
2025-11-12T10:00,30.5,61,33.6,0.0,0.0,0,9,15.9,48,13.0827,80.2707
2025-11-12T11:00,30.7,61,34.7,0.0,0.0,0,16,15.1,38,13.0827,80.2707
2025-11-12T12:00,30.8,61,35.1,0.0,0.0,1,34,15.5,39,13.0827,80.2707
2025-11-12T13:00,30.6,62,34.3,0.1,0.1,51,42,16.5,39,13.0827,80.2707
2025-11-12T14:00,30.0,64,32.7,0.1,0.1,51,36,16.8,42,13.0827,80.2707
2025-11-12T15:00,29.6,64,32.0,0.0,0.0,1,40,17.4,43,13.0827,80.2707
2025-11-12T16:00,29.1,65,31.6,0.0,0.0,1,34,16.3,43,13.0827,80.2707
2025-11-12T17:00,28.6,70,31.9,0.0,0.0,1,34,13.0,44,13.0827,80.2707
2025-11-12T18:00,28.2,71,31.6,0.0,0.0,1,49,11.8,44,13.0827,80.2707
2025-11-12T19:00,28.0,72,31.6,0.0,0.0,3,90,10.8,43,13.0827,80.2707
2025-11-12T20:00,27.8,72,31.2,0.0,0.0,2,63,10.7,41,13.0827,80.2707
2025-11-12T21:00,27.7,72,31.2,0.0,0.0,1,31,10.2,44,13.0827,80.2707
2025-11-12T22:00,27.5,73,31.0,0.0,0.0,0,13,10.3,44,13.0827,80.2707
2025-11-12T23:00,27.4,75,31.4,0.0,0.0,1,30,8.6,39,13.0827,80.2707
2025-11-13T00:00,26.9,77,30.2,0.0,0.0,2,57,12.5,35,13.0827,80.2707
2025-11-13T01:00,26.4,79,30.4,0.0,0.0,3,99,8.5,46,13.0827,80.2707
2025-11-13T02:00,26.2,82,30.5,0.0,0.0,3,84,7.0,35,13.0827,80.2707
2025-11-13T03:00,25.2,86,28.9,0.1,0.1,51,50,11.0,55,13.0827,80.2707
2025-11-13T04:00,25.2,84,29.5,0.1,0.1,51,13,5.7,55,13.0827,80.2707
2025-11-13T05:00,25.1,88,29.3,0.0,0.0,2,55,7.9,347,13.0827,80.2707
2025-11-13T06:00,24.8,90,29.0,0.1,0.1,51,60,8.7,315,13.0827,80.2707
2025-11-13T07:00,26.2,83,30.8,0.0,0.0,1,23,6.7,358,13.0827,80.2707
2025-11-13T08:00,27.7,75,31.9,0.0,0.0,1,30,8.4,15,13.0827,80.2707
2025-11-13T09:00,27.0,75,29.8,0.2,0.2,51,69,15.5,20,13.0827,80.2707
2025-11-13T10:00,28.3,70,31.4,0.1,0.1,51,30,12.9,27,13.0827,80.2707
2025-11-13T11:00,29.1,69,33.4,0.0,0.0,1,41,13.1,49,13.0827,80.2707
2025-11-13T12:00,29.3,67,33.4,0.1,0.1,51,22,14.0,55,13.0827,80.2707
2025-11-13T13:00,29.5,64,33.0,0.0,0.0,1,30,16.2,55,13.0827,80.2707
2025-11-13T14:00,29.3,63,31.5,0.0,0.0,0,16,15.9,56,13.0827,80.2707
2025-11-13T15:00,29.0,63,31.0,0.0,0.0,0,19,17.3,52,13.0827,80.2707
2025-11-13T16:00,28.4,65,30.4,0.0,0.0,1,33,16.5,51,13.0827,80.2707
2025-11-13T17:00,27.8,72,30.3,0.0,0.0,1,29,16.6,58,13.0827,80.2707
2025-11-13T18:00,27.6,70,30.0,0.0,0.0,1,33,15.8,54,13.0827,80.2707
2025-11-13T19:00,27.7,66,29.6,0.0,0.0,1,32,15.6,51,13.0827,80.2707
2025-11-13T20:00,27.5,64,29.3,0.0,0.0,1,20,14.6,45,13.0827,80.2707
2025-11-13T21:00,27.3,65,29.1,0.0,0.0,0,10,14.1,43,13.0827,80.2707
2025-11-13T22:00,27.0,66,28.9,0.0,0.0,1,20,14.4,44,13.0827,80.2707
2025-11-13T23:00,26.8,70,28.9,0.0,0.0,0,16,15.0,47,13.0827,80.2707
2025-11-14T00:00,26.6,70,28.6,0.0,0.0,1,27,15.2,50,13.0827,80.2707
2025-11-14T01:00,26.6,69,28.3,0.0,0.0,0,6,16.4,50,13.0827,80.2707
2025-11-14T02:00,26.5,66,27.8,0.0,0.0,0,2,15.8,47,13.0827,80.2707
2025-11-14T03:00,26.2,62,27.1,0.0,0.0,0,1,14.9,43,13.0827,80.2707
2025-11-14T04:00,26.0,62,26.8,0.0,0.0,0,1,14.8,40,13.0827,80.2707
2025-11-14T05:00,26.2,62,26.9,0.0,0.0,0,1,15.5,31,13.0827,80.2707
2025-11-14T06:00,26.4,60,26.9,0.0,0.0,0,0,16.1,34,13.0827,80.2707
2025-11-14T07:00,27.5,54,27.4,0.0,0.0,0,0,18.3,37,13.0827,80.2707
2025-11-14T08:00,28.3,51,27.9,0.0,0.0,1,21,20.3,37,13.0827,80.2707
2025-11-14T09:00,29.1,48,28.5,0.0,0.0,0,16,20.9,36,13.0827,80.2707
2025-11-14T10:00,29.6,47,29.8,0.0,0.0,1,32,21.1,36,13.0827,80.2707
2025-11-14T11:00,29.7,47,30.4,0.0,0.0,1,35,20.8,30,13.0827,80.2707
2025-11-14T12:00,29.9,46,30.7,0.0,0.0,1,36,20.0,27,13.0827,80.2707
2025-11-14T13:00,30.0,44,30.3,0.0,0.0,2,55,20.0,27,13.0827,80.2707
2025-11-14T14:00,29.6,46,29.5,0.0,0.0,1,45,20.1,27,13.0827,80.2707
2025-11-14T15:00,28.9,47,28.5,0.0,0.0,0,9,18.0,24,13.0827,80.2707
2025-11-14T16:00,28.5,47,27.9,0.0,0.0,2,55,17.8,22,13.0827,80.2707
2025-11-14T17:00,27.5,54,27.9,0.0,0.0,3,100,14.7,18,13.0827,80.2707
2025-11-14T18:00,27.3,57,28.0,0.0,0.0,3,100,14.7,26,13.0827,80.2707
2025-11-14T19:00,27.4,57,28.2,0.0,0.0,3,100,14.9,27,13.0827,80.2707
2025-11-14T20:00,27.3,58,28.3,0.0,0.0,3,100,13.4,20,13.0827,80.2707
2025-11-14T21:00,27.2,60,28.4,0.0,0.0,3,96,13.4,31,13.0827,80.2707
2025-11-14T22:00,26.9,66,28.6,0.0,0.0,2,61,14.3,28,13.0827,80.2707
2025-11-14T23:00,26.5,67,28.2,0.0,0.0,0,16,14.5,23,13.0827,80.2707
2025-11-15T00:00,26.1,68,28.1,0.0,0.0,0,9,11.8,12,13.0827,80.2707
2025-11-15T01:00,25.5,70,27.6,0.0,0.0,0,3,11.3,2,13.0827,80.2707
2025-11-15T02:00,24.9,74,27.2,0.0,0.0,1,27,10.4,352,13.0827,80.2707
2025-11-15T03:00,24.2,77,26.4,0.0,0.0,1,40,10.3,327,13.0827,80.2707
2025-11-15T04:00,23.6,73,25.0,0.0,0.0,2,54,11.5,318,13.0827,80.2707
2025-11-15T05:00,23.6,77,25.0,0.0,0.0,1,31,14.9,329,13.0827,80.2707
2025-11-15T06:00,23.7,76,25.2,0.0,0.0,3,92,13.2,328,13.0827,80.2707
2025-11-15T07:00,25.0,71,26.9,0.0,0.0,2,67,10.9,322,13.0827,80.2707
2025-11-15T08:00,26.7,68,29.1,0.0,0.0,2,77,10.6,345,13.0827,80.2707
2025-11-15T09:00,28.7,63,31.1,0.1,0.1,51,97,13.3,21,13.0827,80.2707
2025-11-15T10:00,30.2,52,31.6,0.0,0.0,3,100,17.8,39,13.0827,80.2707
2025-11-15T11:00,29.8,56,31.3,0.0,0.0,2,54,19.7,36,13.0827,80.2707
2025-11-15T12:00,30.4,53,32.7,0.1,0.1,51,100,19.1,35,13.0827,80.2707
2025-11-15T13:00,30.7,50,32.1,0.0,0.0,3,100,18.3,33,13.0827,80.2707
2025-11-15T14:00,29.7,52,30.3,0.0,0.0,3,100,19.0,35,13.0827,80.2707
2025-11-15T15:00,28.8,59,29.7,0.0,0.0,3,100,19.4,29,13.0827,80.2707
2025-11-15T16:00,28.4,60,29.4,0.0,0.0,3,100,18.4,26,13.0827,80.2707
2025-11-15T17:00,27.3,68,29.6,0.0,0.0,3,100,13.4,28,13.0827,80.2707
2025-11-15T18:00,27.1,69,29.8,0.0,0.0,3,100,11.5,14,13.0827,80.2707
2025-11-15T19:00,26.9,70,29.6,0.0,0.0,3,100,11.6,6,13.0827,80.2707
2025-11-15T20:00,27.0,69,29.3,0.0,0.0,3,100,13.6,15,13.0827,80.2707
2025-11-15T21:00,26.9,70,29.0,0.0,0.0,3,100,15.6,19,13.0827,80.2707
2025-11-15T22:00,26.4,76,28.9,0.0,0.0,3,98,16.1,20,13.0827,80.2707
2025-11-15T23:00,26.2,79,29.0,0.0,0.0,2,64,16.2,14,13.0827,80.2707
2025-11-16T00:00,26.4,76,28.8,0.0,0.0,2,52,16.5,13,13.0827,80.2707
2025-11-16T01:00,26.2,76,28.6,0.0,0.0,3,91,16.3,20,13.0827,80.2707
2025-11-16T02:00,25.9,78,28.1,0.2,0.2,51,98,17.4,16,13.0827,80.2707
2025-11-16T03:00,26.0,76,28.0,0.0,0.0,3,100,18.2,18,13.0827,80.2707
2025-11-16T04:00,26.2,74,28.2,0.0,0.0,2,66,16.6,19,13.0827,80.2707
2025-11-16T05:00,26.1,79,28.7,0.0,0.0,2,67,17.0,18,13.0827,80.2707
2025-11-16T06:00,26.2,76,28.5,0.0,0.0,2,52,16.4,13,13.0827,80.2707
2025-11-16T07:00,27.2,71,29.2,0.0,0.0,2,62,17.8,16,13.0827,80.2707
2025-11-16T08:00,28.2,65,29.4,0.0,0.0,3,100,20.9,28,13.0827,80.2707
2025-11-16T09:00,28.2,64,29.4,0.0,0.0,3,100,21.3,32,13.0827,80.2707
2025-11-16T10:00,28.2,63,29.3,0.0,0.0,3,100,19.9,26,13.0827,80.2707
2025-11-16T11:00,28.2,67,29.5,0.0,0.0,3,100,22.6,11,13.0827,80.2707
2025-11-16T12:00,28.5,63,29.3,0.1,0.1,51,78,24.2,5,13.0827,80.2707
2025-11-16T13:00,28.6,62,29.5,0.0,0.0,3,100,22.1,7,13.0827,80.2707
2025-11-16T14:00,27.7,66,28.8,0.2,0.2,51,100,21.9,21,13.0827,80.2707
2025-11-16T15:00,27.3,69,28.6,0.1,0.1,51,100,20.6,18,13.0827,80.2707
2025-11-16T16:00,27.3,68,28.8,0.0,0.0,3,100,18.4,21,13.0827,80.2707
2025-11-16T17:00,25.8,79,27.7,0.0,0.0,3,100,20.4,5,13.0827,80.2707
2025-11-16T18:00,25.5,80,27.4,0.1,0.1,51,100,19.5,3,13.0827,80.2707
2025-11-16T19:00,25.2,81,27.3,0.0,0.0,3,100,18.7,358,13.0827,80.2707
2025-11-16T20:00,25.4,80,27.6,0.0,0.0,3,100,17.6,354,13.0827,80.2707
2025-11-16T21:00,25.3,80,27.4,0.0,0.0,3,100,16.6,347,13.0827,80.2707
2025-11-16T22:00,25.5,79,27.9,0.0,0.0,3,100,14.7,349,13.0827,80.2707
2025-11-16T23:00,25.1,86,28.5,0.0,0.0,3,100,12.5,25,13.0827,80.2707
2025-11-17T00:00,24.9,86,27.6,0.6,0.6,53,100,16.9,20,13.0827,80.2707
2025-11-17T01:00,24.6,87,27.4,0.7,0.7,53,100,15.3,15,13.0827,80.2707
2025-11-17T02:00,24.8,87,28.2,1.1,1.1,55,100,12.6,10,13.0827,80.2707
2025-11-17T03:00,24.4,89,27.5,0.7,0.7,53,100,13.6,7,13.0827,80.2707
2025-11-17T04:00,23.8,93,27.1,2.7,2.7,63,100,13.4,5,13.0827,80.2707
2025-11-17T05:00,24.3,90,27.3,1.6,1.6,61,100,15.2,16,13.0827,80.2707
2025-11-17T06:00,24.5,89,27.9,1.1,1.1,55,100,12.9,7,13.0827,80.2707
2025-11-17T07:00,24.5,90,27.9,0.5,0.5,53,100,13.2,355,13.0827,80.2707
2025-11-17T08:00,24.8,88,28.0,0.5,0.5,53,100,14.3,350,13.0827,80.2707
2025-11-17T09:00,24.8,88,28.0,0.6,0.6,53,100,14.5,6,13.0827,80.2707
2025-11-17T10:00,25.8,83,28.6,0.7,0.7,53,100,16.6,15,13.0827,80.2707
2025-11-17T11:00,26.6,73,28.2,0.2,0.2,51,100,20.4,17,13.0827,80.2707
2025-11-17T12:00,26.8,72,27.9,0.1,0.1,51,100,22.7,24,13.0827,80.2707
2025-11-17T13:00,26.1,77,27.4,0.6,0.6,53,100,23.4,21,13.0827,80.2707
2025-11-17T14:00,25.8,82,27.9,0.8,0.8,53,100,20.7,20,13.0827,80.2707
2025-11-17T15:00,25.5,84,27.7,1.6,1.6,61,100,20.8,18,13.0827,80.2707
2025-11-17T16:00,25.2,86,27.4,1.9,1.9,61,100,20.7,17,13.0827,80.2707
2025-11-17T17:00,24.3,90,27.0,1.1,1.1,55,100,16.8,2,13.0827,80.2707
2025-11-17T18:00,24.5,91,27.5,1.7,1.7,61,100,16.0,3,13.0827,80.2707
2025-11-17T19:00,24.2,95,27.7,4.8,4.8,63,100,14.2,7,13.0827,80.2707
2025-11-17T20:00,24.1,95,27.9,1.6,1.6,61,100,12.7,15,13.0827,80.2707
2025-11-17T21:00,24.5,93,28.0,0.8,0.8,53,89,14.1,14,13.0827,80.2707
2025-11-17T22:00,24.3,93,28.3,0.4,0.4,51,100,10.7,35,13.0827,80.2707
2025-11-17T23:00,24.0,94,27.8,1.1,1.1,55,100,10.7,20,13.0827,80.2707
2025-11-18T00:00,24.1,93,28.0,0.5,0.5,53,86,10.4,39,13.0827,80.2707
2025-11-18T01:00,24.1,95,29.0,0.6,0.6,53,87,4.8,29,13.0827,80.2707
2025-11-18T02:00,23.5,97,27.6,1.7,1.7,61,94,9.3,15,13.0827,80.2707
2025-11-18T03:00,23.2,97,26.7,0.4,0.4,51,82,11.8,348,13.0827,80.2707
2025-11-18T04:00,23.3,95,27.2,0.5,0.5,53,89,8.3,349,13.0827,80.2707
2025-11-18T05:00,23.3,96,27.8,2.7,2.7,63,100,5.6,318,13.0827,80.2707
2025-11-18T06:00,24.1,94,28.6,0.1,0.1,51,98,7.3,344,13.0827,80.2707
2025-11-18T07:00,25.2,93,30.4,0.1,0.1,51,95,6.2,49,13.0827,80.2707
2025-11-18T08:00,26.5,88,31.6,0.1,0.1,51,94,7.9,30,13.0827,80.2707
2025-11-18T09:00,27.2,78,30.9,0.3,0.3,51,98,11.7,41,13.0827,80.2707
2025-11-18T10:00,27.1,76,30.3,0.2,0.2,51,89,16.0,56,13.0827,80.2707
2025-11-18T11:00,27.6,79,31.9,1.9,1.9,61,94,11.2,53,13.0827,80.2707
2025-11-18T12:00,27.0,76,31.2,1.1,1.1,55,91,14.7,48,13.0827,80.2707
2025-11-18T13:00,27.0,78,30.2,0.3,0.3,51,55,16.4,63,13.0827,80.2707
2025-11-18T14:00,27.4,77,30.5,0.1,0.1,51,59,15.7,50,13.0827,80.2707
2025-11-18T15:00,27.4,74,30.2,0.1,0.1,51,54,16.2,52,13.0827,80.2707
2025-11-18T16:00,26.4,79,29.2,0.2,0.2,51,53,16.3,41,13.0827,80.2707
2025-11-18T17:00,25.6,84,29.0,0.2,0.2,51,23,12.8,14,13.0827,80.2707
2025-11-18T18:00,25.1,87,29.0,0.1,0.1,51,41,9.7,10,13.0827,80.2707
2025-11-18T19:00,25.1,87,29.3,0.1,0.1,51,31,8.0,18,13.0827,80.2707
2025-11-18T20:00,25.0,88,29.3,0.0,0.0,3,100,7.4,22,13.0827,80.2707
2025-11-18T21:00,25.2,89,29.6,0.1,0.1,51,100,8.1,32,13.0827,80.2707
2025-11-18T22:00,25.1,89,29.6,0.0,0.0,3,100,7.4,18,13.0827,80.2707
2025-11-18T23:00,24.0,95,28.6,0.1,0.1,51,35,6.3,15,13.0827,80.2707
2025-11-19T00:00,24.1,94,28.5,0.1,0.1,51,31,7.9,347,13.0827,80.2707
2025-11-19T01:00,23.8,96,28.1,0.1,0.1,51,36,8.2,345,13.0827,80.2707
2025-11-19T02:00,23.4,96,27.7,0.1,0.1,51,43,7.3,340,13.0827,80.2707
2025-11-19T03:00,23.3,96,27.3,0.1,0.1,51,34,8.4,337,13.0827,80.2707
2025-11-19T04:00,23.5,95,27.4,0.1,0.1,51,46,9.2,353,13.0827,80.2707
2025-11-19T05:00,23.6,94,27.4,0.0,0.0,2,62,9.5,1,13.0827,80.2707
2025-11-19T06:00,23.8,93,27.6,0.0,0.0,2,55,9.7,350,13.0827,80.2707
2025-11-19T07:00,24.6,92,29.0,0.0,0.0,2,74,8.3,356,13.0827,80.2707
2025-11-19T08:00,26.4,84,30.8,0.1,0.1,51,23,10.0,8,13.0827,80.2707
2025-11-19T09:00,27.8,71,30.4,0.1,0.1,51,25,16.3,32,13.0827,80.2707
2025-11-19T10:00,28.3,64,30.7,0.0,0.0,0,7,16.8,30,13.0827,80.2707
2025-11-19T11:00,29.0,62,31.9,0.0,0.0,0,5,18.4,20,13.0827,80.2707
2025-11-19T12:00,29.0,64,32.1,0.0,0.0,1,24,19.8,20,13.0827,80.2707
2025-11-19T13:00,28.9,64,31.4,0.0,0.0,1,45,20.4,26,13.0827,80.2707
2025-11-19T14:00,28.3,65,30.3,0.0,0.0,2,55,20.1,28,13.0827,80.2707
2025-11-19T15:00,27.9,67,29.7,0.0,0.0,1,44,18.7,26,13.0827,80.2707
2025-11-19T16:00,27.2,71,29.4,0.0,0.0,3,86,17.2,24,13.0827,80.2707
2025-11-19T17:00,26.5,77,29.2,0.0,0.0,2,55,15.0,21,13.0827,80.2707
2025-11-19T18:00,26.2,77,28.7,0.0,0.0,0,5,16.2,26,13.0827,80.2707
2025-11-19T19:00,26.1,75,28.3,0.0,0.0,0,11,15.9,28,13.0827,80.2707
2025-11-19T20:00,26.0,73,28.1,0.0,0.0,0,15,15.2,29,13.0827,80.2707
2025-11-19T21:00,25.8,75,28.0,0.0,0.0,1,38,14.7,31,13.0827,80.2707
2025-11-19T22:00,25.7,76,28.2,0.0,0.0,1,22,13.0,29,13.0827,80.2707
2025-11-19T23:00,25.8,72,28.0,0.0,0.0,1,23,12.1,23,13.0827,80.2707
2025-11-20T00:00,25.4,72,27.6,0.0,0.0,1,38,11.3,20,13.0827,80.2707
2025-11-20T01:00,25.1,72,27.3,0.0,0.0,1,49,10.9,13,13.0827,80.2707
2025-11-20T02:00,24.9,72,26.8,0.0,0.0,3,98,11.1,7,13.0827,80.2707
2025-11-20T03:00,24.6,72,26.4,0.0,0.0,3,96,10.6,4,13.0827,80.2707
2025-11-20T04:00,24.3,73,26.4,0.0,0.0,3,97,9.6,3,13.0827,80.2707
2025-11-20T05:00,24.5,76,26.7,0.0,0.0,2,73,10.8,349,13.0827,80.2707
2025-11-20T06:00,24.0,78,26.1,0.0,0.0,3,100,11.9,345,13.0827,80.2707
2025-11-20T07:00,25.0,80,27.7,0.0,0.0,3,96,12.2,351,13.0827,80.2707
2025-11-20T08:00,26.4,80,30.0,0.0,0.0,3,100,11.6,348,13.0827,80.2707
2025-11-20T09:00,27.4,76,30.6,0.0,0.0,3,100,14.6,3,13.0827,80.2707
2025-11-20T10:00,27.8,73,30.4,0.0,0.0,3,100,17.8,20,13.0827,80.2707
2025-11-20T11:00,27.8,72,30.1,0.1,0.1,51,100,19.1,14,13.0827,80.2707
2025-11-20T12:00,28.0,70,30.0,0.0,0.0,3,100,19.5,14,13.0827,80.2707
2025-11-20T13:00,28.2,69,30.2,0.0,0.0,3,100,18.9,16,13.0827,80.2707
2025-11-20T14:00,28.2,69,30.3,0.0,0.0,3,100,18.6,22,13.0827,80.2707
2025-11-20T15:00,27.8,70,29.8,0.0,0.0,3,100,19.4,18,13.0827,80.2707
2025-11-20T16:00,27.5,72,29.9,0.0,0.0,3,100,16.6,20,13.0827,80.2707
2025-11-20T17:00,27.0,78,30.5,0.0,0.0,3,99,12.8,22,13.0827,80.2707
2025-11-20T18:00,26.4,80,29.8,0.0,0.0,3,89,12.8,9,13.0827,80.2707
2025-11-20T19:00,26.1,81,29.6,0.0,0.0,3,96,12.3,12,13.0827,80.2707
2025-11-20T20:00,25.9,85,29.5,0.0,0.0,3,100,13.3,18,13.0827,80.2707
2025-11-20T21:00,25.9,86,29.6,0.0,0.0,3,99,12.9,16,13.0827,80.2707
2025-11-20T22:00,25.6,86,29.2,0.1,0.1,51,98,12.4,24,13.0827,80.2707
2025-11-20T23:00,25.7,87,29.6,0.1,0.1,51,98,11.9,11,13.0827,80.2707
2025-11-21T00:00,25.7,88,29.9,0.1,0.1,51,52,10.5,22,13.0827,80.2707
2025-11-21T01:00,25.5,89,29.8,0.1,0.1,51,83,9.7,27,13.0827,80.2707
2025-11-21T02:00,25.3,90,29.7,0.1,0.1,51,94,9.3,13,13.0827,80.2707
2025-11-21T03:00,25.1,91,29.6,0.1,0.1,51,93,8.6,16,13.0827,80.2707
2025-11-21T04:00,25.1,90,29.4,0.1,0.1,51,89,9.8,18,13.0827,80.2707
2025-11-21T05:00,25.0,92,29.7,0.0,0.0,3,100,8.1,18,13.0827,80.2707
2025-11-21T06:00,25.1,93,29.8,0.1,0.1,51,99,8.3,33,13.0827,80.2707
2025-11-21T07:00,25.8,90,30.5,0.2,0.2,51,100,9.6,40,13.0827,80.2707
2025-11-21T08:00,26.8,85,30.9,0.2,0.2,51,100,13.2,34,13.0827,80.2707
2025-11-21T09:00,27.9,80,31.8,0.5,0.5,53,98,15.8,42,13.0827,80.2707
2025-11-21T10:00,28.2,79,32.5,0.2,0.2,51,84,14.5,46,13.0827,80.2707
2025-11-21T11:00,28.6,81,34.0,0.2,0.2,51,95,9.1,51,13.0827,80.2707
2025-11-21T12:00,28.8,76,33.6,0.1,0.1,51,94,12.8,58,13.0827,80.2707
2025-11-21T13:00,27.9,80,32.8,0.5,0.5,53,91,9.7,39,13.0827,80.2707
2025-11-21T14:00,28.6,77,32.9,0.1,0.1,51,98,12.8,48,13.0827,80.2707
2025-11-21T15:00,27.1,84,31.4,0.2,0.2,51,99,12.0,39,13.0827,80.2707
2025-11-21T16:00,25.9,88,30.9,0.2,0.2,51,99,6.6,351,13.0827,80.2707
2025-11-21T17:00,26.9,87,31.6,0.4,0.4,51,100,11.7,25,13.0827,80.2707
2025-11-21T18:00,25.9,87,29.9,0.5,0.5,53,100,12.7,7,13.0827,80.2707
2025-11-21T19:00,25.7,91,29.8,0.4,0.4,51,99,13.5,10,13.0827,80.2707
2025-11-21T20:00,25.5,91,29.6,0.3,0.3,51,100,13.5,19,13.0827,80.2707
2025-11-21T21:00,25.1,93,29.6,0.4,0.4,51,100,10.1,50,13.0827,80.2707
2025-11-21T22:00,24.6,92,28.6,0.8,0.8,53,100,10.8,89,13.0827,80.2707
2025-11-21T23:00,26.0,89,30.8,1.0,1.0,55,100,9.3,43,13.0827,80.2707
2025-11-22T00:00,24.3,92,28.4,1.6,1.6,61,100,9.8,50,13.0827,80.2707
2025-11-22T01:00,24.1,93,28.2,4.0,4.0,63,100,9.0,15,13.0827,80.2707
2025-11-22T02:00,24.6,93,28.5,0.2,0.2,51,100,12.2,25,13.0827,80.2707
2025-11-22T03:00,24.4,94,28.8,0.0,0.0,3,100,8.6,8,13.0827,80.2707
2025-11-22T04:00,24.1,94,28.3,0.0,0.0,3,100,9.0,357,13.0827,80.2707
2025-11-22T05:00,24.7,91,29.3,0.8,0.8,53,98,6.6,22,13.0827,80.2707
2025-11-22T06:00,24.7,94,29.0,0.0,0.0,3,100,10.3,33,13.0827,80.2707
2025-11-22T07:00,26.0,87,30.6,0.6,0.6,53,100,9.5,46,13.0827,80.2707
2025-11-22T08:00,26.8,88,32.2,0.2,0.2,51,99,7.9,24,13.0827,80.2707
2025-11-22T09:00,26.5,86,30.5,0.5,0.5,53,99,13.3,21,13.0827,80.2707
2025-11-22T10:00,27.3,81,31.3,0.1,0.1,51,100,13.4,17,13.0827,80.2707
2025-11-22T11:00,29.0,75,33.6,0.2,0.2,51,99,16.4,25,13.0827,80.2707
2025-11-22T12:00,28.9,76,33.2,0.3,0.3,51,98,16.6,53,13.0827,80.2707
2025-11-22T13:00,29.1,74,32.8,0.0,0.0,3,95,17.4,54,13.0827,80.2707
2025-11-22T14:00,27.0,80,29.8,0.7,0.7,53,99,20.4,78,13.0827,80.2707
2025-11-22T15:00,27.0,83,30.6,0.1,0.1,51,75,15.9,57,13.0827,80.2707
2025-11-22T16:00,27.0,82,30.4,0.1,0.1,51,52,16.8,53,13.0827,80.2707
2025-11-22T17:00,26.7,85,30.9,0.0,0.0,3,100,12.5,44,13.0827,80.2707
2025-11-22T18:00,25.8,88,29.8,0.2,0.2,51,100,12.9,72,13.0827,80.2707
2025-11-22T19:00,26.2,87,30.9,0.1,0.1,51,100,9.2,39,13.0827,80.2707
2025-11-22T20:00,26.4,86,30.9,0.0,0.0,3,100,10.0,39,13.0827,80.2707
2025-11-22T21:00,26.3,87,30.8,0.1,0.1,51,98,10.3,55,13.0827,80.2707
2025-11-22T22:00,24.0,94,28.1,1.4,1.4,61,93,9.2,102,13.0827,80.2707
2025-11-22T23:00,25.1,91,29.8,0.3,0.3,51,100,7.4,45,13.0827,80.2707
2025-11-23T00:00,25.6,91,30.0,0.0,0.0,3,100,11.1,25,13.0827,80.2707
2025-11-23T01:00,25.6,92,30.4,0.0,0.0,3,100,9.0,23,13.0827,80.2707
2025-11-23T02:00,23.5,96,27.3,3.3,3.3,63,100,11.2,80,13.0827,80.2707
2025-11-23T03:00,23.6,94,27.7,0.7,0.7,53,100,8.0,80,13.0827,80.2707
2025-11-23T04:00,23.8,94,27.9,1.2,1.2,55,96,8.6,31,13.0827,80.2707
2025-11-23T05:00,24.8,91,29.7,0.2,0.2,51,100,5.3,352,13.0827,80.2707
2025-11-23T06:00,23.5,94,26.5,0.5,0.5,53,100,15.5,2,13.0827,80.2707
2025-11-23T07:00,24.2,92,27.6,0.2,0.2,51,100,13.4,17,13.0827,80.2707
2025-11-23T08:00,25.1,88,28.2,0.5,0.5,53,100,16.2,35,13.0827,80.2707
2025-11-23T09:00,25.4,86,28.6,0.9,0.9,53,100,14.5,58,13.0827,80.2707
2025-11-23T10:00,26.8,81,30.6,0.1,0.1,51,100,13.2,29,13.0827,80.2707
2025-11-23T11:00,27.4,79,31.0,0.1,0.1,51,100,15.7,63,13.0827,80.2707
2025-11-23T12:00,28.3,77,32.3,0.1,0.1,51,100,14.4,50,13.0827,80.2707
2025-11-23T13:00,28.7,76,32.8,0.0,0.0,3,100,14.2,39,13.0827,80.2707
2025-11-23T14:00,27.4,81,31.3,0.1,0.1,51,100,14.8,46,13.0827,80.2707
2025-11-23T15:00,27.3,81,31.5,0.1,0.1,51,95,12.3,51,13.0827,80.2707
2025-11-23T16:00,28.0,79,31.8,0.0,0.0,1,37,15.0,63,13.0827,80.2707
2025-11-23T17:00,26.5,87,30.9,0.7,0.7,53,66,12.9,41,13.0827,80.2707
2025-11-23T18:00,25.4,91,29.3,0.1,0.1,51,91,13.8,49,13.0827,80.2707
2025-11-23T19:00,25.3,91,28.8,0.3,0.3,51,91,16.0,51,13.0827,80.2707
2025-11-23T20:00,25.0,92,29.3,0.2,0.2,51,98,10.6,21,13.0827,80.2707
2025-11-23T21:00,23.9,97,28.0,0.6,0.6,53,100,11.0,23,13.0827,80.2707
2025-11-23T22:00,23.8,95,28.0,1.4,1.4,61,100,9.1,18,13.0827,80.2707
2025-11-23T23:00,25.6,91,30.0,0.5,0.5,53,100,10.9,34,13.0827,80.2707
2025-11-24T00:00,25.5,91,29.9,0.1,0.1,51,98,11.1,20,13.0827,80.2707
2025-11-24T01:00,24.4,95,29.8,0.6,0.6,53,100,2.1,75,13.0827,80.2707
2025-11-24T02:00,24.5,95,29.3,0.4,0.4,51,100,7.4,354,13.0827,80.2707
2025-11-24T03:00,24.3,91,28.6,0.5,0.5,53,100,7.0,348,13.0827,80.2707
2025-11-24T04:00,23.8,95,28.2,0.4,0.4,51,100,6.8,305,13.0827,80.2707
2025-11-24T05:00,25.5,87,29.7,0.5,0.5,53,100,9.5,29,13.0827,80.2707
2025-11-24T06:00,25.9,85,29.9,0.0,0.0,3,100,10.4,42,13.0827,80.2707
2025-11-24T07:00,26.4,81,30.3,0.3,0.3,51,100,10.5,39,13.0827,80.2707
2025-11-24T08:00,27.2,78,30.9,0.6,0.6,53,100,12.2,49,13.0827,80.2707
2025-11-24T09:00,28.0,74,31.0,0.5,0.5,53,100,16.3,58,13.0827,80.2707
2025-11-24T10:00,28.2,73,31.4,0.1,0.1,51,100,15.8,56,13.0827,80.2707
2025-11-24T11:00,28.2,73,31.3,0.0,0.0,3,95,17.6,56,13.0827,80.2707
2025-11-24T12:00,28.3,73,32.0,0.3,0.3,51,100,18.1,57,13.0827,80.2707
2025-11-24T13:00,28.0,73,30.7,0.1,0.1,51,100,18.2,56,13.0827,80.2707
2025-11-24T14:00,27.6,74,30.2,0.0,0.0,3,100,18.4,53,13.0827,80.2707
2025-11-24T15:00,27.5,74,30.1,0.0,0.0,3,100,17.2,53,13.0827,80.2707
2025-11-24T16:00,27.0,77,30.0,0.0,0.0,3,100,14.9,54,13.0827,80.2707
2025-11-24T17:00,26.8,80,30.1,0.0,0.0,3,100,14.6,56,13.0827,80.2707
2025-11-24T18:00,26.4,81,29.7,0.0,0.0,3,100,14.7,51,13.0827,80.2707
2025-11-24T19:00,26.3,82,29.5,0.0,0.0,3,100,15.1,49,13.0827,80.2707
2025-11-24T20:00,26.0,83,29.2,0.0,0.0,3,90,15.1,45,13.0827,80.2707
2025-11-24T21:00,26.0,83,29.1,0.0,0.0,3,100,15.2,50,13.0827,80.2707
2025-11-24T22:00,25.9,83,29.1,0.0,0.0,3,100,15.2,54,13.0827,80.2707
2025-11-24T23:00,26.0,81,28.9,0.0,0.0,3,100,15.7,50,13.0827,80.2707
2025-11-25T00:00,26.1,80,28.8,0.0,0.0,3,100,16.1,50,13.0827,80.2707
2025-11-25T01:00,25.9,81,28.8,0.0,0.0,3,100,15.3,50,13.0827,80.2707
2025-11-25T02:00,25.9,80,28.8,0.0,0.0,3,99,14.3,45,13.0827,80.2707
2025-11-25T03:00,25.6,81,28.4,0.0,0.0,3,96,14.2,38,13.0827,80.2707
2025-11-25T04:00,25.1,83,28.1,0.0,0.0,3,98,13.8,33,13.0827,80.2707
2025-11-25T05:00,25.8,79,28.4,0.1,0.1,51,100,15.4,49,13.0827,80.2707
2025-11-25T06:00,26.0,77,28.5,0.2,0.2,51,100,15.3,51,13.0827,80.2707
2025-11-25T07:00,26.8,73,29.1,0.0,0.0,3,99,16.0,52,13.0827,80.2707
2025-11-25T08:00,27.5,69,29.5,0.0,0.0,2,59,16.8,53,13.0827,80.2707
2025-11-25T09:00,27.9,66,29.5,0.0,0.0,1,28,19.2,53,13.0827,80.2707
2025-11-25T10:00,28.2,65,30.1,0.1,0.1,51,60,20.0,47,13.0827,80.2707
2025-11-25T11:00,28.0,69,30.6,0.1,0.1,51,38,19.2,42,13.0827,80.2707
2025-11-25T12:00,28.1,68,31.1,0.2,0.2,51,13,19.2,43,13.0827,80.2707
2025-11-25T13:00,28.1,68,30.8,0.1,0.1,51,10,19.2,40,13.0827,80.2707
2025-11-25T14:00,27.9,68,30.1,0.0,0.0,0,16,18.7,39,13.0827,80.2707
2025-11-25T15:00,27.6,69,29.4,0.0,0.0,1,23,19.2,40,13.0827,80.2707
2025-11-25T16:00,27.0,70,29.0,0.0,0.0,0,5,16.4,39,13.0827,80.2707
2025-11-25T17:00,26.5,75,28.9,0.0,0.0,2,50,16.1,36,13.0827,80.2707
2025-11-25T18:00,26.2,75,28.6,0.0,0.0,0,5,15.2,34,13.0827,80.2707
2025-11-25T19:00,26.0,77,28.6,0.0,0.0,3,100,13.6,31,13.0827,80.2707
2025-11-25T20:00,25.9,76,28.4,0.0,0.0,3,100,13.8,36,13.0827,80.2707
2025-11-25T21:00,25.8,77,28.3,0.0,0.0,3,99,14.1,38,13.0827,80.2707
2025-11-25T22:00,25.8,77,28.4,0.0,0.0,3,100,13.7,38,13.0827,80.2707
2025-11-25T23:00,25.9,78,28.8,0.0,0.0,3,100,12.6,38,13.0827,80.2707
2025-11-26T00:00,25.7,80,28.8,0.0,0.0,3,99,12.1,32,13.0827,80.2707
2025-11-26T01:00,25.4,81,28.6,0.0,0.0,3,100,11.6,36,13.0827,80.2707
2025-11-26T02:00,25.3,82,28.6,0.0,0.0,3,100,11.1,42,13.0827,80.2707
2025-11-26T03:00,25.3,82,28.2,0.1,0.1,51,100,13.2,39,13.0827,80.2707
2025-11-26T04:00,25.0,83,27.8,0.2,0.2,51,100,14.0,36,13.0827,80.2707
2025-11-26T05:00,24.6,87,27.7,0.1,0.1,51,100,14.1,27,13.0827,80.2707
2025-11-26T06:00,24.8,84,27.7,0.1,0.1,51,65,13.5,30,13.0827,80.2707
2025-11-26T07:00,25.7,77,28.3,0.0,0.0,3,100,13.9,25,13.0827,80.2707
2025-11-26T08:00,26.8,68,28.4,0.0,0.0,3,100,17.5,32,13.0827,80.2707
2025-11-26T09:00,27.4,66,28.8,0.0,0.0,3,100,18.6,37,13.0827,80.2707
2025-11-26T10:00,27.8,60,29.2,0.0,0.0,3,100,17.9,40,13.0827,80.2707
2025-11-26T11:00,28.0,61,29.5,0.0,0.0,3,100,18.4,36,13.0827,80.2707
2025-11-26T12:00,28.2,62,30.0,0.0,0.0,3,100,19.1,38,13.0827,80.2707
2025-11-26T13:00,27.9,62,28.9,0.0,0.0,3,100,19.0,35,13.0827,80.2707
2025-11-26T14:00,27.7,62,28.7,0.0,0.0,3,100,19.0,33,13.0827,80.2707
2025-11-26T15:00,27.6,63,28.5,0.0,0.0,3,100,18.8,29,13.0827,80.2707
2025-11-26T16:00,27.1,66,28.7,0.0,0.0,3,99,16.2,26,13.0827,80.2707
2025-11-26T17:00,26.6,70,28.6,0.0,0.0,3,91,15.1,33,13.0827,80.2707
2025-11-26T18:00,26.2,71,27.8,0.0,0.0,2,66,16.8,37,13.0827,80.2707
2025-11-26T19:00,26.1,72,27.9,0.0,0.0,2,56,16.2,41,13.0827,80.2707
2025-11-26T20:00,25.9,75,27.7,0.0,0.0,3,95,17.6,43,13.0827,80.2707
2025-11-26T21:00,25.7,79,27.8,0.0,0.0,3,91,18.2,47,13.0827,80.2707
2025-11-26T22:00,25.9,78,28.0,0.0,0.0,3,98,18.1,48,13.0827,80.2707
2025-11-26T23:00,26.0,76,27.9,0.0,0.0,3,100,18.0,49,13.0827,80.2707
2025-11-27T00:00,25.8,76,27.7,0.0,0.0,3,98,17.9,45,13.0827,80.2707
2025-11-27T01:00,25.7,76,27.6,0.0,0.0,3,97,17.1,37,13.0827,80.2707
2025-11-27T02:00,25.4,75,27.0,0.0,0.0,3,100,18.3,34,13.0827,80.2707
2025-11-27T03:00,25.3,69,26.3,0.0,0.0,3,100,17.1,35,13.0827,80.2707
2025-11-27T04:00,25.4,67,26.1,0.0,0.0,3,100,17.4,41,13.0827,80.2707
2025-11-27T05:00,25.2,72,26.7,0.0,0.0,3,100,15.7,48,13.0827,80.2707
2025-11-27T06:00,25.5,70,26.7,0.0,0.0,3,100,16.6,47,13.0827,80.2707
2025-11-27T07:00,26.2,67,27.3,0.0,0.0,3,100,18.0,46,13.0827,80.2707
2025-11-27T08:00,26.8,65,27.4,0.0,0.0,3,100,20.8,48,13.0827,80.2707
2025-11-27T09:00,27.1,62,27.4,0.0,0.0,3,99,21.4,46,13.0827,80.2707
2025-11-27T10:00,27.5,61,28.2,0.0,0.0,3,91,21.3,44,13.0827,80.2707
2025-11-27T11:00,28.2,62,29.6,0.0,0.0,1,40,22.8,43,13.0827,80.2707
2025-11-27T12:00,28.1,61,29.1,0.0,0.0,2,74,24.3,38,13.0827,80.2707
2025-11-27T13:00,28.1,60,29.0,0.0,0.0,2,60,23.8,37,13.0827,80.2707
2025-11-27T14:00,27.8,60,28.3,0.0,0.0,3,100,22.8,38,13.0827,80.2707
2025-11-27T15:00,27.4,59,27.3,0.0,0.0,3,100,22.1,35,13.0827,80.2707
2025-11-27T16:00,26.9,61,27.3,0.0,0.0,3,100,19.0,40,13.0827,80.2707
2025-11-27T17:00,26.7,66,27.9,0.0,0.0,3,100,17.8,42,13.0827,80.2707
2025-11-27T18:00,26.3,68,27.4,0.0,0.0,3,100,18.3,37,13.0827,80.2707
2025-11-27T19:00,26.0,68,27.0,0.0,0.0,3,100,18.4,33,13.0827,80.2707
2025-11-27T20:00,25.8,68,26.5,0.0,0.0,3,100,20.2,30,13.0827,80.2707
2025-11-27T21:00,25.8,68,26.4,0.0,0.0,3,100,20.2,36,13.0827,80.2707
2025-11-27T22:00,25.8,67,26.3,0.0,0.0,3,95,20.2,39,13.0827,80.2707
2025-11-27T23:00,25.6,71,26.7,0.0,0.0,3,85,18.2,41,13.0827,80.2707
2025-11-28T00:00,25.5,71,26.4,0.0,0.0,3,98,19.4,43,13.0827,80.2707
2025-11-28T01:00,25.3,71,26.1,0.0,0.0,3,100,19.1,35,13.0827,80.2707
2025-11-28T02:00,25.1,70,25.8,0.0,0.0,3,100,19.5,30,13.0827,80.2707
2025-11-28T03:00,25.0,70,25.7,0.0,0.0,3,100,19.0,37,13.0827,80.2707
2025-11-28T04:00,25.0,70,25.8,0.0,0.0,3,84,18.1,38,13.0827,80.2707
2025-11-28T05:00,25.7,70,26.8,0.0,0.0,3,100,18.5,41,13.0827,80.2707
2025-11-28T06:00,25.7,70,26.5,0.0,0.0,3,100,19.7,36,13.0827,80.2707
2025-11-28T07:00,26.0,69,26.9,0.0,0.0,3,100,19.8,36,13.0827,80.2707
2025-11-28T08:00,27.1,63,27.3,0.0,0.0,3,100,22.7,38,13.0827,80.2707
2025-11-28T09:00,27.4,60,27.4,0.0,0.0,3,100,22.6,36,13.0827,80.2707
2025-11-28T10:00,27.7,57,27.5,0.0,0.0,3,100,23.1,37,13.0827,80.2707
2025-11-28T11:00,28.2,58,29.3,0.0,0.0,3,100,23.2,27,13.0827,80.2707
2025-11-28T12:00,28.2,56,29.4,0.0,0.0,3,100,22.1,21,13.0827,80.2707
2025-11-28T13:00,27.8,56,28.0,0.0,0.0,3,100,22.3,18,13.0827,80.2707
2025-11-28T14:00,27.8,55,27.6,0.0,0.0,3,98,23.1,16,13.0827,80.2707
2025-11-28T15:00,27.4,56,26.9,0.0,0.0,3,100,23.2,13,13.0827,80.2707
2025-11-28T16:00,26.8,59,26.6,0.0,0.0,3,100,21.7,13,13.0827,80.2707
2025-11-28T17:00,26.2,69,27.3,0.0,0.0,3,100,19.0,7,13.0827,80.2707
2025-11-28T18:00,25.9,68,27.0,0.0,0.0,3,100,17.2,7,13.0827,80.2707
2025-11-28T19:00,25.9,70,27.1,0.0,0.0,3,100,18.3,10,13.0827,80.2707
2025-11-28T20:00,26.1,69,27.2,0.0,0.0,3,100,18.4,12,13.0827,80.2707
2025-11-28T21:00,26.6,69,27.8,0.0,0.0,3,100,19.2,28,13.0827,80.2707
2025-11-28T22:00,25.3,78,26.9,0.0,0.0,3,100,19.6,17,13.0827,80.2707
2025-11-28T23:00,25.1,82,27.6,0.6,0.6,53,100,16.0,17,13.0827,80.2707
2025-11-29T00:00,24.6,85,27.1,0.8,0.8,53,100,16.4,19,13.0827,80.2707
2025-11-29T01:00,24.9,85,27.0,0.3,0.3,51,100,20.1,30,13.0827,80.2707
2025-11-29T02:00,25.2,83,27.2,0.2,0.2,51,100,20.3,29,13.0827,80.2707
2025-11-29T03:00,25.5,80,27.5,0.0,0.0,3,100,18.5,31,13.0827,80.2707
2025-11-29T04:00,25.5,79,27.3,0.0,0.0,3,100,19.7,34,13.0827,80.2707
2025-11-29T05:00,26.1,75,27.9,0.0,0.0,3,100,18.9,38,13.0827,80.2707
2025-11-29T06:00,26.0,76,27.8,0.2,0.2,51,100,19.2,43,13.0827,80.2707
2025-11-29T07:00,25.4,84,27.7,1.3,1.3,61,100,19.1,33,13.0827,80.2707
2025-11-29T08:00,26.1,78,28.0,0.0,0.0,3,100,20.6,37,13.0827,80.2707
2025-11-29T09:00,26.9,75,28.9,0.1,0.1,51,100,20.9,42,13.0827,80.2707
2025-11-29T10:00,27.4,75,29.0,0.6,0.6,53,93,24.0,42,13.0827,80.2707
2025-11-29T11:00,27.8,73,30.0,1.1,1.1,55,100,24.7,32,13.0827,80.2707
2025-11-29T12:00,27.3,74,28.8,0.1,0.1,51,99,24.1,36,13.0827,80.2707
2025-11-29T13:00,27.8,71,29.0,0.1,0.1,51,100,25.3,36,13.0827,80.2707
2025-11-29T14:00,27.4,73,28.5,0.2,0.2,51,100,26.1,31,13.0827,80.2707
2025-11-29T15:00,27.2,72,28.5,0.1,0.1,51,100,23.9,35,13.0827,80.2707
2025-11-29T16:00,27.3,72,28.8,0.0,0.0,3,100,22.2,36,13.0827,80.2707
2025-11-29T17:00,26.0,79,27.7,0.1,0.1,51,100,22.2,44,13.0827,80.2707
2025-11-29T18:00,25.4,81,26.5,1.7,1.7,61,100,25.3,57,13.0827,80.2707
2025-11-29T19:00,25.0,84,25.9,1.1,1.1,55,100,27.3,54,13.0827,80.2707
2025-11-29T20:00,24.7,83,25.8,0.4,0.4,51,100,24.1,68,13.0827,80.2707
2025-11-29T21:00,24.6,78,25.1,1.0,1.0,55,100,24.3,62,13.0827,80.2707
2025-11-29T22:00,23.9,92,25.7,8.3,8.3,65,100,22.8,41,13.0827,80.2707
2025-11-29T23:00,23.9,87,24.4,4.6,4.6,63,100,28.7,53,13.0827,80.2707
2025-11-30T00:00,23.9,92,25.8,2.1,2.1,61,100,22.3,46,13.0827,80.2707
2025-11-30T01:00,24.1,92,25.6,2.7,2.7,63,100,26.4,47,13.0827,80.2707
2025-11-30T02:00,24.1,93,26.6,7.5,7.5,63,100,19.5,54,13.0827,80.2707
2025-11-30T03:00,24.1,92,25.6,18.1,18.1,65,100,26.3,30,13.0827,80.2707
2025-11-30T04:00,24.2,92,25.3,14.3,14.3,65,100,29.4,45,13.0827,80.2707
2025-11-30T05:00,24.4,91,25.7,9.5,9.5,65,100,27.4,37,13.0827,80.2707
2025-11-30T06:00,24.4,88,25.3,1.8,1.8,61,100,28.7,36,13.0827,80.2707
2025-11-30T07:00,23.9,93,25.5,3.3,3.3,63,100,25.4,28,13.0827,80.2707
2025-11-30T08:00,24.7,91,26.9,1.1,1.1,55,98,22.5,35,13.0827,80.2707
2025-11-30T09:00,25.5,84,27.0,2.1,2.1,61,98,26.0,31,13.0827,80.2707
2025-11-30T10:00,25.8,85,27.6,0.6,0.6,53,86,25.6,30,13.0827,80.2707
2025-11-30T11:00,25.8,85,28.6,0.2,0.2,51,100,20.5,18,13.0827,80.2707
2025-11-30T12:00,25.9,85,28.6,0.5,0.5,53,100,19.7,27,13.0827,80.2707
2025-11-30T13:00,25.4,87,27.8,1.7,1.7,61,100,21.6,24,13.0827,80.2707
2025-11-30T14:00,25.1,91,27.7,1.8,1.8,61,100,21.0,21,13.0827,80.2707
2025-11-30T15:00,25.3,90,28.2,0.6,0.6,53,100,19.5,14,13.0827,80.2707
2025-11-30T16:00,25.3,90,28.6,0.7,0.7,53,100,16.5,16,13.0827,80.2707
2025-11-30T17:00,25.1,89,27.5,1.3,1.3,61,100,22.0,8,13.0827,80.2707
2025-11-30T18:00,24.9,89,26.9,0.5,0.5,53,100,23.3,6,13.0827,80.2707
2025-11-30T19:00,25.0,87,27.0,0.1,0.1,51,100,22.5,11,13.0827,80.2707
2025-11-30T20:00,25.0,87,27.1,0.2,0.2,51,100,22.0,8,13.0827,80.2707
2025-11-30T21:00,25.1,87,27.2,0.3,0.3,51,100,22.0,8,13.0827,80.2707
2025-11-30T22:00,25.3,88,27.6,0.2,0.2,51,100,22.1,19,13.0827,80.2707
2025-11-30T23:00,24.5,93,27.2,1.9,1.9,61,100,20.1,7,13.0827,80.2707
2025-12-01T00:00,24.4,94,27.0,2.0,2.0,61,100,20.9,2,13.0827,80.2707
2025-12-01T01:00,24.5,92,27.2,0.9,0.9,53,100,20.2,358,13.0827,80.2707
2025-12-01T02:00,24.0,96,27.0,1.8,1.8,61,100,18.3,347,13.0827,80.2707
2025-12-01T03:00,23.7,97,26.4,2.7,2.7,63,100,19.9,344,13.0827,80.2707
2025-12-01T04:00,23.7,97,26.2,1.9,1.9,61,100,20.5,336,13.0827,80.2707
2025-12-01T05:00,24.6,92,26.3,0.8,0.8,53,100,26.3,353,13.0827,80.2707
2025-12-01T06:00,24.6,91,26.3,0.4,0.4,51,100,26.3,349,13.0827,80.2707
2025-12-01T07:00,24.3,95,26.1,2.8,2.8,63,100,26.8,346,13.0827,80.2707
2025-12-01T08:00,24.6,96,26.8,6.6,6.6,63,100,25.5,351,13.0827,80.2707
2025-12-01T09:00,24.6,95,26.0,6.3,6.3,63,100,31.3,351,13.0827,80.2707
2025-12-01T10:00,25.3,90,26.5,3.0,3.0,63,100,31.0,360,13.0827,80.2707
2025-12-01T11:00,24.9,92,26.3,1.3,1.3,61,100,29.7,340,13.0827,80.2707
2025-12-01T12:00,24.7,93,25.9,7.1,7.1,63,100,31.7,354,13.0827,80.2707
2025-12-01T13:00,24.4,93,24.7,8.8,8.8,65,100,36.4,353,13.0827,80.2707
2025-12-01T14:00,24.2,93,24.5,9.1,9.1,65,100,36.0,348,13.0827,80.2707
2025-12-01T15:00,24.1,93,24.6,10.9,10.9,65,100,33.2,343,13.0827,80.2707
2025-12-01T16:00,24.1,94,25.5,7.0,7.0,63,100,28.9,345,13.0827,80.2707
2025-12-01T17:00,25.4,91,27.7,2.4,2.4,61,100,25.9,2,13.0827,80.2707
2025-12-01T18:00,24.8,95,26.6,3.5,3.5,63,100,28.3,357,13.0827,80.2707
2025-12-01T19:00,24.5,96,26.6,5.2,5.2,63,100,26.5,360,13.0827,80.2707
2025-12-01T20:00,24.6,95,26.7,2.0,2.0,61,100,26.6,359,13.0827,80.2707
2025-12-01T21:00,25.0,92,26.7,0.7,0.7,53,100,28.4,1,13.0827,80.2707
2025-12-01T22:00,24.7,94,26.6,1.4,1.4,61,100,27.8,5,13.0827,80.2707
2025-12-01T23:00,24.5,92,25.9,1.4,1.4,61,100,28.4,6,13.0827,80.2707
2025-12-02T00:00,24.2,93,26.4,0.3,0.3,51,100,21.7,343,13.0827,80.2707
2025-12-02T01:00,24.0,94,26.1,0.1,0.1,51,100,23.1,345,13.0827,80.2707
2025-12-02T02:00,24.0,95,26.0,0.2,0.2,51,100,24.4,342,13.0827,80.2707
2025-12-02T03:00,23.8,95,25.7,0.1,0.1,51,100,24.2,342,13.0827,80.2707
2025-12-02T04:00,23.8,94,25.7,0.3,0.3,51,100,23.7,337,13.0827,80.2707
2025-12-02T05:00,23.7,96,25.8,1.0,1.0,55,100,23.8,342,13.0827,80.2707
2025-12-02T06:00,23.3,96,24.6,10.0,10.0,65,100,27.9,333,13.0827,80.2707
2025-12-02T07:00,23.1,96,24.5,27.3,27.3,65,100,25.4,335,13.0827,80.2707
2025-12-02T08:00,23.5,96,25.9,34.0,34.0,65,100,20.7,347,13.0827,80.2707
2025-12-02T09:00,23.7,96,25.7,10.7,10.7,65,100,23.2,348,13.0827,80.2707
2025-12-02T10:00,24.2,97,26.9,1.2,1.2,55,100,21.6,1,13.0827,80.2707
2025-12-02T11:00,24.6,96,27.3,2.3,2.3,61,100,22.1,16,13.0827,80.2707
2025-12-02T12:00,24.7,96,27.6,5.0,5.0,63,100,21.6,10,13.0827,80.2707
2025-12-02T13:00,24.8,96,27.4,2.6,2.6,63,100,23.8,10,13.0827,80.2707
2025-12-02T14:00,24.8,94,27.4,2.7,2.7,63,100,22.4,24,13.0827,80.2707
2025-12-02T15:00,25.1,91,27.7,2.3,2.3,61,100,22.1,28,13.0827,80.2707
2025-12-02T16:00,24.7,94,27.9,1.1,1.1,55,100,18.2,20,13.0827,80.2707
2025-12-02T17:00,24.3,95,27.5,0.7,0.7,53,100,17.2,11,13.0827,80.2707
2025-12-02T18:00,23.7,96,26.7,2.1,2.1,61,100,17.1,356,13.0827,80.2707
2025-12-02T19:00,23.1,97,25.6,11.8,11.8,65,100,18.9,4,13.0827,80.2707
2025-12-02T20:00,23.1,98,25.7,13.4,13.4,65,100,18.6,6,13.0827,80.2707
2025-12-02T21:00,23.3,98,26.6,0.6,0.6,53,100,14.4,356,13.0827,80.2707
2025-12-02T22:00,23.9,97,28.3,11.7,11.7,65,100,9.1,75,13.0827,80.2707
2025-12-02T23:00,24.9,93,27.8,0.8,0.8,53,100,21.0,83,13.0827,80.2707
2025-12-03T00:00,24.7,94,27.7,10.2,10.2,65,100,19.6,79,13.0827,80.2707
2025-12-03T01:00,24.2,91,26.8,4.2,4.2,63,100,18.8,70,13.0827,80.2707
2025-12-03T02:00,24.4,95,27.4,1.2,1.2,55,100,19.6,83,13.0827,80.2707
2025-12-03T03:00,24.1,96,27.0,4.8,4.8,63,100,19.0,103,13.0827,80.2707
2025-12-03T04:00,24.3,96,27.6,4.7,4.7,63,100,16.9,93,13.0827,80.2707
2025-12-03T05:00,24.4,95,29.4,0.7,0.7,53,100,6.2,128,13.0827,80.2707
2025-12-03T06:00,24.6,95,29.6,7.8,7.8,65,100,5.5,107,13.0827,80.2707
2025-12-03T07:00,23.9,94,28.1,6.5,6.5,63,100,8.5,86,13.0827,80.2707
2025-12-03T08:00,24.4,95,28.4,2.7,2.7,63,100,12.0,99,13.0827,80.2707
2025-12-03T09:00,25.0,95,29.6,1.6,1.6,61,100,9.8,114,13.0827,80.2707
2025-12-03T10:00,25.9,85,30.3,1.3,1.3,61,100,8.1,102,13.0827,80.2707
2025-12-03T11:00,25.1,94,30.7,1.3,1.3,61,100,3.7,284,13.0827,80.2707
2025-12-03T12:00,26.1,84,31.2,0.7,0.7,53,100,2.5,8,13.0827,80.2707
2025-12-03T13:00,26.3,88,32.2,0.5,0.5,53,100,1.9,41,13.0827,80.2707
2025-12-03T14:00,25.3,84,29.5,3.0,3.0,63,96,6.8,155,13.0827,80.2707
2025-12-03T15:00,25.5,87,30.7,0.3,0.3,51,100,2.1,142,13.0827,80.2707
2025-12-03T16:00,25.2,88,29.9,0.2,0.2,51,100,5.3,78,13.0827,80.2707
2025-12-03T17:00,24.5,95,28.5,0.9,0.9,53,100,13.1,69,13.0827,80.2707
2025-12-03T18:00,23.2,95,25.8,2.6,2.6,63,100,17.8,77,13.0827,80.2707
2025-12-03T19:00,23.1,94,26.6,10.6,10.6,65,100,10.1,92,13.0827,80.2707
2025-12-03T20:00,23.2,96,28.1,4.6,4.6,63,100,2.0,95,13.0827,80.2707
2025-12-03T21:00,23.4,95,28.4,1.9,1.9,61,100,1.1,270,13.0827,80.2707
2025-12-03T22:00,23.0,97,27.5,0.3,0.3,51,100,4.4,277,13.0827,80.2707
2025-12-03T23:00,24.3,94,29.5,0.1,0.1,51,100,3.1,62,13.0827,80.2707
2025-12-04T00:00,23.3,99,27.8,1.6,1.6,61,100,6.6,339,13.0827,80.2707
2025-12-04T01:00,23.3,97,27.4,0.2,0.2,51,100,9.1,343,13.0827,80.2707
2025-12-04T02:00,23.4,96,27.5,0.0,0.0,3,96,7.9,347,13.0827,80.2707
2025-12-04T03:00,23.4,95,27.3,0.1,0.1,51,98,9.5,1,13.0827,80.2707
2025-12-04T04:00,23.4,96,27.5,0.0,0.0,3,90,8.6,345,13.0827,80.2707
2025-12-04T05:00,23.8,94,28.7,0.0,0.0,2,63,3.5,348,13.0827,80.2707
2025-12-04T06:00,24.1,93,28.4,0.2,0.2,51,97,8.3,2,13.0827,80.2707
2025-12-04T07:00,24.3,92,27.6,0.2,0.2,51,98,13.8,35,13.0827,80.2707
2025-12-04T08:00,24.7,90,28.1,0.2,0.2,51,43,13.3,38,13.0827,80.2707
2025-12-04T09:00,26.0,85,29.5,0.2,0.2,51,95,14.0,41,13.0827,80.2707
2025-12-04T10:00,26.0,82,29.5,0.5,0.5,53,100,12.5,43,13.0827,80.2707
2025-12-04T11:00,27.5,78,31.2,0.2,0.2,51,92,13.0,44,13.0827,80.2707
2025-12-04T12:00,25.8,86,29.2,3.9,3.9,63,100,14.4,47,13.0827,80.2707
2025-12-04T13:00,24.6,90,28.2,3.6,3.6,63,90,12.4,40,13.0827,80.2707
2025-12-04T14:00,25.4,86,29.3,0.0,0.0,3,94,10.9,34,13.0827,80.2707
2025-12-04T15:00,25.8,83,29.3,0.1,0.1,51,100,12.2,52,13.0827,80.2707
2025-12-04T16:00,25.2,85,28.8,0.8,0.8,53,100,11.5,59,13.0827,80.2707
2025-12-04T17:00,24.7,95,29.7,0.2,0.2,51,95,6.3,329,13.0827,80.2707
2025-12-04T18:00,23.8,96,28.0,4.7,4.7,63,99,8.8,39,13.0827,80.2707
2025-12-04T19:00,24.1,94,28.4,0.4,0.4,51,82,8.5,6,13.0827,80.2707
2025-12-04T20:00,23.8,95,28.0,0.2,0.2,51,56,8.3,342,13.0827,80.2707
2025-12-04T21:00,24.2,93,28.5,0.1,0.1,51,56,7.7,16,13.0827,80.2707
2025-12-04T22:00,24.6,91,28.3,0.1,0.1,51,78,11.6,51,13.0827,80.2707
2025-12-04T23:00,24.8,89,28.2,0.0,0.0,3,95,13.7,58,13.0827,80.2707
2025-12-05T00:00,24.9,88,28.3,0.1,0.1,51,74,13.6,42,13.0827,80.2707
2025-12-05T01:00,24.8,88,28.4,0.0,0.0,2,55,12.1,41,13.0827,80.2707
2025-12-05T02:00,24.8,89,28.5,0.0,0.0,1,48,11.6,32,13.0827,80.2707
2025-12-05T03:00,24.6,91,28.7,0.0,0.0,1,25,10.0,18,13.0827,80.2707
2025-12-05T04:00,24.6,92,28.5,0.0,0.0,1,48,10.9,19,13.0827,80.2707
2025-12-05T05:00,25.0,87,28.1,0.1,0.1,51,95,14.5,43,13.0827,80.2707
2025-12-05T06:00,25.5,82,28.2,0.1,0.1,51,87,15.9,39,13.0827,80.2707
2025-12-05T07:00,26.4,78,29.1,0.0,0.0,3,83,15.3,36,13.0827,80.2707
2025-12-05T08:00,27.4,72,29.9,0.0,0.0,3,94,16.1,40,13.0827,80.2707
2025-12-05T09:00,28.1,69,30.0,0.0,0.0,2,73,19.2,44,13.0827,80.2707
2025-12-05T10:00,28.5,65,30.5,0.0,0.0,2,69,19.1,44,13.0827,80.2707
2025-12-05T11:00,28.4,69,31.1,0.0,0.0,3,100,20.4,44,13.0827,80.2707
2025-12-05T12:00,28.3,69,30.7,0.1,0.1,51,94,20.3,38,13.0827,80.2707
2025-12-05T13:00,28.2,69,30.5,0.1,0.1,51,85,22.4,36,13.0827,80.2707
2025-12-05T14:00,27.9,68,29.3,0.1,0.1,51,98,22.2,35,13.0827,80.2707
2025-12-05T15:00,27.5,69,28.8,0.0,0.0,3,94,21.6,35,13.0827,80.2707
2025-12-05T16:00,27.0,71,28.8,0.0,0.0,3,100,18.8,36,13.0827,80.2707
2025-12-05T17:00,26.4,78,29.0,0.0,0.0,2,57,17.4,35,13.0827,80.2707
2025-12-05T18:00,25.9,81,28.6,0.0,0.0,3,93,16.7,35,13.0827,80.2707
2025-12-05T19:00,25.8,80,28.3,0.2,0.2,51,100,16.7,32,13.0827,80.2707
2025-12-05T20:00,25.8,78,28.1,0.1,0.1,51,100,16.3,29,13.0827,80.2707
2025-12-05T21:00,25.7,77,28.1,0.1,0.1,51,100,15.3,34,13.0827,80.2707
2025-12-05T22:00,25.7,77,27.6,0.0,0.0,3,80,17.7,33,13.0827,80.2707
2025-12-05T23:00,25.4,82,27.9,0.0,0.0,2,79,16.5,36,13.0827,80.2707
2025-12-06T00:00,25.2,83,27.7,0.1,0.1,51,77,16.6,37,13.0827,80.2707
2025-12-06T01:00,24.9,84,27.4,0.2,0.2,51,91,16.9,36,13.0827,80.2707
2025-12-06T02:00,25.0,81,27.4,0.1,0.1,51,100,15.5,28,13.0827,80.2707
2025-12-06T03:00,24.9,78,27.1,0.1,0.1,51,99,14.7,25,13.0827,80.2707
2025-12-06T04:00,24.8,78,27.1,0.0,0.0,3,89,13.3,27,13.0827,80.2707
2025-12-06T05:00,25.1,78,27.4,0.0,0.0,1,37,13.6,26,13.0827,80.2707
2025-12-06T06:00,25.0,79,27.7,0.0,0.0,1,20,11.7,17,13.0827,80.2707
2025-12-06T07:00,25.6,79,28.7,0.0,0.0,1,26,11.1,17,13.0827,80.2707
2025-12-06T08:00,27.2,71,30.1,0.0,0.0,1,33,11.9,29,13.0827,80.2707
2025-12-06T09:00,28.3,64,30.1,0.0,0.0,1,36,16.6,43,13.0827,80.2707
2025-12-06T10:00,28.3,66,30.7,0.0,0.0,3,95,17.6,43,13.0827,80.2707
2025-12-06T11:00,28.6,68,31.9,0.0,0.0,1,24,14.8,36,13.0827,80.2707
2025-12-06T12:00,28.5,69,32.2,0.1,0.1,51,48,16.1,40,13.0827,80.2707
2025-12-06T13:00,28.1,71,31.4,0.1,0.1,51,29,17.3,39,13.0827,80.2707
2025-12-06T14:00,27.8,72,30.5,0.1,0.1,51,23,18.0,38,13.0827,80.2707
2025-12-06T15:00,27.3,74,29.6,0.1,0.1,51,20,18.7,36,13.0827,80.2707
2025-12-06T16:00,26.8,76,29.2,0.1,0.1,51,13,17.5,32,13.0827,80.2707
2025-12-06T17:00,26.6,80,29.9,0.0,0.0,1,23,14.2,22,13.0827,80.2707
2025-12-06T18:00,26.1,81,29.1,0.0,0.0,1,33,14.2,16,13.0827,80.2707
2025-12-06T19:00,25.8,80,28.6,0.0,0.0,0,11,14.5,11,13.0827,80.2707
2025-12-06T20:00,25.5,81,28.4,0.0,0.0,1,21,13.6,8,13.0827,80.2707
2025-12-06T21:00,25.3,82,28.1,0.0,0.0,1,30,13.5,9,13.0827,80.2707
2025-12-06T22:00,25.2,80,28.1,0.0,0.0,2,54,12.2,17,13.0827,80.2707
2025-12-06T23:00,25.6,78,28.4,0.0,0.0,3,97,12.2,24,13.0827,80.2707
2025-12-07T00:00,25.5,78,28.4,0.0,0.0,3,98,11.6,24,13.0827,80.2707
2025-12-07T01:00,25.3,79,28.0,0.0,0.0,3,84,12.4,26,13.0827,80.2707
2025-12-07T02:00,25.1,80,27.9,0.0,0.0,3,93,11.9,29,13.0827,80.2707
2025-12-07T03:00,25.0,81,27.7,0.0,0.0,2,67,12.4,26,13.0827,80.2707
2025-12-07T04:00,24.8,82,27.6,0.0,0.0,1,34,12.3,31,13.0827,80.2707
2025-12-07T05:00,25.2,80,28.1,0.0,0.0,2,51,12.1,27,13.0827,80.2707
2025-12-07T06:00,25.2,81,28.1,0.0,0.0,3,89,12.2,27,13.0827,80.2707
2025-12-07T07:00,25.7,81,28.8,0.0,0.0,3,91,13.2,26,13.0827,80.2707
2025-12-07T08:00,26.6,75,28.7,0.0,0.0,1,45,18.2,31,13.0827,80.2707
2025-12-07T09:00,27.1,71,29.0,0.0,0.0,2,79,19.1,33,13.0827,80.2707
2025-12-07T10:00,27.4,71,29.4,0.1,0.1,51,91,20.3,38,13.0827,80.2707
2025-12-07T11:00,27.5,72,29.8,0.1,0.1,51,98,20.8,32,13.0827,80.2707
2025-12-07T12:00,27.2,73,29.2,0.8,0.8,53,100,20.1,34,13.0827,80.2707
2025-12-07T13:00,27.5,68,29.1,0.3,0.3,51,100,20.1,30,13.0827,80.2707
2025-12-07T14:00,27.5,67,29.0,0.0,0.0,3,100,18.6,32,13.0827,80.2707
2025-12-07T15:00,27.1,68,28.6,0.0,0.0,3,100,18.2,35,13.0827,80.2707
2025-12-07T16:00,26.5,71,28.2,0.0,0.0,3,100,17.8,36,13.0827,80.2707
2025-12-07T17:00,25.7,78,28.5,0.0,0.0,2,54,12.2,22,13.0827,80.2707
2025-12-07T18:00,25.2,80,28.1,0.0,0.0,2,57,11.7,20,13.0827,80.2707
2025-12-07T19:00,24.9,82,27.8,0.0,0.0,1,20,12.3,23,13.0827,80.2707
2025-12-07T20:00,24.8,84,27.7,0.0,0.0,1,20,13.0,24,13.0827,80.2707
2025-12-07T21:00,24.9,83,27.7,0.0,0.0,1,37,13.5,23,13.0827,80.2707
2025-12-07T22:00,24.7,84,27.5,0.0,0.0,0,16,13.7,28,13.0827,80.2707
2025-12-07T23:00,24.6,81,27.2,0.0,0.0,0,11,12.9,28,13.0827,80.2707
2025-12-08T00:00,24.4,81,26.9,0.0,0.0,0,5,12.8,26,13.0827,80.2707
2025-12-08T01:00,24.1,81,26.4,0.0,0.0,0,0,12.8,22,13.0827,80.2707
2025-12-08T02:00,23.8,81,26.0,0.0,0.0,1,24,11.9,18,13.0827,80.2707
2025-12-08T03:00,23.6,82,25.9,0.0,0.0,2,63,11.7,14,13.0827,80.2707
2025-12-08T04:00,23.4,82,25.7,0.0,0.0,3,83,11.0,11,13.0827,80.2707
2025-12-08T05:00,23.7,85,26.4,0.0,0.0,2,74,10.8,11,13.0827,80.2707
2025-12-08T06:00,23.5,85,26.2,0.0,0.0,1,31,11.2,3,13.0827,80.2707
2025-12-08T07:00,24.0,86,27.1,0.0,0.0,1,46,10.2,351,13.0827,80.2707
2025-12-08T08:00,25.2,81,28.3,0.0,0.0,1,44,11.7,360,13.0827,80.2707
2025-12-08T09:00,26.3,70,28.0,0.0,0.0,2,66,16.2,17,13.0827,80.2707
2025-12-08T10:00,27.0,64,28.2,0.0,0.0,3,96,17.3,24,13.0827,80.2707
2025-12-08T11:00,27.1,64,29.0,0.0,0.0,3,97,17.7,22,13.0827,80.2707
2025-12-08T12:00,27.3,64,29.0,0.0,0.0,3,99,18.9,22,13.0827,80.2707
2025-12-08T13:00,27.2,66,28.8,0.0,0.0,3,100,18.7,17,13.0827,80.2707
2025-12-08T14:00,27.2,66,28.4,0.0,0.0,3,100,19.3,14,13.0827,80.2707
2025-12-08T15:00,26.9,66,27.9,0.0,0.0,3,92,19.3,20,13.0827,80.2707
2025-12-08T16:00,26.4,69,27.9,0.0,0.0,3,91,17.0,18,13.0827,80.2707
2025-12-08T17:00,25.8,76,28.3,0.0,0.0,1,35,13.6,6,13.0827,80.2707
2025-12-08T18:00,25.3,77,27.8,0.0,0.0,1,38,13.1,7,13.0827,80.2707
2025-12-08T19:00,25.0,78,27.4,0.0,0.0,1,34,12.7,7,13.0827,80.2707
2025-12-08T20:00,24.7,79,27.3,0.0,0.0,2,79,11.6,5,13.0827,80.2707
2025-12-08T21:00,24.5,81,27.0,0.0,0.0,3,80,12.1,359,13.0827,80.2707
2025-12-08T22:00,24.1,84,26.7,0.1,0.1,51,100,12.8,358,13.0827,80.2707
2025-12-08T23:00,24.3,87,27.3,0.1,0.1,51,99,12.6,2,13.0827,80.2707
2025-12-09T00:00,24.3,86,27.3,0.0,0.0,3,80,12.4,9,13.0827,80.2707
2025-12-09T01:00,24.2,87,27.1,0.1,0.1,51,89,12.9,12,13.0827,80.2707
2025-12-09T02:00,24.2,86,27.1,0.1,0.1,51,64,13.2,15,13.0827,80.2707
2025-12-09T03:00,24.3,84,27.1,0.1,0.1,51,95,12.4,17,13.0827,80.2707
2025-12-09T04:00,24.4,83,27.0,0.0,0.0,2,72,13.0,18,13.0827,80.2707
2025-12-09T05:00,23.9,90,27.2,0.0,0.0,3,98,11.2,6,13.0827,80.2707
2025-12-09T06:00,24.1,87,27.1,0.0,0.0,2,60,12.3,4,13.0827,80.2707
2025-12-09T07:00,24.8,87,28.1,0.0,0.0,2,58,12.6,11,13.0827,80.2707
2025-12-09T08:00,26.3,76,28.5,0.2,0.2,51,25,17.4,27,13.0827,80.2707
2025-12-09T09:00,27.1,71,28.8,0.0,0.0,3,99,19.8,34,13.0827,80.2707
2025-12-09T10:00,27.5,70,29.4,0.0,0.0,2,77,19.0,33,13.0827,80.2707
2025-12-09T11:00,28.0,68,30.8,0.0,0.0,1,24,18.8,28,13.0827,80.2707
2025-12-09T12:00,28.2,67,31.0,0.0,0.0,1,49,18.7,33,13.0827,80.2707
2025-12-09T13:00,27.9,66,30.1,0.0,0.0,1,38,20.2,31,13.0827,80.2707
2025-12-09T14:00,27.5,66,29.0,0.0,0.0,0,16,20.2,27,13.0827,80.2707
2025-12-09T15:00,27.1,66,28.1,0.0,0.0,2,67,19.8,24,13.0827,80.2707
2025-12-09T16:00,26.4,69,27.6,0.0,0.0,3,100,18.6,20,13.0827,80.2707
2025-12-09T17:00,26.0,75,28.2,0.0,0.0,3,92,15.0,27,13.0827,80.2707
2025-12-09T18:00,25.5,77,28.0,0.0,0.0,3,100,13.1,25,13.0827,80.2707
2025-12-09T19:00,25.3,77,27.8,0.0,0.0,3,99,12.2,24,13.0827,80.2707
2025-12-09T20:00,25.1,77,27.5,0.0,0.0,3,100,12.4,22,13.0827,80.2707
2025-12-09T21:00,25.0,76,27.3,0.0,0.0,3,100,12.9,21,13.0827,80.2707
2025-12-09T22:00,24.9,76,27.0,0.0,0.0,3,100,13.1,21,13.0827,80.2707
2025-12-09T23:00,24.6,77,26.8,0.0,0.0,3,100,11.6,18,13.0827,80.2707
2025-12-10T00:00,24.4,78,26.8,0.0,0.0,3,100,10.8,18,13.0827,80.2707
2025-12-10T01:00,24.1,79,26.4,0.0,0.0,3,100,11.6,6,13.0827,80.2707
2025-12-10T02:00,23.8,83,26.3,0.0,0.0,3,100,11.0,2,13.0827,80.2707
2025-12-10T03:00,23.6,87,26.5,0.0,0.0,3,100,11.7,4,13.0827,80.2707
2025-12-10T04:00,23.5,89,26.3,0.0,0.0,3,100,12.5,5,13.0827,80.2707
2025-12-10T05:00,24.0,82,26.2,0.0,0.0,3,100,13.5,16,13.0827,80.2707
2025-12-10T06:00,24.0,79,26.1,0.0,0.0,3,100,12.9,18,13.0827,80.2707
2025-12-10T07:00,24.5,77,26.8,0.0,0.0,3,99,11.5,23,13.0827,80.2707
2025-12-10T08:00,25.7,69,27.3,0.0,0.0,3,88,14.2,26,13.0827,80.2707
2025-12-10T09:00,26.3,67,27.4,0.0,0.0,3,100,17.4,32,13.0827,80.2707
2025-12-10T10:00,26.8,65,28.2,0.0,0.0,3,100,17.4,33,13.0827,80.2707
2025-12-10T11:00,27.3,62,28.4,0.0,0.0,3,100,20.2,34,13.0827,80.2707
2025-12-10T12:00,27.2,62,27.7,0.0,0.0,3,100,19.9,31,13.0827,80.2707
2025-12-10T13:00,27.3,61,28.3,0.0,0.0,2,70,20.0,28,13.0827,80.2707
2025-12-10T14:00,27.2,61,27.8,0.0,0.0,1,30,20.2,27,13.0827,80.2707
2025-12-10T15:00,26.9,60,27.0,0.0,0.0,1,38,20.6,22,13.0827,80.2707
2025-12-10T16:00,26.3,65,27.0,0.0,0.0,1,22,18.0,20,13.0827,80.2707
2025-12-10T17:00,26.0,73,28.1,0.0,0.0,2,55,14.5,17,13.0827,80.2707
2025-12-10T18:00,25.5,75,27.4,0.0,0.0,1,23,15.8,21,13.0827,80.2707
2025-12-10T19:00,25.0,79,27.1,0.0,0.0,1,35,16.1,16,13.0827,80.2707
2025-12-10T20:00,24.8,81,27.0,0.0,0.0,1,25,15.8,21,13.0827,80.2707
2025-12-10T21:00,24.6,81,26.6,0.0,0.0,1,41,16.6,30,13.0827,80.2707
2025-12-10T22:00,24.5,82,26.5,0.0,0.0,1,34,17.0,27,13.0827,80.2707
2025-12-10T23:00,24.7,82,27.2,0.0,0.0,1,44,13.9,17,13.0827,80.2707
2025-12-11T00:00,25.0,76,27.1,0.0,0.0,1,44,13.6,22,13.0827,80.2707
2025-12-11T01:00,24.7,74,26.4,0.0,0.0,2,59,13.8,28,13.0827,80.2707
2025-12-11T02:00,24.5,75,26.2,0.0,0.0,1,46,14.6,24,13.0827,80.2707
2025-12-11T03:00,24.5,76,26.1,0.0,0.0,1,22,15.9,34,13.0827,80.2707
2025-12-11T04:00,24.5,74,25.6,0.0,0.0,0,5,17.2,37,13.0827,80.2707
2025-12-11T05:00,24.5,76,26.0,0.0,0.0,1,22,15.6,29,13.0827,80.2707
2025-12-11T06:00,24.5,75,25.9,0.0,0.0,1,39,15.7,24,13.0827,80.2707
2025-12-11T07:00,25.0,74,26.5,0.0,0.0,0,5,16.2,21,13.0827,80.2707
2025-12-11T08:00,26.1,64,26.6,0.0,0.0,0,1,18.8,26,13.0827,80.2707
2025-12-11T09:00,26.7,62,27.0,0.0,0.0,0,0,19.3,24,13.0827,80.2707
2025-12-11T10:00,27.2,59,28.1,0.0,0.0,0,0,19.4,23,13.0827,80.2707
2025-12-11T11:00,28.0,61,30.0,0.0,0.0,0,1,19.6,20,13.0827,80.2707
2025-12-11T12:00,28.1,62,30.2,0.0,0.0,1,20,20.8,22,13.0827,80.2707
2025-12-11T13:00,27.9,61,29.6,0.0,0.0,0,7,20.6,23,13.0827,80.2707
2025-12-11T14:00,27.5,62,28.7,0.0,0.0,0,7,20.6,22,13.0827,80.2707
2025-12-11T15:00,27.0,62,27.5,0.0,0.0,0,2,20.2,22,13.0827,80.2707
2025-12-11T16:00,26.4,64,26.9,0.0,0.0,0,15,19.4,23,13.0827,80.2707
2025-12-11T17:00,25.9,73,27.8,0.0,0.0,1,49,16.3,19,13.0827,80.2707
2025-12-11T18:00,25.3,76,27.2,0.0,0.0,1,23,15.8,21,13.0827,80.2707
2025-12-11T19:00,25.2,75,27.1,0.0,0.0,0,13,15.4,27,13.0827,80.2707
2025-12-11T20:00,25.0,75,26.7,0.0,0.0,1,27,15.9,35,13.0827,80.2707
2025-12-11T21:00,25.0,75,26.6,0.0,0.0,1,29,15.7,39,13.0827,80.2707
2025-12-11T22:00,24.8,75,26.4,0.0,0.0,1,43,15.2,40,13.0827,80.2707
2025-12-11T23:00,25.0,77,27.1,0.0,0.0,2,66,14.2,40,13.0827,80.2707
2025-12-12T00:00,24.9,77,26.9,0.0,0.0,2,76,14.1,38,13.0827,80.2707
2025-12-12T01:00,24.6,77,26.6,0.0,0.0,2,68,13.3,35,13.0827,80.2707
2025-12-12T02:00,24.4,77,26.5,0.0,0.0,2,70,12.6,31,13.0827,80.2707
2025-12-12T03:00,24.2,78,26.3,0.0,0.0,2,55,12.4,26,13.0827,80.2707
2025-12-12T04:00,24.1,78,26.2,0.0,0.0,1,47,12.2,24,13.0827,80.2707
2025-12-12T05:00,23.8,81,25.9,0.0,0.0,1,33,12.8,26,13.0827,80.2707
2025-12-12T06:00,23.6,81,25.8,0.0,0.0,1,45,12.4,22,13.0827,80.2707
2025-12-12T07:00,24.2,77,26.1,0.0,0.0,2,56,13.6,22,13.0827,80.2707
2025-12-12T08:00,25.4,66,26.0,0.0,0.0,1,49,18.2,26,13.0827,80.2707
2025-12-12T09:00,26.2,62,26.5,0.0,0.0,2,53,18.6,23,13.0827,80.2707
2025-12-12T10:00,26.5,61,27.1,0.0,0.0,2,54,18.8,19,13.0827,80.2707
2025-12-12T11:00,27.0,58,28.1,0.0,0.0,3,99,19.1,19,13.0827,80.2707
2025-12-12T12:00,27.3,58,28.8,0.0,0.0,3,98,19.3,20,13.0827,80.2707
2025-12-12T13:00,27.3,57,28.6,0.0,0.0,3,91,19.5,20,13.0827,80.2707
2025-12-12T14:00,27.1,58,27.9,0.0,0.0,3,94,19.0,20,13.0827,80.2707
2025-12-12T15:00,26.7,59,26.8,0.0,0.0,3,96,18.2,23,13.0827,80.2707
2025-12-12T16:00,26.0,60,26.2,0.0,0.0,3,94,17.8,26,13.0827,80.2707
2025-12-12T17:00,25.5,68,26.8,0.0,0.0,1,27,14.2,26,13.0827,80.2707
2025-12-12T18:00,24.9,70,26.3,0.0,0.0,0,13,14.1,28,13.0827,80.2707
2025-12-12T19:00,24.8,70,26.1,0.0,0.0,1,36,13.7,32,13.0827,80.2707
2025-12-12T20:00,24.7,70,26.0,0.0,0.0,2,50,13.6,34,13.0827,80.2707
2025-12-12T21:00,24.5,71,25.9,0.0,0.0,1,20,13.1,33,13.0827,80.2707
2025-12-12T22:00,24.0,74,25.7,0.0,0.0,0,7,11.9,32,13.0827,80.2707
2025-12-12T23:00,23.9,72,25.5,0.0,0.0,0,12,11.0,32,13.0827,80.2707
2025-12-13T00:00,23.6,73,25.3,0.0,0.0,0,10,9.8,23,13.0827,80.2707
2025-12-13T01:00,23.0,76,24.9,0.0,0.0,0,18,8.6,11,13.0827,80.2707
2025-12-13T02:00,22.4,79,24.3,0.0,0.0,1,23,8.8,1,13.0827,80.2707
2025-12-13T03:00,21.8,81,23.8,0.0,0.0,0,15,7.8,351,13.0827,80.2707
2025-12-13T04:00,21.2,85,23.2,0.0,0.0,1,24,7.9,336,13.0827,80.2707
2025-12-13T05:00,21.0,92,23.3,0.0,0.0,2,55,9.0,330,13.0827,80.2707
2025-12-13T06:00,20.8,94,23.2,0.0,0.0,2,63,9.0,331,13.0827,80.2707
2025-12-13T07:00,21.9,90,24.5,0.0,0.0,0,11,9.0,340,13.0827,80.2707
2025-12-13T08:00,23.8,82,26.5,0.0,0.0,1,24,9.4,348,13.0827,80.2707
2025-12-13T09:00,25.5,68,27.0,0.0,0.0,0,13,13.5,16,13.0827,80.2707
2025-12-13T10:00,26.6,58,27.8,0.0,0.0,0,5,14.3,24,13.0827,80.2707
2025-12-13T11:00,27.3,54,28.7,0.0,0.0,0,4,15.2,30,13.0827,80.2707
2025-12-13T12:00,27.6,52,29.1,0.0,0.0,0,4,15.5,33,13.0827,80.2707
2025-12-13T13:00,27.6,52,28.9,0.0,0.0,0,3,15.7,34,13.0827,80.2707
2025-12-13T14:00,27.2,55,28.2,0.0,0.0,0,2,15.8,34,13.0827,80.2707
2025-12-13T15:00,26.7,57,27.0,0.0,0.0,0,13,15.9,31,13.0827,80.2707
2025-12-13T16:00,26.0,58,26.2,0.0,0.0,0,17,15.8,32,13.0827,80.2707
2025-12-13T17:00,25.3,66,26.3,0.0,0.0,0,13,13.7,32,13.0827,80.2707
2025-12-13T18:00,24.8,67,26.0,0.0,0.0,0,19,12.5,28,13.0827,80.2707
2025-12-13T19:00,24.7,67,26.0,0.0,0.0,1,21,12.1,28,13.0827,80.2707
2025-12-13T20:00,24.7,67,25.9,0.0,0.0,0,19,11.8,33,13.0827,80.2707
2025-12-13T21:00,24.7,66,25.8,0.0,0.0,1,35,11.5,39,13.0827,80.2707
2025-12-13T22:00,24.6,65,25.7,0.0,0.0,2,62,11.3,43,13.0827,80.2707
2025-12-13T23:00,24.5,65,25.4,0.0,0.0,1,41,11.6,49,13.0827,80.2707
2025-12-14T00:00,24.4,65,25.4,0.0,0.0,1,40,11.3,53,13.0827,80.2707
2025-12-14T01:00,24.2,66,25.2,0.0,0.0,1,43,11.1,50,13.0827,80.2707
2025-12-14T02:00,24.0,66,24.8,0.0,0.0,1,48,11.7,43,13.0827,80.2707
2025-12-14T03:00,23.7,66,24.5,0.0,0.0,1,47,11.3,39,13.0827,80.2707
2025-12-14T04:00,23.6,67,24.5,0.0,0.0,2,50,10.7,33,13.0827,80.2707
2025-12-14T05:00,23.7,71,24.8,0.0,0.0,1,34,11.9,25,13.0827,80.2707
2025-12-14T06:00,23.7,70,24.7,0.0,0.0,2,56,11.8,24,13.0827,80.2707
2025-12-14T07:00,24.6,65,25.9,0.0,0.0,2,62,10.5,27,13.0827,80.2707
2025-12-14T08:00,26.1,58,26.8,0.0,0.0,1,41,12.2,33,13.0827,80.2707
2025-12-14T09:00,26.9,54,26.8,0.0,0.0,1,26,16.4,42,13.0827,80.2707
2025-12-14T10:00,27.4,53,27.9,0.0,0.0,0,13,16.1,40,13.0827,80.2707
2025-12-14T11:00,27.6,52,28.7,0.0,0.0,1,23,16.5,34,13.0827,80.2707
2025-12-14T12:00,28.1,49,29.1,0.0,0.0,0,18,16.3,34,13.0827,80.2707
2025-12-14T13:00,27.9,49,28.8,0.0,0.0,1,25,15.7,36,13.0827,80.2707
2025-12-14T14:00,27.6,51,28.3,0.0,0.0,0,19,14.9,36,13.0827,80.2707
2025-12-14T15:00,27.1,52,27.1,0.0,0.0,0,12,14.7,33,13.0827,80.2707
2025-12-14T16:00,26.2,57,26.4,0.0,0.0,0,16,14.5,30,13.0827,80.2707
2025-12-14T17:00,25.7,61,26.6,0.0,0.0,0,10,12.0,26,13.0827,80.2707
2025-12-14T18:00,25.1,65,26.4,0.0,0.0,0,16,10.9,27,13.0827,80.2707
2025-12-14T19:00,24.8,67,26.2,0.0,0.0,0,18,11.2,33,13.0827,80.2707
2025-12-14T20:00,24.7,67,25.9,0.0,0.0,1,20,12.2,38,13.0827,80.2707
2025-12-14T21:00,24.5,68,25.6,0.0,0.0,0,15,12.8,42,13.0827,80.2707
2025-12-14T22:00,24.1,69,25.2,0.0,0.0,0,11,11.9,39,13.0827,80.2707
2025-12-14T23:00,23.9,67,24.9,0.0,0.0,1,27,11.3,39,13.0827,80.2707
2025-12-15T00:00,23.9,66,24.9,0.0,0.0,1,34,10.5,38,13.0827,80.2707
2025-12-15T01:00,23.8,67,24.8,0.0,0.0,1,30,10.0,38,13.0827,80.2707
2025-12-15T02:00,23.6,67,24.8,0.0,0.0,1,34,9.1,38,13.0827,80.2707
2025-12-15T03:00,23.4,68,24.7,0.0,0.0,1,25,8.1,28,13.0827,80.2707
2025-12-15T04:00,23.1,71,24.5,0.0,0.0,1,41,8.6,8,13.0827,80.2707
2025-12-15T05:00,23.4,74,25.0,0.0,0.0,2,51,9.9,4,13.0827,80.2707
2025-12-15T06:00,23.0,76,24.8,0.0,0.0,1,26,9.7,358,13.0827,80.2707
2025-12-15T07:00,23.9,72,25.7,0.0,0.0,1,45,9.6,9,13.0827,80.2707
2025-12-15T08:00,25.7,65,27.2,0.0,0.0,1,23,11.5,14,13.0827,80.2707
2025-12-15T09:00,27.1,57,27.5,0.0,0.0,1,21,16.7,32,13.0827,80.2707
2025-12-15T10:00,27.6,55,28.1,0.0,0.0,1,21,17.2,31,13.0827,80.2707
2025-12-15T11:00,27.9,54,29.1,0.0,0.0,0,11,17.4,27,13.0827,80.2707
2025-12-15T12:00,28.4,51,29.8,0.0,0.0,0,9,16.7,25,13.0827,80.2707
2025-12-15T13:00,28.2,52,29.3,0.0,0.0,1,24,17.4,28,13.0827,80.2707
2025-12-15T14:00,28.0,52,28.5,0.0,0.0,0,8,17.7,30,13.0827,80.2707
2025-12-15T15:00,27.6,53,27.4,0.0,0.0,0,18,18.1,28,13.0827,80.2707
2025-12-15T16:00,26.9,56,26.8,0.0,0.0,0,3,18.5,24,13.0827,80.2707
2025-12-15T17:00,26.5,63,27.4,0.0,0.0,2,73,16.1,20,13.0827,80.2707
2025-12-15T18:00,26.1,67,27.5,0.0,0.0,2,53,15.1,22,13.0827,80.2707
2025-12-15T19:00,26.0,68,27.4,0.0,0.0,2,53,15.5,29,13.0827,80.2707
2025-12-15T20:00,25.9,69,27.3,0.0,0.0,1,30,16.4,33,13.0827,80.2707
2025-12-15T21:00,25.6,71,27.1,0.0,0.0,0,9,16.1,33,13.0827,80.2707
2025-12-15T22:00,25.3,72,27.0,0.0,0.0,1,38,15.1,32,13.0827,80.2707
2025-12-15T23:00,25.0,76,27.0,0.0,0.0,0,14,14.8,22,13.0827,80.2707
2025-12-16T00:00,24.9,76,26.7,0.0,0.0,1,22,15.5,18,13.0827,80.2707
2025-12-16T01:00,24.7,77,26.5,0.0,0.0,3,83,15.3,17,13.0827,80.2707
2025-12-16T02:00,24.8,77,26.6,0.0,0.0,3,97,14.8,13,13.0827,80.2707
2025-12-16T03:00,24.7,77,26.7,0.0,0.0,2,72,14.2,18,13.0827,80.2707
2025-12-16T04:00,24.9,76,26.7,0.0,0.0,3,100,15.0,17,13.0827,80.2707
2025-12-16T05:00,25.1,77,27.2,0.0,0.0,3,100,14.8,26,13.0827,80.2707
2025-12-16T06:00,25.6,75,27.5,0.2,0.2,51,98,16.3,32,13.0827,80.2707
2025-12-16T07:00,26.2,72,27.9,0.0,0.0,3,99,17.1,38,13.0827,80.2707
2025-12-16T08:00,26.8,70,28.3,0.1,0.1,51,100,19.3,49,13.0827,80.2707
2025-12-16T09:00,26.6,71,28.5,0.2,0.2,51,100,17.0,42,13.0827,80.2707
2025-12-16T10:00,27.1,71,28.9,0.6,0.6,53,100,19.0,49,13.0827,80.2707
2025-12-16T11:00,27.3,72,29.6,0.1,0.1,51,100,17.8,23,13.0827,80.2707
2025-12-16T12:00,26.5,77,28.9,0.6,0.6,53,100,17.4,63,13.0827,80.2707
2025-12-16T13:00,25.8,80,28.6,0.4,0.4,51,99,14.7,59,13.0827,80.2707
2025-12-16T14:00,26.0,79,28.4,0.4,0.4,51,98,17.3,48,13.0827,80.2707
2025-12-16T15:00,25.5,80,27.9,0.3,0.3,51,100,17.0,51,13.0827,80.2707
2025-12-16T16:00,25.1,84,27.9,0.4,0.4,51,100,14.7,47,13.0827,80.2707
2025-12-16T17:00,26.0,82,28.7,0.3,0.3,51,100,18.0,39,13.0827,80.2707
2025-12-16T18:00,25.4,84,28.4,0.3,0.3,51,100,15.2,36,13.0827,80.2707
2025-12-16T19:00,25.7,83,28.6,0.1,0.1,51,100,15.7,30,13.0827,80.2707
2025-12-16T20:00,25.6,84,28.7,0.0,0.0,2,57,15.0,37,13.0827,80.2707
2025-12-16T21:00,25.4,86,28.5,0.1,0.1,51,38,15.6,39,13.0827,80.2707
2025-12-16T22:00,25.2,87,28.5,0.1,0.1,51,41,14.1,39,13.0827,80.2707
2025-12-16T23:00,24.7,89,28.2,0.1,0.1,51,75,13.0,46,13.0827,80.2707
2025-12-17T00:00,24.5,92,28.3,0.3,0.3,51,88,11.6,49,13.0827,80.2707
2025-12-17T01:00,24.6,90,28.0,0.1,0.1,51,66,13.3,32,13.0827,80.2707
2025-12-17T02:00,24.2,91,27.5,0.0,0.0,3,85,13.5,29,13.0827,80.2707
2025-12-17T03:00,24.1,92,27.5,0.3,0.3,51,84,12.5,33,13.0827,80.2707
2025-12-17T04:00,24.3,90,27.6,0.1,0.1,51,63,13.3,23,13.0827,80.2707
2025-12-17T05:00,24.5,89,27.9,0.1,0.1,51,73,13.1,29,13.0827,80.2707
2025-12-17T06:00,24.4,89,27.5,0.2,0.2,51,84,13.9,34,13.0827,80.2707
2025-12-17T07:00,25.2,88,28.4,0.3,0.3,51,70,15.7,33,13.0827,80.2707
2025-12-17T08:00,26.2,82,28.9,0.3,0.3,51,55,18.9,37,13.0827,80.2707
2025-12-17T09:00,27.0,77,29.2,0.2,0.2,51,73,20.7,40,13.0827,80.2707
2025-12-17T10:00,27.6,74,29.9,0.0,0.0,3,100,21.0,38,13.0827,80.2707
2025-12-17T11:00,28.1,69,30.7,0.0,0.0,2,66,20.9,32,13.0827,80.2707
2025-12-17T12:00,28.3,64,30.8,0.0,0.0,0,0,20.4,29,13.0827,80.2707
2025-12-17T13:00,28.2,62,30.4,0.0,0.0,1,34,20.1,27,13.0827,80.2707
2025-12-17T14:00,27.9,60,29.2,0.0,0.0,0,0,20.0,23,13.0827,80.2707
2025-12-17T15:00,27.3,63,28.1,0.0,0.0,0,0,19.9,21,13.0827,80.2707
2025-12-17T16:00,26.4,69,27.5,0.0,0.0,1,38,19.4,21,13.0827,80.2707
2025-12-17T17:00,25.6,79,27.9,0.0,0.0,0,7,15.8,12,13.0827,80.2707
2025-12-17T18:00,24.8,82,27.2,0.0,0.0,0,16,15.3,12,13.0827,80.2707
2025-12-17T19:00,24.5,83,27.0,0.0,0.0,0,7,14.0,15,13.0827,80.2707
2025-12-17T20:00,24.3,84,26.9,0.0,0.0,0,16,13.8,17,13.0827,80.2707
2025-12-17T21:00,24.3,84,26.7,0.0,0.0,1,45,14.2,20,13.0827,80.2707
2025-12-17T22:00,24.1,84,26.6,0.0,0.0,0,13,13.3,23,13.0827,80.2707
2025-12-17T23:00,23.9,88,26.7,0.0,0.0,2,56,13.1,29,13.0827,80.2707
2025-12-18T00:00,23.8,87,26.7,0.0,0.0,2,58,12.2,31,13.0827,80.2707
2025-12-18T01:00,23.5,86,26.1,0.0,0.0,2,78,11.6,30,13.0827,80.2707
2025-12-18T02:00,23.1,83,25.4,0.0,0.0,3,99,11.4,29,13.0827,80.2707
2025-12-18T03:00,22.9,82,24.9,0.0,0.0,3,98,11.0,34,13.0827,80.2707
2025-12-18T04:00,22.7,82,24.8,0.0,0.0,3,100,10.5,38,13.0827,80.2707
2025-12-18T05:00,23.5,79,25.4,0.0,0.0,3,100,12.2,36,13.0827,80.2707
2025-12-18T06:00,23.6,79,25.4,0.0,0.0,3,100,12.5,32,13.0827,80.2707
2025-12-18T07:00,24.5,74,26.3,0.0,0.0,3,100,12.2,34,13.0827,80.2707
2025-12-18T08:00,25.7,65,26.8,0.0,0.0,3,100,15.0,40,13.0827,80.2707
2025-12-18T09:00,26.6,60,27.3,0.0,0.0,3,100,15.7,43,13.0827,80.2707
2025-12-18T10:00,27.4,56,28.0,0.0,0.0,3,100,16.5,40,13.0827,80.2707
2025-12-18T11:00,27.3,58,28.4,0.0,0.0,3,98,17.3,39,13.0827,80.2707
2025-12-18T12:00,28.0,56,29.6,0.0,0.0,2,52,17.3,42,13.0827,80.2707
2025-12-18T13:00,28.0,56,29.2,0.0,0.0,2,71,17.0,42,13.0827,80.2707
2025-12-18T14:00,27.4,61,28.4,0.1,0.1,51,51,16.3,38,13.0827,80.2707
2025-12-18T15:00,26.9,64,28.1,0.1,0.1,51,42,16.0,35,13.0827,80.2707
2025-12-18T16:00,26.4,66,28.0,0.1,0.1,51,45,14.6,35,13.0827,80.2707
2025-12-18T17:00,26.3,64,27.8,0.1,0.1,51,42,12.4,33,13.0827,80.2707
2025-12-18T18:00,25.3,72,27.6,0.0,0.0,1,20,10.5,39,13.0827,80.2707
2025-12-18T19:00,24.9,73,27.3,0.0,0.0,1,33,9.3,44,13.0827,80.2707
2025-12-18T20:00,24.6,73,26.8,0.0,0.0,3,99,9.5,44,13.0827,80.2707
2025-12-18T21:00,24.3,73,26.4,0.0,0.0,3,98,9.7,45,13.0827,80.2707
2025-12-18T22:00,24.1,73,25.9,0.0,0.0,2,71,10.3,46,13.0827,80.2707
2025-12-18T23:00,24.1,73,26.1,0.0,0.0,3,83,9.7,45,13.0827,80.2707
2025-12-19T00:00,23.9,74,25.9,0.0,0.0,3,99,8.9,32,13.0827,80.2707
2025-12-19T01:00,23.6,75,25.8,0.0,0.0,3,100,8.0,18,13.0827,80.2707
2025-12-19T02:00,23.2,78,25.5,0.0,0.0,3,100,7.6,12,13.0827,80.2707
2025-12-19T03:00,22.9,81,25.2,0.0,0.0,3,100,8.1,6,13.0827,80.2707
2025-12-19T04:00,22.6,82,24.8,0.0,0.0,3,100,8.7,4,13.0827,80.2707
2025-12-19T05:00,22.7,82,25.0,0.0,0.0,3,100,9.2,349,13.0827,80.2707
2025-12-19T06:00,22.5,81,24.8,0.0,0.0,3,100,7.9,348,13.0827,80.2707
2025-12-19T07:00,23.4,78,25.8,0.0,0.0,3,100,7.5,349,13.0827,80.2707
2025-12-19T08:00,25.1,74,28.0,0.0,0.0,3,84,7.1,353,13.0827,80.2707
2025-12-19T09:00,26.9,60,28.4,0.0,0.0,0,2,10.3,27,13.0827,80.2707
2025-12-19T10:00,28.1,47,28.7,0.0,0.0,0,9,12.2,43,13.0827,80.2707
2025-12-19T11:00,28.4,45,29.5,0.0,0.0,1,25,12.7,55,13.0827,80.2707
2025-12-19T12:00,28.7,46,30.2,0.0,0.0,1,30,12.6,54,13.0827,80.2707
2025-12-19T13:00,28.7,46,29.9,0.0,0.0,1,34,12.3,52,13.0827,80.2707
2025-12-19T14:00,28.4,46,29.1,0.0,0.0,0,18,12.5,51,13.0827,80.2707
2025-12-19T15:00,27.7,49,27.8,0.0,0.0,0,3,12.9,47,13.0827,80.2707
2025-12-19T16:00,26.9,52,27.2,0.0,0.0,0,7,12.4,41,13.0827,80.2707
2025-12-19T17:00,26.6,56,27.7,0.0,0.0,2,69,9.6,43,13.0827,80.2707
2025-12-19T18:00,25.7,61,27.1,0.0,0.0,2,73,8.8,41,13.0827,80.2707
2025-12-19T19:00,25.3,64,26.8,0.0,0.0,1,23,8.9,43,13.0827,80.2707
2025-12-19T20:00,25.0,65,26.5,0.0,0.0,0,16,9.4,48,13.0827,80.2707
2025-12-19T21:00,24.8,65,26.2,0.0,0.0,1,27,9.0,59,13.0827,80.2707
2025-12-19T22:00,24.5,65,26.0,0.0,0.0,1,40,8.8,64,13.0827,80.2707
2025-12-19T23:00,24.2,69,26.0,0.0,0.0,2,68,7.3,48,13.0827,80.2707
2025-12-20T00:00,23.6,72,25.6,0.0,0.0,1,20,6.7,27,13.0827,80.2707
2025-12-20T01:00,23.0,75,25.3,0.0,0.0,0,5,4.8,349,13.0827,80.2707
2025-12-20T02:00,22.7,75,24.5,0.0,0.0,0,11,7.1,324,13.0827,80.2707
2025-12-20T03:00,22.4,71,23.6,0.0,0.0,1,29,7.7,336,13.0827,80.2707
2025-12-20T04:00,22.0,71,23.1,0.0,0.0,1,20,7.3,349,13.0827,80.2707
2025-12-20T05:00,20.9,82,22.4,0.0,0.0,1,31,8.1,325,13.0827,80.2707
2025-12-20T06:00,20.9,83,22.5,0.0,0.0,1,44,8.1,323,13.0827,80.2707
2025-12-20T07:00,21.8,82,23.9,0.0,0.0,3,96,7.3,316,13.0827,80.2707
2025-12-20T08:00,24.3,71,26.7,0.0,0.0,3,100,5.6,315,13.0827,80.2707
2025-12-20T09:00,26.6,58,28.1,0.0,0.0,3,100,8.8,26,13.0827,80.2707
2025-12-20T10:00,27.9,47,28.5,0.0,0.0,2,79,12.0,45,13.0827,80.2707
2025-12-20T11:00,28.6,43,29.6,0.0,0.0,1,22,10.1,57,13.0827,80.2707
2025-12-20T12:00,29.0,39,29.6,0.0,0.0,0,18,9.8,62,13.0827,80.2707
2025-12-20T13:00,29.0,38,29.6,0.0,0.0,1,20,9.8,70,13.0827,80.2707
2025-12-20T14:00,28.9,39,29.2,0.0,0.0,0,9,10.7,74,13.0827,80.2707
2025-12-20T15:00,28.3,44,28.3,0.0,0.0,0,16,11.6,60,13.0827,80.2707
2025-12-20T16:00,27.2,52,27.7,0.0,0.0,1,23,11.4,62,13.0827,80.2707
2025-12-20T17:00,26.5,59,27.5,0.0,0.0,0,19,12.0,39,13.0827,80.2707
2025-12-20T18:00,25.5,68,27.2,0.0,0.0,3,99,11.4,25,13.0827,80.2707
2025-12-20T19:00,25.3,71,27.4,0.0,0.0,3,100,10.1,24,13.0827,80.2707
2025-12-20T20:00,25.1,73,27.5,0.0,0.0,3,95,9.2,21,13.0827,80.2707
2025-12-20T21:00,25.1,74,27.7,0.0,0.0,3,100,8.6,11,13.0827,80.2707
2025-12-20T22:00,24.8,76,27.6,0.1,0.1,51,100,8.4,7,13.0827,80.2707
2025-12-20T23:00,24.2,81,27.3,0.0,0.0,0,16,7.8,337,13.0827,80.2707
2025-12-21T00:00,23.7,83,26.8,0.0,0.0,0,18,7.5,336,13.0827,80.2707
2025-12-21T01:00,23.4,84,26.4,0.0,0.0,1,27,7.0,331,13.0827,80.2707
2025-12-21T02:00,22.9,87,25.9,0.0,0.0,3,80,8.3,318,13.0827,80.2707
2025-12-21T03:00,22.5,90,25.5,0.0,0.0,0,15,8.4,315,13.0827,80.2707
2025-12-21T04:00,22.2,90,25.0,0.0,0.0,0,12,8.2,320,13.0827,80.2707
2025-12-21T05:00,22.4,93,25.4,0.0,0.0,2,56,9.9,2,13.0827,80.2707
2025-12-21T06:00,22.8,90,25.9,0.1,0.1,51,24,8.6,331,13.0827,80.2707
2025-12-21T07:00,23.4,87,26.5,0.0,0.0,0,4,8.9,320,13.0827,80.2707
2025-12-21T08:00,25.1,79,28.5,0.0,0.0,0,16,7.2,328,13.0827,80.2707
2025-12-21T09:00,27.2,61,29.3,0.1,0.1,51,32,8.6,29,13.0827,80.2707
2025-12-21T10:00,28.7,45,28.6,0.0,0.0,1,21,13.9,51,13.0827,80.2707
2025-12-21T11:00,29.1,44,29.5,0.0,0.0,0,13,13.7,55,13.0827,80.2707
2025-12-21T12:00,28.7,47,29.3,0.0,0.0,3,98,15.2,54,13.0827,80.2707
2025-12-21T13:00,27.8,54,28.3,0.0,0.0,2,50,14.8,59,13.0827,80.2707
2025-12-21T14:00,28.2,51,28.5,0.0,0.0,1,45,14.4,52,13.0827,80.2707
2025-12-21T15:00,27.9,48,27.7,0.0,0.0,1,37,14.0,45,13.0827,80.2707
2025-12-21T16:00,27.7,45,27.2,0.0,0.0,0,16,13.4,35,13.0827,80.2707
2025-12-21T17:00,26.7,51,26.9,0.0,0.0,1,32,11.9,35,13.0827,80.2707
2025-12-21T18:00,25.8,57,26.3,0.0,0.0,0,5,12.4,33,13.0827,80.2707
2025-12-21T19:00,25.5,55,25.9,0.0,0.0,0,5,10.8,26,13.0827,80.2707
2025-12-21T20:00,25.3,58,25.8,0.0,0.0,2,54,12.3,27,13.0827,80.2707
2025-12-21T21:00,25.2,57,25.3,0.0,0.0,1,26,14.0,33,13.0827,80.2707
2025-12-21T22:00,24.9,55,24.6,0.0,0.0,0,2,13.4,40,13.0827,80.2707
2025-12-21T23:00,25.0,57,25.4,0.0,0.0,0,3,11.4,41,13.0827,80.2707
2025-12-22T00:00,25.0,58,25.4,0.0,0.0,1,22,10.7,49,13.0827,80.2707
2025-12-22T01:00,25.0,59,25.8,0.0,0.0,3,84,9.0,29,13.0827,80.2707
2025-12-22T02:00,24.1,64,25.2,0.0,0.0,3,100,8.6,2,13.0827,80.2707
2025-12-22T03:00,24.2,66,26.0,0.0,0.0,3,94,6.0,10,13.0827,80.2707
2025-12-22T04:00,24.1,66,25.8,0.0,0.0,1,30,6.2,15,13.0827,80.2707
2025-12-22T05:00,23.5,74,25.7,0.0,0.0,2,63,5.8,9,13.0827,80.2707
2025-12-22T06:00,23.5,73,25.7,0.0,0.0,2,59,6.1,14,13.0827,80.2707
2025-12-22T07:00,24.9,66,26.6,0.0,0.0,3,100,8.0,28,13.0827,80.2707
2025-12-22T08:00,26.8,54,27.7,0.0,0.0,3,98,10.0,54,13.0827,80.2707
2025-12-22T09:00,27.8,49,27.5,0.0,0.0,3,96,16.1,65,13.0827,80.2707
2025-12-22T10:00,28.2,50,28.1,0.0,0.0,3,92,16.7,63,13.0827,80.2707
2025-12-22T11:00,28.8,48,29.1,0.0,0.0,3,97,16.8,57,13.0827,80.2707
2025-12-22T12:00,28.6,52,29.2,0.0,0.0,3,98,16.6,49,13.0827,80.2707
2025-12-22T13:00,28.9,50,29.6,0.0,0.0,3,98,14.7,49,13.0827,80.2707
2025-12-22T14:00,29.1,48,29.7,0.0,0.0,2,50,14.8,47,13.0827,80.2707
2025-12-22T15:00,28.2,50,28.6,0.0,0.0,2,76,13.4,39,13.0827,80.2707
2025-12-22T16:00,27.7,52,28.1,0.0,0.0,2,72,13.4,32,13.0827,80.2707
2025-12-22T17:00,26.9,57,27.8,0.0,0.0,3,95,12.8,34,13.0827,80.2707
2025-12-22T18:00,26.2,60,27.4,0.0,0.0,3,84,11.0,24,13.0827,80.2707
2025-12-22T19:00,25.7,63,27.0,0.0,0.0,2,72,10.9,22,13.0827,80.2707
2025-12-22T20:00,25.3,64,26.7,0.0,0.0,3,88,10.0,21,13.0827,80.2707
2025-12-22T21:00,24.9,66,26.3,0.0,0.0,0,10,9.6,23,13.0827,80.2707
2025-12-22T22:00,24.5,68,26.1,0.0,0.0,0,0,9.4,20,13.0827,80.2707
2025-12-22T23:00,24.4,69,25.9,0.0,0.0,0,11,10.6,11,13.0827,80.2707
2025-12-23T00:00,23.9,69,25.3,0.0,0.0,1,21,9.5,358,13.0827,80.2707
2025-12-23T01:00,23.4,68,24.5,0.0,0.0,0,2,9.1,345,13.0827,80.2707
2025-12-23T02:00,23.0,67,23.9,0.0,0.0,0,7,9.0,347,13.0827,80.2707
2025-12-23T03:00,22.8,67,23.6,0.0,0.0,1,35,9.3,352,13.0827,80.2707
2025-12-23T04:00,22.7,65,23.3,0.0,0.0,3,95,9.4,355,13.0827,80.2707
2025-12-23T05:00,21.6,88,24.1,0.0,0.0,0,9,7.8,334,13.0827,80.2707
2025-12-23T06:00,21.3,90,23.7,0.0,0.0,0,13,8.6,327,13.0827,80.2707
2025-12-23T07:00,22.0,88,24.3,0.0,0.0,0,0,9.6,326,13.0827,80.2707
2025-12-23T08:00,24.3,75,26.7,0.0,0.0,0,0,8.9,342,13.0827,80.2707
2025-12-23T09:00,26.6,66,28.6,0.0,0.0,0,13,11.3,7,13.0827,80.2707
2025-12-23T10:00,27.9,56,29.6,0.0,0.0,1,36,13.9,25,13.0827,80.2707
2025-12-23T11:00,28.3,55,30.3,0.0,0.0,1,36,14.6,21,13.0827,80.2707
2025-12-23T12:00,28.7,52,30.1,0.0,0.0,2,59,15.6,24,13.0827,80.2707
2025-12-23T13:00,28.6,50,29.6,0.0,0.0,3,93,15.1,25,13.0827,80.2707
2025-12-23T14:00,28.6,50,29.3,0.0,0.0,3,84,15.4,24,13.0827,80.2707
2025-12-23T15:00,28.1,50,28.3,0.0,0.0,3,94,14.9,22,13.0827,80.2707
2025-12-23T16:00,27.4,53,27.7,0.0,0.0,2,56,14.9,21,13.0827,80.2707
2025-12-23T17:00,26.7,60,27.5,0.0,0.0,0,5,14.9,27,13.0827,80.2707
2025-12-23T18:00,26.0,63,26.9,0.0,0.0,2,67,14.4,28,13.0827,80.2707
2025-12-23T19:00,25.6,65,26.6,0.0,0.0,1,24,14.1,32,13.0827,80.2707
2025-12-23T20:00,25.3,66,26.3,0.0,0.0,1,39,14.1,32,13.0827,80.2707
2025-12-23T21:00,25.1,67,26.3,0.0,0.0,3,96,13.4,36,13.0827,80.2707
2025-12-23T22:00,24.9,68,26.4,0.0,0.0,3,99,12.0,35,13.0827,80.2707
2025-12-23T23:00,24.9,70,26.5,0.0,0.0,2,70,11.6,33,13.0827,80.2707
2025-12-24T00:00,24.8,69,26.4,0.0,0.0,3,98,11.1,37,13.0827,80.2707
2025-12-24T01:00,24.6,69,26.3,0.0,0.0,3,88,9.9,42,13.0827,80.2707
2025-12-24T02:00,24.2,70,25.9,0.0,0.0,1,27,9.7,50,13.0827,80.2707
2025-12-24T03:00,24.1,71,26.0,0.0,0.0,1,20,8.3,51,13.0827,80.2707
2025-12-24T04:00,23.3,77,26.1,0.0,0.0,0,5,3.4,47,13.0827,80.2707
2025-12-24T05:00,22.9,82,25.7,0.0,0.0,1,34,5.7,351,13.0827,80.2707
2025-12-24T06:00,22.7,87,25.9,0.0,0.0,1,29,5.5,324,13.0827,80.2707
2025-12-24T07:00,23.2,86,26.4,0.0,0.0,1,39,7.3,329,13.0827,80.2707
2025-12-24T08:00,24.5,81,27.7,0.0,0.0,1,26,7.6,326,13.0827,80.2707
2025-12-24T09:00,26.8,63,29.3,0.1,0.1,51,47,6.1,32,13.0827,80.2707
2025-12-24T10:00,28.2,50,29.3,0.0,0.0,0,18,11.3,56,13.0827,80.2707
2025-12-24T11:00,28.4,48,29.7,0.0,0.0,0,11,11.6,46,13.0827,80.2707
2025-12-24T12:00,28.8,46,30.3,0.0,0.0,2,78,12.6,41,13.0827,80.2707
2025-12-24T13:00,28.8,46,30.2,0.0,0.0,3,88,12.8,38,13.0827,80.2707
2025-12-24T14:00,28.7,46,29.5,0.0,0.0,3,95,13.2,30,13.0827,80.2707
2025-12-24T15:00,28.2,48,28.2,0.0,0.0,3,80,13.5,25,13.0827,80.2707
2025-12-24T16:00,27.2,51,27.2,0.0,0.0,3,88,14.1,25,13.0827,80.2707
2025-12-24T17:00,26.4,60,27.5,0.0,0.0,3,91,12.8,19,13.0827,80.2707
2025-12-24T18:00,25.6,64,26.7,0.0,0.0,3,94,12.9,20,13.0827,80.2707
2025-12-24T19:00,25.2,66,26.6,0.0,0.0,1,34,12.1,17,13.0827,80.2707
2025-12-24T20:00,25.0,67,26.3,0.0,0.0,0,3,11.7,15,13.0827,80.2707
2025-12-24T21:00,24.6,69,25.8,0.0,0.0,0,4,13.7,19,13.0827,80.2707
2025-12-24T22:00,24.5,70,25.6,0.0,0.0,0,12,14.1,23,13.0827,80.2707
2025-12-24T23:00,24.6,71,26.1,0.0,0.0,0,5,12.8,22,13.0827,80.2707
2025-12-25T00:00,24.3,71,25.9,0.0,0.0,0,6,10.9,16,13.0827,80.2707
2025-12-25T01:00,23.9,72,25.8,0.0,0.0,0,0,8.9,8,13.0827,80.2707
2025-12-25T02:00,23.4,75,25.7,0.0,0.0,0,11,6.3,355,13.0827,80.2707
2025-12-25T03:00,22.7,78,25.0,0.0,0.0,1,26,6.4,322,13.0827,80.2707
2025-12-25T04:00,21.7,84,23.7,0.0,0.0,0,8,8.9,304,13.0827,80.2707
2025-12-25T05:00,22.2,86,24.4,0.0,0.0,0,12,9.7,310,13.0827,80.2707
2025-12-25T06:00,22.1,88,25.1,0.0,0.0,2,67,5.1,321,13.0827,80.2707
2025-12-25T07:00,22.5,87,25.0,0.0,0.0,1,44,10.0,326,13.0827,80.2707
2025-12-25T08:00,23.8,81,26.5,0.0,0.0,3,92,8.5,347,13.0827,80.2707
2025-12-25T09:00,24.6,77,26.9,0.1,0.1,51,100,11.2,359,13.0827,80.2707
2025-12-25T10:00,24.8,77,27.0,0.2,0.2,51,52,13.1,1,13.0827,80.2707
2025-12-25T11:00,26.0,71,27.9,0.0,0.0,1,28,15.0,19,13.0827,80.2707
2025-12-25T12:00,27.4,63,30.2,0.0,0.0,3,96,13.8,31,13.0827,80.2707
2025-12-25T13:00,27.5,61,29.1,0.1,0.1,51,98,16.0,43,13.0827,80.2707
2025-12-25T14:00,27.2,63,28.4,0.0,0.0,3,100,16.4,45,13.0827,80.2707
2025-12-25T15:00,26.7,65,27.9,0.1,0.1,51,100,16.3,45,13.0827,80.2707
2025-12-25T16:00,26.4,66,27.7,0.1,0.1,51,100,16.0,43,13.0827,80.2707
2025-12-25T17:00,26.2,69,28.1,0.1,0.1,51,100,13.7,46,13.0827,80.2707
2025-12-25T18:00,25.6,72,27.8,0.0,0.0,3,96,12.2,46,13.0827,80.2707
2025-12-25T19:00,25.4,73,27.5,0.0,0.0,3,85,12.3,46,13.0827,80.2707
2025-12-25T20:00,25.2,74,27.5,0.0,0.0,0,12,11.3,42,13.0827,80.2707
2025-12-25T21:00,25.0,74,27.3,0.0,0.0,0,13,11.2,42,13.0827,80.2707
2025-12-25T22:00,24.9,74,27.2,0.0,0.0,0,19,10.8,44,13.0827,80.2707
2025-12-25T23:00,25.2,73,27.3,0.0,0.0,0,9,11.3,42,13.0827,80.2707
2025-12-26T00:00,25.1,73,27.1,0.0,0.0,0,15,12.4,47,13.0827,80.2707
2025-12-26T01:00,24.9,73,27.0,0.0,0.0,1,20,11.1,51,13.0827,80.2707
2025-12-26T02:00,24.7,74,26.9,0.0,0.0,0,16,10.1,49,13.0827,80.2707
2025-12-26T03:00,24.5,76,27.0,0.0,0.0,0,16,9.0,43,13.0827,80.2707
2025-12-26T04:00,24.1,78,26.6,0.0,0.0,1,34,9.8,31,13.0827,80.2707
2025-12-26T05:00,24.5,77,26.5,0.0,0.0,2,54,13.3,42,13.0827,80.2707
2025-12-26T06:00,24.5,74,26.2,0.0,0.0,0,19,12.5,36,13.0827,80.2707
2025-12-26T07:00,25.2,70,26.8,0.0,0.0,0,10,12.3,34,13.0827,80.2707
2025-12-26T08:00,26.5,63,27.7,0.0,0.0,0,5,14.3,37,13.0827,80.2707
2025-12-26T09:00,27.4,58,28.1,0.0,0.0,0,6,16.0,36,13.0827,80.2707
2025-12-26T10:00,28.0,56,28.8,0.0,0.0,1,20,18.4,36,13.0827,80.2707
2025-12-26T11:00,28.1,57,29.6,0.0,0.0,3,91,18.8,37,13.0827,80.2707
2025-12-26T12:00,28.2,57,29.9,0.0,0.0,3,95,18.9,38,13.0827,80.2707
2025-12-26T13:00,28.2,56,29.7,0.0,0.0,2,77,18.2,39,13.0827,80.2707
2025-12-26T14:00,27.8,57,28.9,0.0,0.0,2,63,17.0,39,13.0827,80.2707
2025-12-26T15:00,27.4,57,27.9,0.0,0.0,2,58,16.6,40,13.0827,80.2707
2025-12-26T16:00,26.7,58,27.1,0.0,0.0,3,83,16.1,40,13.0827,80.2707
2025-12-26T17:00,26.2,62,27.0,0.0,0.0,3,93,15.1,36,13.0827,80.2707
2025-12-26T18:00,25.6,65,26.6,0.0,0.0,3,89,14.6,33,13.0827,80.2707
2025-12-26T19:00,25.3,66,26.3,0.0,0.0,0,17,14.3,35,13.0827,80.2707
2025-12-26T20:00,25.0,67,25.8,0.0,0.0,3,84,15.2,36,13.0827,80.2707
2025-12-26T21:00,24.7,68,25.4,0.0,0.0,2,66,15.3,38,13.0827,80.2707
2025-12-26T22:00,24.4,68,25.3,0.0,0.0,2,69,14.3,40,13.0827,80.2707
2025-12-26T23:00,24.4,71,25.7,0.0,0.0,3,88,13.0,42,13.0827,80.2707
2025-12-27T00:00,24.3,71,25.9,0.0,0.0,2,63,11.7,44,13.0827,80.2707
2025-12-27T01:00,24.0,73,25.7,0.0,0.0,1,44,10.2,45,13.0827,80.2707
2025-12-27T02:00,23.8,73,25.8,0.0,0.0,1,22,8.0,44,13.0827,80.2707
2025-12-27T03:00,23.6,70,25.3,0.0,0.0,0,8,7.8,38,13.0827,80.2707
2025-12-27T04:00,23.4,70,25.0,0.0,0.0,0,2,7.6,31,13.0827,80.2707
2025-12-27T05:00,22.9,77,25.1,0.0,0.0,0,0,7.4,3,13.0827,80.2707
2025-12-27T06:00,22.7,77,24.7,0.0,0.0,0,2,7.5,345,13.0827,80.2707
2025-12-27T07:00,23.3,74,25.1,0.0,0.0,0,5,8.5,331,13.0827,80.2707
2025-12-27T08:00,25.2,69,27.4,0.0,0.0,1,21,7.6,342,13.0827,80.2707
2025-12-27T09:00,27.1,59,28.8,0.1,0.1,51,47,9.6,34,13.0827,80.2707
2025-12-27T10:00,28.2,50,28.6,0.0,0.0,1,31,13.0,42,13.0827,80.2707
2025-12-27T11:00,28.4,50,29.9,0.0,0.0,1,23,11.8,33,13.0827,80.2707
2025-12-27T12:00,28.9,48,30.4,0.0,0.0,1,20,12.9,35,13.0827,80.2707
2025-12-27T13:00,28.9,47,29.7,0.0,0.0,1,45,15.5,39,13.0827,80.2707
2025-12-27T14:00,28.2,50,28.3,0.0,0.0,2,77,18.1,31,13.0827,80.2707
2025-12-27T15:00,27.5,47,26.6,0.0,0.0,0,5,18.0,26,13.0827,80.2707
2025-12-27T16:00,26.9,49,26.3,0.0,0.0,0,4,16.5,23,13.0827,80.2707
2025-12-27T17:00,26.4,56,26.6,0.0,0.0,0,9,14.5,34,13.0827,80.2707
2025-12-27T18:00,25.9,59,26.4,0.0,0.0,2,55,13.4,35,13.0827,80.2707
2025-12-27T19:00,25.6,61,26.3,0.0,0.0,0,2,13.4,36,13.0827,80.2707
2025-12-27T20:00,25.5,61,26.1,0.0,0.0,0,16,14.2,41,13.0827,80.2707
2025-12-27T21:00,25.3,62,25.7,0.0,0.0,0,5,15.7,46,13.0827,80.2707
2025-12-27T22:00,25.1,61,25.5,0.0,0.0,0,0,13.8,47,13.0827,80.2707
2025-12-27T23:00,24.7,66,25.9,0.0,0.0,0,4,11.2,42,13.0827,80.2707
2025-12-28T00:00,24.4,67,25.8,0.0,0.0,0,14,10.2,36,13.0827,80.2707
2025-12-28T01:00,24.2,68,25.6,0.0,0.0,1,24,9.8,32,13.0827,80.2707
2025-12-28T02:00,23.9,70,25.5,0.0,0.0,0,17,8.9,25,13.0827,80.2707
2025-12-28T03:00,23.6,71,25.2,0.0,0.0,0,11,9.0,15,13.0827,80.2707
2025-12-28T04:00,23.2,72,25.0,0.0,0.0,0,5,7.2,357,13.0827,80.2707
2025-12-28T05:00,22.7,77,24.5,0.0,0.0,0,5,8.3,327,13.0827,80.2707
2025-12-28T06:00,22.0,80,23.8,0.0,0.0,0,5,9.1,321,13.0827,80.2707
2025-12-28T07:00,22.5,81,24.5,0.0,0.0,0,7,8.8,321,13.0827,80.2707
2025-12-28T08:00,24.5,72,26.8,0.0,0.0,0,3,7.6,352,13.0827,80.2707
2025-12-28T09:00,26.9,57,27.9,0.0,0.0,0,13,12.1,33,13.0827,80.2707
2025-12-28T10:00,27.8,51,28.5,0.0,0.0,0,5,13.8,40,13.0827,80.2707
2025-12-28T11:00,28.0,53,29.8,0.0,0.0,0,5,13.5,33,13.0827,80.2707
2025-12-28T12:00,28.4,50,30.1,0.0,0.0,1,29,14.3,27,13.0827,80.2707
2025-12-28T13:00,28.5,49,29.6,0.0,0.0,2,51,15.2,19,13.0827,80.2707
2025-12-28T14:00,28.0,48,27.8,0.0,0.0,2,66,15.8,14,13.0827,80.2707
2025-12-28T15:00,27.6,49,27.3,0.0,0.0,1,26,15.7,19,13.0827,80.2707
2025-12-28T16:00,26.5,53,26.2,0.0,0.0,0,4,16.7,24,13.0827,80.2707
2025-12-28T17:00,26.1,60,26.6,0.0,0.0,3,88,15.7,32,13.0827,80.2707
2025-12-28T18:00,25.5,64,26.2,0.0,0.0,0,7,15.2,37,13.0827,80.2707
2025-12-28T19:00,25.3,65,26.2,0.0,0.0,0,1,14.6,44,13.0827,80.2707
2025-12-28T20:00,25.2,66,26.2,0.0,0.0,0,11,14.0,44,13.0827,80.2707
2025-12-28T21:00,25.1,66,26.0,0.0,0.0,0,18,14.5,47,13.0827,80.2707
2025-12-28T22:00,24.8,67,25.7,0.0,0.0,1,28,14.7,48,13.0827,80.2707
2025-12-28T23:00,24.5,73,26.1,0.0,0.0,0,17,13.0,48,13.0827,80.2707
2025-12-29T00:00,24.4,73,26.0,0.0,0.0,0,12,12.6,42,13.0827,80.2707
2025-12-29T01:00,24.2,72,25.8,0.0,0.0,2,71,11.6,33,13.0827,80.2707
2025-12-29T02:00,24.0,72,25.6,0.0,0.0,3,94,10.2,30,13.0827,80.2707
2025-12-29T03:00,23.8,72,25.5,0.0,0.0,3,96,9.5,22,13.0827,80.2707
2025-12-29T04:00,23.6,72,25.2,0.0,0.0,3,95,9.6,16,13.0827,80.2707
2025-12-29T05:00,23.7,76,25.8,0.0,0.0,3,93,9.2,21,13.0827,80.2707
2025-12-29T06:00,23.7,75,25.8,0.0,0.0,3,93,8.7,18,13.0827,80.2707
2025-12-29T07:00,24.3,72,26.3,0.0,0.0,1,40,8.7,21,13.0827,80.2707
2025-12-29T08:00,25.9,64,27.5,0.0,0.0,0,16,10.9,31,13.0827,80.2707
2025-12-29T09:00,26.9,57,27.6,0.0,0.0,0,13,14.2,36,13.0827,80.2707
2025-12-29T10:00,27.5,54,28.3,0.0,0.0,1,23,15.1,32,13.0827,80.2707
2025-12-29T11:00,27.7,55,29.2,0.0,0.0,0,19,15.9,25,13.0827,80.2707
2025-12-29T12:00,28.0,53,29.7,0.0,0.0,0,14,15.5,28,13.0827,80.2707
2025-12-29T13:00,28.0,51,29.3,0.0,0.0,0,7,15.9,29,13.0827,80.2707
2025-12-29T14:00,27.7,51,28.4,0.0,0.0,1,20,16.8,27,13.0827,80.2707
2025-12-29T15:00,27.2,53,27.1,0.0,0.0,3,95,16.8,24,13.0827,80.2707
2025-12-29T16:00,26.5,55,26.4,0.0,0.0,3,88,16.7,26,13.0827,80.2707
2025-12-29T17:00,25.5,62,25.9,0.0,0.0,1,24,16.6,24,13.0827,80.2707
2025-12-29T18:00,24.9,66,25.7,0.0,0.0,0,2,15.3,24,13.0827,80.2707
2025-12-29T19:00,24.8,68,25.9,0.0,0.0,0,1,13.4,20,13.0827,80.2707
2025-12-29T20:00,24.8,67,26.0,0.0,0.0,0,16,11.9,22,13.0827,80.2707
2025-12-29T21:00,24.8,68,26.2,0.0,0.0,1,38,11.1,17,13.0827,80.2707
2025-12-29T22:00,24.6,69,26.2,0.0,0.0,0,9,10.2,13,13.0827,80.2707
2025-12-29T23:00,24.6,73,26.4,0.0,0.0,1,27,11.1,17,13.0827,80.2707
2025-12-30T00:00,24.4,73,26.4,0.0,0.0,2,59,10.4,14,13.0827,80.2707
2025-12-30T01:00,24.2,74,26.2,0.0,0.0,2,66,9.4,5,13.0827,80.2707
2025-12-30T02:00,23.7,75,25.9,0.0,0.0,2,65,8.3,354,13.0827,80.2707
2025-12-30T03:00,23.0,78,25.1,0.0,0.0,2,71,8.1,328,13.0827,80.2707
2025-12-30T04:00,22.5,82,24.6,0.0,0.0,3,95,9.2,325,13.0827,80.2707
2025-12-30T05:00,21.6,87,23.5,0.0,0.0,3,93,11.8,321,13.0827,80.2707
2025-12-30T06:00,21.7,88,23.6,0.0,0.0,3,99,11.4,319,13.0827,80.2707
2025-12-30T07:00,22.6,83,24.6,0.0,0.0,3,98,11.0,322,13.0827,80.2707
2025-12-30T08:00,24.3,76,26.5,0.0,0.0,3,82,10.6,328,13.0827,80.2707
2025-12-30T09:00,26.3,69,28.5,0.0,0.0,1,41,10.9,351,13.0827,80.2707
2025-12-30T10:00,27.7,61,29.6,0.0,0.0,2,64,13.2,15,13.0827,80.2707
2025-12-30T11:00,27.7,63,30.1,0.0,0.0,3,82,13.8,21,13.0827,80.2707
2025-12-30T12:00,28.4,59,30.3,0.0,0.0,3,100,12.7,25,13.0827,80.2707
2025-12-30T13:00,28.6,59,30.4,0.0,0.0,3,98,12.2,26,13.0827,80.2707
2025-12-30T14:00,28.8,58,30.5,0.0,0.0,3,82,13.0,25,13.0827,80.2707
2025-12-30T15:00,28.5,58,30.0,0.0,0.0,3,90,14.3,23,13.0827,80.2707
2025-12-30T16:00,27.6,61,29.0,0.0,0.0,1,27,14.7,27,13.0827,80.2707
2025-12-30T17:00,26.7,66,28.2,0.0,0.0,1,24,15.4,35,13.0827,80.2707
2025-12-30T18:00,26.0,71,27.8,0.0,0.0,1,23,15.1,29,13.0827,80.2707
2025-12-30T19:00,25.7,73,27.8,0.0,0.0,1,27,13.1,25,13.0827,80.2707
2025-12-30T20:00,25.7,73,27.9,0.0,0.0,0,16,12.6,29,13.0827,80.2707
2025-12-30T21:00,25.7,73,27.8,0.0,0.0,0,11,13.4,36,13.0827,80.2707
2025-12-30T22:00,25.7,73,28.0,0.0,0.0,0,5,12.1,37,13.0827,80.2707
2025-12-30T23:00,25.2,78,28.0,0.0,0.0,1,45,11.1,34,13.0827,80.2707
2025-12-31T00:00,25.4,78,28.4,0.0,0.0,1,41,9.8,31,13.0827,80.2707
2025-12-31T01:00,25.4,78,28.5,0.0,0.0,1,29,9.4,24,13.0827,80.2707
2025-12-31T02:00,25.3,79,28.4,0.0,0.0,2,59,9.6,23,13.0827,80.2707
2025-12-31T03:00,25.0,80,28.3,0.0,0.0,2,77,8.8,17,13.0827,80.2707
2025-12-31T04:00,24.6,82,28.0,0.0,0.0,2,74,8.2,10,13.0827,80.2707
2025-12-31T05:00,24.5,85,28.0,0.0,0.0,3,81,8.7,339,13.0827,80.2707
2025-12-31T06:00,24.1,86,28.0,0.0,0.0,3,92,6.0,350,13.0827,80.2707
2025-12-31T07:00,24.4,83,27.8,0.0,0.0,2,68,8.3,336,13.0827,80.2707
2025-12-31T08:00,25.6,77,28.8,0.0,0.0,3,91,8.8,351,13.0827,80.2707
2025-12-31T09:00,26.5,73,29.4,0.1,0.1,51,100,11.4,13,13.0827,80.2707
2025-12-31T10:00,27.0,73,30.0,0.1,0.1,51,95,12.0,28,13.0827,80.2707
2025-12-31T11:00,28.3,68,31.2,1.1,1.1,55,96,13.1,23,13.0827,80.2707
2025-12-31T12:00,29.0,64,32.1,0.0,0.0,2,77,14.0,33,13.0827,80.2707
2025-12-31T13:00,26.9,72,29.5,1.5,1.5,61,72,13.4,26,13.0827,80.2707
2025-12-31T14:00,27.5,72,30.5,0.2,0.2,51,100,13.0,28,13.0827,80.2707
2025-12-31T15:00,27.5,71,30.2,0.0,0.0,3,95,14.1,31,13.0827,80.2707
2025-12-31T16:00,27.0,73,29.6,0.0,0.0,3,89,13.8,35,13.0827,80.2707
2025-12-31T17:00,25.9,81,28.9,0.0,0.0,2,52,13.5,33,13.0827,80.2707
2025-12-31T18:00,25.1,84,28.5,0.0,0.0,0,17,11.6,39,13.0827,80.2707
2025-12-31T19:00,25.0,86,28.4,0.0,0.0,2,64,11.5,42,13.0827,80.2707
2025-12-31T20:00,24.9,87,28.4,0.0,0.0,1,49,11.8,51,13.0827,80.2707
2025-12-31T21:00,25.0,87,28.5,0.0,0.0,3,98,12.3,56,13.0827,80.2707
2025-12-31T22:00,25.0,87,28.6,0.0,0.0,3,100,10.9,57,13.0827,80.2707
2025-12-31T23:00,25.1,88,29.1,0.0,0.0,3,100,9.9,71,13.0827,80.2707
