time,temperature_2m,relative_humidity_2m,apparent_temperature,precipitation,rain,weather_code,cloud_cover,wind_speed_10m,wind_direction_10m,latitude,longitude
2025-01-01T00:00,8.3,100,7.4,0.0,0.0,3,99,2.8,288,28.6139,77.209
2025-01-01T01:00,8.0,100,7.0,0.0,0.0,3,100,2.9,274,28.6139,77.209
2025-01-01T02:00,7.8,100,6.5,0.0,0.0,3,100,4.7,266,28.6139,77.209
2025-01-01T03:00,8.0,99,6.5,0.0,0.0,3,100,5.8,292,28.6139,77.209
2025-01-01T04:00,7.7,98,6.1,0.0,0.0,3,100,6.3,283,28.6139,77.209
2025-01-01T05:00,7.8,97,6.0,0.0,0.0,3,100,7.6,301,28.6139,77.209
2025-01-01T06:00,8.4,96,7.2,0.0,0.0,3,100,4.3,298,28.6139,77.209
2025-01-01T07:00,8.5,95,7.2,0.0,0.0,3,100,4.7,272,28.6139,77.209
2025-01-01T08:00,8.9,93,7.4,0.0,0.0,3,100,6.3,265,28.6139,77.209
2025-01-01T09:00,9.5,97,7.9,0.0,0.0,3,100,8.7,283,28.6139,77.209
2025-01-01T10:00,11.3,89,9.8,0.0,0.0,3,100,9.4,302,28.6139,77.209
2025-01-01T11:00,13.2,82,11.9,0.0,0.0,2,55,8.8,305,28.6139,77.209
2025-01-01T12:00,14.6,78,13.8,0.0,0.0,0,4,6.9,300,28.6139,77.209
2025-01-01T13:00,15.8,73,15.2,0.0,0.0,0,0,6.5,293,28.6139,77.209
2025-01-01T14:00,16.6,71,16.0,0.0,0.0,0,0,6.7,286,28.6139,77.209
2025-01-01T15:00,16.8,70,16.1,0.0,0.0,0,0,7.5,281,28.6139,77.209
2025-01-01T16:00,16.3,73,15.7,0.0,0.0,0,1,7.0,282,28.6139,77.209
2025-01-01T17:00,14.7,80,14.2,0.0,0.0,0,9,5.7,283,28.6139,77.209
2025-01-01T18:00,12.2,86,11.7,0.0,0.0,0,18,3.2,304,28.6139,77.209
2025-01-01T19:00,11.6,88,10.8,0.0,0.0,0,19,4.6,318,28.6139,77.209
2025-01-01T20:00,11.1,90,10.3,0.0,0.0,0,6,4.7,320,28.6139,77.209
2025-01-01T21:00,10.7,91,9.8,0.0,0.0,0,5,5.0,322,28.6139,77.209
2025-01-01T22:00,10.3,93,9.3,0.0,0.0,0,8,5.1,328,28.6139,77.209
2025-01-01T23:00,9.8,94,8.8,0.0,0.0,0,16,5.2,331,28.6139,77.209
2025-01-02T00:00,9.5,95,8.4,0.0,0.0,1,40,5.2,314,28.6139,77.209
2025-01-02T01:00,9.1,96,7.9,0.0,0.0,0,14,5.1,293,28.6139,77.209
2025-01-02T02:00,8.9,96,7.4,0.0,0.0,1,47,6.8,281,28.6139,77.209
2025-01-02T03:00,8.5,97,6.8,0.0,0.0,3,99,7.8,278,28.6139,77.209
2025-01-02T04:00,8.5,97,6.7,0.0,0.0,3,100,8.8,269,28.6139,77.209
2025-01-02T05:00,8.8,97,6.8,0.0,0.0,3,100,10.1,268,28.6139,77.209
2025-01-02T06:00,8.7,97,7.0,0.0,0.0,3,99,8.5,271,28.6139,77.209
2025-01-02T07:00,8.7,96,7.0,0.0,0.0,3,99,8.3,283,28.6139,77.209
2025-01-02T08:00,9.9,93,8.2,0.0,0.0,3,85,9.5,285,28.6139,77.209
2025-01-02T09:00,11.7,90,10.6,0.0,0.0,2,74,7.4,288,28.6139,77.209
2025-01-02T10:00,13.6,82,12.7,0.0,0.0,1,37,6.8,299,28.6139,77.209
2025-01-02T11:00,15.2,76,14.5,0.0,0.0,3,92,6.5,294,28.6139,77.209
2025-01-02T12:00,16.5,71,15.9,0.0,0.0,3,85,7.3,287,28.6139,77.209
2025-01-02T13:00,17.6,66,16.9,0.0,0.0,3,82,7.9,286,28.6139,77.209
2025-01-02T14:00,18.2,65,17.3,0.0,0.0,3,99,8.4,286,28.6139,77.209
2025-01-02T15:00,18.2,65,17.4,0.0,0.0,3,98,8.6,292,28.6139,77.209
2025-01-02T16:00,17.6,69,17.3,0.0,0.0,3,100,6.3,297,28.6139,77.209
2025-01-02T17:00,15.7,78,15.5,0.0,0.0,3,100,5.2,295,28.6139,77.209
2025-01-02T18:00,13.6,81,13.0,0.0,0.0,3,100,4.8,338,28.6139,77.209
2025-01-02T19:00,13.1,83,12.5,0.0,0.0,3,100,4.5,344,28.6139,77.209
2025-01-02T20:00,12.6,84,12.0,0.0,0.0,3,100,3.7,331,28.6139,77.209
2025-01-02T21:00,11.8,87,11.2,0.0,0.0,3,100,4.0,273,28.6139,77.209
2025-01-02T22:00,11.0,90,10.2,0.0,0.0,3,100,4.2,239,28.6139,77.209
2025-01-02T23:00,10.2,92,9.3,0.0,0.0,3,99,4.2,239,28.6139,77.209
2025-01-03T00:00,9.7,93,8.6,0.0,0.0,3,100,4.7,252,28.6139,77.209
2025-01-03T01:00,9.4,93,8.2,0.0,0.0,3,100,4.7,288,28.6139,77.209
2025-01-03T02:00,9.0,94,7.8,0.0,0.0,3,100,5.1,309,28.6139,77.209
2025-01-03T03:00,9.2,94,7.9,0.0,0.0,3,100,5.2,274,28.6139,77.209
2025-01-03T04:00,8.9,96,7.6,0.0,0.0,3,99,5.9,282,28.6139,77.209
2025-01-03T05:00,8.6,98,7.2,0.0,0.0,3,99,6.1,298,28.6139,77.209
2025-01-03T06:00,9.3,99,8.3,0.0,0.0,3,100,5.2,284,28.6139,77.209
2025-01-03T07:00,9.2,96,8.0,0.0,0.0,3,100,5.2,264,28.6139,77.209
2025-01-03T08:00,9.8,96,8.8,0.0,0.0,3,100,5.6,266,28.6139,77.209
2025-01-03T09:00,11.0,95,10.5,0.0,0.0,3,100,3.7,293,28.6139,77.209
2025-01-03T10:00,12.8,92,12.9,0.0,0.0,3,100,3.0,322,28.6139,77.209
2025-01-03T11:00,15.2,82,15.4,0.0,0.0,3,100,3.2,322,28.6139,77.209
2025-01-03T12:00,17.3,72,17.3,0.0,0.0,3,100,3.9,317,28.6139,77.209
2025-01-03T13:00,18.7,64,18.6,0.0,0.0,3,99,4.1,308,28.6139,77.209
2025-01-03T14:00,19.4,62,19.4,0.0,0.0,3,100,4.0,302,28.6139,77.209
2025-01-03T15:00,19.6,61,19.6,0.0,0.0,3,100,4.0,300,28.6139,77.209
2025-01-03T16:00,19.0,70,19.7,0.0,0.0,3,100,2.7,293,28.6139,77.209
2025-01-03T17:00,16.7,78,16.9,0.0,0.0,3,96,4.4,289,28.6139,77.209
2025-01-03T18:00,14.7,82,14.7,0.0,0.0,0,0,3.0,322,28.6139,77.209
2025-01-03T19:00,13.7,86,13.8,0.0,0.0,0,0,2.5,291,28.6139,77.209
2025-01-03T20:00,12.8,89,12.6,0.0,0.0,0,0,3.1,270,28.6139,77.209
2025-01-03T21:00,12.0,90,11.6,0.0,0.0,0,0,3.9,257,28.6139,77.209
2025-01-03T22:00,11.4,91,10.8,0.0,0.0,0,0,4.2,252,28.6139,77.209
2025-01-03T23:00,10.9,91,10.1,0.0,0.0,0,0,4.4,249,28.6139,77.209
2025-01-04T00:00,10.3,92,9.3,0.0,0.0,0,0,4.9,260,28.6139,77.209
2025-01-04T01:00,9.7,95,8.7,0.0,0.0,0,0,5.0,257,28.6139,77.209
2025-01-04T02:00,9.3,97,8.3,0.0,0.0,1,32,5.0,270,28.6139,77.209
2025-01-04T03:00,9.0,96,7.9,0.0,0.0,2,58,4.6,279,28.6139,77.209
2025-01-04T04:00,8.4,97,7.3,0.0,0.0,2,74,3.6,297,28.6139,77.209
2025-01-04T05:00,8.6,99,7.7,0.0,0.0,3,96,3.1,324,28.6139,77.209
2025-01-04T06:00,9.0,98,8.4,0.0,0.0,3,100,1.5,60,28.6139,77.209
2025-01-04T07:00,9.2,98,8.8,0.0,0.0,3,98,0.9,169,28.6139,77.209
2025-01-04T08:00,10.0,98,9.6,0.0,0.0,3,99,1.5,144,28.6139,77.209
2025-01-04T09:00,11.9,97,12.0,0.0,0.0,3,94,2.6,124,28.6139,77.209
2025-01-04T10:00,14.4,91,15.0,0.0,0.0,0,1,1.7,108,28.6139,77.209
2025-01-04T11:00,17.0,82,18.0,0.0,0.0,0,0,2.2,85,28.6139,77.209
2025-01-04T12:00,19.3,74,20.4,0.0,0.0,0,1,3.4,96,28.6139,77.209
2025-01-04T13:00,20.4,70,21.6,0.0,0.0,0,1,3.6,93,28.6139,77.209
2025-01-04T14:00,21.0,69,22.1,0.0,0.0,0,0,3.6,108,28.6139,77.209
2025-01-04T15:00,21.1,69,22.2,0.0,0.0,0,0,4.0,111,28.6139,77.209
2025-01-04T16:00,20.3,74,21.5,0.0,0.0,0,0,4.4,102,28.6139,77.209
2025-01-04T17:00,17.7,84,18.5,0.0,0.0,0,0,5.1,113,28.6139,77.209
2025-01-04T18:00,14.5,86,14.3,0.0,0.0,0,0,6.1,124,28.6139,77.209
2025-01-04T19:00,13.9,89,13.5,0.0,0.0,0,0,6.6,127,28.6139,77.209
2025-01-04T20:00,13.2,92,12.8,0.0,0.0,0,0,6.6,123,28.6139,77.209
2025-01-04T21:00,12.6,94,12.0,0.0,0.0,0,0,6.9,121,28.6139,77.209
2025-01-04T22:00,12.0,95,11.3,0.0,0.0,0,0,7.3,128,28.6139,77.209
2025-01-04T23:00,11.1,96,10.2,0.0,0.0,0,0,6.6,131,28.6139,77.209
2025-01-05T00:00,10.4,96,9.5,0.0,0.0,0,0,5.8,129,28.6139,77.209
2025-01-05T01:00,9.3,97,8.2,0.0,0.0,0,0,5.3,142,28.6139,77.209
2025-01-05T02:00,9.3,98,8.3,0.0,0.0,0,2,4.8,158,28.6139,77.209
2025-01-05T03:00,9.2,98,8.3,0.0,0.0,3,100,4.0,175,28.6139,77.209
2025-01-05T04:00,9.3,99,8.5,0.0,0.0,3,100,3.8,161,28.6139,77.209
2025-01-05T05:00,9.9,100,9.0,0.0,0.0,3,100,5.4,132,28.6139,77.209
2025-01-05T06:00,9.9,98,8.8,0.0,0.0,3,100,6.5,124,28.6139,77.209
2025-01-05T07:00,9.7,98,8.3,0.0,0.0,3,100,8.1,121,28.6139,77.209
2025-01-05T08:00,9.7,97,8.2,0.0,0.0,3,100,8.7,120,28.6139,77.209
2025-01-05T09:00,10.1,97,8.7,0.0,0.0,3,100,9.1,124,28.6139,77.209
2025-01-05T10:00,11.7,91,10.5,0.0,0.0,2,60,8.7,127,28.6139,77.209
2025-01-05T11:00,14.0,84,13.4,0.0,0.0,0,13,6.4,115,28.6139,77.209
2025-01-05T12:00,15.7,79,15.6,0.0,0.0,0,4,5.4,116,28.6139,77.209
2025-01-05T13:00,17.1,75,17.2,0.0,0.0,0,3,5.3,114,28.6139,77.209
2025-01-05T14:00,17.9,71,17.9,0.0,0.0,0,5,5.6,111,28.6139,77.209
2025-01-05T15:00,18.1,71,18.1,0.0,0.0,0,3,6.1,102,28.6139,77.209
2025-01-05T16:00,17.6,74,17.4,0.0,0.0,0,0,7.1,105,28.6139,77.209
2025-01-05T17:00,16.0,81,15.8,0.0,0.0,0,0,7.0,113,28.6139,77.209
2025-01-05T18:00,13.8,87,13.1,0.0,0.0,0,0,7.8,116,28.6139,77.209
2025-01-05T19:00,13.2,90,12.5,0.0,0.0,0,0,7.8,116,28.6139,77.209
2025-01-05T20:00,12.6,91,11.9,0.0,0.0,0,0,7.3,121,28.6139,77.209
2025-01-05T21:00,12.2,92,11.4,0.0,0.0,0,0,6.9,129,28.6139,77.209
2025-01-05T22:00,11.5,94,10.9,0.0,0.0,0,0,5.2,131,28.6139,77.209
2025-01-05T23:00,10.8,95,10.2,0.0,0.0,0,0,4.6,138,28.6139,77.209
2025-01-06T00:00,10.3,97,9.6,0.0,0.0,0,0,3.9,133,28.6139,77.209
2025-01-06T01:00,9.8,98,9.1,0.0,0.0,0,0,4.3,118,28.6139,77.209
2025-01-06T02:00,9.7,99,8.9,0.0,0.0,1,26,5.0,105,28.6139,77.209
2025-01-06T03:00,8.8,100,7.8,0.0,0.0,2,73,4.6,103,28.6139,77.209
2025-01-06T04:00,9.1,99,8.6,0.0,0.0,3,91,0.8,243,28.6139,77.209
2025-01-06T05:00,9.0,100,8.6,0.0,0.0,3,100,0.7,346,28.6139,77.209
2025-01-06T06:00,9.9,100,9.6,1.2,1.2,55,100,1.7,238,28.6139,77.209
2025-01-06T07:00,10.6,98,10.0,3.6,3.6,63,100,5.1,63,28.6139,77.209
2025-01-06T08:00,10.9,98,10.3,0.1,0.1,51,100,5.2,335,28.6139,77.209
2025-01-06T09:00,12.5,92,12.6,0.0,0.0,3,100,1.5,30,28.6139,77.209
2025-01-06T10:00,14.0,88,14.4,0.0,0.0,1,47,1.8,66,28.6139,77.209
2025-01-06T11:00,15.7,81,16.3,0.0,0.0,1,28,0.9,349,28.6139,77.209
2025-01-06T12:00,16.8,77,17.4,0.0,0.0,0,14,2.3,360,28.6139,77.209
2025-01-06T13:00,17.5,74,17.7,0.0,0.0,0,3,4.5,2,28.6139,77.209
2025-01-06T14:00,17.9,71,17.9,0.0,0.0,0,3,5.7,342,28.6139,77.209
2025-01-06T15:00,18.0,73,17.8,0.0,0.0,0,18,7.7,324,28.6139,77.209
2025-01-06T16:00,17.4,75,16.9,0.0,0.0,1,20,9.2,321,28.6139,77.209
2025-01-06T17:00,16.1,80,15.8,0.0,0.0,0,2,7.4,315,28.6139,77.209
2025-01-06T18:00,14.2,86,13.8,0.0,0.0,0,6,6.0,297,28.6139,77.209
2025-01-06T19:00,13.6,87,13.2,0.0,0.0,0,1,6.0,311,28.6139,77.209
2025-01-06T20:00,13.5,87,12.8,0.0,0.0,0,1,7.3,303,28.6139,77.209
2025-01-06T21:00,13.0,88,12.1,0.0,0.0,0,3,8.5,299,28.6139,77.209
2025-01-06T22:00,12.4,91,11.3,0.0,0.0,0,3,9.3,294,28.6139,77.209
2025-01-06T23:00,11.9,94,10.8,0.0,0.0,0,1,9.2,296,28.6139,77.209
2025-01-07T00:00,11.5,95,10.3,0.0,0.0,0,5,9.4,296,28.6139,77.209
2025-01-07T01:00,11.3,95,10.0,0.0,0.0,0,7,9.9,295,28.6139,77.209
2025-01-07T02:00,11.0,95,9.7,0.0,0.0,0,8,9.7,295,28.6139,77.209
2025-01-07T03:00,10.7,96,9.4,0.0,0.0,0,16,9.5,295,28.6139,77.209
2025-01-07T04:00,10.4,97,8.9,0.0,0.0,1,20,10.1,292,28.6139,77.209
2025-01-07T05:00,10.2,97,8.6,0.0,0.0,0,15,10.5,290,28.6139,77.209
2025-01-07T06:00,11.3,98,9.9,0.0,0.0,3,100,11.8,297,28.6139,77.209
2025-01-07T07:00,11.1,98,9.6,0.0,0.0,3,100,11.7,299,28.6139,77.209
2025-01-07T08:00,11.2,99,10.1,0.0,0.0,3,100,9.3,298,28.6139,77.209
2025-01-07T09:00,11.7,97,10.6,0.0,0.0,3,100,9.8,302,28.6139,77.209
2025-01-07T10:00,12.9,92,11.9,0.0,0.0,3,100,10.0,300,28.6139,77.209
2025-01-07T11:00,14.2,86,13.1,0.0,0.0,3,100,11.6,300,28.6139,77.209
2025-01-07T12:00,15.6,79,14.2,0.0,0.0,3,100,13.8,301,28.6139,77.209
2025-01-07T13:00,16.9,69,15.3,0.0,0.0,1,42,13.6,305,28.6139,77.209
2025-01-07T14:00,17.5,69,16.5,0.0,0.0,0,3,10.2,298,28.6139,77.209
2025-01-07T15:00,17.5,69,16.5,0.0,0.0,0,2,10.0,296,28.6139,77.209
2025-01-07T16:00,16.8,72,15.9,0.0,0.0,0,1,9.9,292,28.6139,77.209
2025-01-07T17:00,15.5,78,14.6,0.0,0.0,0,0,9.4,290,28.6139,77.209
2025-01-07T18:00,13.8,86,13.3,0.0,0.0,0,16,6.1,298,28.6139,77.209
2025-01-07T19:00,13.3,87,12.7,0.0,0.0,0,3,6.6,286,28.6139,77.209
2025-01-07T20:00,12.8,89,11.9,0.0,0.0,0,2,7.8,283,28.6139,77.209
2025-01-07T21:00,12.2,91,11.2,0.0,0.0,0,0,8.4,286,28.6139,77.209
2025-01-07T22:00,11.7,91,10.6,0.0,0.0,0,0,8.4,286,28.6139,77.209
2025-01-07T23:00,11.2,90,9.8,0.0,0.0,0,0,8.8,287,28.6139,77.209
2025-01-08T00:00,10.7,89,9.0,0.0,0.0,0,0,9.6,284,28.6139,77.209
2025-01-08T01:00,10.2,88,8.4,0.0,0.0,0,0,9.3,286,28.6139,77.209
2025-01-08T02:00,9.8,88,7.8,0.0,0.0,0,0,9.7,285,28.6139,77.209
2025-01-08T03:00,9.5,88,7.3,0.0,0.0,0,0,10.3,286,28.6139,77.209
2025-01-08T04:00,9.2,87,6.9,0.0,0.0,0,0,10.5,287,28.6139,77.209
2025-01-08T05:00,9.0,86,6.6,0.0,0.0,0,0,10.8,288,28.6139,77.209
2025-01-08T06:00,8.9,88,6.6,0.0,0.0,0,0,10.8,281,28.6139,77.209
2025-01-08T07:00,8.7,88,6.4,0.0,0.0,0,0,10.3,274,28.6139,77.209
2025-01-08T08:00,9.6,84,7.3,0.0,0.0,0,0,11.0,267,28.6139,77.209
2025-01-08T09:00,11.3,80,9.4,0.0,0.0,0,0,9.6,265,28.6139,77.209
2025-01-08T10:00,13.2,73,11.4,0.0,0.0,0,0,9.2,268,28.6139,77.209
2025-01-08T11:00,15.0,67,13.3,0.0,0.0,0,0,9.7,273,28.6139,77.209
2025-01-08T12:00,16.7,62,15.1,0.0,0.0,0,0,10.7,278,28.6139,77.209
2025-01-08T13:00,17.8,56,16.1,0.0,0.0,0,0,11.1,286,28.6139,77.209
2025-01-08T14:00,18.4,52,16.3,0.0,0.0,0,0,11.1,293,28.6139,77.209
2025-01-08T15:00,18.3,52,16.3,0.0,0.0,0,0,10.1,297,28.6139,77.209
2025-01-08T16:00,17.6,57,16.2,0.0,0.0,0,0,7.5,294,28.6139,77.209
2025-01-08T17:00,15.4,67,14.2,0.0,0.0,0,0,6.2,287,28.6139,77.209
2025-01-08T18:00,14.7,71,13.6,0.0,0.0,0,0,6.4,278,28.6139,77.209
2025-01-08T19:00,13.8,73,12.7,0.0,0.0,0,0,6.2,278,28.6139,77.209
2025-01-08T20:00,13.0,75,11.7,0.0,0.0,0,3,5.8,277,28.6139,77.209
2025-01-08T21:00,12.3,76,10.9,0.0,0.0,0,0,5.7,279,28.6139,77.209
2025-01-08T22:00,11.7,76,10.3,0.0,0.0,0,3,4.8,295,28.6139,77.209
2025-01-08T23:00,10.9,79,9.6,0.0,0.0,0,0,4.4,297,28.6139,77.209
2025-01-09T00:00,10.1,82,8.8,0.0,0.0,0,0,4.0,270,28.6139,77.209
2025-01-09T01:00,9.3,85,7.8,0.0,0.0,0,12,4.3,253,28.6139,77.209
2025-01-09T02:00,8.9,85,7.3,0.0,0.0,0,0,4.8,259,28.6139,77.209
2025-01-09T03:00,8.5,85,6.8,0.0,0.0,0,12,4.9,266,28.6139,77.209
2025-01-09T04:00,8.2,86,6.6,0.0,0.0,0,1,3.4,264,28.6139,77.209
2025-01-09T05:00,8.0,86,6.5,0.0,0.0,0,7,2.9,266,28.6139,77.209
2025-01-09T06:00,8.3,87,7.1,0.0,0.0,0,2,1.6,297,28.6139,77.209
2025-01-09T07:00,8.3,87,7.1,0.0,0.0,0,4,1.5,346,28.6139,77.209
2025-01-09T08:00,9.1,90,8.0,0.0,0.0,0,11,2.7,48,28.6139,77.209
2025-01-09T09:00,11.8,87,11.5,0.0,0.0,0,6,1.6,84,28.6139,77.209
2025-01-09T10:00,14.8,77,14.7,0.0,0.0,0,7,2.1,75,28.6139,77.209
2025-01-09T11:00,16.5,67,16.2,0.0,0.0,0,9,2.6,56,28.6139,77.209
2025-01-09T12:00,17.5,62,17.4,0.0,0.0,0,5,2.9,47,28.6139,77.209
2025-01-09T13:00,18.3,58,18.1,0.0,0.0,0,11,2.6,39,28.6139,77.209
2025-01-09T14:00,18.7,56,18.2,0.0,0.0,0,2,2.4,27,28.6139,77.209
2025-01-09T15:00,18.7,55,18.1,0.0,0.0,0,0,2.6,16,28.6139,77.209
2025-01-09T16:00,18.2,61,18.1,0.0,0.0,0,0,1.8,6,28.6139,77.209
2025-01-09T17:00,16.4,66,16.2,0.0,0.0,0,0,1.3,16,28.6139,77.209
2025-01-09T18:00,15.1,72,14.6,0.0,0.0,0,0,3.2,106,28.6139,77.209
2025-01-09T19:00,13.8,77,13.3,0.0,0.0,0,0,3.3,158,28.6139,77.209
2025-01-09T20:00,12.9,81,12.2,0.0,0.0,0,0,4.1,182,28.6139,77.209
2025-01-09T21:00,12.6,81,12.2,0.0,0.0,0,0,1.9,163,28.6139,77.209
2025-01-09T22:00,12.1,82,11.7,0.0,0.0,0,0,1.1,99,28.6139,77.209
2025-01-09T23:00,11.1,86,10.5,0.0,0.0,0,0,2.0,100,28.6139,77.209
2025-01-10T00:00,10.3,90,9.5,0.0,0.0,0,0,2.6,129,28.6139,77.209
2025-01-10T01:00,9.7,92,8.9,0.0,0.0,0,0,2.2,138,28.6139,77.209
2025-01-10T02:00,9.2,93,8.4,0.0,0.0,0,0,2.3,119,28.6139,77.209
2025-01-10T03:00,8.8,94,7.9,0.0,0.0,0,0,2.1,110,28.6139,77.209
2025-01-10T04:00,8.6,94,7.7,0.0,0.0,0,0,1.8,143,28.6139,77.209
2025-01-10T05:00,8.4,93,7.2,0.0,0.0,0,0,2.9,173,28.6139,77.209
2025-01-10T06:00,8.5,96,7.2,0.0,0.0,1,20,5.4,159,28.6139,77.209
2025-01-10T07:00,7.9,99,6.6,0.0,0.0,1,46,4.7,152,28.6139,77.209
2025-01-10T08:00,8.8,98,7.5,0.0,0.0,3,100,5.9,128,28.6139,77.209
2025-01-10T09:00,10.9,94,10.1,0.0,0.0,3,100,5.1,122,28.6139,77.209
2025-01-10T10:00,12.7,91,12.6,0.0,0.0,1,28,3.0,107,28.6139,77.209
2025-01-10T11:00,15.1,81,15.0,0.0,0.0,0,1,4.2,102,28.6139,77.209
2025-01-10T12:00,16.6,72,16.6,0.0,0.0,0,0,4.7,97,28.6139,77.209
2025-01-10T13:00,17.5,66,17.3,0.0,0.0,0,0,4.9,86,28.6139,77.209
2025-01-10T14:00,17.9,62,17.3,0.0,0.0,0,0,4.9,80,28.6139,77.209
2025-01-10T15:00,17.9,60,17.1,0.0,0.0,0,0,5.3,78,28.6139,77.209
2025-01-10T16:00,17.2,63,16.4,0.0,0.0,0,0,5.5,77,28.6139,77.209
2025-01-10T17:00,15.2,75,14.7,0.0,0.0,0,0,4.8,70,28.6139,77.209
2025-01-10T18:00,13.4,82,12.7,0.0,0.0,0,0,5.3,78,28.6139,77.209
2025-01-10T19:00,12.8,84,12.0,0.0,0.0,0,3,5.6,92,28.6139,77.209
2025-01-10T20:00,11.8,88,11.0,0.0,0.0,0,0,5.4,92,28.6139,77.209
2025-01-10T21:00,11.3,91,10.4,0.0,0.0,0,0,6.0,97,28.6139,77.209
2025-01-10T22:00,10.7,92,9.7,0.0,0.0,0,0,5.9,110,28.6139,77.209
2025-01-10T23:00,10.4,92,9.2,0.0,0.0,0,0,6.4,115,28.6139,77.209
2025-01-11T00:00,9.8,93,8.6,0.0,0.0,0,0,6.1,118,28.6139,77.209
2025-01-11T01:00,9.5,93,8.1,0.0,0.0,0,0,6.4,126,28.6139,77.209
2025-01-11T02:00,8.6,95,7.1,0.0,0.0,0,0,6.2,123,28.6139,77.209
2025-01-11T03:00,8.3,96,6.7,0.0,0.0,0,0,6.2,120,28.6139,77.209
2025-01-11T04:00,8.0,96,6.4,0.0,0.0,0,0,6.2,120,28.6139,77.209
2025-01-11T05:00,8.0,96,6.3,0.0,0.0,0,0,6.8,112,28.6139,77.209
2025-01-11T06:00,9.1,97,7.4,0.0,0.0,1,26,9.2,107,28.6139,77.209
2025-01-11T07:00,9.1,97,7.1,0.0,0.0,1,35,11.2,102,28.6139,77.209
2025-01-11T08:00,10.1,97,8.3,0.0,0.0,3,91,11.6,109,28.6139,77.209
2025-01-11T09:00,11.6,92,9.9,0.0,0.0,3,99,12.3,117,28.6139,77.209
2025-01-11T10:00,13.6,84,11.8,0.0,0.0,3,92,14.1,118,28.6139,77.209
2025-01-11T11:00,15.3,79,14.6,0.0,0.0,3,100,7.9,117,28.6139,77.209
2025-01-11T12:00,16.2,75,16.3,0.0,0.0,3,99,3.0,123,28.6139,77.209
2025-01-11T13:00,16.8,73,17.3,0.0,0.0,3,99,0.0,270,28.6139,77.209
2025-01-11T14:00,16.8,71,17.1,0.0,0.0,3,97,0.6,342,28.6139,77.209
2025-01-11T15:00,16.5,73,16.7,0.2,0.2,51,100,1.8,354,28.6139,77.209
2025-01-11T16:00,16.2,76,15.9,0.1,0.1,51,89,5.5,77,28.6139,77.209
2025-01-11T17:00,14.9,84,14.7,1.3,1.3,61,99,6.0,41,28.6139,77.209
2025-01-11T18:00,13.6,93,14.1,0.3,0.3,51,100,1.7,49,28.6139,77.209
2025-01-11T19:00,13.0,93,11.6,1.2,1.2,55,100,13.0,80,28.6139,77.209
2025-01-11T20:00,12.7,86,11.5,0.6,0.6,53,100,8.6,89,28.6139,77.209
2025-01-11T21:00,12.3,85,11.1,0.1,0.1,51,90,7.9,106,28.6139,77.209
2025-01-11T22:00,11.6,89,10.7,0.1,0.1,51,99,5.8,83,28.6139,77.209
2025-01-11T23:00,11.3,91,10.6,0.0,0.0,2,69,4.5,85,28.6139,77.209
2025-01-12T00:00,11.0,90,10.2,0.0,0.0,0,1,3.8,82,28.6139,77.209
2025-01-12T01:00,9.9,93,8.7,0.0,0.0,0,17,5.9,88,28.6139,77.209
2025-01-12T02:00,10.4,94,9.3,0.0,0.0,1,20,6.1,92,28.6139,77.209
2025-01-12T03:00,9.9,95,8.9,0.0,0.0,0,14,5.4,104,28.6139,77.209
2025-01-12T04:00,9.8,93,8.8,0.0,0.0,2,62,4.3,114,28.6139,77.209
2025-01-12T05:00,10.4,93,9.3,0.0,0.0,0,3,6.2,111,28.6139,77.209
2025-01-12T06:00,10.5,96,10.0,0.0,0.0,0,9,3.1,140,28.6139,77.209
2025-01-12T07:00,10.2,96,9.6,0.0,0.0,0,11,3.2,153,28.6139,77.209
2025-01-12T08:00,12.0,95,11.5,0.0,0.0,0,0,6.0,139,28.6139,77.209
2025-01-12T09:00,13.9,91,13.9,0.0,0.0,1,48,4.4,117,28.6139,77.209
2025-01-12T10:00,15.1,87,15.2,0.0,0.0,2,57,5.6,130,28.6139,77.209
2025-01-12T11:00,16.4,82,16.8,0.1,0.1,51,31,4.1,142,28.6139,77.209
2025-01-12T12:00,17.4,77,18.1,0.0,0.0,1,32,2.1,200,28.6139,77.209
2025-01-12T13:00,17.8,73,18.3,0.0,0.0,3,99,3.0,308,28.6139,77.209
2025-01-12T14:00,18.0,70,18.2,0.0,0.0,3,96,3.3,354,28.6139,77.209
2025-01-12T15:00,18.0,67,18.3,0.0,0.0,3,89,1.9,29,28.6139,77.209
2025-01-12T16:00,17.9,67,18.1,0.0,0.0,0,15,1.8,349,28.6139,77.209
2025-01-12T17:00,16.3,77,16.4,0.0,0.0,1,42,4.0,324,28.6139,77.209
2025-01-12T18:00,13.4,91,13.5,0.0,0.0,0,11,3.1,320,28.6139,77.209
2025-01-12T19:00,12.9,92,12.7,0.0,0.0,0,17,4.3,318,28.6139,77.209
2025-01-12T20:00,12.8,93,12.4,0.0,0.0,0,15,6.0,323,28.6139,77.209
2025-01-12T21:00,12.3,94,11.8,0.0,0.0,0,9,6.2,319,28.6139,77.209
2025-01-12T22:00,11.7,95,11.1,0.0,0.0,0,5,5.6,331,28.6139,77.209
2025-01-12T23:00,10.6,96,9.9,0.0,0.0,0,0,4.8,326,28.6139,77.209
2025-01-13T00:00,9.9,96,9.1,0.0,0.0,0,0,4.2,306,28.6139,77.209
2025-01-13T01:00,9.8,96,8.9,0.0,0.0,0,0,4.9,280,28.6139,77.209
2025-01-13T02:00,9.7,97,8.7,0.0,0.0,0,11,5.2,292,28.6139,77.209
2025-01-13T03:00,9.5,97,8.5,0.0,0.0,1,20,5.4,291,28.6139,77.209
2025-01-13T04:00,9.4,98,8.1,0.0,0.0,1,41,6.8,288,28.6139,77.209
2025-01-13T05:00,9.2,99,7.8,0.0,0.0,3,100,7.1,289,28.6139,77.209
2025-01-13T06:00,9.9,98,8.7,0.0,0.0,1,48,7.2,297,28.6139,77.209
2025-01-13T07:00,9.8,97,8.6,0.0,0.0,1,21,7.2,292,28.6139,77.209
2025-01-13T08:00,10.8,94,9.5,0.0,0.0,0,3,8.2,289,28.6139,77.209
2025-01-13T09:00,12.2,92,11.5,0.0,0.0,0,0,6.7,289,28.6139,77.209
2025-01-13T10:00,14.1,83,13.5,0.0,0.0,0,0,6.7,301,28.6139,77.209
2025-01-13T11:00,15.7,77,15.2,0.0,0.0,0,0,6.8,307,28.6139,77.209
2025-01-13T12:00,17.2,73,17.2,0.0,0.0,0,0,6.4,313,28.6139,77.209
2025-01-13T13:00,18.3,68,18.3,0.0,0.0,0,0,6.2,308,28.6139,77.209
2025-01-13T14:00,18.9,65,18.6,0.0,0.0,0,0,6.6,307,28.6139,77.209
2025-01-13T15:00,19.0,65,18.6,0.0,0.0,0,0,7.0,310,28.6139,77.209
2025-01-13T16:00,18.5,69,18.3,0.0,0.0,0,0,6.7,306,28.6139,77.209
2025-01-13T17:00,16.8,77,16.8,0.0,0.0,0,0,5.8,286,28.6139,77.209
2025-01-13T18:00,15.5,82,15.2,0.0,0.0,0,0,7.0,283,28.6139,77.209
2025-01-13T19:00,14.8,83,14.3,0.0,0.0,0,0,7.7,288,28.6139,77.209
2025-01-13T20:00,14.1,85,13.3,0.0,0.0,0,0,8.6,290,28.6139,77.209
2025-01-13T21:00,13.4,86,12.4,0.0,0.0,0,0,8.6,293,28.6139,77.209
2025-01-13T22:00,12.8,88,11.8,0.0,0.0,0,0,8.5,295,28.6139,77.209
2025-01-13T23:00,12.2,90,11.1,0.0,0.0,0,0,8.0,295,28.6139,77.209
2025-01-14T00:00,11.6,91,10.6,0.0,0.0,0,0,7.5,290,28.6139,77.209
2025-01-14T01:00,11.1,93,9.9,0.0,0.0,0,0,8.0,290,28.6139,77.209
2025-01-14T02:00,10.7,94,9.4,0.0,0.0,0,0,8.1,287,28.6139,77.209
2025-01-14T03:00,9.9,95,8.6,0.0,0.0,0,0,7.2,284,28.6139,77.209
2025-01-14T04:00,9.5,95,8.1,0.0,0.0,0,0,7.3,290,28.6139,77.209
2025-01-14T05:00,9.0,95,7.5,0.0,0.0,0,0,6.6,291,28.6139,77.209
2025-01-14T06:00,9.1,96,7.7,0.0,0.0,0,0,6.3,285,28.6139,77.209
2025-01-14T07:00,8.7,97,7.3,0.0,0.0,0,0,6.2,278,28.6139,77.209
2025-01-14T08:00,10.0,95,8.6,0.0,0.0,0,1,8.1,269,28.6139,77.209
2025-01-14T09:00,11.9,90,11.2,0.0,0.0,0,0,5.4,276,28.6139,77.209
2025-01-14T10:00,13.7,83,13.3,0.0,0.0,0,0,4.3,285,28.6139,77.209
2025-01-14T11:00,15.4,75,15.1,0.0,0.0,0,0,4.0,300,28.6139,77.209
2025-01-14T12:00,16.7,70,16.9,0.0,0.0,0,0,3.3,311,28.6139,77.209
2025-01-14T13:00,17.6,67,17.9,0.0,0.0,0,0,3.2,317,28.6139,77.209
2025-01-14T14:00,18.1,64,18.0,0.0,0.0,0,0,3.4,328,28.6139,77.209
2025-01-14T15:00,18.2,64,18.0,0.0,0.0,0,0,3.9,332,28.6139,77.209
2025-01-14T16:00,17.8,66,17.7,0.0,0.0,0,0,3.6,330,28.6139,77.209
2025-01-14T17:00,16.2,74,16.4,0.0,0.0,0,0,2.1,329,28.6139,77.209
2025-01-14T18:00,15.4,76,15.4,0.0,0.0,0,0,2.1,15,28.6139,77.209
2025-01-14T19:00,14.4,80,14.4,0.0,0.0,0,0,2.2,48,28.6139,77.209
2025-01-14T20:00,14.1,80,14.1,0.0,0.0,0,0,1.5,54,28.6139,77.209
2025-01-14T21:00,13.3,82,12.8,0.0,0.0,0,0,4.5,360,28.6139,77.209
2025-01-14T22:00,13.3,82,13.1,0.0,0.0,0,0,1.4,23,28.6139,77.209
2025-01-14T23:00,12.4,85,12.1,0.0,0.0,0,0,2.4,17,28.6139,77.209
2025-01-15T00:00,11.9,88,11.8,0.0,0.0,0,0,0.7,346,28.6139,77.209
2025-01-15T01:00,11.4,90,11.3,0.0,0.0,3,100,0.2,270,28.6139,77.209
2025-01-15T02:00,10.6,93,10.4,0.0,0.0,1,39,0.6,252,28.6139,77.209
2025-01-15T03:00,9.5,99,9.3,0.0,0.0,0,17,0.5,270,28.6139,77.209
2025-01-15T04:00,9.3,99,9.0,0.0,0.0,3,100,0.4,333,28.6139,77.209
2025-01-15T05:00,9.1,99,8.6,0.0,0.0,3,100,1.1,342,28.6139,77.209
2025-01-15T06:00,9.1,99,8.5,0.0,0.0,3,100,1.8,114,28.6139,77.209
2025-01-15T07:00,9.2,98,8.5,0.0,0.0,3,100,2.4,81,28.6139,77.209
2025-01-15T08:00,9.7,98,9.1,0.0,0.0,3,100,2.8,72,28.6139,77.209
2025-01-15T09:00,11.0,93,10.4,0.0,0.0,3,100,4.2,83,28.6139,77.209
2025-01-15T10:00,12.6,94,12.4,0.0,0.0,3,98,4.2,97,28.6139,77.209
2025-01-15T11:00,15.2,87,15.6,0.0,0.0,2,65,3.8,87,28.6139,77.209
2025-01-15T12:00,17.1,79,17.5,0.0,0.0,1,24,5.6,107,28.6139,77.209
2025-01-15T13:00,18.0,69,17.9,0.0,0.0,0,10,5.9,90,28.6139,77.209
2025-01-15T14:00,18.3,67,18.1,0.0,0.0,0,11,5.3,80,28.6139,77.209
2025-01-15T15:00,18.4,66,18.1,0.0,0.0,0,13,5.4,124,28.6139,77.209
2025-01-15T16:00,18.0,67,17.7,0.0,0.0,1,26,5.1,141,28.6139,77.209
2025-01-15T17:00,16.3,78,16.4,0.0,0.0,1,44,3.9,143,28.6139,77.209
2025-01-15T18:00,14.2,82,13.7,0.0,0.0,3,92,5.8,158,28.6139,77.209
2025-01-15T19:00,13.6,86,13.3,0.0,0.0,2,56,4.8,124,28.6139,77.209
2025-01-15T20:00,12.9,89,12.5,0.9,0.9,53,79,4.5,180,28.6139,77.209
2025-01-15T21:00,13.0,89,12.8,1.6,1.6,61,86,3.6,135,28.6139,77.209
2025-01-15T22:00,12.9,90,12.3,0.4,0.4,51,49,6.3,117,28.6139,77.209
2025-01-15T23:00,12.2,93,12.2,0.0,0.0,2,60,2.2,132,28.6139,77.209
2025-01-16T00:00,12.0,92,11.8,0.0,0.0,2,67,2.6,102,28.6139,77.209
2025-01-16T01:00,11.6,93,11.3,0.0,0.0,2,55,2.7,42,28.6139,77.209
2025-01-16T02:00,11.1,95,10.5,0.0,0.0,3,91,4.5,23,28.6139,77.209
2025-01-16T03:00,11.7,95,11.3,0.0,0.0,3,100,4.0,60,28.6139,77.209
2025-01-16T04:00,11.6,95,11.3,0.0,0.0,3,100,3.2,90,28.6139,77.209
2025-01-16T05:00,11.8,94,11.4,0.0,0.0,3,83,4.0,72,28.6139,77.209
2025-01-16T06:00,12.2,94,11.6,0.1,0.1,51,100,6.2,78,28.6139,77.209
2025-01-16T07:00,12.3,94,11.8,0.1,0.1,51,100,5.6,73,28.6139,77.209
2025-01-16T08:00,12.6,93,12.4,0.2,0.2,51,100,4.3,88,28.6139,77.209
2025-01-16T09:00,13.1,93,12.9,0.3,0.3,51,100,5.8,95,28.6139,77.209
2025-01-16T10:00,14.5,87,14.3,0.0,0.0,0,16,5.7,103,28.6139,77.209
2025-01-16T11:00,16.2,75,15.9,0.0,0.0,1,32,5.6,92,28.6139,77.209
2025-01-16T12:00,17.0,70,16.8,0.0,0.0,1,30,3.8,65,28.6139,77.209
2025-01-16T13:00,17.4,67,17.2,0.0,0.0,1,39,3.7,55,28.6139,77.209
2025-01-16T14:00,18.0,63,17.8,0.0,0.0,0,7,3.1,50,28.6139,77.209
2025-01-16T15:00,18.0,62,17.7,0.0,0.0,0,3,3.3,6,28.6139,77.209
2025-01-16T16:00,17.8,63,17.4,0.0,0.0,0,15,4.1,2,28.6139,77.209
2025-01-16T17:00,17.0,73,17.3,0.0,0.0,0,7,2.1,52,28.6139,77.209
2025-01-16T18:00,14.7,80,14.6,0.0,0.0,0,1,3.3,283,28.6139,77.209
2025-01-16T19:00,13.8,83,13.5,0.0,0.0,0,0,4.5,293,28.6139,77.209
2025-01-16T20:00,13.3,85,12.8,0.0,0.0,0,1,5.0,322,28.6139,77.209
2025-01-16T21:00,12.6,86,12.0,0.0,0.0,0,1,5.2,348,28.6139,77.209
2025-01-16T22:00,12.1,88,11.3,0.0,0.0,0,0,5.1,350,28.6139,77.209
2025-01-16T23:00,11.5,89,10.8,0.0,0.0,0,0,4.8,333,28.6139,77.209
2025-01-17T00:00,11.1,91,10.2,0.0,0.0,0,0,5.2,329,28.6139,77.209
2025-01-17T01:00,11.0,90,10.0,0.0,0.0,0,0,5.6,327,28.6139,77.209
2025-01-17T02:00,11.0,89,9.8,0.0,0.0,0,0,6.5,316,28.6139,77.209
2025-01-17T03:00,10.7,90,9.4,0.0,0.0,0,0,7.5,320,28.6139,77.209
2025-01-17T04:00,10.3,89,8.8,0.0,0.0,0,0,7.5,320,28.6139,77.209
2025-01-17T05:00,9.8,89,8.3,0.0,0.0,0,0,7.1,315,28.6139,77.209
2025-01-17T06:00,9.3,94,8.0,0.0,0.0,0,0,5.9,313,28.6139,77.209
2025-01-17T07:00,9.2,94,7.9,0.0,0.0,0,0,6.1,313,28.6139,77.209
2025-01-17T08:00,10.7,91,9.4,0.0,0.0,0,0,7.8,312,28.6139,77.209
2025-01-17T09:00,12.4,87,11.6,0.0,0.0,0,0,5.7,307,28.6139,77.209
2025-01-17T10:00,14.3,81,13.9,0.0,0.0,0,0,5.0,311,28.6139,77.209
2025-01-17T11:00,16.2,74,15.8,0.0,0.0,0,0,5.8,309,28.6139,77.209
2025-01-17T12:00,17.6,67,17.4,0.0,0.0,0,0,6.8,307,28.6139,77.209
2025-01-17T13:00,18.5,62,18.1,0.0,0.0,0,0,7.2,305,28.6139,77.209
2025-01-17T14:00,18.9,58,17.8,0.0,0.0,0,0,8.5,299,28.6139,77.209
2025-01-17T15:00,18.8,58,17.5,0.0,0.0,0,0,9.3,298,28.6139,77.209
2025-01-17T16:00,18.0,61,16.9,0.0,0.0,0,0,8.4,293,28.6139,77.209
2025-01-17T17:00,16.2,69,15.2,0.0,0.0,0,0,7.6,289,28.6139,77.209
2025-01-17T18:00,14.2,76,13.0,0.0,0.0,0,0,7.8,296,28.6139,77.209
2025-01-17T19:00,13.3,79,12.0,0.0,0.0,0,0,7.9,309,28.6139,77.209
2025-01-17T20:00,12.6,82,11.4,0.0,0.0,0,0,7.9,319,28.6139,77.209
2025-01-17T21:00,11.8,85,10.7,0.0,0.0,0,14,6.6,315,28.6139,77.209
2025-01-17T22:00,10.7,89,9.6,0.0,0.0,0,3,5.1,306,28.6139,77.209
2025-01-17T23:00,10.2,91,9.1,0.0,0.0,0,7,5.2,286,28.6139,77.209
2025-01-18T00:00,9.7,93,8.5,0.0,0.0,1,23,5.7,279,28.6139,77.209
2025-01-18T01:00,8.8,96,7.6,0.0,0.0,0,12,4.3,270,28.6139,77.209
2025-01-18T02:00,8.4,97,7.1,0.0,0.0,0,7,4.9,266,28.6139,77.209
2025-01-18T03:00,8.2,99,6.6,0.0,0.0,1,30,6.9,265,28.6139,77.209
2025-01-18T04:00,7.9,100,6.0,0.0,0.0,3,100,8.6,268,28.6139,77.209
2025-01-18T05:00,7.8,99,6.0,0.0,0.0,3,100,7.7,269,28.6139,77.209
2025-01-18T06:00,9.5,99,8.3,0.0,0.0,3,100,6.7,275,28.6139,77.209
2025-01-18T07:00,9.7,97,8.5,0.0,0.0,3,100,6.6,287,28.6139,77.209
2025-01-18T08:00,10.0,98,8.8,0.0,0.0,3,100,7.5,287,28.6139,77.209
2025-01-18T09:00,10.7,96,9.7,0.0,0.0,3,100,6.5,294,28.6139,77.209
2025-01-18T10:00,12.7,89,12.4,0.0,0.0,3,100,3.5,332,28.6139,77.209
2025-01-18T11:00,14.0,84,14.1,0.0,0.0,2,79,2.1,345,28.6139,77.209
2025-01-18T12:00,15.6,77,15.6,0.0,0.0,0,3,3.3,351,28.6139,77.209
2025-01-18T13:00,17.1,69,17.6,0.0,0.0,0,1,3.0,335,28.6139,77.209
2025-01-18T14:00,17.8,65,17.4,0.0,0.0,3,93,4.6,318,28.6139,77.209
2025-01-18T15:00,17.8,62,17.4,0.0,0.0,0,4,3.4,344,28.6139,77.209
2025-01-18T16:00,17.6,63,17.4,0.0,0.0,0,7,2.7,28,28.6139,77.209
2025-01-18T17:00,16.0,72,16.1,0.0,0.0,1,45,1.0,338,28.6139,77.209
2025-01-18T18:00,15.1,79,15.4,0.0,0.0,1,45,1.1,18,28.6139,77.209
2025-01-18T19:00,14.1,81,14.2,0.0,0.0,1,34,0.6,342,28.6139,77.209
2025-01-18T20:00,13.2,84,13.3,0.0,0.0,1,35,0.3,225,28.6139,77.209
2025-01-18T21:00,12.3,87,12.1,0.0,0.0,0,17,1.7,257,28.6139,77.209
2025-01-18T22:00,11.1,92,10.5,0.0,0.0,2,57,3.7,259,28.6139,77.209
2025-01-18T23:00,10.1,96,9.4,0.0,0.0,2,58,3.8,259,28.6139,77.209
2025-01-19T00:00,9.7,98,8.9,0.0,0.0,3,96,4.5,265,28.6139,77.209
2025-01-19T01:00,9.4,100,8.7,0.0,0.0,3,100,3.6,250,28.6139,77.209
2025-01-19T02:00,9.2,100,8.5,0.0,0.0,3,100,3.1,249,28.6139,77.209
2025-01-19T03:00,8.9,100,8.4,0.0,0.0,3,100,1.6,276,28.6139,77.209
2025-01-19T04:00,9.1,98,8.5,0.0,0.0,3,100,1.9,299,28.6139,77.209
2025-01-19T05:00,9.0,99,8.5,0.0,0.0,3,100,1.5,306,28.6139,77.209
2025-01-19T06:00,10.4,95,10.0,0.0,0.0,3,100,2.2,284,28.6139,77.209
2025-01-19T07:00,10.4,96,9.9,0.0,0.0,3,100,2.9,292,28.6139,77.209
2025-01-19T08:00,10.9,95,10.6,0.0,0.0,3,100,2.0,315,28.6139,77.209
2025-01-19T09:00,12.3,96,12.5,0.0,0.0,3,100,1.5,353,28.6139,77.209
2025-01-19T10:00,14.3,90,14.9,0.0,0.0,1,43,2.1,15,28.6139,77.209
2025-01-19T11:00,16.5,84,17.3,0.0,0.0,0,6,3.0,17,28.6139,77.209
2025-01-19T12:00,18.7,73,19.6,0.0,0.0,1,22,3.4,16,28.6139,77.209
2025-01-19T13:00,20.2,67,21.2,0.0,0.0,0,6,3.7,14,28.6139,77.209
2025-01-19T14:00,21.1,65,21.8,0.0,0.0,1,33,4.6,9,28.6139,77.209
2025-01-19T15:00,21.3,65,22.0,0.0,0.0,2,51,4.9,6,28.6139,77.209
2025-01-19T16:00,20.8,68,21.8,0.0,0.0,2,71,4.1,360,28.6139,77.209
2025-01-19T17:00,19.0,78,20.2,0.0,0.0,2,58,3.2,344,28.6139,77.209
2025-01-19T18:00,18.1,81,19.0,0.0,0.0,3,95,4.6,334,28.6139,77.209
2025-01-19T19:00,17.7,80,18.6,0.0,0.0,3,89,3.2,341,28.6139,77.209
2025-01-19T20:00,17.2,80,18.0,0.0,0.0,1,36,2.8,333,28.6139,77.209
2025-01-19T21:00,16.6,80,17.2,0.0,0.0,0,8,2.4,306,28.6139,77.209
2025-01-19T22:00,15.6,84,16.0,0.0,0.0,0,0,3.6,288,28.6139,77.209
2025-01-19T23:00,14.7,88,14.7,0.0,0.0,0,0,5.5,289,28.6139,77.209
2025-01-20T00:00,14.3,89,14.3,0.0,0.0,0,4,5.5,297,28.6139,77.209
2025-01-20T01:00,13.7,91,13.6,0.0,0.0,0,2,5.6,295,28.6139,77.209
2025-01-20T02:00,13.3,91,12.9,0.0,0.0,0,13,5.9,293,28.6139,77.209
2025-01-20T03:00,13.0,91,12.5,0.0,0.0,1,23,6.4,292,28.6139,77.209
2025-01-20T04:00,12.8,91,12.1,0.0,0.0,1,33,7.5,287,28.6139,77.209
2025-01-20T05:00,12.5,91,11.8,0.0,0.0,1,45,7.5,281,28.6139,77.209
2025-01-20T06:00,12.0,93,11.1,0.0,0.0,1,40,8.2,280,28.6139,77.209
2025-01-20T07:00,11.7,94,10.8,0.0,0.0,1,46,7.8,285,28.6139,77.209
2025-01-20T08:00,12.6,93,11.9,0.0,0.0,1,23,8.0,275,28.6139,77.209
2025-01-20T09:00,14.4,90,14.4,0.0,0.0,0,16,6.1,270,28.6139,77.209
2025-01-20T10:00,16.5,84,16.8,0.0,0.0,0,0,6.5,264,28.6139,77.209
2025-01-20T11:00,18.5,77,18.8,0.0,0.0,0,0,7.7,267,28.6139,77.209
2025-01-20T12:00,20.1,72,20.8,0.0,0.0,0,0,8.3,275,28.6139,77.209
2025-01-20T13:00,21.2,70,22.1,0.0,0.0,0,0,9.1,287,28.6139,77.209
2025-01-20T14:00,21.9,66,22.1,0.0,0.0,0,0,10.2,298,28.6139,77.209
2025-01-20T15:00,21.9,65,22.1,0.0,0.0,0,0,10.2,301,28.6139,77.209
2025-01-20T16:00,21.4,68,21.8,0.0,0.0,0,0,8.8,303,28.6139,77.209
2025-01-20T17:00,19.6,75,20.3,0.0,0.0,0,0,6.5,298,28.6139,77.209
2025-01-20T18:00,18.5,79,19.1,0.0,0.0,0,0,6.7,289,28.6139,77.209
2025-01-20T19:00,17.9,81,18.3,0.0,0.0,0,0,7.2,288,28.6139,77.209
2025-01-20T20:00,17.1,84,17.5,0.0,0.0,0,0,7.1,289,28.6139,77.209
2025-01-20T21:00,16.4,86,16.7,0.0,0.0,0,0,7.3,290,28.6139,77.209
2025-01-20T22:00,15.9,87,16.0,0.0,0.0,0,0,7.4,293,28.6139,77.209
2025-01-20T23:00,15.3,88,15.2,0.0,0.0,0,0,7.5,294,28.6139,77.209
2025-01-21T00:00,14.6,88,14.4,0.0,0.0,0,0,6.9,295,28.6139,77.209
2025-01-21T01:00,14.1,89,13.8,0.0,0.0,0,0,7.3,300,28.6139,77.209
2025-01-21T02:00,13.6,90,13.1,0.0,0.0,0,0,6.9,301,28.6139,77.209
2025-01-21T03:00,12.7,91,12.1,0.0,0.0,0,0,6.7,304,28.6139,77.209
2025-01-21T04:00,12.3,91,11.5,0.0,0.0,0,0,6.8,302,28.6139,77.209
2025-01-21T05:00,11.8,92,11.0,0.0,0.0,0,0,6.7,294,28.6139,77.209
2025-01-21T06:00,11.3,90,10.2,0.0,0.0,0,0,7.3,286,28.6139,77.209
2025-01-21T07:00,11.1,91,9.8,0.0,0.0,0,0,7.9,282,28.6139,77.209
2025-01-21T08:00,12.4,87,11.0,0.0,0.0,0,0,10.0,279,28.6139,77.209
2025-01-21T09:00,14.2,84,13.6,0.0,0.0,0,0,7.8,275,28.6139,77.209
2025-01-21T10:00,16.6,75,16.2,0.0,0.0,0,0,7.0,270,28.6139,77.209
2025-01-21T11:00,18.7,68,18.5,0.0,0.0,0,1,7.0,271,28.6139,77.209
2025-01-21T12:00,20.3,62,20.5,0.0,0.0,0,3,7.2,283,28.6139,77.209
2025-01-21T13:00,21.4,58,21.5,0.0,0.0,0,0,8.1,291,28.6139,77.209
2025-01-21T14:00,21.9,55,21.4,0.0,0.0,0,0,8.7,297,28.6139,77.209
2025-01-21T15:00,21.7,55,21.1,0.0,0.0,0,0,9.0,299,28.6139,77.209
2025-01-21T16:00,20.9,60,20.5,0.0,0.0,0,0,8.4,301,28.6139,77.209
2025-01-21T17:00,19.0,69,19.0,0.0,0.0,0,0,6.9,298,28.6139,77.209
2025-01-21T18:00,17.7,74,17.7,0.0,0.0,0,0,6.7,289,28.6139,77.209
2025-01-21T19:00,17.0,77,16.8,0.0,0.0,0,0,7.1,286,28.6139,77.209
2025-01-21T20:00,16.1,79,15.9,0.0,0.0,0,0,7.1,285,28.6139,77.209
2025-01-21T21:00,15.4,81,15.0,0.0,0.0,0,0,7.0,282,28.6139,77.209
2025-01-21T22:00,14.7,82,14.1,0.0,0.0,0,0,6.8,288,28.6139,77.209
2025-01-21T23:00,14.2,83,13.5,0.0,0.0,0,0,6.9,287,28.6139,77.209
2025-01-22T00:00,13.6,84,12.9,0.0,0.0,0,0,6.6,296,28.6139,77.209
2025-01-22T01:00,13.1,86,12.4,0.0,0.0,0,0,6.4,310,28.6139,77.209
2025-01-22T02:00,12.4,89,11.8,0.0,0.0,0,0,5.7,319,28.6139,77.209
2025-01-22T03:00,11.9,90,11.2,0.0,0.0,0,0,5.4,320,28.6139,77.209
2025-01-22T04:00,11.3,91,10.5,0.0,0.0,0,0,5.0,308,28.6139,77.209
2025-01-22T05:00,10.8,92,10.0,0.0,0.0,0,0,4.8,295,28.6139,77.209
2025-01-22T06:00,10.5,94,9.6,0.0,0.0,0,0,4.9,278,28.6139,77.209
2025-01-22T07:00,10.4,94,9.5,0.0,0.0,0,0,5.1,278,28.6139,77.209
2025-01-22T08:00,11.9,91,11.0,0.0,0.0,0,0,6.6,279,28.6139,77.209
2025-01-22T09:00,14.3,85,14.2,0.0,0.0,0,0,4.4,289,28.6139,77.209
2025-01-22T10:00,16.9,76,17.3,0.0,0.0,0,0,3.1,301,28.6139,77.209
2025-01-22T11:00,19.3,68,19.9,0.0,0.0,0,0,2.7,307,28.6139,77.209
2025-01-22T12:00,21.2,58,22.1,0.0,0.0,0,0,2.4,312,28.6139,77.209
2025-01-22T13:00,22.3,49,22.7,0.0,0.0,0,1,2.6,321,28.6139,77.209
2025-01-22T14:00,22.8,45,22.5,0.0,0.0,0,6,2.8,310,28.6139,77.209
2025-01-22T15:00,22.8,45,22.3,0.0,0.0,0,8,3.4,313,28.6139,77.209
2025-01-22T16:00,22.0,53,22.0,0.0,0.0,1,20,3.9,307,28.6139,77.209
2025-01-22T17:00,20.0,65,20.2,0.0,0.0,1,22,5.3,298,28.6139,77.209
2025-01-22T18:00,18.6,67,18.6,0.0,0.0,0,12,5.4,300,28.6139,77.209
2025-01-22T19:00,17.8,73,17.9,0.0,0.0,0,2,4.8,292,28.6139,77.209
2025-01-22T20:00,17.0,76,17.0,0.0,0.0,1,30,5.6,310,28.6139,77.209
2025-01-22T21:00,16.6,77,16.7,0.0,0.0,0,14,4.6,318,28.6139,77.209
2025-01-22T22:00,15.9,78,15.8,0.0,0.0,0,19,4.9,336,28.6139,77.209
2025-01-22T23:00,15.1,80,14.8,0.0,0.0,0,18,5.6,327,28.6139,77.209
2025-01-23T00:00,14.8,81,14.5,0.2,0.2,51,40,4.7,293,28.6139,77.209
2025-01-23T01:00,14.9,81,14.3,0.0,0.0,1,37,7.2,354,28.6139,77.209
2025-01-23T02:00,14.2,80,13.6,0.0,0.0,2,63,5.1,324,28.6139,77.209
2025-01-23T03:00,13.5,89,13.5,1.4,1.4,61,85,3.3,221,28.6139,77.209
2025-01-23T04:00,13.5,89,13.7,0.0,0.0,1,45,2.0,333,28.6139,77.209
2025-01-23T05:00,12.7,91,12.4,0.0,0.0,1,39,4.3,287,28.6139,77.209
2025-01-23T06:00,13.0,90,12.7,0.0,0.0,0,5,4.9,294,28.6139,77.209
2025-01-23T07:00,11.7,93,11.2,0.0,0.0,0,4,4.7,279,28.6139,77.209
2025-01-23T08:00,13.5,91,13.2,0.0,0.0,0,10,6.6,283,28.6139,77.209
2025-01-23T09:00,15.3,87,15.4,0.0,0.0,0,7,5.4,285,28.6139,77.209
2025-01-23T10:00,17.4,77,17.6,0.0,0.0,0,0,6.1,302,28.6139,77.209
2025-01-23T11:00,19.3,67,19.3,0.0,0.0,0,0,6.7,308,28.6139,77.209
2025-01-23T12:00,20.8,55,20.6,0.0,0.0,0,0,7.7,311,28.6139,77.209
2025-01-23T13:00,21.7,45,20.6,0.0,0.0,0,0,9.7,318,28.6139,77.209
2025-01-23T14:00,21.9,40,19.9,0.0,0.0,0,0,10.6,316,28.6139,77.209
2025-01-23T15:00,21.6,40,19.3,0.0,0.0,0,2,11.1,312,28.6139,77.209
2025-01-23T16:00,20.7,47,18.9,0.0,0.0,0,3,10.1,317,28.6139,77.209
2025-01-23T17:00,18.8,57,17.6,0.0,0.0,0,0,8.4,317,28.6139,77.209
2025-01-23T18:00,17.4,60,15.9,0.0,0.0,0,0,9.2,309,28.6139,77.209
2025-01-23T19:00,16.3,61,14.7,0.0,0.0,0,0,9.1,306,28.6139,77.209
2025-01-23T20:00,15.5,63,13.8,0.0,0.0,0,0,8.7,302,28.6139,77.209
2025-01-23T21:00,14.8,68,13.2,0.0,0.0,0,0,8.7,300,28.6139,77.209
2025-01-23T22:00,14.3,70,12.7,0.0,0.0,0,0,8.7,300,28.6139,77.209
2025-01-23T23:00,13.8,71,12.3,0.0,0.0,0,0,7.8,302,28.6139,77.209
2025-01-24T00:00,13.1,73,11.6,0.0,0.0,0,0,7.2,298,28.6139,77.209
2025-01-24T01:00,12.5,74,10.9,0.0,0.0,0,0,6.8,299,28.6139,77.209
2025-01-24T02:00,11.9,75,10.3,0.0,0.0,0,0,6.7,294,28.6139,77.209
2025-01-24T03:00,11.4,77,9.8,0.0,0.0,0,0,6.7,284,28.6139,77.209
2025-01-24T04:00,11.1,78,9.3,0.0,0.0,0,0,7.2,274,28.6139,77.209
2025-01-24T05:00,10.6,80,8.6,0.0,0.0,0,0,8.1,267,28.6139,77.209
2025-01-24T06:00,10.8,85,9.1,0.0,0.0,0,0,8.3,272,28.6139,77.209
2025-01-24T07:00,10.4,85,8.5,0.0,0.0,0,0,9.5,270,28.6139,77.209
2025-01-24T08:00,11.3,83,9.4,0.0,0.0,0,0,10.3,274,28.6139,77.209
2025-01-24T09:00,13.2,77,11.7,0.0,0.0,0,0,8.7,283,28.6139,77.209
2025-01-24T10:00,15.5,69,14.2,0.0,0.0,0,0,8.4,290,28.6139,77.209
2025-01-24T11:00,17.8,61,16.8,0.0,0.0,0,0,8.6,286,28.6139,77.209
2025-01-24T12:00,19.6,53,18.6,0.0,0.0,0,0,9.9,286,28.6139,77.209
2025-01-24T13:00,20.6,45,18.9,0.0,0.0,0,0,11.6,294,28.6139,77.209
2025-01-24T14:00,20.9,42,18.5,0.0,0.0,0,0,12.6,296,28.6139,77.209
2025-01-24T15:00,20.7,42,18.1,0.0,0.0,0,0,12.9,298,28.6139,77.209
2025-01-24T16:00,19.9,47,17.7,0.0,0.0,0,0,11.5,299,28.6139,77.209
2025-01-24T17:00,18.1,56,16.5,0.0,0.0,0,0,9.2,298,28.6139,77.209
2025-01-24T18:00,17.1,61,15.6,0.0,0.0,0,0,9.0,292,28.6139,77.209
2025-01-24T19:00,16.1,65,14.7,0.0,0.0,0,0,9.1,292,28.6139,77.209
2025-01-24T20:00,15.2,68,13.7,0.0,0.0,0,0,9.2,290,28.6139,77.209
2025-01-24T21:00,14.4,70,12.8,0.0,0.0,0,0,8.9,284,28.6139,77.209
2025-01-24T22:00,13.6,71,11.9,0.0,0.0,0,0,8.9,278,28.6139,77.209
2025-01-24T23:00,12.9,72,11.1,0.0,0.0,0,0,8.8,275,28.6139,77.209
2025-01-25T00:00,12.3,73,10.3,0.0,0.0,0,0,8.9,279,28.6139,77.209
2025-01-25T01:00,11.6,73,9.6,0.0,0.0,0,0,8.8,279,28.6139,77.209
2025-01-25T02:00,11.1,74,8.9,0.0,0.0,0,0,9.3,278,28.6139,77.209
2025-01-25T03:00,10.6,74,8.2,0.0,0.0,0,0,9.7,272,28.6139,77.209
2025-01-25T04:00,10.2,74,7.5,0.0,0.0,0,0,10.5,266,28.6139,77.209
2025-01-25T05:00,9.7,73,7.0,0.0,0.0,0,0,10.6,267,28.6139,77.209
2025-01-25T06:00,9.4,78,6.8,0.0,0.0,0,0,10.3,269,28.6139,77.209
2025-01-25T07:00,9.0,78,6.3,0.0,0.0,0,0,10.3,265,28.6139,77.209
2025-01-25T08:00,10.1,74,7.3,0.0,0.0,0,0,11.6,265,28.6139,77.209
2025-01-25T09:00,12.1,68,9.8,0.0,0.0,0,0,9.6,266,28.6139,77.209
2025-01-25T10:00,14.6,60,12.4,0.0,0.0,0,0,9.4,266,28.6139,77.209
2025-01-25T11:00,16.8,54,14.9,0.0,0.0,0,0,9.5,272,28.6139,77.209
2025-01-25T12:00,18.7,48,17.2,0.0,0.0,0,0,9.6,278,28.6139,77.209
2025-01-25T13:00,20.1,43,18.5,0.0,0.0,0,0,10.1,286,28.6139,77.209
2025-01-25T14:00,20.8,40,18.6,0.0,0.0,0,0,10.8,288,28.6139,77.209
2025-01-25T15:00,20.7,40,18.2,0.0,0.0,0,0,10.7,287,28.6139,77.209
2025-01-25T16:00,19.8,46,17.9,0.0,0.0,0,0,9.2,281,28.6139,77.209
2025-01-25T17:00,17.7,56,16.3,0.0,0.0,0,0,6.9,277,28.6139,77.209
2025-01-25T18:00,16.6,59,15.2,0.0,0.0,0,0,6.8,273,28.6139,77.209
2025-01-25T19:00,15.6,61,14.0,0.0,0.0,0,0,7.0,271,28.6139,77.209
2025-01-25T20:00,14.5,63,12.8,0.0,0.0,0,0,7.2,269,28.6139,77.209
2025-01-25T21:00,13.7,64,11.9,0.0,0.0,0,0,7.4,269,28.6139,77.209
2025-01-25T22:00,13.0,65,11.1,0.0,0.0,0,0,7.2,264,28.6139,77.209
2025-01-25T23:00,12.3,66,10.3,0.0,0.0,0,0,7.2,264,28.6139,77.209
2025-01-26T00:00,11.6,67,9.5,0.0,0.0,0,0,7.0,267,28.6139,77.209
2025-01-26T01:00,10.9,69,8.7,0.0,0.0,0,0,7.0,270,28.6139,77.209
2025-01-26T02:00,10.4,70,8.2,0.0,0.0,0,0,7.0,274,28.6139,77.209
2025-01-26T03:00,10.0,72,7.7,0.0,0.0,0,0,7.4,283,28.6139,77.209
2025-01-26T04:00,9.6,74,7.3,0.0,0.0,0,0,7.7,279,28.6139,77.209
2025-01-26T05:00,9.1,76,6.7,0.0,0.0,0,0,7.6,271,28.6139,77.209
2025-01-26T06:00,8.5,82,6.3,0.0,0.0,0,0,7.4,267,28.6139,77.209
2025-01-26T07:00,8.2,82,5.8,0.0,0.0,0,0,7.8,263,28.6139,77.209
2025-01-26T08:00,9.5,76,6.8,0.0,0.0,0,0,10.1,264,28.6139,77.209
2025-01-26T09:00,11.9,67,9.8,0.0,0.0,0,0,7.2,269,28.6139,77.209
2025-01-26T10:00,14.8,56,12.8,0.0,0.0,0,0,6.7,276,28.6139,77.209
2025-01-26T11:00,17.3,49,15.4,0.0,0.0,0,0,7.7,282,28.6139,77.209
2025-01-26T12:00,19.1,42,17.6,0.0,0.0,0,0,8.1,288,28.6139,77.209
2025-01-26T13:00,20.4,39,18.9,0.0,0.0,0,0,8.5,294,28.6139,77.209
2025-01-26T14:00,21.0,38,19.1,0.0,0.0,0,0,8.4,293,28.6139,77.209
2025-01-26T15:00,21.0,37,18.8,0.0,0.0,0,0,8.3,288,28.6139,77.209
2025-01-26T16:00,20.2,42,18.2,0.0,0.0,0,0,8.0,276,28.6139,77.209
2025-01-26T17:00,18.0,56,17.0,0.0,0.0,0,0,5.4,268,28.6139,77.209
2025-01-26T18:00,16.9,60,15.7,0.0,0.0,0,0,5.9,268,28.6139,77.209
2025-01-26T19:00,15.9,62,14.6,0.0,0.0,0,0,6.5,268,28.6139,77.209
2025-01-26T20:00,14.8,64,13.4,0.0,0.0,0,0,5.8,274,28.6139,77.209
2025-01-26T21:00,13.7,68,12.3,0.0,0.0,0,0,5.3,280,28.6139,77.209
2025-01-26T22:00,12.9,70,11.4,0.0,0.0,0,0,5.4,276,28.6139,77.209
2025-01-26T23:00,12.3,71,10.7,0.0,0.0,0,0,5.6,263,28.6139,77.209
2025-01-27T00:00,11.4,73,9.7,0.0,0.0,0,0,5.8,266,28.6139,77.209
2025-01-27T01:00,10.7,74,8.9,0.0,0.0,0,0,5.8,272,28.6139,77.209
2025-01-27T02:00,10.0,76,8.2,0.0,0.0,0,0,5.6,276,28.6139,77.209
2025-01-27T03:00,9.4,78,7.5,0.0,0.0,0,0,5.8,274,28.6139,77.209
2025-01-27T04:00,8.8,80,6.8,0.0,0.0,0,0,6.1,270,28.6139,77.209
2025-01-27T05:00,8.4,80,6.3,0.0,0.0,0,0,6.5,268,28.6139,77.209
2025-01-27T06:00,8.1,90,6.3,0.0,0.0,0,0,6.2,277,28.6139,77.209
2025-01-27T07:00,7.8,90,5.9,0.0,0.0,0,0,6.5,268,28.6139,77.209
2025-01-27T08:00,9.4,82,7.3,0.0,0.0,0,0,8.1,264,28.6139,77.209
2025-01-27T09:00,12.3,69,10.6,0.0,0.0,0,0,5.8,266,28.6139,77.209
2025-01-27T10:00,15.4,56,13.7,0.0,0.0,0,0,5.8,274,28.6139,77.209
2025-01-27T11:00,17.9,47,16.2,0.0,0.0,0,0,6.6,279,28.6139,77.209
2025-01-27T12:00,19.7,38,18.1,0.0,0.0,0,0,7.6,285,28.6139,77.209
2025-01-27T13:00,20.9,34,19.0,0.0,0.0,0,0,8.8,290,28.6139,77.209
2025-01-27T14:00,21.5,31,19.0,0.0,0.0,0,0,9.4,299,28.6139,77.209
2025-01-27T15:00,21.4,32,18.6,0.0,0.0,0,0,9.5,303,28.6139,77.209
2025-01-27T16:00,20.7,37,18.1,0.0,0.0,0,0,9.3,299,28.6139,77.209
2025-01-27T17:00,19.0,46,17.3,0.0,0.0,0,0,6.8,292,28.6139,77.209
2025-01-27T18:00,17.8,53,16.4,0.0,0.0,0,0,6.0,273,28.6139,77.209
2025-01-27T19:00,16.7,59,15.3,0.0,0.0,0,0,6.9,265,28.6139,77.209
2025-01-27T20:00,15.7,64,14.3,0.0,0.0,0,0,7.1,260,28.6139,77.209
2025-01-27T21:00,14.7,68,13.2,0.0,0.0,0,0,7.5,260,28.6139,77.209
2025-01-27T22:00,14.1,67,12.4,0.0,0.0,0,0,7.8,266,28.6139,77.209
2025-01-27T23:00,13.6,64,11.6,0.0,0.0,0,0,8.1,270,28.6139,77.209
2025-01-28T00:00,12.9,64,10.8,0.0,0.0,0,0,8.3,269,28.6139,77.209
2025-01-28T01:00,12.2,66,10.0,0.0,0.0,0,0,8.1,266,28.6139,77.209
2025-01-28T02:00,11.5,69,9.2,0.0,0.0,0,0,8.3,265,28.6139,77.209
2025-01-28T03:00,10.8,71,8.5,0.0,0.0,0,0,8.3,269,28.6139,77.209
2025-01-28T04:00,10.1,72,7.8,0.0,0.0,0,0,7.9,271,28.6139,77.209
2025-01-28T05:00,9.4,74,7.1,0.0,0.0,0,0,7.2,274,28.6139,77.209
2025-01-28T06:00,8.5,82,6.6,0.0,0.0,0,0,5.2,272,28.6139,77.209
2025-01-28T07:00,8.0,84,6.1,0.0,0.0,0,0,4.7,272,28.6139,77.209
2025-01-28T08:00,9.9,74,7.9,0.0,0.0,0,0,5.8,272,28.6139,77.209
2025-01-28T09:00,12.9,61,11.2,0.0,0.0,0,0,3.6,264,28.6139,77.209
2025-01-28T10:00,16.0,51,14.3,0.0,0.0,0,0,3.8,281,28.6139,77.209
2025-01-28T11:00,18.7,42,17.3,0.0,0.0,0,0,4.2,288,28.6139,77.209
2025-01-28T12:00,20.8,34,19.5,0.0,0.0,0,0,5.0,291,28.6139,77.209
2025-01-28T13:00,22.2,28,20.5,0.0,0.0,0,0,5.9,297,28.6139,77.209
2025-01-28T14:00,22.9,26,20.6,0.0,0.0,0,0,6.4,299,28.6139,77.209
2025-01-28T15:00,22.8,26,20.2,0.0,0.0,0,0,5.9,290,28.6139,77.209
2025-01-28T16:00,22.0,31,19.8,0.0,0.0,0,0,5.8,274,28.6139,77.209
2025-01-28T17:00,20.3,42,18.7,0.0,0.0,0,0,5.2,266,28.6139,77.209
2025-01-28T18:00,19.0,53,18.1,0.0,0.0,0,0,4.3,270,28.6139,77.209
2025-01-28T19:00,17.5,61,16.9,0.0,0.0,0,0,3.8,262,28.6139,77.209
2025-01-28T20:00,16.3,67,15.9,0.0,0.0,0,0,2.8,230,28.6139,77.209
2025-01-28T21:00,15.1,72,14.8,0.0,0.0,0,0,2.0,180,28.6139,77.209
2025-01-28T22:00,14.1,75,13.4,0.0,0.0,0,0,3.7,145,28.6139,77.209
2025-01-28T23:00,13.4,74,12.4,0.0,0.0,0,0,4.9,141,28.6139,77.209
2025-01-29T00:00,12.7,75,11.5,0.0,0.0,0,0,5.2,136,28.6139,77.209
2025-01-29T01:00,11.9,79,10.7,0.0,0.0,0,0,5.3,98,28.6139,77.209
2025-01-29T02:00,11.5,82,10.2,0.0,0.0,0,0,5.6,88,28.6139,77.209
2025-01-29T03:00,11.2,84,9.9,0.0,0.0,0,0,5.8,88,28.6139,77.209
2025-01-29T04:00,11.2,85,9.9,0.0,0.0,0,0,6.1,92,28.6139,77.209
2025-01-29T05:00,10.7,87,9.3,0.0,0.0,0,0,6.2,102,28.6139,77.209
2025-01-29T06:00,10.4,87,9.1,0.0,0.0,0,8,6.0,119,28.6139,77.209
2025-01-29T07:00,10.2,89,8.9,0.0,0.0,0,4,6.2,126,28.6139,77.209
2025-01-29T08:00,11.9,83,10.4,0.0,0.0,0,4,8.4,125,28.6139,77.209
2025-01-29T09:00,14.8,70,13.7,0.0,0.0,0,13,5.9,121,28.6139,77.209
2025-01-29T10:00,18.1,56,16.8,0.0,0.0,0,2,7.3,121,28.6139,77.209
2025-01-29T11:00,20.7,45,19.0,0.0,0.0,0,0,9.1,128,28.6139,77.209
2025-01-29T12:00,22.5,36,20.8,0.0,0.0,0,0,9.5,127,28.6139,77.209
2025-01-29T13:00,23.6,32,21.8,0.0,0.0,0,0,9.7,130,28.6139,77.209
2025-01-29T14:00,24.0,31,21.8,0.0,0.0,0,0,9.6,131,28.6139,77.209
2025-01-29T15:00,23.8,33,21.5,0.0,0.0,0,0,9.4,132,28.6139,77.209
2025-01-29T16:00,23.0,36,20.8,0.0,0.0,0,0,9.6,128,28.6139,77.209
2025-01-29T17:00,21.5,43,19.8,0.0,0.0,0,0,8.4,121,28.6139,77.209
2025-01-29T18:00,20.1,52,19.0,0.0,0.0,0,0,7.0,111,28.6139,77.209
2025-01-29T19:00,18.9,59,18.1,0.0,0.0,0,0,6.7,99,28.6139,77.209
2025-01-29T20:00,18.0,64,17.3,0.0,0.0,0,0,6.7,106,28.6139,77.209
2025-01-29T21:00,17.2,66,16.5,0.0,0.0,0,0,6.5,114,28.6139,77.209
2025-01-29T22:00,16.4,68,15.6,0.0,0.0,0,0,6.4,117,28.6139,77.209
2025-01-29T23:00,15.7,71,14.8,0.0,0.0,0,0,6.4,112,28.6139,77.209
2025-01-30T00:00,14.8,74,14.0,0.0,0.0,0,1,6.3,108,28.6139,77.209
2025-01-30T01:00,14.1,78,13.2,0.0,0.0,0,0,6.4,106,28.6139,77.209
2025-01-30T02:00,13.4,82,12.6,0.0,0.0,0,0,6.0,107,28.6139,77.209
2025-01-30T03:00,12.7,85,11.8,0.0,0.0,0,0,6.1,104,28.6139,77.209
2025-01-30T04:00,12.1,88,11.2,0.0,0.0,0,0,6.3,110,28.6139,77.209
2025-01-30T05:00,11.7,90,10.8,0.0,0.0,0,0,6.1,109,28.6139,77.209
2025-01-30T06:00,11.4,92,10.5,0.0,0.0,0,0,6.0,115,28.6139,77.209
2025-01-30T07:00,11.3,91,10.4,0.0,0.0,0,0,5.9,125,28.6139,77.209
2025-01-30T08:00,13.0,83,11.9,0.0,0.0,0,0,7.6,118,28.6139,77.209
2025-01-30T09:00,15.8,70,15.2,0.0,0.0,0,0,5.2,117,28.6139,77.209
2025-01-30T10:00,19.0,57,18.1,0.0,0.0,0,0,6.0,123,28.6139,77.209
2025-01-30T11:00,21.4,46,20.4,0.0,0.0,0,0,6.9,135,28.6139,77.209
2025-01-30T12:00,23.0,40,22.2,0.0,0.0,0,0,6.8,143,28.6139,77.209
2025-01-30T13:00,24.1,37,23.4,0.0,0.0,0,0,6.2,150,28.6139,77.209
2025-01-30T14:00,24.7,35,23.7,0.0,0.0,0,0,5.7,156,28.6139,77.209
2025-01-30T15:00,24.8,36,23.5,0.0,0.0,0,0,5.8,164,28.6139,77.209
2025-01-30T16:00,24.2,38,23.0,0.0,0.0,0,0,6.1,166,28.6139,77.209
2025-01-30T17:00,22.9,43,21.9,0.0,0.0,0,0,6.4,172,28.6139,77.209
2025-01-30T18:00,21.3,54,21.0,0.0,0.0,0,0,5.8,173,28.6139,77.209
2025-01-30T19:00,19.9,63,20.1,0.0,0.0,0,0,4.1,178,28.6139,77.209
2025-01-30T20:00,18.7,71,19.1,0.0,0.0,0,0,4.4,171,28.6139,77.209
2025-01-30T21:00,17.8,77,18.3,0.0,0.0,0,0,4.7,180,28.6139,77.209
2025-01-30T22:00,17.2,80,17.6,0.0,0.0,0,0,4.7,184,28.6139,77.209
2025-01-30T23:00,16.6,82,17.0,0.0,0.0,0,0,4.3,175,28.6139,77.209
2025-01-31T00:00,16.1,83,16.6,0.0,0.0,0,0,3.2,146,28.6139,77.209
2025-01-31T01:00,15.5,85,16.0,0.0,0.0,0,0,2.8,101,28.6139,77.209
2025-01-31T02:00,14.6,89,15.0,0.0,0.0,0,0,3.2,93,28.6139,77.209
2025-01-31T03:00,14.1,91,14.4,0.0,0.0,0,1,3.1,126,28.6139,77.209
2025-01-31T04:00,13.5,92,13.8,0.0,0.0,0,3,3.1,118,28.6139,77.209
2025-01-31T05:00,12.9,94,12.7,0.0,0.0,0,7,4.8,115,28.6139,77.209
2025-01-31T06:00,12.5,99,12.5,0.0,0.0,3,100,4.6,135,28.6139,77.209
2025-01-31T07:00,12.1,99,12.0,0.0,0.0,3,100,4.6,132,28.6139,77.209
2025-01-31T08:00,13.0,97,13.1,0.0,0.0,3,100,5.0,131,28.6139,77.209
2025-01-31T09:00,14.8,90,15.2,0.0,0.0,3,100,3.6,123,28.6139,77.209
2025-01-31T10:00,18.4,72,19.2,0.0,0.0,0,0,2.0,153,28.6139,77.209
2025-01-31T11:00,22.1,57,22.9,0.0,0.0,0,0,3.1,159,28.6139,77.209
2025-01-31T12:00,24.4,43,24.9,0.0,0.0,0,0,3.1,159,28.6139,77.209
2025-01-31T13:00,25.8,29,24.9,0.0,0.0,0,0,4.5,175,28.6139,77.209
2025-01-31T14:00,26.3,25,24.3,0.0,0.0,0,5,6.5,188,28.6139,77.209
2025-01-31T15:00,26.1,25,23.6,0.0,0.0,0,4,7.7,191,28.6139,77.209
2025-01-31T16:00,25.5,26,22.9,0.0,0.0,0,2,8.1,186,28.6139,77.209
2025-01-31T17:00,24.2,30,21.9,0.0,0.0,0,1,8.1,180,28.6139,77.209
2025-01-31T18:00,22.2,46,21.5,0.0,0.0,0,6,4.3,204,28.6139,77.209
2025-01-31T19:00,21.0,57,21.6,0.0,0.0,0,0,0.7,180,28.6139,77.209
2025-01-31T20:00,20.2,58,20.4,0.0,0.0,0,0,1.9,34,28.6139,77.209
2025-01-31T21:00,19.3,58,18.9,0.0,0.0,0,0,4.3,33,28.6139,77.209
2025-01-31T22:00,18.7,59,18.4,0.0,0.0,0,0,2.9,47,28.6139,77.209
2025-01-31T23:00,17.6,64,17.2,0.0,0.0,0,0,4.3,75,28.6139,77.209
2025-02-01T00:00,16.8,72,16.5,0.0,0.0,0,0,5.2,88,28.6139,77.209
2025-02-01T01:00,16.5,75,16.3,0.0,0.0,0,0,5.9,92,28.6139,77.209
2025-02-01T02:00,16.0,75,15.5,0.0,0.0,0,0,7.1,99,28.6139,77.209
2025-02-01T03:00,15.4,74,14.5,0.0,0.0,0,0,7.2,94,28.6139,77.209
2025-02-01T04:00,14.8,76,14.0,0.0,0.0,0,6,6.6,103,28.6139,77.209
2025-02-01T05:00,14.5,77,13.7,0.0,0.0,0,12,6.8,101,28.6139,77.209
2025-02-01T06:00,12.7,91,12.4,0.0,0.0,0,0,4.7,90,28.6139,77.209
2025-02-01T07:00,12.9,91,12.6,0.0,0.0,0,0,4.8,124,28.6139,77.209
2025-02-01T08:00,14.7,82,14.4,0.0,0.0,0,0,6.1,113,28.6139,77.209
2025-02-01T09:00,17.6,70,17.5,0.0,0.0,0,0,4.2,108,28.6139,77.209
2025-02-01T10:00,20.6,58,20.4,0.0,0.0,0,0,4.8,117,28.6139,77.209
2025-02-01T11:00,23.0,46,22.3,0.0,0.0,0,0,6.9,121,28.6139,77.209
2025-02-01T12:00,24.4,38,23.7,0.0,0.0,0,0,7.7,127,28.6139,77.209
2025-02-01T13:00,25.3,34,24.3,0.0,0.0,1,23,7.4,137,28.6139,77.209
2025-02-01T14:00,25.5,32,23.8,0.0,0.0,0,16,7.2,143,28.6139,77.209
2025-02-01T15:00,25.5,32,23.8,0.0,0.0,1,26,7.1,142,28.6139,77.209
2025-02-01T16:00,25.1,33,23.3,0.0,0.0,1,42,7.9,135,28.6139,77.209
2025-02-01T17:00,24.1,36,22.5,0.0,0.0,1,40,7.2,129,28.6139,77.209
2025-02-01T18:00,21.3,60,21.9,0.0,0.0,0,16,2.5,135,28.6139,77.209
2025-02-01T19:00,20.8,61,21.7,0.0,0.0,2,53,0.4,333,28.6139,77.209
2025-02-01T20:00,19.6,64,19.8,0.0,0.0,3,97,4.3,336,28.6139,77.209
2025-02-01T21:00,17.7,77,16.6,0.0,0.0,3,86,15.6,277,28.6139,77.209
2025-02-01T22:00,17.3,80,16.9,0.0,0.0,3,95,10.6,336,28.6139,77.209
2025-02-01T23:00,17.1,79,16.9,0.0,0.0,0,2,8.8,345,28.6139,77.209
2025-02-02T00:00,16.4,81,16.1,0.0,0.0,0,10,8.4,351,28.6139,77.209
2025-02-02T01:00,15.5,84,15.2,0.0,0.0,0,18,7.7,357,28.6139,77.209
2025-02-02T02:00,15.0,85,14.8,0.0,0.0,2,51,6.5,5,28.6139,77.209
2025-02-02T03:00,14.7,86,14.7,0.0,0.0,1,26,4.9,309,28.6139,77.209
2025-02-02T04:00,14.8,84,14.8,0.0,0.0,1,28,4.6,351,28.6139,77.209
2025-02-02T05:00,14.2,85,14.0,0.0,0.0,0,6,4.5,326,28.6139,77.209
2025-02-02T06:00,13.7,91,13.8,0.0,0.0,0,3,4.3,303,28.6139,77.209
2025-02-02T07:00,13.7,91,13.5,0.0,0.0,0,0,6.0,291,28.6139,77.209
2025-02-02T08:00,14.9,86,14.7,0.0,0.0,0,0,6.5,284,28.6139,77.209
2025-02-02T09:00,17.1,75,17.2,0.0,0.0,0,0,5.0,300,28.6139,77.209
2025-02-02T10:00,19.6,64,19.6,0.0,0.0,0,0,5.4,310,28.6139,77.209
2025-02-02T11:00,21.7,51,21.2,0.0,0.0,0,0,6.6,319,28.6139,77.209
2025-02-02T12:00,22.8,45,22.3,0.0,0.0,0,0,8.3,326,28.6139,77.209
2025-02-02T13:00,23.5,40,22.4,0.0,0.0,0,0,10.4,326,28.6139,77.209
2025-02-02T14:00,23.6,38,21.8,0.0,0.0,0,0,11.3,324,28.6139,77.209
2025-02-02T15:00,23.3,39,21.4,0.0,0.0,0,0,11.0,320,28.6139,77.209
2025-02-02T16:00,22.6,42,20.7,0.0,0.0,0,0,11.0,319,28.6139,77.209
2025-02-02T17:00,21.3,48,19.8,0.0,0.0,0,0,9.1,321,28.6139,77.209
2025-02-02T18:00,19.0,68,18.9,0.0,0.0,0,0,6.9,311,28.6139,77.209
2025-02-02T19:00,18.1,74,18.2,0.0,0.0,0,0,6.7,306,28.6139,77.209
2025-02-02T20:00,17.2,79,17.3,0.0,0.0,0,0,6.5,300,28.6139,77.209
2025-02-02T21:00,16.3,81,16.3,0.0,0.0,0,0,6.3,290,28.6139,77.209
2025-02-02T22:00,15.5,83,15.3,0.0,0.0,0,0,6.7,284,28.6139,77.209
2025-02-02T23:00,14.8,83,14.4,0.0,0.0,0,0,6.5,300,28.6139,77.209
2025-02-03T00:00,14.1,82,13.4,0.0,0.0,0,0,6.5,316,28.6139,77.209
2025-02-03T01:00,13.3,82,12.5,0.0,0.0,0,0,6.1,315,28.6139,77.209
2025-02-03T02:00,12.6,83,11.8,0.0,0.0,0,0,5.6,312,28.6139,77.209
2025-02-03T03:00,11.9,86,11.0,0.0,0.0,0,0,5.0,316,28.6139,77.209
2025-02-03T04:00,11.3,86,10.4,0.0,0.0,0,0,4.7,320,28.6139,77.209
2025-02-03T05:00,10.8,87,9.8,0.0,0.0,0,0,4.8,315,28.6139,77.209
2025-02-03T06:00,11.0,91,10.2,0.0,0.0,0,0,4.8,307,28.6139,77.209
2025-02-03T07:00,10.9,91,10.0,0.0,0.0,0,0,4.7,302,28.6139,77.209
2025-02-03T08:00,12.7,84,11.8,0.0,0.0,0,0,6.0,286,28.6139,77.209
2025-02-03T09:00,15.1,73,14.5,0.0,0.0,0,0,4.4,305,28.6139,77.209
2025-02-03T10:00,17.8,60,17.2,0.0,0.0,0,0,4.5,307,28.6139,77.209
2025-02-03T11:00,20.0,46,19.0,0.0,0.0,0,0,5.7,311,28.6139,77.209
2025-02-03T12:00,21.4,37,20.3,0.0,0.0,0,0,6.4,310,28.6139,77.209
2025-02-03T13:00,22.4,34,21.2,0.0,0.0,0,0,6.5,304,28.6139,77.209
2025-02-03T14:00,22.7,34,21.2,0.0,0.0,0,0,6.3,305,28.6139,77.209
2025-02-03T15:00,22.8,35,21.0,0.0,0.0,0,0,5.4,307,28.6139,77.209
2025-02-03T16:00,22.3,37,20.8,0.0,0.0,0,2,4.6,306,28.6139,77.209
2025-02-03T17:00,20.7,57,20.9,0.0,0.0,0,1,2.3,293,28.6139,77.209
2025-02-03T18:00,18.8,59,18.5,0.0,0.0,0,0,2.9,338,28.6139,77.209
2025-02-03T19:00,17.5,64,16.9,0.0,0.0,0,1,4.9,4,28.6139,77.209
2025-02-03T20:00,16.5,68,16.0,0.0,0.0,0,18,4.8,27,28.6139,77.209
2025-02-03T21:00,16.2,70,15.7,0.0,0.0,2,79,4.1,56,28.6139,77.209
2025-02-03T22:00,15.6,69,14.8,1.7,1.7,61,63,5.9,67,28.6139,77.209
2025-02-03T23:00,14.8,72,14.2,0.0,0.0,1,24,4.3,73,28.6139,77.209
2025-02-04T00:00,14.3,73,13.5,0.0,0.0,1,37,4.9,100,28.6139,77.209
2025-02-04T01:00,14.3,73,13.5,0.5,0.5,53,37,4.6,54,28.6139,77.209
2025-02-04T02:00,13.9,73,13.3,0.0,0.0,0,19,2.5,60,28.6139,77.209
2025-02-04T03:00,13.6,74,12.9,0.0,0.0,1,32,2.7,94,28.6139,77.209
2025-02-04T04:00,13.2,75,12.5,0.0,0.0,2,60,3.1,103,28.6139,77.209
2025-02-04T05:00,13.0,76,12.1,0.0,0.0,3,100,3.6,150,28.6139,77.209
2025-02-04T06:00,15.1,75,15.0,0.0,0.0,3,100,2.0,95,28.6139,77.209
2025-02-04T07:00,14.9,71,14.4,0.0,0.0,3,99,3.1,93,28.6139,77.209
2025-02-04T08:00,15.2,70,14.3,0.0,0.0,2,61,5.6,92,28.6139,77.209
2025-02-04T09:00,16.4,68,16.0,0.0,0.0,3,97,3.5,114,28.6139,77.209
2025-02-04T10:00,18.0,63,17.3,0.0,0.0,1,34,6.4,128,28.6139,77.209
2025-02-04T11:00,20.2,53,19.5,0.0,0.0,1,42,5.4,132,28.6139,77.209
2025-02-04T12:00,21.8,51,21.8,0.0,0.0,2,51,2.8,130,28.6139,77.209
2025-02-04T13:00,22.4,52,22.9,0.0,0.0,1,41,1.0,135,28.6139,77.209
2025-02-04T14:00,22.9,51,23.4,0.0,0.0,3,84,1.1,351,28.6139,77.209
2025-02-04T15:00,22.8,51,23.2,0.0,0.0,3,100,1.8,11,28.6139,77.209
2025-02-04T16:00,22.7,52,23.2,0.0,0.0,1,35,1.6,84,28.6139,77.209
2025-02-04T17:00,21.5,67,22.8,0.0,0.0,0,19,2.7,94,28.6139,77.209
2025-02-04T18:00,19.2,79,20.3,0.0,0.0,0,14,4.9,82,28.6139,77.209
2025-02-04T19:00,18.4,84,19.8,0.0,0.0,1,21,3.1,97,28.6139,77.209
2025-02-04T20:00,17.8,86,18.9,0.0,0.0,1,31,4.3,105,28.6139,77.209
2025-02-04T21:00,17.1,88,18.2,0.0,0.0,0,15,3.7,119,28.6139,77.209
2025-02-04T22:00,16.7,90,17.7,0.0,0.0,0,10,4.4,128,28.6139,77.209
2025-02-04T23:00,16.9,86,17.1,0.2,0.2,51,40,8.9,302,28.6139,77.209
2025-02-05T00:00,15.7,87,16.0,0.1,0.1,51,35,5.6,360,28.6139,77.209
2025-02-05T01:00,14.9,89,15.1,0.1,0.1,51,48,5.6,339,28.6139,77.209
2025-02-05T02:00,14.4,91,14.6,0.1,0.1,51,20,5.4,312,28.6139,77.209
2025-02-05T03:00,13.6,95,13.8,0.0,0.0,0,14,4.6,329,28.6139,77.209
2025-02-05T04:00,13.4,96,13.4,0.0,0.0,0,6,5.7,325,28.6139,77.209
2025-02-05T05:00,12.8,96,12.7,0.0,0.0,0,0,5.2,311,28.6139,77.209
2025-02-05T06:00,12.2,95,11.4,0.0,0.0,0,0,8.0,293,28.6139,77.209
2025-02-05T07:00,11.9,95,11.0,0.0,0.0,0,0,8.0,288,28.6139,77.209
2025-02-05T08:00,13.0,88,12.3,0.0,0.0,0,0,7.4,288,28.6139,77.209
2025-02-05T09:00,15.1,78,14.6,0.0,0.0,0,0,6.0,286,28.6139,77.209
2025-02-05T10:00,17.4,65,16.6,0.0,0.0,0,0,7.0,299,28.6139,77.209
2025-02-05T11:00,19.2,54,18.3,0.0,0.0,0,0,8.6,311,28.6139,77.209
2025-02-05T12:00,20.5,42,19.0,0.0,0.0,0,0,10.4,316,28.6139,77.209
2025-02-05T13:00,21.2,37,19.4,0.0,0.0,0,0,11.1,312,28.6139,77.209
2025-02-05T14:00,21.4,34,18.9,0.0,0.0,0,0,12.0,307,28.6139,77.209
2025-02-05T15:00,21.1,33,18.0,0.0,0.0,0,0,11.7,307,28.6139,77.209
2025-02-05T16:00,20.3,36,17.5,0.0,0.0,0,0,10.6,302,28.6139,77.209
2025-02-05T17:00,19.1,43,17.1,0.0,0.0,0,0,7.2,302,28.6139,77.209
2025-02-05T18:00,17.8,50,16.3,0.0,0.0,0,0,5.5,281,28.6139,77.209
2025-02-05T19:00,16.8,58,15.5,0.0,0.0,0,0,5.8,270,28.6139,77.209
2025-02-05T20:00,15.5,65,14.5,0.0,0.0,0,0,4.9,268,28.6139,77.209
2025-02-05T21:00,14.5,69,13.5,0.0,0.0,0,0,4.5,277,28.6139,77.209
2025-02-05T22:00,13.8,70,12.7,0.0,0.0,0,0,4.8,290,28.6139,77.209
2025-02-05T23:00,13.2,68,11.8,0.0,0.0,0,0,4.9,298,28.6139,77.209
2025-02-06T00:00,13.0,62,11.1,0.0,0.0,0,0,6.1,326,28.6139,77.209
2025-02-06T01:00,13.4,56,10.9,0.0,0.0,0,0,8.7,342,28.6139,77.209
2025-02-06T02:00,13.1,57,10.4,0.0,0.0,0,0,9.6,340,28.6139,77.209
2025-02-06T03:00,13.0,56,10.1,0.0,0.0,0,0,10.9,338,28.6139,77.209
2025-02-06T04:00,13.0,56,9.9,0.0,0.0,0,0,12.2,341,28.6139,77.209
2025-02-06T05:00,12.8,56,9.7,0.0,0.0,0,0,11.9,342,28.6139,77.209
2025-02-06T06:00,11.7,75,9.7,0.0,0.0,0,0,8.8,337,28.6139,77.209
2025-02-06T07:00,11.4,75,9.4,0.0,0.0,0,0,8.3,327,28.6139,77.209
2025-02-06T08:00,12.8,69,10.6,0.0,0.0,0,0,10.2,314,28.6139,77.209
2025-02-06T09:00,15.2,62,13.5,0.0,0.0,0,0,7.9,311,28.6139,77.209
2025-02-06T10:00,17.7,53,15.8,0.0,0.0,0,0,9.3,313,28.6139,77.209
2025-02-06T11:00,19.6,39,17.0,0.0,0.0,0,0,13.0,316,28.6139,77.209
2025-02-06T12:00,20.7,31,17.6,0.0,0.0,0,0,15.3,316,28.6139,77.209
2025-02-06T13:00,21.1,28,17.7,0.0,0.0,0,0,16.4,315,28.6139,77.209
2025-02-06T14:00,21.1,29,17.4,0.0,0.0,0,0,16.8,314,28.6139,77.209
2025-02-06T15:00,20.6,33,16.7,0.0,0.0,0,0,16.7,314,28.6139,77.209
2025-02-06T16:00,19.8,38,16.1,0.0,0.0,0,0,16.7,314,28.6139,77.209
2025-02-06T17:00,18.6,43,15.6,0.0,0.0,0,0,13.3,312,28.6139,77.209
2025-02-06T18:00,17.8,47,15.1,0.0,0.0,0,0,11.6,305,28.6139,77.209
2025-02-06T19:00,16.6,51,13.8,0.0,0.0,0,0,12.6,297,28.6139,77.209
2025-02-06T20:00,15.6,52,12.7,0.0,0.0,0,3,12.4,300,28.6139,77.209
2025-02-06T21:00,14.8,54,12.0,0.0,0.0,2,71,11.6,303,28.6139,77.209
2025-02-06T22:00,14.2,55,11.3,0.0,0.0,0,0,12.0,306,28.6139,77.209
2025-02-06T23:00,13.5,57,10.4,0.0,0.0,0,0,13.2,309,28.6139,77.209
2025-02-07T00:00,13.1,59,9.9,0.0,0.0,0,0,13.4,307,28.6139,77.209
2025-02-07T01:00,12.6,60,9.6,0.0,0.0,0,8,12.4,304,28.6139,77.209
2025-02-07T02:00,12.2,60,9.1,0.0,0.0,0,0,11.8,303,28.6139,77.209
2025-02-07T03:00,11.7,61,8.7,0.0,0.0,0,0,10.8,296,28.6139,77.209
2025-02-07T04:00,11.2,62,8.3,0.0,0.0,0,0,10.6,289,28.6139,77.209
2025-02-07T05:00,10.8,64,7.7,0.0,0.0,0,0,11.4,286,28.6139,77.209
2025-02-07T06:00,10.7,73,8.0,0.0,0.0,0,0,11.8,286,28.6139,77.209
2025-02-07T07:00,10.6,71,7.5,0.0,0.0,1,41,13.0,288,28.6139,77.209
2025-02-07T08:00,11.9,66,8.9,0.0,0.0,1,22,12.8,287,28.6139,77.209
2025-02-07T09:00,14.1,58,11.3,0.0,0.0,0,5,11.4,289,28.6139,77.209
2025-02-07T10:00,16.2,51,13.5,0.0,0.0,0,2,11.4,291,28.6139,77.209
2025-02-07T11:00,18.2,45,15.9,0.0,0.0,0,0,12.2,294,28.6139,77.209
2025-02-07T12:00,19.7,39,17.3,0.0,0.0,0,0,14.4,294,28.6139,77.209
2025-02-07T13:00,20.6,35,17.7,0.0,0.0,0,0,16.2,297,28.6139,77.209
2025-02-07T14:00,20.8,32,17.3,0.0,0.0,0,0,17.3,299,28.6139,77.209
2025-02-07T15:00,20.7,31,16.6,0.0,0.0,0,0,17.2,299,28.6139,77.209
2025-02-07T16:00,20.0,36,16.3,0.0,0.0,0,0,16.0,294,28.6139,77.209
2025-02-07T17:00,18.7,41,15.6,0.0,0.0,0,13,12.9,291,28.6139,77.209
2025-02-07T18:00,17.9,45,15.1,0.0,0.0,0,1,11.7,293,28.6139,77.209
2025-02-07T19:00,16.8,50,14.1,0.0,0.0,1,21,11.4,289,28.6139,77.209
2025-02-07T20:00,15.9,52,13.2,0.0,0.0,0,3,11.5,290,28.6139,77.209
2025-02-07T21:00,15.1,53,12.3,0.0,0.0,0,9,11.7,288,28.6139,77.209
2025-02-07T22:00,14.5,54,11.6,0.0,0.0,0,11,11.6,286,28.6139,77.209
2025-02-07T23:00,13.9,54,10.9,0.0,0.0,2,62,11.7,290,28.6139,77.209
2025-02-08T00:00,13.5,54,10.5,0.0,0.0,1,22,11.4,295,28.6139,77.209
2025-02-08T01:00,13.1,55,10.1,0.0,0.0,3,99,11.3,297,28.6139,77.209
2025-02-08T02:00,12.8,55,9.7,0.0,0.0,3,95,11.4,296,28.6139,77.209
2025-02-08T03:00,12.5,55,9.4,0.0,0.0,3,100,11.4,291,28.6139,77.209
2025-02-08T04:00,12.3,55,9.2,0.0,0.0,1,35,11.1,292,28.6139,77.209
2025-02-08T05:00,12.0,56,8.9,0.0,0.0,2,58,11.1,287,28.6139,77.209
2025-02-08T06:00,11.2,66,8.3,0.0,0.0,0,0,11.7,285,28.6139,77.209
2025-02-08T07:00,11.1,66,8.1,0.0,0.0,0,0,11.8,281,28.6139,77.209
2025-02-08T08:00,12.3,63,9.4,0.0,0.0,0,1,11.8,277,28.6139,77.209
2025-02-08T09:00,14.5,56,11.8,0.0,0.0,0,2,10.7,287,28.6139,77.209
2025-02-08T10:00,17.2,48,14.6,0.0,0.0,0,12,11.0,294,28.6139,77.209
2025-02-08T11:00,19.6,42,17.4,0.0,0.0,0,16,11.4,299,28.6139,77.209
2025-02-08T12:00,21.5,36,19.6,0.0,0.0,1,22,11.6,306,28.6139,77.209
2025-02-08T13:00,22.8,32,20.7,0.0,0.0,1,25,12.4,313,28.6139,77.209
2025-02-08T14:00,23.3,30,20.7,0.0,0.0,1,30,12.6,316,28.6139,77.209
2025-02-08T15:00,23.2,31,20.3,0.0,0.0,1,41,11.8,313,28.6139,77.209
2025-02-08T16:00,22.4,35,19.9,0.0,0.0,3,99,10.3,308,28.6139,77.209
2025-02-08T17:00,20.8,45,19.3,0.0,0.0,0,16,7.2,295,28.6139,77.209
2025-02-08T18:00,19.8,47,18.6,0.0,0.0,3,85,4.9,278,28.6139,77.209
2025-02-08T19:00,18.8,54,17.8,0.0,0.0,0,3,5.9,268,28.6139,77.209
2025-02-08T20:00,17.7,61,16.8,0.0,0.0,0,2,6.2,262,28.6139,77.209
2025-02-08T21:00,16.7,65,15.8,0.0,0.0,0,15,6.7,256,28.6139,77.209
2025-02-08T22:00,16.2,66,15.1,0.0,0.0,0,8,7.2,264,28.6139,77.209
2025-02-08T23:00,15.5,67,14.3,0.0,0.0,0,0,7.0,271,28.6139,77.209
2025-02-09T00:00,14.9,68,13.6,0.0,0.0,0,0,6.9,277,28.6139,77.209
2025-02-09T01:00,14.5,69,13.2,0.0,0.0,0,0,7.1,279,28.6139,77.209
2025-02-09T02:00,14.0,71,12.7,0.0,0.0,0,0,6.6,286,28.6139,77.209
2025-02-09T03:00,13.2,75,12.0,0.0,0.0,0,0,5.8,300,28.6139,77.209
2025-02-09T04:00,12.5,78,11.3,0.0,0.0,0,0,5.4,285,28.6139,77.209
2025-02-09T05:00,11.9,80,10.7,0.0,0.0,0,0,5.2,272,28.6139,77.209
2025-02-09T06:00,10.9,86,9.9,0.0,0.0,1,23,4.6,283,28.6139,77.209
2025-02-09T07:00,10.8,86,9.7,0.0,0.0,0,7,4.3,285,28.6139,77.209
2025-02-09T08:00,12.9,76,11.7,0.0,0.0,1,25,5.8,274,28.6139,77.209
2025-02-09T09:00,15.9,63,15.1,0.0,0.0,0,3,3.4,276,28.6139,77.209
2025-02-09T10:00,19.0,50,18.1,0.0,0.0,0,1,3.5,285,28.6139,77.209
2025-02-09T11:00,21.8,38,20.8,0.0,0.0,0,11,4.2,290,28.6139,77.209
2025-02-09T12:00,23.8,29,22.6,0.0,0.0,0,3,5.8,304,28.6139,77.209
2025-02-09T13:00,24.8,25,23.3,0.0,0.0,0,5,6.4,297,28.6139,77.209
2025-02-09T14:00,25.2,26,23.3,0.0,0.0,0,5,7.3,295,28.6139,77.209
2025-02-09T15:00,24.9,28,22.6,0.0,0.0,0,0,7.9,294,28.6139,77.209
2025-02-09T16:00,24.1,32,22.0,0.0,0.0,0,0,8.1,295,28.6139,77.209
2025-02-09T17:00,22.5,41,21.1,0.0,0.0,0,0,6.6,291,28.6139,77.209
2025-02-09T18:00,20.9,50,20.2,0.0,0.0,0,0,4.8,283,28.6139,77.209
2025-02-09T19:00,19.5,59,19.2,0.0,0.0,0,0,4.4,282,28.6139,77.209
2025-02-09T20:00,18.6,65,18.7,0.0,0.0,0,0,3.4,288,28.6139,77.209
2025-02-09T21:00,17.9,68,18.1,0.0,0.0,0,0,2.8,310,28.6139,77.209
2025-02-09T22:00,17.3,71,17.5,0.0,0.0,0,0,2.3,328,28.6139,77.209
2025-02-09T23:00,16.8,73,17.2,0.0,0.0,0,0,1.3,315,28.6139,77.209
2025-02-10T00:00,15.9,76,16.1,0.0,0.0,0,0,1.8,281,28.6139,77.209
2025-02-10T01:00,14.7,81,14.6,0.0,0.0,0,0,3.9,286,28.6139,77.209
2025-02-10T02:00,13.7,84,13.2,0.0,0.0,0,4,4.8,285,28.6139,77.209
2025-02-10T03:00,12.9,86,12.4,0.0,0.0,0,8,4.6,279,28.6139,77.209
2025-02-10T04:00,12.3,87,11.9,0.0,0.0,0,1,3.5,279,28.6139,77.209
2025-02-10T05:00,11.8,89,11.3,0.0,0.0,0,1,3.2,286,28.6139,77.209
2025-02-10T06:00,11.7,92,11.2,0.0,0.0,0,5,4.1,283,28.6139,77.209
2025-02-10T07:00,11.8,91,11.3,0.0,0.0,0,2,4.2,265,28.6139,77.209
2025-02-10T08:00,13.9,81,13.4,0.0,0.0,0,4,4.8,255,28.6139,77.209
2025-02-10T09:00,17.5,65,17.2,0.0,0.0,1,40,3.4,254,28.6139,77.209
2025-02-10T10:00,21.4,48,20.9,0.0,0.0,1,28,3.1,273,28.6139,77.209
2025-02-10T11:00,24.4,31,23.3,0.0,0.0,1,36,4.3,287,28.6139,77.209
2025-02-10T12:00,26.2,24,24.9,0.0,0.0,3,86,5.6,285,28.6139,77.209
2025-02-10T13:00,26.8,22,24.8,0.0,0.0,0,7,6.5,276,28.6139,77.209
2025-02-10T14:00,27.2,21,24.8,0.0,0.0,0,6,6.9,279,28.6139,77.209
2025-02-10T15:00,27.2,22,24.6,0.0,0.0,0,0,7.1,286,28.6139,77.209
2025-02-10T16:00,26.6,23,24.1,0.0,0.0,0,0,6.8,297,28.6139,77.209
2025-02-10T17:00,25.1,29,23.1,0.0,0.0,0,0,6.0,299,28.6139,77.209
2025-02-10T18:00,22.3,47,21.7,0.0,0.0,0,0,4.9,287,28.6139,77.209
2025-02-10T19:00,21.1,57,21.2,0.0,0.0,0,0,3.9,313,28.6139,77.209
2025-02-10T20:00,20.5,60,20.9,0.0,0.0,0,0,2.9,7,28.6139,77.209
2025-02-10T21:00,19.6,64,19.9,0.0,0.0,0,0,3.4,32,28.6139,77.209
2025-02-10T22:00,18.7,69,19.0,0.0,0.0,0,0,3.9,37,28.6139,77.209
2025-02-10T23:00,17.9,74,18.4,0.0,0.0,0,0,3.1,59,28.6139,77.209
2025-02-11T00:00,17.3,77,17.9,0.0,0.0,0,0,2.6,56,28.6139,77.209
2025-02-11T01:00,16.6,79,17.1,0.0,0.0,0,0,3.2,71,28.6139,77.209
2025-02-11T02:00,16.4,80,17.1,0.0,0.0,0,0,1.7,58,28.6139,77.209
2025-02-11T03:00,16.4,78,17.0,0.0,0.0,0,0,1.0,292,28.6139,77.209
2025-02-11T04:00,15.3,82,15.6,0.0,0.0,0,0,2.9,274,28.6139,77.209
2025-02-11T05:00,14.4,86,14.2,0.0,0.0,0,3,5.0,251,28.6139,77.209
2025-02-11T06:00,12.8,90,12.4,0.0,0.0,0,0,4.7,247,28.6139,77.209
2025-02-11T07:00,12.3,93,12.0,0.0,0.0,1,20,4.1,257,28.6139,77.209
2025-02-11T08:00,14.3,83,14.1,0.0,0.0,2,73,4.9,270,28.6139,77.209
2025-02-11T09:00,18.2,68,18.4,0.0,0.0,2,57,2.8,297,28.6139,77.209
2025-02-11T10:00,22.0,51,22.0,0.0,0.0,1,22,2.4,297,28.6139,77.209
2025-02-11T11:00,24.6,41,24.8,0.0,0.0,0,0,3.1,267,28.6139,77.209
2025-02-11T12:00,26.2,37,26.6,0.0,0.0,0,0,4.2,265,28.6139,77.209
2025-02-11T13:00,27.3,32,27.3,0.0,0.0,0,2,5.5,281,28.6139,77.209
2025-02-11T14:00,27.9,25,26.4,0.0,0.0,0,1,7.3,295,28.6139,77.209
2025-02-11T15:00,27.7,25,25.4,0.0,0.0,0,11,8.8,311,28.6139,77.209
2025-02-11T16:00,26.5,32,24.7,0.0,0.0,0,15,9.5,328,28.6139,77.209
2025-02-11T17:00,24.9,40,24.0,0.0,0.0,0,7,6.6,351,28.6139,77.209
2025-02-11T18:00,23.5,44,23.1,0.0,0.0,0,11,4.3,318,28.6139,77.209
2025-02-11T19:00,22.5,52,22.8,0.0,0.0,0,2,2.4,9,28.6139,77.209
2025-02-11T20:00,21.4,56,21.6,0.0,0.0,1,22,3.2,74,28.6139,77.209
2025-02-11T21:00,20.5,58,20.2,0.0,0.0,0,7,5.7,53,28.6139,77.209
2025-02-11T22:00,19.3,66,19.3,0.0,0.0,0,18,5.6,33,28.6139,77.209
2025-02-11T23:00,18.4,69,18.8,0.0,0.0,0,3,2.9,43,28.6139,77.209
2025-02-12T00:00,18.3,67,18.8,0.0,0.0,0,1,0.9,349,28.6139,77.209
2025-02-12T01:00,17.1,70,16.9,0.0,0.0,0,0,4.4,351,28.6139,77.209
2025-02-12T02:00,15.9,71,15.3,0.0,0.0,0,0,5.4,2,28.6139,77.209
2025-02-12T03:00,15.3,72,14.8,0.0,0.0,0,0,3.6,351,28.6139,77.209
2025-02-12T04:00,14.6,72,13.8,0.0,0.0,0,0,4.7,317,28.6139,77.209
2025-02-12T05:00,14.1,71,13.0,0.0,0.0,0,0,5.5,302,28.6139,77.209
2025-02-12T06:00,13.8,81,12.9,0.0,0.0,0,0,7.4,288,28.6139,77.209
2025-02-12T07:00,13.6,79,12.4,0.0,0.0,0,0,8.3,281,28.6139,77.209
2025-02-12T08:00,15.2,70,13.9,0.0,0.0,0,0,8.6,268,28.6139,77.209
2025-02-12T09:00,17.8,59,16.5,0.0,0.0,0,0,7.9,287,28.6139,77.209
2025-02-12T10:00,20.6,47,19.2,0.0,0.0,0,0,7.6,295,28.6139,77.209
2025-02-12T11:00,23.3,36,21.6,0.0,0.0,0,0,10.0,306,28.6139,77.209
2025-02-12T12:00,24.9,27,22.1,0.0,0.0,0,0,15.8,320,28.6139,77.209
2025-02-12T13:00,25.3,25,22.4,0.0,0.0,0,0,15.9,316,28.6139,77.209
2025-02-12T14:00,25.3,24,22.2,0.0,0.0,0,0,14.7,310,28.6139,77.209
2025-02-12T15:00,24.8,24,20.8,0.0,0.0,0,0,16.2,304,28.6139,77.209
2025-02-12T16:00,23.8,29,20.1,0.0,0.0,0,0,15.9,302,28.6139,77.209
2025-02-12T17:00,22.5,36,19.6,0.0,0.0,0,0,13.8,297,28.6139,77.209
2025-02-12T18:00,21.3,44,19.0,0.0,0.0,0,0,12.9,288,28.6139,77.209
2025-02-12T19:00,20.3,49,18.0,0.0,0.0,0,0,13.8,286,28.6139,77.209
2025-02-12T20:00,19.7,46,17.1,0.0,0.0,0,0,14.1,291,28.6139,77.209
2025-02-12T21:00,19.0,46,16.3,0.0,0.0,0,0,13.3,298,28.6139,77.209
2025-02-12T22:00,18.3,45,15.6,0.0,0.0,0,3,12.1,305,28.6139,77.209
2025-02-12T23:00,17.8,43,14.8,0.0,0.0,0,2,12.2,315,28.6139,77.209
2025-02-13T00:00,17.2,43,14.0,0.0,0.0,0,0,12.3,322,28.6139,77.209
2025-02-13T01:00,16.6,45,13.5,0.0,0.0,0,2,12.5,327,28.6139,77.209
2025-02-13T02:00,16.0,46,12.8,0.0,0.0,0,1,12.8,328,28.6139,77.209
2025-02-13T03:00,15.3,51,12.4,0.0,0.0,0,0,11.2,322,28.6139,77.209
2025-02-13T04:00,14.7,55,12.1,0.0,0.0,0,0,10.3,319,28.6139,77.209
2025-02-13T05:00,14.3,57,11.7,0.0,0.0,0,0,10.2,302,28.6139,77.209
2025-02-13T06:00,13.9,66,11.5,0.0,0.0,0,0,12.2,299,28.6139,77.209
2025-02-13T07:00,13.7,66,11.3,0.0,0.0,0,0,12.2,295,28.6139,77.209
2025-02-13T08:00,14.6,66,12.6,0.0,0.0,0,0,10.8,270,28.6139,77.209
2025-02-13T09:00,16.6,60,14.6,0.0,0.0,0,0,11.3,278,28.6139,77.209
2025-02-13T10:00,19.0,52,16.9,0.0,0.0,0,0,12.1,285,28.6139,77.209
2025-02-13T11:00,21.0,42,18.9,0.0,0.0,0,4,14.0,294,28.6139,77.209
2025-02-13T12:00,22.3,37,20.3,0.0,0.0,0,0,14.5,300,28.6139,77.209
2025-02-13T13:00,23.2,32,20.8,0.0,0.0,0,0,15.2,303,28.6139,77.209
2025-02-13T14:00,23.6,28,20.5,0.0,0.0,0,0,16.1,307,28.6139,77.209
2025-02-13T15:00,23.4,28,19.6,0.0,0.0,0,0,15.7,307,28.6139,77.209
2025-02-13T16:00,22.6,33,19.3,0.0,0.0,0,0,14.7,298,28.6139,77.209
2025-02-13T17:00,21.3,39,18.5,0.0,0.0,0,0,13.7,293,28.6139,77.209
2025-02-13T18:00,20.5,46,18.3,0.0,0.0,0,0,11.9,290,28.6139,77.209
2025-02-13T19:00,19.4,49,17.2,0.0,0.0,0,0,12.0,287,28.6139,77.209
2025-02-13T20:00,18.6,48,16.1,0.0,0.0,0,0,12.7,293,28.6139,77.209
2025-02-13T21:00,17.9,46,15.2,0.0,0.0,0,0,11.8,294,28.6139,77.209
2025-02-13T22:00,17.3,45,14.5,0.0,0.0,0,0,11.3,299,28.6139,77.209
2025-02-13T23:00,16.8,43,13.9,0.0,0.0,0,0,9.8,298,28.6139,77.209
2025-02-14T00:00,16.2,42,13.4,0.0,0.0,0,0,8.7,300,28.6139,77.209
2025-02-14T01:00,15.5,43,12.7,0.0,0.0,0,0,8.3,288,28.6139,77.209
2025-02-14T02:00,14.8,45,11.9,0.0,0.0,0,0,8.5,287,28.6139,77.209
2025-02-14T03:00,14.1,47,11.2,0.0,0.0,0,0,8.6,285,28.6139,77.209
2025-02-14T04:00,13.4,50,10.6,0.0,0.0,0,0,8.4,277,28.6139,77.209
2025-02-14T05:00,12.9,52,10.0,0.0,0.0,0,0,8.7,276,28.6139,77.209
2025-02-14T06:00,12.4,61,9.5,0.0,0.0,0,0,10.8,281,28.6139,77.209
2025-02-14T07:00,12.3,60,9.5,0.0,0.0,0,2,10.9,277,28.6139,77.209
2025-02-14T08:00,13.8,55,10.9,0.0,0.0,0,8,11.6,265,28.6139,77.209
2025-02-14T09:00,16.3,48,13.5,0.0,0.0,0,0,11.1,277,28.6139,77.209
2025-02-14T10:00,19.0,41,16.2,0.0,0.0,0,0,11.9,280,28.6139,77.209
2025-02-14T11:00,21.4,34,18.9,0.0,0.0,0,0,12.2,283,28.6139,77.209
2025-02-14T12:00,23.2,27,20.6,0.0,0.0,0,0,13.5,286,28.6139,77.209
2025-02-14T13:00,24.2,27,21.7,0.0,0.0,0,4,14.1,289,28.6139,77.209
2025-02-14T14:00,24.6,27,21.8,0.0,0.0,2,51,13.9,289,28.6139,77.209
2025-02-14T15:00,24.5,28,21.3,0.0,0.0,0,0,13.3,289,28.6139,77.209
2025-02-14T16:00,24.0,30,21.0,0.0,0.0,0,0,12.5,291,28.6139,77.209
2025-02-14T17:00,22.7,36,20.4,0.0,0.0,0,0,10.3,293,28.6139,77.209
2025-02-14T18:00,21.7,41,19.9,0.0,0.0,0,0,8.6,296,28.6139,77.209
2025-02-14T19:00,20.9,44,19.1,0.0,0.0,0,15,8.5,294,28.6139,77.209
2025-02-14T20:00,20.2,44,18.4,0.0,0.0,3,86,8.3,300,28.6139,77.209
2025-02-14T21:00,19.6,43,17.7,0.0,0.0,1,49,7.8,314,28.6139,77.209
2025-02-14T22:00,18.8,44,17.0,0.0,0.0,3,89,6.0,311,28.6139,77.209
2025-02-14T23:00,17.8,48,16.2,0.0,0.0,3,100,5.1,287,28.6139,77.209
2025-02-15T00:00,16.9,52,15.4,0.0,0.0,2,54,4.8,290,28.6139,77.209
2025-02-15T01:00,16.1,56,14.7,0.0,0.0,3,97,4.7,298,28.6139,77.209
2025-02-15T02:00,15.6,60,14.5,0.0,0.0,3,85,3.8,311,28.6139,77.209
2025-02-15T03:00,15.0,60,13.6,0.0,0.0,2,66,4.7,230,28.6139,77.209
2025-02-15T04:00,14.2,66,13.0,0.0,0.0,2,79,4.2,280,28.6139,77.209
2025-02-15T05:00,14.0,68,13.0,0.0,0.0,0,13,3.3,299,28.6139,77.209
2025-02-15T06:00,13.0,74,12.0,0.0,0.0,0,15,4.1,257,28.6139,77.209
2025-02-15T07:00,13.3,73,12.4,0.0,0.0,1,37,3.5,246,28.6139,77.209
2025-02-15T08:00,15.8,61,14.9,0.0,0.0,0,11,2.8,281,28.6139,77.209
2025-02-15T09:00,19.6,46,18.8,0.0,0.0,1,35,1.3,278,28.6139,77.209
2025-02-15T10:00,22.9,35,21.9,0.0,0.0,1,23,0.7,346,28.6139,77.209
2025-02-15T11:00,25.1,27,23.6,0.0,0.0,0,2,4.7,23,28.6139,77.209
2025-02-15T12:00,25.6,27,24.2,0.0,0.0,0,0,8.2,23,28.6139,77.209
2025-02-15T13:00,25.6,27,24.0,0.0,0.0,0,0,9.8,30,28.6139,77.209
2025-02-15T14:00,25.6,26,23.7,0.0,0.0,0,0,9.1,39,28.6139,77.209
2025-02-15T15:00,25.6,26,22.9,0.0,0.0,0,0,9.3,47,28.6139,77.209
2025-02-15T16:00,24.9,28,22.1,0.0,0.0,0,0,10.3,57,28.6139,77.209
2025-02-15T17:00,23.7,31,21.2,0.0,0.0,0,0,9.6,57,28.6139,77.209
2025-02-15T18:00,24.1,31,22.0,0.0,0.0,0,0,6.9,51,28.6139,77.209
2025-02-15T19:00,22.6,36,21.0,0.0,0.0,0,0,4.9,36,28.6139,77.209
2025-02-15T20:00,21.3,43,20.1,0.0,0.0,0,5,4.6,36,28.6139,77.209
2025-02-15T21:00,20.2,49,19.2,0.0,0.0,1,45,5.1,54,28.6139,77.209
2025-02-15T22:00,19.1,50,17.9,0.0,0.0,2,76,5.6,96,28.6139,77.209
2025-02-15T23:00,18.1,53,16.9,0.0,0.0,0,14,5.1,117,28.6139,77.209
2025-02-16T00:00,17.5,57,17.0,0.0,0.0,0,0,1.9,146,28.6139,77.209
2025-02-16T01:00,17.2,59,16.7,0.0,0.0,0,0,1.6,186,28.6139,77.209
2025-02-16T02:00,17.3,59,17.1,0.0,0.0,0,0,0.0,270,28.6139,77.209
2025-02-16T03:00,15.8,63,14.9,0.0,0.0,0,1,3.7,11,28.6139,77.209
2025-02-16T04:00,15.4,65,14.7,0.0,0.0,0,9,2.1,20,28.6139,77.209
2025-02-16T05:00,14.8,68,14.1,0.0,0.0,0,0,2.4,42,28.6139,77.209
2025-02-16T06:00,13.5,79,13.0,0.0,0.0,0,0,3.1,59,28.6139,77.209
2025-02-16T07:00,13.6,81,13.2,0.0,0.0,0,17,3.2,71,28.6139,77.209
2025-02-16T08:00,16.1,69,15.7,0.0,0.0,0,0,3.6,87,28.6139,77.209
2025-02-16T09:00,19.5,56,19.4,0.0,0.0,0,2,1.6,96,28.6139,77.209
2025-02-16T10:00,22.5,44,22.0,0.0,0.0,1,37,2.8,63,28.6139,77.209
2025-02-16T11:00,24.6,34,24.3,0.0,0.0,3,94,2.4,63,28.6139,77.209
2025-02-16T12:00,25.8,30,25.7,0.0,0.0,3,100,1.9,197,28.6139,77.209
2025-02-16T13:00,26.4,29,25.7,0.0,0.0,3,100,4.5,214,28.6139,77.209
2025-02-16T14:00,26.6,30,25.3,0.0,0.0,3,100,5.9,223,28.6139,77.209
2025-02-16T15:00,26.5,30,24.9,0.0,0.0,3,100,6.5,238,28.6139,77.209
2025-02-16T16:00,26.0,32,24.4,0.0,0.0,3,100,6.8,267,28.6139,77.209
2025-02-16T17:00,24.9,36,23.3,0.0,0.0,3,85,8.4,295,28.6139,77.209
2025-02-16T18:00,23.8,40,22.5,0.0,0.0,0,19,7.8,338,28.6139,77.209
2025-02-16T19:00,22.5,48,21.7,0.0,0.0,1,23,6.8,12,28.6139,77.209
2025-02-16T20:00,21.5,53,21.1,0.0,0.0,1,39,6.1,19,28.6139,77.209
2025-02-16T21:00,20.2,59,20.2,0.0,0.0,0,4,4.4,27,28.6139,77.209
2025-02-16T22:00,19.0,64,18.9,0.0,0.0,1,41,4.9,39,28.6139,77.209
2025-02-16T23:00,18.1,69,18.1,0.0,0.0,0,1,4.6,45,28.6139,77.209
2025-02-17T00:00,17.4,71,17.4,0.0,0.0,0,2,4.3,45,28.6139,77.209
2025-02-17T01:00,17.0,73,17.2,0.0,0.0,0,4,3.1,54,28.6139,77.209
2025-02-17T02:00,16.7,75,17.0,0.0,0.0,2,67,1.8,53,28.6139,77.209
2025-02-17T03:00,16.9,74,17.3,0.0,0.0,3,90,2.1,308,28.6139,77.209
2025-02-17T04:00,16.5,76,16.6,0.0,0.0,3,100,3.5,298,28.6139,77.209
2025-02-17T05:00,16.7,76,17.2,0.0,0.0,3,100,1.9,343,28.6139,77.209
2025-02-17T06:00,16.4,79,17.1,0.0,0.0,3,81,1.4,270,28.6139,77.209
2025-02-17T07:00,16.2,81,17.0,0.0,0.0,0,0,1.0,248,28.6139,77.209
2025-02-17T08:00,18.1,70,18.5,0.0,0.0,0,0,2.4,297,28.6139,77.209
2025-02-17T09:00,20.6,57,20.9,0.0,0.0,0,0,1.8,6,28.6139,77.209
2025-02-17T10:00,23.4,41,22.8,0.0,0.0,0,1,2.8,40,28.6139,77.209
2025-02-17T11:00,25.6,31,25.5,0.0,0.0,1,29,1.1,72,28.6139,77.209
2025-02-17T12:00,27.0,26,26.9,0.0,0.0,1,20,0.7,270,28.6139,77.209
2025-02-17T13:00,28.1,21,27.7,0.0,0.0,0,7,1.0,338,28.6139,77.209
2025-02-17T14:00,28.7,19,27.3,0.0,0.0,0,0,2.0,5,28.6139,77.209
2025-02-17T15:00,28.8,19,26.7,0.0,0.0,0,12,3.3,319,28.6139,77.209
2025-02-17T16:00,28.0,23,25.7,0.0,0.0,1,41,6.7,294,28.6139,77.209
2025-02-17T17:00,26.4,29,24.4,0.0,0.0,0,8,7.9,300,28.6139,77.209
2025-02-17T18:00,24.5,31,23.1,0.0,0.0,0,2,3.6,357,28.6139,77.209
2025-02-17T19:00,23.3,42,23.0,0.0,0.0,1,37,1.0,329,28.6139,77.209
2025-02-17T20:00,22.4,49,22.7,0.0,0.0,0,0,0.4,297,28.6139,77.209
2025-02-17T21:00,21.4,52,21.5,0.0,0.0,2,54,1.5,324,28.6139,77.209
2025-02-17T22:00,20.6,59,20.9,0.0,0.0,1,38,3.0,322,28.6139,77.209
2025-02-17T23:00,19.4,65,19.5,0.0,0.0,3,100,4.6,309,28.6139,77.209
2025-02-18T00:00,19.8,64,20.0,0.0,0.0,3,100,4.4,325,28.6139,77.209
2025-02-18T01:00,19.3,65,19.4,0.0,0.0,0,5,4.4,341,28.6139,77.209
2025-02-18T02:00,18.1,67,17.9,0.0,0.0,2,61,5.1,10,28.6139,77.209
2025-02-18T03:00,18.2,63,17.5,0.0,0.0,1,49,6.9,25,28.6139,77.209
2025-02-18T04:00,17.1,69,16.8,0.0,0.0,3,91,4.6,9,28.6139,77.209
2025-02-18T05:00,17.3,70,17.5,0.0,0.0,2,57,1.8,336,28.6139,77.209
2025-02-18T06:00,17.0,74,17.6,0.0,0.0,1,26,1.1,279,28.6139,77.209
2025-02-18T07:00,16.8,75,17.0,0.0,0.0,3,98,3.2,251,28.6139,77.209
2025-02-18T08:00,18.9,65,18.8,0.0,0.0,3,100,5.1,264,28.6139,77.209
2025-02-18T09:00,19.8,62,19.7,0.0,0.0,3,100,5.9,258,28.6139,77.209
2025-02-18T10:00,21.0,58,20.7,0.0,0.0,3,100,7.1,254,28.6139,77.209
2025-02-18T11:00,22.0,53,21.1,0.0,0.0,3,100,9.6,258,28.6139,77.209
2025-02-18T12:00,23.3,45,22.6,0.0,0.0,3,94,6.7,275,28.6139,77.209
2025-02-18T13:00,24.8,35,23.5,0.0,0.0,0,1,6.4,288,28.6139,77.209
2025-02-18T14:00,26.3,29,25.1,0.0,0.0,0,1,7.8,289,28.6139,77.209
2025-02-18T15:00,26.4,27,24.0,0.0,0.0,0,0,9.0,290,28.6139,77.209
2025-02-18T16:00,25.9,26,23.4,0.0,0.0,0,0,8.6,286,28.6139,77.209
2025-02-18T17:00,24.8,30,22.8,0.0,0.0,0,0,7.1,286,28.6139,77.209
2025-02-18T18:00,23.4,36,21.9,0.0,0.0,0,2,5.1,309,28.6139,77.209
2025-02-18T19:00,22.0,46,21.4,0.0,0.0,0,1,4.2,306,28.6139,77.209
2025-02-18T20:00,21.3,52,21.0,0.0,0.0,0,0,3.9,317,28.6139,77.209
2025-02-18T21:00,20.8,55,20.7,0.0,0.0,0,0,3.1,306,28.6139,77.209
2025-02-18T22:00,19.9,56,19.4,0.0,0.0,0,0,5.0,322,28.6139,77.209
2025-02-18T23:00,18.9,59,18.4,0.0,0.0,0,0,4.9,321,28.6139,77.209
2025-02-19T00:00,17.9,61,17.2,0.0,0.0,0,0,4.9,294,28.6139,77.209
2025-02-19T01:00,17.0,63,16.3,0.0,0.0,0,0,5.1,287,28.6139,77.209
2025-02-19T02:00,16.2,66,15.4,0.0,0.0,0,0,4.8,281,28.6139,77.209
2025-02-19T03:00,15.6,68,14.7,0.0,0.0,0,8,5.1,280,28.6139,77.209
2025-02-19T04:00,15.1,69,14.2,0.0,0.0,0,8,5.1,288,28.6139,77.209
2025-02-19T05:00,14.7,69,13.7,0.0,0.0,3,97,5.2,284,28.6139,77.209
2025-02-19T06:00,14.2,76,13.4,0.0,0.0,3,93,5.1,274,28.6139,77.209
2025-02-19T07:00,14.3,75,13.4,0.0,0.0,3,100,6.1,268,28.6139,77.209
2025-02-19T08:00,16.1,68,15.3,0.0,0.0,3,90,5.9,272,28.6139,77.209
2025-02-19T09:00,19.2,56,18.7,0.0,0.0,3,100,4.1,268,28.6139,77.209
2025-02-19T10:00,21.9,45,21.1,0.0,0.0,3,88,4.5,268,28.6139,77.209
2025-02-19T11:00,24.3,36,23.4,0.0,0.0,3,100,5.8,275,28.6139,77.209
2025-02-19T12:00,25.7,29,24.6,0.0,0.0,3,100,6.7,267,28.6139,77.209
2025-02-19T13:00,26.6,26,25.0,0.0,0.0,3,81,6.9,253,28.6139,77.209
2025-02-19T14:00,27.0,25,25.1,0.0,0.0,2,76,7.3,242,28.6139,77.209
2025-02-19T15:00,27.0,26,24.7,0.0,0.0,3,99,8.5,242,28.6139,77.209
2025-02-19T16:00,26.5,28,24.3,0.0,0.0,3,100,8.5,249,28.6139,77.209
2025-02-19T17:00,25.5,31,23.9,0.0,0.0,3,100,6.5,251,28.6139,77.209
2025-02-19T18:00,24.1,38,23.2,0.0,0.0,3,100,4.1,283,28.6139,77.209
2025-02-19T19:00,23.7,42,23.1,0.0,0.0,3,100,4.0,309,28.6139,77.209
2025-02-19T20:00,22.8,49,22.6,0.0,0.0,3,100,3.7,337,28.6139,77.209
2025-02-19T21:00,21.8,49,20.9,0.3,0.3,51,100,7.3,205,28.6139,77.209
2025-02-19T22:00,20.0,61,19.8,0.5,0.5,53,92,5.8,219,28.6139,77.209
2025-02-19T23:00,18.2,72,18.7,0.2,0.2,51,99,3.2,63,28.6139,77.209
2025-02-20T00:00,18.2,73,18.0,0.0,0.0,3,99,8.3,250,28.6139,77.209
2025-02-20T01:00,17.0,78,17.6,0.5,0.5,53,99,2.3,356,28.6139,77.209
2025-02-20T02:00,16.9,75,16.2,0.1,0.1,51,75,10.3,4,28.6139,77.209
2025-02-20T03:00,16.4,79,15.8,0.7,0.7,53,100,9.7,332,28.6139,77.209
2025-02-20T04:00,15.9,86,15.3,1.3,1.3,61,62,11.8,59,28.6139,77.209
2025-02-20T05:00,15.1,83,14.0,0.0,0.0,3,99,12.1,55,28.6139,77.209
2025-02-20T06:00,16.3,87,16.1,0.1,0.1,51,27,10.0,104,28.6139,77.209
2025-02-20T07:00,16.4,82,16.0,0.0,0.0,1,35,10.1,89,28.6139,77.209
2025-02-20T08:00,17.9,73,17.3,0.0,0.0,1,35,10.3,96,28.6139,77.209
2025-02-20T09:00,19.8,64,19.1,0.0,0.0,2,72,10.8,80,28.6139,77.209
2025-02-20T10:00,20.3,62,19.3,0.2,0.2,51,97,12.8,87,28.6139,77.209
2025-02-20T11:00,20.8,59,19.8,0.0,0.0,2,62,12.2,112,28.6139,77.209
2025-02-20T12:00,21.6,57,20.5,0.5,0.5,53,19,13.5,80,28.6139,77.209
2025-02-20T13:00,22.9,53,22.1,0.0,0.0,0,7,15.8,105,28.6139,77.209
2025-02-20T14:00,23.5,48,22.1,0.0,0.0,0,2,16.6,119,28.6139,77.209
2025-02-20T15:00,23.7,46,21.7,0.0,0.0,1,33,16.5,120,28.6139,77.209
2025-02-20T16:00,23.1,49,21.5,0.0,0.0,1,21,14.3,117,28.6139,77.209
2025-02-20T17:00,21.9,54,20.5,0.0,0.0,1,32,13.9,114,28.6139,77.209
2025-02-20T18:00,21.0,61,19.8,0.0,0.0,0,8,14.4,121,28.6139,77.209
2025-02-20T19:00,20.0,67,19.0,0.0,0.0,0,17,14.9,118,28.6139,77.209
2025-02-20T20:00,19.6,67,19.2,0.2,0.2,51,63,9.7,89,28.6139,77.209
2025-02-20T21:00,15.9,89,15.3,2.3,2.3,61,54,13.1,38,28.6139,77.209
2025-02-20T22:00,16.2,87,16.3,1.0,1.0,55,19,7.6,78,28.6139,77.209
2025-02-20T23:00,16.1,87,16.1,0.2,0.2,51,37,9.0,84,28.6139,77.209
2025-02-21T00:00,15.6,88,15.4,0.2,0.2,51,36,9.2,48,28.6139,77.209
2025-02-21T01:00,15.3,90,15.4,0.1,0.1,51,14,6.9,57,28.6139,77.209
2025-02-21T02:00,14.8,91,15.1,0.1,0.1,51,15,5.4,70,28.6139,77.209
2025-02-21T03:00,14.4,93,14.6,0.0,0.0,0,9,5.3,72,28.6139,77.209
2025-02-21T04:00,14.2,93,14.3,0.0,0.0,0,0,6.3,95,28.6139,77.209
2025-02-21T05:00,13.7,93,13.7,0.0,0.0,0,0,5.5,103,28.6139,77.209
2025-02-21T06:00,14.3,90,14.5,0.0,0.0,0,0,4.4,60,28.6139,77.209
2025-02-21T07:00,14.5,89,14.9,0.0,0.0,0,0,3.3,54,28.6139,77.209
2025-02-21T08:00,16.1,82,16.6,0.0,0.0,0,0,2.4,73,28.6139,77.209
2025-02-21T09:00,18.2,71,18.9,0.0,0.0,0,2,1.5,76,28.6139,77.209
2025-02-21T10:00,20.5,62,21.2,0.0,0.0,0,2,0.8,117,28.6139,77.209
2025-02-21T11:00,22.5,53,23.7,0.0,0.0,0,3,1.5,194,28.6139,77.209
2025-02-21T12:00,23.7,49,25.5,0.0,0.0,0,4,2.0,265,28.6139,77.209
2025-02-21T13:00,24.6,47,26.3,0.0,0.0,0,4,2.6,309,28.6139,77.209
2025-02-21T14:00,25.1,44,25.6,0.0,0.0,3,99,5.0,308,28.6139,77.209
2025-02-21T15:00,24.9,44,24.3,0.0,0.0,3,100,7.7,311,28.6139,77.209
2025-02-21T16:00,24.1,46,23.1,0.0,0.0,3,100,10.1,310,28.6139,77.209
2025-02-21T17:00,22.7,52,21.8,0.0,0.0,3,100,11.2,312,28.6139,77.209
2025-02-21T18:00,21.7,58,21.2,0.0,0.0,3,95,9.8,325,28.6139,77.209
2025-02-21T19:00,20.8,65,20.7,0.0,0.0,3,99,8.8,327,28.6139,77.209
2025-02-21T20:00,19.9,70,20.2,0.0,0.0,0,5,8.0,326,28.6139,77.209
2025-02-21T21:00,18.9,75,19.3,0.0,0.0,2,79,7.3,316,28.6139,77.209
2025-02-21T22:00,18.0,80,18.4,0.0,0.0,0,2,7.0,305,28.6139,77.209
2025-02-21T23:00,17.1,84,17.4,0.0,0.0,0,0,7.1,294,28.6139,77.209
2025-02-22T00:00,16.3,86,16.4,0.0,0.0,0,0,8.2,296,28.6139,77.209
2025-02-22T01:00,15.8,85,15.5,0.0,0.0,0,0,8.6,300,28.6139,77.209
2025-02-22T02:00,15.1,86,14.8,0.0,0.0,0,0,7.7,303,28.6139,77.209
2025-02-22T03:00,14.6,87,14.1,0.0,0.0,0,12,8.1,299,28.6139,77.209
2025-02-22T04:00,14.1,89,13.5,0.0,0.0,0,7,8.6,296,28.6139,77.209
2025-02-22T05:00,13.6,89,13.0,0.0,0.0,1,48,8.4,298,28.6139,77.209
2025-02-22T06:00,13.5,92,13.0,0.0,0.0,0,0,8.0,293,28.6139,77.209
2025-02-22T07:00,13.5,90,12.8,0.0,0.0,1,20,8.8,287,28.6139,77.209
2025-02-22T08:00,15.1,81,14.6,0.0,0.0,1,40,7.1,289,28.6139,77.209
2025-02-22T09:00,17.3,69,16.7,0.0,0.0,1,20,7.4,299,28.6139,77.209
2025-02-22T10:00,19.7,58,19.0,0.0,0.0,1,46,7.5,305,28.6139,77.209
2025-02-22T11:00,21.7,48,21.2,0.0,0.0,2,57,8.6,299,28.6139,77.209
2025-02-22T12:00,23.0,43,22.5,0.0,0.0,3,100,10.2,294,28.6139,77.209
2025-02-22T13:00,23.6,40,22.4,0.0,0.0,2,73,11.4,297,28.6139,77.209
2025-02-22T14:00,23.9,36,22.0,0.0,0.0,1,29,11.5,297,28.6139,77.209
2025-02-22T15:00,23.8,37,21.6,0.0,0.0,0,7,11.8,297,28.6139,77.209
2025-02-22T16:00,23.2,38,21.0,0.0,0.0,0,0,11.9,297,28.6139,77.209
2025-02-22T17:00,22.1,42,20.0,0.0,0.0,0,1,11.8,297,28.6139,77.209
2025-02-22T18:00,20.4,53,19.5,0.0,0.0,0,0,7.0,299,28.6139,77.209
2025-02-22T19:00,19.4,60,19.0,0.0,0.0,0,0,5.8,309,28.6139,77.209
2025-02-22T20:00,18.7,64,18.3,0.0,0.0,0,0,6.4,313,28.6139,77.209
2025-02-22T21:00,18.0,68,17.8,0.0,0.0,0,0,5.2,301,28.6139,77.209
2025-02-22T22:00,17.2,73,17.2,0.0,0.0,0,0,4.8,318,28.6139,77.209
2025-02-22T23:00,16.5,76,16.5,0.0,0.0,0,0,4.7,317,28.6139,77.209
2025-02-23T00:00,15.9,78,15.8,0.0,0.0,0,0,4.3,312,28.6139,77.209
2025-02-23T01:00,15.3,78,15.1,0.0,0.0,0,0,4.5,304,28.6139,77.209
2025-02-23T02:00,14.9,78,14.6,0.0,0.0,0,0,4.7,288,28.6139,77.209
2025-02-23T03:00,14.5,80,14.0,0.0,0.0,0,0,5.1,288,28.6139,77.209
2025-02-23T04:00,14.0,81,13.5,0.0,0.0,0,0,5.2,297,28.6139,77.209
2025-02-23T05:00,13.6,83,13.0,0.0,0.0,0,0,5.1,306,28.6139,77.209
2025-02-23T06:00,13.3,87,12.9,0.0,0.0,0,0,4.5,299,28.6139,77.209
2025-02-23T07:00,13.8,84,13.4,0.0,0.0,0,0,5.0,283,28.6139,77.209
2025-02-23T08:00,15.5,77,15.1,0.0,0.0,0,0,5.6,263,28.6139,77.209
2025-02-23T09:00,18.0,66,17.7,0.0,0.0,0,0,5.4,268,28.6139,77.209
2025-02-23T10:00,20.5,56,20.1,0.0,0.0,0,0,6.0,275,28.6139,77.209
2025-02-23T11:00,22.5,47,22.5,0.0,0.0,0,0,6.7,297,28.6139,77.209
2025-02-23T12:00,23.8,41,23.9,0.0,0.0,0,0,7.2,309,28.6139,77.209
2025-02-23T13:00,24.6,39,24.7,0.0,0.0,0,0,7.3,312,28.6139,77.209
2025-02-23T14:00,25.1,37,24.7,0.0,0.0,0,0,7.6,306,28.6139,77.209
2025-02-23T15:00,24.9,37,23.5,0.0,0.0,0,0,8.7,302,28.6139,77.209
2025-02-23T16:00,24.4,37,22.7,0.0,0.0,0,0,9.1,304,28.6139,77.209
2025-02-23T17:00,23.3,40,21.7,0.0,0.0,0,0,8.4,304,28.6139,77.209
2025-02-23T18:00,21.9,47,21.1,0.0,0.0,0,0,5.4,276,28.6139,77.209
2025-02-23T19:00,20.5,54,20.2,0.0,0.0,0,0,4.0,275,28.6139,77.209
2025-02-23T20:00,19.5,59,19.4,0.0,0.0,0,0,3.7,305,28.6139,77.209
2025-02-23T21:00,18.9,63,18.9,0.0,0.0,0,0,3.7,331,28.6139,77.209
2025-02-23T22:00,18.3,65,18.3,0.0,0.0,0,0,3.6,342,28.6139,77.209
2025-02-23T23:00,17.8,66,17.8,0.0,0.0,0,0,2.7,356,28.6139,77.209
2025-02-24T00:00,17.1,68,17.0,0.0,0.0,0,0,3.1,347,28.6139,77.209
2025-02-24T01:00,16.5,70,16.3,0.0,0.0,0,0,3.1,347,28.6139,77.209
2025-02-24T02:00,15.9,73,15.8,0.0,0.0,0,0,2.9,338,28.6139,77.209
2025-02-24T03:00,15.3,75,15.1,0.0,0.0,0,1,3.1,298,28.6139,77.209
2025-02-24T04:00,14.2,80,13.8,0.0,0.0,0,0,3.8,281,28.6139,77.209
2025-02-24T05:00,13.3,83,12.8,0.0,0.0,0,0,4.7,277,28.6139,77.209
2025-02-24T06:00,13.5,89,13.2,0.0,0.0,0,0,4.9,278,28.6139,77.209
2025-02-24T07:00,13.7,87,13.4,0.0,0.0,0,0,5.2,276,28.6139,77.209
2025-02-24T08:00,16.1,75,15.9,0.0,0.0,0,0,4.5,272,28.6139,77.209
2025-02-24T09:00,19.4,59,19.2,0.0,0.0,0,2,4.0,275,28.6139,77.209
2025-02-24T10:00,22.2,49,21.9,0.0,0.0,0,0,4.2,288,28.6139,77.209
2025-02-24T11:00,24.3,38,24.2,0.0,0.0,0,0,4.8,307,28.6139,77.209
2025-02-24T12:00,25.7,30,25.3,0.0,0.0,0,1,6.2,303,28.6139,77.209
2025-02-24T13:00,26.5,27,25.5,0.0,0.0,0,9,8.6,303,28.6139,77.209
2025-02-24T14:00,26.9,24,25.0,0.0,0.0,0,17,9.4,310,28.6139,77.209
2025-02-24T15:00,26.8,23,23.9,0.0,0.0,0,3,10.2,316,28.6139,77.209
2025-02-24T16:00,26.1,24,23.1,0.0,0.0,0,0,10.3,317,28.6139,77.209
2025-02-24T17:00,24.9,30,22.4,0.0,0.0,0,3,9.4,317,28.6139,77.209
2025-02-24T18:00,23.0,44,22.0,0.0,0.0,3,90,7.2,325,28.6139,77.209
2025-02-24T19:00,21.6,54,21.6,0.0,0.0,3,100,4.4,330,28.6139,77.209
2025-02-24T20:00,20.7,60,21.0,0.0,0.0,3,88,3.9,336,28.6139,77.209
2025-02-24T21:00,20.1,65,20.6,0.0,0.0,3,88,3.2,341,28.6139,77.209
2025-02-24T22:00,19.6,65,20.2,0.0,0.0,3,100,2.1,329,28.6139,77.209
2025-02-24T23:00,19.0,67,19.4,0.0,0.0,1,29,2.7,332,28.6139,77.209
2025-02-25T00:00,18.3,68,18.7,0.0,0.0,0,3,2.3,4,28.6139,77.209
2025-02-25T01:00,18.0,68,18.2,0.0,0.0,0,6,2.7,328,28.6139,77.209
2025-02-25T02:00,16.8,73,16.9,0.0,0.0,0,10,3.2,267,28.6139,77.209
2025-02-25T03:00,15.9,77,15.7,0.0,0.0,1,28,4.7,261,28.6139,77.209
2025-02-25T04:00,15.0,82,15.0,0.0,0.0,3,85,4.4,277,28.6139,77.209
2025-02-25T05:00,14.5,85,14.5,0.0,0.0,3,90,4.4,279,28.6139,77.209
2025-02-25T06:00,14.4,89,14.7,0.0,0.0,1,26,3.6,261,28.6139,77.209
2025-02-25T07:00,15.1,85,15.0,0.0,0.0,1,39,6.2,260,28.6139,77.209
2025-02-25T08:00,17.6,73,17.7,0.0,0.0,0,1,4.8,259,28.6139,77.209
2025-02-25T09:00,21.0,58,21.1,0.0,0.0,1,43,4.0,275,28.6139,77.209
2025-02-25T10:00,23.9,43,23.6,0.0,0.0,1,44,3.2,273,28.6139,77.209
2025-02-25T11:00,25.7,32,25.4,0.0,0.0,0,14,3.7,305,28.6139,77.209
2025-02-25T12:00,27.1,27,26.9,0.0,0.0,3,91,3.8,311,28.6139,77.209
2025-02-25T13:00,27.9,25,27.4,0.0,0.0,3,100,5.4,326,28.6139,77.209
2025-02-25T14:00,28.1,25,26.8,0.0,0.0,3,100,5.6,345,28.6139,77.209
2025-02-25T15:00,27.6,26,25.8,0.0,0.0,3,94,5.5,347,28.6139,77.209
2025-02-25T16:00,27.1,28,25.2,0.0,0.0,0,2,7.4,3,28.6139,77.209
2025-02-25T17:00,26.0,30,24.4,0.0,0.0,0,2,6.1,28,28.6139,77.209
2025-02-25T18:00,24.2,43,24.0,0.0,0.0,0,4,3.1,301,28.6139,77.209
2025-02-25T19:00,23.3,48,23.5,0.0,0.0,0,18,2.0,333,28.6139,77.209
2025-02-25T20:00,22.3,48,22.0,0.0,0.0,0,19,3.8,41,28.6139,77.209
2025-02-25T21:00,21.7,51,21.7,0.0,0.0,3,99,2.1,70,28.6139,77.209
2025-02-25T22:00,20.8,51,20.4,0.0,0.0,3,100,3.5,156,28.6139,77.209
2025-02-25T23:00,20.7,51,19.9,0.0,0.0,3,99,5.5,169,28.6139,77.209
2025-02-26T00:00,19.9,58,19.5,0.0,0.0,1,44,4.9,197,28.6139,77.209
2025-02-26T01:00,18.7,64,18.6,0.0,0.0,2,50,4.8,209,28.6139,77.209
2025-02-26T02:00,18.3,68,18.4,0.0,0.0,3,96,4.0,198,28.6139,77.209
2025-02-26T03:00,18.2,69,18.6,0.0,0.0,3,100,2.4,197,28.6139,77.209
2025-02-26T04:00,17.9,70,18.0,0.0,0.0,3,99,4.3,275,28.6139,77.209
2025-02-26T05:00,18.2,67,18.2,0.0,0.0,3,100,4.0,120,28.6139,77.209
2025-02-26T06:00,18.7,73,19.5,0.0,0.0,3,100,2.6,236,28.6139,77.209
2025-02-26T07:00,19.0,75,20.1,0.0,0.0,3,100,1.7,139,28.6139,77.209
2025-02-26T08:00,19.9,67,20.2,0.0,0.0,3,100,6.2,116,28.6139,77.209
2025-02-26T09:00,22.8,56,23.2,0.0,0.0,3,95,4.9,129,28.6139,77.209
2025-02-26T10:00,26.0,46,26.2,0.0,0.0,1,30,5.7,114,28.6139,77.209
2025-02-26T11:00,27.8,40,28.5,0.0,0.0,0,19,5.8,129,28.6139,77.209
2025-02-26T12:00,29.0,36,29.9,0.0,0.0,1,46,6.5,152,28.6139,77.209
2025-02-26T13:00,29.8,33,30.6,0.0,0.0,3,100,5.8,158,28.6139,77.209
2025-02-26T14:00,30.1,32,30.1,0.0,0.0,3,99,6.7,166,28.6139,77.209
2025-02-26T15:00,29.8,31,29.0,0.0,0.0,3,89,6.8,169,28.6139,77.209
2025-02-26T16:00,29.4,33,28.6,0.0,0.0,3,98,8.2,194,28.6139,77.209
2025-02-26T17:00,28.2,39,27.8,0.0,0.0,3,98,8.9,212,28.6139,77.209
2025-02-26T18:00,26.6,48,27.7,0.0,0.0,3,100,3.0,237,28.6139,77.209
2025-02-26T19:00,25.7,58,27.8,0.0,0.0,3,100,1.9,197,28.6139,77.209
2025-02-26T20:00,25.3,60,27.5,0.0,0.0,3,100,1.0,112,28.6139,77.209
2025-02-26T21:00,24.5,62,26.5,0.0,0.0,3,100,2.3,119,28.6139,77.209
2025-02-26T22:00,23.5,62,24.8,0.0,0.0,3,90,4.5,164,28.6139,77.209
2025-02-26T23:00,22.6,66,23.9,0.0,0.0,2,74,5.0,178,28.6139,77.209
2025-02-27T00:00,21.9,69,23.2,0.0,0.0,2,72,4.3,185,28.6139,77.209
2025-02-27T01:00,21.7,70,23.4,0.0,0.0,3,100,1.8,191,28.6139,77.209
2025-02-27T02:00,22.2,68,24.1,0.0,0.0,3,100,1.4,23,28.6139,77.209
2025-02-27T03:00,21.6,70,23.3,0.0,0.0,3,92,2.4,42,28.6139,77.209
2025-02-27T04:00,20.6,72,21.9,0.0,0.0,3,100,3.8,352,28.6139,77.209
2025-02-27T05:00,20.6,69,21.5,0.0,0.0,3,100,4.0,69,28.6139,77.209
2025-02-27T06:00,21.1,75,22.8,0.0,0.0,3,100,4.1,103,28.6139,77.209
2025-02-27T07:00,21.0,72,20.5,0.0,0.0,3,100,17.1,330,28.6139,77.209
2025-02-27T08:00,19.1,73,19.2,0.5,0.5,53,100,8.6,29,28.6139,77.209
2025-02-27T09:00,19.7,78,20.1,0.2,0.2,51,100,10.0,56,28.6139,77.209
2025-02-27T10:00,20.4,82,21.3,0.3,0.3,51,100,11.5,59,28.6139,77.209
2025-02-27T11:00,20.2,84,20.7,0.0,0.0,3,100,14.4,62,28.6139,77.209
2025-02-27T12:00,20.7,76,21.2,0.0,0.0,3,100,10.9,70,28.6139,77.209
2025-02-27T13:00,22.1,67,22.1,0.0,0.0,3,100,12.8,74,28.6139,77.209
2025-02-27T14:00,23.4,62,23.6,0.0,0.0,3,100,12.0,82,28.6139,77.209
2025-02-27T15:00,23.0,63,23.6,0.0,0.0,3,100,9.2,83,28.6139,77.209
2025-02-27T16:00,22.4,64,22.8,0.0,0.0,3,100,8.7,95,28.6139,77.209
2025-02-27T17:00,22.1,60,22.0,0.0,0.0,3,100,10.1,100,28.6139,77.209
2025-02-27T18:00,21.7,62,22.1,0.0,0.0,3,100,6.1,47,28.6139,77.209
2025-02-27T19:00,21.2,64,21.2,0.0,0.0,3,96,8.9,56,28.6139,77.209
2025-02-27T20:00,20.2,69,20.3,0.0,0.0,3,100,9.0,75,28.6139,77.209
2025-02-27T21:00,20.1,70,20.1,0.0,0.0,3,100,9.6,85,28.6139,77.209
2025-02-27T22:00,20.0,68,19.7,0.0,0.0,3,100,10.8,94,28.6139,77.209
2025-02-27T23:00,19.8,65,18.9,0.0,0.0,3,100,12.4,93,28.6139,77.209
2025-02-28T00:00,19.5,63,18.4,0.0,0.0,3,100,11.9,91,28.6139,77.209
2025-02-28T01:00,19.3,62,18.5,0.0,0.0,3,100,9.5,104,28.6139,77.209
2025-02-28T02:00,19.3,64,18.8,0.0,0.0,3,100,8.1,102,28.6139,77.209
2025-02-28T03:00,19.2,66,18.5,0.0,0.0,3,100,10.0,103,28.6139,77.209
2025-02-28T04:00,19.1,69,18.4,0.0,0.0,3,100,11.2,105,28.6139,77.209
2025-02-28T05:00,18.9,70,18.1,0.0,0.0,3,100,12.2,109,28.6139,77.209
2025-02-28T06:00,19.4,68,18.9,0.0,0.0,3,100,10.0,128,28.6139,77.209
2025-02-28T07:00,19.1,69,19.2,0.0,0.0,3,100,6.8,107,28.6139,77.209
2025-02-28T08:00,18.8,70,18.8,0.0,0.0,3,100,7.0,18,28.6139,77.209
2025-02-28T09:00,18.2,76,18.1,0.5,0.5,53,100,9.4,48,28.6139,77.209
2025-02-28T10:00,18.3,82,18.3,0.9,0.9,53,100,11.3,80,28.6139,77.209
2025-02-28T11:00,19.6,77,19.6,0.2,0.2,51,100,11.9,94,28.6139,77.209
2025-02-28T12:00,20.0,74,19.9,0.0,0.0,3,96,12.9,98,28.6139,77.209
2025-02-28T13:00,21.1,71,21.3,0.0,0.0,3,96,11.4,105,28.6139,77.209
2025-02-28T14:00,22.1,69,22.6,0.0,0.0,0,12,10.7,113,28.6139,77.209
2025-02-28T15:00,23.3,65,24.1,0.0,0.0,0,19,10.2,120,28.6139,77.209
2025-02-28T16:00,23.4,65,24.4,0.0,0.0,2,54,9.1,142,28.6139,77.209
2025-02-28T17:00,22.9,69,24.3,0.0,0.0,1,32,6.4,117,28.6139,77.209
2025-02-28T18:00,22.3,74,23.8,0.0,0.0,3,83,7.6,112,28.6139,77.209
2025-02-28T19:00,21.4,83,23.1,0.0,0.0,0,18,9.5,112,28.6139,77.209
2025-02-28T20:00,20.9,85,23.0,0.0,0.0,0,8,6.1,109,28.6139,77.209
2025-02-28T21:00,18.5,90,19.6,1.7,1.7,61,18,9.1,338,28.6139,77.209
2025-02-28T22:00,18.5,90,20.0,0.0,0.0,2,64,5.8,94,28.6139,77.209
2025-02-28T23:00,18.4,91,19.3,0.0,0.0,2,54,10.3,52,28.6139,77.209
2025-03-01T00:00,17.4,87,17.6,0.0,0.0,2,77,9.8,70,28.6139,77.209
2025-03-01T01:00,16.8,87,17.0,0.0,0.0,0,19,9.0,70,28.6139,77.209
2025-03-01T02:00,16.3,89,16.4,0.0,0.0,1,32,9.1,98,28.6139,77.209
2025-03-01T03:00,15.9,90,16.1,0.0,0.0,2,53,8.5,58,28.6139,77.209
2025-03-01T04:00,15.7,90,15.7,0.0,0.0,2,66,9.0,95,28.6139,77.209
2025-03-01T05:00,15.5,89,15.1,0.2,0.2,51,100,10.6,87,28.6139,77.209
2025-03-01T06:00,16.8,93,16.6,6.3,6.3,63,49,14.3,107,28.6139,77.209
2025-03-01T07:00,16.6,91,16.0,0.3,0.3,51,82,15.8,98,28.6139,77.209
2025-03-01T08:00,17.4,90,17.6,0.0,0.0,3,94,11.5,100,28.6139,77.209
2025-03-01T09:00,18.5,83,19.2,0.0,0.0,3,100,8.4,105,28.6139,77.209
2025-03-01T10:00,19.5,79,20.1,0.0,0.0,3,99,8.5,118,28.6139,77.209
2025-03-01T11:00,21.1,75,22.8,0.0,0.0,2,51,3.7,113,28.6139,77.209
2025-03-01T12:00,22.6,71,25.4,0.0,0.0,2,78,3.3,81,28.6139,77.209
2025-03-01T13:00,23.7,67,26.5,0.0,0.0,2,58,4.4,71,28.6139,77.209
2025-03-01T14:00,24.0,65,26.6,0.0,0.0,3,97,3.7,47,28.6139,77.209
2025-03-01T15:00,24.1,66,26.2,0.1,0.1,51,54,3.0,38,28.6139,77.209
2025-03-01T16:00,23.3,67,25.2,0.8,0.8,53,58,2.9,11,28.6139,77.209
2025-03-01T17:00,22.6,70,24.6,0.0,0.0,0,9,3.4,43,28.6139,77.209
2025-03-01T18:00,21.9,77,23.9,0.0,0.0,0,18,4.7,28,28.6139,77.209
2025-03-01T19:00,21.0,81,22.9,0.0,0.0,0,13,5.2,25,28.6139,77.209
2025-03-01T20:00,20.3,83,22.1,0.0,0.0,1,33,5.1,17,28.6139,77.209
2025-03-01T21:00,20.0,84,21.4,0.0,0.0,0,4,7.6,353,28.6139,77.209
2025-03-01T22:00,19.2,85,20.2,0.0,0.0,0,0,9.0,10,28.6139,77.209
2025-03-01T23:00,18.4,86,19.4,0.0,0.0,0,0,7.8,15,28.6139,77.209
2025-03-02T00:00,17.7,88,18.8,0.0,0.0,0,0,6.1,14,28.6139,77.209
2025-03-02T01:00,17.2,89,18.2,0.0,0.0,0,0,5.3,12,28.6139,77.209
2025-03-02T02:00,16.8,89,17.6,0.0,0.0,0,0,5.5,11,28.6139,77.209
2025-03-02T03:00,16.5,88,17.0,0.0,0.0,0,0,6.8,360,28.6139,77.209
2025-03-02T04:00,16.0,88,16.4,0.0,0.0,0,0,6.6,344,28.6139,77.209
2025-03-02T05:00,15.4,89,15.7,0.0,0.0,0,0,5.6,331,28.6139,77.209
2025-03-02T06:00,16.0,88,16.4,0.0,0.0,0,0,6.3,333,28.6139,77.209
2025-03-02T07:00,16.1,87,16.4,0.0,0.0,0,0,6.5,316,28.6139,77.209
2025-03-02T08:00,17.5,82,18.0,0.0,0.0,0,0,5.5,302,28.6139,77.209
2025-03-02T09:00,19.3,74,19.8,0.0,0.0,0,0,6.2,306,28.6139,77.209
2025-03-02T10:00,21.3,63,21.9,0.0,0.0,0,0,6.3,307,28.6139,77.209
2025-03-02T11:00,23.3,44,23.2,0.0,0.0,0,0,8.7,317,28.6139,77.209
2025-03-02T12:00,24.2,37,23.6,0.0,0.0,0,0,11.2,318,28.6139,77.209
2025-03-02T13:00,24.6,35,23.7,0.0,0.0,0,0,12.5,314,28.6139,77.209
2025-03-02T14:00,24.5,35,23.1,0.0,0.0,0,0,13.2,309,28.6139,77.209
2025-03-02T15:00,24.0,37,22.1,0.0,0.0,0,0,12.7,310,28.6139,77.209
2025-03-02T16:00,23.2,41,21.4,0.0,0.0,0,0,11.0,311,28.6139,77.209
2025-03-02T17:00,21.9,48,20.8,0.0,0.0,0,0,7.9,305,28.6139,77.209
2025-03-02T18:00,19.6,59,19.0,0.0,0.0,0,0,6.2,287,28.6139,77.209
2025-03-02T19:00,18.3,65,18.0,0.0,0.0,0,0,5.9,288,28.6139,77.209
2025-03-02T20:00,17.1,71,16.9,0.0,0.0,0,0,5.5,302,28.6139,77.209
2025-03-02T21:00,16.4,73,16.0,0.0,0.0,0,0,5.4,310,28.6139,77.209
2025-03-02T22:00,15.9,71,15.3,0.0,0.0,0,0,5.4,307,28.6139,77.209
2025-03-02T23:00,15.5,69,14.6,0.0,0.0,0,0,5.9,310,28.6139,77.209
2025-03-03T00:00,14.9,69,13.8,0.0,0.0,0,0,5.9,317,28.6139,77.209
2025-03-03T01:00,14.3,70,13.2,0.0,0.0,0,0,5.5,337,28.6139,77.209
2025-03-03T02:00,13.6,73,12.4,0.0,0.0,0,0,6.0,353,28.6139,77.209
2025-03-03T03:00,13.3,73,12.0,0.0,0.0,0,0,6.1,355,28.6139,77.209
2025-03-03T04:00,13.0,74,11.9,0.0,0.0,0,0,4.3,355,28.6139,77.209
2025-03-03T05:00,12.8,75,11.7,0.0,0.0,0,0,4.0,3,28.6139,77.209
2025-03-03T06:00,13.1,77,12.2,0.0,0.0,0,0,4.6,9,28.6139,77.209
2025-03-03T07:00,13.8,78,13.2,0.0,0.0,0,0,4.1,360,28.6139,77.209
2025-03-03T08:00,16.4,69,16.2,0.0,0.0,0,0,2.4,42,28.6139,77.209
2025-03-03T09:00,19.4,60,19.7,0.0,0.0,0,0,0.9,127,28.6139,77.209
2025-03-03T10:00,22.1,44,21.8,0.0,0.0,0,0,2.0,117,28.6139,77.209
2025-03-03T11:00,24.2,34,24.2,0.0,0.0,0,0,2.7,127,28.6139,77.209
2025-03-03T12:00,25.7,31,26.0,0.0,0.0,0,0,3.4,174,28.6139,77.209
2025-03-03T13:00,26.6,34,27.1,0.0,0.0,0,2,5.4,195,28.6139,77.209
2025-03-03T14:00,26.9,37,27.2,0.0,0.0,1,29,7.1,196,28.6139,77.209
2025-03-03T15:00,26.3,40,25.7,0.0,0.0,0,19,7.6,198,28.6139,77.209
2025-03-03T16:00,25.6,45,25.4,0.0,0.0,0,11,7.4,158,28.6139,77.209
2025-03-03T17:00,24.3,54,24.8,0.0,0.0,0,14,5.9,130,28.6139,77.209
2025-03-03T18:00,23.2,57,23.4,0.0,0.0,0,11,7.7,152,28.6139,77.209
2025-03-03T19:00,22.2,60,22.5,0.0,0.0,0,8,7.3,130,28.6139,77.209
2025-03-03T20:00,21.5,64,21.9,0.0,0.0,2,52,6.9,120,28.6139,77.209
2025-03-03T21:00,21.3,63,21.4,0.0,0.0,1,40,7.8,122,28.6139,77.209
2025-03-03T22:00,20.4,67,20.7,0.0,0.0,0,17,6.2,116,28.6139,77.209
2025-03-03T23:00,19.7,69,20.1,0.0,0.0,0,9,5.7,143,28.6139,77.209
2025-03-04T00:00,19.0,71,19.2,0.0,0.0,0,0,5.8,164,28.6139,77.209
2025-03-04T01:00,18.6,72,18.7,0.0,0.0,0,1,6.5,193,28.6139,77.209
2025-03-04T02:00,18.3,72,18.0,0.0,0.0,0,1,8.7,288,28.6139,77.209
2025-03-04T03:00,17.1,78,17.3,0.0,0.0,0,1,4.9,262,28.6139,77.209
2025-03-04T04:00,15.9,83,16.2,0.0,0.0,0,0,4.0,260,28.6139,77.209
2025-03-04T05:00,15.6,83,15.5,0.0,0.0,0,0,6.1,273,28.6139,77.209
2025-03-04T06:00,16.5,82,16.5,0.0,0.0,0,0,7.1,263,28.6139,77.209
2025-03-04T07:00,16.9,80,16.5,0.0,0.0,0,0,9.5,268,28.6139,77.209
2025-03-04T08:00,18.2,76,18.0,0.0,0.0,0,0,9.9,273,28.6139,77.209
2025-03-04T09:00,19.8,67,19.4,0.0,0.0,0,0,10.9,276,28.6139,77.209
2025-03-04T10:00,21.5,57,20.9,0.0,0.0,0,0,11.1,277,28.6139,77.209
2025-03-04T11:00,22.9,53,23.2,0.0,0.0,0,0,10.6,288,28.6139,77.209
2025-03-04T12:00,24.0,47,24.3,0.0,0.0,2,50,11.3,306,28.6139,77.209
2025-03-04T13:00,24.4,42,23.5,0.0,0.0,1,41,12.3,307,28.6139,77.209
2025-03-04T14:00,24.4,40,22.7,0.0,0.0,2,50,13.9,301,28.6139,77.209
2025-03-04T15:00,24.4,41,22.4,0.0,0.0,1,22,14.4,299,28.6139,77.209
2025-03-04T16:00,23.8,41,21.6,0.0,0.0,0,18,14.9,300,28.6139,77.209
2025-03-04T17:00,22.5,45,19.9,0.0,0.0,0,19,17.0,309,28.6139,77.209
2025-03-04T18:00,21.0,51,18.9,0.0,0.0,0,1,15.4,315,28.6139,77.209
2025-03-04T19:00,20.1,52,18.1,0.0,0.0,0,0,13.1,307,28.6139,77.209
2025-03-04T20:00,19.2,50,16.7,0.0,0.0,0,0,14.2,309,28.6139,77.209
2025-03-04T21:00,18.1,51,15.5,0.0,0.0,0,0,13.5,308,28.6139,77.209
2025-03-04T22:00,17.3,53,14.7,0.0,0.0,0,0,13.4,309,28.6139,77.209
2025-03-04T23:00,16.6,55,13.9,0.0,0.0,0,0,13.4,309,28.6139,77.209
2025-03-05T00:00,15.8,57,13.1,0.0,0.0,0,0,13.8,307,28.6139,77.209
2025-03-05T01:00,15.2,60,12.5,0.0,0.0,0,0,14.4,307,28.6139,77.209
2025-03-05T02:00,14.6,62,11.7,0.0,0.0,0,0,14.7,303,28.6139,77.209
2025-03-05T03:00,13.9,63,11.0,0.0,0.0,0,0,14.3,301,28.6139,77.209
2025-03-05T04:00,13.3,61,10.1,0.0,0.0,0,0,14.6,302,28.6139,77.209
2025-03-05T05:00,13.0,56,9.4,0.0,0.0,0,0,15.6,301,28.6139,77.209
2025-03-05T06:00,12.6,63,9.3,0.0,0.0,0,0,15.8,299,28.6139,77.209
2025-03-05T07:00,12.7,63,9.3,0.0,0.0,0,0,16.4,295,28.6139,77.209
2025-03-05T08:00,13.9,60,10.8,0.0,0.0,0,0,14.6,289,28.6139,77.209
2025-03-05T09:00,15.9,53,12.4,0.0,0.0,0,0,17.4,294,28.6139,77.209
2025-03-05T10:00,18.1,46,14.7,0.0,0.0,0,0,18.9,302,28.6139,77.209
2025-03-05T11:00,19.8,40,16.7,0.0,0.0,0,0,20.9,303,28.6139,77.209
2025-03-05T12:00,21.3,34,18.1,0.0,0.0,0,0,22.2,307,28.6139,77.209
2025-03-05T13:00,22.2,30,18.7,0.0,0.0,0,0,22.7,305,28.6139,77.209
2025-03-05T14:00,22.8,27,18.8,0.0,0.0,0,0,22.7,300,28.6139,77.209
2025-03-05T15:00,22.8,28,18.4,0.0,0.0,0,0,21.9,295,28.6139,77.209
2025-03-05T16:00,22.3,31,17.9,0.0,0.0,0,0,20.7,293,28.6139,77.209
2025-03-05T17:00,21.6,30,17.3,0.0,0.0,0,0,18.9,297,28.6139,77.209
2025-03-05T18:00,20.9,34,16.9,0.0,0.0,0,0,17.8,300,28.6139,77.209
2025-03-05T19:00,20.2,35,16.3,0.0,0.0,0,0,16.8,298,28.6139,77.209
2025-03-05T20:00,19.3,36,15.4,0.0,0.0,0,0,16.8,301,28.6139,77.209
2025-03-05T21:00,18.6,38,14.6,0.0,0.0,0,0,17.4,305,28.6139,77.209
2025-03-05T22:00,18.3,38,14.2,0.0,0.0,0,0,17.6,308,28.6139,77.209
2025-03-05T23:00,17.7,39,13.9,0.0,0.0,0,0,15.9,305,28.6139,77.209
2025-03-06T00:00,16.9,42,13.4,0.0,0.0,0,0,14.2,300,28.6139,77.209
2025-03-06T01:00,15.8,45,12.4,0.0,0.0,0,0,13.2,290,28.6139,77.209
2025-03-06T02:00,15.1,46,11.6,0.0,0.0,0,0,13.5,289,28.6139,77.209
2025-03-06T03:00,14.7,46,11.2,0.0,0.0,0,0,13.1,293,28.6139,77.209
2025-03-06T04:00,14.3,47,10.8,0.0,0.0,0,0,12.8,292,28.6139,77.209
2025-03-06T05:00,13.8,48,10.3,0.0,0.0,0,0,12.3,292,28.6139,77.209
2025-03-06T06:00,12.8,58,9.7,0.0,0.0,0,0,12.1,285,28.6139,77.209
2025-03-06T07:00,13.2,56,9.9,0.0,0.0,0,0,13.2,285,28.6139,77.209
2025-03-06T08:00,15.0,54,11.9,0.0,0.0,0,0,13.4,282,28.6139,77.209
2025-03-06T09:00,17.5,47,14.7,0.0,0.0,0,0,12.5,282,28.6139,77.209
2025-03-06T10:00,20.2,41,17.7,0.0,0.0,0,0,12.8,287,28.6139,77.209
2025-03-06T11:00,22.5,34,20.6,0.0,0.0,0,0,13.5,293,28.6139,77.209
2025-03-06T12:00,24.2,29,22.5,0.0,0.0,0,0,13.6,294,28.6139,77.209
2025-03-06T13:00,25.5,25,23.7,0.0,0.0,0,0,13.4,290,28.6139,77.209
2025-03-06T14:00,26.3,24,24.2,0.0,0.0,0,0,13.0,284,28.6139,77.209
2025-03-06T15:00,26.6,23,23.8,0.0,0.0,0,0,12.2,283,28.6139,77.209
2025-03-06T16:00,26.2,23,23.1,0.0,0.0,0,0,10.5,278,28.6139,77.209
2025-03-06T17:00,24.9,30,22.9,0.0,0.0,0,0,7.0,271,28.6139,77.209
2025-03-06T18:00,22.8,42,22.1,0.0,0.0,0,0,3.3,261,28.6139,77.209
2025-03-06T19:00,22.2,43,21.7,0.0,0.0,0,0,1.3,270,28.6139,77.209
2025-03-06T20:00,21.6,43,20.8,0.0,0.0,0,0,1.8,281,28.6139,77.209
2025-03-06T21:00,20.5,46,19.8,0.0,0.0,0,0,2.0,243,28.6139,77.209
2025-03-06T22:00,19.6,49,18.8,0.0,0.0,0,0,2.7,270,28.6139,77.209
2025-03-06T23:00,18.6,52,17.7,0.0,0.0,0,0,3.6,290,28.6139,77.209
2025-03-07T00:00,17.7,55,16.6,0.0,0.0,0,0,4.1,270,28.6139,77.209
2025-03-07T01:00,16.7,59,15.8,0.0,0.0,0,0,3.6,327,28.6139,77.209
2025-03-07T02:00,15.5,62,14.5,0.0,0.0,0,0,3.5,12,28.6139,77.209
2025-03-07T03:00,15.2,61,14.2,0.0,0.0,0,0,2.5,8,28.6139,77.209
2025-03-07T04:00,15.1,60,14.3,0.0,0.0,0,0,1.0,301,28.6139,77.209
2025-03-07T05:00,13.8,66,12.7,0.0,0.0,0,0,3.0,237,28.6139,77.209
2025-03-07T06:00,12.5,75,11.3,0.0,0.0,0,0,5.0,251,28.6139,77.209
2025-03-07T07:00,13.2,72,11.9,0.0,0.0,0,0,5.8,254,28.6139,77.209
2025-03-07T08:00,16.0,61,14.9,0.0,0.0,0,0,5.2,268,28.6139,77.209
2025-03-07T09:00,19.8,47,18.8,0.0,0.0,0,0,3.8,275,28.6139,77.209
2025-03-07T10:00,23.4,33,22.1,0.0,0.0,0,3,4.8,290,28.6139,77.209
2025-03-07T11:00,25.7,24,24.7,0.0,0.0,0,0,5.4,304,28.6139,77.209
2025-03-07T12:00,27.2,20,26.3,0.0,0.0,0,0,5.8,300,28.6139,77.209
2025-03-07T13:00,28.1,19,27.0,0.0,0.0,0,0,7.1,291,28.6139,77.209
2025-03-07T14:00,28.4,21,26.8,0.0,0.0,0,0,8.9,291,28.6139,77.209
2025-03-07T15:00,28.3,22,25.9,0.0,0.0,0,0,9.5,292,28.6139,77.209
2025-03-07T16:00,27.8,23,25.1,0.0,0.0,0,0,9.4,294,28.6139,77.209
2025-03-07T17:00,26.6,25,24.2,0.0,0.0,0,0,8.4,295,28.6139,77.209
2025-03-07T18:00,24.2,33,22.7,0.0,0.0,0,0,4.4,302,28.6139,77.209
2025-03-07T19:00,22.9,39,21.8,0.0,0.0,0,0,4.3,303,28.6139,77.209
2025-03-07T20:00,22.3,38,20.8,0.0,0.0,0,0,5.4,312,28.6139,77.209
2025-03-07T21:00,21.4,45,20.5,0.0,0.0,0,0,4.0,297,28.6139,77.209
2025-03-07T22:00,20.2,46,19.0,0.0,0.0,0,0,4.5,254,28.6139,77.209
2025-03-07T23:00,19.2,49,17.8,0.0,0.0,0,0,5.5,283,28.6139,77.209
2025-03-08T00:00,18.4,51,17.0,0.0,0.0,0,0,5.6,291,28.6139,77.209
2025-03-08T01:00,17.4,54,16.1,0.0,0.0,0,0,5.5,297,28.6139,77.209
2025-03-08T02:00,16.6,56,15.3,0.0,0.0,0,0,4.9,268,28.6139,77.209
2025-03-08T03:00,15.7,59,14.4,0.0,0.0,0,0,5.2,264,28.6139,77.209
2025-03-08T04:00,15.2,61,13.7,0.0,0.0,0,0,6.0,267,28.6139,77.209
2025-03-08T05:00,14.6,62,13.0,0.0,0.0,0,0,6.3,263,28.6139,77.209
2025-03-08T06:00,14.7,66,13.3,0.0,0.0,0,0,6.6,279,28.6139,77.209
2025-03-08T07:00,15.5,62,14.1,0.0,0.0,0,0,6.6,283,28.6139,77.209
2025-03-08T08:00,18.0,54,16.6,0.0,0.0,0,0,6.5,265,28.6139,77.209
2025-03-08T09:00,21.4,43,19.9,0.0,0.0,0,0,6.7,276,28.6139,77.209
2025-03-08T10:00,24.6,36,23.3,0.0,0.0,0,0,8.4,285,28.6139,77.209
2025-03-08T11:00,27.4,27,26.5,0.0,0.0,0,0,9.4,305,28.6139,77.209
2025-03-08T12:00,29.1,21,27.6,0.0,0.0,0,0,12.0,303,28.6139,77.209
2025-03-08T13:00,29.8,20,28.3,0.0,0.0,0,1,12.0,306,28.6139,77.209
2025-03-08T14:00,30.1,20,28.3,0.0,0.0,0,3,11.9,305,28.6139,77.209
2025-03-08T15:00,29.9,21,27.5,0.0,0.0,0,0,11.6,303,28.6139,77.209
2025-03-08T16:00,29.3,23,26.8,0.0,0.0,0,0,10.3,306,28.6139,77.209
2025-03-08T17:00,28.3,25,26.0,0.0,0.0,0,5,8.9,306,28.6139,77.209
2025-03-08T18:00,26.2,35,24.9,0.0,0.0,0,4,7.1,263,28.6139,77.209
2025-03-08T19:00,24.7,42,24.2,0.0,0.0,0,2,4.4,258,28.6139,77.209
2025-03-08T20:00,23.3,50,23.6,0.0,0.0,0,0,2.5,225,28.6139,77.209
2025-03-08T21:00,22.6,51,22.8,0.0,0.0,0,0,2.3,238,28.6139,77.209
2025-03-08T22:00,22.5,50,22.7,0.0,0.0,0,0,1.5,7,28.6139,77.209
2025-03-08T23:00,21.9,51,21.9,0.0,0.0,0,0,2.2,85,28.6139,77.209
2025-03-09T00:00,20.9,53,20.8,0.0,0.0,0,4,2.5,188,28.6139,77.209
2025-03-09T01:00,21.3,54,21.8,0.0,0.0,0,0,0.2,180,28.6139,77.209
2025-03-09T02:00,20.5,55,20.7,0.0,0.0,0,0,0.8,63,28.6139,77.209
2025-03-09T03:00,18.8,60,18.7,0.0,0.0,0,16,2.9,68,28.6139,77.209
2025-03-09T04:00,17.6,65,17.3,0.0,0.0,0,0,3.8,107,28.6139,77.209
2025-03-09T05:00,17.2,64,16.5,0.0,0.0,0,0,5.7,127,28.6139,77.209
2025-03-09T06:00,16.8,73,16.6,0.0,0.0,0,5,5.0,111,28.6139,77.209
2025-03-09T07:00,18.2,66,17.8,0.0,0.0,0,0,6.1,135,28.6139,77.209
2025-03-09T08:00,21.1,56,20.8,0.0,0.0,0,0,6.2,120,28.6139,77.209
2025-03-09T09:00,24.6,45,24.3,0.0,0.0,0,0,5.4,124,28.6139,77.209
2025-03-09T10:00,27.5,33,26.6,0.0,0.0,0,0,8.3,139,28.6139,77.209
2025-03-09T11:00,29.3,27,28.8,0.0,0.0,0,0,8.1,143,28.6139,77.209
2025-03-09T12:00,30.6,24,30.4,0.0,0.0,0,0,7.6,152,28.6139,77.209
2025-03-09T13:00,31.4,22,31.1,0.0,0.0,0,0,7.9,163,28.6139,77.209
2025-03-09T14:00,31.8,21,31.1,0.0,0.0,0,6,7.7,169,28.6139,77.209
2025-03-09T15:00,31.8,22,30.2,0.0,0.0,0,4,8.3,178,28.6139,77.209
2025-03-09T16:00,31.3,23,29.2,0.0,0.0,0,0,10.1,179,28.6139,77.209
2025-03-09T17:00,30.2,26,28.1,0.0,0.0,0,0,11.9,177,28.6139,77.209
2025-03-09T18:00,28.5,31,27.2,0.0,0.0,0,0,7.4,162,28.6139,77.209
2025-03-09T19:00,26.8,36,26.0,0.0,0.0,0,0,6.6,133,28.6139,77.209
2025-03-09T20:00,25.8,40,25.1,0.0,0.0,0,0,6.7,126,28.6139,77.209
2025-03-09T21:00,25.1,43,24.5,0.0,0.0,0,0,7.2,115,28.6139,77.209
2025-03-09T22:00,24.0,47,23.4,0.0,0.0,0,12,8.0,108,28.6139,77.209
2025-03-09T23:00,22.7,51,22.5,0.0,0.0,0,8,5.6,117,28.6139,77.209
2025-03-10T00:00,21.9,53,21.3,0.0,0.0,0,1,7.4,103,28.6139,77.209
2025-03-10T01:00,21.0,55,20.3,0.0,0.0,2,54,8.4,109,28.6139,77.209
2025-03-10T02:00,20.4,58,19.6,0.0,0.0,3,90,9.6,124,28.6139,77.209
2025-03-10T03:00,19.9,61,19.2,0.0,0.0,3,100,9.0,125,28.6139,77.209
2025-03-10T04:00,19.4,62,18.7,0.0,0.0,0,12,9.0,128,28.6139,77.209
2025-03-10T05:00,19.0,64,18.3,0.0,0.0,0,2,8.1,121,28.6139,77.209
2025-03-10T06:00,19.3,66,18.9,0.0,0.0,0,1,8.3,114,28.6139,77.209
2025-03-10T07:00,19.7,64,19.2,0.0,0.0,1,22,9.4,119,28.6139,77.209
2025-03-10T08:00,21.4,58,21.1,0.0,0.0,1,34,8.2,116,28.6139,77.209
2025-03-10T09:00,24.1,50,23.7,0.0,0.0,0,8,9.2,118,28.6139,77.209
2025-03-10T10:00,26.8,42,26.5,0.0,0.0,0,11,10.4,126,28.6139,77.209
2025-03-10T11:00,29.0,35,28.7,0.0,0.0,3,83,13.2,135,28.6139,77.209
2025-03-10T12:00,30.3,31,29.9,0.0,0.0,0,7,13.5,142,28.6139,77.209
2025-03-10T13:00,31.1,29,31.1,0.0,0.0,0,0,12.1,147,28.6139,77.209
2025-03-10T14:00,31.6,28,31.4,0.0,0.0,0,0,10.5,147,28.6139,77.209
2025-03-10T15:00,31.7,27,30.6,0.0,0.0,0,8,10.1,149,28.6139,77.209
2025-03-10T16:00,31.2,28,29.9,0.0,0.0,3,98,9.8,152,28.6139,77.209
2025-03-10T17:00,30.3,30,29.1,0.0,0.0,3,99,9.1,159,28.6139,77.209
2025-03-10T18:00,29.3,31,28.5,0.0,0.0,3,96,6.5,182,28.6139,77.209
2025-03-10T19:00,27.4,39,27.5,0.0,0.0,2,73,3.8,149,28.6139,77.209
2025-03-10T20:00,26.2,44,26.5,0.0,0.0,3,82,3.8,98,28.6139,77.209
2025-03-10T21:00,25.3,46,25.5,0.0,0.0,3,98,4.6,103,28.6139,77.209
2025-03-10T22:00,24.9,47,25.0,0.0,0.0,3,100,5.1,108,28.6139,77.209
2025-03-10T23:00,24.1,50,24.3,0.0,0.0,3,100,4.7,122,28.6139,77.209
2025-03-11T00:00,23.2,53,23.6,0.0,0.0,2,79,4.3,132,28.6139,77.209
2025-03-11T01:00,22.2,57,22.5,0.0,0.0,1,22,4.7,133,28.6139,77.209
2025-03-11T02:00,21.3,62,21.9,0.0,0.0,0,12,4.0,144,28.6139,77.209
2025-03-11T03:00,20.6,64,21.2,0.0,0.0,2,72,4.3,152,28.6139,77.209
2025-03-11T04:00,19.9,67,20.5,0.0,0.0,1,41,4.2,133,28.6139,77.209
2025-03-11T05:00,19.5,70,20.4,0.0,0.0,0,16,2.0,100,28.6139,77.209
2025-03-11T06:00,19.7,75,21.2,0.0,0.0,0,2,0.7,90,28.6139,77.209
2025-03-11T07:00,20.8,70,22.1,0.0,0.0,0,0,2.1,105,28.6139,77.209
2025-03-11T08:00,23.7,56,24.7,0.0,0.0,0,3,3.2,146,28.6139,77.209
2025-03-11T09:00,27.2,42,27.8,0.0,0.0,1,31,2.7,113,28.6139,77.209
2025-03-11T10:00,30.1,32,30.4,0.0,0.0,1,31,2.9,112,28.6139,77.209
2025-03-11T11:00,32.2,26,33.4,0.0,0.0,1,42,1.3,135,28.6139,77.209
2025-03-11T12:00,33.6,23,35.1,0.0,0.0,3,98,1.3,172,28.6139,77.209
2025-03-11T13:00,34.3,22,35.0,0.0,0.0,3,100,3.2,232,28.6139,77.209
2025-03-11T14:00,34.3,22,33.7,0.0,0.0,3,99,4.8,255,28.6139,77.209
2025-03-11T15:00,34.4,21,33.3,0.0,0.0,3,84,5.4,270,28.6139,77.209
2025-03-11T16:00,34.0,21,32.8,0.0,0.0,3,100,5.7,279,28.6139,77.209
2025-03-11T17:00,32.6,24,31.5,0.0,0.0,3,96,6.4,322,28.6139,77.209
2025-03-11T18:00,29.8,35,29.8,0.0,0.0,3,100,6.0,357,28.6139,77.209
2025-03-11T19:00,28.8,39,29.0,0.0,0.0,3,99,5.4,360,28.6139,77.209
2025-03-11T20:00,27.5,49,28.4,0.0,0.0,3,100,7.1,7,28.6139,77.209
2025-03-11T21:00,26.3,54,27.8,0.0,0.0,3,94,4.8,349,28.6139,77.209
2025-03-11T22:00,25.3,59,27.1,0.0,0.0,1,28,3.6,330,28.6139,77.209
2025-03-11T23:00,24.4,60,26.0,0.0,0.0,0,7,3.7,313,28.6139,77.209
2025-03-12T00:00,23.7,62,25.1,0.0,0.0,3,100,4.6,288,28.6139,77.209
2025-03-12T01:00,22.9,64,24.0,0.0,0.0,0,2,6.5,268,28.6139,77.209
2025-03-12T02:00,22.0,68,23.1,0.0,0.0,0,3,6.1,284,28.6139,77.209
2025-03-12T03:00,21.3,72,22.4,0.0,0.0,0,16,5.8,292,28.6139,77.209
2025-03-12T04:00,20.7,74,21.8,0.0,0.0,0,3,5.8,296,28.6139,77.209
2025-03-12T05:00,20.4,73,21.3,0.0,0.0,0,0,5.6,299,28.6139,77.209
2025-03-12T06:00,19.8,79,20.9,0.0,0.0,1,27,6.5,293,28.6139,77.209
2025-03-12T07:00,20.7,75,21.6,0.0,0.0,0,7,8.0,286,28.6139,77.209
2025-03-12T08:00,22.9,66,24.1,0.0,0.0,1,36,6.8,292,28.6139,77.209
2025-03-12T09:00,26.0,52,26.7,0.0,0.0,1,36,7.6,304,28.6139,77.209
2025-03-12T10:00,28.8,39,28.6,0.0,0.0,3,95,10.8,313,28.6139,77.209
2025-03-12T11:00,30.5,32,30.4,0.0,0.0,3,96,11.1,310,28.6139,77.209
2025-03-12T12:00,31.8,28,31.9,0.0,0.0,2,51,10.4,298,28.6139,77.209
2025-03-12T13:00,32.8,25,32.7,0.0,0.0,2,57,11.1,286,28.6139,77.209
2025-03-12T14:00,32.9,25,32.3,0.0,0.0,2,60,12.0,289,28.6139,77.209
2025-03-12T15:00,32.7,25,31.2,0.0,0.0,3,99,12.2,294,28.6139,77.209
2025-03-12T16:00,31.8,27,30.2,0.0,0.0,3,92,11.7,299,28.6139,77.209
2025-03-12T17:00,30.7,30,29.5,0.0,0.0,3,100,10.2,307,28.6139,77.209
2025-03-12T18:00,29.3,37,29.2,0.0,0.0,3,99,7.5,314,28.6139,77.209
2025-03-12T19:00,28.4,42,28.9,0.0,0.0,3,100,6.0,327,28.6139,77.209
2025-03-12T20:00,27.1,47,28.2,0.0,0.0,2,62,3.7,321,28.6139,77.209
2025-03-12T21:00,26.2,50,27.3,0.0,0.0,3,100,3.5,305,28.6139,77.209
2025-03-12T22:00,25.5,51,26.3,0.0,0.0,3,94,4.4,289,28.6139,77.209
2025-03-12T23:00,25.0,52,25.6,0.0,0.0,3,100,5.0,316,28.6139,77.209
2025-03-13T00:00,23.9,54,24.6,0.0,0.0,3,83,4.4,348,28.6139,77.209
2025-03-13T01:00,23.1,56,23.6,0.0,0.0,3,89,4.7,9,28.6139,77.209
2025-03-13T02:00,22.6,57,23.1,0.0,0.0,3,95,4.5,5,28.6139,77.209
2025-03-13T03:00,22.5,58,23.3,0.0,0.0,2,68,1.9,338,28.6139,77.209
2025-03-13T04:00,21.8,58,22.2,0.0,0.0,3,100,3.9,227,28.6139,77.209
2025-03-13T05:00,21.5,58,21.8,0.0,0.0,2,56,4.6,257,28.6139,77.209
2025-03-13T06:00,21.0,71,22.2,0.0,0.0,2,77,4.9,270,28.6139,77.209
2025-03-13T07:00,21.4,69,22.4,0.0,0.0,0,14,6.0,275,28.6139,77.209
2025-03-13T08:00,23.4,63,24.7,0.0,0.0,0,6,4.3,268,28.6139,77.209
2025-03-13T09:00,26.2,53,27.5,0.0,0.0,2,58,3.8,281,28.6139,77.209
2025-03-13T10:00,28.3,44,29.3,0.0,0.0,0,10,3.9,292,28.6139,77.209
2025-03-13T11:00,26.4,51,26.3,0.0,0.0,0,0,14.8,354,28.6139,77.209
2025-03-13T12:00,29.6,36,31.4,0.0,0.0,0,0,4.9,54,28.6139,77.209
2025-03-13T13:00,31.2,32,33.3,0.0,0.0,0,17,3.3,112,28.6139,77.209
2025-03-13T14:00,32.0,31,33.1,0.0,0.0,0,4,6.3,207,28.6139,77.209
2025-03-13T15:00,31.0,33,30.6,0.3,0.3,51,43,11.2,221,28.6139,77.209
2025-03-13T16:00,30.5,33,30.4,0.0,0.0,2,59,5.6,201,28.6139,77.209
2025-03-13T17:00,22.5,72,23.1,5.6,5.6,63,96,12.9,289,28.6139,77.209
2025-03-13T18:00,26.3,54,27.9,0.0,0.0,0,6,4.0,27,28.6139,77.209
2025-03-13T19:00,25.5,54,26.6,0.0,0.0,0,5,5.4,40,28.6139,77.209
2025-03-13T20:00,24.4,58,25.6,0.0,0.0,0,0,4.8,59,28.6139,77.209
2025-03-13T21:00,23.9,58,24.8,0.0,0.0,0,1,5.1,18,28.6139,77.209
2025-03-13T22:00,23.3,62,24.6,0.0,0.0,0,0,4.1,34,28.6139,77.209
2025-03-13T23:00,22.8,62,23.9,0.0,0.0,0,0,4.0,36,28.6139,77.209
2025-03-14T00:00,22.1,65,23.1,0.0,0.0,0,13,4.7,32,28.6139,77.209
2025-03-14T01:00,21.9,64,22.8,0.0,0.0,3,90,3.9,47,28.6139,77.209
2025-03-14T02:00,21.1,66,22.1,0.0,0.0,3,99,3.7,47,28.6139,77.209
2025-03-14T03:00,20.5,68,21.5,0.0,0.0,3,96,3.0,52,28.6139,77.209
2025-03-14T04:00,19.6,71,20.3,0.0,0.0,3,86,4.2,162,28.6139,77.209
2025-03-14T05:00,19.0,75,19.9,0.0,0.0,2,78,3.5,168,28.6139,77.209
2025-03-14T06:00,19.5,83,21.2,0.0,0.0,0,12,3.3,209,28.6139,77.209
2025-03-14T07:00,20.4,79,22.0,0.0,0.0,0,0,4.8,209,28.6139,77.209
2025-03-14T08:00,23.3,70,25.6,0.0,0.0,0,0,2.3,180,28.6139,77.209
2025-03-14T09:00,26.5,55,28.4,0.0,0.0,0,0,3.2,164,28.6139,77.209
2025-03-14T10:00,28.9,44,30.4,0.0,0.0,0,0,5.5,161,28.6139,77.209
2025-03-14T11:00,30.7,37,32.6,0.0,0.0,0,2,5.8,164,28.6139,77.209
2025-03-14T12:00,32.1,26,33.2,0.0,0.0,1,25,5.2,168,28.6139,77.209
2025-03-14T13:00,32.8,22,33.1,0.0,0.0,1,31,6.3,160,28.6139,77.209
2025-03-14T14:00,33.0,20,32.2,0.0,0.0,1,24,7.1,173,28.6139,77.209
2025-03-14T15:00,33.2,19,30.9,0.0,0.0,3,98,9.4,211,28.6139,77.209
2025-03-14T16:00,31.7,21,28.8,0.0,0.0,3,95,13.6,229,28.6139,77.209
2025-03-14T17:00,30.4,26,29.0,0.0,0.0,3,82,7.7,240,28.6139,77.209
2025-03-14T18:00,28.0,41,28.5,0.0,0.0,2,54,4.6,318,28.6139,77.209
2025-03-14T19:00,27.3,49,28.6,0.0,0.0,2,50,3.4,335,28.6139,77.209
2025-03-14T20:00,26.3,42,25.4,0.0,0.0,2,76,11.1,32,28.6139,77.209
2025-03-14T21:00,24.2,58,24.9,0.0,0.0,2,57,7.5,350,28.6139,77.209
2025-03-14T22:00,22.9,61,22.9,0.0,0.0,0,3,10.8,53,28.6139,77.209
2025-03-14T23:00,22.6,59,22.7,0.0,0.0,2,55,8.8,46,28.6139,77.209
2025-03-15T00:00,21.7,64,21.7,0.1,0.1,51,57,10.2,30,28.6139,77.209
2025-03-15T01:00,20.9,66,20.7,0.0,0.0,0,6,10.2,48,28.6139,77.209
2025-03-15T02:00,20.3,66,20.3,0.0,0.0,0,13,8.0,70,28.6139,77.209
2025-03-15T03:00,19.9,66,20.2,0.0,0.0,0,4,5.7,44,28.6139,77.209
2025-03-15T04:00,19.6,65,19.4,0.0,0.0,0,3,7.2,37,28.6139,77.209
2025-03-15T05:00,19.0,66,18.9,0.0,0.0,0,2,5.7,58,28.6139,77.209
2025-03-15T06:00,19.1,71,18.0,0.0,0.0,0,1,15.0,32,28.6139,77.209
2025-03-15T07:00,19.5,68,18.8,0.0,0.0,0,18,12.5,40,28.6139,77.209
2025-03-15T08:00,20.9,63,20.6,0.0,0.0,1,27,10.1,46,28.6139,77.209
2025-03-15T09:00,23.0,55,22.5,0.0,0.0,3,97,10.7,49,28.6139,77.209
2025-03-15T10:00,25.4,46,25.0,0.0,0.0,3,97,10.9,66,28.6139,77.209
2025-03-15T11:00,27.2,42,27.6,0.0,0.0,3,100,10.3,79,28.6139,77.209
2025-03-15T12:00,28.8,40,29.6,0.0,0.0,3,100,10.1,101,28.6139,77.209
2025-03-15T13:00,30.2,36,31.0,0.0,0.0,3,100,10.1,119,28.6139,77.209
2025-03-15T14:00,30.3,38,31.3,0.4,0.4,51,95,8.6,144,28.6139,77.209
2025-03-15T15:00,30.3,38,30.7,0.0,0.0,3,92,6.8,145,28.6139,77.209
2025-03-15T16:00,29.6,36,29.3,0.0,0.0,1,20,8.3,198,28.6139,77.209
2025-03-15T17:00,28.9,38,29.2,0.0,0.0,0,3,4.5,194,28.6139,77.209
2025-03-15T18:00,26.6,52,28.1,0.0,0.0,0,1,3.8,239,28.6139,77.209
2025-03-15T19:00,25.9,51,26.8,0.0,0.0,0,0,4.8,312,28.6139,77.209
2025-03-15T20:00,24.6,57,24.6,0.0,0.0,0,0,12.3,353,28.6139,77.209
2025-03-15T21:00,23.2,62,23.4,0.0,0.0,0,1,11.2,357,28.6139,77.209
2025-03-15T22:00,22.4,63,22.4,0.0,0.0,0,1,10.4,9,28.6139,77.209
2025-03-15T23:00,21.6,64,21.5,0.0,0.0,0,0,10.3,7,28.6139,77.209
2025-03-16T00:00,20.8,66,20.8,0.0,0.0,0,0,9.0,354,28.6139,77.209
2025-03-16T01:00,20.2,67,20.2,0.0,0.0,0,0,9.0,347,28.6139,77.209
2025-03-16T02:00,19.4,70,19.4,0.0,0.0,0,1,8.3,358,28.6139,77.209
2025-03-16T03:00,18.9,72,19.1,0.0,0.0,0,3,6.6,344,28.6139,77.209
2025-03-16T04:00,18.3,74,18.8,0.0,0.0,0,4,4.7,342,28.6139,77.209
2025-03-16T05:00,18.0,73,17.9,0.1,0.1,51,15,7.1,330,28.6139,77.209
2025-03-16T06:00,19.2,73,19.7,0.0,0.0,0,9,5.9,322,28.6139,77.209
2025-03-16T07:00,19.7,70,19.9,0.0,0.0,0,0,7.0,299,28.6139,77.209
2025-03-16T08:00,21.5,63,22.1,0.0,0.0,0,1,4.9,321,28.6139,77.209
2025-03-16T09:00,23.0,57,23.3,0.0,0.0,0,0,6.1,5,28.6139,77.209
2025-03-16T10:00,25.5,49,26.7,0.0,0.0,0,0,4.1,23,28.6139,77.209
2025-03-16T11:00,27.4,42,29.2,0.0,0.0,0,1,4.1,41,28.6139,77.209
2025-03-16T12:00,29.0,32,30.7,0.0,0.0,0,16,2.9,356,28.6139,77.209
2025-03-16T13:00,29.9,24,29.8,0.0,0.0,1,26,6.8,287,28.6139,77.209
2025-03-16T14:00,29.7,23,27.6,0.0,0.0,0,5,12.2,286,28.6139,77.209
2025-03-16T15:00,29.4,24,26.9,0.0,0.0,0,5,12.9,285,28.6139,77.209
2025-03-16T16:00,28.5,25,25.8,0.0,0.0,0,2,12.4,291,28.6139,77.209
2025-03-16T17:00,27.3,28,24.9,0.0,0.0,0,1,11.7,290,28.6139,77.209
2025-03-16T18:00,26.5,30,24.5,0.0,0.0,0,0,9.1,302,28.6139,77.209
2025-03-16T19:00,25.3,35,23.7,0.0,0.0,0,0,8.2,310,28.6139,77.209
2025-03-16T20:00,24.2,38,22.9,0.0,0.0,0,0,7.1,336,28.6139,77.209
2025-03-16T21:00,23.4,40,22.2,0.0,0.0,0,0,6.6,347,28.6139,77.209
2025-03-16T22:00,22.5,41,21.3,0.0,0.0,0,0,5.7,347,28.6139,77.209
2025-03-16T23:00,21.4,43,20.2,0.0,0.0,0,0,5.2,346,28.6139,77.209
2025-03-17T00:00,20.8,44,19.4,0.0,0.0,0,0,6.1,341,28.6139,77.209
2025-03-17T01:00,20.0,46,18.6,0.0,0.0,0,0,6.0,351,28.6139,77.209
2025-03-17T02:00,19.2,49,17.9,0.0,0.0,0,0,5.4,345,28.6139,77.209
2025-03-17T03:00,18.6,51,17.4,0.0,0.0,0,0,5.2,344,28.6139,77.209
2025-03-17T04:00,17.7,57,16.8,0.0,0.0,1,36,4.5,337,28.6139,77.209
2025-03-17T05:00,17.6,56,16.5,0.0,0.0,3,91,4.7,288,28.6139,77.209
2025-03-17T06:00,18.6,76,19.5,0.0,0.0,0,0,3.3,283,28.6139,77.209
2025-03-17T07:00,19.3,72,19.7,0.0,0.0,0,0,6.3,267,28.6139,77.209
2025-03-17T08:00,21.0,64,21.4,0.0,0.0,0,0,6.0,277,28.6139,77.209
2025-03-17T09:00,23.5,54,23.7,0.0,0.0,0,0,6.6,291,28.6139,77.209
2025-03-17T10:00,25.9,42,25.7,0.0,0.0,0,3,8.2,306,28.6139,77.209
2025-03-17T11:00,27.3,32,26.5,0.0,0.0,0,15,11.3,303,28.6139,77.209
2025-03-17T12:00,27.9,28,26.6,0.0,0.0,0,14,13.2,302,28.6139,77.209
2025-03-17T13:00,28.2,28,26.8,0.0,0.0,0,4,14.0,306,28.6139,77.209
2025-03-17T14:00,28.3,29,26.8,0.0,0.0,0,18,14.0,302,28.6139,77.209
2025-03-17T15:00,27.9,29,25.7,0.0,0.0,0,4,14.0,302,28.6139,77.209
2025-03-17T16:00,27.4,30,25.0,0.0,0.0,0,4,13.4,311,28.6139,77.209
2025-03-17T17:00,26.4,32,24.2,0.0,0.0,0,0,12.5,314,28.6139,77.209
2025-03-17T18:00,25.6,33,23.6,0.0,0.0,0,1,10.1,299,28.6139,77.209
2025-03-17T19:00,24.5,38,23.2,0.0,0.0,0,2,7.3,306,28.6139,77.209
2025-03-17T20:00,23.6,41,22.5,0.0,0.0,0,0,6.2,303,28.6139,77.209
2025-03-17T21:00,22.7,43,21.8,0.0,0.0,0,0,4.9,294,28.6139,77.209
2025-03-17T22:00,22.3,44,21.2,0.0,0.0,0,0,5.9,293,28.6139,77.209
2025-03-17T23:00,21.2,47,20.3,0.0,0.0,0,0,5.2,297,28.6139,77.209
2025-03-18T00:00,20.2,51,19.3,0.0,0.0,0,0,4.8,301,28.6139,77.209
2025-03-18T01:00,19.7,52,18.7,0.0,0.0,0,0,5.6,318,28.6139,77.209
2025-03-18T02:00,18.7,55,17.8,0.0,0.0,0,0,5.5,293,28.6139,77.209
2025-03-18T03:00,18.1,57,17.0,0.0,0.0,0,0,6.4,292,28.6139,77.209
2025-03-18T04:00,17.6,59,16.3,0.0,0.0,0,0,7.4,296,28.6139,77.209
2025-03-18T05:00,17.1,60,15.8,0.0,0.0,0,8,7.2,302,28.6139,77.209
2025-03-18T06:00,17.6,73,17.7,0.0,0.0,0,0,4.8,295,28.6139,77.209
2025-03-18T07:00,18.6,68,18.5,0.0,0.0,0,0,6.4,252,28.6139,77.209
2025-03-18T08:00,20.8,59,20.6,0.0,0.0,0,0,5.9,282,28.6139,77.209
2025-03-18T09:00,23.5,47,22.9,0.0,0.0,0,0,7.4,292,28.6139,77.209
2025-03-18T10:00,26.2,35,25.0,0.0,0.0,0,0,10.8,312,28.6139,77.209
2025-03-18T11:00,27.8,29,27.0,0.0,0.0,0,0,11.3,317,28.6139,77.209
2025-03-18T12:00,28.9,26,28.3,0.0,0.0,0,0,11.2,319,28.6139,77.209
2025-03-18T13:00,29.6,24,28.9,0.0,0.0,0,0,11.3,316,28.6139,77.209
2025-03-18T14:00,29.9,23,28.6,0.0,0.0,0,0,11.4,307,28.6139,77.209
2025-03-18T15:00,29.7,23,27.5,0.0,0.0,0,0,11.8,299,28.6139,77.209
2025-03-18T16:00,29.0,25,26.5,0.0,0.0,0,0,11.5,292,28.6139,77.209
2025-03-18T17:00,27.9,28,25.7,0.0,0.0,0,0,11.0,280,28.6139,77.209
2025-03-18T18:00,26.8,33,25.3,0.0,0.0,0,0,8.8,281,28.6139,77.209
2025-03-18T19:00,25.5,39,24.5,0.0,0.0,0,0,7.9,270,28.6139,77.209
2025-03-18T20:00,24.3,43,23.5,0.0,0.0,0,0,7.1,280,28.6139,77.209
2025-03-18T21:00,23.4,44,22.7,0.0,0.0,0,0,5.5,281,28.6139,77.209
2025-03-18T22:00,22.6,44,21.8,0.0,0.0,0,10,4.8,285,28.6139,77.209
2025-03-18T23:00,22.3,43,21.3,0.0,0.0,1,42,5.3,278,28.6139,77.209
2025-03-19T00:00,22.1,42,20.8,0.0,0.0,0,7,5.8,292,28.6139,77.209
2025-03-19T01:00,21.0,46,19.9,0.0,0.0,0,4,5.6,303,28.6139,77.209
2025-03-19T02:00,19.7,52,18.9,0.0,0.0,1,34,4.8,290,28.6139,77.209
2025-03-19T03:00,18.9,55,18.2,0.0,0.0,3,95,4.3,268,28.6139,77.209
2025-03-19T04:00,18.3,58,17.7,0.0,0.0,3,97,3.8,262,28.6139,77.209
2025-03-19T05:00,17.8,61,17.3,0.0,0.0,2,69,3.6,267,28.6139,77.209
2025-03-19T06:00,17.7,68,17.7,0.0,0.0,0,0,4.1,241,28.6139,77.209
2025-03-19T07:00,19.0,63,18.5,0.0,0.0,0,0,6.7,262,28.6139,77.209
2025-03-19T08:00,22.1,51,21.8,0.0,0.0,0,0,5.0,270,28.6139,77.209
2025-03-19T09:00,25.7,39,25.1,0.0,0.0,0,0,5.2,268,28.6139,77.209
2025-03-19T10:00,28.4,28,27.6,0.0,0.0,0,0,6.5,298,28.6139,77.209
2025-03-19T11:00,30.2,22,29.6,0.0,0.0,0,0,7.5,310,28.6139,77.209
2025-03-19T12:00,31.5,19,30.8,0.0,0.0,0,0,8.7,315,28.6139,77.209
2025-03-19T13:00,32.1,18,31.3,0.0,0.0,0,2,9.4,317,28.6139,77.209
2025-03-19T14:00,32.3,17,30.7,0.0,0.0,1,23,10.6,313,28.6139,77.209
2025-03-19T15:00,31.8,18,29.1,0.0,0.0,0,15,11.1,313,28.6139,77.209
2025-03-19T16:00,30.8,22,28.1,0.0,0.0,0,17,11.9,319,28.6139,77.209
2025-03-19T17:00,29.6,26,27.6,0.0,0.0,0,3,10.7,319,28.6139,77.209
2025-03-19T18:00,28.9,23,26.7,0.0,0.0,0,0,8.1,331,28.6139,77.209
2025-03-19T19:00,27.5,29,26.1,0.0,0.0,0,0,5.1,342,28.6139,77.209
2025-03-19T20:00,25.9,34,25.0,0.0,0.0,0,1,4.5,34,28.6139,77.209
2025-03-19T21:00,24.9,36,24.1,0.0,0.0,0,0,2.9,97,28.6139,77.209
2025-03-19T22:00,24.6,35,23.8,0.0,0.0,0,0,1.8,135,28.6139,77.209
2025-03-19T23:00,24.0,35,23.0,0.0,0.0,0,0,2.3,39,28.6139,77.209
2025-03-20T00:00,23.1,37,21.9,0.0,0.0,0,0,3.6,27,28.6139,77.209
2025-03-20T01:00,22.3,38,21.0,0.0,0.0,0,0,4.4,19,28.6139,77.209
2025-03-20T02:00,21.0,41,19.7,0.0,0.0,0,0,4.6,11,28.6139,77.209
2025-03-20T03:00,20.2,44,19.1,0.0,0.0,0,0,3.5,35,28.6139,77.209
2025-03-20T04:00,19.6,45,18.4,0.0,0.0,0,0,3.6,45,28.6139,77.209
2025-03-20T05:00,19.1,46,17.8,0.0,0.0,0,0,3.4,32,28.6139,77.209
2025-03-20T06:00,20.6,62,21.4,0.0,0.0,0,0,0.4,297,28.6139,77.209
2025-03-20T07:00,21.6,55,21.9,0.0,0.0,0,0,2.2,305,28.6139,77.209
2025-03-20T08:00,24.0,47,24.3,0.0,0.0,0,0,1.9,311,28.6139,77.209
2025-03-20T09:00,27.5,35,27.5,0.0,0.0,0,0,1.4,310,28.6139,77.209
2025-03-20T10:00,30.3,22,29.3,0.0,0.0,0,0,4.2,317,28.6139,77.209
2025-03-20T11:00,31.8,17,30.9,0.0,0.0,0,0,6.6,311,28.6139,77.209
2025-03-20T12:00,32.9,15,31.5,0.0,0.0,0,6,9.8,313,28.6139,77.209
2025-03-20T13:00,33.0,14,31.0,0.0,0.0,0,11,11.9,321,28.6139,77.209
2025-03-20T14:00,32.6,15,30.2,0.0,0.0,0,10,11.4,319,28.6139,77.209
2025-03-20T15:00,32.1,17,29.2,0.0,0.0,0,14,11.3,321,28.6139,77.209
2025-03-20T16:00,31.4,18,27.9,0.0,0.0,0,7,13.9,318,28.6139,77.209
2025-03-20T17:00,30.1,21,26.9,0.0,0.0,0,0,13.7,315,28.6139,77.209
2025-03-20T18:00,29.1,19,26.3,0.0,0.0,0,0,8.0,344,28.6139,77.209
2025-03-20T19:00,27.3,23,25.3,0.0,0.0,0,0,4.0,321,28.6139,77.209
2025-03-20T20:00,26.4,29,24.7,0.0,0.0,0,0,5.8,274,28.6139,77.209
2025-03-20T21:00,25.2,39,24.3,0.0,0.0,0,0,6.7,265,28.6139,77.209
2025-03-20T22:00,24.6,41,23.4,0.0,0.0,0,4,8.7,292,28.6139,77.209
2025-03-20T23:00,23.6,37,21.9,0.0,0.0,0,0,8.2,319,28.6139,77.209
2025-03-21T00:00,22.7,35,20.8,0.0,0.0,0,0,6.3,333,28.6139,77.209
2025-03-21T01:00,21.8,36,19.9,0.0,0.0,0,0,5.5,343,28.6139,77.209
2025-03-21T02:00,21.3,37,19.4,0.0,0.0,0,0,5.6,338,28.6139,77.209
2025-03-21T03:00,20.6,39,18.8,0.0,0.0,0,0,5.6,335,28.6139,77.209
2025-03-21T04:00,20.2,40,18.4,0.0,0.0,0,0,6.0,331,28.6139,77.209
2025-03-21T05:00,19.9,41,17.9,0.0,0.0,0,0,6.5,336,28.6139,77.209
2025-03-21T06:00,19.4,60,18.9,0.0,0.0,0,0,6.0,291,28.6139,77.209
2025-03-21T07:00,20.4,57,19.9,0.0,0.0,0,0,7.0,293,28.6139,77.209
2025-03-21T08:00,22.5,50,22.1,0.0,0.0,0,0,5.6,292,28.6139,77.209
2025-03-21T09:00,25.1,42,24.6,0.0,0.0,0,0,6.1,298,28.6139,77.209
2025-03-21T10:00,27.7,34,27.4,0.0,0.0,0,0,7.4,311,28.6139,77.209
2025-03-21T11:00,30.0,24,29.3,0.0,0.0,0,0,10.2,323,28.6139,77.209
2025-03-21T12:00,31.5,18,30.0,0.0,0.0,0,14,12.6,324,28.6139,77.209
2025-03-21T13:00,31.9,16,29.6,0.0,0.0,0,19,13.8,319,28.6139,77.209
2025-03-21T14:00,32.0,15,28.9,0.0,0.0,0,16,15.1,310,28.6139,77.209
2025-03-21T15:00,31.6,15,27.9,0.0,0.0,0,1,15.5,306,28.6139,77.209
2025-03-21T16:00,30.9,17,27.0,0.0,0.0,0,1,15.4,305,28.6139,77.209
2025-03-21T17:00,29.7,20,26.2,0.0,0.0,0,5,14.1,301,28.6139,77.209
2025-03-21T18:00,28.4,23,25.6,0.0,0.0,0,0,10.4,293,28.6139,77.209
2025-03-21T19:00,26.9,27,24.7,0.0,0.0,0,0,9.2,290,28.6139,77.209
2025-03-21T20:00,25.7,30,23.9,0.0,0.0,0,0,7.1,286,28.6139,77.209
2025-03-21T21:00,24.6,32,22.6,0.0,0.0,0,0,7.8,292,28.6139,77.209
2025-03-21T22:00,23.5,33,21.5,0.0,0.0,0,0,7.0,299,28.6139,77.209
2025-03-21T23:00,22.8,34,20.8,0.0,0.0,0,0,6.9,300,28.6139,77.209
2025-03-22T00:00,21.7,36,19.9,0.0,0.0,0,0,5.3,308,28.6139,77.209
2025-03-22T01:00,21.0,37,19.2,0.0,0.0,0,0,4.7,286,28.6139,77.209
2025-03-22T02:00,20.6,39,19.0,0.0,0.0,0,0,3.9,304,28.6139,77.209
2025-03-22T03:00,20.1,38,17.9,0.0,0.0,0,0,7.1,255,28.6139,77.209
2025-03-22T04:00,18.6,44,16.7,0.0,0.0,0,0,6.1,256,28.6139,77.209
2025-03-22T05:00,18.0,46,16.0,0.0,0.0,0,0,6.9,239,28.6139,77.209
2025-03-22T06:00,19.4,52,18.3,0.0,0.0,0,0,6.3,257,28.6139,77.209
2025-03-22T07:00,20.7,48,19.3,0.0,0.0,0,0,8.0,250,28.6139,77.209
2025-03-22T08:00,23.1,41,22.0,0.0,0.0,0,1,5.6,291,28.6139,77.209
2025-03-22T09:00,26.2,33,25.0,0.0,0.0,0,0,6.1,268,28.6139,77.209
2025-03-22T10:00,28.9,27,27.8,0.0,0.0,0,1,7.9,270,28.6139,77.209
2025-03-22T11:00,30.5,23,29.5,0.0,0.0,0,3,10.5,277,28.6139,77.209
2025-03-22T12:00,31.3,20,29.3,0.0,0.0,1,42,16.1,300,28.6139,77.209
2025-03-22T13:00,30.8,20,28.9,0.0,0.0,1,39,13.1,307,28.6139,77.209
2025-03-22T14:00,31.2,19,28.7,0.0,0.0,0,11,14.5,301,28.6139,77.209
2025-03-22T15:00,31.2,19,28.1,0.0,0.0,1,20,14.2,303,28.6139,77.209
2025-03-22T16:00,30.9,19,27.5,0.0,0.0,0,18,14.2,309,28.6139,77.209
2025-03-22T17:00,29.6,20,26.2,0.0,0.0,0,5,13.4,321,28.6139,77.209
2025-03-22T18:00,28.5,22,25.7,0.0,0.0,0,0,10.7,318,28.6139,77.209
2025-03-22T19:00,26.9,27,25.2,0.0,0.0,0,0,5.5,316,28.6139,77.209
2025-03-22T20:00,25.4,34,24.3,0.0,0.0,0,0,4.3,315,28.6139,77.209
2025-03-22T21:00,24.5,39,23.9,0.0,0.0,0,0,3.5,332,28.6139,77.209
2025-03-22T22:00,23.6,40,22.7,0.0,0.0,0,0,4.7,358,28.6139,77.209
2025-03-22T23:00,22.9,43,22.1,0.0,0.0,0,0,4.6,21,28.6139,77.209
2025-03-23T00:00,22.3,44,21.5,0.0,0.0,0,0,4.3,57,28.6139,77.209
2025-03-23T01:00,21.5,46,20.9,0.0,0.0,0,0,3.0,107,28.6139,77.209
2025-03-23T02:00,20.5,49,20.0,0.0,0.0,0,0,2.2,156,28.6139,77.209
2025-03-23T03:00,19.8,51,19.2,0.0,0.0,0,0,2.2,194,28.6139,77.209
2025-03-23T04:00,18.9,53,18.2,0.0,0.0,0,0,3.2,214,28.6139,77.209
2025-03-23T05:00,18.5,54,17.7,0.0,0.0,0,0,3.4,196,28.6139,77.209
2025-03-23T06:00,18.6,62,18.4,0.0,0.0,0,0,3.4,177,28.6139,77.209
2025-03-23T07:00,20.8,52,20.3,0.0,0.0,0,0,4.7,164,28.6139,77.209
2025-03-23T08:00,24.1,41,23.9,0.0,0.0,0,0,1.9,163,28.6139,77.209
2025-03-23T09:00,27.3,31,26.4,0.0,0.0,0,0,3.8,185,28.6139,77.209
2025-03-23T10:00,29.3,25,28.3,0.0,0.0,0,0,6.5,180,28.6139,77.209
2025-03-23T11:00,30.4,23,30.0,0.0,0.0,0,0,7.4,187,28.6139,77.209
2025-03-23T12:00,31.3,21,31.2,0.0,0.0,0,0,7.5,195,28.6139,77.209
2025-03-23T13:00,32.1,19,32.0,0.0,0.0,0,0,6.5,212,28.6139,77.209
2025-03-23T14:00,32.6,18,31.9,0.0,0.0,0,0,6.5,236,28.6139,77.209
2025-03-23T15:00,32.7,17,30.8,0.0,0.0,0,0,7.8,266,28.6139,77.209
2025-03-23T16:00,32.3,17,29.4,0.0,0.0,0,0,9.3,280,28.6139,77.209
2025-03-23T17:00,31.1,17,28.1,0.0,0.0,0,0,10.3,277,28.6139,77.209
2025-03-23T18:00,29.7,21,27.2,0.0,0.0,0,0,8.3,286,28.6139,77.209
2025-03-23T19:00,28.3,23,26.3,0.0,0.0,0,0,5.6,329,28.6139,77.209
2025-03-23T20:00,27.0,27,25.5,0.0,0.0,0,0,4.2,5,28.6139,77.209
2025-03-23T21:00,25.8,30,24.5,0.0,0.0,0,0,3.4,96,28.6139,77.209
2025-03-23T22:00,25.2,32,23.7,0.0,0.0,0,0,5.2,117,28.6139,77.209
2025-03-23T23:00,24.1,37,23.3,0.0,0.0,0,0,2.7,98,28.6139,77.209
2025-03-24T00:00,23.3,39,22.7,0.0,0.0,0,0,2.2,132,28.6139,77.209
2025-03-24T01:00,22.5,42,21.7,0.0,0.0,0,0,3.1,140,28.6139,77.209
2025-03-24T02:00,22.2,42,21.5,0.0,0.0,0,0,2.1,149,28.6139,77.209
2025-03-24T03:00,22.2,43,21.9,0.0,0.0,0,0,0.5,225,28.6139,77.209
2025-03-24T04:00,21.5,44,21.0,0.0,0.0,0,0,0.9,307,28.6139,77.209
2025-03-24T05:00,20.0,49,19.3,0.0,0.0,0,0,2.6,254,28.6139,77.209
2025-03-24T06:00,20.1,55,19.5,0.0,0.0,0,0,5.7,156,28.6139,77.209
2025-03-24T07:00,21.1,52,20.2,0.0,0.0,0,0,7.5,165,28.6139,77.209
2025-03-24T08:00,24.0,43,23.4,0.0,0.0,0,0,5.4,165,28.6139,77.209
2025-03-24T09:00,27.5,34,26.6,0.0,0.0,0,0,6.2,172,28.6139,77.209
2025-03-24T10:00,30.1,26,29.1,0.0,0.0,0,0,8.5,178,28.6139,77.209
2025-03-24T11:00,31.6,21,31.2,0.0,0.0,0,0,7.9,184,28.6139,77.209
2025-03-24T12:00,32.7,19,32.6,0.0,0.0,0,0,6.7,186,28.6139,77.209
2025-03-24T13:00,33.5,17,33.4,0.0,0.0,0,0,5.7,193,28.6139,77.209
2025-03-24T14:00,33.9,16,33.3,0.0,0.0,0,0,5.7,208,28.6139,77.209
2025-03-24T15:00,33.9,16,32.4,0.0,0.0,0,0,5.8,231,28.6139,77.209
2025-03-24T16:00,33.5,16,31.2,0.0,0.0,0,0,6.6,253,28.6139,77.209
2025-03-24T17:00,32.7,17,30.3,0.0,0.0,0,0,6.5,264,28.6139,77.209
2025-03-24T18:00,31.1,19,29.5,0.0,0.0,0,0,2.7,328,28.6139,77.209
2025-03-24T19:00,29.4,21,27.6,0.0,0.0,0,0,3.8,31,28.6139,77.209
2025-03-24T20:00,28.3,26,26.8,0.0,0.0,0,0,4.5,53,28.6139,77.209
2025-03-24T21:00,27.3,30,25.9,0.0,0.0,0,0,6.0,51,28.6139,77.209
2025-03-24T22:00,26.4,34,25.1,0.0,0.0,0,0,6.7,46,28.6139,77.209
2025-03-24T23:00,25.0,39,24.2,0.0,0.0,0,0,5.4,48,28.6139,77.209
2025-03-25T00:00,24.2,41,23.5,0.0,0.0,0,0,5.1,82,28.6139,77.209
2025-03-25T01:00,23.5,43,22.7,0.0,0.0,0,0,5.8,112,28.6139,77.209
2025-03-25T02:00,22.6,47,22.0,0.0,0.0,0,0,5.8,116,28.6139,77.209
2025-03-25T03:00,21.8,51,21.3,0.0,0.0,0,0,5.5,136,28.6139,77.209
2025-03-25T04:00,21.2,53,20.8,0.0,0.0,0,0,5.3,147,28.6139,77.209
2025-03-25T05:00,20.9,53,20.3,0.0,0.0,0,0,6.3,145,28.6139,77.209
2025-03-25T06:00,21.0,55,20.3,0.0,0.0,0,0,8.1,145,28.6139,77.209
2025-03-25T07:00,22.2,49,21.3,0.0,0.0,0,0,8.5,144,28.6139,77.209
2025-03-25T08:00,25.2,41,24.8,0.0,0.0,0,0,4.1,135,28.6139,77.209
2025-03-25T09:00,29.0,30,28.2,0.0,0.0,0,0,4.3,138,28.6139,77.209
2025-03-25T10:00,31.8,22,31.1,0.0,0.0,0,0,5.5,153,28.6139,77.209
2025-03-25T11:00,33.6,19,33.6,0.0,0.0,0,0,4.9,172,28.6139,77.209
2025-03-25T12:00,34.9,17,35.3,0.0,0.0,0,0,4.2,187,28.6139,77.209
2025-03-25T13:00,35.8,15,36.2,0.0,0.0,0,0,3.9,214,28.6139,77.209
2025-03-25T14:00,36.4,14,35.8,0.0,0.0,0,0,5.5,259,28.6139,77.209
2025-03-25T15:00,36.4,13,34.3,0.0,0.0,0,0,8.7,283,28.6139,77.209
2025-03-25T16:00,35.9,12,32.8,0.0,0.0,0,1,9.7,299,28.6139,77.209
2025-03-25T17:00,35.2,12,32.2,0.0,0.0,0,2,7.6,326,28.6139,77.209
2025-03-25T18:00,33.1,16,30.7,0.0,0.0,0,0,7.2,18,28.6139,77.209
2025-03-25T19:00,31.3,23,29.6,0.0,0.0,0,0,7.6,18,28.6139,77.209
2025-03-25T20:00,29.9,26,28.4,0.0,0.0,0,0,7.1,10,28.6139,77.209
2025-03-25T21:00,28.8,31,27.9,0.0,0.0,0,0,5.6,22,28.6139,77.209
2025-03-25T22:00,27.2,37,26.9,0.0,0.0,0,0,4.4,78,28.6139,77.209
2025-03-25T23:00,26.5,39,26.0,0.0,0.0,0,0,5.6,83,28.6139,77.209
2025-03-26T00:00,25.1,43,24.9,0.0,0.0,0,0,4.1,113,28.6139,77.209
2025-03-26T01:00,24.1,45,23.9,0.0,0.0,0,0,3.9,137,28.6139,77.209
2025-03-26T02:00,23.6,45,23.2,0.0,0.0,0,0,4.5,146,28.6139,77.209
2025-03-26T03:00,22.7,47,22.4,0.0,0.0,0,0,4.0,177,28.6139,77.209
2025-03-26T04:00,22.6,48,22.7,0.0,0.0,0,0,1.5,210,28.6139,77.209
2025-03-26T05:00,22.3,49,22.4,0.0,0.0,0,0,1.5,194,28.6139,77.209
2025-03-26T06:00,21.8,56,22.4,0.0,0.0,0,0,1.5,277,28.6139,77.209
2025-03-26T07:00,23.4,50,23.5,0.0,0.0,0,0,4.3,222,28.6139,77.209
2025-03-26T08:00,27.6,38,27.7,0.0,0.0,0,0,3.6,210,28.6139,77.209
2025-03-26T09:00,31.2,29,30.8,0.0,0.0,0,0,4.5,209,28.6139,77.209
2025-03-26T10:00,34.0,20,33.2,0.0,0.0,0,0,6.8,205,28.6139,77.209
2025-03-26T11:00,35.7,16,35.2,0.0,0.0,0,0,7.0,198,28.6139,77.209
2025-03-26T12:00,36.8,14,36.7,0.0,0.0,0,0,5.6,184,28.6139,77.209
2025-03-26T13:00,37.6,12,37.3,0.0,0.0,0,0,5.4,178,28.6139,77.209
2025-03-26T14:00,37.9,12,36.8,0.0,0.0,0,0,7.1,186,28.6139,77.209
2025-03-26T15:00,37.8,11,35.3,0.0,0.0,0,0,9.8,210,28.6139,77.209
2025-03-26T16:00,37.0,11,33.5,0.0,0.0,0,0,12.2,225,28.6139,77.209
2025-03-26T17:00,36.0,13,32.7,0.0,0.0,0,0,10.7,228,28.6139,77.209
2025-03-26T18:00,34.2,16,32.5,0.0,0.0,0,0,2.8,125,28.6139,77.209
2025-03-26T19:00,32.8,16,30.5,0.0,0.0,0,0,4.9,82,28.6139,77.209
2025-03-26T20:00,31.3,18,29.3,0.0,0.0,0,0,4.4,55,28.6139,77.209
2025-03-26T21:00,30.2,24,28.4,0.0,0.0,0,0,6.8,87,28.6139,77.209
2025-03-26T22:00,28.5,29,27.4,0.0,0.0,0,0,5.4,76,28.6139,77.209
2025-03-26T23:00,27.2,32,26.3,0.0,0.0,0,0,5.1,129,28.6139,77.209
2025-03-27T00:00,26.5,34,25.7,0.0,0.0,0,1,4.5,130,28.6139,77.209
2025-03-27T01:00,26.0,35,25.3,0.0,0.0,1,33,4.3,158,28.6139,77.209
2025-03-27T02:00,25.6,36,24.7,0.0,0.0,1,48,4.8,167,28.6139,77.209
2025-03-27T03:00,25.2,37,24.7,0.0,0.0,1,42,2.5,201,28.6139,77.209
2025-03-27T04:00,25.0,36,23.9,0.0,0.0,2,70,5.5,199,28.6139,77.209
2025-03-27T05:00,24.2,37,23.0,0.0,0.0,0,14,5.0,257,28.6139,77.209
2025-03-27T06:00,24.1,41,23.3,0.0,0.0,0,13,5.7,259,28.6139,77.209
2025-03-27T07:00,24.7,39,23.7,0.0,0.0,0,3,6.7,251,28.6139,77.209
2025-03-27T08:00,27.2,33,26.3,0.0,0.0,0,0,5.9,252,28.6139,77.209
2025-03-27T09:00,30.4,27,29.0,0.0,0.0,0,16,7.3,261,28.6139,77.209
2025-03-27T10:00,32.6,23,31.5,0.0,0.0,0,10,10.1,271,28.6139,77.209
2025-03-27T11:00,34.3,21,33.8,0.0,0.0,0,0,11.0,284,28.6139,77.209
2025-03-27T12:00,35.6,19,35.2,0.0,0.0,0,0,11.8,295,28.6139,77.209
2025-03-27T13:00,36.2,17,35.5,0.0,0.0,0,13,12.2,294,28.6139,77.209
2025-03-27T14:00,36.2,16,34.7,0.0,0.0,1,34,12.8,290,28.6139,77.209
2025-03-27T15:00,35.9,16,34.0,0.0,0.0,1,48,10.5,299,28.6139,77.209
2025-03-27T16:00,35.7,17,33.8,0.0,0.0,1,34,6.5,283,28.6139,77.209
2025-03-27T17:00,34.9,18,33.3,0.0,0.0,0,11,5.2,272,28.6139,77.209
2025-03-27T18:00,33.4,20,32.1,0.0,0.0,0,15,3.9,336,28.6139,77.209
2025-03-27T19:00,31.9,22,30.5,0.0,0.0,0,0,5.0,345,28.6139,77.209
2025-03-27T20:00,30.4,26,29.3,0.0,0.0,0,0,4.3,360,28.6139,77.209
2025-03-27T21:00,29.3,28,28.3,0.0,0.0,0,0,4.7,23,28.6139,77.209
2025-03-27T22:00,29.1,30,28.8,0.0,0.0,0,0,1.8,354,28.6139,77.209
2025-03-27T23:00,28.1,31,27.7,0.0,0.0,0,0,1.6,264,28.6139,77.209
2025-03-28T00:00,26.7,33,25.6,0.0,0.0,0,0,5.2,274,28.6139,77.209
2025-03-28T01:00,25.1,38,24.1,0.0,0.0,0,0,7.0,267,28.6139,77.209
2025-03-28T02:00,24.0,44,22.8,0.0,0.0,0,0,10.1,268,28.6139,77.209
2025-03-28T03:00,23.6,39,21.3,0.0,0.0,0,0,13.3,271,28.6139,77.209
2025-03-28T04:00,22.7,29,19.3,0.0,0.0,0,0,13.4,285,28.6139,77.209
2025-03-28T05:00,22.0,31,18.9,0.0,0.0,0,0,11.3,301,28.6139,77.209
2025-03-28T06:00,21.8,37,19.6,0.0,0.0,0,0,9.3,316,28.6139,77.209
2025-03-28T07:00,22.8,34,20.5,0.0,0.0,0,0,8.4,304,28.6139,77.209
2025-03-28T08:00,24.6,30,22.1,0.0,0.0,0,0,10.0,298,28.6139,77.209
2025-03-28T09:00,26.3,28,23.5,0.0,0.0,0,0,12.3,293,28.6139,77.209
2025-03-28T10:00,27.9,25,25.7,0.0,0.0,0,0,13.3,300,28.6139,77.209
2025-03-28T11:00,29.7,19,28.1,0.0,0.0,0,0,11.6,298,28.6139,77.209
2025-03-28T12:00,30.7,14,28.8,0.0,0.0,0,0,12.0,291,28.6139,77.209
2025-03-28T13:00,31.0,12,28.8,0.0,0.0,0,0,12.8,285,28.6139,77.209
2025-03-28T14:00,31.0,12,28.2,0.0,0.0,0,0,13.2,280,28.6139,77.209
2025-03-28T15:00,30.5,12,26.9,0.0,0.0,0,0,13.5,280,28.6139,77.209
2025-03-28T16:00,29.8,12,25.3,0.0,0.0,0,0,13.8,281,28.6139,77.209
2025-03-28T17:00,28.7,13,24.2,0.0,0.0,0,0,13.5,280,28.6139,77.209
2025-03-28T18:00,27.7,19,24.0,0.0,0.0,0,0,12.8,298,28.6139,77.209
2025-03-28T19:00,26.3,23,22.6,0.0,0.0,0,0,14.6,305,28.6139,77.209
2025-03-28T20:00,25.2,24,21.4,0.0,0.0,0,0,14.8,304,28.6139,77.209
2025-03-28T21:00,24.0,22,19.8,0.0,0.0,0,2,15.5,308,28.6139,77.209
2025-03-28T22:00,23.0,20,18.5,0.0,0.0,0,16,14.7,309,28.6139,77.209
2025-03-28T23:00,22.1,19,17.5,0.0,0.0,0,15,14.0,307,28.6139,77.209
2025-03-29T00:00,21.2,18,16.5,0.0,0.0,0,0,13.8,305,28.6139,77.209
2025-03-29T01:00,20.3,18,15.6,0.0,0.0,0,0,13.6,306,28.6139,77.209
2025-03-29T02:00,19.5,19,14.8,0.0,0.0,0,4,13.1,306,28.6139,77.209
2025-03-29T03:00,18.6,21,14.0,0.0,0.0,3,83,13.1,303,28.6139,77.209
2025-03-29T04:00,17.9,23,13.4,0.0,0.0,2,59,12.9,303,28.6139,77.209
2025-03-29T05:00,17.4,24,12.9,0.0,0.0,0,6,12.7,301,28.6139,77.209
2025-03-29T06:00,16.2,32,12.1,0.0,0.0,2,61,12.3,295,28.6139,77.209
2025-03-29T07:00,16.8,32,13.1,0.0,0.0,3,95,10.8,285,28.6139,77.209
2025-03-29T08:00,18.9,29,15.1,0.0,0.0,3,88,12.0,287,28.6139,77.209
2025-03-29T09:00,21.4,26,17.4,0.0,0.0,3,97,13.6,292,28.6139,77.209
2025-03-29T10:00,23.9,22,20.5,0.0,0.0,3,85,14.8,300,28.6139,77.209
2025-03-29T11:00,25.9,19,23.0,0.0,0.0,3,100,14.9,306,28.6139,77.209
2025-03-29T12:00,27.3,17,24.5,0.0,0.0,3,100,14.0,306,28.6139,77.209
2025-03-29T13:00,28.5,16,25.7,0.0,0.0,3,100,14.3,303,28.6139,77.209
2025-03-29T14:00,28.8,17,25.5,0.0,0.0,3,100,14.7,298,28.6139,77.209
2025-03-29T15:00,28.9,19,25.4,0.0,0.0,3,100,14.7,298,28.6139,77.209
2025-03-29T16:00,28.5,20,24.7,0.0,0.0,3,100,14.9,301,28.6139,77.209
2025-03-29T17:00,27.5,19,23.5,0.0,0.0,3,100,15.2,299,28.6139,77.209
2025-03-29T18:00,26.0,21,22.6,0.0,0.0,3,100,11.0,291,28.6139,77.209
2025-03-29T19:00,25.3,23,21.9,0.0,0.0,3,98,11.4,283,28.6139,77.209
2025-03-29T20:00,24.7,22,21.0,0.0,0.0,3,97,12.7,291,28.6139,77.209
2025-03-29T21:00,24.0,20,20.0,0.0,0.0,2,64,12.1,295,28.6139,77.209
2025-03-29T22:00,23.1,21,19.2,0.0,0.0,3,100,11.8,298,28.6139,77.209
2025-03-29T23:00,22.6,21,18.9,0.0,0.0,3,100,10.4,296,28.6139,77.209
2025-03-30T00:00,22.0,22,18.2,0.0,0.0,3,88,11.1,302,28.6139,77.209
2025-03-30T01:00,21.1,23,17.2,0.0,0.0,3,100,10.9,301,28.6139,77.209
2025-03-30T02:00,20.2,25,16.5,0.0,0.0,2,73,9.9,297,28.6139,77.209
2025-03-30T03:00,19.4,26,15.9,0.0,0.0,0,0,8.9,299,28.6139,77.209
2025-03-30T04:00,18.6,27,15.1,0.0,0.0,0,0,8.6,292,28.6139,77.209
2025-03-30T05:00,18.0,28,14.5,0.0,0.0,0,0,8.9,291,28.6139,77.209
2025-03-30T06:00,17.5,33,14.1,0.0,0.0,0,0,10.0,303,28.6139,77.209
2025-03-30T07:00,18.7,31,15.3,0.0,0.0,0,0,10.3,297,28.6139,77.209
2025-03-30T08:00,21.1,28,18.1,0.0,0.0,0,0,7.5,291,28.6139,77.209
2025-03-30T09:00,24.1,23,21.0,0.0,0.0,0,0,8.8,290,28.6139,77.209
2025-03-30T10:00,27.0,18,24.4,0.0,0.0,0,7,10.8,303,28.6139,77.209
2025-03-30T11:00,29.1,14,26.7,0.0,0.0,1,25,12.3,304,28.6139,77.209
2025-03-30T12:00,30.4,13,28.3,0.0,0.0,1,32,12.4,303,28.6139,77.209
2025-03-30T13:00,31.1,14,29.0,0.0,0.0,1,34,12.6,295,28.6139,77.209
2025-03-30T14:00,31.5,14,29.2,0.0,0.0,2,57,12.3,292,28.6139,77.209
2025-03-30T15:00,31.4,14,28.2,0.0,0.0,1,32,12.2,289,28.6139,77.209
2025-03-30T16:00,30.7,16,27.1,0.0,0.0,0,0,11.9,288,28.6139,77.209
2025-03-30T17:00,29.7,17,26.2,0.0,0.0,0,0,11.6,289,28.6139,77.209
2025-03-30T18:00,28.2,19,25.0,0.0,0.0,0,0,9.4,296,28.6139,77.209
2025-03-30T19:00,27.0,21,24.1,0.0,0.0,0,0,8.9,306,28.6139,77.209
2025-03-30T20:00,25.9,23,23.3,0.0,0.0,0,0,6.6,305,28.6139,77.209
2025-03-30T21:00,25.0,24,22.4,0.0,0.0,0,0,6.6,296,28.6139,77.209
2025-03-30T22:00,24.3,24,21.5,0.0,0.0,0,0,7.1,285,28.6139,77.209
2025-03-30T23:00,23.7,24,20.6,0.0,0.0,0,0,8.2,289,28.6139,77.209
2025-03-31T00:00,22.4,25,19.4,0.0,0.0,0,0,7.4,309,28.6139,77.209
2025-03-31T01:00,21.3,26,18.3,0.0,0.0,0,0,6.7,301,28.6139,77.209
2025-03-31T02:00,20.6,27,17.5,0.0,0.0,0,0,6.9,300,28.6139,77.209
2025-03-31T03:00,19.8,27,16.8,0.0,0.0,0,0,6.3,301,28.6139,77.209
2025-03-31T04:00,19.1,28,16.1,0.0,0.0,0,0,6.4,299,28.6139,77.209
2025-03-31T05:00,18.3,30,15.3,0.0,0.0,0,0,5.9,288,28.6139,77.209
2025-03-31T06:00,17.6,37,15.1,0.0,0.0,0,0,5.2,272,28.6139,77.209
2025-03-31T07:00,19.2,34,16.6,0.0,0.0,0,0,7.2,266,28.6139,77.209
2025-03-31T08:00,22.0,30,19.7,0.0,0.0,0,0,5.4,266,28.6139,77.209
2025-03-31T09:00,25.5,25,23.2,0.0,0.0,0,0,6.3,277,28.6139,77.209
2025-03-31T10:00,28.8,20,27.0,0.0,0.0,0,0,8.3,292,28.6139,77.209
2025-03-31T11:00,31.1,15,29.6,0.0,0.0,0,0,9.7,301,28.6139,77.209
2025-03-31T12:00,32.7,13,31.4,0.0,0.0,0,0,9.9,307,28.6139,77.209
2025-03-31T13:00,33.6,12,32.0,0.0,0.0,0,0,10.6,305,28.6139,77.209
2025-03-31T14:00,33.9,12,31.7,0.0,0.0,0,0,11.4,297,28.6139,77.209
2025-03-31T15:00,33.7,11,30.4,0.0,0.0,0,0,12.5,293,28.6139,77.209
2025-03-31T16:00,33.0,11,28.7,0.0,0.0,0,0,13.4,292,28.6139,77.209
2025-03-31T17:00,31.8,13,27.6,0.0,0.0,0,0,13.5,289,28.6139,77.209
2025-03-31T18:00,30.6,14,26.9,0.0,0.0,0,0,10.5,286,28.6139,77.209
2025-03-31T19:00,28.5,19,25.6,0.0,0.0,0,0,8.1,282,28.6139,77.209
2025-03-31T20:00,27.3,21,24.5,0.0,0.0,0,0,7.8,296,28.6139,77.209
2025-03-31T21:00,26.5,20,23.6,0.0,0.0,0,0,7.0,302,28.6139,77.209
2025-03-31T22:00,26.4,18,22.7,0.0,0.0,0,0,10.6,305,28.6139,77.209
2025-03-31T23:00,25.0,20,21.7,0.0,0.0,0,0,7.8,322,28.6139,77.209
2025-04-01T00:00,23.4,23,20.5,0.0,0.0,0,0,6.0,319,28.6139,77.209
2025-04-01T01:00,22.4,25,19.5,0.0,0.0,0,0,5.9,308,28.6139,77.209
2025-04-01T02:00,21.5,26,18.6,0.0,0.0,0,0,5.9,301,28.6139,77.209
2025-04-01T03:00,20.7,27,17.9,0.0,0.0,0,0,6.0,309,28.6139,77.209
2025-04-01T04:00,20.2,28,17.4,0.0,0.0,0,0,5.6,312,28.6139,77.209
2025-04-01T05:00,19.7,31,17.2,0.0,0.0,0,0,4.4,302,28.6139,77.209
2025-04-01T06:00,19.0,37,16.8,0.0,0.0,0,0,5.1,309,28.6139,77.209
2025-04-01T07:00,21.3,31,18.8,0.0,0.0,0,0,6.3,285,28.6139,77.209
2025-04-01T08:00,23.8,27,21.5,0.0,0.0,0,0,5.4,268,28.6139,77.209
2025-04-01T09:00,26.7,22,24.1,0.0,0.0,0,0,6.8,267,28.6139,77.209
2025-04-01T10:00,29.6,17,27.6,0.0,0.0,0,0,8.4,280,28.6139,77.209
2025-04-01T11:00,31.7,12,29.4,0.0,0.0,0,0,11.8,298,28.6139,77.209
2025-04-01T12:00,32.7,11,30.5,0.0,0.0,0,0,13.1,297,28.6139,77.209
2025-04-01T13:00,33.1,12,31.0,0.0,0.0,0,0,13.4,296,28.6139,77.209
2025-04-01T14:00,33.3,11,30.7,0.0,0.0,0,0,13.4,290,28.6139,77.209
2025-04-01T15:00,33.2,11,29.6,0.0,0.0,0,0,13.6,290,28.6139,77.209
2025-04-01T16:00,32.7,11,28.3,0.0,0.0,0,0,13.4,290,28.6139,77.209
2025-04-01T17:00,31.7,11,27.4,0.0,0.0,0,0,12.5,290,28.6139,77.209
2025-04-01T18:00,30.2,14,26.7,0.0,0.0,0,0,9.6,284,28.6139,77.209
2025-04-01T19:00,28.2,18,25.5,0.0,0.0,0,0,5.5,253,28.6139,77.209
2025-04-01T20:00,26.8,20,24.2,0.0,0.0,0,0,5.2,245,28.6139,77.209
2025-04-01T21:00,25.8,21,23.1,0.0,0.0,0,0,5.7,259,28.6139,77.209
2025-04-01T22:00,24.8,22,22.1,0.0,0.0,0,0,5.4,278,28.6139,77.209
2025-04-01T23:00,23.7,24,21.1,0.0,0.0,0,0,5.4,312,28.6139,77.209
2025-04-02T00:00,22.9,26,20.3,0.0,0.0,0,0,5.3,294,28.6139,77.209
2025-04-02T01:00,21.9,28,19.4,0.0,0.0,0,0,5.2,286,28.6139,77.209
2025-04-02T02:00,21.2,30,18.8,0.0,0.0,0,0,4.7,302,28.6139,77.209
2025-04-02T03:00,20.9,31,18.9,0.0,0.0,0,0,2.4,312,28.6139,77.209
2025-04-02T04:00,21.2,37,20.1,0.0,0.0,0,0,0.9,307,28.6139,77.209
2025-04-02T05:00,20.2,32,18.1,0.0,0.0,0,0,2.5,274,28.6139,77.209
2025-04-02T06:00,18.6,39,16.6,0.0,0.0,0,0,4.5,241,28.6139,77.209
2025-04-02T07:00,20.4,35,18.2,0.0,0.0,0,0,6.0,245,28.6139,77.209
2025-04-02T08:00,24.4,28,22.4,0.0,0.0,0,0,4.6,261,28.6139,77.209
2025-04-02T09:00,28.4,20,26.3,0.0,0.0,0,0,4.0,275,28.6139,77.209
2025-04-02T10:00,31.5,14,29.9,0.0,0.0,0,0,4.2,295,28.6139,77.209
2025-04-02T11:00,33.4,12,32.3,0.0,0.0,0,0,5.4,310,28.6139,77.209
2025-04-02T12:00,34.6,11,33.5,0.0,0.0,0,0,7.5,312,28.6139,77.209
2025-04-02T13:00,35.4,10,33.9,0.0,0.0,0,0,8.8,311,28.6139,77.209
2025-04-02T14:00,35.7,9,33.5,0.0,0.0,0,0,9.9,303,28.6139,77.209
2025-04-02T15:00,35.4,10,32.3,0.0,0.0,0,0,10.9,297,28.6139,77.209
2025-04-02T16:00,34.8,11,30.8,0.0,0.0,0,0,11.8,295,28.6139,77.209
2025-04-02T17:00,33.7,12,30.0,0.0,0.0,0,0,11.3,295,28.6139,77.209
2025-04-02T18:00,32.0,13,29.1,0.0,0.0,0,0,5.2,333,28.6139,77.209
2025-04-02T19:00,29.6,17,27.1,0.0,0.0,0,0,4.9,352,28.6139,77.209
2025-04-02T20:00,29.1,23,27.8,0.0,0.0,0,0,1.4,50,28.6139,77.209
2025-04-02T21:00,27.5,21,25.3,0.0,0.0,0,0,3.9,158,28.6139,77.209
2025-04-02T22:00,26.9,23,25.2,0.0,0.0,0,0,1.9,163,28.6139,77.209
2025-04-02T23:00,26.1,25,24.5,0.0,0.0,0,0,1.6,297,28.6139,77.209
2025-04-03T00:00,25.1,27,23.3,0.0,0.0,0,0,3.1,310,28.6139,77.209
2025-04-03T01:00,24.7,29,23.3,0.0,0.0,0,0,1.2,243,28.6139,77.209
2025-04-03T02:00,23.9,32,22.9,0.0,0.0,0,0,0.4,180,28.6139,77.209
2025-04-03T03:00,22.9,31,21.1,0.0,0.0,0,0,4.0,8,28.6139,77.209
2025-04-03T04:00,22.7,32,20.9,0.0,0.0,0,0,3.7,35,28.6139,77.209
2025-04-03T05:00,21.9,34,20.2,0.0,0.0,0,0,3.6,49,28.6139,77.209
2025-04-03T06:00,20.4,41,19.1,0.0,0.0,0,0,2.9,169,28.6139,77.209
2025-04-03T07:00,22.5,34,20.4,0.0,0.0,0,0,6.7,185,28.6139,77.209
2025-04-03T08:00,26.5,26,24.7,0.0,0.0,0,0,4.1,165,28.6139,77.209
2025-04-03T09:00,30.7,19,28.7,0.0,0.0,0,0,4.4,159,28.6139,77.209
2025-04-03T10:00,33.5,14,31.8,0.0,0.0,0,0,5.6,153,28.6139,77.209
2025-04-03T11:00,35.2,10,34.2,0.0,0.0,0,0,4.2,168,28.6139,77.209
2025-04-03T12:00,36.3,9,35.5,0.0,0.0,1,47,3.9,196,28.6139,77.209
2025-04-03T13:00,36.7,7,34.7,0.0,0.0,1,32,4.1,209,28.6139,77.209
2025-04-03T14:00,37.4,6,35.5,0.0,0.0,2,52,4.3,213,28.6139,77.209
2025-04-03T15:00,37.4,6,33.9,0.0,0.0,3,92,7.0,212,28.6139,77.209
2025-04-03T16:00,36.6,7,32.8,0.0,0.0,3,94,6.5,242,28.6139,77.209
2025-04-03T17:00,35.6,8,32.4,0.0,0.0,3,100,3.3,324,28.6139,77.209
2025-04-03T18:00,34.2,8,30.0,0.0,0.0,1,33,9.4,3,28.6139,77.209
2025-04-03T19:00,32.1,10,28.6,0.0,0.0,0,9,6.4,8,28.6139,77.209
2025-04-03T20:00,31.1,12,27.4,0.0,0.0,0,1,8.6,344,28.6139,77.209
2025-04-03T21:00,29.2,15,26.3,0.0,0.0,0,1,5.2,16,28.6139,77.209
2025-04-03T22:00,27.9,17,25.0,0.0,0.0,0,0,5.4,56,28.6139,77.209
2025-04-03T23:00,27.1,19,24.8,0.0,0.0,0,0,2.4,63,28.6139,77.209
2025-04-04T00:00,26.3,20,24.1,0.0,0.0,0,14,2.8,11,28.6139,77.209
2025-04-04T01:00,25.8,21,23.6,0.0,0.0,0,0,1.9,41,28.6139,77.209
2025-04-04T02:00,24.3,22,21.6,0.0,0.0,0,0,5.1,113,28.6139,77.209
2025-04-04T03:00,23.6,25,21.6,0.0,0.0,0,1,1.7,198,28.6139,77.209
2025-04-04T04:00,22.2,27,20.0,0.0,0.0,0,1,3.4,252,28.6139,77.209
2025-04-04T05:00,21.7,29,19.7,0.0,0.0,0,0,1.9,236,28.6139,77.209
2025-04-04T06:00,22.8,33,21.2,0.0,0.0,0,2,3.3,257,28.6139,77.209
2025-04-04T07:00,25.1,27,22.9,0.0,0.0,0,0,6.2,306,28.6139,77.209
2025-04-04T08:00,28.4,22,26.5,0.0,0.0,0,0,3.9,286,28.6139,77.209
2025-04-04T09:00,31.6,17,29.3,0.0,0.0,0,0,5.1,231,28.6139,77.209
2025-04-04T10:00,34.4,12,32.6,0.0,0.0,0,0,5.2,248,28.6139,77.209
2025-04-04T11:00,35.6,10,34.3,0.0,0.0,0,0,6.6,287,28.6139,77.209
2025-04-04T12:00,36.4,10,35.3,0.0,0.0,0,0,7.6,289,28.6139,77.209
2025-04-04T13:00,36.9,10,35.5,0.0,0.0,0,0,9.2,287,28.6139,77.209
2025-04-04T14:00,37.0,10,34.6,0.0,0.0,0,0,11.4,288,28.6139,77.209
2025-04-04T15:00,36.6,10,33.2,0.0,0.0,0,0,13.2,292,28.6139,77.209
2025-04-04T16:00,35.8,11,31.7,0.0,0.0,0,0,14.2,297,28.6139,77.209
2025-04-04T17:00,35.0,11,31.0,0.0,0.0,0,0,13.4,302,28.6139,77.209
2025-04-04T18:00,34.0,12,30.2,0.0,0.0,0,0,11.3,318,28.6139,77.209
2025-04-04T19:00,32.3,14,28.8,0.0,0.0,0,0,10.2,316,28.6139,77.209
2025-04-04T20:00,31.1,15,28.1,0.0,0.0,0,0,7.5,307,28.6139,77.209
2025-04-04T21:00,30.0,17,27.0,0.0,0.0,0,0,8.4,313,28.6139,77.209
2025-04-04T22:00,29.0,18,25.9,0.0,0.0,0,0,9.4,329,28.6139,77.209
2025-04-04T23:00,28.0,19,24.9,0.0,0.0,0,0,9.2,344,28.6139,77.209
2025-04-05T00:00,26.2,22,23.7,0.0,0.0,0,0,5.2,340,28.6139,77.209
2025-04-05T01:00,25.3,23,22.9,0.0,0.0,0,0,5.0,316,28.6139,77.209
2025-04-05T02:00,24.5,25,22.2,0.0,0.0,0,0,4.5,293,28.6139,77.209
2025-04-05T03:00,23.6,26,21.3,0.0,0.0,0,0,4.7,277,28.6139,77.209
2025-04-05T04:00,22.9,27,20.4,0.0,0.0,0,0,5.4,270,28.6139,77.209
2025-04-05T05:00,22.2,28,19.6,0.0,0.0,0,0,6.3,267,28.6139,77.209
2025-04-05T06:00,22.0,32,19.9,0.0,0.0,0,0,5.9,270,28.6139,77.209
2025-04-05T07:00,23.5,30,21.2,0.0,0.0,0,0,7.3,261,28.6139,77.209
2025-04-05T08:00,26.0,27,24.0,0.0,0.0,0,0,6.5,268,28.6139,77.209
2025-04-05T09:00,28.9,24,26.7,0.0,0.0,0,0,7.8,279,28.6139,77.209
2025-04-05T10:00,31.4,20,29.9,0.0,0.0,0,0,9.5,291,28.6139,77.209
2025-04-05T11:00,33.2,17,31.8,0.0,0.0,0,0,12.3,299,28.6139,77.209
2025-04-05T12:00,34.3,16,32.9,0.0,0.0,0,0,13.8,299,28.6139,77.209
2025-04-05T13:00,34.8,16,33.5,0.0,0.0,0,0,13.6,296,28.6139,77.209
2025-04-05T14:00,35.2,15,33.5,0.0,0.0,0,0,13.1,293,28.6139,77.209
2025-04-05T15:00,35.1,15,32.5,0.0,0.0,0,0,13.8,296,28.6139,77.209
2025-04-05T16:00,34.6,16,31.3,0.0,0.0,0,0,13.6,299,28.6139,77.209
2025-04-05T17:00,33.8,16,30.7,0.0,0.0,0,0,12.5,300,28.6139,77.209
2025-04-05T18:00,32.8,15,29.7,0.0,0.0,0,0,9.7,304,28.6139,77.209
2025-04-05T19:00,31.3,18,28.5,0.0,0.0,0,0,8.5,298,28.6139,77.209
2025-04-05T20:00,29.9,20,27.7,0.0,0.0,0,0,5.4,278,28.6139,77.209
2025-04-05T21:00,29.1,22,27.0,0.0,0.0,0,1,5.8,274,28.6139,77.209
2025-04-05T22:00,28.7,22,26.4,0.0,0.0,0,0,7.2,274,28.6139,77.209
2025-04-05T23:00,27.4,25,25.3,0.0,0.0,1,31,6.2,282,28.6139,77.209
2025-04-06T00:00,25.7,28,23.9,0.0,0.0,3,97,5.2,299,28.6139,77.209
2025-04-06T01:00,25.0,29,23.2,0.0,0.0,3,80,4.2,306,28.6139,77.209
2025-04-06T02:00,24.4,28,22.6,0.0,0.0,2,72,3.6,276,28.6139,77.209
2025-04-06T03:00,23.7,28,21.6,0.0,0.0,0,3,4.8,257,28.6139,77.209
2025-04-06T04:00,22.9,30,20.7,0.0,0.0,0,0,6.2,260,28.6139,77.209
2025-04-06T05:00,22.2,32,20.0,0.0,0.0,0,0,5.8,265,28.6139,77.209
2025-04-06T06:00,22.0,35,20.0,0.0,0.0,0,0,6.1,256,28.6139,77.209
2025-04-06T07:00,23.5,32,21.5,0.0,0.0,0,0,7.2,238,28.6139,77.209
2025-04-06T08:00,26.8,27,25.3,0.0,0.0,0,0,4.4,249,28.6139,77.209
2025-04-06T09:00,30.7,21,28.9,0.0,0.0,0,0,5.4,256,28.6139,77.209
2025-04-06T10:00,33.6,17,32.3,0.0,0.0,0,0,6.9,264,28.6139,77.209
2025-04-06T11:00,35.4,14,34.7,0.0,0.0,0,0,7.4,283,28.6139,77.209
2025-04-06T12:00,36.7,13,36.3,0.0,0.0,0,0,7.0,302,28.6139,77.209
2025-04-06T13:00,37.6,12,37.0,0.0,0.0,0,0,7.2,307,28.6139,77.209
2025-04-06T14:00,38.1,11,36.8,0.0,0.0,0,0,8.2,296,28.6139,77.209
2025-04-06T15:00,38.0,12,35.7,0.0,0.0,0,0,9.7,297,28.6139,77.209
2025-04-06T16:00,37.3,13,34.3,0.0,0.0,0,0,10.3,297,28.6139,77.209
2025-04-06T17:00,36.4,14,33.8,0.0,0.0,0,0,8.1,298,28.6139,77.209
2025-04-06T18:00,35.0,15,32.7,0.0,0.0,0,0,6.1,282,28.6139,77.209
2025-04-06T19:00,33.3,17,31.3,0.0,0.0,0,0,5.2,286,28.6139,77.209
2025-04-06T20:00,31.9,21,30.4,0.0,0.0,0,0,4.0,321,28.6139,77.209
2025-04-06T21:00,31.7,23,31.0,0.0,0.0,0,0,1.2,321,28.6139,77.209
2025-04-06T22:00,30.9,24,30.3,0.0,0.0,0,0,0.7,76,28.6139,77.209
2025-04-06T23:00,30.0,22,28.4,0.0,0.0,0,0,4.6,59,28.6139,77.209
2025-04-07T00:00,28.5,24,26.6,0.0,0.0,0,0,5.4,56,28.6139,77.209
2025-04-07T01:00,27.6,27,26.3,0.0,0.0,0,0,2.9,79,28.6139,77.209
2025-04-07T02:00,26.7,29,25.4,0.0,0.0,0,0,3.3,119,28.6139,77.209
2025-04-07T03:00,25.6,31,24.2,0.0,0.0,0,0,4.6,154,28.6139,77.209
2025-04-07T04:00,24.9,31,23.3,0.0,0.0,0,0,5.1,172,28.6139,77.209
2025-04-07T05:00,24.4,31,22.7,0.0,0.0,0,0,5.2,168,28.6139,77.209
2025-04-07T06:00,24.6,38,23.4,0.0,0.0,0,0,6.6,147,28.6139,77.209
2025-04-07T07:00,26.2,35,24.9,0.0,0.0,0,0,7.5,127,28.6139,77.209
2025-04-07T08:00,29.2,29,28.5,0.0,0.0,0,0,4.2,115,28.6139,77.209
2025-04-07T09:00,32.9,24,32.2,0.0,0.0,0,0,4.0,117,28.6139,77.209
2025-04-07T10:00,35.8,18,35.5,0.0,0.0,2,74,4.6,121,28.6139,77.209
2025-04-07T11:00,37.5,15,37.6,0.0,0.0,2,59,4.7,113,28.6139,77.209
2025-04-07T12:00,38.6,14,39.1,0.0,0.0,0,0,4.5,95,28.6139,77.209
2025-04-07T13:00,39.3,13,39.8,0.0,0.0,0,0,4.2,80,28.6139,77.209
2025-04-07T14:00,39.7,13,39.6,0.0,0.0,0,0,4.7,86,28.6139,77.209
2025-04-07T15:00,39.9,12,38.8,0.0,0.0,0,0,5.0,103,28.6139,77.209
2025-04-07T16:00,39.9,12,38.1,0.0,0.0,0,0,4.1,105,28.6139,77.209
2025-04-07T17:00,39.3,12,37.8,0.0,0.0,0,0,1.7,32,28.6139,77.209
2025-04-07T18:00,37.1,15,35.4,0.0,0.0,0,0,5.4,339,28.6139,77.209
2025-04-07T19:00,35.2,17,33.4,0.0,0.0,0,0,6.2,21,28.6139,77.209
2025-04-07T20:00,33.8,19,32.2,0.0,0.0,0,0,5.2,27,28.6139,77.209
2025-04-07T21:00,33.0,21,31.2,0.0,0.0,0,1,7.6,31,28.6139,77.209
2025-04-07T22:00,31.0,25,30.0,0.0,0.0,0,0,4.8,48,28.6139,77.209
2025-04-07T23:00,30.3,26,29.2,0.0,0.0,0,0,5.5,77,28.6139,77.209
2025-04-08T00:00,29.2,28,28.0,0.0,0.0,0,0,5.3,78,28.6139,77.209
2025-04-08T01:00,28.2,30,27.3,0.0,0.0,0,0,4.3,75,28.6139,77.209
2025-04-08T02:00,27.4,31,26.4,0.0,0.0,0,0,4.4,69,28.6139,77.209
2025-04-08T03:00,26.6,32,25.4,0.0,0.0,0,0,5.4,98,28.6139,77.209
2025-04-08T04:00,25.8,33,24.2,0.0,0.0,0,0,7.0,94,28.6139,77.209
2025-04-08T05:00,25.2,33,23.5,0.0,0.0,0,0,7.6,117,28.6139,77.209
2025-04-08T06:00,25.5,34,23.7,0.0,0.0,0,0,9.4,122,28.6139,77.209
2025-04-08T07:00,26.9,32,25.1,0.0,0.0,0,0,9.7,117,28.6139,77.209
2025-04-08T08:00,29.3,27,27.6,0.0,0.0,0,0,8.8,113,28.6139,77.209
2025-04-08T09:00,32.1,22,30.1,0.0,0.0,0,0,9.6,116,28.6139,77.209
2025-04-08T10:00,34.8,18,33.5,0.0,0.0,0,0,9.7,119,28.6139,77.209
2025-04-08T11:00,37.0,16,36.4,0.0,0.0,0,0,9.7,125,28.6139,77.209
2025-04-08T12:00,38.6,14,38.4,0.0,0.0,0,0,8.5,138,28.6139,77.209
2025-04-08T13:00,39.5,13,39.5,0.0,0.0,0,0,6.9,141,28.6139,77.209
2025-04-08T14:00,39.9,13,39.5,0.0,0.0,0,0,6.4,130,28.6139,77.209
2025-04-08T15:00,39.8,12,38.5,0.0,0.0,0,0,6.4,130,28.6139,77.209
2025-04-08T16:00,39.6,12,37.5,0.0,0.0,0,0,6.0,129,28.6139,77.209
2025-04-08T17:00,39.0,13,37.2,0.0,0.0,1,47,4.8,124,28.6139,77.209
2025-04-08T18:00,37.2,14,35.4,0.0,0.0,0,6,4.0,72,28.6139,77.209
2025-04-08T19:00,35.8,15,33.8,0.0,0.0,3,85,5.5,101,28.6139,77.209
2025-04-08T20:00,34.0,19,32.4,0.0,0.0,2,66,4.7,97,28.6139,77.209
2025-04-08T21:00,33.3,21,32.3,0.0,0.0,0,19,3.1,97,28.6139,77.209
2025-04-08T22:00,32.3,22,31.2,0.0,0.0,0,1,3.7,29,28.6139,77.209
2025-04-08T23:00,31.1,24,29.9,0.0,0.0,0,0,4.0,58,28.6139,77.209
2025-04-09T00:00,30.2,25,28.7,0.0,0.0,0,0,6.5,114,28.6139,77.209
2025-04-09T01:00,28.9,27,27.4,0.0,0.0,0,0,6.2,136,28.6139,77.209
2025-04-09T02:00,28.3,29,26.8,0.0,0.0,0,0,7.2,143,28.6139,77.209
2025-04-09T03:00,27.8,31,26.4,0.0,0.0,0,0,7.0,119,28.6139,77.209
2025-04-09T04:00,26.9,33,25.6,0.0,0.0,0,0,7.3,106,28.6139,77.209
2025-04-09T05:00,26.1,35,24.8,0.0,0.0,0,0,8.0,124,28.6139,77.209
2025-04-09T06:00,27.3,44,27.4,0.0,0.0,0,0,7.6,128,28.6139,77.209
2025-04-09T07:00,28.4,41,28.5,0.0,0.0,0,0,7.6,121,28.6139,77.209
2025-04-09T08:00,30.4,36,30.5,0.0,0.0,0,0,8.0,121,28.6139,77.209
2025-04-09T09:00,33.0,32,33.0,0.0,0.0,0,0,8.3,131,28.6139,77.209
2025-04-09T10:00,35.4,28,36.3,0.0,0.0,0,0,8.4,138,28.6139,77.209
2025-04-09T11:00,37.6,23,38.9,0.0,0.0,0,0,8.1,151,28.6139,77.209
2025-04-09T12:00,39.2,18,40.6,0.0,0.0,1,29,5.7,156,28.6139,77.209
2025-04-09T13:00,40.0,16,41.1,0.0,0.0,0,13,3.6,153,28.6139,77.209
2025-04-09T14:00,40.7,14,41.6,0.0,0.0,1,38,0.2,90,28.6139,77.209
2025-04-09T15:00,40.6,14,39.2,0.0,0.0,3,91,5.9,12,28.6139,77.209
2025-04-09T16:00,39.9,14,38.3,0.0,0.0,3,89,5.8,358,28.6139,77.209
2025-04-09T17:00,38.6,15,36.0,0.0,0.0,1,47,12.5,353,28.6139,77.209
2025-04-09T18:00,38.1,13,35.4,0.0,0.0,1,25,9.7,317,28.6139,77.209
2025-04-09T19:00,36.2,18,34.2,0.0,0.0,0,6,10.5,20,28.6139,77.209
2025-04-09T20:00,34.2,23,33.7,0.0,0.0,0,2,3.9,47,28.6139,77.209
2025-04-09T21:00,33.1,25,32.6,0.0,0.0,0,0,4.1,52,28.6139,77.209
2025-04-09T22:00,32.5,26,32.1,0.0,0.0,0,0,3.9,53,28.6139,77.209
2025-04-09T23:00,31.9,26,30.5,0.0,0.0,0,0,8.9,124,28.6139,77.209
2025-04-10T00:00,30.0,30,29.5,0.0,0.0,0,0,4.7,118,28.6139,77.209
2025-04-10T01:00,29.1,34,29.1,0.0,0.0,0,0,3.1,83,28.6139,77.209
2025-04-10T02:00,28.9,39,29.9,0.0,0.0,0,15,0.6,124,28.6139,77.209
2025-04-10T03:00,27.9,36,27.6,0.0,0.0,1,38,4.3,185,28.6139,77.209
2025-04-10T04:00,26.9,39,27.2,0.0,0.0,0,1,1.7,221,28.6139,77.209
2025-04-10T05:00,26.6,40,27.0,0.0,0.0,1,25,1.3,56,28.6139,77.209
2025-04-10T06:00,27.1,45,26.9,0.0,0.0,3,100,9.9,88,28.6139,77.209
2025-04-10T07:00,27.5,45,27.9,0.0,0.0,3,100,6.5,124,28.6139,77.209
2025-04-10T08:00,29.0,42,29.4,0.0,0.0,2,78,7.0,111,28.6139,77.209
2025-04-10T09:00,31.8,35,32.4,0.0,0.0,3,93,5.1,117,28.6139,77.209
2025-04-10T10:00,35.0,27,36.2,0.0,0.0,3,96,4.7,140,28.6139,77.209
2025-04-10T11:00,37.4,21,39.0,0.0,0.0,3,93,3.3,186,28.6139,77.209
2025-04-10T12:00,38.9,18,40.3,0.0,0.0,1,45,4.3,275,28.6139,77.209
2025-04-10T13:00,37.3,19,36.1,0.0,0.0,2,58,16.8,222,28.6139,77.209
2025-04-10T14:00,37.1,17,34.6,0.0,0.0,3,92,13.9,270,28.6139,77.209
2025-04-10T15:00,37.5,17,36.1,0.0,0.0,3,82,5.4,304,28.6139,77.209
2025-04-10T16:00,27.3,58,26.9,1.3,1.3,61,96,23.3,326,28.6139,77.209
2025-04-10T17:00,29.6,45,30.9,0.1,0.1,51,100,6.2,83,28.6139,77.209
2025-04-10T18:00,34.0,23,32.6,0.0,0.0,3,80,8.7,243,28.6139,77.209
2025-04-10T19:00,33.1,31,34.1,0.0,0.0,2,79,1.0,329,28.6139,77.209
2025-04-10T20:00,32.5,25,31.4,0.0,0.0,3,85,6.8,73,28.6139,77.209
2025-04-10T21:00,32.3,22,30.8,0.0,0.0,3,99,6.6,112,28.6139,77.209
2025-04-10T22:00,30.6,29,28.7,0.0,0.0,3,100,13.2,94,28.6139,77.209
2025-04-10T23:00,28.6,44,28.5,0.0,0.0,0,0,12.0,116,28.6139,77.209
2025-04-11T00:00,27.7,49,28.0,0.0,0.0,0,6,11.9,128,28.6139,77.209
2025-04-11T01:00,26.9,52,27.5,0.0,0.0,1,49,10.4,124,28.6139,77.209
2025-04-11T02:00,26.4,54,27.2,0.0,0.0,3,91,9.3,105,28.6139,77.209
2025-04-11T03:00,25.8,57,26.5,0.0,0.0,3,94,11.5,99,28.6139,77.209
2025-04-11T04:00,25.4,61,26.1,0.0,0.0,3,90,13.1,113,28.6139,77.209
2025-04-11T05:00,24.9,64,25.8,0.0,0.0,0,4,12.7,113,28.6139,77.209
2025-04-11T06:00,23.3,75,24.7,0.0,0.0,0,7,12.4,126,28.6139,77.209
2025-04-11T07:00,23.9,72,25.1,0.0,0.0,0,6,13.2,112,28.6139,77.209
2025-04-11T08:00,25.4,66,26.5,0.0,0.0,0,1,13.5,113,28.6139,77.209
2025-04-11T09:00,27.2,58,28.5,0.0,0.0,0,1,12.1,89,28.6139,77.209
2025-04-11T10:00,29.2,50,30.8,0.0,0.0,0,0,12.8,101,28.6139,77.209
2025-04-11T11:00,31.2,43,33.1,0.0,0.0,0,0,13.7,112,28.6139,77.209
2025-04-11T12:00,33.0,37,35.0,0.0,0.0,0,0,13.5,113,28.6139,77.209
2025-04-11T13:00,34.2,33,36.3,0.0,0.0,0,14,11.5,107,28.6139,77.209
2025-04-11T14:00,28.0,46,28.9,2.0,2.0,61,100,14.8,193,28.6139,77.209
2025-04-11T15:00,27.1,49,28.0,0.0,0.0,3,82,6.0,87,28.6139,77.209
2025-04-11T16:00,28.3,48,28.9,0.0,0.0,3,100,10.3,87,28.6139,77.209
2025-04-11T17:00,27.9,52,29.1,0.0,0.0,3,80,8.5,77,28.6139,77.209
2025-04-11T18:00,22.5,79,21.9,4.3,4.3,63,100,25.8,322,28.6139,77.209
2025-04-11T19:00,23.0,81,26.2,0.2,0.2,51,100,2.4,73,28.6139,77.209
2025-04-11T20:00,22.9,84,25.3,1.4,1.4,61,100,10.3,74,28.6139,77.209
2025-04-11T21:00,22.6,82,24.4,0.2,0.2,51,100,11.8,118,28.6139,77.209
2025-04-11T22:00,22.7,79,24.8,0.0,0.0,3,100,8.5,89,28.6139,77.209
2025-04-11T23:00,22.8,76,24.6,0.0,0.0,3,99,8.8,125,28.6139,77.209
2025-04-12T00:00,22.9,72,24.1,0.0,0.0,3,100,9.9,148,28.6139,77.209
2025-04-12T01:00,22.6,73,24.4,0.0,0.0,2,69,6.2,116,28.6139,77.209
2025-04-12T02:00,21.5,81,23.8,0.0,0.0,1,22,4.6,116,28.6139,77.209
2025-04-12T03:00,21.0,84,23.4,0.0,0.0,1,26,3.8,82,28.6139,77.209
2025-04-12T04:00,20.6,86,22.8,0.0,0.0,0,0,5.1,73,28.6139,77.209
2025-04-12T05:00,20.5,86,22.6,0.0,0.0,0,0,5.2,84,28.6139,77.209
2025-04-12T06:00,21.2,76,22.6,0.0,0.0,0,0,6.4,122,28.6139,77.209
2025-04-12T07:00,22.4,71,24.1,0.0,0.0,0,0,4.6,144,28.6139,77.209
2025-04-12T08:00,24.5,62,26.5,0.0,0.0,0,0,2.7,157,28.6139,77.209
2025-04-12T09:00,27.1,53,28.9,0.0,0.0,0,0,2.9,101,28.6139,77.209
2025-04-12T10:00,29.6,43,31.9,0.0,0.0,0,0,3.4,87,28.6139,77.209
2025-04-12T11:00,31.6,34,33.8,0.0,0.0,0,0,4.7,81,28.6139,77.209
2025-04-12T12:00,33.1,27,35.0,0.0,0.0,0,4,5.1,84,28.6139,77.209
2025-04-12T13:00,34.0,25,35.7,0.0,0.0,0,7,5.0,88,28.6139,77.209
2025-04-12T14:00,34.8,24,36.2,0.0,0.0,1,38,3.3,61,28.6139,77.209
2025-04-12T15:00,32.4,33,33.0,0.8,0.8,53,49,4.9,268,28.6139,77.209
2025-04-12T16:00,29.3,40,29.7,0.3,0.3,51,79,7.5,147,28.6139,77.209
2025-04-12T17:00,28.8,46,29.9,0.0,0.0,2,61,6.1,104,28.6139,77.209
2025-04-12T18:00,26.2,53,27.5,0.0,0.0,0,13,4.9,141,28.6139,77.209
2025-04-12T19:00,25.9,67,29.1,0.0,0.0,0,14,1.9,56,28.6139,77.209
2025-04-12T20:00,25.9,59,27.8,0.0,0.0,0,0,5.0,44,28.6139,77.209
2025-04-12T21:00,25.4,57,26.9,0.0,0.0,0,0,4.9,66,28.6139,77.209
2025-04-12T22:00,24.8,60,26.3,0.0,0.0,0,0,4.8,56,28.6139,77.209
2025-04-12T23:00,24.4,56,25.1,0.0,0.0,0,0,6.7,31,28.6139,77.209
2025-04-13T00:00,23.3,63,24.4,0.0,0.0,0,0,5.3,52,28.6139,77.209
2025-04-13T01:00,22.6,67,23.9,0.0,0.0,0,0,4.7,90,28.6139,77.209
2025-04-13T02:00,22.2,68,23.7,0.0,0.0,0,0,3.8,109,28.6139,77.209
2025-04-13T03:00,21.6,70,23.0,0.0,0.0,0,0,4.3,95,28.6139,77.209
2025-04-13T04:00,21.3,71,22.8,0.0,0.0,0,0,3.4,90,28.6139,77.209
2025-04-13T05:00,21.1,72,22.6,0.0,0.0,0,0,2.8,117,28.6139,77.209
2025-04-13T06:00,22.6,72,25.0,0.0,0.0,0,0,0.9,169,28.6139,77.209
2025-04-13T07:00,24.3,63,26.4,0.0,0.0,0,0,1.8,169,28.6139,77.209
2025-04-13T08:00,27.0,54,29.2,0.0,0.0,0,0,1.7,139,28.6139,77.209
2025-04-13T09:00,29.6,42,30.8,0.0,0.0,0,0,4.0,129,28.6139,77.209
2025-04-13T10:00,31.4,35,32.8,0.0,0.0,0,0,5.6,123,28.6139,77.209
2025-04-13T11:00,32.6,30,34.4,0.0,0.0,0,10,5.2,102,28.6139,77.209
2025-04-13T12:00,33.5,26,35.1,0.0,0.0,0,2,4.5,88,28.6139,77.209
2025-04-13T13:00,34.2,24,36.1,0.0,0.0,0,3,3.2,93,28.6139,77.209
2025-04-13T14:00,34.7,23,35.9,0.0,0.0,0,5,2.1,110,28.6139,77.209
2025-04-13T15:00,35.2,21,35.6,0.0,0.0,1,25,0.9,127,28.6139,77.209
2025-04-13T16:00,35.3,20,34.9,0.0,0.0,1,34,1.3,360,28.6139,77.209
2025-04-13T17:00,35.2,19,34.0,0.0,0.0,2,56,4.4,348,28.6139,77.209
2025-04-13T18:00,31.9,43,34.3,0.0,0.0,0,3,2.7,4,28.6139,77.209
2025-04-13T19:00,30.7,44,32.8,0.0,0.0,0,13,2.6,348,28.6139,77.209
2025-04-13T20:00,29.2,49,31.2,0.0,0.0,0,0,4.3,17,28.6139,77.209
2025-04-13T21:00,28.3,50,30.1,0.0,0.0,0,0,3.4,58,28.6139,77.209
2025-04-13T22:00,27.1,52,28.7,0.0,0.0,0,0,4.0,108,28.6139,77.209
2025-04-13T23:00,25.7,53,26.7,0.0,0.0,0,0,5.4,154,28.6139,77.209
2025-04-14T00:00,24.9,57,26.1,0.0,0.0,0,0,5.4,150,28.6139,77.209
2025-04-14T01:00,24.4,59,25.5,0.0,0.0,0,0,5.4,130,28.6139,77.209
2025-04-14T02:00,23.8,59,24.8,0.0,0.0,0,0,5.4,150,28.6139,77.209
2025-04-14T03:00,23.4,59,24.3,0.0,0.0,0,0,5.4,140,28.6139,77.209
2025-04-14T04:00,22.8,61,23.5,0.0,0.0,0,0,5.5,122,28.6139,77.209
2025-04-14T05:00,22.3,63,23.2,0.0,0.0,0,0,5.0,139,28.6139,77.209
2025-04-14T06:00,23.2,61,24.1,0.0,0.0,0,0,6.0,134,28.6139,77.209
2025-04-14T07:00,24.6,57,25.7,0.0,0.0,0,0,5.3,128,28.6139,77.209
2025-04-14T08:00,26.7,50,27.7,0.0,0.0,0,0,5.8,106,28.6139,77.209
2025-04-14T09:00,28.7,45,29.5,0.0,0.0,0,0,7.2,102,28.6139,77.209
2025-04-14T10:00,30.7,40,32.4,0.0,0.0,0,0,7.4,104,28.6139,77.209
2025-04-14T11:00,32.5,34,34.6,0.0,0.0,0,0,7.3,110,28.6139,77.209
2025-04-14T12:00,33.8,29,35.9,0.0,0.0,0,0,7.0,116,28.6139,77.209
2025-04-14T13:00,34.7,27,36.7,0.0,0.0,0,0,5.7,125,28.6139,77.209
2025-04-14T14:00,35.3,25,36.9,0.0,0.0,0,0,4.4,142,28.6139,77.209
2025-04-14T15:00,35.6,24,36.3,0.0,0.0,0,0,4.0,159,28.6139,77.209
2025-04-14T16:00,35.6,23,35.6,0.0,0.0,0,2,2.8,153,28.6139,77.209
2025-04-14T17:00,35.0,24,34.7,0.0,0.0,0,0,4.7,81,28.6139,77.209
2025-04-14T18:00,34.2,25,33.5,0.0,0.0,0,16,7.7,127,28.6139,77.209
2025-04-14T19:00,33.0,28,32.5,0.0,0.0,0,5,8.2,82,28.6139,77.209
2025-04-14T20:00,31.6,33,31.3,0.0,0.0,0,1,9.1,72,28.6139,77.209
2025-04-14T21:00,30.4,37,30.3,0.0,0.0,0,0,9.1,97,28.6139,77.209
2025-04-14T22:00,29.4,39,29.4,0.0,0.0,0,0,8.8,105,28.6139,77.209
2025-04-14T23:00,28.5,41,28.3,0.0,0.0,0,0,10.1,119,28.6139,77.209
2025-04-15T00:00,27.6,43,27.3,0.0,0.0,0,0,10.0,128,28.6139,77.209
2025-04-15T01:00,26.9,43,26.5,0.0,0.0,0,0,9.7,124,28.6139,77.209
2025-04-15T02:00,26.2,44,25.8,0.0,0.0,0,0,9.6,130,28.6139,77.209
2025-04-15T03:00,25.6,45,25.2,0.0,0.0,0,0,9.4,140,28.6139,77.209
2025-04-15T04:00,25.0,47,24.7,0.0,0.0,0,0,8.6,147,28.6139,77.209
2025-04-15T05:00,24.7,49,24.5,0.0,0.0,0,0,8.0,146,28.6139,77.209
2025-04-15T06:00,25.5,49,25.9,0.0,0.0,0,3,5.7,118,28.6139,77.209
2025-04-15T07:00,27.0,46,27.4,0.0,0.0,0,0,6.5,124,28.6139,77.209
2025-04-15T08:00,29.2,41,29.6,0.0,0.0,0,2,7.5,125,28.6139,77.209
2025-04-15T09:00,31.4,37,31.7,0.0,0.0,0,2,8.6,126,28.6139,77.209
2025-04-15T10:00,33.3,33,34.2,0.0,0.0,0,0,9.8,130,28.6139,77.209
2025-04-15T11:00,34.8,28,36.1,0.0,0.0,1,20,9.1,126,28.6139,77.209
2025-04-15T12:00,35.6,26,37.0,0.0,0.0,0,5,8.3,124,28.6139,77.209
2025-04-15T13:00,36.2,25,37.5,0.0,0.0,0,13,7.0,130,28.6139,77.209
2025-04-15T14:00,36.5,24,37.6,0.0,0.0,0,10,6.0,134,28.6139,77.209
2025-04-15T15:00,36.6,24,37.1,0.0,0.0,1,30,5.3,142,28.6139,77.209
2025-04-15T16:00,36.2,24,35.9,0.0,0.0,1,34,6.8,148,28.6139,77.209
2025-04-15T17:00,35.8,25,35.7,0.0,0.0,2,59,5.5,153,28.6139,77.209
2025-04-15T18:00,33.9,30,34.0,0.0,0.0,1,26,7.5,150,28.6139,77.209
2025-04-15T19:00,32.3,36,33.2,0.0,0.0,0,1,5.9,102,28.6139,77.209
2025-04-15T20:00,31.1,41,32.6,0.0,0.0,0,1,4.7,99,28.6139,77.209
2025-04-15T21:00,30.2,46,32.2,0.0,0.0,0,2,4.1,77,28.6139,77.209
2025-04-15T22:00,29.6,41,30.3,0.0,0.0,0,0,5.9,67,28.6139,77.209
2025-04-15T23:00,28.8,42,29.5,0.0,0.0,0,0,5.9,108,28.6139,77.209
2025-04-16T00:00,28.0,44,28.7,0.0,0.0,0,0,5.8,124,28.6139,77.209
2025-04-16T01:00,27.2,48,28.0,0.0,0.0,0,0,5.8,126,28.6139,77.209
2025-04-16T02:00,26.6,49,27.3,0.0,0.0,0,0,6.5,132,28.6139,77.209
2025-04-16T03:00,26.2,49,26.7,0.0,0.0,0,0,6.9,137,28.6139,77.209
2025-04-16T04:00,25.8,50,26.3,0.0,0.0,0,0,7.1,137,28.6139,77.209
2025-04-16T05:00,25.6,50,25.9,0.0,0.0,0,0,7.4,137,28.6139,77.209
2025-04-16T06:00,26.9,49,27.6,0.0,0.0,0,0,7.3,152,28.6139,77.209
2025-04-16T07:00,28.1,46,29.0,0.0,0.0,0,0,6.1,146,28.6139,77.209
2025-04-16T08:00,30.4,39,31.1,0.0,0.0,0,0,6.2,142,28.6139,77.209
2025-04-16T09:00,32.7,34,33.1,0.0,0.0,0,0,7.6,146,28.6139,77.209
2025-04-16T10:00,34.6,28,35.2,0.0,0.0,0,0,9.5,153,28.6139,77.209
2025-04-16T11:00,35.9,25,37.4,0.0,0.0,0,0,7.7,150,28.6139,77.209
2025-04-16T12:00,37.0,23,39.1,0.0,0.0,1,37,4.8,135,28.6139,77.209
2025-04-16T13:00,37.5,22,39.5,0.0,0.0,1,33,2.4,132,28.6139,77.209
2025-04-16T14:00,37.8,21,39.2,0.0,0.0,1,21,2.9,137,28.6139,77.209
2025-04-16T15:00,38.2,21,38.6,0.0,0.0,0,15,3.5,114,28.6139,77.209
2025-04-16T16:00,38.1,21,38.2,0.0,0.0,0,19,2.9,79,28.6139,77.209
2025-04-16T17:00,37.4,22,36.9,0.0,0.0,0,17,7.4,353,28.6139,77.209
2025-04-16T18:00,36.8,21,36.0,0.0,0.0,1,29,7.1,126,28.6139,77.209
2025-04-16T19:00,34.7,25,34.0,0.0,0.0,0,2,8.0,82,28.6139,77.209
2025-04-16T20:00,33.7,28,33.2,0.0,0.0,0,1,8.8,79,28.6139,77.209
2025-04-16T21:00,32.6,31,32.3,0.0,0.0,0,0,8.8,86,28.6139,77.209
2025-04-16T22:00,31.6,32,31.6,0.0,0.0,0,0,6.8,115,28.6139,77.209
2025-04-16T23:00,30.6,35,30.8,0.0,0.0,0,0,6.0,127,28.6139,77.209
2025-04-17T00:00,29.7,38,29.9,0.0,0.0,0,0,6.4,140,28.6139,77.209
2025-04-17T01:00,28.8,40,29.0,0.0,0.0,0,1,6.4,142,28.6139,77.209
2025-04-17T02:00,28.0,41,28.1,0.0,0.0,0,0,6.8,138,28.6139,77.209
2025-04-17T03:00,27.5,41,27.3,0.0,0.0,0,0,7.6,137,28.6139,77.209
2025-04-17T04:00,27.0,41,26.9,0.0,0.0,0,0,6.5,132,28.6139,77.209
2025-04-17T05:00,26.5,42,26.5,0.0,0.0,0,0,6.0,131,28.6139,77.209
2025-04-17T06:00,26.2,54,27.4,0.0,0.0,0,0,6.5,87,28.6139,77.209
2025-04-17T07:00,27.4,51,28.6,0.0,0.0,0,0,6.9,110,28.6139,77.209
2025-04-17T08:00,29.9,44,30.8,0.0,0.0,0,0,8.4,133,28.6139,77.209
2025-04-17T09:00,33.0,34,33.5,0.0,0.0,0,0,8.7,143,28.6139,77.209
2025-04-17T10:00,35.8,27,36.5,0.0,0.0,0,0,9.1,172,28.6139,77.209
2025-04-17T11:00,37.7,22,38.7,0.0,0.0,0,0,8.7,201,28.6139,77.209
2025-04-17T12:00,39.2,19,40.3,0.0,0.0,1,30,7.8,238,28.6139,77.209
2025-04-17T13:00,40.1,17,40.5,0.0,0.0,0,19,9.4,268,28.6139,77.209
2025-04-17T14:00,40.4,16,39.3,0.0,0.0,1,20,11.3,290,28.6139,77.209
2025-04-17T15:00,40.5,15,38.7,0.0,0.0,2,63,11.2,302,28.6139,77.209
2025-04-17T16:00,40.0,14,36.9,0.0,0.0,3,96,15.8,333,28.6139,77.209
2025-04-17T17:00,38.6,16,36.0,0.0,0.0,2,54,14.4,322,28.6139,77.209
2025-04-17T18:00,37.5,21,36.4,0.0,0.0,2,63,9.9,358,28.6139,77.209
2025-04-17T19:00,35.9,26,36.2,0.0,0.0,0,2,5.2,31,28.6139,77.209
2025-04-17T20:00,34.5,30,35.1,0.0,0.0,0,0,6.0,69,28.6139,77.209
2025-04-17T21:00,32.8,35,34.0,0.0,0.0,0,0,4.0,60,28.6139,77.209
2025-04-17T22:00,31.7,38,32.8,0.0,0.0,0,0,5.1,86,28.6139,77.209
2025-04-17T23:00,30.7,41,31.7,0.0,0.0,0,0,7.2,89,28.6139,77.209
2025-04-18T00:00,29.4,45,30.4,0.0,0.0,0,0,6.9,118,28.6139,77.209
2025-04-18T01:00,28.1,48,29.4,0.0,0.0,0,0,5.6,117,28.6139,77.209
2025-04-18T02:00,27.5,50,28.6,0.0,0.0,0,0,6.7,136,28.6139,77.209
2025-04-18T03:00,27.0,51,27.9,0.0,0.0,0,0,8.0,126,28.6139,77.209
2025-04-18T04:00,26.3,55,27.4,0.0,0.0,0,0,7.6,133,28.6139,77.209
2025-04-18T05:00,25.7,57,26.9,0.0,0.0,0,0,7.6,133,28.6139,77.209
2025-04-18T06:00,26.6,62,28.7,0.0,0.0,0,0,7.3,99,28.6139,77.209
2025-04-18T07:00,27.7,59,29.9,0.0,0.0,0,0,7.7,99,28.6139,77.209
2025-04-18T08:00,29.6,54,31.9,0.0,0.0,0,0,8.5,107,28.6139,77.209
2025-04-18T09:00,32.0,48,34.5,0.0,0.0,0,0,7.6,117,28.6139,77.209
2025-04-18T10:00,34.5,40,37.7,0.0,0.0,0,0,6.8,132,28.6139,77.209
2025-04-18T11:00,36.7,32,40.2,0.0,0.0,0,0,5.4,130,28.6139,77.209
2025-04-18T12:00,38.3,27,41.8,0.0,0.0,0,0,3.9,118,28.6139,77.209
2025-04-18T13:00,39.5,24,42.6,0.0,0.0,0,1,3.6,120,28.6139,77.209
2025-04-18T14:00,40.2,21,42.3,0.0,0.0,0,3,4.6,135,28.6139,77.209
2025-04-18T15:00,40.8,19,41.4,0.0,0.0,1,31,5.8,158,28.6139,77.209
2025-04-18T16:00,40.8,17,40.4,0.0,0.0,0,14,5.5,193,28.6139,77.209
2025-04-18T17:00,40.6,15,39.5,0.0,0.0,1,49,5.4,304,28.6139,77.209
2025-04-18T18:00,37.3,22,35.6,0.0,0.0,2,50,15.4,19,28.6139,77.209
2025-04-18T19:00,33.1,39,33.4,0.0,0.0,2,59,15.9,46,28.6139,77.209
2025-04-18T20:00,32.9,40,33.8,0.0,0.0,1,31,12.3,84,28.6139,77.209
2025-04-18T21:00,32.4,41,33.7,0.0,0.0,3,92,9.6,52,28.6139,77.209
2025-04-18T22:00,32.0,42,32.9,0.0,0.0,0,17,11.4,77,28.6139,77.209
2025-04-18T23:00,30.9,45,32.1,0.0,0.0,1,26,10.1,93,28.6139,77.209
2025-04-19T00:00,30.2,47,31.5,0.0,0.0,0,19,9.6,111,28.6139,77.209
2025-04-19T01:00,29.4,49,30.9,0.0,0.0,0,5,8.1,85,28.6139,77.209
2025-04-19T02:00,28.9,50,30.1,0.0,0.0,0,0,9.9,123,28.6139,77.209
2025-04-19T03:00,28.5,52,29.6,0.0,0.0,0,0,11.0,132,28.6139,77.209
2025-04-19T04:00,28.2,54,29.4,0.0,0.0,0,0,11.5,135,28.6139,77.209
2025-04-19T05:00,27.7,58,29.2,0.0,0.0,0,0,11.5,134,28.6139,77.209
2025-04-19T06:00,27.4,64,29.3,0.0,0.0,0,0,12.9,155,28.6139,77.209
2025-04-19T07:00,28.2,62,30.7,0.0,0.0,0,0,10.8,147,28.6139,77.209
2025-04-19T08:00,30.0,57,32.5,0.0,0.0,0,0,11.1,140,28.6139,77.209
2025-04-19T09:00,32.2,50,34.6,0.0,0.0,0,0,11.1,132,28.6139,77.209
2025-04-19T10:00,34.3,43,37.0,0.0,0.0,0,0,12.9,136,28.6139,77.209
2025-04-19T11:00,36.3,34,39.0,0.0,0.0,0,5,12.0,134,28.6139,77.209
2025-04-19T12:00,38.0,26,40.0,0.0,0.0,1,27,11.1,136,28.6139,77.209
2025-04-19T13:00,39.1,20,39.7,0.0,0.0,1,23,10.7,150,28.6139,77.209
2025-04-19T14:00,39.6,17,38.8,0.0,0.0,0,10,11.1,168,28.6139,77.209
2025-04-19T15:00,39.8,16,38.0,0.0,0.0,1,45,10.5,172,28.6139,77.209
2025-04-19T16:00,39.9,15,37.9,0.0,0.0,1,40,10.1,196,28.6139,77.209
2025-04-19T17:00,38.6,15,36.7,0.0,0.0,1,29,8.3,91,28.6139,77.209
2025-04-19T18:00,32.7,38,32.1,0.0,0.0,0,2,19.7,86,28.6139,77.209
2025-04-19T19:00,32.5,39,32.4,0.0,0.0,0,0,16.4,94,28.6139,77.209
2025-04-19T20:00,31.4,40,31.4,0.0,0.0,0,0,13.5,115,28.6139,77.209
2025-04-19T21:00,30.8,43,31.2,0.0,0.0,0,0,13.5,113,28.6139,77.209
2025-04-19T22:00,29.8,48,30.4,0.0,0.0,0,0,14.5,112,28.6139,77.209
2025-04-19T23:00,29.3,51,30.2,0.0,0.0,0,0,13.4,122,28.6139,77.209
2025-04-20T00:00,28.8,52,29.9,0.0,0.0,0,0,12.8,125,28.6139,77.209
2025-04-20T01:00,28.3,54,29.4,0.0,0.0,0,0,12.2,131,28.6139,77.209
2025-04-20T02:00,28.1,55,29.3,0.0,0.0,0,0,11.7,144,28.6139,77.209
2025-04-20T03:00,27.9,56,29.1,0.0,0.0,0,0,12.0,144,28.6139,77.209
2025-04-20T04:00,27.4,58,28.8,0.0,0.0,0,0,12.2,139,28.6139,77.209
2025-04-20T05:00,27.0,60,28.4,0.0,0.0,0,0,12.7,142,28.6139,77.209
2025-04-20T06:00,27.3,65,29.7,0.0,0.0,0,0,10.0,141,28.6139,77.209
2025-04-20T07:00,28.4,61,30.7,0.0,0.0,0,0,10.7,147,28.6139,77.209
2025-04-20T08:00,30.5,54,33.1,0.0,0.0,0,0,8.4,152,28.6139,77.209
2025-04-20T09:00,33.2,42,35.3,0.0,0.0,0,0,7.2,153,28.6139,77.209
2025-04-20T10:00,35.9,32,38.0,0.0,0.0,0,0,7.2,129,28.6139,77.209
2025-04-20T11:00,37.9,24,39.8,0.0,0.0,1,30,7.4,119,28.6139,77.209
2025-04-20T12:00,38.9,18,39.3,0.0,0.0,1,24,6.4,101,28.6139,77.209
2025-04-20T13:00,39.4,17,39.5,0.0,0.0,1,22,7.5,100,28.6139,77.209
2025-04-20T14:00,40.0,15,39.9,0.0,0.0,0,16,6.5,96,28.6139,77.209
2025-04-20T15:00,39.3,16,38.0,0.0,0.0,0,14,7.7,36,28.6139,77.209
2025-04-20T16:00,36.0,30,35.4,0.0,0.0,1,29,17.4,46,28.6139,77.209
2025-04-20T17:00,35.6,27,34.4,0.0,0.0,0,10,15.4,67,28.6139,77.209
2025-04-20T18:00,38.8,14,36.8,0.0,0.0,0,3,7.2,167,28.6139,77.209
2025-04-20T19:00,35.9,17,34.6,0.0,0.0,0,0,3.6,60,28.6139,77.209
2025-04-20T20:00,34.4,24,33.2,0.0,0.0,0,0,9.0,74,28.6139,77.209
2025-04-20T21:00,33.0,30,32.9,0.0,0.0,0,0,8.0,98,28.6139,77.209
2025-04-20T22:00,32.0,35,32.1,0.0,0.0,0,2,9.2,96,28.6139,77.209
2025-04-20T23:00,31.2,37,32.0,0.0,0.0,0,7,5.4,92,28.6139,77.209
2025-04-21T00:00,30.0,41,31.3,0.0,0.0,0,0,3.1,80,28.6139,77.209
2025-04-21T01:00,29.4,41,30.5,0.0,0.0,0,0,3.9,62,28.6139,77.209
2025-04-21T02:00,28.8,43,29.6,0.0,0.0,0,0,5.8,76,28.6139,77.209
2025-04-21T03:00,28.0,46,29.0,0.0,0.0,0,0,4.9,92,28.6139,77.209
2025-04-21T04:00,27.3,48,28.4,0.0,0.0,0,0,4.9,90,28.6139,77.209
2025-04-21T05:00,26.3,52,27.8,0.0,0.0,0,0,3.4,115,28.6139,77.209
2025-04-21T06:00,29.1,54,32.2,0.0,0.0,0,0,1.3,214,28.6139,77.209
2025-04-21T07:00,30.3,46,32.2,0.0,0.0,0,0,4.6,231,28.6139,77.209
2025-04-21T08:00,31.9,38,33.0,0.0,0.0,0,0,5.1,287,28.6139,77.209
2025-04-21T09:00,34.1,30,34.7,0.0,0.0,0,0,4.2,258,28.6139,77.209
2025-04-21T10:00,36.6,20,36.9,0.0,0.0,0,0,5.2,248,28.6139,77.209
2025-04-21T11:00,38.5,14,38.3,0.0,0.0,0,0,6.7,246,28.6139,77.209
2025-04-21T12:00,39.6,10,38.7,0.0,0.0,0,0,8.6,244,28.6139,77.209
2025-04-21T13:00,40.3,8,38.9,0.0,0.0,1,40,9.8,244,28.6139,77.209
2025-04-21T14:00,40.4,7,38.0,0.0,0.0,3,98,10.2,246,28.6139,77.209
2025-04-21T15:00,40.2,6,36.8,0.0,0.0,3,98,9.6,254,28.6139,77.209
2025-04-21T16:00,39.8,6,35.8,0.0,0.0,1,49,8.2,261,28.6139,77.209
2025-04-21T17:00,39.3,6,35.2,0.0,0.0,2,68,8.3,288,28.6139,77.209
2025-04-21T18:00,37.7,6,33.8,0.0,0.0,2,57,7.3,298,28.6139,77.209
2025-04-21T19:00,36.0,5,31.2,0.0,0.0,2,51,11.3,262,28.6139,77.209
2025-04-21T20:00,34.4,6,29.5,0.0,0.0,0,8,11.9,280,28.6139,77.209
2025-04-21T21:00,32.8,8,28.5,0.0,0.0,0,5,9.4,269,28.6139,77.209
2025-04-21T22:00,31.6,9,27.4,0.0,0.0,0,0,8.9,291,28.6139,77.209
2025-04-21T23:00,30.3,9,26.3,0.0,0.0,0,0,7.1,294,28.6139,77.209
2025-04-22T00:00,29.3,9,25.5,0.0,0.0,0,0,6.2,277,28.6139,77.209
2025-04-22T01:00,28.6,10,24.6,0.0,0.0,0,0,7.0,269,28.6139,77.209
2025-04-22T02:00,27.4,11,23.3,0.0,0.0,0,0,8.2,262,28.6139,77.209
2025-04-22T03:00,26.2,13,22.5,0.0,0.0,0,0,6.8,288,28.6139,77.209
2025-04-22T04:00,25.0,14,21.4,0.0,0.0,0,0,5.7,281,28.6139,77.209
2025-04-22T05:00,24.6,15,20.7,0.0,0.0,0,0,8.2,256,28.6139,77.209
2025-04-22T06:00,25.4,19,22.0,0.0,0.0,0,0,8.3,256,28.6139,77.209
2025-04-22T07:00,26.9,17,23.3,0.0,0.0,0,0,9.6,257,28.6139,77.209
2025-04-22T08:00,30.1,15,26.8,0.0,0.0,0,0,8.0,264,28.6139,77.209
2025-04-22T09:00,33.5,13,30.3,0.0,0.0,0,0,9.0,270,28.6139,77.209
2025-04-22T10:00,36.2,11,34.0,0.0,0.0,0,0,9.7,270,28.6139,77.209
2025-04-22T11:00,38.1,6,35.5,0.0,0.0,0,0,11.5,271,28.6139,77.209
2025-04-22T12:00,38.8,6,36.5,0.0,0.0,0,0,11.4,273,28.6139,77.209
2025-04-22T13:00,39.3,5,36.9,0.0,0.0,0,0,11.2,271,28.6139,77.209
2025-04-22T14:00,39.5,6,36.8,0.0,0.0,0,0,11.0,275,28.6139,77.209
2025-04-22T15:00,39.2,7,35.8,0.0,0.0,0,0,11.7,285,28.6139,77.209
2025-04-22T16:00,38.7,7,34.4,0.0,0.0,0,0,12.2,294,28.6139,77.209
2025-04-22T17:00,37.8,7,33.4,0.0,0.0,0,0,11.8,306,28.6139,77.209
2025-04-22T18:00,36.4,7,32.6,0.0,0.0,0,0,7.0,310,28.6139,77.209
2025-04-22T19:00,34.2,9,30.8,0.0,0.0,0,0,4.6,306,28.6139,77.209
2025-04-22T20:00,33.3,9,29.8,0.0,0.0,0,0,5.8,286,28.6139,77.209
2025-04-22T21:00,32.7,10,28.7,0.0,0.0,0,0,9.6,279,28.6139,77.209
2025-04-22T22:00,31.1,10,27.1,0.0,0.0,0,0,9.0,283,28.6139,77.209
2025-04-22T23:00,29.6,10,25.5,0.0,0.0,0,0,8.1,275,28.6139,77.209
2025-04-23T00:00,28.5,10,24.5,0.0,0.0,0,0,7.0,283,28.6139,77.209
2025-04-23T01:00,27.3,11,23.4,0.0,0.0,0,0,6.7,290,28.6139,77.209
2025-04-23T02:00,26.2,12,22.4,0.0,0.0,0,0,6.7,267,28.6139,77.209
2025-04-23T03:00,25.1,14,21.5,0.0,0.0,0,0,5.9,272,28.6139,77.209
2025-04-23T04:00,24.4,15,20.9,0.0,0.0,0,0,5.8,275,28.6139,77.209
2025-04-23T05:00,23.8,16,20.4,0.0,0.0,0,0,5.4,264,28.6139,77.209
2025-04-23T06:00,24.9,21,22.2,0.0,0.0,0,0,4.5,268,28.6139,77.209
2025-04-23T07:00,26.9,20,24.1,0.0,0.0,0,0,6.4,259,28.6139,77.209
2025-04-23T08:00,29.7,18,27.0,0.0,0.0,0,0,7.4,266,28.6139,77.209
2025-04-23T09:00,32.6,17,30.2,0.0,0.0,0,0,7.9,267,28.6139,77.209
2025-04-23T10:00,35.6,15,34.3,0.0,0.0,0,0,8.3,272,28.6139,77.209
2025-04-23T11:00,37.6,9,35.5,0.0,0.0,0,0,11.4,285,28.6139,77.209
2025-04-23T12:00,38.6,7,36.2,0.0,0.0,0,0,13.1,288,28.6139,77.209
2025-04-23T13:00,39.1,6,36.4,0.0,0.0,0,0,13.7,292,28.6139,77.209
2025-04-23T14:00,39.2,7,36.2,0.0,0.0,0,0,13.5,293,28.6139,77.209
2025-04-23T15:00,39.0,7,35.3,0.0,0.0,0,0,13.0,292,28.6139,77.209
2025-04-23T16:00,38.6,7,34.2,0.0,0.0,0,0,12.2,295,28.6139,77.209
2025-04-23T17:00,37.8,7,33.4,0.0,0.0,0,0,11.4,298,28.6139,77.209
2025-04-23T18:00,36.5,8,32.6,0.0,0.0,0,0,8.6,303,28.6139,77.209
2025-04-23T19:00,34.5,9,31.2,0.0,0.0,0,0,5.3,294,28.6139,77.209
2025-04-23T20:00,33.6,10,30.2,0.0,0.0,0,0,5.9,282,28.6139,77.209
2025-04-23T21:00,32.7,10,29.1,0.0,0.0,0,0,7.8,275,28.6139,77.209
2025-04-23T22:00,32.0,10,28.1,0.0,0.0,0,0,8.6,270,28.6139,77.209
2025-04-23T23:00,29.9,11,26.3,0.0,0.0,0,0,6.5,262,28.6139,77.209
2025-04-24T00:00,29.0,12,25.3,0.0,0.0,0,0,6.5,275,28.6139,77.209
2025-04-24T01:00,27.3,13,24.0,0.0,0.0,0,0,4.5,320,28.6139,77.209
2025-04-24T02:00,26.6,14,23.3,0.0,0.0,0,0,4.9,306,28.6139,77.209
2025-04-24T03:00,26.2,14,22.9,0.0,0.0,0,0,4.9,276,28.6139,77.209
2025-04-24T04:00,25.6,14,21.9,0.0,0.0,0,0,6.7,254,28.6139,77.209
2025-04-24T05:00,24.4,15,20.8,0.0,0.0,0,0,6.6,259,28.6139,77.209
2025-04-24T06:00,25.2,18,22.1,0.0,0.0,0,0,6.1,265,28.6139,77.209
2025-04-24T07:00,27.0,17,23.8,0.0,0.0,0,0,7.2,252,28.6139,77.209
2025-04-24T08:00,29.9,14,26.8,0.0,0.0,0,0,6.1,273,28.6139,77.209
2025-04-24T09:00,33.0,11,30.0,0.0,0.0,0,0,6.0,267,28.6139,77.209
2025-04-24T10:00,36.3,10,34.6,0.0,0.0,0,0,5.1,266,28.6139,77.209
2025-04-24T11:00,38.4,7,37.1,0.0,0.0,0,0,5.4,270,28.6139,77.209
2025-04-24T12:00,39.7,6,38.2,0.0,0.0,0,0,6.8,273,28.6139,77.209
2025-04-24T13:00,40.4,5,37.9,0.0,0.0,0,0,11.4,275,28.6139,77.209
2025-04-24T14:00,40.3,5,36.6,0.0,0.0,0,0,15.3,269,28.6139,77.209
2025-04-24T15:00,39.9,5,35.7,0.0,0.0,0,0,14.1,274,28.6139,77.209
2025-04-24T16:00,39.5,5,34.9,0.0,0.0,0,0,11.4,308,28.6139,77.209
2025-04-24T17:00,38.7,5,33.9,0.0,0.0,0,0,12.8,341,28.6139,77.209
2025-04-24T18:00,37.7,7,33.8,0.0,0.0,0,0,7.6,317,28.6139,77.209
2025-04-24T19:00,35.6,10,33.0,0.0,0.0,0,0,2.1,345,28.6139,77.209
2025-04-24T20:00,33.9,15,32.4,0.0,0.0,0,0,0.4,117,28.6139,77.209
2025-04-24T21:00,32.4,11,29.1,0.0,0.0,0,0,5.4,200,28.6139,77.209
2025-04-24T22:00,31.4,16,29.5,0.0,0.0,0,0,1.0,158,28.6139,77.209
2025-04-24T23:00,29.8,14,26.2,0.0,0.0,0,0,9.1,150,28.6139,77.209
2025-04-25T00:00,29.4,14,26.2,0.0,0.0,0,0,6.7,177,28.6139,77.209
2025-04-25T01:00,29.3,13,25.9,0.0,0.0,0,0,6.7,194,28.6139,77.209
2025-04-25T02:00,28.1,15,25.7,0.0,0.0,0,0,0.6,342,28.6139,77.209
2025-04-25T03:00,27.0,20,25.0,0.0,0.0,0,0,1.1,18,28.6139,77.209
2025-04-25T04:00,25.6,20,23.0,0.0,0.0,0,0,3.8,131,28.6139,77.209
2025-04-25T05:00,25.3,21,22.5,0.0,0.0,0,0,5.9,153,28.6139,77.209
2025-04-25T06:00,26.4,24,24.2,0.0,0.0,0,0,5.6,174,28.6139,77.209
2025-04-25T07:00,29.0,20,26.4,0.0,0.0,0,0,7.5,249,28.6139,77.209
2025-04-25T08:00,31.4,16,28.7,0.0,0.0,0,0,6.8,212,28.6139,77.209
2025-04-25T09:00,34.9,12,32.5,0.0,0.0,0,0,4.6,291,28.6139,77.209
2025-04-25T10:00,37.3,10,35.7,0.0,0.0,0,0,5.4,312,28.6139,77.209
2025-04-25T11:00,39.7,7,38.3,0.0,0.0,0,0,5.5,316,28.6139,77.209
2025-04-25T12:00,41.0,4,39.1,0.0,0.0,0,0,7.9,344,28.6139,77.209
2025-04-25T13:00,41.6,5,39.1,0.0,0.0,0,0,10.6,342,28.6139,77.209
2025-04-25T14:00,41.4,5,38.1,0.0,0.0,0,2,13.3,341,28.6139,77.209
2025-04-25T15:00,41.0,6,36.9,0.0,0.0,0,8,14.3,319,28.6139,77.209
2025-04-25T16:00,40.2,6,35.6,0.0,0.0,0,11,13.0,305,28.6139,77.209
2025-04-25T17:00,39.8,6,35.1,0.0,0.0,0,4,13.1,293,28.6139,77.209
2025-04-25T18:00,38.5,6,34.2,0.0,0.0,0,2,9.9,2,28.6139,77.209
2025-04-25T19:00,35.9,11,32.6,0.0,0.0,0,0,8.8,47,28.6139,77.209
2025-04-25T20:00,33.9,15,32.2,0.0,0.0,0,0,1.8,96,28.6139,77.209
2025-04-25T21:00,32.7,18,31.3,0.0,0.0,0,0,1.0,121,28.6139,77.209
2025-04-25T22:00,32.2,23,31.7,0.0,0.0,0,0,0.9,79,28.6139,77.209
2025-04-25T23:00,31.0,16,28.4,0.0,0.0,0,0,5.5,49,28.6139,77.209
2025-04-26T00:00,31.8,13,28.4,0.0,0.0,0,0,8.1,39,28.6139,77.209
2025-04-26T01:00,30.7,12,27.3,0.0,0.0,0,0,6.7,24,28.6139,77.209
2025-04-26T02:00,29.6,13,26.2,0.0,0.0,2,51,6.8,32,28.6139,77.209
2025-04-26T03:00,29.1,15,26.7,0.0,0.0,0,2,1.9,299,28.6139,77.209
2025-04-26T04:00,27.7,15,24.4,0.0,0.0,0,9,6.5,247,28.6139,77.209
2025-04-26T05:00,26.0,18,23.2,0.0,0.0,2,55,4.4,238,28.6139,77.209
2025-04-26T06:00,26.8,28,25.6,0.0,0.0,1,36,2.2,235,28.6139,77.209
2025-04-26T07:00,28.9,23,27.2,0.0,0.0,0,0,5.1,225,28.6139,77.209
2025-04-26T08:00,33.2,17,31.4,0.0,0.0,1,20,3.7,194,28.6139,77.209
2025-04-26T09:00,37.0,11,34.6,0.0,0.0,0,14,4.4,171,28.6139,77.209
2025-04-26T10:00,39.2,7,37.2,0.0,0.0,0,15,5.0,134,28.6139,77.209
2025-04-26T11:00,40.4,6,38.7,0.0,0.0,2,79,5.8,141,28.6139,77.209
2025-04-26T12:00,41.5,5,39.7,0.0,0.0,1,38,7.7,181,28.6139,77.209
2025-04-26T13:00,41.4,7,38.9,0.0,0.0,3,92,13.4,195,28.6139,77.209
2025-04-26T14:00,38.6,10,34.0,0.0,0.0,3,100,17.9,236,28.6139,77.209
2025-04-26T15:00,39.5,8,35.6,0.0,0.0,2,71,11.4,299,28.6139,77.209
2025-04-26T16:00,39.5,8,35.2,0.0,0.0,1,39,15.0,354,28.6139,77.209
2025-04-26T17:00,38.6,8,33.6,0.0,0.0,1,20,18.8,357,28.6139,77.209
2025-04-26T18:00,37.1,10,32.9,0.0,0.0,3,98,14.3,247,28.6139,77.209
2025-04-26T19:00,35.9,11,32.1,0.0,0.0,3,95,11.2,266,28.6139,77.209
2025-04-26T20:00,34.7,12,31.6,0.0,0.0,3,97,7.4,267,28.6139,77.209
2025-04-26T21:00,33.4,14,30.8,0.0,0.0,3,100,5.5,261,28.6139,77.209
2025-04-26T22:00,32.2,16,29.7,0.0,0.0,3,100,6.2,221,28.6139,77.209
2025-04-26T23:00,31.5,17,29.1,0.0,0.0,3,100,5.8,234,28.6139,77.209
2025-04-27T00:00,31.1,18,28.6,0.0,0.0,3,100,6.8,259,28.6139,77.209
2025-04-27T01:00,30.5,19,28.1,0.0,0.0,3,89,6.8,228,28.6139,77.209
2025-04-27T02:00,29.7,20,27.3,0.0,0.0,2,54,7.2,342,28.6139,77.209
2025-04-27T03:00,29.1,19,26.7,0.0,0.0,1,33,5.9,12,28.6139,77.209
2025-04-27T04:00,28.6,19,26.1,0.0,0.0,3,95,5.7,349,28.6139,77.209
2025-04-27T05:00,28.3,19,25.7,0.0,0.0,3,98,5.9,14,28.6139,77.209
2025-04-27T06:00,29.4,25,28.1,0.0,0.0,1,47,3.7,137,28.6139,77.209
2025-04-27T07:00,30.5,24,29.1,0.0,0.0,0,6,4.9,197,28.6139,77.209
2025-04-27T08:00,32.9,20,31.4,0.0,0.0,0,9,4.8,222,28.6139,77.209
2025-04-27T09:00,35.1,14,33.2,0.0,0.0,0,0,2.8,255,28.6139,77.209
2025-04-27T10:00,37.1,11,36.0,0.0,0.0,0,0,2.4,253,28.6139,77.209
2025-04-27T11:00,38.5,10,38.1,0.0,0.0,0,6,3.1,280,28.6139,77.209
2025-04-27T12:00,39.8,8,39.0,0.0,0.0,0,18,3.6,303,28.6139,77.209
2025-04-27T13:00,40.6,7,39.4,0.0,0.0,0,19,5.2,335,28.6139,77.209
2025-04-27T14:00,40.8,7,38.7,0.0,0.0,0,2,6.5,332,28.6139,77.209
2025-04-27T15:00,40.8,7,38.3,0.0,0.0,0,9,4.0,328,28.6139,77.209
2025-04-27T16:00,40.5,7,37.4,0.0,0.0,0,7,4.9,2,28.6139,77.209
2025-04-27T17:00,39.2,7,35.1,0.0,0.0,0,12,11.2,12,28.6139,77.209
2025-04-27T18:00,38.1,7,34.8,0.0,0.0,0,1,4.0,355,28.6139,77.209
2025-04-27T19:00,36.2,13,34.5,0.0,0.0,0,0,0.4,27,28.6139,77.209
2025-04-27T20:00,35.0,11,32.4,0.0,0.0,0,0,2.7,122,28.6139,77.209
2025-04-27T21:00,34.2,10,30.4,0.0,0.0,0,0,9.2,107,28.6139,77.209
2025-04-27T22:00,32.1,13,29.2,0.0,0.0,0,0,5.3,162,28.6139,77.209
2025-04-27T23:00,30.9,15,28.4,0.0,0.0,0,0,3.7,219,28.6139,77.209
2025-04-28T00:00,30.1,16,27.9,0.0,0.0,0,0,2.4,138,28.6139,77.209
2025-04-28T01:00,28.9,17,26.3,0.0,0.0,0,0,4.6,162,28.6139,77.209
2025-04-28T02:00,28.5,19,26.4,0.0,0.0,0,0,2.0,180,28.6139,77.209
2025-04-28T03:00,27.9,18,25.2,0.0,0.0,0,0,5.5,234,28.6139,77.209
2025-04-28T04:00,26.5,21,24.2,0.0,0.0,0,0,3.8,180,28.6139,77.209
2025-04-28T05:00,26.5,22,24.8,0.0,0.0,0,0,0.8,135,28.6139,77.209
2025-04-28T06:00,27.9,27,26.4,0.0,0.0,0,0,5.4,127,28.6139,77.209
2025-04-28T07:00,28.9,26,27.0,0.0,0.0,0,0,8.3,104,28.6139,77.209
2025-04-28T08:00,30.6,24,28.5,0.0,0.0,0,0,9.5,117,28.6139,77.209
2025-04-28T09:00,33.3,20,31.4,0.0,0.0,0,0,8.5,125,28.6139,77.209
2025-04-28T10:00,35.7,17,34.9,0.0,0.0,0,0,7.7,126,28.6139,77.209
2025-04-28T11:00,37.6,15,37.5,0.0,0.0,0,0,7.1,128,28.6139,77.209
2025-04-28T12:00,39.2,13,39.5,0.0,0.0,0,10,5.3,142,28.6139,77.209
2025-04-28T13:00,40.0,11,39.8,0.0,0.0,0,2,4.4,153,28.6139,77.209
2025-04-28T14:00,40.7,9,40.2,0.0,0.0,1,32,2.4,107,28.6139,77.209
2025-04-28T15:00,41.1,8,39.1,0.0,0.0,3,80,4.4,38,28.6139,77.209
2025-04-28T16:00,40.0,9,36.2,0.0,0.0,3,100,13.0,49,28.6139,77.209
2025-04-28T17:00,37.2,15,33.8,0.0,0.0,1,38,16.4,51,28.6139,77.209
2025-04-28T18:00,35.3,19,32.3,0.0,0.0,0,4,17.3,63,28.6139,77.209
2025-04-28T19:00,33.6,23,31.5,0.0,0.0,0,0,13.4,59,28.6139,77.209
2025-04-28T20:00,32.3,27,31.4,0.0,0.0,0,0,8.6,82,28.6139,77.209
2025-04-28T21:00,31.4,30,30.3,0.0,0.0,0,0,10.3,103,28.6139,77.209
2025-04-28T22:00,30.4,32,29.0,0.0,0.0,0,0,13.5,100,28.6139,77.209
2025-04-28T23:00,29.6,33,28.2,0.0,0.0,0,0,11.9,110,28.6139,77.209
2025-04-29T00:00,28.8,33,27.4,0.0,0.0,0,0,10.8,120,28.6139,77.209
2025-04-29T01:00,28.0,34,26.4,0.0,0.0,0,0,11.9,129,28.6139,77.209
2025-04-29T02:00,27.4,35,25.7,0.0,0.0,0,0,13.1,128,28.6139,77.209
2025-04-29T03:00,26.7,37,24.9,0.0,0.0,0,0,13.9,124,28.6139,77.209
2025-04-29T04:00,25.9,40,24.3,0.0,0.0,0,0,13.5,115,28.6139,77.209
2025-04-29T05:00,25.0,45,23.9,0.0,0.0,0,0,12.6,92,28.6139,77.209
2025-04-29T06:00,25.1,59,25.5,0.0,0.0,0,0,12.3,82,28.6139,77.209
2025-04-29T07:00,25.9,58,26.3,0.0,0.0,0,0,14.2,91,28.6139,77.209
2025-04-29T08:00,27.5,53,27.8,0.0,0.0,0,0,15.0,100,28.6139,77.209
2025-04-29T09:00,29.8,45,29.8,0.0,0.0,0,0,14.9,102,28.6139,77.209
2025-04-29T10:00,32.1,38,32.9,0.0,0.0,0,0,14.0,106,28.6139,77.209
2025-04-29T11:00,34.0,32,35.4,0.0,0.0,0,0,12.6,109,28.6139,77.209
2025-04-29T12:00,35.5,29,37.3,0.0,0.0,0,0,10.7,112,28.6139,77.209
2025-04-29T13:00,36.6,26,38.5,0.0,0.0,0,0,8.7,114,28.6139,77.209
2025-04-29T14:00,37.2,24,38.7,0.0,0.0,0,9,6.5,122,28.6139,77.209
2025-04-29T15:00,37.5,22,38.1,0.0,0.0,0,17,3.9,137,28.6139,77.209
2025-04-29T16:00,37.3,20,36.6,0.0,0.0,0,5,5.4,166,28.6139,77.209
2025-04-29T17:00,36.9,19,35.7,0.0,0.0,0,17,7.1,146,28.6139,77.209
2025-04-29T18:00,35.4,22,34.8,0.0,0.0,0,1,4.8,135,28.6139,77.209
2025-04-29T19:00,34.4,25,33.5,0.0,0.0,0,0,8.4,97,28.6139,77.209
2025-04-29T20:00,32.8,30,32.0,0.0,0.0,0,0,10.8,89,28.6139,77.209
2025-04-29T21:00,31.9,32,31.6,0.0,0.0,0,0,8.1,85,28.6139,77.209
2025-04-29T22:00,30.8,35,30.5,0.0,0.0,0,0,9.5,75,28.6139,77.209
2025-04-29T23:00,29.9,39,30.1,0.0,0.0,0,0,8.6,92,28.6139,77.209
2025-04-30T00:00,29.1,41,29.5,0.0,0.0,0,0,7.7,111,28.6139,77.209
2025-04-30T01:00,28.3,43,28.7,0.0,0.0,0,0,7.7,123,28.6139,77.209
2025-04-30T02:00,27.8,45,28.0,0.0,0.0,0,0,9.1,117,28.6139,77.209
2025-04-30T03:00,27.4,46,27.6,0.0,0.0,0,0,9.0,125,28.6139,77.209
2025-04-30T04:00,26.9,48,27.0,0.0,0.0,0,0,9.9,122,28.6139,77.209
2025-04-30T05:00,26.3,50,26.5,0.0,0.0,0,0,9.4,113,28.6139,77.209
2025-04-30T06:00,26.7,54,27.7,0.0,0.0,0,0,9.0,110,28.6139,77.209
2025-04-30T07:00,27.5,53,28.6,0.0,0.0,0,0,9.9,100,28.6139,77.209
2025-04-30T08:00,29.1,50,30.3,0.0,0.0,0,0,10.7,106,28.6139,77.209
2025-04-30T09:00,31.2,45,32.3,0.0,0.0,0,0,11.8,113,28.6139,77.209
2025-04-30T10:00,33.2,38,35.0,0.0,0.0,0,0,11.0,122,28.6139,77.209
2025-04-30T11:00,34.8,32,37.1,0.0,0.0,1,23,8.8,125,28.6139,77.209
2025-04-30T12:00,35.8,28,37.7,0.0,0.0,0,15,7.4,131,28.6139,77.209
2025-04-30T13:00,36.5,26,38.2,0.0,0.0,1,30,6.7,136,28.6139,77.209
2025-04-30T14:00,36.8,24,38.0,0.0,0.0,2,50,5.5,167,28.6139,77.209
2025-04-30T15:00,36.4,24,36.5,0.0,0.0,3,96,4.1,182,28.6139,77.209
2025-04-30T16:00,35.3,26,34.9,0.0,0.0,3,98,8.9,351,28.6139,77.209
2025-04-30T17:00,34.7,27,33.9,0.0,0.0,3,92,12.3,353,28.6139,77.209
2025-04-30T18:00,34.6,25,33.5,0.0,0.0,2,75,10.6,94,28.6139,77.209
2025-04-30T19:00,33.6,26,32.5,0.0,0.0,1,46,10.5,84,28.6139,77.209
2025-04-30T20:00,32.6,28,32.0,0.0,0.0,0,4,7.4,86,28.6139,77.209
2025-04-30T21:00,31.8,29,31.1,0.0,0.0,0,2,8.3,103,28.6139,77.209
2025-04-30T22:00,30.9,33,30.0,0.0,0.0,0,0,11.3,98,28.6139,77.209
2025-04-30T23:00,29.6,39,29.3,0.0,0.0,0,0,10.9,102,28.6139,77.209
2025-05-01T00:00,28.6,42,28.5,0.0,0.0,0,0,10.8,108,28.6139,77.209
2025-05-01T01:00,28.0,44,27.8,0.0,0.0,0,0,10.9,117,28.6139,77.209
2025-05-01T02:00,27.4,45,27.2,0.0,0.0,0,0,11.9,124,28.6139,77.209
2025-05-01T03:00,26.9,47,26.7,0.0,0.0,0,0,11.9,122,28.6139,77.209
2025-05-01T04:00,26.4,49,26.3,0.0,0.0,0,0,12.0,126,28.6139,77.209
2025-05-01T05:00,25.9,51,25.8,0.0,0.0,0,0,12.1,123,28.6139,77.209
2025-05-01T06:00,27.4,61,29.6,0.0,0.0,0,0,8.2,99,28.6139,77.209
2025-05-01T07:00,28.4,58,30.4,0.0,0.0,0,0,10.4,100,28.6139,77.209
2025-05-01T08:00,30.0,53,31.5,0.0,0.0,0,0,13.0,108,28.6139,77.209
2025-05-01T09:00,32.0,45,33.2,0.0,0.0,0,0,12.7,115,28.6139,77.209
2025-05-01T10:00,34.0,36,35.3,0.0,0.0,0,5,12.8,121,28.6139,77.209
2025-05-01T11:00,35.4,29,36.8,0.0,0.0,1,47,10.3,119,28.6139,77.209
2025-05-01T12:00,36.2,26,37.5,0.0,0.0,2,60,7.9,120,28.6139,77.209
2025-05-01T13:00,36.6,25,37.5,0.0,0.0,0,14,6.8,130,28.6139,77.209
2025-05-01T14:00,37.6,19,38.5,0.0,0.0,3,100,2.2,24,28.6139,77.209
2025-05-01T15:00,36.3,19,35.1,0.0,0.0,3,100,5.4,75,28.6139,77.209
2025-05-01T16:00,36.5,20,35.1,0.0,0.0,2,57,8.9,72,28.6139,77.209
2025-05-01T17:00,35.4,23,34.0,0.0,0.0,2,77,11.3,83,28.6139,77.209
2025-05-01T18:00,35.4,22,34.6,0.0,0.0,3,100,6.6,64,28.6139,77.209
2025-05-01T19:00,34.2,24,33.2,0.0,0.0,3,99,8.3,96,28.6139,77.209
2025-05-01T20:00,33.0,26,31.9,0.0,0.0,3,98,9.5,91,28.6139,77.209
2025-05-01T21:00,32.0,28,30.9,0.0,0.0,3,85,9.9,102,28.6139,77.209
2025-05-01T22:00,30.2,37,29.4,0.0,0.0,0,5,13.5,93,28.6139,77.209
2025-05-01T23:00,28.9,45,28.6,0.0,0.0,1,20,14.7,101,28.6139,77.209
2025-05-02T00:00,28.4,46,28.3,0.0,0.0,2,78,13.3,111,28.6139,77.209
2025-05-02T01:00,27.9,47,27.9,0.0,0.0,2,56,12.7,123,28.6139,77.209
2025-05-02T02:00,27.5,48,27.6,0.0,0.0,1,20,12.0,118,28.6139,77.209
2025-05-02T03:00,26.9,50,27.0,0.0,0.0,0,0,12.1,110,28.6139,77.209
2025-05-02T04:00,26.5,50,26.4,0.0,0.0,0,4,12.7,108,28.6139,77.209
2025-05-02T05:00,26.0,52,26.1,0.0,0.0,1,40,11.9,112,28.6139,77.209
2025-05-02T06:00,22.5,93,26.3,3.2,3.2,63,100,5.3,336,28.6139,77.209
2025-05-02T07:00,22.5,94,26.3,3.5,3.5,63,100,4.9,28,28.6139,77.209
2025-05-02T08:00,22.2,95,25.2,2.2,2.2,61,100,10.8,75,28.6139,77.209
2025-05-02T09:00,21.7,95,24.3,2.2,2.2,61,100,11.3,88,28.6139,77.209
2025-05-02T10:00,22.7,90,25.5,1.2,1.2,55,100,10.1,106,28.6139,77.209
2025-05-02T11:00,24.0,82,26.8,0.1,0.1,51,100,9.7,106,28.6139,77.209
2025-05-02T12:00,25.6,73,28.3,0.0,0.0,3,100,9.4,93,28.6139,77.209
2025-05-02T13:00,26.6,68,29.4,0.0,0.0,3,98,10.3,75,28.6139,77.209
2025-05-02T14:00,27.7,64,31.0,0.0,0.0,1,38,9.0,88,28.6139,77.209
2025-05-02T15:00,28.2,63,31.5,0.0,0.0,2,58,7.8,75,28.6139,77.209
2025-05-02T16:00,28.3,61,31.3,0.0,0.0,2,70,5.9,70,28.6139,77.209
2025-05-02T17:00,28.2,61,31.0,0.0,0.0,2,72,6.3,63,28.6139,77.209
2025-05-02T18:00,28.6,53,30.6,0.0,0.0,3,82,5.7,53,28.6139,77.209
2025-05-02T19:00,28.1,55,30.5,0.0,0.0,1,44,3.7,55,28.6139,77.209
2025-05-02T20:00,27.9,56,30.2,0.0,0.0,2,65,4.6,45,28.6139,77.209
2025-05-02T21:00,27.7,56,30.0,0.0,0.0,0,10,4.9,36,28.6139,77.209
2025-05-02T22:00,27.3,58,29.8,0.0,0.0,3,98,3.9,53,28.6139,77.209
2025-05-02T23:00,26.8,61,29.4,0.0,0.0,2,68,3.3,68,28.6139,77.209
2025-05-03T00:00,26.1,64,28.9,0.0,0.0,3,89,2.5,86,28.6139,77.209
2025-05-03T01:00,25.5,66,27.8,0.0,0.0,2,59,5.6,88,28.6139,77.209
2025-05-03T02:00,24.9,68,27.2,0.0,0.0,2,79,5.7,72,28.6139,77.209
2025-05-03T03:00,24.5,69,26.8,0.0,0.0,2,51,5.9,70,28.6139,77.209
2025-05-03T04:00,24.0,72,26.9,0.0,0.0,3,100,2.3,86,28.6139,77.209
2025-05-03T05:00,24.0,72,27.0,0.0,0.0,2,69,1.1,90,28.6139,77.209
2025-05-03T06:00,24.6,77,27.9,0.0,0.0,2,63,5.4,291,28.6139,77.209
2025-05-03T07:00,25.5,73,28.2,0.0,0.0,0,19,8.5,97,28.6139,77.209
2025-05-03T08:00,27.9,59,30.7,0.0,0.0,2,58,4.8,101,28.6139,77.209
2025-05-03T09:00,29.8,50,31.5,0.0,0.0,1,20,9.1,122,28.6139,77.209
2025-05-03T10:00,32.0,40,34.7,0.0,0.0,2,64,3.5,81,28.6139,77.209
2025-05-03T11:00,32.3,34,33.6,0.0,0.0,1,44,4.7,94,28.6139,77.209
2025-05-03T12:00,33.9,31,35.3,0.0,0.0,0,15,7.4,137,28.6139,77.209
2025-05-03T13:00,35.4,29,38.1,0.0,0.0,1,28,4.8,127,28.6139,77.209
2025-05-03T14:00,28.4,56,32.1,3.4,3.4,63,98,2.9,7,28.6139,77.209
2025-05-03T15:00,29.6,48,31.8,0.0,0.0,3,98,3.1,59,28.6139,77.209
2025-05-03T16:00,30.5,45,32.0,0.0,0.0,3,93,6.9,67,28.6139,77.209
2025-05-03T17:00,30.3,45,32.1,0.0,0.0,3,100,4.1,142,28.6139,77.209
2025-05-03T18:00,28.4,49,29.0,0.0,0.0,2,67,12.3,151,28.6139,77.209
2025-05-03T19:00,28.8,49,30.2,0.0,0.0,3,100,7.1,190,28.6139,77.209
2025-05-03T20:00,28.9,48,30.5,0.0,0.0,3,80,5.1,212,28.6139,77.209
2025-05-03T21:00,28.5,49,30.3,0.0,0.0,3,100,4.0,148,28.6139,77.209
2025-05-03T22:00,28.1,50,29.9,0.0,0.0,3,100,3.6,153,28.6139,77.209
2025-05-03T23:00,27.6,51,29.0,0.0,0.0,3,100,6.0,187,28.6139,77.209
2025-05-04T00:00,27.1,52,28.5,0.0,0.0,3,100,5.5,197,28.6139,77.209
2025-05-04T01:00,26.8,53,28.5,0.0,0.0,2,51,3.4,180,28.6139,77.209
2025-05-04T02:00,26.2,55,27.9,0.0,0.0,2,65,4.0,122,28.6139,77.209
2025-05-04T03:00,25.6,58,27.0,0.0,0.0,3,100,6.0,107,28.6139,77.209
2025-05-04T04:00,24.9,62,26.5,0.0,0.0,3,100,6.1,109,28.6139,77.209
2025-05-04T05:00,24.4,64,26.0,0.0,0.0,3,100,6.3,117,28.6139,77.209
2025-05-04T06:00,27.4,64,30.8,0.0,0.0,3,99,3.1,7,28.6139,77.209
2025-05-04T07:00,28.1,65,31.9,0.0,0.0,3,85,3.4,65,28.6139,77.209
2025-05-04T08:00,30.0,59,33.9,0.0,0.0,3,98,3.6,87,28.6139,77.209
2025-05-04T09:00,32.1,49,35.1,0.0,0.0,3,91,5.4,110,28.6139,77.209
2025-05-04T10:00,34.0,39,37.0,0.0,0.0,2,77,4.7,113,28.6139,77.209
2025-05-04T11:00,34.8,35,38.5,0.0,0.0,2,74,2.4,81,28.6139,77.209
2025-05-04T12:00,32.0,41,33.9,0.0,0.0,3,94,7.8,128,28.6139,77.209
2025-05-04T13:00,32.3,40,33.3,0.4,0.4,51,96,11.5,125,28.6139,77.209
2025-05-04T14:00,31.1,49,34.4,1.6,1.6,61,99,0.8,117,28.6139,77.209
2025-05-04T15:00,31.5,45,33.6,0.0,0.0,3,100,4.9,90,28.6139,77.209
2025-05-04T16:00,32.5,41,34.5,0.0,0.0,3,100,4.0,117,28.6139,77.209
2025-05-04T17:00,32.3,41,34.0,0.0,0.0,3,100,6.6,69,28.6139,77.209
2025-05-04T18:00,32.7,36,33.1,0.0,0.0,3,100,10.3,95,28.6139,77.209
2025-05-04T19:00,31.5,40,32.9,0.0,0.0,3,96,5.8,86,28.6139,77.209
2025-05-04T20:00,31.0,43,32.7,0.0,0.0,3,100,4.2,140,28.6139,77.209
2025-05-04T21:00,30.7,45,33.1,0.0,0.0,3,95,1.0,292,28.6139,77.209
2025-05-04T22:00,30.2,46,32.2,0.0,0.0,3,100,3.6,53,28.6139,77.209
2025-05-04T23:00,29.1,52,31.3,0.0,0.0,3,91,6.0,87,28.6139,77.209
2025-05-05T00:00,27.8,62,30.5,0.0,0.0,0,5,7.4,91,28.6139,77.209
2025-05-05T01:00,26.8,68,29.8,0.0,0.0,0,0,7.4,94,28.6139,77.209
2025-05-05T02:00,26.1,72,29.0,0.0,0.0,3,87,8.7,107,28.6139,77.209
2025-05-05T03:00,25.7,73,28.6,0.0,0.0,3,100,7.9,110,28.6139,77.209
2025-05-05T04:00,25.3,74,28.5,0.0,0.0,3,99,6.1,76,28.6139,77.209
2025-05-05T05:00,25.0,74,27.9,0.0,0.0,2,65,6.4,72,28.6139,77.209
2025-05-05T06:00,24.2,71,26.1,0.0,0.0,3,99,8.0,96,28.6139,77.209
2025-05-05T07:00,25.4,65,27.0,0.0,0.0,3,100,9.8,110,28.6139,77.209
2025-05-05T08:00,27.0,60,28.5,0.0,0.0,3,100,10.5,110,28.6139,77.209
2025-05-05T09:00,29.0,53,30.5,0.0,0.0,3,100,11.1,119,28.6139,77.209
2025-05-05T10:00,31.2,45,33.1,0.0,0.0,3,100,9.7,124,28.6139,77.209
2025-05-05T11:00,32.8,39,35.0,0.0,0.0,3,99,8.6,131,28.6139,77.209
2025-05-05T12:00,33.8,34,36.1,0.0,0.0,3,100,6.9,149,28.6139,77.209
2025-05-05T13:00,35.0,30,36.9,0.0,0.0,3,100,4.0,148,28.6139,77.209
2025-05-05T14:00,35.6,28,37.3,0.0,0.0,3,100,2.7,82,28.6139,77.209
2025-05-05T15:00,33.0,36,33.2,0.1,0.1,51,100,12.7,15,28.6139,77.209
2025-05-05T16:00,32.9,37,33.5,0.0,0.0,3,100,10.1,44,28.6139,77.209
2025-05-05T17:00,32.0,40,32.3,0.0,0.0,3,100,13.4,43,28.6139,77.209
2025-05-05T18:00,28.4,60,31.0,0.0,0.0,3,100,7.8,44,28.6139,77.209
2025-05-05T19:00,27.0,66,29.3,0.0,0.0,3,100,10.1,70,28.6139,77.209
2025-05-05T20:00,25.9,71,28.8,0.0,0.0,3,100,7.8,71,28.6139,77.209
2025-05-05T21:00,25.3,75,28.1,0.0,0.0,3,100,8.4,83,28.6139,77.209
2025-05-05T22:00,24.7,77,27.9,0.0,0.0,3,100,6.3,90,28.6139,77.209
2025-05-05T23:00,24.2,79,27.1,0.0,0.0,3,100,7.1,96,28.6139,77.209
2025-05-06T00:00,23.8,80,26.7,0.0,0.0,3,81,6.6,99,28.6139,77.209
2025-05-06T01:00,23.4,82,26.6,0.0,0.0,1,25,4.8,121,28.6139,77.209
2025-05-06T02:00,23.1,83,26.4,0.0,0.0,0,0,4.0,129,28.6139,77.209
2025-05-06T03:00,22.9,83,26.1,0.0,0.0,0,0,4.1,103,28.6139,77.209
2025-05-06T04:00,22.6,85,25.6,0.0,0.0,0,12,5.6,63,28.6139,77.209
2025-05-06T05:00,22.2,87,25.4,0.0,0.0,3,90,4.2,78,28.6139,77.209
2025-05-06T06:00,23.6,81,26.8,0.0,0.0,3,100,5.3,78,28.6139,77.209
2025-05-06T07:00,24.9,75,28.1,0.0,0.0,3,99,4.9,82,28.6139,77.209
2025-05-06T08:00,26.7,66,29.7,0.0,0.0,3,100,5.8,86,28.6139,77.209
2025-05-06T09:00,28.7,57,31.0,0.0,0.0,3,100,7.7,79,28.6139,77.209
2025-05-06T10:00,30.4,49,33.1,0.0,0.0,3,100,7.6,78,28.6139,77.209
2025-05-06T11:00,31.6,44,34.6,0.0,0.0,3,100,7.2,78,28.6139,77.209
2025-05-06T12:00,32.8,40,35.7,0.0,0.0,3,100,8.2,82,28.6139,77.209
2025-05-06T13:00,33.5,38,35.9,0.0,0.0,3,100,8.3,90,28.6139,77.209
2025-05-06T14:00,34.4,33,36.0,0.0,0.0,3,100,7.6,102,28.6139,77.209
2025-05-06T15:00,28.1,59,28.8,0.3,0.3,51,83,19.3,72,28.6139,77.209
2025-05-06T16:00,30.3,48,32.1,0.1,0.1,51,77,7.6,105,28.6139,77.209
2025-05-06T17:00,30.6,47,31.9,0.0,0.0,1,27,10.2,99,28.6139,77.209
2025-05-06T18:00,29.4,52,31.3,0.0,0.0,1,32,8.8,62,28.6139,77.209
2025-05-06T19:00,28.0,58,30.0,0.0,0.0,0,16,8.4,83,28.6139,77.209
2025-05-06T20:00,27.4,57,29.2,0.0,0.0,2,57,8.3,84,28.6139,77.209
2025-05-06T21:00,26.8,60,28.6,0.0,0.0,3,97,8.5,91,28.6139,77.209
2025-05-06T22:00,26.1,62,28.0,0.0,0.0,3,98,8.3,104,28.6139,77.209
2025-05-06T23:00,25.6,64,27.4,0.0,0.0,3,100,8.7,111,28.6139,77.209
2025-05-07T00:00,25.2,67,27.1,0.0,0.0,3,100,8.2,112,28.6139,77.209
2025-05-07T01:00,24.9,69,27.0,0.0,0.0,3,100,7.6,108,28.6139,77.209
2025-05-07T02:00,24.6,71,26.9,0.0,0.0,3,100,7.1,99,28.6139,77.209
2025-05-07T03:00,24.3,73,26.8,0.0,0.0,3,100,6.7,98,28.6139,77.209
2025-05-07T04:00,24.0,75,26.4,0.0,0.0,1,44,7.4,91,28.6139,77.209
2025-05-07T05:00,23.7,77,25.8,0.0,0.0,2,78,9.1,120,28.6139,77.209
2025-05-07T06:00,24.8,78,27.8,0.0,0.0,3,93,7.9,93,28.6139,77.209
2025-05-07T07:00,25.8,74,28.9,0.0,0.0,3,94,7.8,99,28.6139,77.209
2025-05-07T08:00,27.6,64,30.3,0.0,0.0,2,63,7.6,109,28.6139,77.209
2025-05-07T09:00,29.0,57,31.5,0.0,0.0,3,99,7.5,111,28.6139,77.209
2025-05-07T10:00,30.0,52,32.2,0.1,0.1,51,100,10.7,106,28.6139,77.209
2025-05-07T11:00,31.0,46,33.0,0.0,0.0,3,99,10.5,102,28.6139,77.209
2025-05-07T12:00,32.3,41,34.6,0.0,0.0,3,100,10.0,84,28.6139,77.209
2025-05-07T13:00,33.2,38,35.2,0.0,0.0,3,93,10.6,81,28.6139,77.209
2025-05-07T14:00,33.3,37,34.9,0.3,0.3,51,86,10.0,81,28.6139,77.209
2025-05-07T15:00,32.8,39,33.8,0.0,0.0,2,58,10.0,51,28.6139,77.209
2025-05-07T16:00,32.8,39,33.8,0.0,0.0,2,62,9.5,53,28.6139,77.209
2025-05-07T17:00,31.4,42,32.3,0.0,0.0,2,73,10.4,69,28.6139,77.209
2025-05-07T18:00,27.1,74,31.5,0.1,0.1,51,57,3.3,13,28.6139,77.209
2025-05-07T19:00,26.9,74,31.4,0.0,0.0,0,1,1.8,45,28.6139,77.209
2025-05-07T20:00,26.7,76,31.1,0.0,0.0,0,1,3.6,33,28.6139,77.209
2025-05-07T21:00,26.2,74,30.1,0.0,0.0,0,8,4.1,61,28.6139,77.209
2025-05-07T22:00,25.8,77,29.9,0.0,0.0,1,37,3.2,90,28.6139,77.209
2025-05-07T23:00,25.3,79,29.4,0.0,0.0,0,19,3.3,77,28.6139,77.209
2025-05-08T00:00,25.1,80,29.4,0.0,0.0,2,66,1.8,79,28.6139,77.209
2025-05-08T01:00,24.8,81,28.9,0.0,0.0,1,43,2.8,108,28.6139,77.209
2025-05-08T02:00,24.6,82,28.6,0.0,0.0,2,55,3.5,81,28.6139,77.209
2025-05-08T03:00,24.3,82,28.1,0.0,0.0,1,21,3.9,53,28.6139,77.209
2025-05-08T04:00,24.2,81,27.7,0.0,0.0,0,9,4.4,69,28.6139,77.209
2025-05-08T05:00,23.9,81,27.2,0.0,0.0,0,5,4.8,70,28.6139,77.209
2025-05-08T06:00,24.4,82,28.3,2.5,2.5,63,98,3.2,267,28.6139,77.209
2025-05-08T07:00,25.0,81,28.2,0.0,0.0,3,99,9.4,29,28.6139,77.209
2025-05-08T08:00,26.7,68,29.8,0.0,0.0,0,14,6.2,80,28.6139,77.209
2025-05-08T09:00,29.4,57,32.0,0.0,0.0,0,5,8.2,54,28.6139,77.209
2025-05-08T10:00,31.0,51,33.8,0.0,0.0,0,2,9.9,52,28.6139,77.209
2025-05-08T11:00,30.7,51,33.9,0.0,0.0,1,30,11.6,74,28.6139,77.209
2025-05-08T12:00,31.2,48,33.9,0.0,0.0,2,62,9.9,94,28.6139,77.209
2025-05-08T13:00,31.6,47,34.5,0.0,0.0,3,97,9.4,125,28.6139,77.209
2025-05-08T14:00,31.3,49,33.7,0.0,0.0,3,100,7.5,110,28.6139,77.209
2025-05-08T15:00,31.9,48,34.9,0.0,0.0,3,100,4.6,108,28.6139,77.209
2025-05-08T16:00,29.8,54,32.4,0.2,0.2,51,98,6.1,85,28.6139,77.209
2025-05-08T17:00,29.8,56,32.7,0.0,0.0,3,91,6.4,52,28.6139,77.209
2025-05-08T18:00,32.4,36,33.7,0.0,0.0,1,33,2.9,101,28.6139,77.209
2025-05-08T19:00,31.2,43,33.2,0.0,0.0,1,24,3.1,54,28.6139,77.209
2025-05-08T20:00,30.3,46,32.1,0.0,0.0,1,21,5.6,63,28.6139,77.209
2025-05-08T21:00,29.2,52,31.5,0.0,0.0,0,6,5.3,82,28.6139,77.209
2025-05-08T22:00,28.4,56,30.8,0.0,0.0,0,12,5.2,96,28.6139,77.209
2025-05-08T23:00,27.9,57,30.2,0.0,0.0,1,25,6.5,82,28.6139,77.209
2025-05-09T00:00,26.9,63,28.9,0.0,0.0,1,35,9.8,28,28.6139,77.209
2025-05-09T01:00,26.3,65,28.5,0.0,0.0,2,64,8.2,64,28.6139,77.209
2025-05-09T02:00,26.0,66,28.4,0.0,0.0,2,78,6.9,75,28.6139,77.209
2025-05-09T03:00,25.8,67,28.4,0.0,0.0,1,35,5.4,96,28.6139,77.209
2025-05-09T04:00,25.5,69,28.4,0.0,0.0,0,18,4.2,102,28.6139,77.209
2025-05-09T05:00,25.1,71,28.0,0.0,0.0,0,13,4.0,117,28.6139,77.209
2025-05-09T06:00,26.3,67,29.2,0.0,0.0,0,19,5.4,110,28.6139,77.209
2025-05-09T07:00,27.5,62,30.3,0.0,0.0,0,5,5.2,88,28.6139,77.209
2025-05-09T08:00,29.6,55,32.9,0.0,0.0,1,23,2.4,107,28.6139,77.209
2025-05-09T09:00,31.6,48,34.5,0.0,0.0,0,16,4.0,141,28.6139,77.209
2025-05-09T10:00,32.8,44,36.0,0.0,0.0,0,11,5.2,136,28.6139,77.209
2025-05-09T11:00,34.0,39,37.3,0.0,0.0,0,12,6.9,115,28.6139,77.209
2025-05-09T12:00,35.2,35,38.6,0.0,0.0,0,9,6.8,119,28.6139,77.209
2025-05-09T13:00,36.3,31,39.4,0.0,0.0,0,13,6.3,121,28.6139,77.209
2025-05-09T14:00,37.0,29,39.0,0.0,0.0,1,27,7.3,130,28.6139,77.209
2025-05-09T15:00,37.1,28,38.0,0.0,0.0,3,100,7.6,121,28.6139,77.209
2025-05-09T16:00,32.9,43,34.7,1.0,1.0,55,88,9.1,195,28.6139,77.209
2025-05-09T17:00,31.9,45,34.0,0.1,0.1,51,92,7.2,338,28.6139,77.209
2025-05-09T18:00,34.1,34,35.3,0.0,0.0,1,35,5.0,167,28.6139,77.209
2025-05-09T19:00,33.0,37,34.3,0.0,0.0,1,38,5.4,146,28.6139,77.209
2025-05-09T20:00,32.1,39,33.6,0.0,0.0,0,19,4.3,152,28.6139,77.209
2025-05-09T21:00,31.1,44,33.3,0.0,0.0,0,11,2.4,222,28.6139,77.209
2025-05-09T22:00,30.4,46,32.7,0.0,0.0,0,8,2.8,252,28.6139,77.209
2025-05-09T23:00,29.9,54,33.2,0.0,0.0,0,9,1.3,286,28.6139,77.209
2025-05-10T00:00,29.5,54,32.7,0.0,0.0,0,8,1.2,129,28.6139,77.209
2025-05-10T01:00,28.9,55,31.9,0.0,0.0,0,7,2.3,135,28.6139,77.209
2025-05-10T02:00,28.7,54,31.5,0.0,0.0,0,9,1.3,106,28.6139,77.209
2025-05-10T03:00,28.1,52,30.2,0.0,0.0,0,6,3.4,115,28.6139,77.209
2025-05-10T04:00,27.5,54,29.4,0.0,0.0,1,20,4.5,104,28.6139,77.209
2025-05-10T05:00,26.6,59,29.0,0.0,0.0,1,30,3.3,84,28.6139,77.209
2025-05-10T06:00,28.3,60,31.3,0.0,0.0,1,32,4.4,55,28.6139,77.209
2025-05-10T07:00,29.7,55,33.0,0.0,0.0,1,21,2.8,63,28.6139,77.209
2025-05-10T08:00,32.0,47,34.9,0.0,0.0,0,6,3.6,87,28.6139,77.209
2025-05-10T09:00,33.8,39,36.1,0.0,0.0,0,2,3.6,99,28.6139,77.209
2025-05-10T10:00,35.1,35,37.7,0.0,0.0,0,11,4.8,110,28.6139,77.209
2025-05-10T11:00,36.2,32,39.3,0.0,0.0,0,16,4.9,126,28.6139,77.209
2025-05-10T12:00,37.1,30,40.3,0.0,0.0,3,100,4.8,143,28.6139,77.209
2025-05-10T13:00,36.2,30,37.3,0.0,0.0,3,100,5.6,263,28.6139,77.209
2025-05-10T14:00,29.1,60,30.6,1.5,1.5,61,45,18.2,346,28.6139,77.209
2025-05-10T15:00,32.2,45,34.3,0.0,0.0,1,31,7.2,84,28.6139,77.209
2025-05-10T16:00,32.9,45,35.2,0.0,0.0,1,27,8.6,20,28.6139,77.209
2025-05-10T17:00,31.5,50,34.0,0.0,0.0,3,84,8.5,38,28.6139,77.209
2025-05-10T18:00,31.6,51,35.2,0.0,0.0,0,8,2.7,37,28.6139,77.209
2025-05-10T19:00,30.2,57,33.7,0.0,0.0,0,5,5.0,41,28.6139,77.209
2025-05-10T20:00,29.4,68,34.3,0.0,0.0,2,63,3.0,65,28.6139,77.209
2025-05-10T21:00,29.3,69,34.5,0.0,0.0,1,28,2.0,100,28.6139,77.209
2025-05-10T22:00,29.1,67,34.1,0.0,0.0,0,13,0.6,124,28.6139,77.209
2025-05-10T23:00,28.6,69,33.5,0.0,0.0,0,0,1.0,135,28.6139,77.209
2025-05-11T00:00,28.2,70,32.9,0.0,0.0,0,0,1.4,157,28.6139,77.209
2025-05-11T01:00,27.4,73,32.1,0.0,0.0,0,0,2.3,203,28.6139,77.209
2025-05-11T02:00,26.7,73,30.7,0.0,0.0,0,0,4.1,218,28.6139,77.209
2025-05-11T03:00,26.1,76,30.1,0.0,0.0,0,0,3.7,231,28.6139,77.209
2025-05-11T04:00,25.5,78,29.5,0.0,0.0,0,0,3.8,259,28.6139,77.209
2025-05-11T05:00,25.1,79,29.1,0.0,0.0,0,0,3.5,261,28.6139,77.209
2025-05-11T06:00,26.3,80,30.8,0.0,0.0,0,0,4.5,304,28.6139,77.209
2025-05-11T07:00,27.7,71,32.2,0.0,0.0,0,0,2.7,302,28.6139,77.209
2025-05-11T08:00,29.7,60,33.6,0.0,0.0,0,0,3.5,298,28.6139,77.209
2025-05-11T09:00,31.7,49,34.6,0.0,0.0,0,0,5.4,320,28.6139,77.209
2025-05-11T10:00,33.3,43,36.6,0.0,0.0,0,0,5.8,334,28.6139,77.209
2025-05-11T11:00,34.8,38,38.3,0.0,0.0,0,8,6.5,336,28.6139,77.209
2025-05-11T12:00,36.1,33,39.2,0.0,0.0,0,7,6.8,343,28.6139,77.209
2025-05-11T13:00,37.2,29,39.8,0.0,0.0,0,15,7.6,338,28.6139,77.209
2025-05-11T14:00,37.8,26,38.8,0.0,0.0,0,18,9.8,324,28.6139,77.209
2025-05-11T15:00,38.0,23,37.5,0.0,0.0,1,20,11.1,316,28.6139,77.209
2025-05-11T16:00,38.2,22,37.9,0.0,0.0,0,7,8.0,312,28.6139,77.209
2025-05-11T17:00,37.9,22,37.2,0.0,0.0,0,11,9.2,317,28.6139,77.209
2025-05-11T18:00,35.8,40,39.7,0.0,0.0,0,5,0.6,342,28.6139,77.209
2025-05-11T19:00,34.1,43,37.6,0.0,0.0,1,35,0.7,284,28.6139,77.209
2025-05-11T20:00,32.8,32,32.0,0.0,0.0,1,22,14.0,311,28.6139,77.209
2025-05-11T21:00,31.0,38,31.7,0.0,0.0,1,38,7.4,313,28.6139,77.209
2025-05-11T22:00,30.0,44,31.5,0.0,0.0,1,22,5.6,292,28.6139,77.209
2025-05-11T23:00,29.7,43,30.7,0.0,0.0,0,3,6.5,314,28.6139,77.209
2025-05-12T00:00,28.8,44,29.7,0.0,0.0,0,0,6.5,309,28.6139,77.209
2025-05-12T01:00,27.9,50,29.3,0.0,0.0,0,0,5.6,329,28.6139,77.209
2025-05-12T02:00,27.8,52,29.9,0.0,0.0,0,0,2.8,320,28.6139,77.209
2025-05-12T03:00,27.6,51,29.8,0.0,0.0,0,0,0.7,256,28.6139,77.209
2025-05-12T04:00,26.8,54,28.7,0.0,0.0,0,0,2.7,290,28.6139,77.209
2025-05-12T05:00,25.5,56,26.9,0.0,0.0,0,0,5.1,288,28.6139,77.209
2025-05-12T06:00,26.2,57,27.9,0.0,0.0,0,0,5.6,241,28.6139,77.209
2025-05-12T07:00,27.9,52,29.6,0.0,0.0,0,0,5.6,272,28.6139,77.209
2025-05-12T08:00,30.7,42,32.1,0.0,0.0,0,1,5.2,282,28.6139,77.209
2025-05-12T09:00,33.1,34,33.7,0.0,0.0,0,3,7.6,292,28.6139,77.209
2025-05-12T10:00,35.1,28,35.9,0.0,0.0,0,0,9.0,290,28.6139,77.209
2025-05-12T11:00,36.9,24,37.6,0.0,0.0,0,0,11.1,286,28.6139,77.209
2025-05-12T12:00,38.2,22,39.0,0.0,0.0,0,1,11.3,287,28.6139,77.209
2025-05-12T13:00,39.2,19,39.6,0.0,0.0,0,14,11.3,287,28.6139,77.209
2025-05-12T14:00,39.6,18,38.9,0.0,0.0,0,11,12.5,295,28.6139,77.209
2025-05-12T15:00,39.4,17,37.7,0.0,0.0,0,17,13.5,301,28.6139,77.209
2025-05-12T16:00,39.2,17,37.4,0.0,0.0,0,6,12.2,306,28.6139,77.209
2025-05-12T17:00,38.6,18,37.0,0.0,0.0,1,23,10.8,307,28.6139,77.209
2025-05-12T18:00,36.9,19,36.0,0.0,0.0,0,0,5.7,323,28.6139,77.209
2025-05-12T19:00,35.3,28,36.4,0.0,0.0,0,1,1.3,360,28.6139,77.209
2025-05-12T20:00,34.7,34,36.9,0.0,0.0,0,0,0.3,135,28.6139,77.209
2025-05-12T21:00,33.6,31,34.8,0.0,0.0,0,0,0.8,153,28.6139,77.209
2025-05-12T22:00,31.7,31,31.9,0.0,0.0,0,0,4.2,108,28.6139,77.209
2025-05-12T23:00,31.1,32,31.1,0.0,0.0,0,0,5.4,140,28.6139,77.209
2025-05-13T00:00,30.5,33,30.3,0.0,0.0,0,0,5.7,193,28.6139,77.209
2025-05-13T01:00,29.6,34,29.4,0.0,0.0,0,0,5.2,176,28.6139,77.209
2025-05-13T02:00,29.5,33,29.0,0.0,0.0,0,0,6.3,207,28.6139,77.209
2025-05-13T03:00,28.7,35,28.0,0.0,0.0,0,0,8.3,228,28.6139,77.209
2025-05-13T04:00,28.4,35,27.3,0.0,0.0,0,0,10.2,240,28.6139,77.209
2025-05-13T05:00,28.1,35,26.9,0.0,0.0,0,0,10.3,247,28.6139,77.209
2025-05-13T06:00,30.1,37,29.9,0.0,0.0,3,84,9.4,270,28.6139,77.209
2025-05-13T07:00,31.2,35,31.1,0.0,0.0,0,3,8.3,288,28.6139,77.209
2025-05-13T08:00,32.9,31,32.7,0.0,0.0,0,6,9.0,292,28.6139,77.209
2025-05-13T09:00,34.9,28,34.5,0.0,0.0,0,0,10.7,286,28.6139,77.209
2025-05-13T10:00,37.0,24,36.9,0.0,0.0,0,0,12.6,289,28.6139,77.209
2025-05-13T11:00,39.0,19,38.7,0.0,0.0,0,1,14.0,290,28.6139,77.209
2025-05-13T12:00,40.3,16,39.9,0.0,0.0,0,5,13.9,295,28.6139,77.209
2025-05-13T13:00,41.0,15,40.3,0.0,0.0,0,13,13.3,289,28.6139,77.209
2025-05-13T14:00,41.3,14,40.1,0.0,0.0,2,58,13.3,293,28.6139,77.209
2025-05-13T15:00,40.7,14,38.0,0.0,0.0,1,48,13.8,302,28.6139,77.209
2025-05-13T16:00,40.5,14,37.9,0.0,0.0,0,16,13.7,303,28.6139,77.209
2025-05-13T17:00,38.9,16,35.7,0.0,0.0,0,1,18.7,308,28.6139,77.209
2025-05-13T18:00,38.2,17,36.4,0.0,0.0,0,2,9.2,313,28.6139,77.209
2025-05-13T19:00,36.8,18,34.7,0.0,0.0,0,0,11.4,305,28.6139,77.209
2025-05-13T20:00,35.2,21,33.9,0.0,0.0,0,1,7.2,274,28.6139,77.209
2025-05-13T21:00,33.9,22,32.9,0.0,0.0,0,1,5.1,238,28.6139,77.209
2025-05-13T22:00,33.6,22,32.4,0.0,0.0,0,0,5.5,259,28.6139,77.209
2025-05-13T23:00,32.9,22,31.7,0.0,0.0,0,0,5.5,251,28.6139,77.209
2025-05-14T00:00,32.2,23,30.9,0.0,0.0,0,0,6.3,239,28.6139,77.209
2025-05-14T01:00,31.8,23,30.3,0.0,0.0,0,0,7.4,248,28.6139,77.209
2025-05-14T02:00,31.2,25,29.3,0.0,0.0,0,0,9.9,235,28.6139,77.209
2025-05-14T03:00,30.2,27,28.6,0.0,0.0,0,0,8.6,262,28.6139,77.209
2025-05-14T04:00,29.1,28,27.2,0.0,0.0,0,0,10.7,257,28.6139,77.209
2025-05-14T05:00,28.5,29,26.6,0.0,0.0,0,0,10.3,277,28.6139,77.209
2025-05-14T06:00,28.6,36,28.0,0.0,0.0,0,0,8.0,284,28.6139,77.209
2025-05-14T07:00,30.2,33,29.8,0.0,0.0,0,0,6.9,287,28.6139,77.209
2025-05-14T08:00,32.6,29,32.2,0.0,0.0,0,0,7.0,288,28.6139,77.209
2025-05-14T09:00,35.1,25,34.5,0.0,0.0,0,0,8.6,278,28.6139,77.209
2025-05-14T10:00,37.2,23,37.4,0.0,0.0,0,0,10.2,283,28.6139,77.209
2025-05-14T11:00,38.9,20,39.4,0.0,0.0,0,5,11.2,289,28.6139,77.209
2025-05-14T12:00,40.3,16,40.3,0.0,0.0,0,12,11.9,297,28.6139,77.209
2025-05-14T13:00,41.0,13,40.0,0.0,0.0,0,4,13.4,296,28.6139,77.209
2025-05-14T14:00,41.2,12,39.4,0.0,0.0,0,4,13.6,298,28.6139,77.209
2025-05-14T15:00,41.1,12,38.5,0.0,0.0,0,1,14.0,303,28.6139,77.209
2025-05-14T16:00,40.9,12,37.8,0.0,0.0,0,1,13.4,310,28.6139,77.209
2025-05-14T17:00,40.2,12,36.7,0.0,0.0,0,2,16.2,320,28.6139,77.209
2025-05-14T18:00,39.6,13,37.1,0.0,0.0,0,0,9.6,308,28.6139,77.209
2025-05-14T19:00,37.9,15,36.2,0.0,0.0,0,0,5.7,294,28.6139,77.209
2025-05-14T20:00,37.0,17,35.5,0.0,0.0,0,0,5.6,243,28.6139,77.209
2025-05-14T21:00,35.5,20,34.7,0.0,0.0,0,0,3.3,299,28.6139,77.209
2025-05-14T22:00,34.3,23,33.7,0.0,0.0,0,0,3.6,27,28.6139,77.209
2025-05-14T23:00,34.0,23,33.9,0.0,0.0,0,0,0.8,243,28.6139,77.209
2025-05-15T00:00,33.2,30,34.1,0.0,0.0,0,0,0.7,256,28.6139,77.209
2025-05-15T01:00,31.9,27,31.8,0.0,0.0,0,0,1.3,236,28.6139,77.209
2025-05-15T02:00,31.2,29,31.3,0.0,0.0,0,0,1.1,261,28.6139,77.209
2025-05-15T03:00,30.7,30,30.9,0.0,0.0,0,0,0.6,236,28.6139,77.209
2025-05-15T04:00,30.0,32,30.4,0.0,0.0,0,0,1.0,202,28.6139,77.209
2025-05-15T05:00,29.7,33,30.1,0.0,0.0,0,0,0.5,270,28.6139,77.209
2025-05-15T06:00,30.3,32,29.7,0.0,0.0,0,0,7.3,281,28.6139,77.209
2025-05-15T07:00,31.8,30,31.4,0.0,0.0,0,0,6.2,282,28.6139,77.209
2025-05-15T08:00,34.1,26,33.9,0.0,0.0,0,0,6.0,291,28.6139,77.209
2025-05-15T09:00,36.8,22,36.4,0.0,0.0,0,0,6.2,306,28.6139,77.209
2025-05-15T10:00,38.6,19,38.6,0.0,0.0,0,0,8.8,296,28.6139,77.209
2025-05-15T11:00,39.8,17,39.9,0.0,0.0,0,0,10.7,290,28.6139,77.209
2025-05-15T12:00,40.8,15,40.7,0.0,0.0,0,0,11.7,293,28.6139,77.209
2025-05-15T13:00,41.6,13,41.0,0.0,0.0,0,0,11.8,295,28.6139,77.209
2025-05-15T14:00,41.9,12,40.6,0.0,0.0,0,0,12.2,294,28.6139,77.209
2025-05-15T15:00,41.7,12,39.7,0.0,0.0,0,0,12.2,295,28.6139,77.209
2025-05-15T16:00,41.3,13,38.8,0.0,0.0,0,0,11.6,291,28.6139,77.209
2025-05-15T17:00,41.0,13,38.6,0.0,0.0,0,0,10.0,287,28.6139,77.209
2025-05-15T18:00,40.1,13,37.9,0.0,0.0,0,0,8.6,268,28.6139,77.209
2025-05-15T19:00,38.6,14,36.6,0.0,0.0,0,0,7.4,267,28.6139,77.209
2025-05-15T20:00,37.8,15,35.8,0.0,0.0,0,0,8.1,273,28.6139,77.209
2025-05-15T21:00,36.8,15,34.8,0.0,0.0,0,0,6.8,258,28.6139,77.209
2025-05-15T22:00,36.1,15,34.2,0.0,0.0,0,0,5.9,281,28.6139,77.209
2025-05-15T23:00,34.6,17,32.8,0.0,0.0,0,0,5.1,276,28.6139,77.209
2025-05-16T00:00,33.1,20,31.5,0.0,0.0,0,0,6.1,247,28.6139,77.209
2025-05-16T01:00,31.8,23,30.5,0.0,0.0,0,0,5.2,245,28.6139,77.209
2025-05-16T02:00,31.3,24,30.0,0.0,0.0,0,0,5.7,257,28.6139,77.209
2025-05-16T03:00,30.3,26,29.2,0.0,0.0,0,0,5.1,274,28.6139,77.209
2025-05-16T04:00,29.4,28,28.1,0.0,0.0,0,0,6.2,260,28.6139,77.209
2025-05-16T05:00,28.8,29,27.6,0.0,0.0,0,0,6.0,273,28.6139,77.209
2025-05-16T06:00,31.2,30,31.2,0.0,0.0,0,0,2.7,118,28.6139,77.209
2025-05-16T07:00,33.7,25,32.9,0.0,0.0,0,0,7.0,226,28.6139,77.209
2025-05-16T08:00,35.9,22,34.9,0.0,0.0,0,1,7.9,223,28.6139,77.209
2025-05-16T09:00,37.4,20,36.2,0.0,0.0,0,0,9.6,275,28.6139,77.209
2025-05-16T10:00,39.4,18,38.6,0.0,0.0,0,0,12.2,294,28.6139,77.209
2025-05-16T11:00,40.7,17,40.3,0.0,0.0,0,8,13.9,304,28.6139,77.209
2025-05-16T12:00,41.8,15,40.8,0.0,0.0,0,8,17.2,301,28.6139,77.209
2025-05-16T13:00,42.4,13,40.8,0.0,0.0,1,46,17.0,306,28.6139,77.209
2025-05-16T14:00,42.4,13,39.6,0.0,0.0,1,22,18.1,313,28.6139,77.209
2025-05-16T15:00,42.7,13,39.9,0.0,0.0,0,15,17.2,319,28.6139,77.209
2025-05-16T16:00,41.9,13,39.8,0.0,0.0,0,3,10.7,337,28.6139,77.209
2025-05-16T17:00,39.8,17,37.8,0.0,0.0,0,6,14.0,29,28.6139,77.209
2025-05-16T18:00,36.7,30,36.5,0.0,0.0,0,5,15.5,54,28.6139,77.209
2025-05-16T19:00,35.2,35,36.4,0.0,0.0,0,2,8.7,66,28.6139,77.209
2025-05-16T20:00,34.6,35,35.8,0.0,0.0,0,3,7.7,99,28.6139,77.209
2025-05-16T21:00,33.6,36,34.7,0.0,0.0,0,0,7.9,139,28.6139,77.209
2025-05-16T22:00,33.0,36,33.6,0.0,0.0,0,17,8.9,162,28.6139,77.209
2025-05-16T23:00,32.4,37,32.8,0.0,0.0,0,13,10.3,184,28.6139,77.209
2025-05-17T00:00,31.4,41,32.6,0.0,0.0,0,2,7.8,185,28.6139,77.209
2025-05-17T01:00,30.7,44,32.1,0.0,0.0,0,11,7.1,170,28.6139,77.209
2025-05-17T02:00,29.7,46,31.6,0.0,0.0,1,29,3.8,188,28.6139,77.209
2025-05-17T03:00,29.8,44,31.1,0.0,0.0,1,23,5.6,205,28.6139,77.209
2025-05-17T04:00,29.7,41,30.4,0.0,0.0,1,30,6.3,200,28.6139,77.209
2025-05-17T05:00,29.2,39,29.8,0.0,0.0,1,21,4.6,211,28.6139,77.209
2025-05-17T06:00,32.9,28,31.9,0.0,0.0,1,25,10.5,278,28.6139,77.209
2025-05-17T07:00,33.4,28,33.7,0.0,0.0,0,15,3.1,208,28.6139,77.209
2025-05-17T08:00,34.8,27,34.3,0.0,0.0,0,4,9.9,359,28.6139,77.209
2025-05-17T09:00,36.5,25,36.6,0.0,0.0,0,15,6.0,267,28.6139,77.209
2025-05-17T10:00,39.1,22,39.6,0.0,0.0,0,0,9.4,293,28.6139,77.209
2025-05-17T11:00,40.6,21,41.4,0.0,0.0,0,0,12.4,298,28.6139,77.209
2025-05-17T12:00,41.5,19,42.1,0.0,0.0,0,11,13.9,295,28.6139,77.209
2025-05-17T13:00,41.3,17,40.6,0.0,0.0,0,15,15.4,306,28.6139,77.209
2025-05-17T14:00,42.8,14,40.9,0.0,0.0,1,29,15.9,295,28.6139,77.209
2025-05-17T15:00,42.1,14,39.0,0.0,0.0,1,25,19.7,306,28.6139,77.209
2025-05-17T16:00,42.0,14,39.1,0.0,0.0,1,38,17.9,304,28.6139,77.209
2025-05-17T17:00,41.4,15,38.6,0.0,0.0,0,14,18.0,298,28.6139,77.209
2025-05-17T18:00,38.8,21,38.4,0.0,0.0,0,6,7.4,141,28.6139,77.209
2025-05-17T19:00,36.1,26,35.1,0.0,0.0,0,2,14.1,161,28.6139,77.209
2025-05-17T20:00,34.8,29,34.9,0.0,0.0,0,0,9.0,175,28.6139,77.209
2025-05-17T21:00,33.6,32,34.4,0.0,0.0,0,0,5.7,127,28.6139,77.209
2025-05-17T22:00,32.6,35,33.3,0.0,0.0,0,0,6.7,153,28.6139,77.209
2025-05-17T23:00,31.7,37,32.1,0.0,0.0,0,0,8.0,157,28.6139,77.209
2025-05-18T00:00,30.9,37,31.1,0.0,0.0,0,0,8.5,167,28.6139,77.209
2025-05-18T01:00,30.1,39,30.2,0.0,0.0,0,0,8.8,180,28.6139,77.209
2025-05-18T02:00,29.5,39,29.6,0.0,0.0,0,0,8.7,201,28.6139,77.209
2025-05-18T03:00,29.7,34,28.9,0.0,0.0,0,0,9.6,240,28.6139,77.209
2025-05-18T04:00,30.3,27,28.4,0.0,0.0,0,0,11.1,262,28.6139,77.209
2025-05-18T05:00,29.9,27,28.8,0.0,0.0,0,0,4.9,332,28.6139,77.209
2025-05-18T06:00,31.4,30,30.9,0.0,0.0,0,0,6.6,33,28.6139,77.209
2025-05-18T07:00,32.4,30,32.9,0.0,0.0,0,0,1.9,68,28.6139,77.209
2025-05-18T08:00,34.2,28,34.9,0.0,0.0,0,0,2.4,27,28.6139,77.209
2025-05-18T09:00,36.4,26,36.8,0.0,0.0,0,0,5.0,308,28.6139,77.209
2025-05-18T10:00,38.4,24,39.2,0.0,0.0,0,0,9.4,302,28.6139,77.209
2025-05-18T11:00,39.6,24,40.9,0.0,0.0,0,0,12.2,308,28.6139,77.209
2025-05-18T12:00,40.8,22,42.3,0.0,0.0,0,0,12.6,311,28.6139,77.209
2025-05-18T13:00,41.4,21,42.7,0.0,0.0,0,10,13.1,307,28.6139,77.209
2025-05-18T14:00,41.8,20,42.1,0.0,0.0,1,47,13.6,298,28.6139,77.209
2025-05-18T15:00,41.9,18,40.5,0.0,0.0,1,37,14.4,300,28.6139,77.209
2025-05-18T16:00,42.1,16,40.6,0.0,0.0,0,11,13.1,307,28.6139,77.209
2025-05-18T17:00,41.8,16,40.7,0.0,0.0,0,11,9.1,322,28.6139,77.209
2025-05-18T18:00,36.4,37,37.7,0.0,0.0,0,2,14.0,102,28.6139,77.209
2025-05-18T19:00,35.4,38,37.3,0.0,0.0,0,0,9.7,100,28.6139,77.209
2025-05-18T20:00,34.3,43,36.3,0.0,0.0,0,0,12.2,82,28.6139,77.209
2025-05-18T21:00,33.1,49,36.0,0.0,0.0,0,0,10.5,109,28.6139,77.209
2025-05-18T22:00,32.3,52,35.3,0.0,0.0,0,0,10.0,110,28.6139,77.209
2025-05-18T23:00,31.9,52,34.6,0.0,0.0,0,0,10.0,124,28.6139,77.209
2025-05-19T00:00,31.3,52,33.7,0.0,0.0,0,0,11.0,132,28.6139,77.209
2025-05-19T01:00,30.6,54,33.0,0.0,0.0,0,0,10.9,136,28.6139,77.209
2025-05-19T02:00,29.9,57,32.6,0.0,0.0,0,0,9.9,135,28.6139,77.209
2025-05-19T03:00,29.4,60,32.3,0.0,0.0,0,0,9.1,131,28.6139,77.209
2025-05-19T04:00,28.8,63,31.9,0.0,0.0,0,0,8.6,119,28.6139,77.209
2025-05-19T05:00,28.2,66,31.4,0.0,0.0,0,0,8.7,112,28.6139,77.209
2025-05-19T06:00,29.3,64,32.7,0.0,0.0,0,3,9.2,97,28.6139,77.209
2025-05-19T07:00,30.2,61,33.6,0.0,0.0,0,5,9.4,103,28.6139,77.209
2025-05-19T08:00,31.8,56,35.3,0.0,0.0,0,10,9.3,106,28.6139,77.209
2025-05-19T09:00,34.1,48,37.6,0.0,0.0,0,5,7.2,109,28.6139,77.209
2025-05-19T10:00,36.2,41,40.4,0.0,0.0,0,0,4.2,100,28.6139,77.209
2025-05-19T11:00,38.3,35,42.9,0.0,0.0,0,0,4.5,34,28.6139,77.209
2025-05-19T12:00,39.7,30,43.9,0.0,0.0,0,2,5.8,16,28.6139,77.209
2025-05-19T13:00,40.8,27,45.0,0.0,0.0,1,27,3.5,345,28.6139,77.209
2025-05-19T14:00,42.0,22,43.3,0.0,0.0,1,32,9.7,282,28.6139,77.209
2025-05-19T15:00,41.7,19,41.1,0.0,0.0,0,15,11.3,284,28.6139,77.209
2025-05-19T16:00,41.3,21,41.6,0.0,0.0,0,10,8.3,265,28.6139,77.209
2025-05-19T17:00,40.2,24,41.1,0.0,0.0,0,0,7.2,13,28.6139,77.209
2025-05-19T18:00,37.0,39,39.5,0.0,0.0,0,1,12.8,59,28.6139,77.209
2025-05-19T19:00,35.9,42,38.7,0.0,0.0,0,0,11.1,74,28.6139,77.209
2025-05-19T20:00,34.1,48,37.1,0.0,0.0,0,0,11.3,91,28.6139,77.209
2025-05-19T21:00,33.3,51,36.7,0.0,0.0,0,0,9.5,136,28.6139,77.209
2025-05-19T22:00,32.6,54,36.3,0.0,0.0,0,0,7.6,146,28.6139,77.209
2025-05-19T23:00,32.1,55,35.8,0.0,0.0,0,0,7.5,138,28.6139,77.209
2025-05-20T00:00,31.6,56,35.1,0.0,0.0,0,1,8.3,134,28.6139,77.209
2025-05-20T01:00,31.2,57,34.8,0.0,0.0,0,1,6.9,137,28.6139,77.209
2025-05-20T02:00,30.6,59,34.2,0.0,0.0,0,0,7.2,125,28.6139,77.209
2025-05-20T03:00,29.9,62,33.4,0.0,0.0,0,0,8.4,115,28.6139,77.209
2025-05-20T04:00,29.0,67,32.7,0.0,0.0,0,0,9.2,101,28.6139,77.209
2025-05-20T05:00,28.0,71,31.7,0.0,0.0,0,0,9.5,109,28.6139,77.209
2025-05-20T06:00,29.6,66,33.3,0.0,0.0,0,0,10.0,126,28.6139,77.209
2025-05-20T07:00,30.5,61,34.1,0.0,0.0,0,0,9.3,126,28.6139,77.209
2025-05-20T08:00,32.3,55,36.0,0.0,0.0,0,0,7.4,122,28.6139,77.209
2025-05-20T09:00,34.5,47,38.1,0.0,0.0,0,0,6.6,125,28.6139,77.209
2025-05-20T10:00,36.8,38,41.1,0.0,0.0,0,0,3.6,139,28.6139,77.209
2025-05-20T11:00,39.0,31,43.5,0.0,0.0,0,0,2.4,234,28.6139,77.209
2025-05-20T12:00,41.1,24,44.0,0.0,0.0,0,1,7.3,280,28.6139,77.209
2025-05-20T13:00,42.2,21,43.3,0.0,0.0,0,18,14.2,286,28.6139,77.209
2025-05-20T14:00,42.4,19,42.4,0.0,0.0,1,28,15.2,287,28.6139,77.209
2025-05-20T15:00,42.6,17,41.0,0.0,0.0,2,57,16.6,304,28.6139,77.209
2025-05-20T16:00,39.0,24,37.5,0.0,0.0,3,89,20.6,4,28.6139,77.209
2025-05-20T17:00,39.0,24,38.9,0.0,0.0,3,86,11.7,358,28.6139,77.209
2025-05-20T18:00,39.8,23,39.8,0.0,0.0,0,0,10.0,69,28.6139,77.209
2025-05-20T19:00,35.9,47,39.6,0.0,0.0,0,0,11.4,105,28.6139,77.209
2025-05-20T20:00,34.4,52,38.5,0.0,0.0,0,0,9.0,105,28.6139,77.209
2025-05-20T21:00,33.8,54,38.2,0.0,0.0,0,0,7.8,97,28.6139,77.209
2025-05-20T22:00,33.0,56,37.2,0.0,0.0,0,0,8.3,138,28.6139,77.209
2025-05-20T23:00,32.3,58,36.4,0.0,0.0,0,0,8.7,140,28.6139,77.209
2025-05-21T00:00,32.0,56,35.5,0.0,0.0,0,0,10.6,157,28.6139,77.209
2025-05-21T01:00,31.8,55,35.0,0.0,0.0,0,0,10.6,166,28.6139,77.209
2025-05-21T02:00,31.5,55,34.7,0.0,0.0,0,0,9.4,160,28.6139,77.209
2025-05-21T03:00,30.8,57,34.2,0.0,0.0,0,0,7.8,130,28.6139,77.209
2025-05-21T04:00,30.3,59,33.6,0.0,0.0,0,0,8.2,139,28.6139,77.209
2025-05-21T05:00,29.8,60,33.1,0.0,0.0,0,0,7.9,135,28.6139,77.209
2025-05-21T06:00,31.9,59,36.2,0.0,0.0,1,38,6.6,127,28.6139,77.209
2025-05-21T07:00,31.0,61,34.2,0.0,0.0,0,1,14.4,98,28.6139,77.209
2025-05-21T08:00,32.4,52,35.1,0.0,0.0,0,0,12.2,114,28.6139,77.209
2025-05-21T09:00,34.6,43,37.0,0.0,0.0,0,0,9.9,143,28.6139,77.209
2025-05-21T10:00,36.9,36,40.2,0.0,0.0,0,0,6.5,150,28.6139,77.209
2025-05-21T11:00,38.8,30,42.8,0.0,0.0,0,0,4.2,149,28.6139,77.209
2025-05-21T12:00,40.3,26,44.1,0.0,0.0,0,0,4.6,149,28.6139,77.209
2025-05-21T13:00,41.3,24,44.6,0.0,0.0,0,17,4.8,155,28.6139,77.209
2025-05-21T14:00,42.2,21,44.6,0.0,0.0,1,20,3.4,155,28.6139,77.209
2025-05-21T15:00,43.0,18,43.9,0.0,0.0,1,32,2.5,69,28.6139,77.209
2025-05-21T16:00,41.3,17,38.3,0.0,0.0,3,100,22.6,338,28.6139,77.209
2025-05-21T17:00,37.7,26,37.3,0.0,0.0,3,95,14.0,26,28.6139,77.209
2025-05-21T18:00,35.0,48,38.2,0.0,0.0,0,2,13.7,93,28.6139,77.209
2025-05-21T19:00,34.4,48,37.0,0.0,0.0,0,4,14.9,69,28.6139,77.209
2025-05-21T20:00,33.2,53,36.3,0.0,0.0,0,13,13.6,84,28.6139,77.209
2025-05-21T21:00,32.4,57,35.8,0.0,0.0,1,33,12.8,104,28.6139,77.209
2025-05-21T22:00,31.7,60,35.5,0.0,0.0,0,0,11.0,132,28.6139,77.209
2025-05-21T23:00,31.2,61,34.7,0.0,0.0,0,1,12.7,145,28.6139,77.209
2025-05-22T00:00,30.9,61,34.4,0.0,0.0,0,0,11.6,139,28.6139,77.209
2025-05-22T01:00,30.5,62,34.0,0.0,0.0,0,0,10.6,136,28.6139,77.209
2025-05-22T02:00,30.1,63,33.5,0.0,0.0,0,0,10.6,134,28.6139,77.209
2025-05-22T03:00,29.7,64,33.1,0.0,0.0,0,0,10.1,117,28.6139,77.209
2025-05-22T04:00,29.2,66,32.7,0.0,0.0,0,5,9.9,102,28.6139,77.209
2025-05-22T05:00,28.4,70,31.6,0.0,0.0,0,0,12.4,88,28.6139,77.209
2025-05-22T06:00,25.0,78,28.2,0.0,0.0,0,0,7.5,107,28.6139,77.209
2025-05-22T07:00,26.3,71,29.2,0.0,0.0,0,0,9.2,116,28.6139,77.209
2025-05-22T08:00,28.2,64,30.6,0.0,0.0,0,12,12.0,107,28.6139,77.209
2025-05-22T09:00,30.0,58,32.1,0.0,0.0,0,2,14.4,118,28.6139,77.209
2025-05-22T10:00,31.9,53,35.0,0.0,0.0,1,33,14.2,112,28.6139,77.209
2025-05-22T11:00,33.5,48,36.9,0.0,0.0,0,7,14.7,115,28.6139,77.209
2025-05-22T12:00,34.9,44,38.4,0.0,0.0,0,5,13.6,121,28.6139,77.209
2025-05-22T13:00,36.0,39,39.8,0.0,0.0,0,0,11.2,127,28.6139,77.209
2025-05-22T14:00,36.8,36,40.1,0.0,0.0,0,0,9.3,130,28.6139,77.209
2025-05-22T15:00,37.0,36,39.6,0.0,0.0,0,0,8.7,128,28.6139,77.209
2025-05-22T16:00,36.8,36,38.9,0.0,0.0,0,0,9.1,124,28.6139,77.209
2025-05-22T17:00,36.3,37,38.3,0.0,0.0,0,1,9.8,126,28.6139,77.209
2025-05-22T18:00,32.4,50,34.9,0.0,0.0,0,0,11.4,114,28.6139,77.209
2025-05-22T19:00,31.5,53,34.1,0.0,0.0,0,0,10.6,114,28.6139,77.209
2025-05-22T20:00,30.6,56,33.2,0.0,0.0,0,0,11.5,104,28.6139,77.209
2025-05-22T21:00,29.8,59,32.7,0.0,0.0,0,0,10.4,108,28.6139,77.209
2025-05-22T22:00,29.4,60,32.1,0.0,0.0,0,0,10.4,113,28.6139,77.209
2025-05-22T23:00,28.9,61,31.6,0.0,0.0,0,0,9.4,119,28.6139,77.209
2025-05-23T00:00,28.4,62,30.9,0.0,0.0,0,0,10.7,113,28.6139,77.209
2025-05-23T01:00,28.0,64,30.4,0.0,0.0,0,0,11.3,110,28.6139,77.209
2025-05-23T02:00,27.5,66,30.0,0.0,0.0,0,0,11.2,106,28.6139,77.209
2025-05-23T03:00,27.1,68,29.7,0.0,0.0,0,0,10.8,108,28.6139,77.209
2025-05-23T04:00,26.7,71,29.4,0.0,0.0,0,0,10.9,107,28.6139,77.209
2025-05-23T05:00,26.4,74,29.1,0.0,0.0,0,0,11.8,101,28.6139,77.209
2025-05-23T06:00,27.5,70,30.6,0.0,0.0,0,0,10.7,103,28.6139,77.209
2025-05-23T07:00,28.6,68,31.9,0.0,0.0,0,0,11.7,104,28.6139,77.209
2025-05-23T08:00,30.4,62,33.5,0.0,0.0,0,0,13.0,104,28.6139,77.209
2025-05-23T09:00,32.4,52,35.0,0.0,0.0,0,0,13.9,107,28.6139,77.209
2025-05-23T10:00,34.2,45,37.2,0.0,0.0,0,0,13.4,112,28.6139,77.209
2025-05-23T11:00,35.7,41,39.2,0.0,0.0,0,0,12.7,119,28.6139,77.209
2025-05-23T12:00,36.7,38,40.4,0.0,0.0,0,0,12.4,124,28.6139,77.209
2025-05-23T13:00,37.6,36,41.3,0.0,0.0,0,0,11.2,123,28.6139,77.209
2025-05-23T14:00,38.1,35,41.4,0.0,0.0,0,1,10.7,119,28.6139,77.209
2025-05-23T15:00,38.2,35,40.8,0.0,0.0,0,18,11.0,115,28.6139,77.209
2025-05-23T16:00,37.1,38,39.5,1.5,1.5,61,26,11.5,107,28.6139,77.209
2025-05-23T17:00,36.2,40,38.6,0.0,0.0,2,70,11.7,105,28.6139,77.209
2025-05-23T18:00,35.5,39,37.3,0.0,0.0,0,10,12.4,111,28.6139,77.209
2025-05-23T19:00,34.4,42,36.0,0.0,0.0,0,7,14.0,98,28.6139,77.209
2025-05-23T20:00,33.5,45,35.5,0.0,0.0,0,1,12.2,91,28.6139,77.209
2025-05-23T21:00,32.7,48,35.0,0.0,0.0,0,0,11.2,95,28.6139,77.209
2025-05-23T22:00,32.1,49,34.3,0.0,0.0,0,0,11.3,97,28.6139,77.209
2025-05-23T23:00,31.4,52,33.9,0.0,0.0,0,0,9.7,102,28.6139,77.209
2025-05-24T00:00,30.8,54,33.2,0.0,0.0,0,0,11.0,101,28.6139,77.209
2025-05-24T01:00,30.2,56,32.6,0.0,0.0,0,0,11.8,106,28.6139,77.209
2025-05-24T02:00,29.7,58,32.2,0.0,0.0,0,0,11.7,103,28.6139,77.209
2025-05-24T03:00,29.3,60,31.9,0.0,0.0,0,0,11.4,103,28.6139,77.209
2025-05-24T04:00,28.9,62,31.6,0.0,0.0,0,0,11.6,97,28.6139,77.209
2025-05-24T05:00,28.5,64,31.1,0.0,0.0,0,2,12.4,98,28.6139,77.209
2025-05-24T06:00,30.7,59,33.7,0.0,0.0,1,33,12.0,102,28.6139,77.209
2025-05-24T07:00,31.4,57,34.4,0.0,0.0,0,19,12.9,111,28.6139,77.209
2025-05-24T08:00,32.9,53,35.7,0.0,0.0,0,1,14.5,110,28.6139,77.209
2025-05-24T09:00,34.3,48,36.6,0.0,0.0,0,1,16.8,107,28.6139,77.209
2025-05-24T10:00,35.6,44,38.6,0.0,0.0,0,2,15.6,112,28.6139,77.209
2025-05-24T11:00,36.5,42,40.2,0.0,0.0,0,19,14.3,104,28.6139,77.209
2025-05-24T12:00,37.0,41,40.9,0.0,0.0,2,73,12.9,108,28.6139,77.209
2025-05-24T13:00,37.7,39,41.3,0.0,0.0,1,37,13.2,112,28.6139,77.209
2025-05-24T14:00,37.7,38,41.1,0.0,0.0,2,62,10.6,113,28.6139,77.209
2025-05-24T15:00,36.2,40,38.3,0.0,0.0,2,68,13.4,112,28.6139,77.209
2025-05-24T16:00,35.6,42,38.8,0.4,0.4,51,72,6.6,103,28.6139,77.209
2025-05-24T17:00,35.8,41,38.4,0.0,0.0,1,29,10.1,100,28.6139,77.209
2025-05-24T18:00,36.3,36,37.4,0.0,0.0,1,24,15.1,119,28.6139,77.209
2025-05-24T19:00,35.4,38,36.8,0.0,0.0,2,77,12.8,104,28.6139,77.209
2025-05-24T20:00,34.2,42,35.7,0.0,0.0,0,0,13.9,110,28.6139,77.209
2025-05-24T21:00,33.6,43,34.9,0.0,0.0,0,0,14.8,114,28.6139,77.209
2025-05-24T22:00,32.7,46,34.3,0.0,0.0,0,0,13.9,110,28.6139,77.209
2025-05-24T23:00,31.8,49,33.5,0.0,0.0,0,0,14.5,105,28.6139,77.209
2025-05-25T00:00,31.1,52,32.7,0.0,0.0,0,0,16.2,109,28.6139,77.209
2025-05-25T01:00,30.7,54,32.5,0.0,0.0,0,0,14.0,103,28.6139,77.209
2025-05-25T02:00,30.1,56,32.2,0.0,0.0,0,1,13.2,96,28.6139,77.209
2025-05-25T03:00,29.6,58,31.7,0.0,0.0,0,1,13.8,104,28.6139,77.209
2025-05-25T04:00,29.0,62,31.5,0.0,0.0,0,6,12.4,89,28.6139,77.209
2025-05-25T05:00,28.4,65,31.1,0.0,0.0,0,2,11.8,82,28.6139,77.209
2025-05-25T06:00,23.0,90,26.2,0.0,0.0,3,94,8.8,145,28.6139,77.209
2025-05-25T07:00,24.0,82,27.4,0.0,0.0,1,22,5.2,96,28.6139,77.209
2025-05-25T08:00,25.3,73,28.0,0.0,0.0,3,96,7.9,86,28.6139,77.209
2025-05-25T09:00,26.2,68,28.3,0.0,0.0,3,87,11.2,101,28.6139,77.209
2025-05-25T10:00,27.1,54,28.1,0.0,0.0,3,96,9.7,112,28.6139,77.209
2025-05-25T11:00,28.2,58,30.5,0.0,0.0,3,100,7.3,110,28.6139,77.209
2025-05-25T12:00,28.5,60,31.8,0.0,0.0,3,90,4.3,90,28.6139,77.209
2025-05-25T13:00,30.4,58,35.6,0.0,0.0,3,100,2.8,79,28.6139,77.209
2025-05-25T14:00,30.8,58,34.9,0.0,0.0,3,85,3.5,81,28.6139,77.209
2025-05-25T15:00,31.1,58,35.2,0.0,0.0,3,87,4.3,17,28.6139,77.209
2025-05-25T16:00,30.8,58,34.5,0.0,0.0,1,36,7.1,16,28.6139,77.209
2025-05-25T17:00,31.2,57,35.2,0.0,0.0,0,10,4.1,13,28.6139,77.209
2025-05-25T18:00,30.2,65,34.4,0.0,0.0,0,19,7.7,106,28.6139,77.209
2025-05-25T19:00,29.0,73,34.1,0.0,0.0,0,18,5.4,86,28.6139,77.209
2025-05-25T20:00,28.4,74,32.9,0.0,0.0,3,94,7.7,11,28.6139,77.209
2025-05-25T21:00,26.4,81,30.6,0.4,0.4,51,58,8.7,42,28.6139,77.209
2025-05-25T22:00,26.4,85,30.9,0.0,0.0,0,17,9.3,80,28.6139,77.209
2025-05-25T23:00,26.3,83,30.7,0.0,0.0,1,31,7.9,55,28.6139,77.209
2025-05-26T00:00,26.3,81,30.5,0.1,0.1,51,46,7.3,80,28.6139,77.209
2025-05-26T01:00,25.5,82,29.1,0.7,0.7,53,75,10.4,82,28.6139,77.209
2025-05-26T02:00,25.3,83,28.8,0.4,0.4,51,59,10.6,75,28.6139,77.209
2025-05-26T03:00,24.2,87,27.0,0.2,0.2,51,61,13.9,91,28.6139,77.209
2025-05-26T04:00,24.3,84,27.1,0.0,0.0,1,30,12.0,104,28.6139,77.209
2025-05-26T05:00,24.1,84,27.0,0.2,0.2,51,55,11.2,131,28.6139,77.209
2025-05-26T06:00,26.7,79,29.7,0.1,0.1,51,69,15.6,83,28.6139,77.209
2025-05-26T07:00,27.8,76,32.1,0.0,0.0,2,52,8.8,105,28.6139,77.209
2025-05-26T08:00,28.7,70,32.4,0.0,0.0,0,13,10.6,94,28.6139,77.209
2025-05-26T09:00,30.0,66,34.1,0.0,0.0,1,48,8.9,108,28.6139,77.209
2025-05-26T10:00,31.4,59,35.6,0.0,0.0,1,22,8.4,132,28.6139,77.209
2025-05-26T11:00,32.3,55,36.4,0.1,0.1,51,39,7.7,149,28.6139,77.209
2025-05-26T12:00,33.9,48,38.8,0.0,0.0,0,2,6.8,138,28.6139,77.209
2025-05-26T13:00,34.9,43,39.8,0.0,0.0,0,11,4.8,119,28.6139,77.209
2025-05-26T14:00,35.5,40,39.8,0.0,0.0,0,6,3.6,96,28.6139,77.209
2025-05-26T15:00,35.7,39,39.3,0.0,0.0,0,4,2.5,69,28.6139,77.209
2025-05-26T16:00,35.6,39,38.8,0.0,0.0,0,2,2.3,18,28.6139,77.209
2025-05-26T17:00,35.3,40,38.2,0.0,0.0,0,4,4.5,5,28.6139,77.209
2025-05-26T18:00,32.3,57,37.0,0.0,0.0,0,2,3.9,53,28.6139,77.209
2025-05-26T19:00,30.7,63,35.1,0.0,0.0,0,2,6.1,47,28.6139,77.209
2025-05-26T20:00,29.6,67,34.1,0.0,0.0,0,1,5.5,73,28.6139,77.209
2025-05-26T21:00,29.1,70,33.9,0.0,0.0,0,0,4.7,74,28.6139,77.209
2025-05-26T22:00,28.5,74,33.6,0.0,0.0,0,0,4.6,79,28.6139,77.209
2025-05-26T23:00,28.2,76,33.3,0.0,0.0,0,0,4.6,81,28.6139,77.209
2025-05-27T00:00,27.8,77,32.8,0.0,0.0,0,0,4.9,73,28.6139,77.209
2025-05-27T01:00,27.5,78,32.4,0.0,0.0,0,0,5.0,75,28.6139,77.209
2025-05-27T02:00,27.1,79,31.8,0.0,0.0,0,0,6.0,83,28.6139,77.209
2025-05-27T03:00,26.8,79,31.3,0.0,0.0,0,0,6.5,88,28.6139,77.209
2025-05-27T04:00,26.5,80,30.8,0.0,0.0,0,0,6.7,99,28.6139,77.209
2025-05-27T05:00,26.2,80,30.2,0.0,0.0,0,0,7.9,103,28.6139,77.209
2025-05-27T06:00,27.5,80,32.5,0.0,0.0,0,0,6.7,90,28.6139,77.209
2025-05-27T07:00,28.7,76,34.1,0.0,0.0,0,0,4.9,82,28.6139,77.209
2025-05-27T08:00,30.2,70,35.5,0.0,0.0,0,0,6.1,85,28.6139,77.209
2025-05-27T09:00,31.6,63,36.1,0.0,0.0,0,0,8.8,94,28.6139,77.209
2025-05-27T10:00,32.8,56,37.8,0.0,0.0,0,17,7.2,94,28.6139,77.209
2025-05-27T11:00,33.7,51,39.3,0.0,0.0,0,6,4.9,86,28.6139,77.209
2025-05-27T12:00,34.5,48,40.3,0.0,0.0,0,5,4.1,77,28.6139,77.209
2025-05-27T13:00,35.2,45,40.9,0.0,0.0,0,5,3.2,74,28.6139,77.209
2025-05-27T14:00,35.8,41,40.8,0.0,0.0,0,2,2.5,69,28.6139,77.209
2025-05-27T15:00,36.1,40,40.2,0.0,0.0,0,0,2.3,72,28.6139,77.209
2025-05-27T16:00,36.0,40,39.5,0.0,0.0,0,1,2.4,54,28.6139,77.209
2025-05-27T17:00,35.4,42,39.0,0.0,0.0,0,0,3.7,55,28.6139,77.209
2025-05-27T18:00,34.2,48,38.3,0.0,0.0,0,2,3.8,90,28.6139,77.209
2025-05-27T19:00,32.6,55,37.0,0.0,0.0,0,4,5.4,76,28.6139,77.209
2025-05-27T20:00,31.6,60,35.9,0.0,0.0,0,4,7.7,89,28.6139,77.209
2025-05-27T21:00,30.8,63,35.2,0.0,0.0,0,2,6.7,99,28.6139,77.209
2025-05-27T22:00,30.2,65,34.7,0.0,0.0,0,0,5.6,97,28.6139,77.209
2025-05-27T23:00,29.6,67,34.1,0.0,0.0,0,0,5.2,104,28.6139,77.209
2025-05-28T00:00,29.0,69,33.5,0.0,0.0,0,0,5.5,131,28.6139,77.209
2025-05-28T01:00,28.6,70,33.0,0.0,0.0,0,0,5.7,134,28.6139,77.209
2025-05-28T02:00,28.3,71,32.6,0.0,0.0,0,0,6.2,131,28.6139,77.209
2025-05-28T03:00,28.1,72,32.3,0.0,0.0,0,0,6.5,134,28.6139,77.209
2025-05-28T04:00,27.9,73,31.9,0.0,0.0,0,0,7.8,124,28.6139,77.209
2025-05-28T05:00,27.4,75,31.5,0.0,0.0,0,0,7.9,110,28.6139,77.209
2025-05-28T06:00,29.8,70,34.7,0.0,0.0,0,0,6.9,147,28.6139,77.209
2025-05-28T07:00,31.2,64,36.7,0.0,0.0,0,0,2.1,105,28.6139,77.209
2025-05-28T08:00,32.7,59,37.7,0.0,0.0,0,0,4.8,53,28.6139,77.209
2025-05-28T09:00,34.0,53,38.9,0.0,0.0,0,5,4.3,75,28.6139,77.209
2025-05-28T10:00,35.4,46,40.5,0.0,0.0,0,6,3.6,117,28.6139,77.209
2025-05-28T11:00,36.6,42,42.1,0.0,0.0,0,6,3.2,117,28.6139,77.209
2025-05-28T12:00,37.6,39,43.4,0.0,0.0,0,10,2.2,104,28.6139,77.209
2025-05-28T13:00,38.7,36,44.3,0.0,0.0,1,20,1.9,112,28.6139,77.209
2025-05-28T14:00,39.4,33,44.3,0.0,0.0,1,22,1.8,101,28.6139,77.209
2025-05-28T15:00,39.5,32,43.0,0.0,0.0,2,56,3.3,9,28.6139,77.209
2025-05-28T16:00,39.1,32,41.2,0.0,0.0,1,46,9.2,354,28.6139,77.209
2025-05-28T17:00,37.7,33,39.2,0.0,0.0,1,32,11.3,7,28.6139,77.209
2025-05-28T18:00,36.5,38,39.7,0.0,0.0,0,11,2.8,72,28.6139,77.209
2025-05-28T19:00,34.5,46,38.2,0.0,0.0,0,3,5.4,84,28.6139,77.209
2025-05-28T20:00,32.6,56,37.1,0.0,0.0,0,0,5.3,98,28.6139,77.209
2025-05-28T21:00,31.4,62,36.2,0.0,0.0,0,0,5.6,130,28.6139,77.209
2025-05-28T22:00,30.6,67,35.5,0.0,0.0,0,0,6.9,141,28.6139,77.209
2025-05-28T23:00,29.8,71,34.6,0.0,0.0,0,0,8.3,136,28.6139,77.209
2025-05-29T00:00,29.1,75,34.1,0.0,0.0,0,7,7.5,136,28.6139,77.209
2025-05-29T01:00,28.4,79,33.7,0.0,0.0,0,11,6.9,129,28.6139,77.209
2025-05-29T02:00,28.0,81,33.5,0.0,0.0,2,77,5.7,136,28.6139,77.209
2025-05-29T03:00,27.8,82,33.5,0.0,0.0,3,100,4.4,142,28.6139,77.209
2025-05-29T04:00,27.8,82,33.3,0.0,0.0,3,100,5.7,125,28.6139,77.209
2025-05-29T05:00,27.6,82,33.1,0.0,0.0,3,100,5.0,120,28.6139,77.209
2025-05-29T06:00,30.3,68,35.9,0.3,0.3,51,36,2.8,125,28.6139,77.209
2025-05-29T07:00,31.4,65,36.7,0.0,0.0,2,65,5.4,140,28.6139,77.209
2025-05-29T08:00,32.7,58,37.5,0.0,0.0,2,75,6.2,192,28.6139,77.209
2025-05-29T09:00,34.8,50,38.7,0.0,0.0,3,99,8.8,203,28.6139,77.209
2025-05-29T10:00,36.3,41,39.5,0.0,0.0,1,29,7.4,214,28.6139,77.209
2025-05-29T11:00,38.3,35,42.8,0.0,0.0,0,19,5.7,215,28.6139,77.209
2025-05-29T12:00,39.0,32,43.1,0.0,0.0,2,58,4.5,187,28.6139,77.209
2025-05-29T13:00,39.8,29,43.1,0.0,0.0,2,51,6.2,170,28.6139,77.209
2025-05-29T14:00,40.1,28,42.3,0.0,0.0,3,95,7.2,180,28.6139,77.209
2025-05-29T15:00,39.5,27,41.1,0.0,0.0,3,98,6.4,190,28.6139,77.209
2025-05-29T16:00,39.7,25,41.0,0.0,0.0,3,99,4.2,187,28.6139,77.209
2025-05-29T17:00,39.0,25,40.4,0.0,0.0,2,56,2.6,258,28.6139,77.209
2025-05-29T18:00,35.7,41,38.6,0.0,0.0,2,78,7.6,194,28.6139,77.209
2025-05-29T19:00,34.3,46,37.9,0.0,0.0,3,80,5.2,186,28.6139,77.209
2025-05-29T20:00,33.3,47,36.1,0.0,0.0,3,100,7.6,180,28.6139,77.209
2025-05-29T21:00,32.6,48,35.5,0.0,0.0,2,66,6.8,182,28.6139,77.209
2025-05-29T22:00,31.4,53,34.8,0.0,0.0,0,4,5.0,167,28.6139,77.209
2025-05-29T23:00,30.6,54,33.7,0.0,0.0,0,0,5.1,190,28.6139,77.209
2025-05-30T00:00,29.9,54,32.6,0.0,0.0,0,0,6.0,205,28.6139,77.209
2025-05-30T01:00,29.5,53,31.9,0.0,0.0,0,6,6.4,202,28.6139,77.209
2025-05-30T02:00,28.8,55,31.2,0.0,0.0,0,0,6.0,231,28.6139,77.209
2025-05-30T03:00,28.2,60,31.3,0.0,0.0,0,0,4.8,236,28.6139,77.209
2025-05-30T04:00,28.0,61,31.3,0.0,0.0,0,0,3.1,100,28.6139,77.209
2025-05-30T05:00,27.1,69,30.9,0.0,0.0,0,0,3.2,128,28.6139,77.209
2025-05-30T06:00,28.3,65,32.0,0.0,0.0,3,98,4.3,75,28.6139,77.209
2025-05-30T07:00,29.3,62,33.4,0.0,0.0,3,94,2.2,76,28.6139,77.209
2025-05-30T08:00,31.6,55,35.8,0.0,0.0,3,96,2.3,356,28.6139,77.209
2025-05-30T09:00,34.5,39,36.7,0.0,0.0,0,5,6.9,337,28.6139,77.209
2025-05-30T10:00,35.2,34,35.8,0.0,0.0,3,100,13.2,354,28.6139,77.209
2025-05-30T11:00,34.6,33,35.1,0.0,0.0,3,100,10.7,5,28.6139,77.209
2025-05-30T12:00,34.3,36,36.0,0.0,0.0,2,77,6.2,21,28.6139,77.209
2025-05-30T13:00,35.5,37,37.7,0.0,0.0,3,100,6.3,72,28.6139,77.209
2025-05-30T14:00,34.3,42,36.9,0.0,0.0,3,91,6.7,82,28.6139,77.209
2025-05-30T15:00,35.4,38,38.1,0.0,0.0,1,26,3.6,87,28.6139,77.209
2025-05-30T16:00,36.1,34,38.5,0.0,0.0,2,60,2.4,126,28.6139,77.209
2025-05-30T17:00,36.0,31,37.9,0.0,0.0,0,15,1.8,135,28.6139,77.209
2025-05-30T18:00,33.0,46,35.8,0.0,0.0,3,92,6.5,185,28.6139,77.209
2025-05-30T19:00,31.5,51,34.6,0.0,0.0,2,57,5.7,198,28.6139,77.209
2025-05-30T20:00,30.5,54,33.5,0.0,0.0,0,1,5.8,216,28.6139,77.209
2025-05-30T21:00,29.6,55,32.3,0.0,0.0,3,84,6.9,225,28.6139,77.209
2025-05-30T22:00,29.1,55,31.7,0.0,0.0,2,51,6.0,224,28.6139,77.209
2025-05-30T23:00,28.4,59,31.3,0.0,0.0,0,7,4.7,208,28.6139,77.209
2025-05-31T00:00,27.5,64,30.8,0.0,0.0,0,0,4.0,188,28.6139,77.209
2025-05-31T01:00,26.8,65,29.8,0.0,0.0,0,0,4.5,182,28.6139,77.209
2025-05-31T02:00,26.5,62,28.9,0.0,0.0,0,0,5.2,184,28.6139,77.209
2025-05-31T03:00,26.3,63,28.8,0.0,0.0,0,0,4.9,176,28.6139,77.209
2025-05-31T04:00,26.1,64,28.7,0.0,0.0,0,0,5.0,180,28.6139,77.209
2025-05-31T05:00,26.3,60,28.2,0.0,0.0,0,0,6.6,202,28.6139,77.209
2025-05-31T06:00,28.3,65,31.9,0.0,0.0,0,0,4.8,202,28.6139,77.209
2025-05-31T07:00,30.3,60,34.2,0.0,0.0,0,2,4.7,198,28.6139,77.209
2025-05-31T08:00,32.5,53,36.6,0.0,0.0,0,0,3.8,211,28.6139,77.209
2025-05-31T09:00,34.7,42,37.8,0.0,0.0,0,8,4.0,231,28.6139,77.209
2025-05-31T10:00,36.5,34,39.8,0.0,0.0,0,9,2.8,252,28.6139,77.209
2025-05-31T11:00,37.9,30,41.6,0.0,0.0,0,9,3.0,237,28.6139,77.209
2025-05-31T12:00,39.1,27,42.5,0.0,0.0,1,24,4.0,207,28.6139,77.209
2025-05-31T13:00,39.7,24,41.6,0.0,0.0,1,44,7.9,204,28.6139,77.209
2025-05-31T14:00,39.0,23,38.7,0.0,0.0,2,50,12.0,224,28.6139,77.209
2025-05-31T15:00,39.5,20,39.1,0.0,0.0,1,20,6.9,276,28.6139,77.209
2025-05-31T16:00,38.9,19,37.9,0.0,0.0,3,100,9.4,268,28.6139,77.209
2025-05-31T17:00,35.4,28,34.6,0.0,0.0,3,99,14.4,234,28.6139,77.209
2025-05-31T18:00,28.5,67,31.8,1.0,1.0,55,100,9.6,233,28.6139,77.209
2025-05-31T19:00,29.8,56,32.8,0.0,0.0,3,100,5.9,168,28.6139,77.209
2025-05-31T20:00,29.9,52,32.0,0.0,0.0,3,97,8.6,88,28.6139,77.209
2025-05-31T21:00,29.0,54,31.0,0.0,0.0,2,53,9.2,69,28.6139,77.209
2025-05-31T22:00,28.7,57,31.6,0.0,0.0,1,44,4.5,88,28.6139,77.209
2025-05-31T23:00,28.6,54,30.7,0.0,0.0,2,62,6.6,151,28.6139,77.209
2025-06-01T00:00,28.2,62,31.7,0.0,0.0,0,3,3.2,137,28.6139,77.209
2025-06-01T01:00,27.3,64,30.4,0.0,0.0,0,2,4.1,105,28.6139,77.209
2025-06-01T02:00,27.2,58,29.2,0.0,0.0,1,22,7.5,190,28.6139,77.209
2025-06-01T03:00,27.4,54,28.6,0.0,0.0,0,1,9.4,169,28.6139,77.209
2025-06-01T04:00,27.1,53,27.9,0.0,0.0,0,1,10.5,199,28.6139,77.209
2025-06-01T05:00,27.0,55,27.7,0.0,0.0,0,3,12.3,190,28.6139,77.209
2025-06-01T06:00,29.5,51,31.0,0.0,0.0,0,10,10.7,215,28.6139,77.209
2025-06-01T07:00,31.6,45,33.1,0.0,0.0,0,1,11.0,229,28.6139,77.209
2025-06-01T08:00,33.7,43,35.1,0.0,0.0,0,7,14.5,242,28.6139,77.209
2025-06-01T09:00,34.8,41,35.7,0.0,0.0,2,77,18.6,268,28.6139,77.209
2025-06-01T10:00,35.3,35,35.4,0.0,0.0,3,100,17.7,294,28.6139,77.209
2025-06-01T11:00,34.9,34,35.6,0.0,0.0,3,95,11.1,292,28.6139,77.209
2025-06-01T12:00,36.2,30,37.7,0.0,0.0,0,9,4.4,289,28.6139,77.209
2025-06-01T13:00,37.3,27,39.4,0.0,0.0,3,100,7.6,267,28.6139,77.209
2025-06-01T14:00,35.4,31,36.4,0.0,0.0,1,28,6.5,267,28.6139,77.209
2025-06-01T15:00,36.3,30,37.0,0.0,0.0,3,96,8.1,265,28.6139,77.209
2025-06-01T16:00,36.0,30,36.6,0.0,0.0,3,100,9.0,227,28.6139,77.209
2025-06-01T17:00,36.0,27,35.8,0.0,0.0,3,100,9.7,230,28.6139,77.209
2025-06-01T18:00,26.4,71,28.4,2.9,2.9,63,100,14.9,221,28.6139,77.209
2025-06-01T19:00,27.0,67,29.4,1.3,1.3,61,99,10.4,179,28.6139,77.209
2025-06-01T20:00,26.9,64,28.9,0.0,0.0,3,100,11.2,152,28.6139,77.209
2025-06-01T21:00,27.3,61,29.6,0.0,0.0,3,89,7.8,165,28.6139,77.209
2025-06-01T22:00,27.7,60,30.2,0.0,0.0,0,6,6.3,165,28.6139,77.209
2025-06-01T23:00,27.4,62,30.2,0.0,0.0,1,22,5.3,225,28.6139,77.209
2025-06-02T00:00,27.2,62,29.9,0.0,0.0,0,1,5.2,239,28.6139,77.209
2025-06-02T01:00,26.8,60,28.7,0.0,0.0,0,1,7.0,222,28.6139,77.209
2025-06-02T02:00,26.1,59,27.2,0.0,0.0,0,3,10.1,219,28.6139,77.209
2025-06-02T03:00,25.6,59,26.7,0.0,0.0,0,0,8.9,228,28.6139,77.209
2025-06-02T04:00,25.1,66,27.8,0.0,0.0,0,1,1.5,339,28.6139,77.209
2025-06-02T05:00,24.1,73,27.0,0.0,0.0,0,0,3.7,113,28.6139,77.209
2025-06-02T06:00,28.3,60,31.7,0.0,0.0,1,26,2.5,8,28.6139,77.209
2025-06-02T07:00,29.1,57,32.0,0.0,0.0,0,18,5.3,38,28.6139,77.209
2025-06-02T08:00,30.4,53,33.4,0.0,0.0,1,34,4.2,80,28.6139,77.209
2025-06-02T09:00,32.0,48,35.1,0.0,0.0,0,3,3.7,133,28.6139,77.209
2025-06-02T10:00,33.7,43,37.7,0.0,0.0,0,3,2.3,157,28.6139,77.209
2025-06-02T11:00,35.3,38,39.7,0.0,0.0,0,2,2.3,209,28.6139,77.209
2025-06-02T12:00,36.4,33,39.7,0.0,0.0,2,58,6.1,256,28.6139,77.209
2025-06-02T13:00,37.1,29,38.5,0.0,0.0,1,35,9.3,257,28.6139,77.209
2025-06-02T14:00,36.7,30,37.5,0.0,0.0,2,52,10.3,275,28.6139,77.209
2025-06-02T15:00,36.1,32,38.1,0.3,0.3,51,24,2.8,345,28.6139,77.209
2025-06-02T16:00,36.3,32,38.4,0.0,0.0,2,74,2.3,331,28.6139,77.209
2025-06-02T17:00,35.3,32,36.6,0.0,0.0,3,85,5.4,56,28.6139,77.209
2025-06-02T18:00,32.1,43,33.4,0.0,0.0,3,100,10.1,271,28.6139,77.209
2025-06-02T19:00,31.5,45,33.2,0.0,0.0,3,100,8.3,259,28.6139,77.209
2025-06-02T20:00,30.5,44,31.7,0.0,0.0,3,100,8.7,257,28.6139,77.209
2025-06-02T21:00,29.4,46,30.3,0.0,0.0,3,100,9.1,243,28.6139,77.209
2025-06-02T22:00,28.9,47,30.3,0.0,0.0,3,100,5.3,246,28.6139,77.209
2025-06-02T23:00,28.4,55,31.3,0.0,0.0,3,82,1.5,216,28.6139,77.209
2025-06-03T00:00,28.1,61,31.6,0.0,0.0,3,80,0.9,323,28.6139,77.209
2025-06-03T01:00,27.7,60,31.1,0.0,0.0,1,40,0.5,90,28.6139,77.209
2025-06-03T02:00,27.0,58,29.4,0.0,0.0,0,0,3.1,190,28.6139,77.209
2025-06-03T03:00,26.8,50,27.5,0.0,0.0,0,0,7.7,213,28.6139,77.209
2025-06-03T04:00,26.3,50,26.6,0.0,0.0,0,10,9.0,202,28.6139,77.209
2025-06-03T05:00,25.8,55,26.7,0.0,0.0,3,100,8.0,203,28.6139,77.209
2025-06-03T06:00,26.7,57,28.3,0.0,0.0,2,53,7.5,46,28.6139,77.209
2025-06-03T07:00,27.5,55,29.5,0.0,0.0,0,17,5.3,24,28.6139,77.209
2025-06-03T08:00,29.6,47,31.2,0.0,0.0,0,3,5.7,62,28.6139,77.209
2025-06-03T09:00,31.7,39,33.3,0.0,0.0,1,42,2.9,94,28.6139,77.209
2025-06-03T10:00,33.3,34,35.1,0.0,0.0,3,100,2.6,164,28.6139,77.209
2025-06-03T11:00,34.6,31,36.1,0.0,0.0,3,100,6.4,238,28.6139,77.209
2025-06-03T12:00,34.2,31,34.1,0.0,0.0,3,100,11.9,256,28.6139,77.209
2025-06-03T13:00,34.0,33,34.0,0.0,0.0,3,100,12.3,265,28.6139,77.209
2025-06-03T14:00,34.5,33,34.9,0.0,0.0,3,100,10.7,275,28.6139,77.209
2025-06-03T15:00,33.5,35,34.3,0.0,0.0,3,96,8.2,284,28.6139,77.209
2025-06-03T16:00,33.7,34,35.0,0.0,0.0,0,2,4.6,318,28.6139,77.209
2025-06-03T17:00,34.0,32,35.4,0.0,0.0,0,12,2.6,309,28.6139,77.209
2025-06-03T18:00,31.1,41,32.1,0.0,0.0,1,40,7.8,331,28.6139,77.209
2025-06-03T19:00,30.2,46,32.0,0.0,0.0,3,97,5.5,343,28.6139,77.209
2025-06-03T20:00,29.7,56,33.1,0.0,0.0,3,100,2.8,15,28.6139,77.209
2025-06-03T21:00,29.1,58,32.4,0.0,0.0,3,100,3.2,56,28.6139,77.209
2025-06-03T22:00,28.5,57,31.2,0.0,0.0,2,63,5.0,150,28.6139,77.209
2025-06-03T23:00,27.1,60,29.1,0.0,0.0,3,100,8.5,136,28.6139,77.209
2025-06-04T00:00,25.9,65,28.0,0.0,0.0,3,100,8.1,141,28.6139,77.209
2025-06-04T01:00,25.3,70,27.7,0.0,0.0,1,47,7.5,153,28.6139,77.209
2025-06-04T02:00,25.0,71,27.6,0.0,0.0,1,44,6.9,152,28.6139,77.209
2025-06-04T03:00,24.7,74,27.7,0.0,0.0,0,17,4.2,168,28.6139,77.209
2025-06-04T04:00,24.5,76,27.9,0.0,0.0,2,62,3.2,207,28.6139,77.209
2025-06-04T05:00,24.5,75,27.8,0.0,0.0,2,51,3.2,289,28.6139,77.209
2025-06-04T06:00,26.3,67,29.5,0.0,0.0,3,99,3.4,47,28.6139,77.209
2025-06-04T07:00,26.6,67,29.6,0.0,0.0,3,95,5.2,74,28.6139,77.209
2025-06-04T08:00,27.6,63,30.6,0.0,0.0,3,100,5.5,77,28.6139,77.209
2025-06-04T09:00,28.2,61,31.4,0.0,0.0,3,82,4.9,96,28.6139,77.209
2025-06-04T10:00,31.2,50,34.9,0.0,0.0,0,8,3.9,103,28.6139,77.209
2025-06-04T11:00,33.3,42,37.2,0.0,0.0,0,3,4.9,107,28.6139,77.209
2025-06-04T12:00,34.9,36,39.3,0.0,0.0,0,12,2.2,90,28.6139,77.209
2025-06-04T13:00,36.4,29,39.8,0.0,0.0,2,53,1.1,180,28.6139,77.209
2025-06-04T14:00,29.5,51,30.1,0.3,0.3,51,99,19.8,37,28.6139,77.209
2025-06-04T15:00,30.3,49,32.4,0.0,0.0,3,96,5.7,134,28.6139,77.209
2025-06-04T16:00,31.5,43,33.4,0.0,0.0,2,58,5.0,229,28.6139,77.209
2025-06-04T17:00,31.3,44,33.2,0.0,0.0,0,8,4.9,219,28.6139,77.209
2025-06-04T18:00,32.4,32,32.3,0.0,0.0,0,6,8.4,335,28.6139,77.209
2025-06-04T19:00,30.8,38,31.3,0.0,0.0,0,1,7.6,357,28.6139,77.209
2025-06-04T20:00,29.6,44,30.4,0.0,0.0,0,1,8.2,15,28.6139,77.209
2025-06-04T21:00,28.3,52,30.4,0.0,0.0,2,74,4.3,28,28.6139,77.209
2025-06-04T22:00,27.4,60,30.3,0.0,0.0,3,100,3.1,62,28.6139,77.209
2025-06-04T23:00,27.1,59,29.8,0.0,0.0,3,100,3.2,90,28.6139,77.209
2025-06-05T00:00,26.9,59,29.0,0.0,0.0,1,24,5.6,111,28.6139,77.209
2025-06-05T01:00,26.1,63,28.5,0.0,0.0,2,70,5.1,84,28.6139,77.209
2025-06-05T02:00,25.7,65,27.9,0.0,0.0,1,48,6.4,135,28.6139,77.209
2025-06-05T03:00,25.3,67,27.7,0.0,0.0,0,12,5.8,144,28.6139,77.209
2025-06-05T04:00,24.8,70,27.3,0.0,0.0,0,16,5.1,153,28.6139,77.209
2025-06-05T05:00,24.4,72,27.2,0.0,0.0,2,53,3.9,236,28.6139,77.209
2025-06-05T06:00,26.4,67,29.9,0.0,0.0,0,4,1.9,124,28.6139,77.209
2025-06-05T07:00,27.8,59,30.7,0.0,0.0,0,9,3.8,221,28.6139,77.209
2025-06-05T08:00,29.6,48,31.4,0.0,0.0,0,1,6.4,254,28.6139,77.209
2025-06-05T09:00,31.3,40,32.8,0.0,0.0,0,0,3.6,273,28.6139,77.209
2025-06-05T10:00,33.0,35,35.6,0.0,0.0,0,0,0.7,346,28.6139,77.209
2025-06-05T11:00,34.4,31,37.3,0.0,0.0,0,0,2.0,117,28.6139,77.209
2025-06-05T12:00,35.6,28,38.6,0.0,0.0,0,7,2.4,144,28.6139,77.209
2025-06-05T13:00,36.3,26,38.9,0.0,0.0,0,11,3.2,183,28.6139,77.209
2025-06-05T14:00,36.9,25,38.7,0.0,0.0,0,9,3.6,198,28.6139,77.209
2025-06-05T15:00,37.2,24,37.8,0.0,0.0,0,13,4.2,198,28.6139,77.209
2025-06-05T16:00,37.0,24,37.5,0.0,0.0,0,19,2.8,230,28.6139,77.209
2025-06-05T17:00,35.9,25,35.8,0.0,0.0,0,15,6.4,352,28.6139,77.209
2025-06-05T18:00,34.0,29,33.7,0.0,0.0,0,10,9.4,247,28.6139,77.209
2025-06-05T19:00,32.4,36,33.4,0.0,0.0,0,5,5.4,272,28.6139,77.209
2025-06-05T20:00,31.2,52,34.7,0.0,0.0,0,4,2.0,260,28.6139,77.209
2025-06-05T21:00,31.1,52,34.8,0.0,0.0,0,3,1.4,293,28.6139,77.209
2025-06-05T22:00,30.3,54,33.8,0.0,0.0,0,1,1.8,264,28.6139,77.209
2025-06-05T23:00,29.1,54,32.0,0.0,0.0,0,4,2.0,170,28.6139,77.209
2025-06-06T00:00,28.5,51,30.5,0.0,0.0,0,5,4.7,182,28.6139,77.209
2025-06-06T01:00,28.2,51,29.8,0.0,0.0,0,19,5.8,185,28.6139,77.209
2025-06-06T02:00,27.6,54,29.5,0.0,0.0,0,19,4.6,171,28.6139,77.209
2025-06-06T03:00,27.0,56,29.0,0.0,0.0,1,22,4.5,194,28.6139,77.209
2025-06-06T04:00,26.5,58,28.4,0.0,0.0,0,12,4.7,203,28.6139,77.209
2025-06-06T05:00,25.9,60,28.2,0.0,0.0,0,8,3.4,212,28.6139,77.209
2025-06-06T06:00,29.0,58,32.2,0.0,0.0,0,6,3.7,349,28.6139,77.209
2025-06-06T07:00,30.5,50,33.5,0.0,0.0,0,11,3.0,25,28.6139,77.209
2025-06-06T08:00,32.6,40,35.0,0.0,0.0,0,0,1.1,90,28.6139,77.209
2025-06-06T09:00,34.1,34,35.9,0.0,0.0,0,2,2.1,105,28.6139,77.209
2025-06-06T10:00,35.6,29,37.8,0.0,0.0,1,32,2.2,222,28.6139,77.209
2025-06-06T11:00,36.1,29,37.8,0.0,0.0,0,15,6.5,210,28.6139,77.209
2025-06-06T12:00,36.5,29,38.4,0.0,0.0,0,15,9.5,213,28.6139,77.209
2025-06-06T13:00,37.2,28,39.1,0.0,0.0,0,11,10.2,222,28.6139,77.209
2025-06-06T14:00,37.7,27,39.3,0.0,0.0,1,33,10.0,232,28.6139,77.209
2025-06-06T15:00,37.8,27,38.4,0.0,0.0,1,22,9.7,236,28.6139,77.209
2025-06-06T16:00,37.7,27,38.3,0.0,0.0,1,21,8.0,247,28.6139,77.209
2025-06-06T17:00,37.4,27,38.1,0.0,0.0,0,16,7.2,274,28.6139,77.209
2025-06-06T18:00,36.7,26,37.3,0.0,0.0,0,6,5.0,19,28.6139,77.209
2025-06-06T19:00,34.8,33,35.7,0.0,0.0,0,0,8.6,75,28.6139,77.209
2025-06-06T20:00,33.6,38,35.1,0.0,0.0,0,0,6.4,65,28.6139,77.209
2025-06-06T21:00,32.5,41,34.6,0.0,0.0,0,0,4.3,114,28.6139,77.209
2025-06-06T22:00,31.7,45,34.0,0.0,0.0,0,0,4.4,109,28.6139,77.209
2025-06-06T23:00,30.8,48,33.3,0.0,0.0,0,0,4.0,126,28.6139,77.209
2025-06-07T00:00,30.3,49,32.5,0.0,0.0,0,0,5.2,164,28.6139,77.209
2025-06-07T01:00,29.7,50,31.5,0.0,0.0,0,0,7.4,177,28.6139,77.209
2025-06-07T02:00,29.1,51,30.9,0.0,0.0,0,0,7.4,179,28.6139,77.209
2025-06-07T03:00,28.6,52,30.3,0.0,0.0,0,0,8.0,185,28.6139,77.209
2025-06-07T04:00,28.3,52,29.8,0.0,0.0,0,0,7.9,192,28.6139,77.209
2025-06-07T05:00,28.0,52,29.5,0.0,0.0,0,0,7.2,194,28.6139,77.209
2025-06-07T06:00,30.2,51,32.3,0.0,0.0,0,0,7.2,194,28.6139,77.209
2025-06-07T07:00,31.9,46,34.5,0.0,0.0,0,0,5.1,203,28.6139,77.209
2025-06-07T08:00,34.4,40,36.8,0.0,0.0,0,0,5.6,207,28.6139,77.209
2025-06-07T09:00,36.9,30,37.9,0.0,0.0,0,0,7.3,216,28.6139,77.209
2025-06-07T10:00,38.1,26,40.1,0.0,0.0,0,0,4.5,214,28.6139,77.209
2025-06-07T11:00,39.4,24,41.8,0.0,0.0,0,2,5.0,221,28.6139,77.209
2025-06-07T12:00,40.9,22,42.8,0.0,0.0,0,5,9.3,230,28.6139,77.209
2025-06-07T13:00,41.2,22,43.0,0.0,0.0,1,21,7.7,269,28.6139,77.209
2025-06-07T14:00,40.3,23,41.8,0.0,0.0,1,34,6.8,25,28.6139,77.209
2025-06-07T15:00,40.2,24,41.1,0.0,0.0,0,10,6.7,27,28.6139,77.209
2025-06-07T16:00,39.8,24,40.4,0.0,0.0,1,37,8.5,24,28.6139,77.209
2025-06-07T17:00,38.8,27,39.8,0.0,0.0,0,13,8.1,43,28.6139,77.209
2025-06-07T18:00,37.0,33,38.4,0.0,0.0,0,1,10.4,76,28.6139,77.209
2025-06-07T19:00,35.8,35,37.5,0.0,0.0,0,0,7.9,89,28.6139,77.209
2025-06-07T20:00,34.9,37,36.6,0.0,0.0,0,1,8.3,89,28.6139,77.209
2025-06-07T21:00,34.1,40,36.5,0.0,0.0,0,2,4.8,135,28.6139,77.209
2025-06-07T22:00,33.4,43,36.0,0.0,0.0,0,0,5.0,159,28.6139,77.209
2025-06-07T23:00,32.9,44,35.7,0.0,0.0,0,0,4.0,162,28.6139,77.209
2025-06-08T00:00,32.3,46,34.9,0.0,0.0,0,0,5.6,187,28.6139,77.209
2025-06-08T01:00,31.2,50,33.8,0.0,0.0,0,0,6.9,200,28.6139,77.209
2025-06-08T02:00,30.5,52,33.1,0.0,0.0,0,0,6.7,207,28.6139,77.209
2025-06-08T03:00,29.9,53,32.2,0.0,0.0,0,0,7.4,212,28.6139,77.209
2025-06-08T04:00,29.6,52,31.7,0.0,0.0,0,0,7.4,209,28.6139,77.209
2025-06-08T05:00,29.6,51,31.6,0.0,0.0,0,0,7.3,187,28.6139,77.209
2025-06-08T06:00,31.3,49,33.8,0.0,0.0,0,0,7.3,211,28.6139,77.209
2025-06-08T07:00,32.8,45,35.4,0.0,0.0,0,0,6.1,210,28.6139,77.209
2025-06-08T08:00,35.0,40,38.1,0.0,0.0,0,0,2.7,160,28.6139,77.209
2025-06-08T09:00,37.2,34,40.0,0.0,0.0,0,0,3.1,152,28.6139,77.209
2025-06-08T10:00,39.1,29,42.1,0.0,0.0,0,0,4.7,208,28.6139,77.209
2025-06-08T11:00,40.6,25,43.7,0.0,0.0,0,7,5.4,249,28.6139,77.209
2025-06-08T12:00,41.8,23,44.3,0.0,0.0,0,16,7.8,274,28.6139,77.209
2025-06-08T13:00,42.6,21,44.4,0.0,0.0,0,6,10.0,290,28.6139,77.209
2025-06-08T14:00,42.8,20,43.8,0.0,0.0,0,18,11.4,296,28.6139,77.209
2025-06-08T15:00,42.8,20,43.0,0.0,0.0,0,13,11.9,290,28.6139,77.209
2025-06-08T16:00,42.0,21,41.8,0.0,0.0,0,10,14.0,296,28.6139,77.209
2025-06-08T17:00,41.0,23,40.9,0.0,0.0,0,0,14.6,297,28.6139,77.209
2025-06-08T18:00,41.6,20,40.9,0.0,0.0,0,0,13.0,294,28.6139,77.209
2025-06-08T19:00,40.2,23,40.7,0.0,0.0,0,1,8.1,313,28.6139,77.209
2025-06-08T20:00,38.6,29,40.4,0.0,0.0,0,0,5.5,13,28.6139,77.209
2025-06-08T21:00,37.0,41,41.4,0.0,0.0,0,0,1.7,139,28.6139,77.209
2025-06-08T22:00,35.8,41,39.4,0.0,0.0,0,0,3.3,186,28.6139,77.209
2025-06-08T23:00,34.7,43,38.2,0.0,0.0,0,0,3.2,196,28.6139,77.209
2025-06-09T00:00,33.9,45,37.5,0.0,0.0,0,0,3.1,225,28.6139,77.209
2025-06-09T01:00,33.4,42,35.3,0.0,0.0,0,0,9.0,244,28.6139,77.209
2025-06-09T02:00,31.8,43,33.5,0.0,0.0,0,0,6.8,252,28.6139,77.209
2025-06-09T03:00,30.9,43,32.6,0.0,0.0,0,0,5.1,262,28.6139,77.209
2025-06-09T04:00,30.2,46,32.3,0.0,0.0,0,0,3.1,242,28.6139,77.209
2025-06-09T05:00,30.0,44,31.5,0.0,0.0,0,0,5.1,253,28.6139,77.209
2025-06-09T06:00,32.5,45,35.0,0.0,0.0,0,0,5.6,287,28.6139,77.209
2025-06-09T07:00,33.7,42,36.2,0.0,0.0,0,0,5.6,274,28.6139,77.209
2025-06-09T08:00,35.8,36,38.1,0.0,0.0,0,0,5.9,268,28.6139,77.209
2025-06-09T09:00,37.8,31,39.3,0.0,0.0,0,0,9.3,280,28.6139,77.209
2025-06-09T10:00,39.9,25,41.1,0.0,0.0,0,0,10.8,288,28.6139,77.209
2025-06-09T11:00,41.4,21,42.6,0.0,0.0,0,0,11.9,295,28.6139,77.209
2025-06-09T12:00,42.5,19,43.7,0.0,0.0,0,0,11.8,301,28.6139,77.209
2025-06-09T13:00,43.3,17,44.2,0.0,0.0,0,0,12.0,305,28.6139,77.209
2025-06-09T14:00,43.7,16,43.6,0.0,0.0,0,0,13.4,302,28.6139,77.209
2025-06-09T15:00,43.4,16,42.3,0.0,0.0,0,0,15.5,299,28.6139,77.209
2025-06-09T16:00,42.4,19,41.1,0.0,0.0,0,0,16.5,304,28.6139,77.209
2025-06-09T17:00,41.7,21,41.0,0.0,0.0,0,0,14.8,306,28.6139,77.209
2025-06-09T18:00,41.5,18,40.0,0.0,0.0,0,1,15.9,298,28.6139,77.209
2025-06-09T19:00,40.0,18,38.4,0.0,0.0,0,0,14.5,290,28.6139,77.209
2025-06-09T20:00,39.2,17,37.3,0.0,0.0,0,0,12.0,296,28.6139,77.209
2025-06-09T21:00,37.9,18,36.6,0.0,0.0,0,0,8.5,302,28.6139,77.209
2025-06-09T22:00,36.7,21,35.8,0.0,0.0,0,0,6.9,293,28.6139,77.209
2025-06-09T23:00,36.0,22,35.0,0.0,0.0,0,0,7.8,283,28.6139,77.209
2025-06-10T00:00,34.4,25,33.6,0.0,0.0,0,0,8.0,261,28.6139,77.209
2025-06-10T01:00,32.8,28,32.0,0.0,0.0,0,0,8.1,252,28.6139,77.209
2025-06-10T02:00,31.8,28,31.0,0.0,0.0,0,0,8.0,252,28.6139,77.209
2025-06-10T03:00,31.1,28,30.1,0.0,0.0,0,0,7.7,259,28.6139,77.209
2025-06-10T04:00,30.5,28,29.4,0.0,0.0,0,0,8.0,261,28.6139,77.209
2025-06-10T05:00,30.1,28,28.6,0.0,0.0,0,0,9.0,273,28.6139,77.209
2025-06-10T06:00,32.0,29,31.3,0.0,0.0,0,0,7.9,294,28.6139,77.209
2025-06-10T07:00,33.7,26,33.0,0.0,0.0,0,0,7.2,292,28.6139,77.209
2025-06-10T08:00,35.7,22,34.6,0.0,0.0,0,0,9.3,295,28.6139,77.209
2025-06-10T09:00,37.8,20,36.3,0.0,0.0,0,0,11.5,302,28.6139,77.209
2025-06-10T10:00,39.5,19,39.0,0.0,0.0,0,0,12.5,305,28.6139,77.209
2025-06-10T11:00,41.0,18,41.2,0.0,0.0,0,0,12.4,312,28.6139,77.209
2025-06-10T12:00,42.2,17,42.6,0.0,0.0,0,0,12.5,311,28.6139,77.209
2025-06-10T13:00,42.7,16,42.7,0.0,0.0,0,0,14.0,307,28.6139,77.209
2025-06-10T14:00,43.1,15,42.5,0.0,0.0,0,0,14.4,304,28.6139,77.209
2025-06-10T15:00,42.9,15,41.6,0.0,0.0,0,0,14.4,304,28.6139,77.209
2025-06-10T16:00,42.3,16,40.8,0.0,0.0,0,0,13.0,303,28.6139,77.209
2025-06-10T17:00,41.6,18,40.6,0.0,0.0,0,0,10.8,313,28.6139,77.209
2025-06-10T18:00,41.6,17,40.3,0.0,0.0,0,0,11.1,307,28.6139,77.209
2025-06-10T19:00,40.3,19,39.8,0.0,0.0,0,0,7.9,317,28.6139,77.209
2025-06-10T20:00,39.7,19,39.4,0.0,0.0,0,0,5.5,328,28.6139,77.209
2025-06-10T21:00,38.6,22,39.4,0.0,0.0,0,0,1.0,31,28.6139,77.209
2025-06-10T22:00,36.5,26,37.3,0.0,0.0,0,0,2.2,166,28.6139,77.209
2025-06-10T23:00,35.9,28,37.1,0.0,0.0,0,0,1.2,117,28.6139,77.209
2025-06-11T00:00,34.2,30,34.9,0.0,0.0,0,0,4.2,175,28.6139,77.209
2025-06-11T01:00,32.7,36,34.0,0.0,0.0,0,0,3.3,167,28.6139,77.209
2025-06-11T02:00,31.8,39,33.1,0.0,0.0,0,0,5.5,197,28.6139,77.209
2025-06-11T03:00,31.0,41,32.6,0.0,0.0,0,0,3.8,191,28.6139,77.209
2025-06-11T04:00,30.4,45,32.5,0.0,0.0,0,0,2.6,309,28.6139,77.209
2025-06-11T05:00,30.1,44,32.1,0.0,0.0,0,0,2.1,218,28.6139,77.209
2025-06-11T06:00,32.9,29,32.0,0.0,0.0,0,0,11.4,273,28.6139,77.209
2025-06-11T07:00,34.2,27,33.5,0.0,0.0,0,0,9.4,278,28.6139,77.209
2025-06-11T08:00,36.1,25,35.5,0.0,0.0,0,0,10.4,296,28.6139,77.209
2025-06-11T09:00,38.1,24,37.8,0.0,0.0,0,0,10.6,318,28.6139,77.209
2025-06-11T10:00,39.8,23,40.6,0.0,0.0,0,0,10.0,334,28.6139,77.209
2025-06-11T11:00,41.2,22,42.9,0.0,0.0,0,0,9.3,335,28.6139,77.209
2025-06-11T12:00,42.3,20,44.4,0.0,0.0,0,0,8.5,333,28.6139,77.209
2025-06-11T13:00,43.1,19,45.1,0.0,0.0,0,0,8.3,321,28.6139,77.209
2025-06-11T14:00,43.6,19,45.1,0.0,0.0,0,0,8.8,316,28.6139,77.209
2025-06-11T15:00,43.4,19,44.2,0.0,0.0,0,0,9.4,320,28.6139,77.209
2025-06-11T16:00,42.7,21,43.1,0.0,0.0,0,0,9.5,331,28.6139,77.209
2025-06-11T17:00,41.5,24,42.5,0.0,0.0,0,0,9.3,352,28.6139,77.209
2025-06-11T18:00,40.8,24,42.2,0.0,0.0,0,0,4.9,24,28.6139,77.209
2025-06-11T19:00,38.6,35,40.8,0.0,0.0,0,1,11.2,85,28.6139,77.209
2025-06-11T20:00,36.8,45,40.6,0.0,0.0,0,0,11.6,98,28.6139,77.209
2025-06-11T21:00,36.0,50,40.4,0.0,0.0,0,2,10.6,87,28.6139,77.209
2025-06-11T22:00,34.9,55,40.1,0.0,0.0,0,2,8.5,95,28.6139,77.209
2025-06-11T23:00,34.2,58,39.7,0.0,0.0,0,0,7.3,130,28.6139,77.209
2025-06-12T00:00,33.5,60,38.9,0.0,0.0,0,0,7.5,132,28.6139,77.209
2025-06-12T01:00,33.0,61,38.4,0.0,0.0,0,0,6.9,131,28.6139,77.209
2025-06-12T02:00,32.6,62,37.7,0.0,0.0,0,1,7.5,134,28.6139,77.209
2025-06-12T03:00,32.1,63,37.0,0.0,0.0,0,1,8.4,113,28.6139,77.209
2025-06-12T04:00,31.6,64,36.5,0.0,0.0,0,0,7.6,117,28.6139,77.209
2025-06-12T05:00,31.1,65,35.9,0.0,0.0,0,3,8.1,114,28.6139,77.209
2025-06-12T06:00,32.4,62,37.5,0.0,0.0,0,0,6.6,135,28.6139,77.209
2025-06-12T07:00,33.7,55,38.5,0.0,0.0,0,1,5.9,140,28.6139,77.209
2025-06-12T08:00,35.6,47,39.9,0.0,0.0,0,1,5.9,140,28.6139,77.209
2025-06-12T09:00,37.6,40,41.5,0.0,0.0,0,0,5.9,117,28.6139,77.209
2025-06-12T10:00,39.3,36,43.5,0.0,0.0,0,0,8.1,118,28.6139,77.209
2025-06-12T11:00,40.8,33,45.3,0.0,0.0,2,55,8.8,113,28.6139,77.209
2025-06-12T12:00,41.5,30,45.6,0.0,0.0,1,47,8.1,122,28.6139,77.209
2025-06-12T13:00,41.9,29,46.2,0.1,0.1,51,35,6.6,137,28.6139,77.209
2025-06-12T14:00,42.6,27,46.4,0.0,0.0,0,13,5.5,136,28.6139,77.209
2025-06-12T15:00,43.1,25,46.2,0.0,0.0,0,19,3.9,118,28.6139,77.209
2025-06-12T16:00,41.9,27,44.3,0.0,0.0,1,31,6.4,65,28.6139,77.209
2025-06-12T17:00,38.6,40,42.8,0.4,0.4,51,41,6.4,115,28.6139,77.209
2025-06-12T18:00,40.0,30,41.8,0.0,0.0,0,18,10.5,85,28.6139,77.209
2025-06-12T19:00,38.3,39,41.3,0.0,0.0,0,7,11.7,89,28.6139,77.209
2025-06-12T20:00,37.2,42,40.7,0.0,0.0,0,1,10.5,96,28.6139,77.209
2025-06-12T21:00,36.5,45,40.2,0.0,0.0,0,0,10.6,100,28.6139,77.209
2025-06-12T22:00,35.5,49,39.5,0.0,0.0,0,0,9.6,99,28.6139,77.209
2025-06-12T23:00,34.7,51,38.9,0.0,0.0,0,0,8.9,103,28.6139,77.209
2025-06-13T00:00,34.0,52,37.6,0.0,0.0,0,0,10.9,102,28.6139,77.209
2025-06-13T01:00,33.2,53,36.9,0.0,0.0,0,0,9.3,114,28.6139,77.209
2025-06-13T02:00,32.6,55,36.3,0.0,0.0,0,1,9.6,116,28.6139,77.209
2025-06-13T03:00,32.1,56,35.8,0.0,0.0,0,10,8.9,119,28.6139,77.209
2025-06-13T04:00,31.7,58,35.6,0.0,0.0,0,9,8.3,114,28.6139,77.209
2025-06-13T05:00,31.3,60,35.2,0.0,0.0,0,12,9.2,107,28.6139,77.209
2025-06-13T06:00,33.2,60,38.4,0.0,0.0,0,0,7.8,122,28.6139,77.209
2025-06-13T07:00,34.4,55,39.3,0.0,0.0,0,0,9.3,134,28.6139,77.209
2025-06-13T08:00,36.0,48,40.1,0.0,0.0,0,0,10.3,144,28.6139,77.209
2025-06-13T09:00,37.8,41,41.6,0.0,0.0,0,0,9.2,135,28.6139,77.209
2025-06-13T10:00,39.6,36,43.6,0.0,0.0,0,6,9.3,119,28.6139,77.209
2025-06-13T11:00,40.8,32,44.6,0.0,0.0,1,24,10.0,131,28.6139,77.209
2025-06-13T12:00,41.1,33,45.6,0.0,0.0,1,37,8.7,120,28.6139,77.209
2025-06-13T13:00,39.4,41,44.2,0.0,0.0,2,55,13.4,134,28.6139,77.209
2025-06-13T14:00,39.8,39,45.2,0.0,0.0,1,36,6.0,159,28.6139,77.209
2025-06-13T15:00,40.3,37,44.8,0.0,0.0,0,12,6.3,125,28.6139,77.209
2025-06-13T16:00,40.5,36,44.6,0.0,0.0,1,41,7.3,113,28.6139,77.209
2025-06-13T17:00,40.0,37,43.9,0.0,0.0,2,53,8.7,94,28.6139,77.209
2025-06-13T18:00,36.3,47,39.9,0.0,0.0,0,1,12.6,104,28.6139,77.209
2025-06-13T19:00,35.2,51,39.1,0.0,0.0,0,3,12.3,104,28.6139,77.209
2025-06-13T20:00,34.5,55,38.9,0.0,0.0,0,1,11.0,91,28.6139,77.209
2025-06-13T21:00,33.9,58,38.9,0.0,0.0,0,1,8.9,96,28.6139,77.209
2025-06-13T22:00,33.3,60,38.5,0.0,0.0,0,0,8.5,96,28.6139,77.209
2025-06-13T23:00,32.7,62,37.8,0.0,0.0,0,0,8.8,107,28.6139,77.209
2025-06-14T00:00,32.2,64,37.3,0.0,0.0,0,0,8.9,114,28.6139,77.209
2025-06-14T01:00,31.9,64,36.7,0.0,0.0,0,2,9.4,116,28.6139,77.209
2025-06-14T02:00,31.6,64,36.5,0.0,0.0,0,0,7.5,114,28.6139,77.209
2025-06-14T03:00,31.3,64,36.3,0.0,0.0,0,0,6.5,114,28.6139,77.209
2025-06-14T04:00,31.0,65,35.8,0.0,0.0,0,0,7.0,125,28.6139,77.209
2025-06-14T05:00,30.6,67,35.5,0.0,0.0,0,1,6.6,106,28.6139,77.209
2025-06-14T06:00,31.3,65,36.4,0.0,0.0,0,0,6.5,85,28.6139,77.209
2025-06-14T07:00,32.5,61,37.8,0.0,0.0,0,0,6.1,87,28.6139,77.209
2025-06-14T08:00,34.4,55,39.6,0.0,0.0,0,0,6.3,88,28.6139,77.209
2025-06-14T09:00,36.3,49,41.4,0.0,0.0,0,0,6.2,97,28.6139,77.209
2025-06-14T10:00,38.1,43,43.5,0.0,0.0,0,0,5.5,107,28.6139,77.209
2025-06-14T11:00,39.6,37,45.4,0.0,0.0,0,2,4.5,124,28.6139,77.209
2025-06-14T12:00,40.8,33,46.6,0.0,0.0,1,37,3.1,149,28.6139,77.209
2025-06-14T13:00,41.6,30,46.5,0.0,0.0,1,34,3.3,202,28.6139,77.209
2025-06-14T14:00,42.3,28,46.1,0.0,0.0,1,24,4.2,223,28.6139,77.209
2025-06-14T15:00,42.9,25,45.6,0.0,0.0,1,21,4.2,260,28.6139,77.209
2025-06-14T16:00,42.3,25,44.1,0.0,0.0,1,38,7.6,355,28.6139,77.209
2025-06-14T17:00,38.4,43,42.4,0.3,0.3,51,16,13.5,59,28.6139,77.209
2025-06-14T18:00,39.2,32,41.4,0.0,0.0,0,11,9.4,93,28.6139,77.209
2025-06-14T19:00,37.8,35,40.2,0.0,0.0,0,7,9.4,98,28.6139,77.209
2025-06-14T20:00,37.1,36,39.8,0.0,0.0,0,6,6.8,115,28.6139,77.209
2025-06-14T21:00,36.3,39,38.8,0.0,0.0,0,4,9.2,125,28.6139,77.209
2025-06-14T22:00,35.3,44,38.4,0.0,0.0,0,2,9.0,142,28.6139,77.209
2025-06-14T23:00,34.8,46,37.9,0.0,0.0,0,2,9.7,152,28.6139,77.209
2025-06-15T00:00,34.2,46,37.2,0.0,0.0,0,1,8.9,159,28.6139,77.209
2025-06-15T01:00,33.6,47,36.7,0.0,0.0,0,1,7.7,144,28.6139,77.209
2025-06-15T02:00,32.9,50,36.2,0.0,0.0,0,3,7.3,134,28.6139,77.209
2025-06-15T03:00,32.2,53,35.8,0.0,0.0,0,14,6.4,148,28.6139,77.209
2025-06-15T04:00,31.8,54,35.6,0.0,0.0,0,7,5.1,132,28.6139,77.209
2025-06-15T05:00,31.5,55,35.2,0.0,0.0,0,10,6.1,109,28.6139,77.209
2025-06-15T06:00,29.6,70,33.4,0.2,0.2,51,90,13.6,126,28.6139,77.209
2025-06-15T07:00,30.8,62,33.3,0.0,0.0,3,94,18.5,165,28.6139,77.209
2025-06-15T08:00,31.2,56,34.8,0.7,0.7,53,13,6.5,156,28.6139,77.209
2025-06-15T09:00,33.7,48,37.0,0.4,0.4,51,54,7.5,165,28.6139,77.209
2025-06-15T10:00,35.7,41,37.9,0.0,0.0,3,91,11.9,63,28.6139,77.209
2025-06-15T11:00,33.3,58,37.2,0.0,0.0,0,15,14.8,67,28.6139,77.209
2025-06-15T12:00,35.3,50,39.9,0.0,0.0,3,98,11.2,84,28.6139,77.209
2025-06-15T13:00,37.5,43,42.7,0.0,0.0,3,87,10.4,100,28.6139,77.209
2025-06-15T14:00,37.9,41,42.5,0.0,0.0,1,23,9.7,118,28.6139,77.209
2025-06-15T15:00,37.8,41,42.0,0.0,0.0,1,38,7.9,120,28.6139,77.209
2025-06-15T16:00,37.5,42,41.6,0.0,0.0,2,64,7.0,119,28.6139,77.209
2025-06-15T17:00,37.4,43,41.8,0.0,0.0,3,81,5.9,130,28.6139,77.209
2025-06-15T18:00,33.9,58,39.2,0.0,0.0,1,34,7.3,160,28.6139,77.209
2025-06-15T19:00,33.2,60,38.7,0.0,0.0,1,26,5.9,168,28.6139,77.209
2025-06-15T20:00,32.9,62,38.9,0.0,0.0,1,28,3.2,161,28.6139,77.209
2025-06-15T21:00,32.8,64,39.1,0.0,0.0,3,100,2.4,107,28.6139,77.209
2025-06-15T22:00,32.6,66,38.8,0.0,0.0,2,53,4.3,112,28.6139,77.209
2025-06-15T23:00,32.2,68,38.3,0.0,0.0,1,30,5.8,110,28.6139,77.209
2025-06-16T00:00,31.6,70,37.8,0.0,0.0,2,53,5.4,92,28.6139,77.209
2025-06-16T01:00,30.9,73,36.8,0.0,0.0,0,1,6.9,73,28.6139,77.209
2025-06-16T02:00,30.1,78,36.4,0.0,0.0,0,9,6.4,50,28.6139,77.209
2025-06-16T03:00,29.7,81,36.1,0.0,0.0,0,9,6.2,78,28.6139,77.209
2025-06-16T04:00,29.1,83,34.3,0.0,0.0,1,28,13.8,103,28.6139,77.209
2025-06-16T05:00,25.4,92,29.5,3.5,3.5,63,90,13.3,128,28.6139,77.209
2025-06-16T06:00,24.8,98,30.1,11.2,11.2,65,100,7.1,146,28.6139,77.209
2025-06-16T07:00,25.6,96,31.6,2.2,2.2,61,97,4.4,111,28.6139,77.209
2025-06-16T08:00,26.9,90,33.3,0.6,0.6,53,100,2.5,82,28.6139,77.209
2025-06-16T09:00,27.4,90,34.0,0.4,0.4,51,100,3.7,119,28.6139,77.209
2025-06-16T10:00,27.5,89,33.8,0.1,0.1,51,100,5.3,57,28.6139,77.209
2025-06-16T11:00,29.7,79,35.8,0.0,0.0,3,95,7.0,91,28.6139,77.209
2025-06-16T12:00,30.7,76,37.2,0.0,0.0,3,100,5.4,64,28.6139,77.209
2025-06-16T13:00,31.5,73,38.1,0.0,0.0,3,97,7.4,72,28.6139,77.209
2025-06-16T14:00,31.8,71,38.1,0.0,0.0,3,100,7.0,77,28.6139,77.209
2025-06-16T15:00,32.0,69,38.4,0.0,0.0,3,100,4.6,69,28.6139,77.209
2025-06-16T16:00,32.0,69,38.2,0.0,0.0,3,100,6.0,53,28.6139,77.209
2025-06-16T17:00,31.8,70,38.1,0.0,0.0,3,100,5.4,42,28.6139,77.209
2025-06-16T18:00,31.8,74,39.2,0.0,0.0,3,100,1.7,49,28.6139,77.209
2025-06-16T19:00,30.7,77,37.5,0.0,0.0,3,100,4.0,18,28.6139,77.209
2025-06-16T20:00,30.0,79,36.3,0.0,0.0,3,100,6.4,47,28.6139,77.209
2025-06-16T21:00,29.7,79,36.0,0.0,0.0,2,72,5.8,51,28.6139,77.209
2025-06-16T22:00,28.1,84,34.2,6.9,6.9,63,94,4.3,180,28.6139,77.209
2025-06-16T23:00,27.2,95,34.0,0.7,0.7,53,65,5.7,11,28.6139,77.209
2025-06-17T00:00,26.7,96,33.0,0.4,0.4,51,100,7.3,228,28.6139,77.209
2025-06-17T01:00,26.3,99,32.4,0.5,0.5,53,100,9.2,118,28.6139,77.209
2025-06-17T02:00,26.2,97,32.3,1.5,1.5,61,100,7.0,80,28.6139,77.209
2025-06-17T03:00,26.2,93,31.9,0.8,0.8,53,100,7.2,94,28.6139,77.209
2025-06-17T04:00,25.6,96,31.6,7.3,7.3,63,100,4.8,22,28.6139,77.209
2025-06-17T05:00,25.2,95,29.8,3.2,3.2,63,100,11.1,97,28.6139,77.209
2025-06-17T06:00,26.1,95,32.5,0.3,0.3,51,99,3.5,51,28.6139,77.209
2025-06-17T07:00,27.0,90,33.3,0.3,0.3,51,100,3.8,31,28.6139,77.209
2025-06-17T08:00,27.4,89,33.9,0.2,0.2,51,76,4.2,25,28.6139,77.209
2025-06-17T09:00,29.2,83,35.7,0.0,0.0,1,31,5.7,28,28.6139,77.209
2025-06-17T10:00,30.8,76,38.0,0.0,0.0,0,15,5.6,50,28.6139,77.209
2025-06-17T11:00,31.9,72,39.8,0.0,0.0,0,3,6.4,65,28.6139,77.209
2025-06-17T12:00,32.6,69,40.9,0.0,0.0,1,20,5.6,61,28.6139,77.209
2025-06-17T13:00,33.2,67,41.4,0.0,0.0,1,24,4.9,62,28.6139,77.209
2025-06-17T14:00,33.4,65,40.8,0.0,0.0,0,19,5.0,55,28.6139,77.209
2025-06-17T15:00,33.7,64,40.4,0.0,0.0,0,19,5.6,42,28.6139,77.209
2025-06-17T16:00,33.5,64,39.6,0.0,0.0,1,30,6.9,47,28.6139,77.209
2025-06-17T17:00,32.9,67,39.3,0.0,0.0,1,49,6.0,53,28.6139,77.209
2025-06-17T18:00,30.9,73,37.5,0.0,0.0,3,100,3.4,174,28.6139,77.209
2025-06-17T19:00,30.0,78,36.3,0.0,0.0,3,100,5.5,207,28.6139,77.209
2025-06-17T20:00,28.8,80,34.4,0.3,0.3,51,100,8.6,202,28.6139,77.209
2025-06-17T21:00,27.8,84,33.2,0.5,0.5,53,100,8.1,211,28.6139,77.209
2025-06-17T22:00,27.2,83,32.4,0.5,0.5,53,100,6.4,216,28.6139,77.209
2025-06-17T23:00,26.2,89,31.9,1.1,1.1,55,100,3.4,205,28.6139,77.209
2025-06-18T00:00,25.6,90,31.0,1.0,1.0,55,100,4.6,225,28.6139,77.209
2025-06-18T01:00,25.2,94,30.8,1.1,1.1,55,100,3.4,133,28.6139,77.209
2025-06-18T02:00,24.9,94,30.2,1.2,1.2,55,100,5.6,94,28.6139,77.209
2025-06-18T03:00,24.5,93,29.3,0.6,0.6,53,100,5.9,78,28.6139,77.209
2025-06-18T04:00,24.0,94,28.3,0.8,0.8,53,100,7.8,40,28.6139,77.209
2025-06-18T05:00,24.0,94,28.5,0.6,0.6,53,100,6.1,71,28.6139,77.209
2025-06-18T06:00,25.8,90,31.4,0.0,0.0,3,87,4.0,90,28.6139,77.209
2025-06-18T07:00,26.3,90,31.6,0.0,0.0,2,77,7.4,131,28.6139,77.209
2025-06-18T08:00,27.4,85,33.1,0.0,0.0,1,40,5.6,155,28.6139,77.209
2025-06-18T09:00,28.8,80,34.9,0.0,0.0,0,5,4.3,163,28.6139,77.209
2025-06-18T10:00,30.3,74,37.3,0.0,0.0,0,6,2.2,145,28.6139,77.209
2025-06-18T11:00,31.3,71,39.0,0.0,0.0,0,13,3.3,139,28.6139,77.209
2025-06-18T12:00,32.0,67,39.9,0.0,0.0,0,13,2.9,137,28.6139,77.209
2025-06-18T13:00,32.8,64,40.5,0.0,0.0,1,24,2.4,117,28.6139,77.209
2025-06-18T14:00,33.1,62,40.2,0.0,0.0,0,17,2.6,115,28.6139,77.209
2025-06-18T15:00,33.2,59,38.9,0.0,0.0,1,27,3.3,119,28.6139,77.209
2025-06-18T16:00,33.2,57,38.5,0.0,0.0,0,9,3.1,121,28.6139,77.209
2025-06-18T17:00,33.1,56,38.2,0.0,0.0,0,6,2.8,145,28.6139,77.209
2025-06-18T18:00,31.4,71,37.9,0.0,0.0,3,86,4.5,133,28.6139,77.209
2025-06-18T19:00,30.2,76,36.2,0.0,0.0,3,100,6.3,153,28.6139,77.209
2025-06-18T20:00,29.5,77,35.4,0.0,0.0,3,98,6.1,166,28.6139,77.209
2025-06-18T21:00,29.1,80,35.3,0.0,0.0,3,100,5.6,159,28.6139,77.209
2025-06-18T22:00,28.9,82,35.2,0.0,0.0,3,100,4.7,137,28.6139,77.209
2025-06-18T23:00,28.6,83,34.9,0.0,0.0,3,98,4.8,132,28.6139,77.209
2025-06-19T00:00,28.3,85,34.7,0.0,0.0,1,44,4.2,126,28.6139,77.209
2025-06-19T01:00,28.0,86,34.2,0.0,0.0,0,14,5.5,134,28.6139,77.209
2025-06-19T02:00,27.7,88,34.1,0.0,0.0,1,31,4.3,112,28.6139,77.209
2025-06-19T03:00,27.5,88,33.8,0.0,0.0,3,97,5.1,100,28.6139,77.209
2025-06-19T04:00,27.4,88,33.3,0.0,0.0,1,22,6.2,123,28.6139,77.209
2025-06-19T05:00,27.2,86,32.5,0.0,0.0,3,96,7.8,143,28.6139,77.209
2025-06-19T06:00,27.0,88,32.9,0.0,0.0,0,18,5.2,149,28.6139,77.209
2025-06-19T07:00,28.0,84,34.4,0.0,0.0,0,9,2.4,126,28.6139,77.209
2025-06-19T08:00,29.3,78,35.6,0.0,0.0,0,12,3.4,115,28.6139,77.209
2025-06-19T09:00,30.5,74,36.7,0.0,0.0,2,68,5.1,108,28.6139,77.209
2025-06-19T10:00,31.1,73,37.1,0.0,0.0,2,57,7.2,103,28.6139,77.209
2025-06-19T11:00,31.5,70,37.3,0.0,0.0,1,25,7.2,109,28.6139,77.209
2025-06-19T12:00,32.0,68,38.4,0.1,0.1,51,31,8.8,109,28.6139,77.209
2025-06-19T13:00,32.3,64,38.0,0.0,0.0,0,15,9.9,112,28.6139,77.209
2025-06-19T14:00,32.7,61,38.2,0.0,0.0,2,58,9.7,121,28.6139,77.209
2025-06-19T15:00,32.7,61,37.5,0.0,0.0,1,33,9.1,120,28.6139,77.209
2025-06-19T16:00,32.5,62,37.4,0.0,0.0,1,21,8.5,118,28.6139,77.209
2025-06-19T17:00,31.9,65,36.8,0.0,0.0,1,28,9.5,123,28.6139,77.209
2025-06-19T18:00,31.3,69,37.1,0.0,0.0,0,7,5.2,117,28.6139,77.209
2025-06-19T19:00,30.0,76,36.1,0.0,0.0,1,23,5.1,132,28.6139,77.209
2025-06-19T20:00,29.6,80,36.3,0.0,0.0,0,7,3.5,129,28.6139,77.209
2025-06-19T21:00,29.0,82,35.5,0.0,0.0,3,99,4.8,110,28.6139,77.209
2025-06-19T22:00,28.6,85,35.0,0.0,0.0,3,100,5.4,127,28.6139,77.209
2025-06-19T23:00,28.1,87,34.6,0.0,0.0,3,99,4.4,128,28.6139,77.209
2025-06-20T00:00,27.7,88,34.0,0.0,0.0,3,100,5.1,117,28.6139,77.209
2025-06-20T01:00,27.4,89,33.5,0.0,0.0,3,92,6.0,115,28.6139,77.209
2025-06-20T02:00,27.2,90,33.5,0.0,0.0,3,95,5.1,113,28.6139,77.209
2025-06-20T03:00,26.4,92,31.0,0.0,0.0,3,100,13.8,137,28.6139,77.209
2025-06-20T04:00,25.5,93,30.6,0.1,0.1,51,100,8.5,138,28.6139,77.209
2025-06-20T05:00,25.5,94,30.7,0.0,0.0,3,100,7.3,101,28.6139,77.209
2025-06-20T06:00,27.2,93,33.7,0.0,0.0,3,100,5.5,99,28.6139,77.209
2025-06-20T07:00,28.0,89,34.7,0.0,0.0,3,100,5.2,96,28.6139,77.209
2025-06-20T08:00,29.0,83,35.2,0.0,0.0,3,100,8.0,106,28.6139,77.209
2025-06-20T09:00,29.8,79,35.5,0.0,0.0,3,100,9.8,110,28.6139,77.209
2025-06-20T10:00,30.2,77,35.9,0.1,0.1,51,100,10.6,109,28.6139,77.209
2025-06-20T11:00,31.2,75,37.6,0.1,0.1,51,100,8.4,105,28.6139,77.209
2025-06-20T12:00,31.7,72,37.6,0.1,0.1,51,100,10.7,97,28.6139,77.209
2025-06-20T13:00,30.1,76,35.4,0.8,0.8,53,100,11.0,92,28.6139,77.209
2025-06-20T14:00,30.4,74,35.9,0.0,0.0,3,100,10.1,86,28.6139,77.209
2025-06-20T15:00,30.9,72,36.5,0.0,0.0,3,100,8.7,97,28.6139,77.209
2025-06-20T16:00,30.8,73,36.6,0.0,0.0,3,100,8.1,96,28.6139,77.209
2025-06-20T17:00,30.7,73,36.4,0.0,0.0,3,100,8.7,85,28.6139,77.209
2025-06-20T18:00,30.0,80,36.5,0.0,0.0,3,100,6.3,125,28.6139,77.209
2025-06-20T19:00,29.0,84,35.6,0.0,0.0,3,100,5.6,119,28.6139,77.209
2025-06-20T20:00,28.4,87,35.1,0.0,0.0,3,100,5.1,113,28.6139,77.209
2025-06-20T21:00,28.1,89,34.6,0.0,0.0,3,100,6.4,112,28.6139,77.209
2025-06-20T22:00,27.7,91,34.2,0.0,0.0,3,100,6.6,111,28.6139,77.209
2025-06-20T23:00,27.5,92,33.8,0.0,0.0,3,100,7.2,115,28.6139,77.209
2025-06-21T00:00,27.2,93,33.6,0.0,0.0,3,100,6.7,114,28.6139,77.209
2025-06-21T01:00,27.0,94,33.3,0.0,0.0,3,100,6.7,110,28.6139,77.209
2025-06-21T02:00,26.8,94,33.0,0.0,0.0,3,80,6.5,114,28.6139,77.209
2025-06-21T03:00,26.5,94,32.9,0.0,0.0,1,34,4.8,110,28.6139,77.209
2025-06-21T04:00,26.3,95,32.7,0.0,0.0,1,25,4.2,108,28.6139,77.209
2025-06-21T05:00,26.2,95,32.8,0.0,0.0,1,38,2.6,106,28.6139,77.209
2025-06-21T06:00,26.8,95,33.1,1.3,1.3,61,69,6.9,133,28.6139,77.209
2025-06-21T07:00,27.8,92,35.0,0.1,0.1,51,13,2.9,101,28.6139,77.209
2025-06-21T08:00,29.3,84,36.2,0.0,0.0,0,15,5.2,115,28.6139,77.209
2025-06-21T09:00,30.8,73,36.8,0.0,0.0,0,16,7.0,125,28.6139,77.209
2025-06-21T10:00,32.1,65,38.0,0.0,0.0,2,77,7.3,126,28.6139,77.209
2025-06-21T11:00,33.1,62,39.8,0.0,0.0,2,58,7.1,128,28.6139,77.209
2025-06-21T12:00,33.8,59,40.8,0.0,0.0,1,42,6.2,134,28.6139,77.209
2025-06-21T13:00,34.3,56,40.9,0.1,0.1,51,89,5.4,143,28.6139,77.209
2025-06-21T14:00,34.6,57,41.5,0.1,0.1,51,18,4.8,143,28.6139,77.209
2025-06-21T15:00,34.7,57,41.1,0.0,0.0,0,18,3.9,124,28.6139,77.209
2025-06-21T16:00,34.7,58,41.0,0.0,0.0,0,9,3.1,135,28.6139,77.209
2025-06-21T17:00,34.3,59,40.8,0.0,0.0,0,4,2.6,146,28.6139,77.209
2025-06-21T18:00,31.9,71,38.7,0.0,0.0,1,34,3.4,186,28.6139,77.209
2025-06-21T19:00,31.4,74,38.4,0.0,0.0,1,25,3.9,137,28.6139,77.209
2025-06-21T20:00,30.8,79,37.9,0.0,0.0,0,13,4.9,147,28.6139,77.209
2025-06-21T21:00,30.3,81,37.6,0.0,0.0,0,6,4.0,148,28.6139,77.209
2025-06-21T22:00,30.0,83,37.4,0.0,0.0,0,1,3.5,102,28.6139,77.209
2025-06-21T23:00,29.6,84,36.7,0.0,0.0,0,1,5.0,111,28.6139,77.209
2025-06-22T00:00,29.2,85,36.0,0.0,0.0,0,7,6.1,120,28.6139,77.209
2025-06-22T01:00,28.9,86,35.6,0.0,0.0,0,7,5.4,140,28.6139,77.209
2025-06-22T02:00,28.5,87,35.2,0.0,0.0,0,6,5.2,160,28.6139,77.209
2025-06-22T03:00,28.4,86,34.7,0.0,0.0,1,33,6.3,167,28.6139,77.209
2025-06-22T04:00,28.2,86,34.6,0.0,0.0,3,88,5.1,174,28.6139,77.209
2025-06-22T05:00,28.0,87,34.4,0.0,0.0,1,26,4.5,173,28.6139,77.209
2025-06-22T06:00,29.5,83,36.2,0.0,0.0,3,100,5.6,209,28.6139,77.209
2025-06-22T07:00,30.3,81,37.7,0.0,0.0,3,99,2.8,130,28.6139,77.209
2025-06-22T08:00,31.5,74,38.8,0.0,0.0,3,100,1.5,216,28.6139,77.209
2025-06-22T09:00,32.5,66,38.9,0.1,0.1,51,100,3.6,183,28.6139,77.209
2025-06-22T10:00,33.6,62,40.1,0.0,0.0,3,89,4.3,158,28.6139,77.209
2025-06-22T11:00,34.0,60,40.9,0.0,0.0,3,100,3.3,139,28.6139,77.209
2025-06-22T12:00,33.6,60,38.9,0.0,0.0,3,98,8.1,107,28.6139,77.209
2025-06-22T13:00,31.9,68,38.1,0.6,0.6,53,100,5.3,82,28.6139,77.209
2025-06-22T14:00,32.7,66,39.0,0.1,0.1,51,88,5.5,71,28.6139,77.209
2025-06-22T15:00,33.8,62,40.3,0.0,0.0,3,95,4.6,54,28.6139,77.209
2025-06-22T16:00,33.9,61,40.1,0.0,0.0,3,96,5.1,100,28.6139,77.209
2025-06-22T17:00,33.5,63,39.7,0.0,0.0,2,78,5.4,104,28.6139,77.209
2025-06-22T18:00,32.1,68,37.9,0.0,0.0,1,25,7.9,94,28.6139,77.209
2025-06-22T19:00,30.9,74,37.2,0.0,0.0,2,67,6.5,103,28.6139,77.209
2025-06-22T20:00,30.3,78,36.8,0.0,0.0,1,26,5.6,130,28.6139,77.209
2025-06-22T21:00,29.8,80,36.3,0.0,0.0,0,8,6.0,139,28.6139,77.209
2025-06-22T22:00,29.4,82,36.1,0.0,0.0,3,91,4.6,141,28.6139,77.209
2025-06-22T23:00,29.1,83,35.8,0.0,0.0,3,100,4.9,144,28.6139,77.209
2025-06-23T00:00,28.9,84,35.3,0.0,0.0,3,87,6.1,133,28.6139,77.209
2025-06-23T01:00,28.6,86,35.0,0.0,0.0,1,40,5.9,133,28.6139,77.209
2025-06-23T02:00,28.3,87,35.0,0.0,0.0,0,7,4.5,133,28.6139,77.209
2025-06-23T03:00,28.1,89,34.9,0.0,0.0,0,6,4.0,150,28.6139,77.209
2025-06-23T04:00,27.8,91,34.9,0.0,0.0,1,32,2.7,152,28.6139,77.209
2025-06-23T05:00,27.9,90,35.3,0.0,0.0,1,20,1.2,141,28.6139,77.209
2025-06-23T06:00,29.4,88,37.2,0.0,0.0,3,100,3.6,93,28.6139,77.209
2025-06-23T07:00,30.0,83,36.9,0.0,0.0,3,95,6.7,166,28.6139,77.209
2025-06-23T08:00,30.9,77,38.1,0.0,0.0,3,98,3.6,153,28.6139,77.209
2025-06-23T09:00,32.2,71,39.5,0.0,0.0,1,34,2.1,142,28.6139,77.209
2025-06-23T10:00,33.6,62,40.6,0.0,0.0,0,12,1.6,90,28.6139,77.209
2025-06-23T11:00,34.4,59,41.6,0.0,0.0,1,32,5.4,70,28.6139,77.209
2025-06-23T12:00,35.1,56,42.2,0.0,0.0,1,28,6.0,85,28.6139,77.209
2025-06-23T13:00,35.7,53,42.8,0.0,0.0,1,32,5.2,70,28.6139,77.209
2025-06-23T14:00,35.6,53,41.9,0.1,0.1,51,40,5.8,64,28.6139,77.209
2025-06-23T15:00,35.7,53,41.2,0.0,0.0,1,22,6.4,54,28.6139,77.209
2025-06-23T16:00,35.5,53,40.9,0.0,0.0,1,25,6.8,61,28.6139,77.209
2025-06-23T17:00,34.8,56,40.0,0.0,0.0,1,30,8.6,89,28.6139,77.209
2025-06-23T18:00,32.1,70,38.4,0.0,0.0,0,19,7.5,165,28.6139,77.209
2025-06-23T19:00,31.3,76,38.2,0.0,0.0,0,15,5.2,134,28.6139,77.209
2025-06-23T20:00,30.9,79,38.2,0.0,0.0,0,0,4.0,126,28.6139,77.209
2025-06-23T21:00,30.4,80,37.4,0.0,0.0,0,0,5.3,118,28.6139,77.209
2025-06-23T22:00,29.7,83,36.5,0.0,0.0,0,0,6.6,119,28.6139,77.209
2025-06-23T23:00,29.2,84,35.7,0.0,0.0,0,0,6.7,134,28.6139,77.209
2025-06-24T00:00,28.7,86,35.4,0.0,0.0,0,0,5.8,120,28.6139,77.209
2025-06-24T01:00,28.4,88,35.0,0.0,0.0,0,0,6.1,118,28.6139,77.209
2025-06-24T02:00,28.1,89,34.6,0.0,0.0,0,0,6.9,120,28.6139,77.209
2025-06-24T03:00,27.8,91,34.1,0.0,0.0,0,0,7.6,126,28.6139,77.209
2025-06-24T04:00,27.5,92,34.1,0.0,0.0,0,2,5.3,128,28.6139,77.209
2025-06-24T05:00,27.3,93,33.8,0.0,0.0,0,17,6.0,134,28.6139,77.209
2025-06-24T06:00,27.9,88,34.1,0.0,0.0,3,100,6.2,83,28.6139,77.209
2025-06-24T07:00,28.5,84,35.0,0.0,0.0,3,95,3.9,103,28.6139,77.209
2025-06-24T08:00,30.1,78,36.7,0.0,0.0,3,94,4.0,108,28.6139,77.209
2025-06-24T09:00,31.6,72,38.3,0.1,0.1,51,48,4.8,132,28.6139,77.209
2025-06-24T10:00,32.5,68,39.0,0.2,0.2,51,100,5.1,153,28.6139,77.209
2025-06-24T11:00,33.4,65,40.1,0.0,0.0,2,64,3.7,166,28.6139,77.209
2025-06-24T12:00,34.9,59,42.6,0.1,0.1,51,11,3.6,174,28.6139,77.209
2025-06-24T13:00,35.6,56,43.7,0.1,0.1,51,39,2.9,184,28.6139,77.209
2025-06-24T14:00,36.0,53,43.6,0.3,0.3,51,42,1.8,169,28.6139,77.209
2025-06-24T15:00,36.1,52,42.6,0.2,0.2,51,21,0.7,76,28.6139,77.209
2025-06-24T16:00,36.0,52,42.0,0.1,0.1,51,14,2.4,77,28.6139,77.209
2025-06-24T17:00,35.6,52,41.2,0.0,0.0,1,25,4.5,83,28.6139,77.209
2025-06-24T18:00,31.1,81,38.9,0.0,0.0,0,18,4.2,95,28.6139,77.209
2025-06-24T19:00,30.9,83,38.9,0.0,0.0,1,21,4.4,117,28.6139,77.209
2025-06-24T20:00,30.8,84,38.6,0.0,0.0,1,23,5.4,120,28.6139,77.209
2025-06-24T21:00,30.6,84,38.3,0.0,0.0,1,20,4.7,133,28.6139,77.209
2025-06-24T22:00,30.5,81,37.4,0.0,0.0,1,26,6.9,129,28.6139,77.209
2025-06-24T23:00,30.2,80,36.9,0.0,0.0,1,20,6.7,110,28.6139,77.209
2025-06-25T00:00,29.9,81,36.5,0.0,0.0,1,30,7.5,111,28.6139,77.209
2025-06-25T01:00,29.6,82,35.9,0.0,0.0,3,100,8.4,109,28.6139,77.209
2025-06-25T02:00,28.9,82,34.5,0.4,0.4,51,96,9.5,129,28.6139,77.209
2025-06-25T03:00,26.9,93,32.3,8.6,8.6,65,100,12.0,227,28.6139,77.209
2025-06-25T04:00,26.5,96,32.5,2.3,2.3,61,100,7.9,49,28.6139,77.209
2025-06-25T05:00,26.6,97,33.2,0.1,0.1,51,100,5.4,92,28.6139,77.209
2025-06-25T06:00,27.3,94,34.2,0.3,0.3,51,100,4.3,88,28.6139,77.209
2025-06-25T07:00,27.9,93,34.6,0.0,0.0,3,100,8.1,86,28.6139,77.209
2025-06-25T08:00,28.8,88,35.1,0.0,0.0,3,100,10.4,101,28.6139,77.209
2025-06-25T09:00,28.8,86,34.9,0.1,0.1,51,100,10.5,93,28.6139,77.209
2025-06-25T10:00,28.6,87,34.6,0.1,0.1,51,100,10.6,93,28.6139,77.209
2025-06-25T11:00,28.3,87,34.0,0.3,0.3,51,100,11.7,93,28.6139,77.209
2025-06-25T12:00,28.7,85,34.3,0.6,0.6,53,100,11.9,90,28.6139,77.209
2025-06-25T13:00,30.0,78,35.6,0.1,0.1,51,100,10.4,90,28.6139,77.209
2025-06-25T14:00,31.5,70,36.9,0.0,0.0,3,100,10.8,93,28.6139,77.209
2025-06-25T15:00,32.0,67,37.4,0.0,0.0,3,100,10.1,94,28.6139,77.209
2025-06-25T16:00,32.1,68,37.6,0.0,0.0,3,100,9.8,84,28.6139,77.209
2025-06-25T17:00,31.9,69,37.7,0.0,0.0,3,100,8.3,76,28.6139,77.209
2025-06-25T18:00,30.9,78,37.8,0.0,0.0,3,99,6.0,63,28.6139,77.209
2025-06-25T19:00,29.9,83,36.5,0.0,0.0,3,97,8.8,67,28.6139,77.209
2025-06-25T20:00,29.2,86,35.8,0.0,0.0,2,58,8.1,85,28.6139,77.209
2025-06-25T21:00,28.7,88,34.9,0.0,0.0,0,5,10.1,87,28.6139,77.209
2025-06-25T22:00,28.4,89,34.7,0.0,0.0,0,3,9.4,102,28.6139,77.209
2025-06-25T23:00,28.3,89,34.5,0.0,0.0,0,5,9.4,90,28.6139,77.209
2025-06-26T00:00,28.1,90,34.3,0.0,0.0,0,0,9.9,91,28.6139,77.209
2025-06-26T01:00,28.0,91,34.6,0.0,0.0,3,99,6.8,90,28.6139,77.209
2025-06-26T02:00,26.5,93,32.2,6.4,6.4,63,100,8.4,124,28.6139,77.209
2025-06-26T03:00,26.0,95,31.7,0.3,0.3,51,99,8.2,113,28.6139,77.209
2025-06-26T04:00,26.3,95,31.9,1.1,1.1,55,100,8.9,138,28.6139,77.209
2025-06-26T05:00,26.3,95,31.6,3.6,3.6,63,100,11.6,96,28.6139,77.209
2025-06-26T06:00,28.3,87,34.4,0.0,0.0,3,99,8.3,114,28.6139,77.209
2025-06-26T07:00,29.0,85,35.5,0.0,0.0,3,97,7.0,100,28.6139,77.209
2025-06-26T08:00,30.2,81,37.0,0.0,0.0,3,100,6.6,99,28.6139,77.209
2025-06-26T09:00,31.4,73,37.5,0.1,0.1,51,98,8.7,111,28.6139,77.209
2025-06-26T10:00,32.5,68,38.8,0.0,0.0,3,100,8.3,96,28.6139,77.209
2025-06-26T11:00,33.3,64,39.9,0.0,0.0,3,98,9.2,93,28.6139,77.209
2025-06-26T12:00,33.8,61,40.4,0.0,0.0,3,97,10.6,101,28.6139,77.209
2025-06-26T13:00,34.3,60,40.9,0.0,0.0,3,100,10.4,99,28.6139,77.209
2025-06-26T14:00,34.4,58,40.7,0.0,0.0,3,98,10.0,97,28.6139,77.209
2025-06-26T15:00,34.5,58,40.2,0.0,0.0,3,87,9.2,91,28.6139,77.209
2025-06-26T16:00,34.0,59,39.3,0.0,0.0,2,69,9.4,87,28.6139,77.209
2025-06-26T17:00,33.4,63,39.0,0.0,0.0,0,8,8.6,90,28.6139,77.209
2025-06-26T18:00,32.6,68,39.0,0.0,0.0,3,87,6.7,74,28.6139,77.209
2025-06-26T19:00,31.3,75,37.9,0.0,0.0,3,100,6.7,76,28.6139,77.209
2025-06-26T20:00,30.7,78,37.2,0.0,0.0,3,100,7.5,98,28.6139,77.209
2025-06-26T21:00,30.4,79,36.7,0.0,0.0,2,63,8.1,95,28.6139,77.209
2025-06-26T22:00,30.0,78,35.9,0.0,0.0,3,87,9.0,105,28.6139,77.209
2025-06-26T23:00,29.6,79,35.4,0.0,0.0,2,57,8.8,107,28.6139,77.209
2025-06-27T00:00,29.2,81,35.0,0.0,0.0,2,56,8.1,102,28.6139,77.209
2025-06-27T01:00,28.8,83,34.8,0.0,0.0,2,53,6.9,95,28.6139,77.209
2025-06-27T02:00,28.4,84,34.4,0.0,0.0,2,66,7.2,78,28.6139,77.209
2025-06-27T03:00,28.1,86,34.0,0.0,0.0,1,43,8.0,74,28.6139,77.209
2025-06-27T04:00,27.8,87,33.6,0.0,0.0,0,9,8.4,81,28.6139,77.209
2025-06-27T05:00,27.7,87,33.3,0.0,0.0,0,2,8.8,90,28.6139,77.209
2025-06-27T06:00,29.0,84,35.2,0.0,0.0,2,62,8.5,114,28.6139,77.209
2025-06-27T07:00,29.8,80,36.1,0.0,0.0,3,93,6.8,119,28.6139,77.209
2025-06-27T08:00,30.5,77,36.7,0.0,0.0,1,39,7.2,104,28.6139,77.209
2025-06-27T09:00,30.9,75,37.1,0.1,0.1,51,86,8.2,105,28.6139,77.209
2025-06-27T10:00,31.0,74,37.4,0.1,0.1,51,52,6.4,126,28.6139,77.209
2025-06-27T11:00,32.1,70,39.1,0.1,0.1,51,100,6.1,120,28.6139,77.209
2025-06-27T12:00,32.7,68,40.4,0.0,0.0,2,62,5.2,110,28.6139,77.209
2025-06-27T13:00,33.4,64,40.9,0.0,0.0,3,98,6.0,107,28.6139,77.209
2025-06-27T14:00,33.7,62,40.3,0.1,0.1,51,94,8.3,101,28.6139,77.209
2025-06-27T15:00,33.6,62,39.4,0.0,0.0,3,100,8.1,89,28.6139,77.209
2025-06-27T16:00,33.5,63,39.3,0.0,0.0,2,70,7.8,82,28.6139,77.209
2025-06-27T17:00,33.2,64,39.0,0.1,0.1,51,83,7.9,78,28.6139,77.209
2025-06-27T18:00,32.9,64,38.6,0.0,0.0,2,64,7.4,76,28.6139,77.209
2025-06-27T19:00,31.5,72,37.9,0.0,0.0,2,68,5.6,107,28.6139,77.209
2025-06-27T20:00,30.7,75,37.1,0.0,0.0,2,56,5.7,139,28.6139,77.209
2025-06-27T21:00,30.1,79,36.7,0.0,0.0,2,64,4.7,148,28.6139,77.209
2025-06-27T22:00,29.6,81,36.3,0.0,0.0,1,35,4.5,140,28.6139,77.209
2025-06-27T23:00,29.3,83,36.1,0.0,0.0,1,33,4.2,126,28.6139,77.209
2025-06-28T00:00,29.3,84,36.3,0.0,0.0,1,39,3.4,122,28.6139,77.209
2025-06-28T01:00,26.9,89,33.1,3.7,3.7,63,76,3.1,118,28.6139,77.209
2025-06-28T02:00,26.4,92,32.1,3.9,3.9,63,73,6.8,125,28.6139,77.209
2025-06-28T03:00,26.0,94,31.4,0.1,0.1,51,87,8.5,117,28.6139,77.209
2025-06-28T04:00,25.7,95,31.4,0.0,0.0,3,87,6.0,117,28.6139,77.209
2025-06-28T05:00,25.6,96,31.5,0.0,0.0,2,63,5.0,136,28.6139,77.209
2025-06-28T06:00,27.7,84,33.8,0.0,0.0,1,47,2.3,157,28.6139,77.209
2025-06-28T07:00,29.2,78,35.8,0.0,0.0,1,43,1.3,98,28.6139,77.209
2025-06-28T08:00,30.7,73,37.0,0.0,0.0,3,89,3.8,82,28.6139,77.209
2025-06-28T09:00,31.9,68,38.2,0.0,0.0,2,70,3.5,81,28.6139,77.209
2025-06-28T10:00,33.0,62,39.4,0.0,0.0,3,98,4.0,100,28.6139,77.209
2025-06-28T11:00,34.0,57,40.5,0.0,0.0,3,93,4.9,107,28.6139,77.209
2025-06-28T12:00,34.7,55,41.8,0.0,0.0,3,87,3.3,144,28.6139,77.209
2025-06-28T13:00,35.3,54,42.6,0.0,0.0,2,53,3.2,199,28.6139,77.209
2025-06-28T14:00,35.8,53,42.7,0.0,0.0,0,16,4.9,213,28.6139,77.209
2025-06-28T15:00,35.4,53,41.1,0.0,0.0,1,37,6.6,223,28.6139,77.209
2025-06-28T16:00,35.1,54,40.2,0.1,0.1,51,37,7.6,225,28.6139,77.209
2025-06-28T17:00,35.0,54,40.5,0.0,0.0,2,50,4.9,204,28.6139,77.209
2025-06-28T18:00,31.2,75,38.1,0.0,0.0,3,100,4.8,155,28.6139,77.209
2025-06-28T19:00,30.8,80,38.3,0.0,0.0,3,100,3.1,144,28.6139,77.209
2025-06-28T20:00,30.6,80,38.0,0.0,0.0,3,100,4.3,156,28.6139,77.209
2025-06-28T21:00,30.4,81,37.7,0.0,0.0,3,100,4.2,168,28.6139,77.209
2025-06-28T22:00,30.1,82,37.2,0.0,0.0,3,100,4.7,148,28.6139,77.209
2025-06-28T23:00,29.4,84,36.1,0.5,0.5,53,100,6.8,122,28.6139,77.209
2025-06-29T00:00,27.1,93,33.1,7.3,7.3,63,99,8.7,94,28.6139,77.209
2025-06-29T01:00,26.4,96,31.8,3.7,3.7,63,100,12.4,124,28.6139,77.209
2025-06-29T02:00,26.6,96,32.9,0.1,0.1,51,100,7.0,87,28.6139,77.209
2025-06-29T03:00,26.4,97,33.0,0.3,0.3,51,100,5.1,94,28.6139,77.209
2025-06-29T04:00,26.3,98,32.5,0.2,0.2,51,100,7.2,96,28.6139,77.209
2025-06-29T05:00,26.1,97,32.2,0.1,0.1,51,100,7.1,114,28.6139,77.209
2025-06-29T06:00,28.8,83,35.1,0.0,0.0,3,100,5.0,224,28.6139,77.209
2025-06-29T07:00,29.4,75,35.4,0.0,0.0,3,100,2.8,252,28.6139,77.209
2025-06-29T08:00,30.1,71,36.2,0.0,0.0,3,100,1.5,135,28.6139,77.209
2025-06-29T09:00,30.8,68,36.5,0.0,0.0,3,100,3.1,126,28.6139,77.209
2025-06-29T10:00,31.5,65,36.7,0.0,0.0,3,100,5.9,142,28.6139,77.209
2025-06-29T11:00,32.3,62,37.7,0.0,0.0,3,100,5.4,160,28.6139,77.209
2025-06-29T12:00,33.4,60,38.9,0.0,0.0,3,100,6.1,177,28.6139,77.209
2025-06-29T13:00,33.1,62,39.2,0.1,0.1,51,100,4.7,198,28.6139,77.209
2025-06-29T14:00,31.3,72,37.4,4.2,4.2,63,100,6.2,244,28.6139,77.209
2025-06-29T15:00,31.5,71,37.6,0.1,0.1,51,100,6.6,235,28.6139,77.209
2025-06-29T16:00,31.1,73,37.6,0.1,0.1,51,100,4.9,219,28.6139,77.209
2025-06-29T17:00,31.0,74,37.9,0.0,0.0,3,100,2.8,225,28.6139,77.209
2025-06-29T18:00,30.5,74,36.2,0.0,0.0,3,100,8.3,204,28.6139,77.209
2025-06-29T19:00,29.8,78,35.9,0.0,0.0,3,100,6.5,182,28.6139,77.209
2025-06-29T20:00,29.3,81,35.7,0.0,0.0,3,100,4.9,178,28.6139,77.209
2025-06-29T21:00,29.0,81,35.1,0.0,0.0,3,100,6.9,152,28.6139,77.209
2025-06-29T22:00,28.9,83,35.1,0.0,0.0,3,100,6.2,142,28.6139,77.209
2025-06-29T23:00,28.6,83,34.8,0.0,0.0,3,100,5.8,158,28.6139,77.209
2025-06-30T00:00,28.4,84,34.6,0.0,0.0,3,99,5.5,171,28.6139,77.209
2025-06-30T01:00,27.8,89,34.7,0.0,0.0,3,89,2.9,158,28.6139,77.209
2025-06-30T02:00,25.9,94,31.0,0.2,0.2,51,100,10.1,94,28.6139,77.209
2025-06-30T03:00,25.5,96,31.1,0.1,0.1,51,100,7.1,84,28.6139,77.209
2025-06-30T04:00,25.4,95,31.1,0.1,0.1,51,100,4.0,122,28.6139,77.209
2025-06-30T05:00,25.4,94,31.0,0.1,0.1,51,100,5.0,109,28.6139,77.209
2025-06-30T06:00,26.3,92,32.3,0.2,0.2,51,100,4.2,65,28.6139,77.209
2025-06-30T07:00,26.0,93,31.2,0.6,0.6,53,100,9.1,146,28.6139,77.209
2025-06-30T08:00,26.5,87,31.4,0.1,0.1,51,75,8.6,160,28.6139,77.209
2025-06-30T09:00,28.4,80,33.9,0.0,0.0,3,95,6.7,194,28.6139,77.209
2025-06-30T10:00,30.0,75,36.0,0.0,0.0,3,99,5.2,270,28.6139,77.209
2025-06-30T11:00,30.8,73,36.9,0.1,0.1,51,88,5.9,305,28.6139,77.209
2025-06-30T12:00,31.5,72,39.5,0.2,0.2,51,51,1.8,354,28.6139,77.209
2025-06-30T13:00,31.7,72,38.9,0.3,0.3,51,79,3.1,332,28.6139,77.209
2025-06-30T14:00,31.1,75,38.2,0.7,0.7,53,64,2.1,105,28.6139,77.209
2025-06-30T15:00,28.8,86,34.9,3.9,3.9,63,100,9.1,148,28.6139,77.209
2025-06-30T16:00,27.2,91,33.3,4.2,4.2,63,100,7.1,66,28.6139,77.209
2025-06-30T17:00,27.4,89,33.6,0.2,0.2,51,100,5.4,120,28.6139,77.209
2025-06-30T18:00,28.7,85,35.6,0.0,0.0,3,100,3.2,133,28.6139,77.209
2025-06-30T19:00,28.4,87,35.5,0.0,0.0,3,100,2.2,48,28.6139,77.209
2025-06-30T20:00,27.7,90,34.1,0.6,0.6,53,100,5.6,105,28.6139,77.209
2025-06-30T21:00,26.0,95,32.6,5.4,5.4,63,100,1.7,18,28.6139,77.209
2025-06-30T22:00,26.1,97,32.4,0.3,0.3,51,100,5.4,88,28.6139,77.209
2025-06-30T23:00,26.1,99,33.1,0.0,0.0,3,100,2.3,162,28.6139,77.209
2025-07-01T00:00,26.2,99,33.1,0.0,0.0,3,100,3.0,115,28.6139,77.209
2025-07-01T01:00,26.0,99,33.1,0.1,0.1,51,100,0.8,315,28.6139,77.209
2025-07-01T02:00,26.0,99,32.8,0.1,0.1,51,100,3.4,58,28.6139,77.209
2025-07-01T03:00,25.7,98,31.9,0.0,0.0,3,99,5.4,40,28.6139,77.209
2025-07-01T04:00,25.2,98,31.1,0.0,0.0,2,78,4.6,45,28.6139,77.209
2025-07-01T05:00,25.0,97,30.7,0.0,0.0,3,85,4.8,59,28.6139,77.209
2025-07-01T06:00,26.0,97,31.6,2.2,2.2,61,100,10.1,91,28.6139,77.209
2025-07-01T07:00,26.2,98,32.7,0.8,0.8,53,100,5.3,82,28.6139,77.209
2025-07-01T08:00,26.6,99,33.7,3.1,3.1,63,100,3.1,77,28.6139,77.209
2025-07-01T09:00,26.7,97,33.3,2.2,2.2,61,100,5.9,50,28.6139,77.209
2025-07-01T10:00,27.8,89,34.2,0.6,0.6,53,61,5.9,76,28.6139,77.209
2025-07-01T11:00,30.2,75,36.1,0.0,0.0,1,35,7.6,83,28.6139,77.209
2025-07-01T12:00,31.7,67,38.7,0.0,0.0,0,16,7.0,87,28.6139,77.209
2025-07-01T13:00,32.4,64,39.1,0.0,0.0,1,21,7.1,84,28.6139,77.209
2025-07-01T14:00,32.8,61,38.9,0.0,0.0,1,34,6.7,88,28.6139,77.209
2025-07-01T15:00,33.2,59,38.5,0.0,0.0,1,39,6.0,85,28.6139,77.209
2025-07-01T16:00,33.2,59,38.5,0.0,0.0,1,48,5.2,78,28.6139,77.209
2025-07-01T17:00,32.4,64,38.1,0.0,0.0,1,33,5.4,88,28.6139,77.209
2025-07-01T18:00,30.6,76,37.1,0.0,0.0,1,48,4.4,122,28.6139,77.209
2025-07-01T19:00,29.7,81,36.6,0.0,0.0,1,39,3.6,96,28.6139,77.209
2025-07-01T20:00,29.5,84,37.0,0.0,0.0,1,30,2.1,121,28.6139,77.209
2025-07-01T21:00,29.2,84,36.2,0.0,0.0,0,6,3.2,117,28.6139,77.209
2025-07-01T22:00,28.7,85,35.5,0.0,0.0,0,2,4.0,120,28.6139,77.209
2025-07-01T23:00,28.4,87,35.3,0.0,0.0,0,2,3.5,125,28.6139,77.209
2025-07-02T00:00,28.1,88,34.9,0.0,0.0,1,23,3.5,125,28.6139,77.209
2025-07-02T01:00,27.8,89,34.6,0.0,0.0,0,4,3.5,99,28.6139,77.209
2025-07-02T02:00,27.5,90,34.1,0.0,0.0,0,12,4.1,113,28.6139,77.209
2025-07-02T03:00,27.2,92,33.8,0.0,0.0,0,11,3.8,121,28.6139,77.209
2025-07-02T04:00,27.0,93,33.6,0.0,0.0,1,27,3.8,109,28.6139,77.209
2025-07-02T05:00,26.9,93,33.5,0.0,0.0,1,21,3.9,103,28.6139,77.209
2025-07-02T06:00,27.2,94,33.8,0.2,0.2,51,30,6.2,102,28.6139,77.209
2025-07-02T07:00,28.1,91,35.2,0.0,0.0,1,24,4.1,75,28.6139,77.209
2025-07-02T08:00,29.5,83,36.4,0.0,0.0,0,1,5.5,81,28.6139,77.209
2025-07-02T09:00,30.9,74,36.7,0.0,0.0,1,22,8.8,92,28.6139,77.209
2025-07-02T10:00,31.7,71,37.8,0.0,0.0,0,14,9.6,94,28.6139,77.209
2025-07-02T11:00,32.4,70,39.7,0.0,0.0,0,19,9.5,99,28.6139,77.209
2025-07-02T12:00,32.5,69,39.8,0.1,0.1,51,80,10.3,106,28.6139,77.209
2025-07-02T13:00,32.2,70,39.0,0.1,0.1,51,63,7.8,68,28.6139,77.209
2025-07-02T14:00,32.8,68,39.2,0.0,0.0,1,29,7.2,78,28.6139,77.209
2025-07-02T15:00,33.2,66,39.8,0.0,0.0,0,19,7.2,96,28.6139,77.209
2025-07-02T16:00,32.7,68,38.9,0.3,0.3,51,41,6.9,97,28.6139,77.209
2025-07-02T17:00,31.9,70,38.1,0.4,0.4,51,37,6.7,99,28.6139,77.209
2025-07-02T18:00,31.4,73,37.8,0.0,0.0,1,46,7.1,117,28.6139,77.209
2025-07-02T19:00,30.2,80,37.1,0.0,0.0,1,47,5.6,121,28.6139,77.209
2025-07-02T20:00,29.7,84,36.9,0.0,0.0,1,42,5.0,128,28.6139,77.209
2025-07-02T21:00,29.4,86,36.4,0.0,0.0,1,42,6.6,111,28.6139,77.209
2025-07-02T22:00,29.0,87,35.9,0.0,0.0,1,32,6.3,108,28.6139,77.209
2025-07-02T23:00,28.6,89,35.5,0.0,0.0,1,32,6.1,104,28.6139,77.209
2025-07-03T00:00,28.2,89,34.5,0.0,0.0,1,40,7.7,99,28.6139,77.209
2025-07-03T01:00,27.8,89,33.7,0.1,0.1,51,34,8.3,91,28.6139,77.209
2025-07-03T02:00,27.4,90,33.5,0.0,0.0,0,12,6.5,109,28.6139,77.209
2025-07-03T03:00,27.1,92,33.1,0.0,0.0,0,15,8.0,104,28.6139,77.209
2025-07-03T04:00,26.9,92,32.7,0.0,0.0,0,4,8.3,112,28.6139,77.209
2025-07-03T05:00,26.6,93,32.2,0.0,0.0,2,61,8.8,113,28.6139,77.209
2025-07-03T06:00,27.0,95,33.4,0.1,0.1,51,92,7.0,78,28.6139,77.209
2025-07-03T07:00,27.7,90,34.1,0.0,0.0,2,71,6.3,88,28.6139,77.209
2025-07-03T08:00,29.0,83,35.2,0.0,0.0,3,84,7.6,95,28.6139,77.209
2025-07-03T09:00,30.5,73,35.7,0.0,0.0,3,80,11.0,108,28.6139,77.209
2025-07-03T10:00,31.6,68,37.2,0.1,0.1,51,76,9.9,111,28.6139,77.209
2025-07-03T11:00,32.3,65,38.1,0.1,0.1,51,67,10.3,119,28.6139,77.209
2025-07-03T12:00,32.7,65,39.5,0.2,0.2,51,35,8.3,123,28.6139,77.209
2025-07-03T13:00,33.1,64,40.3,0.0,0.0,0,14,7.1,117,28.6139,77.209
2025-07-03T14:00,33.5,62,40.1,0.0,0.0,2,56,6.7,104,28.6139,77.209
2025-07-03T15:00,33.4,61,39.0,0.0,0.0,3,93,7.0,90,28.6139,77.209
2025-07-03T16:00,33.3,62,39.0,0.0,0.0,3,100,6.9,97,28.6139,77.209
2025-07-03T17:00,33.0,64,39.1,0.3,0.3,51,99,6.0,95,28.6139,77.209
2025-07-03T18:00,31.7,73,38.5,0.0,0.0,1,37,4.7,118,28.6139,77.209
2025-07-03T19:00,30.8,79,38.2,0.0,0.0,3,96,3.6,123,28.6139,77.209
2025-07-03T20:00,30.2,80,37.2,0.0,0.0,3,100,4.5,106,28.6139,77.209
2025-07-03T21:00,29.8,82,36.7,0.0,0.0,3,100,4.5,92,28.6139,77.209
2025-07-03T22:00,29.4,83,36.1,0.0,0.0,3,84,5.8,85,28.6139,77.209
2025-07-03T23:00,29.0,84,35.3,0.0,0.0,1,28,8.1,95,28.6139,77.209
2025-07-04T00:00,28.5,85,34.5,0.0,0.0,0,16,8.4,105,28.6139,77.209
2025-07-04T01:00,27.9,88,33.8,0.0,0.0,0,17,8.3,108,28.6139,77.209
2025-07-04T02:00,27.5,89,33.5,0.0,0.0,0,14,7.2,115,28.6139,77.209
2025-07-04T03:00,27.2,90,33.2,0.0,0.0,0,2,7.3,123,28.6139,77.209
2025-07-04T04:00,26.9,92,32.9,0.0,0.0,0,5,7.3,130,28.6139,77.209
2025-07-04T05:00,26.7,93,33.0,0.0,0.0,0,0,4.6,135,28.6139,77.209
2025-07-04T06:00,27.8,92,34.6,0.0,0.0,2,54,5.9,113,28.6139,77.209
2025-07-04T07:00,28.7,87,35.6,0.0,0.0,1,20,5.1,98,28.6139,77.209
2025-07-04T08:00,29.8,81,36.8,0.0,0.0,0,4,3.6,110,28.6139,77.209
2025-07-04T09:00,31.1,75,38.0,0.0,0.0,0,2,3.5,102,28.6139,77.209
2025-07-04T10:00,32.2,68,39.2,0.0,0.0,0,13,4.1,119,28.6139,77.209
2025-07-04T11:00,33.0,64,40.2,0.0,0.0,0,17,4.4,122,28.6139,77.209
2025-07-04T12:00,33.6,61,41.1,0.1,0.1,51,18,4.3,123,28.6139,77.209
2025-07-04T13:00,34.1,60,42.2,0.0,0.0,0,10,3.1,130,28.6139,77.209
2025-07-04T14:00,34.2,61,41.9,0.0,0.0,1,29,1.6,63,28.6139,77.209
2025-07-04T15:00,34.1,61,40.8,0.0,0.0,1,39,3.6,30,28.6139,77.209
2025-07-04T16:00,34.0,61,40.4,0.0,0.0,1,26,4.4,19,28.6139,77.209
2025-07-04T17:00,33.8,62,40.0,0.0,0.0,0,13,5.2,44,28.6139,77.209
2025-07-04T18:00,30.1,80,37.1,0.1,0.1,51,38,4.0,51,28.6139,77.209
2025-07-04T19:00,29.6,82,36.4,0.0,0.0,1,25,4.7,81,28.6139,77.209
2025-07-04T20:00,29.4,84,36.4,0.0,0.0,1,36,4.4,142,28.6139,77.209
2025-07-04T21:00,29.2,85,36.2,0.0,0.0,1,31,4.9,123,28.6139,77.209
2025-07-04T22:00,29.0,87,36.0,0.1,0.1,51,13,5.2,102,28.6139,77.209
2025-07-04T23:00,28.7,88,35.3,0.0,0.0,0,9,7.7,90,28.6139,77.209
2025-07-05T00:00,28.4,89,35.3,0.0,0.0,1,31,5.2,106,28.6139,77.209
2025-07-05T01:00,27.7,90,34.0,1.3,1.3,61,45,6.5,156,28.6139,77.209
2025-07-05T02:00,27.0,94,33.6,0.9,0.9,53,79,4.7,23,28.6139,77.209
2025-07-05T03:00,26.5,97,33.5,0.3,0.3,51,37,2.3,293,28.6139,77.209
2025-07-05T04:00,26.6,95,33.1,0.1,0.1,51,5,5.1,73,28.6139,77.209
2025-07-05T05:00,26.5,96,33.3,0.0,0.0,0,12,2.8,45,28.6139,77.209
2025-07-05T06:00,28.7,88,36.1,0.0,0.0,1,21,2.5,180,28.6139,77.209
2025-07-05T07:00,29.6,83,36.8,0.0,0.0,3,100,3.1,216,28.6139,77.209
2025-07-05T08:00,30.3,79,37.7,0.0,0.0,0,1,1.3,286,28.6139,77.209
2025-07-05T09:00,31.9,71,38.7,0.1,0.1,51,22,4.2,258,28.6139,77.209
2025-07-05T10:00,32.9,67,40.2,0.1,0.1,51,4,3.6,250,28.6139,77.209
2025-07-05T11:00,33.9,64,42.5,0.0,0.0,1,21,2.3,274,28.6139,77.209
2025-07-05T12:00,34.5,61,43.1,0.1,0.1,51,46,1.6,270,28.6139,77.209
2025-07-05T13:00,34.5,60,42.7,0.2,0.2,51,72,2.1,218,28.6139,77.209
2025-07-05T14:00,35.0,58,42.7,0.2,0.2,51,6,1.5,216,28.6139,77.209
2025-07-05T15:00,35.2,57,41.8,0.0,0.0,0,18,3.4,133,28.6139,77.209
2025-07-05T16:00,34.7,58,40.9,0.0,0.0,1,49,5.2,136,28.6139,77.209
2025-07-05T17:00,34.2,62,40.6,0.0,0.0,1,29,5.0,131,28.6139,77.209
2025-07-05T18:00,33.3,65,40.3,0.0,0.0,2,69,2.2,35,28.6139,77.209
2025-07-05T19:00,31.3,74,37.7,0.1,0.1,51,52,7.1,133,28.6139,77.209
2025-07-05T20:00,30.5,79,37.0,0.0,0.0,0,15,6.9,121,28.6139,77.209
2025-07-05T21:00,29.9,82,36.7,0.0,0.0,0,16,6.9,118,28.6139,77.209
2025-07-05T22:00,29.3,84,36.1,0.0,0.0,0,6,5.5,136,28.6139,77.209
2025-07-05T23:00,29.0,84,35.6,0.0,0.0,1,26,5.1,172,28.6139,77.209
2025-07-06T00:00,28.6,87,35.5,0.0,0.0,3,100,4.1,113,28.6139,77.209
2025-07-06T01:00,28.3,88,34.8,0.0,0.0,3,83,5.8,116,28.6139,77.209
2025-07-06T02:00,27.6,91,33.9,0.1,0.1,51,57,7.2,194,28.6139,77.209
2025-07-06T03:00,27.3,91,33.7,0.4,0.4,51,6,4.8,236,28.6139,77.209
2025-07-06T04:00,27.1,93,33.6,0.0,0.0,0,12,5.2,226,28.6139,77.209
2025-07-06T05:00,27.0,93,33.9,0.0,0.0,1,22,2.8,297,28.6139,77.209
2025-07-06T06:00,27.6,88,33.9,0.8,0.8,53,86,4.8,27,28.6139,77.209
2025-07-06T07:00,28.6,83,35.0,0.1,0.1,51,79,3.5,28,28.6139,77.209
2025-07-06T08:00,29.9,77,36.3,0.0,0.0,3,92,3.8,343,28.6139,77.209
2025-07-06T09:00,31.0,73,37.1,0.0,0.0,2,61,6.5,326,28.6139,77.209
2025-07-06T10:00,32.3,67,38.8,0.0,0.0,1,39,5.6,331,28.6139,77.209
2025-07-06T11:00,33.8,60,41.3,0.0,0.0,1,45,2.2,346,28.6139,77.209
2025-07-06T12:00,34.5,57,42.0,0.1,0.1,51,24,2.1,75,28.6139,77.209
2025-07-06T13:00,35.4,54,43.2,0.0,0.0,1,21,0.9,169,28.6139,77.209
2025-07-06T14:00,35.7,53,42.7,0.1,0.1,51,30,1.9,131,28.6139,77.209
2025-07-06T15:00,35.3,54,41.1,0.1,0.1,51,26,3.5,141,28.6139,77.209
2025-07-06T16:00,35.0,55,41.1,0.1,0.1,51,34,2.7,160,28.6139,77.209
2025-07-06T17:00,34.6,58,40.7,0.1,0.1,51,40,3.7,166,28.6139,77.209
2025-07-06T18:00,33.2,65,40.1,0.0,0.0,2,50,1.3,188,28.6139,77.209
2025-07-06T19:00,32.3,71,39.4,0.0,0.0,2,55,3.9,223,28.6139,77.209
2025-07-06T20:00,31.5,77,39.1,0.0,0.0,2,57,3.8,197,28.6139,77.209
2025-07-06T21:00,31.1,80,38.4,0.0,0.0,3,100,6.1,156,28.6139,77.209
2025-07-06T22:00,29.8,81,36.0,0.0,0.0,3,100,8.1,156,28.6139,77.209
2025-07-06T23:00,26.7,92,32.5,5.5,5.5,63,100,7.8,274,28.6139,77.209
2025-07-07T00:00,26.5,93,32.7,2.3,2.3,61,100,4.8,243,28.6139,77.209
2025-07-07T01:00,26.6,93,33.1,0.0,0.0,3,100,2.6,129,28.6139,77.209
2025-07-07T02:00,26.5,93,33.0,0.0,0.0,3,99,2.6,205,28.6139,77.209
2025-07-07T03:00,26.4,93,33.1,0.0,0.0,3,100,1.1,72,28.6139,77.209
2025-07-07T04:00,26.3,96,32.5,0.0,0.0,3,97,5.7,108,28.6139,77.209
2025-07-07T05:00,26.2,97,32.4,0.0,0.0,3,98,6.2,75,28.6139,77.209
2025-07-07T06:00,25.9,96,32.4,5.1,5.1,63,100,2.4,197,28.6139,77.209
2025-07-07T07:00,26.2,97,32.8,2.4,2.4,61,100,4.1,358,28.6139,77.209
2025-07-07T08:00,26.4,97,32.7,3.1,3.1,63,100,6.6,347,28.6139,77.209
2025-07-07T09:00,27.3,92,34.2,0.6,0.6,53,100,2.5,201,28.6139,77.209
2025-07-07T10:00,28.0,87,34.9,0.0,0.0,3,100,2.1,239,28.6139,77.209
2025-07-07T11:00,29.4,81,36.0,0.0,0.0,3,100,3.5,9,28.6139,77.209
2025-07-07T12:00,31.3,73,39.6,0.0,0.0,3,100,2.2,104,28.6139,77.209
2025-07-07T13:00,32.5,67,40.7,0.0,0.0,3,98,2.0,153,28.6139,77.209
2025-07-07T14:00,33.0,66,41.3,0.0,0.0,2,78,2.3,241,28.6139,77.209
2025-07-07T15:00,33.2,65,40.6,0.0,0.0,1,40,2.7,266,28.6139,77.209
2025-07-07T16:00,33.2,64,39.9,0.0,0.0,3,86,3.1,273,28.6139,77.209
2025-07-07T17:00,33.0,66,39.8,0.0,0.0,3,97,3.6,279,28.6139,77.209
2025-07-07T18:00,31.0,75,37.7,0.0,0.0,3,100,5.1,302,28.6139,77.209
2025-07-07T19:00,30.0,79,36.5,0.0,0.0,3,100,5.3,278,28.6139,77.209
2025-07-07T20:00,29.6,81,36.3,0.0,0.0,3,94,4.0,249,28.6139,77.209
2025-07-07T21:00,29.3,82,36.2,0.0,0.0,2,55,3.4,252,28.6139,77.209
2025-07-07T22:00,29.1,83,36.2,0.0,0.0,0,14,1.5,225,28.6139,77.209
2025-07-07T23:00,28.7,84,35.8,0.0,0.0,0,9,0.9,90,28.6139,77.209
2025-07-08T00:00,28.4,87,35.4,0.0,0.0,0,9,2.2,125,28.6139,77.209
2025-07-08T01:00,28.1,88,34.9,0.0,0.0,0,7,3.3,119,28.6139,77.209
2025-07-08T02:00,27.7,90,34.5,0.0,0.0,0,16,3.3,126,28.6139,77.209
2025-07-08T03:00,27.4,91,34.0,0.0,0.0,1,33,4.4,148,28.6139,77.209
2025-07-08T04:00,27.2,92,33.8,0.0,0.0,0,14,3.6,162,28.6139,77.209
2025-07-08T05:00,27.1,92,33.8,0.0,0.0,1,46,3.1,126,28.6139,77.209
2025-07-08T06:00,29.0,87,36.2,0.0,0.0,3,97,3.9,242,28.6139,77.209
2025-07-08T07:00,29.8,82,36.7,0.0,0.0,3,100,5.4,274,28.6139,77.209
2025-07-08T08:00,30.3,78,36.7,0.0,0.0,3,100,6.4,286,28.6139,77.209
2025-07-08T09:00,31.1,75,37.9,0.0,0.0,3,100,4.6,288,28.6139,77.209
2025-07-08T10:00,32.1,71,38.9,0.0,0.0,3,100,5.6,291,28.6139,77.209
2025-07-08T11:00,33.1,66,39.9,0.0,0.0,3,99,9.2,312,28.6139,77.209
2025-07-08T12:00,33.7,63,40.5,0.0,0.0,3,100,9.0,303,28.6139,77.209
2025-07-08T13:00,33.9,61,40.7,0.0,0.0,3,95,8.6,296,28.6139,77.209
2025-07-08T14:00,34.0,61,40.3,0.0,0.0,3,100,8.3,284,28.6139,77.209
2025-07-08T15:00,34.0,61,39.7,0.0,0.0,3,100,8.4,280,28.6139,77.209
2025-07-08T16:00,34.0,61,39.9,0.0,0.0,3,100,7.3,287,28.6139,77.209
2025-07-08T17:00,33.7,62,40.1,0.0,0.0,3,100,4.5,310,28.6139,77.209
2025-07-08T18:00,33.0,67,39.9,0.0,0.0,3,100,3.4,238,28.6139,77.209
2025-07-08T19:00,31.6,75,38.8,0.0,0.0,3,100,3.7,247,28.6139,77.209
2025-07-08T20:00,31.1,78,38.6,0.0,0.0,3,100,2.7,250,28.6139,77.209
2025-07-08T21:00,30.9,76,38.2,0.0,0.0,3,100,1.8,174,28.6139,77.209
2025-07-08T22:00,30.4,79,37.9,0.0,0.0,3,100,0.8,45,28.6139,77.209
2025-07-08T23:00,29.9,82,37.5,0.0,0.0,3,100,1.2,27,28.6139,77.209
2025-07-09T00:00,29.4,85,37.0,0.0,0.0,3,100,1.5,300,28.6139,77.209
2025-07-09T01:00,29.0,85,35.6,0.0,0.0,3,100,5.8,182,28.6139,77.209
2025-07-09T02:00,28.4,83,34.5,0.0,0.0,3,100,5.9,194,28.6139,77.209
2025-07-09T03:00,27.7,86,33.8,0.0,0.0,3,100,4.5,178,28.6139,77.209
2025-07-09T04:00,27.4,86,32.5,0.2,0.2,51,100,10.2,37,28.6139,77.209
2025-07-09T05:00,27.0,89,33.1,0.0,0.0,3,100,3.6,27,28.6139,77.209
2025-07-09T06:00,27.6,84,33.7,0.0,0.0,3,100,2.7,302,28.6139,77.209
2025-07-09T07:00,28.2,83,34.4,0.0,0.0,3,96,3.1,263,28.6139,77.209
2025-07-09T08:00,29.3,80,35.6,0.0,0.0,3,100,4.2,245,28.6139,77.209
2025-07-09T09:00,30.6,75,37.1,0.0,0.0,3,100,4.6,231,28.6139,77.209
2025-07-09T10:00,31.7,70,38.2,0.0,0.0,3,100,3.8,267,28.6139,77.209
2025-07-09T11:00,28.7,82,34.5,11.3,11.3,65,100,8.2,284,28.6139,77.209
2025-07-09T12:00,28.0,84,34.5,0.8,0.8,53,100,1.4,293,28.6139,77.209
2025-07-09T13:00,29.3,81,36.4,0.1,0.1,51,100,1.2,141,28.6139,77.209
2025-07-09T14:00,30.3,78,37.5,0.0,0.0,3,100,1.7,72,28.6139,77.209
2025-07-09T15:00,30.9,76,37.9,0.0,0.0,3,100,3.9,106,28.6139,77.209
2025-07-09T16:00,30.9,77,38.0,0.0,0.0,3,100,4.1,131,28.6139,77.209
2025-07-09T17:00,30.7,79,37.8,0.0,0.0,3,100,4.5,137,28.6139,77.209
2025-07-09T18:00,31.1,72,38.0,0.0,0.0,3,100,1.5,353,28.6139,77.209
2025-07-09T19:00,30.0,80,37.2,0.0,0.0,3,100,2.9,360,28.6139,77.209
2025-07-09T20:00,29.2,86,36.7,0.0,0.0,3,100,2.4,63,28.6139,77.209
2025-07-09T21:00,29.2,85,36.6,0.0,0.0,3,100,2.3,45,28.6139,77.209
2025-07-09T22:00,28.4,85,35.1,2.5,2.5,63,100,2.0,5,28.6139,77.209
2025-07-09T23:00,27.6,89,34.2,0.0,0.0,3,100,2.9,60,28.6139,77.209
2025-07-10T00:00,27.1,91,34.0,0.3,0.3,51,100,1.5,83,28.6139,77.209
2025-07-10T01:00,26.7,94,33.5,0.3,0.3,51,100,2.0,153,28.6139,77.209
2025-07-10T02:00,26.6,95,33.6,0.4,0.4,51,100,1.7,131,28.6139,77.209
2025-07-10T03:00,26.6,95,33.5,0.3,0.3,51,100,1.8,114,28.6139,77.209
2025-07-10T04:00,26.2,95,32.6,0.6,0.6,53,100,3.9,118,28.6139,77.209
2025-07-10T05:00,25.6,95,31.2,0.9,0.9,53,100,6.1,120,28.6139,77.209
2025-07-10T06:00,26.2,93,31.9,0.3,0.3,51,99,6.3,167,28.6139,77.209
2025-07-10T07:00,26.5,86,31.8,0.0,0.0,3,100,4.2,155,28.6139,77.209
2025-07-10T08:00,26.9,82,32.0,0.0,0.0,3,100,4.4,161,28.6139,77.209
2025-07-10T09:00,27.6,78,33.0,0.0,0.0,3,100,1.8,143,28.6139,77.209
2025-07-10T10:00,28.0,76,33.3,0.0,0.0,3,100,2.8,140,28.6139,77.209
2025-07-10T11:00,28.1,76,33.4,0.0,0.0,3,100,3.7,125,28.6139,77.209
2025-07-10T12:00,29.0,74,33.8,0.0,0.0,3,100,7.9,139,28.6139,77.209
2025-07-10T13:00,29.1,74,33.9,0.0,0.0,3,100,8.5,142,28.6139,77.209
2025-07-10T14:00,28.6,78,33.9,0.0,0.0,3,99,6.7,153,28.6139,77.209
2025-07-10T15:00,29.0,77,34.3,0.0,0.0,3,95,7.9,145,28.6139,77.209
2025-07-10T16:00,29.6,76,35.6,0.0,0.0,3,91,5.2,146,28.6139,77.209
2025-07-10T17:00,29.5,77,35.7,0.0,0.0,2,66,3.8,139,28.6139,77.209
2025-07-10T18:00,28.1,82,34.2,0.0,0.0,3,100,3.1,187,28.6139,77.209
2025-07-10T19:00,27.5,88,34.1,0.4,0.4,51,100,2.1,239,28.6139,77.209
2025-07-10T20:00,27.2,90,34.0,0.1,0.1,51,100,1.7,257,28.6139,77.209
2025-07-10T21:00,26.9,92,33.6,0.0,0.0,3,99,1.8,233,28.6139,77.209
2025-07-10T22:00,26.6,92,33.2,0.0,0.0,3,97,2.3,225,28.6139,77.209
2025-07-10T23:00,26.4,93,32.6,0.0,0.0,2,72,4.4,159,28.6139,77.209
2025-07-11T00:00,25.9,95,32.4,0.0,0.0,3,100,2.4,153,28.6139,77.209
2025-07-11T01:00,25.8,96,32.5,0.0,0.0,3,100,1.0,225,28.6139,77.209
2025-07-11T02:00,25.7,96,32.4,0.0,0.0,3,100,0.7,284,28.6139,77.209
2025-07-11T03:00,25.7,96,32.1,0.0,0.0,3,99,2.1,149,28.6139,77.209
2025-07-11T04:00,25.6,97,32.1,0.0,0.0,3,100,1.8,169,28.6139,77.209
2025-07-11T05:00,25.7,97,32.2,0.0,0.0,3,100,1.5,173,28.6139,77.209
2025-07-11T06:00,27.0,90,33.3,0.1,0.1,51,100,3.6,183,28.6139,77.209
2025-07-11T07:00,26.9,90,33.2,0.1,0.1,51,100,2.9,137,28.6139,77.209
2025-07-11T08:00,27.2,89,33.9,0.1,0.1,51,100,1.5,194,28.6139,77.209
2025-07-11T09:00,27.9,87,34.4,0.0,0.0,3,100,3.8,245,28.6139,77.209
2025-07-11T10:00,28.7,80,34.9,0.0,0.0,3,100,3.2,232,28.6139,77.209
2025-07-11T11:00,29.6,73,35.2,0.0,0.0,3,100,3.8,185,28.6139,77.209
2025-07-11T12:00,30.3,70,35.9,0.1,0.1,51,82,3.5,195,28.6139,77.209
2025-07-11T13:00,30.8,68,36.4,0.0,0.0,3,100,4.2,211,28.6139,77.209
2025-07-11T14:00,31.0,67,36.8,0.0,0.0,2,57,2.4,171,28.6139,77.209
2025-07-11T15:00,31.6,66,38.3,0.0,0.0,0,7,1.1,108,28.6139,77.209
2025-07-11T16:00,31.6,66,37.7,0.0,0.0,0,19,1.4,90,28.6139,77.209
2025-07-11T17:00,31.3,66,37.1,0.0,0.0,1,20,2.2,90,28.6139,77.209
2025-07-11T18:00,30.1,75,36.4,0.0,0.0,1,24,3.0,17,28.6139,77.209
2025-07-11T19:00,28.9,83,35.6,0.0,0.0,1,34,2.9,356,28.6139,77.209
2025-07-11T20:00,28.7,83,35.4,0.0,0.0,1,39,2.4,27,28.6139,77.209
2025-07-11T21:00,28.7,82,35.6,0.0,0.0,2,74,0.3,225,28.6139,77.209
2025-07-11T22:00,28.4,84,35.2,0.0,0.0,2,62,0.9,281,28.6139,77.209
2025-07-11T23:00,28.1,84,34.9,0.0,0.0,3,100,0.5,45,28.6139,77.209
2025-07-12T00:00,27.7,86,34.4,0.0,0.0,3,100,1.0,68,28.6139,77.209
2025-07-12T01:00,27.4,88,34.0,0.0,0.0,3,99,1.3,16,28.6139,77.209
2025-07-12T02:00,27.1,89,33.8,0.0,0.0,3,99,0.9,11,28.6139,77.209
2025-07-12T03:00,27.0,90,33.7,0.0,0.0,3,100,0.4,270,28.6139,77.209
2025-07-12T04:00,26.8,91,33.4,0.0,0.0,3,95,1.8,246,28.6139,77.209
2025-07-12T05:00,26.5,91,32.5,0.0,0.0,3,90,4.5,270,28.6139,77.209
2025-07-12T06:00,27.1,88,33.5,0.0,0.0,3,97,2.1,38,28.6139,77.209
2025-07-12T07:00,27.9,85,34.5,0.0,0.0,0,8,1.5,234,28.6139,77.209
2025-07-12T08:00,29.2,79,35.6,0.0,0.0,3,86,2.5,266,28.6139,77.209
2025-07-12T09:00,29.9,76,36.3,0.0,0.0,1,27,2.8,259,28.6139,77.209
2025-07-12T10:00,31.2,69,37.9,0.0,0.0,1,46,1.8,246,28.6139,77.209
2025-07-12T11:00,32.0,66,39.6,0.0,0.0,0,9,0.8,207,28.6139,77.209
2025-07-12T12:00,32.8,63,41.0,0.0,0.0,0,10,1.4,130,28.6139,77.209
2025-07-12T13:00,33.2,64,41.9,0.0,0.0,0,10,1.0,112,28.6139,77.209
2025-07-12T14:00,33.3,63,41.1,0.0,0.0,0,11,2.1,59,28.6139,77.209
2025-07-12T15:00,33.5,64,40.8,0.0,0.0,0,16,1.5,60,28.6139,77.209
2025-07-12T16:00,33.4,63,40.2,0.0,0.0,1,41,0.8,63,28.6139,77.209
2025-07-12T17:00,29.4,81,35.5,2.6,2.6,63,86,7.6,126,28.6139,77.209
2025-07-12T18:00,30.5,72,35.7,0.1,0.1,51,68,9.3,65,28.6139,77.209
2025-07-12T19:00,28.3,83,34.4,0.0,0.0,3,86,5.0,75,28.6139,77.209
2025-07-12T20:00,27.7,87,33.9,0.0,0.0,3,99,4.7,72,28.6139,77.209
2025-07-12T21:00,27.5,89,34.0,0.0,0.0,3,100,3.1,121,28.6139,77.209
2025-07-12T22:00,27.3,90,34.0,0.0,0.0,3,100,2.2,132,28.6139,77.209
2025-07-12T23:00,27.2,91,34.0,0.0,0.0,3,100,2.1,160,28.6139,77.209
2025-07-13T00:00,27.0,92,33.9,0.0,0.0,3,100,1.8,156,28.6139,77.209
2025-07-13T01:00,26.8,93,33.4,0.0,0.0,3,100,2.4,163,28.6139,77.209
2025-07-13T02:00,26.7,92,33.6,0.0,0.0,3,100,0.4,153,28.6139,77.209
2025-07-13T03:00,26.5,93,33.1,0.0,0.0,3,100,1.7,131,28.6139,77.209
2025-07-13T04:00,26.3,94,32.9,0.0,0.0,3,100,1.8,354,28.6139,77.209
2025-07-13T05:00,26.3,95,32.8,0.0,0.0,3,100,3.1,54,28.6139,77.209
2025-07-13T06:00,28.0,93,35.0,0.0,0.0,3,100,5.4,60,28.6139,77.209
2025-07-13T07:00,28.6,91,36.2,0.0,0.0,3,100,2.3,225,28.6139,77.209
2025-07-13T08:00,29.1,84,35.6,1.6,1.6,61,100,6.1,85,28.6139,77.209
2025-07-13T09:00,28.4,79,33.6,2.2,2.2,61,98,7.0,93,28.6139,77.209
2025-07-13T10:00,29.9,76,36.1,0.0,0.0,3,99,4.7,28,28.6139,77.209
2025-07-13T11:00,31.0,75,38.4,0.1,0.1,51,100,5.5,54,28.6139,77.209
2025-07-13T12:00,31.7,72,39.0,0.1,0.1,51,100,8.1,77,28.6139,77.209
2025-07-13T13:00,32.4,69,39.4,0.1,0.1,51,100,8.8,85,28.6139,77.209
2025-07-13T14:00,32.5,69,39.5,0.1,0.1,51,100,8.1,91,28.6139,77.209
2025-07-13T15:00,28.7,84,34.2,6.2,6.2,63,100,11.0,50,28.6139,77.209
2025-07-13T16:00,27.9,85,33.6,0.1,0.1,51,100,6.6,43,28.6139,77.209
2025-07-13T17:00,27.6,87,33.9,0.0,0.0,3,100,4.3,28,28.6139,77.209
2025-07-13T18:00,26.3,95,32.6,7.1,7.1,63,100,4.4,168,28.6139,77.209
2025-07-13T19:00,26.5,97,33.3,0.4,0.4,51,100,3.2,196,28.6139,77.209
2025-07-13T20:00,26.8,96,34.2,0.4,0.4,51,100,0.8,315,28.6139,77.209
2025-07-13T21:00,27.2,93,33.7,0.2,0.2,51,100,5.5,79,28.6139,77.209
2025-07-13T22:00,27.6,90,33.9,0.0,0.0,3,100,7.0,72,28.6139,77.209
2025-07-13T23:00,27.8,89,33.7,0.0,0.0,3,100,9.6,73,28.6139,77.209
2025-07-14T00:00,27.9,88,33.7,0.0,0.0,3,100,9.2,84,28.6139,77.209
2025-07-14T01:00,27.7,89,33.7,0.0,0.0,3,100,8.2,82,28.6139,77.209
2025-07-14T02:00,27.4,90,33.4,0.0,0.0,3,100,7.7,89,28.6139,77.209
2025-07-14T03:00,27.3,90,33.3,0.0,0.0,3,99,7.5,82,28.6139,77.209
2025-07-14T04:00,27.1,91,33.0,0.0,0.0,3,100,7.7,87,28.6139,77.209
2025-07-14T05:00,27.0,91,32.7,0.0,0.0,3,100,8.8,85,28.6139,77.209
2025-07-14T06:00,25.8,96,31.0,0.0,0.0,3,100,11.0,87,28.6139,77.209
2025-07-14T07:00,26.5,93,31.3,0.2,0.2,51,100,13.9,94,28.6139,77.209
2025-07-14T08:00,27.2,89,31.8,0.1,0.1,51,100,16.0,99,28.6139,77.209
2025-07-14T09:00,28.7,80,32.8,0.1,0.1,51,100,17.6,103,28.6139,77.209
2025-07-14T10:00,29.7,75,33.6,0.1,0.1,51,100,17.9,100,28.6139,77.209
2025-07-14T11:00,30.1,73,34.0,0.2,0.2,51,100,18.7,107,28.6139,77.209
2025-07-14T12:00,30.4,73,35.1,0.3,0.3,51,100,17.3,107,28.6139,77.209
2025-07-14T13:00,30.5,74,35.5,0.6,0.6,53,100,16.1,100,28.6139,77.209
2025-07-14T14:00,30.3,73,35.2,0.2,0.2,51,100,12.7,96,28.6139,77.209
2025-07-14T15:00,30.4,74,35.6,0.2,0.2,51,100,11.9,100,28.6139,77.209
2025-07-14T16:00,30.5,76,35.8,1.2,1.2,55,100,13.6,108,28.6139,77.209
2025-07-14T17:00,27.2,90,32.4,5.4,5.4,63,100,12.1,108,28.6139,77.209
2025-07-14T18:00,27.3,88,32.5,3.5,3.5,63,100,10.9,107,28.6139,77.209
2025-07-14T19:00,27.5,91,33.1,0.3,0.3,51,100,11.1,99,28.6139,77.209
2025-07-14T20:00,26.9,93,32.3,1.5,1.5,61,100,12.1,111,28.6139,77.209
2025-07-14T21:00,26.4,93,31.1,3.5,3.5,63,100,13.9,115,28.6139,77.209
2025-07-14T22:00,26.8,91,31.3,0.0,0.0,3,100,15.9,115,28.6139,77.209
2025-07-14T23:00,26.5,90,30.8,0.2,0.2,51,100,15.1,115,28.6139,77.209
2025-07-15T00:00,25.8,92,29.8,0.2,0.2,51,100,15.9,116,28.6139,77.209
2025-07-15T01:00,26.0,92,30.2,0.1,0.1,51,100,15.2,123,28.6139,77.209
2025-07-15T02:00,26.0,92,30.2,0.1,0.1,51,100,15.2,126,28.6139,77.209
2025-07-15T03:00,25.9,91,29.8,0.2,0.2,51,100,16.6,127,28.6139,77.209
2025-07-15T04:00,25.6,94,29.9,0.2,0.2,51,100,14.5,122,28.6139,77.209
2025-07-15T05:00,25.6,94,30.1,0.0,0.0,3,100,12.8,118,28.6139,77.209
2025-07-15T06:00,26.2,92,30.6,0.1,0.1,51,100,15.6,120,28.6139,77.209
2025-07-15T07:00,26.6,91,31.0,0.1,0.1,51,100,15.7,120,28.6139,77.209
2025-07-15T08:00,27.3,87,31.5,0.0,0.0,3,100,16.6,126,28.6139,77.209
2025-07-15T09:00,27.6,85,32.1,0.0,0.0,3,100,14.1,127,28.6139,77.209
2025-07-15T10:00,28.4,81,32.7,0.0,0.0,3,97,15.8,135,28.6139,77.209
2025-07-15T11:00,29.8,74,33.7,0.1,0.1,51,96,17.2,132,28.6139,77.209
2025-07-15T12:00,30.6,70,35.2,0.0,0.0,3,100,16.6,130,28.6139,77.209
2025-07-15T13:00,31.4,66,36.2,0.0,0.0,3,97,16.4,134,28.6139,77.209
2025-07-15T14:00,32.1,63,36.9,0.1,0.1,51,61,15.4,138,28.6139,77.209
2025-07-15T15:00,32.2,63,36.4,0.1,0.1,51,54,14.6,140,28.6139,77.209
2025-07-15T16:00,30.6,71,35.4,0.2,0.2,51,40,12.3,174,28.6139,77.209
2025-07-15T17:00,30.2,77,36.2,0.0,0.0,2,60,7.7,152,28.6139,77.209
2025-07-15T18:00,29.2,81,35.2,0.0,0.0,3,100,7.7,149,28.6139,77.209
2025-07-15T19:00,28.0,86,33.7,2.7,2.7,63,100,8.8,134,28.6139,77.209
2025-07-15T20:00,27.3,91,33.1,1.4,1.4,61,100,9.6,130,28.6139,77.209
2025-07-15T21:00,27.3,92,33.2,0.7,0.7,53,100,9.4,126,28.6139,77.209
2025-07-15T22:00,27.1,93,32.9,0.6,0.6,53,100,9.7,135,28.6139,77.209
2025-07-15T23:00,26.8,93,32.6,0.4,0.4,51,99,8.8,125,28.6139,77.209
2025-07-16T00:00,26.3,96,31.9,1.6,1.6,61,100,10.0,116,28.6139,77.209
2025-07-16T01:00,26.1,97,31.7,2.5,2.5,63,100,10.0,128,28.6139,77.209
2025-07-16T02:00,26.0,96,31.4,1.1,1.1,55,100,10.5,114,28.6139,77.209
2025-07-16T03:00,25.8,96,31.0,1.0,1.0,55,100,10.6,109,28.6139,77.209
2025-07-16T04:00,25.3,97,30.2,1.5,1.5,61,100,11.8,111,28.6139,77.209
2025-07-16T05:00,25.3,97,30.2,0.0,0.0,3,100,11.3,117,28.6139,77.209
2025-07-16T06:00,26.9,94,32.8,0.0,0.0,3,100,8.6,98,28.6139,77.209
2025-07-16T07:00,27.4,91,33.4,0.0,0.0,3,98,8.2,122,28.6139,77.209
2025-07-16T08:00,28.7,85,34.7,0.0,0.0,1,35,8.4,133,28.6139,77.209
2025-07-16T09:00,30.2,77,36.0,0.0,0.0,0,14,9.5,148,28.6139,77.209
2025-07-16T10:00,31.4,70,37.5,0.1,0.1,51,33,9.3,165,28.6139,77.209
2025-07-16T11:00,32.0,67,38.6,0.1,0.1,51,53,8.3,160,28.6139,77.209
2025-07-16T12:00,32.3,65,39.0,0.0,0.0,3,100,7.5,156,28.6139,77.209
2025-07-16T13:00,32.1,67,37.7,0.0,0.0,3,100,7.6,166,28.6139,77.209
2025-07-16T14:00,31.2,66,36.2,0.1,0.1,51,100,7.9,153,28.6139,77.209
2025-07-16T15:00,31.0,70,36.2,0.1,0.1,51,98,9.9,143,28.6139,77.209
2025-07-16T16:00,30.2,75,35.6,0.1,0.1,51,98,10.7,135,28.6139,77.209
2025-07-16T17:00,29.7,78,35.5,0.0,0.0,2,76,8.4,130,28.6139,77.209
2025-07-16T18:00,29.8,79,36.4,0.0,0.0,3,100,4.2,173,28.6139,77.209
2025-07-16T19:00,29.2,86,36.7,0.0,0.0,3,100,1.9,131,28.6139,77.209
2025-07-16T20:00,28.8,86,35.7,0.0,0.0,3,100,4.1,119,28.6139,77.209
2025-07-16T21:00,28.4,87,35.1,0.0,0.0,3,100,4.6,121,28.6139,77.209
2025-07-16T22:00,28.1,88,34.7,0.0,0.0,3,100,4.8,117,28.6139,77.209
2025-07-16T23:00,27.9,89,34.3,0.0,0.0,3,100,5.8,112,28.6139,77.209
2025-07-17T00:00,27.7,90,34.2,0.0,0.0,3,100,5.8,116,28.6139,77.209
2025-07-17T01:00,27.5,92,33.9,0.0,0.0,3,100,6.4,119,28.6139,77.209
2025-07-17T02:00,27.3,92,33.7,0.0,0.0,3,100,6.4,112,28.6139,77.209
2025-07-17T03:00,27.1,93,33.4,0.0,0.0,3,100,7.1,114,28.6139,77.209
2025-07-17T04:00,27.0,93,33.1,0.0,0.0,3,100,7.0,113,28.6139,77.209
2025-07-17T05:00,26.8,92,32.6,0.0,0.0,3,100,8.2,144,28.6139,77.209
2025-07-17T06:00,26.8,85,31.4,0.0,0.0,3,100,10.1,119,28.6139,77.209
2025-07-17T07:00,27.2,85,32.3,0.0,0.0,3,100,8.3,112,28.6139,77.209
2025-07-17T08:00,28.0,81,33.0,0.0,0.0,3,100,9.5,119,28.6139,77.209
2025-07-17T09:00,28.6,77,33.4,0.0,0.0,3,100,9.8,126,28.6139,77.209
2025-07-17T10:00,29.4,73,34.1,0.0,0.0,3,100,9.7,130,28.6139,77.209
2025-07-17T11:00,30.3,69,34.5,0.0,0.0,3,100,12.9,127,28.6139,77.209
2025-07-17T12:00,30.3,68,34.4,0.0,0.0,3,100,12.7,128,28.6139,77.209
2025-07-17T13:00,29.6,73,34.3,0.0,0.0,3,100,10.3,115,28.6139,77.209
2025-07-17T14:00,29.9,73,34.8,0.0,0.0,3,100,10.0,113,28.6139,77.209
2025-07-17T15:00,30.7,69,35.8,0.0,0.0,3,95,8.2,116,28.6139,77.209
2025-07-17T16:00,31.1,67,36.0,0.0,0.0,2,56,8.9,109,28.6139,77.209
2025-07-17T17:00,30.8,69,36.0,0.0,0.0,1,48,7.4,104,28.6139,77.209
2025-07-17T18:00,29.7,80,36.2,0.0,0.0,3,98,5.1,42,28.6139,77.209
2025-07-17T19:00,28.9,85,35.8,0.0,0.0,3,100,4.7,88,28.6139,77.209
2025-07-17T20:00,28.2,87,34.4,0.5,0.5,53,100,7.0,136,28.6139,77.209
2025-07-17T21:00,27.4,91,33.6,0.3,0.3,51,100,7.0,134,28.6139,77.209
2025-07-17T22:00,27.0,92,33.7,0.3,0.3,51,99,2.7,172,28.6139,77.209
2025-07-17T23:00,26.8,93,33.5,0.3,0.3,51,97,2.6,78,28.6139,77.209
2025-07-18T00:00,26.6,94,33.1,0.1,0.1,51,100,3.3,68,28.6139,77.209
2025-07-18T01:00,26.5,94,32.7,0.0,0.0,3,100,5.8,54,28.6139,77.209
2025-07-18T02:00,26.6,92,32.4,0.0,0.0,3,100,7.6,43,28.6139,77.209
2025-07-18T03:00,26.7,89,32.0,0.0,0.0,3,100,8.6,64,28.6139,77.209
2025-07-18T04:00,26.5,90,31.9,0.0,0.0,3,85,8.2,54,28.6139,77.209
2025-07-18T05:00,26.4,91,31.7,0.0,0.0,0,6,8.4,65,28.6139,77.209
2025-07-18T06:00,27.0,86,31.8,0.0,0.0,0,17,10.6,69,28.6139,77.209
2025-07-18T07:00,27.7,83,32.8,0.0,0.0,1,24,8.9,58,28.6139,77.209
2025-07-18T08:00,28.7,78,33.3,0.0,0.0,2,73,11.5,65,28.6139,77.209
2025-07-18T09:00,29.9,72,33.7,0.0,0.0,2,76,16.1,72,28.6139,77.209
2025-07-18T10:00,30.8,68,35.0,0.0,0.0,3,100,16.5,77,28.6139,77.209
2025-07-18T11:00,31.3,68,35.9,0.1,0.1,51,85,16.6,71,28.6139,77.209
2025-07-18T12:00,31.5,67,36.0,0.1,0.1,51,55,18.0,67,28.6139,77.209
2025-07-18T13:00,31.6,69,37.4,0.1,0.1,51,66,15.5,75,28.6139,77.209
2025-07-18T14:00,31.2,66,34.9,0.7,0.7,53,64,18.3,84,28.6139,77.209
2025-07-18T15:00,29.5,77,33.8,2.5,2.5,63,53,16.6,56,28.6139,77.209
2025-07-18T16:00,29.7,76,34.2,0.3,0.3,51,41,15.5,67,28.6139,77.209
2025-07-18T17:00,29.3,78,34.2,0.0,0.0,1,40,12.4,41,28.6139,77.209
2025-07-18T18:00,28.9,79,33.1,0.2,0.2,51,66,16.6,91,28.6139,77.209
2025-07-18T19:00,28.4,79,32.5,0.0,0.0,2,62,15.3,86,28.6139,77.209
2025-07-18T20:00,27.9,81,31.9,0.0,0.0,1,39,15.3,91,28.6139,77.209
2025-07-18T21:00,27.6,82,31.6,0.0,0.0,0,4,15.1,92,28.6139,77.209
2025-07-18T22:00,27.3,83,31.5,0.0,0.0,0,2,13.4,96,28.6139,77.209
2025-07-18T23:00,26.9,85,31.2,0.0,0.0,0,9,13.0,94,28.6139,77.209
2025-07-19T00:00,26.6,87,30.8,0.0,0.0,1,23,13.5,95,28.6139,77.209
2025-07-19T01:00,26.3,89,30.7,0.0,0.0,2,74,13.2,96,28.6139,77.209
2025-07-19T02:00,26.1,90,30.5,0.0,0.0,3,100,12.8,99,28.6139,77.209
2025-07-19T03:00,26.0,91,30.4,0.0,0.0,3,100,12.8,100,28.6139,77.209
2025-07-19T04:00,25.9,91,30.3,0.0,0.0,3,100,12.9,102,28.6139,77.209
2025-07-19T05:00,25.8,91,30.2,0.0,0.0,1,23,12.6,107,28.6139,77.209
2025-07-19T06:00,26.4,90,30.9,0.0,0.0,1,25,13.2,119,28.6139,77.209
2025-07-19T07:00,26.9,87,31.0,0.0,0.0,1,39,16.6,132,28.6139,77.209
2025-07-19T08:00,27.9,82,32.2,0.0,0.0,1,22,14.1,138,28.6139,77.209
2025-07-19T09:00,29.1,76,33.5,0.0,0.0,1,21,12.6,133,28.6139,77.209
2025-07-19T10:00,30.2,70,34.8,0.0,0.0,1,32,13.9,134,28.6139,77.209
2025-07-19T11:00,31.2,64,36.1,0.0,0.0,2,57,13.0,139,28.6139,77.209
2025-07-19T12:00,32.0,61,37.1,0.0,0.0,3,96,12.6,143,28.6139,77.209
2025-07-19T13:00,32.2,59,36.7,0.0,0.0,3,100,12.2,151,28.6139,77.209
2025-07-19T14:00,32.2,60,36.4,0.0,0.0,2,75,12.1,157,28.6139,77.209
2025-07-19T15:00,32.2,61,36.3,0.0,0.0,3,93,11.4,161,28.6139,77.209
2025-07-19T16:00,32.2,61,36.6,0.0,0.0,1,22,9.7,155,28.6139,77.209
2025-07-19T17:00,32.0,62,36.8,0.0,0.0,0,18,7.6,142,28.6139,77.209
2025-07-19T18:00,31.2,67,36.8,0.0,0.0,0,2,4.7,162,28.6139,77.209
2025-07-19T19:00,29.8,75,35.7,0.0,0.0,0,4,4.8,155,28.6139,77.209
2025-07-19T20:00,29.1,79,35.3,0.0,0.0,0,3,4.4,148,28.6139,77.209
2025-07-19T21:00,28.7,80,34.5,0.0,0.0,2,61,6.0,163,28.6139,77.209
2025-07-19T22:00,28.4,80,33.9,0.0,0.0,3,100,6.3,167,28.6139,77.209
2025-07-19T23:00,28.0,82,33.4,0.0,0.0,3,99,6.4,170,28.6139,77.209
2025-07-20T00:00,27.6,83,33.0,0.0,0.0,3,94,6.5,182,28.6139,77.209
2025-07-20T01:00,27.2,85,32.8,0.0,0.0,3,88,5.2,186,28.6139,77.209
2025-07-20T02:00,26.7,87,32.4,0.0,0.0,3,88,4.4,207,28.6139,77.209
2025-07-20T03:00,26.4,89,32.0,0.0,0.0,2,75,4.4,215,28.6139,77.209
2025-07-20T04:00,26.2,88,31.7,0.0,0.0,0,14,4.5,220,28.6139,77.209
2025-07-20T05:00,26.1,88,31.4,0.0,0.0,0,1,5.1,228,28.6139,77.209
2025-07-20T06:00,27.4,86,33.2,0.0,0.0,3,99,5.6,222,28.6139,77.209
2025-07-20T07:00,28.3,84,34.5,0.0,0.0,3,98,5.1,222,28.6139,77.209
2025-07-20T08:00,29.5,76,35.1,0.0,0.0,3,100,6.4,238,28.6139,77.209
2025-07-20T09:00,30.5,71,36.1,0.0,0.0,3,99,6.1,236,28.6139,77.209
2025-07-20T10:00,31.4,67,37.5,0.0,0.0,3,100,6.4,234,28.6139,77.209
2025-07-20T11:00,32.5,62,39.0,0.0,0.0,3,100,6.9,223,28.6139,77.209
2025-07-20T12:00,33.4,57,39.8,0.0,0.0,3,99,7.5,222,28.6139,77.209
2025-07-20T13:00,33.9,55,40.1,0.0,0.0,1,32,8.7,223,28.6139,77.209
2025-07-20T14:00,34.2,53,39.6,0.0,0.0,1,30,8.8,224,28.6139,77.209
2025-07-20T15:00,34.2,52,38.9,0.0,0.0,3,100,7.8,226,28.6139,77.209
2025-07-20T16:00,34.3,51,38.7,0.0,0.0,3,100,6.0,243,28.6139,77.209
2025-07-20T17:00,33.9,53,38.7,0.0,0.0,3,100,4.6,234,28.6139,77.209
2025-07-20T18:00,32.1,65,38.0,0.0,0.0,3,100,4.7,182,28.6139,77.209
2025-07-20T19:00,30.9,74,37.6,0.0,0.0,3,100,3.3,167,28.6139,77.209
2025-07-20T20:00,30.2,77,36.7,0.0,0.0,3,100,4.3,180,28.6139,77.209
2025-07-20T21:00,29.5,80,36.0,0.0,0.0,3,100,4.5,187,28.6139,77.209
2025-07-20T22:00,29.0,81,35.4,0.0,0.0,3,100,4.9,182,28.6139,77.209
2025-07-20T23:00,28.6,82,34.7,0.0,0.0,3,100,5.6,180,28.6139,77.209
2025-07-21T00:00,28.3,81,33.9,0.0,0.0,3,100,6.6,196,28.6139,77.209
2025-07-21T01:00,27.9,81,33.2,0.0,0.0,3,90,6.6,217,28.6139,77.209
2025-07-21T02:00,27.5,82,32.9,0.0,0.0,1,24,5.1,219,28.6139,77.209
2025-07-21T03:00,27.2,83,32.4,0.0,0.0,0,4,6.2,232,28.6139,77.209
2025-07-21T04:00,26.8,84,32.2,0.0,0.0,0,4,4.9,242,28.6139,77.209
2025-07-21T05:00,26.6,86,32.1,0.0,0.0,0,13,3.9,246,28.6139,77.209
2025-07-21T06:00,28.0,84,34.1,0.0,0.0,3,100,4.5,217,28.6139,77.209
2025-07-21T07:00,28.4,83,34.7,0.0,0.0,3,100,3.6,139,28.6139,77.209
2025-07-21T08:00,28.9,79,34.9,0.2,0.2,51,100,5.0,159,28.6139,77.209
2025-07-21T09:00,30.0,74,35.8,0.0,0.0,3,100,6.0,164,28.6139,77.209
2025-07-21T10:00,29.9,71,35.2,0.1,0.1,51,100,6.1,168,28.6139,77.209
2025-07-21T11:00,29.9,73,35.8,0.1,0.1,51,100,3.5,159,28.6139,77.209
2025-07-21T12:00,30.0,72,35.7,0.0,0.0,3,100,4.3,132,28.6139,77.209
2025-07-21T13:00,30.7,69,36.3,0.0,0.0,3,100,3.9,112,28.6139,77.209
2025-07-21T14:00,31.3,66,37.1,0.0,0.0,3,100,2.4,103,28.6139,77.209
2025-07-21T15:00,31.5,65,37.2,0.0,0.0,3,100,2.7,94,28.6139,77.209
2025-07-21T16:00,31.4,64,36.9,0.0,0.0,3,100,3.6,93,28.6139,77.209
2025-07-21T17:00,31.2,66,36.7,0.0,0.0,3,100,3.6,90,28.6139,77.209
2025-07-21T18:00,29.4,76,35.3,0.0,0.0,3,99,4.3,48,28.6139,77.209
2025-07-21T19:00,28.8,81,35.0,0.0,0.0,3,99,3.9,106,28.6139,77.209
2025-07-21T20:00,28.3,86,35.1,0.0,0.0,3,100,2.4,126,28.6139,77.209
2025-07-21T21:00,28.0,88,35.0,0.0,0.0,3,100,2.1,105,28.6139,77.209
2025-07-21T22:00,27.5,90,34.2,0.0,0.0,3,100,3.1,93,28.6139,77.209
2025-07-21T23:00,27.2,91,33.9,0.0,0.0,3,100,2.4,138,28.6139,77.209
2025-07-22T00:00,26.8,91,33.2,0.0,0.0,3,100,3.6,160,28.6139,77.209
2025-07-22T01:00,26.6,90,32.7,0.0,0.0,3,100,3.5,168,28.6139,77.209
2025-07-22T02:00,26.3,92,32.5,0.0,0.0,3,100,2.6,155,28.6139,77.209
2025-07-22T03:00,26.2,91,32.1,0.0,0.0,3,100,3.7,145,28.6139,77.209
2025-07-22T04:00,26.1,91,31.9,0.0,0.0,3,100,4.1,151,28.6139,77.209
2025-07-22T05:00,26.0,91,31.8,0.0,0.0,2,79,3.3,144,28.6139,77.209
2025-07-22T06:00,27.5,88,33.1,0.2,0.2,51,89,9.0,217,28.6139,77.209
2025-07-22T07:00,27.7,84,33.7,0.0,0.0,1,45,3.9,223,28.6139,77.209
2025-07-22T08:00,28.7,81,34.6,0.0,0.0,1,20,5.4,272,28.6139,77.209
2025-07-22T09:00,30.2,73,36.2,0.0,0.0,3,98,4.1,308,28.6139,77.209
2025-07-22T10:00,31.6,68,38.1,0.0,0.0,3,97,4.0,297,28.6139,77.209
2025-07-22T11:00,32.9,62,40.3,0.0,0.0,3,98,1.9,311,28.6139,77.209
2025-07-22T12:00,33.9,55,41.4,0.0,0.0,3,97,1.1,252,28.6139,77.209
2025-07-22T13:00,34.1,53,40.4,0.0,0.0,3,99,3.1,257,28.6139,77.209
2025-07-22T14:00,34.6,52,40.8,0.0,0.0,3,95,4.2,288,28.6139,77.209
2025-07-22T15:00,34.8,50,39.5,0.0,0.0,3,100,6.3,283,28.6139,77.209
2025-07-22T16:00,34.3,52,38.8,0.0,0.0,3,99,6.5,276,28.6139,77.209
2025-07-22T17:00,34.0,53,38.6,0.0,0.0,3,100,6.1,267,28.6139,77.209
2025-07-22T18:00,31.8,64,37.4,0.0,0.0,2,63,3.7,317,28.6139,77.209
2025-07-22T19:00,31.2,68,37.4,0.0,0.0,3,100,2.2,235,28.6139,77.209
2025-07-22T20:00,30.2,77,36.7,0.0,0.0,3,100,3.7,219,28.6139,77.209
2025-07-22T21:00,29.6,81,36.5,0.0,0.0,3,100,2.8,198,28.6139,77.209
2025-07-22T22:00,29.2,83,36.2,0.0,0.0,1,41,2.6,196,28.6139,77.209
2025-07-22T23:00,28.8,85,35.7,0.0,0.0,3,100,3.0,197,28.6139,77.209
2025-07-23T00:00,28.6,82,34.8,0.0,0.0,3,100,4.5,194,28.6139,77.209
2025-07-23T01:00,28.1,86,34.8,0.0,0.0,2,75,2.6,102,28.6139,77.209
2025-07-23T02:00,27.8,86,34.0,0.0,0.0,2,55,4.7,180,28.6139,77.209
2025-07-23T03:00,27.6,85,33.5,0.0,0.0,1,32,4.4,168,28.6139,77.209
2025-07-23T04:00,27.3,85,33.1,0.0,0.0,1,22,4.6,154,28.6139,77.209
2025-07-23T05:00,27.0,86,32.8,0.0,0.0,3,98,4.0,180,28.6139,77.209
2025-07-23T06:00,28.3,84,34.2,0.0,0.0,1,49,6.6,303,28.6139,77.209
2025-07-23T07:00,29.1,80,35.5,0.0,0.0,3,98,3.4,344,28.6139,77.209
2025-07-23T08:00,29.8,72,34.8,0.4,0.4,51,95,8.5,271,28.6139,77.209
2025-07-23T09:00,29.3,75,34.0,0.6,0.6,53,75,10.5,283,28.6139,77.209
2025-07-23T10:00,30.6,71,36.6,0.0,0.0,2,73,4.1,270,28.6139,77.209
2025-07-23T11:00,31.7,68,38.5,0.0,0.0,2,56,3.4,245,28.6139,77.209
2025-07-23T12:00,32.7,65,40.1,0.0,0.0,2,74,4.8,248,28.6139,77.209
2025-07-23T13:00,33.2,63,40.0,0.0,0.0,2,70,7.0,274,28.6139,77.209
2025-07-23T14:00,33.1,64,38.9,0.0,0.0,3,89,7.8,279,28.6139,77.209
2025-07-23T15:00,32.9,64,38.4,0.1,0.1,51,94,9.6,287,28.6139,77.209
2025-07-23T16:00,33.0,64,38.6,0.0,0.0,3,95,8.9,294,28.6139,77.209
2025-07-23T17:00,32.6,67,38.7,0.1,0.1,51,90,8.0,301,28.6139,77.209
2025-07-23T18:00,29.9,80,36.6,0.0,0.0,3,99,5.5,218,28.6139,77.209
2025-07-23T19:00,29.1,86,36.1,0.0,0.0,1,44,5.1,198,28.6139,77.209
2025-07-23T20:00,28.7,88,35.6,0.0,0.0,3,97,5.8,210,28.6139,77.209
2025-07-23T21:00,28.5,89,35.4,0.0,0.0,1,38,5.8,216,28.6139,77.209
2025-07-23T22:00,28.4,89,35.2,0.0,0.0,2,55,5.9,211,28.6139,77.209
2025-07-23T23:00,28.2,89,34.7,0.0,0.0,1,21,6.7,207,28.6139,77.209
2025-07-24T00:00,28.0,88,34.5,0.0,0.0,1,26,5.5,218,28.6139,77.209
2025-07-24T01:00,27.7,89,34.3,0.0,0.0,1,25,3.8,211,28.6139,77.209
2025-07-24T02:00,27.3,91,34.2,0.0,0.0,0,11,2.3,225,28.6139,77.209
2025-07-24T03:00,27.1,92,34.1,0.0,0.0,0,7,1.1,189,28.6139,77.209
2025-07-24T04:00,26.5,88,31.4,0.8,0.8,53,90,9.9,201,28.6139,77.209
2025-07-24T05:00,25.4,93,29.8,0.6,0.6,53,61,11.8,224,28.6139,77.209
2025-07-24T06:00,27.8,82,32.8,0.1,0.1,51,40,9.2,291,28.6139,77.209
2025-07-24T07:00,28.5,81,34.2,0.0,0.0,1,41,6.5,283,28.6139,77.209
2025-07-24T08:00,29.5,79,35.4,0.0,0.0,0,15,7.2,274,28.6139,77.209
2025-07-24T09:00,31.3,71,36.9,0.0,0.0,0,11,8.6,282,28.6139,77.209
2025-07-24T10:00,32.7,65,38.8,0.0,0.0,1,26,8.9,291,28.6139,77.209
2025-07-24T11:00,33.8,58,39.9,0.0,0.0,1,32,8.4,301,28.6139,77.209
2025-07-24T12:00,34.5,54,40.6,0.0,0.0,1,28,8.2,306,28.6139,77.209
2025-07-24T13:00,35.0,52,41.3,0.0,0.0,3,86,8.0,301,28.6139,77.209
2025-07-24T14:00,35.4,51,41.2,0.0,0.0,1,35,7.6,301,28.6139,77.209
2025-07-24T15:00,35.5,50,40.4,0.0,0.0,1,26,9.0,307,28.6139,77.209
2025-07-24T16:00,35.1,51,39.3,0.0,0.0,1,33,9.9,305,28.6139,77.209
2025-07-24T17:00,34.4,54,38.8,0.0,0.0,1,23,9.7,301,28.6139,77.209
2025-07-24T18:00,32.6,64,38.4,0.0,0.0,0,9,5.5,302,28.6139,77.209
2025-07-24T19:00,31.2,73,37.9,0.0,0.0,0,9,3.6,279,28.6139,77.209
2025-07-24T20:00,30.6,74,36.9,0.0,0.0,0,13,4.9,264,28.6139,77.209
2025-07-24T21:00,30.1,75,35.5,0.0,0.0,0,2,9.1,284,28.6139,77.209
2025-07-24T22:00,29.2,78,35.0,0.0,0.0,0,13,6.2,291,28.6139,77.209
2025-07-24T23:00,28.7,80,34.5,0.0,0.0,0,10,5.1,276,28.6139,77.209
2025-07-25T00:00,28.2,81,33.8,0.0,0.0,0,0,5.8,270,28.6139,77.209
2025-07-25T01:00,27.6,84,33.3,0.0,0.0,0,1,5.7,279,28.6139,77.209
2025-07-25T02:00,27.3,85,32.9,0.0,0.0,0,2,5.5,283,28.6139,77.209
2025-07-25T03:00,27.1,86,32.6,0.0,0.0,0,0,5.9,288,28.6139,77.209
2025-07-25T04:00,26.8,87,32.3,0.0,0.0,0,1,5.8,279,28.6139,77.209
2025-07-25T05:00,26.6,88,32.1,0.0,0.0,0,3,5.4,276,28.6139,77.209
2025-07-25T06:00,28.5,84,34.5,0.0,0.0,0,6,6.7,289,28.6139,77.209
2025-07-25T07:00,29.3,82,35.9,0.0,0.0,0,7,4.5,270,28.6139,77.209
2025-07-25T08:00,31.0,75,37.5,0.0,0.0,0,8,5.7,281,28.6139,77.209
2025-07-25T09:00,32.8,64,38.2,0.0,0.0,0,11,8.7,277,28.6139,77.209
2025-07-25T10:00,34.1,56,39.2,0.0,0.0,0,3,10.4,288,28.6139,77.209
2025-07-25T11:00,35.0,51,40.0,0.0,0.0,0,19,10.6,305,28.6139,77.209
2025-07-25T12:00,35.5,48,40.4,0.0,0.0,1,24,10.1,314,28.6139,77.209
2025-07-25T13:00,35.8,48,40.7,0.0,0.0,2,55,9.6,308,28.6139,77.209
2025-07-25T14:00,36.3,48,41.7,0.0,0.0,3,98,9.3,307,28.6139,77.209
2025-07-25T15:00,36.2,47,40.5,0.0,0.0,3,88,10.1,314,28.6139,77.209
2025-07-25T16:00,35.7,48,39.7,0.0,0.0,0,8,10.5,321,28.6139,77.209
2025-07-25T17:00,35.2,51,39.8,0.0,0.0,1,23,7.6,324,28.6139,77.209
2025-07-25T18:00,34.5,54,39.6,0.0,0.0,0,10,5.9,305,28.6139,77.209
2025-07-25T19:00,33.1,65,39.7,0.0,0.0,0,10,3.2,273,28.6139,77.209
2025-07-25T20:00,32.4,71,39.9,0.0,0.0,2,65,2.3,241,28.6139,77.209
2025-07-25T21:00,31.8,76,39.7,0.0,0.0,1,34,1.3,188,28.6139,77.209
2025-07-25T22:00,31.5,78,39.6,0.0,0.0,3,100,0.2,180,28.6139,77.209
2025-07-25T23:00,31.0,78,38.7,0.5,0.5,53,100,1.6,117,28.6139,77.209
2025-07-26T00:00,30.5,75,35.9,0.0,0.0,3,100,11.7,92,28.6139,77.209
2025-07-26T01:00,28.7,83,34.4,0.0,0.0,3,100,9.1,98,28.6139,77.209
2025-07-26T02:00,28.1,86,34.7,0.0,0.0,3,100,3.4,108,28.6139,77.209
2025-07-26T03:00,27.7,88,33.7,0.0,0.0,3,98,7.2,93,28.6139,77.209
2025-07-26T04:00,27.2,90,33.2,0.0,0.0,1,36,6.5,88,28.6139,77.209
2025-07-26T05:00,26.9,92,33.5,0.0,0.0,3,100,2.5,111,28.6139,77.209
2025-07-26T06:00,27.5,89,34.1,1.7,1.7,61,100,3.1,173,28.6139,77.209
2025-07-26T07:00,27.6,90,34.2,0.6,0.6,53,73,4.5,214,28.6139,77.209
2025-07-26T08:00,28.7,84,35.3,0.0,0.0,2,65,4.3,195,28.6139,77.209
2025-07-26T09:00,30.5,75,37.1,0.0,0.0,3,100,3.6,153,28.6139,77.209
2025-07-26T10:00,31.7,69,38.4,0.0,0.0,3,100,2.2,132,28.6139,77.209
2025-07-26T11:00,32.5,66,39.2,0.0,0.0,3,100,1.3,172,28.6139,77.209
2025-07-26T12:00,33.5,62,40.7,0.0,0.0,3,96,2.6,168,28.6139,77.209
2025-07-26T13:00,34.0,60,40.6,0.0,0.0,1,21,3.3,174,28.6139,77.209
2025-07-26T14:00,34.8,55,41.5,0.0,0.0,2,72,3.5,189,28.6139,77.209
2025-07-26T15:00,35.3,53,41.8,0.0,0.0,3,100,2.4,197,28.6139,77.209
2025-07-26T16:00,35.4,53,41.0,0.0,0.0,3,99,3.9,193,28.6139,77.209
2025-07-26T17:00,34.2,56,39.6,0.0,0.0,3,100,5.7,171,28.6139,77.209
2025-07-26T18:00,33.3,62,39.1,0.0,0.0,3,100,6.5,166,28.6139,77.209
2025-07-26T19:00,32.5,67,38.5,0.0,0.0,3,100,6.9,171,28.6139,77.209
2025-07-26T20:00,31.8,72,38.3,0.0,0.0,3,100,6.8,191,28.6139,77.209
2025-07-26T21:00,31.2,76,38.0,0.0,0.0,2,63,6.4,191,28.6139,77.209
2025-07-26T22:00,30.8,78,37.7,0.0,0.0,2,55,5.6,184,28.6139,77.209
2025-07-26T23:00,30.4,80,37.8,0.0,0.0,3,96,2.5,120,28.6139,77.209
2025-07-27T00:00,30.2,83,38.0,0.0,0.0,3,100,1.2,117,28.6139,77.209
2025-07-27T01:00,29.8,84,37.2,0.0,0.0,3,99,4.4,109,28.6139,77.209
2025-07-27T02:00,29.4,86,36.4,0.0,0.0,3,98,6.1,109,28.6139,77.209
2025-07-27T03:00,29.0,86,35.8,0.0,0.0,3,98,5.6,115,28.6139,77.209
2025-07-27T04:00,28.9,85,35.8,0.0,0.0,3,99,3.9,112,28.6139,77.209
2025-07-27T05:00,28.8,83,35.0,0.0,0.0,2,79,5.3,142,28.6139,77.209
2025-07-27T06:00,29.0,83,35.8,0.1,0.1,51,80,3.0,57,28.6139,77.209
2025-07-27T07:00,30.1,75,36.6,0.0,0.0,1,35,2.6,56,28.6139,77.209
2025-07-27T08:00,31.6,67,37.0,0.0,0.0,2,67,7.5,82,28.6139,77.209
2025-07-27T09:00,32.5,61,36.7,0.0,0.0,2,65,12.3,101,28.6139,77.209
2025-07-27T10:00,33.2,59,38.1,0.4,0.4,51,36,11.1,99,28.6139,77.209
2025-07-27T11:00,34.0,58,40.2,0.3,0.3,51,90,9.4,103,28.6139,77.209
2025-07-27T12:00,35.3,53,42.0,0.1,0.1,51,99,7.9,107,28.6139,77.209
2025-07-27T13:00,35.7,51,42.1,0.0,0.0,1,32,6.9,99,28.6139,77.209
2025-07-27T14:00,36.2,49,42.3,0.0,0.0,0,16,7.1,96,28.6139,77.209
2025-07-27T15:00,36.3,49,41.7,0.0,0.0,0,13,7.4,93,28.6139,77.209
2025-07-27T16:00,36.0,50,40.9,0.0,0.0,0,11,7.4,94,28.6139,77.209
2025-07-27T17:00,35.4,52,40.2,0.0,0.0,3,87,8.3,104,28.6139,77.209
2025-07-27T18:00,33.3,59,38.2,0.0,0.0,3,97,8.5,96,28.6139,77.209
2025-07-27T19:00,32.5,63,37.7,0.0,0.0,3,100,8.3,95,28.6139,77.209
2025-07-27T20:00,32.0,67,37.6,0.0,0.0,3,99,7.6,105,28.6139,77.209
2025-07-27T21:00,31.5,70,37.5,0.0,0.0,3,99,6.9,95,28.6139,77.209
2025-07-27T22:00,30.9,73,37.0,0.0,0.0,3,100,6.6,99,28.6139,77.209
2025-07-27T23:00,30.3,76,36.6,0.0,0.0,3,100,6.0,106,28.6139,77.209
2025-07-28T00:00,29.9,78,36.3,0.0,0.0,3,100,5.2,94,28.6139,77.209
2025-07-28T01:00,29.6,80,36.1,0.0,0.0,3,99,4.8,79,28.6139,77.209
2025-07-28T02:00,29.2,82,35.7,0.0,0.0,3,100,5.3,98,28.6139,77.209
2025-07-28T03:00,28.7,85,35.3,0.0,0.0,3,100,5.2,104,28.6139,77.209
2025-07-28T04:00,28.4,87,35.0,0.0,0.0,3,100,5.4,96,28.6139,77.209
2025-07-28T05:00,28.1,88,34.7,0.0,0.0,3,94,5.1,129,28.6139,77.209
2025-07-28T06:00,29.4,81,36.0,0.0,0.0,3,99,4.1,131,28.6139,77.209
2025-07-28T07:00,30.2,76,36.5,0.0,0.0,3,99,5.0,134,28.6139,77.209
2025-07-28T08:00,31.8,66,37.4,0.0,0.0,2,59,5.4,143,28.6139,77.209
2025-07-28T09:00,33.1,60,38.6,0.0,0.0,1,21,4.1,151,28.6139,77.209
2025-07-28T10:00,34.4,54,40.4,0.0,0.0,1,26,3.5,156,28.6139,77.209
2025-07-28T11:00,35.6,49,42.0,0.0,0.0,1,28,3.1,173,28.6139,77.209
2025-07-28T12:00,36.2,46,42.7,0.3,0.3,51,49,0.5,180,28.6139,77.209
2025-07-28T13:00,36.2,47,42.8,0.9,0.9,53,84,2.3,180,28.6139,77.209
2025-07-28T14:00,36.3,49,43.1,0.2,0.2,51,100,2.0,180,28.6139,77.209
2025-07-28T15:00,36.6,49,42.7,0.0,0.0,3,100,1.0,225,28.6139,77.209
2025-07-28T16:00,36.6,49,42.3,0.0,0.0,3,99,2.2,256,28.6139,77.209
2025-07-28T17:00,35.4,52,41.0,0.0,0.0,3,99,3.2,297,28.6139,77.209
2025-07-28T18:00,33.4,58,39.0,0.2,0.2,51,97,3.4,122,28.6139,77.209
2025-07-28T19:00,32.2,65,37.8,0.0,0.0,3,97,6.9,149,28.6139,77.209
2025-07-28T20:00,31.3,73,37.4,0.0,0.0,3,100,7.8,132,28.6139,77.209
2025-07-28T21:00,30.5,78,36.7,0.0,0.0,3,99,9.2,118,28.6139,77.209
2025-07-28T22:00,29.8,80,35.7,0.0,0.0,3,100,9.7,112,28.6139,77.209
2025-07-28T23:00,29.2,83,35.4,0.0,0.0,2,75,8.0,124,28.6139,77.209
2025-07-29T00:00,28.6,86,35.0,0.0,0.0,3,95,6.5,114,28.6139,77.209
2025-07-29T01:00,28.2,88,35.0,0.0,0.0,2,67,4.7,140,28.6139,77.209
2025-07-29T02:00,27.9,90,34.6,0.0,0.0,3,96,4.8,155,28.6139,77.209
2025-07-29T03:00,27.7,91,34.4,0.0,0.0,3,99,5.1,138,28.6139,77.209
2025-07-29T04:00,27.5,92,33.9,0.0,0.0,3,93,7.4,108,28.6139,77.209
2025-07-29T05:00,27.2,93,33.6,0.0,0.0,3,99,6.3,141,28.6139,77.209
2025-07-29T06:00,27.3,88,33.5,0.5,0.5,53,91,3.9,112,28.6139,77.209
2025-07-29T07:00,27.5,88,33.9,0.8,0.8,53,99,3.0,128,28.6139,77.209
2025-07-29T08:00,28.3,85,34.4,0.4,0.4,51,89,5.8,126,28.6139,77.209
2025-07-29T09:00,29.7,78,36.3,0.0,0.0,3,100,2.3,151,28.6139,77.209
2025-07-29T10:00,30.7,75,37.4,0.0,0.0,3,100,2.7,184,28.6139,77.209
2025-07-29T11:00,31.5,71,37.9,0.1,0.1,51,100,4.7,203,28.6139,77.209
2025-07-29T12:00,31.1,75,38.1,0.5,0.5,53,98,3.0,142,28.6139,77.209
2025-07-29T13:00,32.1,71,39.6,0.3,0.3,51,81,2.4,73,28.6139,77.209
2025-07-29T14:00,32.9,68,40.6,0.2,0.2,51,99,2.4,63,28.6139,77.209
2025-07-29T15:00,31.8,71,37.9,0.1,0.1,51,100,7.6,94,28.6139,77.209
2025-07-29T16:00,29.7,81,36.3,0.7,0.7,53,100,5.8,81,28.6139,77.209
2025-07-29T17:00,30.1,81,37.1,0.2,0.2,51,99,4.7,47,28.6139,77.209
2025-07-29T18:00,29.7,77,35.7,0.0,0.0,3,100,6.1,93,28.6139,77.209
2025-07-29T19:00,29.1,81,35.4,0.0,0.0,3,100,5.5,79,28.6139,77.209
2025-07-29T20:00,28.6,84,34.6,0.0,0.0,3,100,7.4,89,28.6139,77.209
2025-07-29T21:00,28.2,85,34.3,0.0,0.0,3,99,6.8,92,28.6139,77.209
2025-07-29T22:00,28.0,87,34.1,0.0,0.0,3,99,6.0,100,28.6139,77.209
2025-07-29T23:00,27.6,88,33.9,0.0,0.0,3,97,5.6,96,28.6139,77.209
2025-07-30T00:00,27.3,90,33.4,0.0,0.0,3,100,6.3,95,28.6139,77.209
2025-07-30T01:00,27.0,91,32.9,0.0,0.0,3,100,7.0,94,28.6139,77.209
2025-07-30T02:00,26.7,93,32.7,0.0,0.0,2,75,7.2,93,28.6139,77.209
2025-07-30T03:00,26.5,94,32.4,0.0,0.0,3,100,7.4,91,28.6139,77.209
2025-07-30T04:00,26.4,94,32.2,0.0,0.0,3,100,7.6,89,28.6139,77.209
2025-07-30T05:00,26.2,95,32.2,0.0,0.0,3,100,6.1,95,28.6139,77.209
2025-07-30T06:00,26.2,94,31.5,0.6,0.6,53,100,10.0,76,28.6139,77.209
2025-07-30T07:00,26.2,94,31.9,0.2,0.2,51,100,7.8,103,28.6139,77.209
2025-07-30T08:00,27.2,90,33.0,0.2,0.2,51,100,8.4,97,28.6139,77.209
2025-07-30T09:00,28.6,85,34.6,0.2,0.2,51,100,8.8,99,28.6139,77.209
2025-07-30T10:00,29.9,78,35.6,0.1,0.1,51,100,10.4,111,28.6139,77.209
2025-07-30T11:00,31.1,74,37.5,0.1,0.1,51,100,9.5,105,28.6139,77.209
2025-07-30T12:00,31.6,71,37.6,0.1,0.1,51,100,8.6,113,28.6139,77.209
2025-07-30T13:00,31.2,71,36.9,2.3,2.3,61,100,9.0,110,28.6139,77.209
2025-07-30T14:00,28.2,89,34.4,6.5,6.5,63,100,8.7,97,28.6139,77.209
2025-07-30T15:00,29.4,82,35.9,0.3,0.3,51,95,6.2,98,28.6139,77.209
2025-07-30T16:00,30.5,79,37.5,0.2,0.2,51,100,5.2,94,28.6139,77.209
2025-07-30T17:00,29.6,82,36.1,3.3,3.3,63,99,5.9,130,28.6139,77.209
2025-07-30T18:00,27.9,89,33.9,0.1,0.1,51,100,9.3,112,28.6139,77.209
2025-07-30T19:00,26.9,94,33.2,0.2,0.2,51,100,6.5,104,28.6139,77.209
2025-07-30T20:00,26.8,95,33.2,0.1,0.1,51,100,6.0,100,28.6139,77.209
2025-07-30T21:00,26.7,95,33.0,0.1,0.1,51,100,7.4,108,28.6139,77.209
2025-07-30T22:00,26.5,96,32.7,0.1,0.1,51,100,7.4,103,28.6139,77.209
2025-07-30T23:00,26.3,97,32.1,0.6,0.6,53,99,9.6,124,28.6139,77.209
2025-07-31T00:00,26.3,97,32.3,1.6,1.6,61,100,7.9,123,28.6139,77.209
2025-07-31T01:00,26.2,95,31.7,0.3,0.3,51,100,9.8,142,28.6139,77.209
2025-07-31T02:00,25.8,98,31.8,3.5,3.5,63,100,6.4,148,28.6139,77.209
2025-07-31T03:00,25.5,98,31.5,5.8,5.8,63,100,6.2,147,28.6139,77.209
2025-07-31T04:00,25.3,98,31.1,3.4,3.4,63,100,6.8,138,28.6139,77.209
2025-07-31T05:00,25.4,98,31.3,1.0,1.0,55,100,5.3,123,28.6139,77.209
2025-07-31T06:00,25.7,97,31.4,1.4,1.4,61,100,7.5,132,28.6139,77.209
2025-07-31T07:00,25.4,97,31.3,8.0,8.0,65,100,4.9,156,28.6139,77.209
2025-07-31T08:00,25.7,95,31.2,2.9,2.9,63,99,8.4,127,28.6139,77.209
2025-07-31T09:00,26.4,91,31.5,0.3,0.3,51,100,9.9,147,28.6139,77.209
2025-07-31T10:00,28.0,85,33.5,0.3,0.3,51,100,8.7,143,28.6139,77.209
2025-07-31T11:00,28.9,82,34.8,0.2,0.2,51,95,7.8,151,28.6139,77.209
2025-07-31T12:00,29.7,78,35.5,0.1,0.1,51,94,8.5,162,28.6139,77.209
2025-07-31T13:00,29.9,76,35.5,0.0,0.0,3,100,8.5,155,28.6139,77.209
2025-07-31T14:00,30.4,74,36.3,0.0,0.0,3,96,6.4,153,28.6139,77.209
2025-07-31T15:00,30.8,72,36.6,0.0,0.0,3,98,6.6,163,28.6139,77.209
2025-07-31T16:00,31.2,70,37.3,0.0,0.0,3,95,4.0,190,28.6139,77.209
2025-07-31T17:00,31.5,69,38.0,0.0,0.0,3,100,1.5,173,28.6139,77.209
2025-07-31T18:00,28.9,85,36.0,0.1,0.1,51,100,2.2,215,28.6139,77.209
2025-07-31T19:00,28.1,88,34.9,0.2,0.2,51,100,2.7,293,28.6139,77.209
2025-07-31T20:00,27.8,89,34.6,0.1,0.1,51,100,2.9,47,28.6139,77.209
2025-07-31T21:00,27.4,92,34.4,0.0,0.0,3,99,2.6,74,28.6139,77.209
2025-07-31T22:00,27.3,93,34.4,0.0,0.0,3,100,2.2,132,28.6139,77.209
2025-07-31T23:00,27.0,95,33.9,0.0,0.0,3,88,3.9,114,28.6139,77.209
2025-08-01T00:00,26.5,93,32.9,0.2,0.2,51,97,3.4,174,28.6139,77.209
2025-08-01T01:00,26.3,90,32.0,1.3,1.3,61,100,5.4,132,28.6139,77.209
2025-08-01T02:00,26.0,94,32.0,0.1,0.1,51,96,5.1,132,28.6139,77.209
2025-08-01T03:00,25.7,96,31.9,0.0,0.0,3,94,3.9,158,28.6139,77.209
2025-08-01T04:00,25.5,97,31.6,0.0,0.0,3,98,4.6,191,28.6139,77.209
2025-08-01T05:00,25.5,97,31.7,0.0,0.0,3,93,3.1,170,28.6139,77.209
2025-08-01T06:00,25.8,96,31.7,0.1,0.1,51,96,5.6,228,28.6139,77.209
2025-08-01T07:00,26.4,93,32.9,0.1,0.1,51,87,2.6,196,28.6139,77.209
2025-08-01T08:00,27.8,86,33.9,0.0,0.0,2,79,5.2,243,28.6139,77.209
2025-08-01T09:00,29.1,78,34.9,0.0,0.0,2,56,6.1,251,28.6139,77.209
2025-08-01T10:00,29.9,74,35.8,0.0,0.0,1,48,4.9,242,28.6139,77.209
2025-08-01T11:00,30.9,72,38.3,0.1,0.1,51,25,3.1,216,28.6139,77.209
2025-08-01T12:00,31.4,72,39.4,0.2,0.2,51,37,3.3,167,28.6139,77.209
2025-08-01T13:00,32.0,70,40.2,0.2,0.2,51,100,3.6,210,28.6139,77.209
2025-08-01T14:00,31.9,69,38.2,0.2,0.2,51,100,5.4,244,28.6139,77.209
2025-08-01T15:00,30.8,75,36.4,2.9,2.9,63,91,10.6,251,28.6139,77.209
2025-08-01T16:00,29.1,85,36.1,2.1,2.1,61,100,4.0,280,28.6139,77.209
2025-08-01T17:00,29.3,84,36.3,0.0,0.0,3,100,4.1,315,28.6139,77.209
2025-08-01T18:00,28.8,87,36.2,0.0,0.0,3,96,1.4,293,28.6139,77.209
2025-08-01T19:00,28.4,91,35.9,0.0,0.0,3,98,1.9,163,28.6139,77.209
2025-08-01T20:00,28.2,92,35.8,0.0,0.0,3,100,2.3,209,28.6139,77.209
2025-08-01T21:00,28.2,89,35.1,0.0,0.0,0,4,4.6,231,28.6139,77.209
2025-08-01T22:00,28.0,85,33.9,0.0,0.0,3,94,6.3,246,28.6139,77.209
2025-08-01T23:00,27.5,84,33.2,0.0,0.0,3,100,4.8,250,28.6139,77.209
2025-08-02T00:00,27.1,85,32.7,0.0,0.0,3,81,5.0,232,28.6139,77.209
2025-08-02T01:00,26.9,86,32.2,0.0,0.0,2,74,6.2,249,28.6139,77.209
2025-08-02T02:00,26.6,87,32.0,0.0,0.0,3,95,5.5,257,28.6139,77.209
2025-08-02T03:00,26.4,88,32.1,0.0,0.0,3,100,4.3,248,28.6139,77.209
2025-08-02T04:00,26.3,89,31.9,0.0,0.0,2,70,4.2,245,28.6139,77.209
2025-08-02T05:00,26.0,90,31.5,0.0,0.0,1,37,4.9,242,28.6139,77.209
2025-08-02T06:00,27.5,86,33.3,0.0,0.0,3,100,5.5,257,28.6139,77.209
2025-08-02T07:00,28.0,85,34.1,0.0,0.0,3,100,4.8,255,28.6139,77.209
2025-08-02T08:00,28.6,81,34.6,0.0,0.0,3,100,5.6,245,28.6139,77.209
2025-08-02T09:00,29.2,78,34.9,0.0,0.0,3,100,6.3,252,28.6139,77.209
2025-08-02T10:00,30.2,72,35.5,0.0,0.0,3,100,8.6,258,28.6139,77.209
2025-08-02T11:00,31.1,70,36.9,0.0,0.0,3,94,8.9,245,28.6139,77.209
2025-08-02T12:00,31.7,70,38.9,0.0,0.0,2,63,9.2,247,28.6139,77.209
2025-08-02T13:00,32.2,68,38.7,0.0,0.0,3,91,10.2,256,28.6139,77.209
2025-08-02T14:00,32.4,66,38.2,0.0,0.0,3,100,10.9,264,28.6139,77.209
2025-08-02T15:00,32.4,65,37.8,0.0,0.0,3,100,10.8,269,28.6139,77.209
2025-08-02T16:00,32.0,69,37.6,0.0,0.0,3,100,9.2,287,28.6139,77.209
2025-08-02T17:00,31.1,76,37.9,0.9,0.9,53,100,5.2,241,28.6139,77.209
2025-08-02T18:00,30.5,74,36.4,0.0,0.0,3,100,6.2,278,28.6139,77.209
2025-08-02T19:00,29.5,76,34.9,0.0,0.0,3,100,7.7,267,28.6139,77.209
2025-08-02T20:00,28.7,79,34.5,0.0,0.0,3,100,5.8,250,28.6139,77.209
2025-08-02T21:00,28.5,81,34.3,0.0,0.0,3,100,5.6,248,28.6139,77.209
2025-08-02T22:00,28.4,82,34.4,0.0,0.0,3,100,4.6,231,28.6139,77.209
2025-08-02T23:00,28.2,83,34.3,0.0,0.0,3,100,4.4,215,28.6139,77.209
2025-08-03T00:00,28.1,83,33.7,0.0,0.0,3,100,6.5,194,28.6139,77.209
2025-08-03T01:00,27.9,82,33.2,0.0,0.0,3,100,7.5,210,28.6139,77.209
2025-08-03T02:00,27.5,83,32.8,0.0,0.0,3,100,7.0,220,28.6139,77.209
2025-08-03T03:00,27.2,85,32.5,0.0,0.0,3,100,7.3,205,28.6139,77.209
2025-08-03T04:00,27.0,87,32.5,0.0,0.0,3,100,7.5,215,28.6139,77.209
2025-08-03T05:00,27.0,88,32.5,0.0,0.0,3,100,7.3,228,28.6139,77.209
2025-08-03T06:00,26.8,91,31.8,0.1,0.1,51,100,11.8,243,28.6139,77.209
2025-08-03T07:00,27.6,87,33.2,0.0,0.0,3,100,8.7,248,28.6139,77.209
2025-08-03T08:00,29.2,79,34.8,0.0,0.0,3,100,7.8,255,28.6139,77.209
2025-08-03T09:00,30.1,71,35.0,0.0,0.0,3,100,9.4,272,28.6139,77.209
2025-08-03T10:00,31.2,68,36.0,0.0,0.0,3,100,10.9,279,28.6139,77.209
2025-08-03T11:00,32.1,66,38.1,0.0,0.0,3,100,11.6,286,28.6139,77.209
2025-08-03T12:00,32.7,66,39.4,0.1,0.1,51,100,10.5,289,28.6139,77.209
2025-08-03T13:00,32.9,65,39.5,0.0,0.0,3,100,8.9,283,28.6139,77.209
2025-08-03T14:00,33.1,66,39.9,0.0,0.0,3,100,8.7,284,28.6139,77.209
2025-08-03T15:00,32.9,66,39.0,0.0,0.0,3,100,7.8,278,28.6139,77.209
2025-08-03T16:00,31.1,74,37.0,0.5,0.5,53,100,10.1,295,28.6139,77.209
2025-08-03T17:00,31.4,74,38.0,0.0,0.0,3,100,5.1,280,28.6139,77.209
2025-08-03T18:00,31.1,73,37.8,0.0,0.0,3,100,4.2,275,28.6139,77.209
2025-08-03T19:00,30.3,77,37.0,0.0,0.0,3,100,3.9,242,28.6139,77.209
2025-08-03T20:00,29.6,80,36.0,0.0,0.0,3,100,5.5,224,28.6139,77.209
2025-08-03T21:00,29.1,80,35.0,0.0,0.0,3,100,6.7,232,28.6139,77.209
2025-08-03T22:00,28.7,80,34.6,0.0,0.0,3,100,5.2,250,28.6139,77.209
2025-08-03T23:00,28.4,82,34.3,0.0,0.0,3,100,5.3,232,28.6139,77.209
2025-08-04T00:00,28.0,84,34.1,0.0,0.0,3,100,4.4,235,28.6139,77.209
2025-08-04T01:00,27.6,87,34.0,0.0,0.0,3,95,3.3,234,28.6139,77.209
2025-08-04T02:00,27.0,89,32.4,0.1,0.1,51,98,9.0,68,28.6139,77.209
2025-08-04T03:00,26.3,93,32.4,0.0,0.0,3,99,4.8,135,28.6139,77.209
2025-08-04T04:00,26.2,95,32.3,0.0,0.0,3,100,4.7,173,28.6139,77.209
2025-08-04T05:00,26.3,95,32.9,0.0,0.0,3,94,2.6,168,28.6139,77.209
2025-08-04T06:00,28.2,76,32.6,0.0,0.0,3,100,9.4,272,28.6139,77.209
2025-08-04T07:00,28.3,76,32.6,0.0,0.0,3,100,10.9,261,28.6139,77.209
2025-08-04T08:00,28.4,76,32.6,0.0,0.0,3,100,12.1,260,28.6139,77.209
2025-08-04T09:00,29.0,76,33.5,0.0,0.0,3,100,11.9,256,28.6139,77.209
2025-08-04T10:00,29.2,76,33.9,0.0,0.0,3,100,11.8,263,28.6139,77.209
2025-08-04T11:00,29.4,77,34.7,0.0,0.0,3,100,8.5,257,28.6139,77.209
2025-08-04T12:00,29.5,76,34.5,0.0,0.0,3,100,10.2,249,28.6139,77.209
2025-08-04T13:00,29.8,75,35.0,0.0,0.0,3,100,10.1,246,28.6139,77.209
2025-08-04T14:00,30.2,75,35.8,0.0,0.0,3,100,9.1,253,28.6139,77.209
2025-08-04T15:00,30.5,75,36.5,0.0,0.0,3,100,7.9,254,28.6139,77.209
2025-08-04T16:00,31.0,75,37.2,0.0,0.0,3,100,7.6,252,28.6139,77.209
2025-08-04T17:00,30.6,78,37.2,0.0,0.0,3,100,6.7,224,28.6139,77.209
2025-08-04T18:00,29.4,83,36.2,0.0,0.0,3,94,5.0,182,28.6139,77.209
2025-08-04T19:00,28.7,86,35.4,0.0,0.0,3,100,5.2,194,28.6139,77.209
2025-08-04T20:00,28.6,85,35.0,0.0,0.0,3,100,5.8,178,28.6139,77.209
2025-08-04T21:00,28.5,85,35.0,0.0,0.0,3,100,5.1,186,28.6139,77.209
2025-08-04T22:00,28.3,87,34.7,0.0,0.0,3,98,6.1,194,28.6139,77.209
2025-08-04T23:00,28.1,87,34.2,0.0,0.0,2,79,7.2,199,28.6139,77.209
2025-08-05T00:00,27.8,87,33.6,0.0,0.0,3,100,7.6,202,28.6139,77.209
2025-08-05T01:00,27.5,87,33.3,0.0,0.0,3,100,6.1,199,28.6139,77.209
2025-08-05T02:00,27.3,87,32.9,0.0,0.0,3,100,6.8,217,28.6139,77.209
2025-08-05T03:00,27.1,86,32.6,0.0,0.0,3,99,7.0,228,28.6139,77.209
2025-08-05T04:00,27.2,85,32.3,0.0,0.0,3,100,8.5,246,28.6139,77.209
2025-08-05T05:00,27.1,84,31.9,0.0,0.0,1,46,9.5,255,28.6139,77.209
2025-08-05T06:00,27.5,79,31.7,0.0,0.0,3,97,10.9,261,28.6139,77.209
2025-08-05T07:00,28.0,77,32.3,0.0,0.0,3,100,10.7,264,28.6139,77.209
2025-08-05T08:00,28.7,76,33.6,0.0,0.0,3,100,8.8,266,28.6139,77.209
2025-08-05T09:00,29.7,74,35.0,0.0,0.0,3,100,7.4,264,28.6139,77.209
2025-08-05T10:00,30.1,73,35.8,0.1,0.1,51,100,5.1,306,28.6139,77.209
2025-08-05T11:00,28.6,78,33.4,0.5,0.5,53,100,9.8,325,28.6139,77.209
2025-08-05T12:00,27.1,88,33.4,5.0,5.0,63,100,2.4,197,28.6139,77.209
2025-08-05T13:00,26.9,91,32.7,1.9,1.9,61,100,7.5,120,28.6139,77.209
2025-08-05T14:00,27.8,89,34.0,0.3,0.3,51,100,7.3,164,28.6139,77.209
2025-08-05T15:00,28.6,86,35.4,0.1,0.1,51,100,4.0,188,28.6139,77.209
2025-08-05T16:00,28.9,84,35.6,0.0,0.0,3,100,5.0,178,28.6139,77.209
2025-08-05T17:00,28.8,85,35.9,0.0,0.0,3,100,2.2,166,28.6139,77.209
2025-08-05T18:00,28.7,87,35.8,0.4,0.4,51,100,3.1,121,28.6139,77.209
2025-08-05T19:00,27.9,90,34.4,0.0,0.0,3,100,7.0,130,28.6139,77.209
2025-08-05T20:00,27.6,89,33.8,0.0,0.0,3,100,6.4,137,28.6139,77.209
2025-08-05T21:00,27.4,88,33.2,0.0,0.0,3,81,7.3,142,28.6139,77.209
2025-08-05T22:00,27.2,88,32.8,0.0,0.0,2,59,7.8,146,28.6139,77.209
2025-08-05T23:00,27.0,88,32.5,0.0,0.0,3,93,7.4,151,28.6139,77.209
2025-08-06T00:00,27.0,88,32.4,0.0,0.0,2,50,7.4,162,28.6139,77.209
2025-08-06T01:00,27.0,88,32.3,0.0,0.0,2,63,8.7,163,28.6139,77.209
2025-08-06T02:00,26.7,90,32.2,0.0,0.0,1,35,7.5,170,28.6139,77.209
2025-08-06T03:00,26.4,91,32.0,0.0,0.0,3,98,6.6,193,28.6139,77.209
2025-08-06T04:00,26.3,90,31.9,0.0,0.0,0,15,5.9,232,28.6139,77.209
2025-08-06T05:00,26.3,88,31.5,0.0,0.0,3,99,5.9,270,28.6139,77.209
2025-08-06T06:00,27.1,82,31.8,0.2,0.2,51,100,7.7,252,28.6139,77.209
2025-08-06T07:00,27.3,80,32.0,0.0,0.0,3,100,7.8,251,28.6139,77.209
2025-08-06T08:00,28.1,79,33.2,0.0,0.0,3,100,6.8,248,28.6139,77.209
2025-08-06T09:00,29.0,75,34.0,0.0,0.0,3,100,7.9,259,28.6139,77.209
2025-08-06T10:00,30.0,72,35.2,0.0,0.0,3,100,7.4,264,28.6139,77.209
2025-08-06T11:00,30.5,71,36.2,0.0,0.0,3,100,6.0,261,28.6139,77.209
2025-08-06T12:00,31.0,70,36.9,0.0,0.0,3,100,5.1,264,28.6139,77.209
2025-08-06T13:00,31.0,70,37.0,0.0,0.0,3,98,4.5,299,28.6139,77.209
2025-08-06T14:00,31.4,69,37.6,0.0,0.0,3,83,3.6,279,28.6139,77.209
2025-08-06T15:00,32.1,67,38.3,0.0,0.0,1,39,3.8,265,28.6139,77.209
2025-08-06T16:00,31.7,68,38.0,0.1,0.1,51,38,2.7,266,28.6139,77.209
2025-08-06T17:00,29.9,73,35.0,0.2,0.2,51,60,9.0,240,28.6139,77.209
2025-08-06T18:00,29.7,78,35.9,0.0,0.0,2,79,4.3,315,28.6139,77.209
2025-08-06T19:00,28.9,82,35.6,0.0,0.0,3,93,3.1,277,28.6139,77.209
2025-08-06T20:00,28.4,85,34.9,0.0,0.0,3,100,4.3,242,28.6139,77.209
2025-08-06T21:00,28.2,87,35.0,0.0,0.0,3,100,3.2,254,28.6139,77.209
2025-08-06T22:00,28.0,88,34.9,0.0,0.0,3,100,2.4,222,28.6139,77.209
2025-08-06T23:00,27.7,88,34.1,0.0,0.0,3,100,3.8,229,28.6139,77.209
2025-08-07T00:00,27.5,86,33.5,0.0,0.0,3,89,4.2,220,28.6139,77.209
2025-08-07T01:00,27.2,87,33.1,0.0,0.0,2,74,4.3,208,28.6139,77.209
2025-08-07T02:00,27.0,86,32.6,0.0,0.0,3,87,5.7,233,28.6139,77.209
2025-08-07T03:00,26.8,84,31.8,0.0,0.0,3,81,6.8,267,28.6139,77.209
2025-08-07T04:00,26.4,82,30.8,0.0,0.0,0,6,7.2,271,28.6139,77.209
2025-08-07T05:00,26.0,81,30.0,0.0,0.0,1,37,7.4,270,28.6139,77.209
2025-08-07T06:00,27.3,78,31.5,0.0,0.0,0,5,9.8,277,28.6139,77.209
2025-08-07T07:00,28.0,77,32.4,0.0,0.0,0,6,10.2,279,28.6139,77.209
2025-08-07T08:00,29.1,75,33.9,0.0,0.0,0,1,9.8,276,28.6139,77.209
2025-08-07T09:00,30.5,71,35.6,0.0,0.0,0,1,9.7,280,28.6139,77.209
2025-08-07T10:00,31.8,67,37.5,0.0,0.0,0,9,11.0,284,28.6139,77.209
2025-08-07T11:00,32.8,59,38.2,0.0,0.0,0,13,11.5,295,28.6139,77.209
2025-08-07T12:00,33.4,57,39.2,0.0,0.0,0,10,11.1,292,28.6139,77.209
2025-08-07T13:00,33.7,56,39.6,0.0,0.0,3,81,11.1,283,28.6139,77.209
2025-08-07T14:00,33.9,56,39.3,0.0,0.0,2,62,11.8,277,28.6139,77.209
2025-08-07T15:00,33.8,56,38.4,0.0,0.0,1,32,12.2,278,28.6139,77.209
2025-08-07T16:00,33.5,57,37.6,0.0,0.0,2,53,12.8,281,28.6139,77.209
2025-08-07T17:00,32.7,62,37.6,0.0,0.0,2,62,10.0,278,28.6139,77.209
2025-08-07T18:00,31.4,69,37.1,0.0,0.0,2,70,6.3,290,28.6139,77.209
2025-08-07T19:00,30.3,73,36.0,0.0,0.0,1,31,6.7,278,28.6139,77.209
2025-08-07T20:00,29.7,75,35.4,0.0,0.0,2,69,6.0,275,28.6139,77.209
2025-08-07T21:00,29.2,78,35.0,0.0,0.0,1,41,5.3,242,28.6139,77.209
2025-08-07T22:00,28.8,78,34.3,0.0,0.0,3,92,6.4,254,28.6139,77.209
2025-08-07T23:00,28.4,77,33.5,0.0,0.0,0,2,6.9,263,28.6139,77.209
2025-08-08T00:00,27.9,77,32.6,0.0,0.0,0,10,7.7,252,28.6139,77.209
2025-08-08T01:00,27.6,78,32.1,0.0,0.0,1,31,8.0,254,28.6139,77.209
2025-08-08T02:00,27.3,79,31.8,0.0,0.0,2,54,7.7,252,28.6139,77.209
2025-08-08T03:00,27.1,77,31.1,0.0,0.0,1,47,9.1,261,28.6139,77.209
2025-08-08T04:00,26.8,77,30.4,0.0,0.0,0,13,9.5,268,28.6139,77.209
2025-08-08T05:00,26.4,77,30.1,0.0,0.0,1,22,8.3,264,28.6139,77.209
2025-08-08T06:00,27.9,72,31.2,0.0,0.0,0,17,11.9,271,28.6139,77.209
2025-08-08T07:00,28.4,71,31.9,0.0,0.0,3,99,11.9,269,28.6139,77.209
2025-08-08T08:00,29.4,70,33.8,0.0,0.0,3,98,9.4,273,28.6139,77.209
2025-08-08T09:00,30.5,67,34.9,0.0,0.0,3,99,10.2,283,28.6139,77.209
2025-08-08T10:00,31.5,64,36.0,0.0,0.0,3,100,10.3,282,28.6139,77.209
2025-08-08T11:00,31.8,64,36.6,0.0,0.0,3,100,9.2,277,28.6139,77.209
2025-08-08T12:00,32.0,65,37.2,0.0,0.0,3,100,8.1,266,28.6139,77.209
2025-08-08T13:00,32.8,61,37.9,0.0,0.0,3,100,8.3,276,28.6139,77.209
2025-08-08T14:00,33.1,58,37.8,0.0,0.0,3,100,7.9,287,28.6139,77.209
2025-08-08T15:00,33.0,58,37.9,0.0,0.0,3,100,6.3,297,28.6139,77.209
2025-08-08T16:00,32.8,61,38.3,0.0,0.0,3,100,4.5,310,28.6139,77.209
2025-08-08T17:00,32.6,62,38.5,0.0,0.0,3,100,3.0,295,28.6139,77.209
2025-08-08T18:00,32.3,63,38.0,0.0,0.0,3,100,3.3,324,28.6139,77.209
2025-08-08T19:00,30.9,72,37.4,0.0,0.0,3,100,2.1,38,28.6139,77.209
2025-08-08T20:00,30.0,76,36.4,0.0,0.0,3,100,3.9,74,28.6139,77.209
2025-08-08T21:00,29.5,79,36.0,0.0,0.0,3,100,3.3,126,28.6139,77.209
2025-08-08T22:00,29.1,79,35.1,0.0,0.0,3,100,5.0,134,28.6139,77.209
2025-08-08T23:00,28.3,84,34.0,0.0,0.0,3,100,7.5,125,28.6139,77.209
2025-08-09T00:00,27.8,88,34.0,0.0,0.0,3,100,5.4,120,28.6139,77.209
2025-08-09T01:00,27.7,88,34.1,0.0,0.0,3,100,4.7,137,28.6139,77.209
2025-08-09T02:00,27.6,88,33.8,0.0,0.0,3,100,5.9,157,28.6139,77.209
2025-08-09T03:00,27.5,87,33.7,0.0,0.0,3,100,4.7,187,28.6139,77.209
2025-08-09T04:00,27.2,88,33.5,0.0,0.0,3,100,3.3,158,28.6139,77.209
2025-08-09T05:00,27.1,88,33.1,0.0,0.0,3,100,5.0,136,28.6139,77.209
2025-08-09T06:00,27.2,85,32.5,0.1,0.1,51,100,7.2,288,28.6139,77.209
2025-08-09T07:00,27.7,82,33.5,0.0,0.0,3,100,3.3,311,28.6139,77.209
2025-08-09T08:00,27.6,83,33.6,0.0,0.0,3,100,2.7,94,28.6139,77.209
2025-08-09T09:00,26.9,90,33.0,4.5,4.5,63,100,4.9,57,28.6139,77.209
2025-08-09T10:00,26.1,91,31.5,3.5,3.5,63,100,7.2,341,28.6139,77.209
2025-08-09T11:00,27.6,85,33.7,0.7,0.7,53,100,3.0,287,28.6139,77.209
2025-08-09T12:00,28.6,79,34.6,0.0,0.0,3,100,3.9,294,28.6139,77.209
2025-08-09T13:00,29.4,77,35.6,0.0,0.0,3,97,3.3,311,28.6139,77.209
2025-08-09T14:00,30.2,74,36.4,0.1,0.1,51,64,3.0,303,28.6139,77.209
2025-08-09T15:00,30.5,72,36.3,0.0,0.0,3,82,5.9,284,28.6139,77.209
2025-08-09T16:00,30.5,72,36.2,0.0,0.0,3,100,6.0,286,28.6139,77.209
2025-08-09T17:00,30.4,73,36.3,0.0,0.0,3,100,5.7,314,28.6139,77.209
2025-08-09T18:00,27.6,83,33.4,0.0,0.0,1,49,4.0,324,28.6139,77.209
2025-08-09T19:00,26.9,88,32.9,0.0,0.0,2,62,3.2,326,28.6139,77.209
2025-08-09T20:00,26.7,89,32.8,0.0,0.0,2,55,2.8,349,28.6139,77.209
2025-08-09T21:00,26.6,89,32.6,0.0,0.0,2,53,2.8,315,28.6139,77.209
2025-08-09T22:00,26.4,90,32.4,0.0,0.0,1,46,2.6,286,28.6139,77.209
2025-08-09T23:00,26.2,91,32.3,0.0,0.0,1,20,2.2,279,28.6139,77.209
2025-08-10T00:00,25.9,92,32.1,0.0,0.0,3,100,1.8,246,28.6139,77.209
2025-08-10T01:00,26.1,92,32.3,0.0,0.0,3,100,1.8,270,28.6139,77.209
2025-08-10T02:00,26.1,92,32.4,0.0,0.0,3,100,2.0,297,28.6139,77.209
2025-08-10T03:00,26.1,93,32.5,0.0,0.0,3,88,1.7,58,28.6139,77.209
2025-08-10T04:00,26.1,91,32.0,0.1,0.1,51,100,3.1,54,28.6139,77.209
2025-08-10T05:00,25.9,91,31.9,0.4,0.4,51,100,2.3,342,28.6139,77.209
2025-08-10T06:00,26.6,92,33.2,0.1,0.1,51,59,2.3,288,28.6139,77.209
2025-08-10T07:00,27.2,89,33.7,0.0,0.0,1,29,2.6,348,28.6139,77.209
2025-08-10T08:00,28.2,86,34.9,0.0,0.0,3,100,2.7,8,28.6139,77.209
2025-08-10T09:00,29.0,83,35.8,0.1,0.1,51,45,3.5,21,28.6139,77.209
2025-08-10T10:00,30.0,78,36.8,0.1,0.1,51,100,2.9,349,28.6139,77.209
2025-08-10T11:00,31.0,75,38.7,0.2,0.2,51,57,3.1,336,28.6139,77.209
2025-08-10T12:00,31.5,73,39.9,0.2,0.2,51,30,3.6,327,28.6139,77.209
2025-08-10T13:00,31.9,72,40.4,0.2,0.2,51,43,3.4,302,28.6139,77.209
2025-08-10T14:00,32.1,72,39.9,0.2,0.2,51,74,4.5,299,28.6139,77.209
2025-08-10T15:00,32.1,70,38.7,0.1,0.1,51,92,5.7,311,28.6139,77.209
2025-08-10T16:00,32.1,69,38.4,0.0,0.0,3,88,5.9,310,28.6139,77.209
2025-08-10T17:00,31.9,72,38.5,0.0,0.0,3,98,5.4,312,28.6139,77.209
2025-08-10T18:00,30.8,75,37.6,0.0,0.0,3,94,3.9,286,28.6139,77.209
2025-08-10T19:00,30.0,81,37.2,0.0,0.0,3,91,2.9,270,28.6139,77.209
2025-08-10T20:00,29.4,84,36.6,0.0,0.0,3,100,2.3,238,28.6139,77.209
2025-08-10T21:00,28.8,85,35.9,0.0,0.0,2,59,2.3,203,28.6139,77.209
2025-08-10T22:00,28.3,87,35.2,0.0,0.0,3,95,2.8,195,28.6139,77.209
2025-08-10T23:00,28.0,87,34.5,0.0,0.0,2,52,3.4,180,28.6139,77.209
2025-08-11T00:00,27.9,83,33.7,0.0,0.0,2,79,5.3,218,28.6139,77.209
2025-08-11T01:00,27.6,83,33.3,0.0,0.0,3,99,4.1,221,28.6139,77.209
2025-08-11T02:00,27.4,82,32.7,0.0,0.0,3,100,5.5,224,28.6139,77.209
2025-08-11T03:00,27.1,83,32.4,0.0,0.0,3,100,5.3,232,28.6139,77.209
2025-08-11T04:00,26.8,84,31.9,0.0,0.0,3,100,6.0,241,28.6139,77.209
2025-08-11T05:00,26.6,84,31.6,0.0,0.0,3,99,5.9,250,28.6139,77.209
2025-08-11T06:00,28.2,80,32.9,0.0,0.0,3,100,10.7,275,28.6139,77.209
2025-08-11T07:00,28.6,79,33.4,0.0,0.0,3,100,11.0,273,28.6139,77.209
2025-08-11T08:00,29.5,77,34.8,0.0,0.0,3,100,9.6,257,28.6139,77.209
2025-08-11T09:00,30.6,72,35.8,0.0,0.0,3,100,10.4,269,28.6139,77.209
2025-08-11T10:00,31.5,68,36.5,0.0,0.0,3,100,11.3,279,28.6139,77.209
2025-08-11T11:00,32.6,65,38.6,0.0,0.0,3,100,10.7,286,28.6139,77.209
2025-08-11T12:00,33.3,63,39.8,0.0,0.0,3,100,9.7,292,28.6139,77.209
2025-08-11T13:00,33.6,63,40.0,0.0,0.0,3,100,10.1,297,28.6139,77.209
2025-08-11T14:00,33.9,60,39.8,0.0,0.0,3,100,10.0,300,28.6139,77.209
2025-08-11T15:00,32.9,64,38.5,0.0,0.0,3,100,8.4,305,28.6139,77.209
2025-08-11T16:00,32.7,64,38.6,0.0,0.0,3,100,5.0,305,28.6139,77.209
2025-08-11T17:00,31.8,73,39.1,0.0,0.0,3,100,2.3,337,28.6139,77.209
2025-08-11T18:00,30.5,81,37.8,0.1,0.1,51,100,4.2,108,28.6139,77.209
2025-08-11T19:00,29.5,87,36.7,0.1,0.1,51,100,6.6,158,28.6139,77.209
2025-08-11T20:00,28.6,91,36.5,0.1,0.1,51,100,0.9,11,28.6139,77.209
2025-08-11T21:00,28.0,93,34.9,1.3,1.3,61,100,6.8,145,28.6139,77.209
2025-08-11T22:00,28.0,92,34.7,0.0,0.0,3,100,8.0,172,28.6139,77.209
2025-08-11T23:00,27.8,92,34.4,0.0,0.0,3,100,7.2,181,28.6139,77.209
2025-08-12T00:00,27.5,90,33.5,0.0,0.0,3,100,7.4,177,28.6139,77.209
2025-08-12T01:00,27.2,89,32.9,0.0,0.0,3,100,7.8,187,28.6139,77.209
2025-08-12T02:00,27.1,88,32.9,0.3,0.3,51,100,6.5,175,28.6139,77.209
2025-08-12T03:00,26.9,89,32.9,0.0,0.0,3,100,5.0,199,28.6139,77.209
2025-08-12T04:00,26.7,91,33.0,0.0,0.0,3,100,3.6,229,28.6139,77.209
2025-08-12T05:00,26.7,92,33.3,0.0,0.0,3,100,1.8,191,28.6139,77.209
2025-08-12T06:00,27.1,84,32.3,0.0,0.0,3,100,7.1,249,28.6139,77.209
2025-08-12T07:00,27.1,82,32.0,0.2,0.2,51,100,7.1,260,28.6139,77.209
2025-08-12T08:00,26.9,85,31.8,1.1,1.1,55,100,8.2,232,28.6139,77.209
2025-08-12T09:00,26.3,91,31.2,1.2,1.2,55,100,11.4,235,28.6139,77.209
2025-08-12T10:00,27.3,87,32.8,1.1,1.1,55,100,7.9,266,28.6139,77.209
2025-08-12T11:00,29.5,77,35.3,0.0,0.0,1,43,6.0,287,28.6139,77.209
2025-08-12T12:00,31.2,71,38.0,0.0,0.0,1,26,5.9,284,28.6139,77.209
2025-08-12T13:00,32.2,67,39.9,0.0,0.0,0,16,6.2,296,28.6139,77.209
2025-08-12T14:00,33.0,63,40.2,0.0,0.0,3,100,6.4,286,28.6139,77.209
2025-08-12T15:00,33.3,62,39.5,0.0,0.0,3,98,7.2,284,28.6139,77.209
2025-08-12T16:00,32.9,63,38.2,0.0,0.0,1,24,8.8,289,28.6139,77.209
2025-08-12T17:00,32.3,65,37.8,0.0,0.0,1,47,7.6,289,28.6139,77.209
2025-08-12T18:00,31.4,73,38.3,0.0,0.0,3,100,3.1,306,28.6139,77.209
2025-08-12T19:00,30.6,76,37.4,0.0,0.0,3,100,3.5,291,28.6139,77.209
2025-08-12T20:00,30.1,79,37.0,0.0,0.0,3,100,3.4,288,28.6139,77.209
2025-08-12T21:00,29.6,82,36.7,0.0,0.0,3,100,2.8,259,28.6139,77.209
2025-08-12T22:00,29.2,83,36.2,0.0,0.0,3,100,2.4,234,28.6139,77.209
2025-08-12T23:00,28.6,84,35.2,0.0,0.0,3,100,4.4,210,28.6139,77.209
2025-08-13T00:00,28.2,85,34.4,0.0,0.0,3,100,5.1,219,28.6139,77.209
2025-08-13T01:00,27.8,87,34.3,0.0,0.0,3,100,3.6,243,28.6139,77.209
2025-08-13T02:00,27.6,87,33.8,0.0,0.0,3,100,4.6,259,28.6139,77.209
2025-08-13T03:00,27.3,88,33.3,0.0,0.0,3,100,5.6,264,28.6139,77.209
2025-08-13T04:00,27.1,87,32.7,0.0,0.0,3,100,6.2,249,28.6139,77.209
2025-08-13T05:00,26.9,85,32.1,0.0,0.0,3,98,7.1,249,28.6139,77.209
2025-08-13T06:00,28.0,87,34.1,0.0,0.0,3,97,7.4,269,28.6139,77.209
2025-08-13T07:00,28.7,84,34.9,0.0,0.0,3,100,7.3,261,28.6139,77.209
2025-08-13T08:00,29.4,78,35.1,0.0,0.0,3,100,7.7,269,28.6139,77.209
2025-08-13T09:00,30.3,71,35.6,0.0,0.0,3,100,7.7,273,28.6139,77.209
2025-08-13T10:00,31.4,67,36.7,0.0,0.0,3,100,8.5,282,28.6139,77.209
2025-08-13T11:00,32.4,64,38.7,0.0,0.0,3,100,8.3,292,28.6139,77.209
2025-08-13T12:00,32.6,62,37.9,0.0,0.0,3,100,8.5,287,28.6139,77.209
2025-08-13T13:00,33.0,60,38.5,0.0,0.0,3,100,7.6,277,28.6139,77.209
2025-08-13T14:00,33.4,59,38.5,0.0,0.0,3,100,7.9,270,28.6139,77.209
2025-08-13T15:00,33.4,59,38.6,0.0,0.0,3,100,6.8,272,28.6139,77.209
2025-08-13T16:00,33.3,59,38.4,0.0,0.0,3,100,6.3,275,28.6139,77.209
2025-08-13T17:00,32.8,62,38.5,0.0,0.0,3,100,4.5,236,28.6139,77.209
2025-08-13T18:00,32.1,66,38.0,0.0,0.0,3,100,4.6,318,28.6139,77.209
2025-08-13T19:00,31.1,73,37.8,0.0,0.0,3,100,3.0,327,28.6139,77.209
2025-08-13T20:00,30.6,74,37.0,0.0,0.0,3,100,4.0,36,28.6139,77.209
2025-08-13T21:00,30.3,78,37.3,0.0,0.0,3,100,2.9,47,28.6139,77.209
2025-08-13T22:00,30.2,77,37.0,0.0,0.0,3,100,2.2,114,28.6139,77.209
2025-08-13T23:00,29.3,79,35.4,0.0,0.0,3,100,4.6,135,28.6139,77.209
2025-08-14T00:00,29.0,80,35.1,0.0,0.0,3,100,5.1,148,28.6139,77.209
2025-08-14T01:00,28.5,82,34.6,0.0,0.0,3,99,5.0,150,28.6139,77.209
2025-08-14T02:00,28.2,83,34.2,0.0,0.0,3,99,5.7,127,28.6139,77.209
2025-08-14T03:00,27.9,85,33.8,0.0,0.0,3,100,6.0,119,28.6139,77.209
2025-08-14T04:00,27.5,88,33.5,0.0,0.0,3,100,6.1,137,28.6139,77.209
2025-08-14T05:00,27.1,90,33.1,0.0,0.0,3,100,5.4,132,28.6139,77.209
2025-08-14T06:00,26.9,92,33.1,2.5,2.5,63,100,5.3,152,28.6139,77.209
2025-08-14T07:00,26.4,96,32.6,1.3,1.3,61,100,6.8,143,28.6139,77.209
2025-08-14T08:00,26.7,95,33.6,1.1,1.1,55,100,2.5,135,28.6139,77.209
2025-08-14T09:00,27.6,92,34.2,0.4,0.4,51,100,6.4,117,28.6139,77.209
2025-08-14T10:00,28.5,85,34.7,0.0,0.0,3,100,7.5,111,28.6139,77.209
2025-08-14T11:00,28.9,84,35.4,0.1,0.1,51,100,5.1,117,28.6139,77.209
2025-08-14T12:00,29.6,80,35.9,0.1,0.1,51,100,5.7,108,28.6139,77.209
2025-08-14T13:00,28.5,79,33.9,0.8,0.8,53,100,7.5,117,28.6139,77.209
2025-08-14T14:00,27.7,87,33.8,1.1,1.1,55,100,5.4,111,28.6139,77.209
2025-08-14T15:00,28.1,87,34.7,0.6,0.6,53,100,3.3,81,28.6139,77.209
2025-08-14T16:00,29.0,81,35.3,0.2,0.2,51,100,5.0,46,28.6139,77.209
2025-08-14T17:00,28.5,84,34.7,0.0,0.0,3,100,6.0,39,28.6139,77.209
2025-08-14T18:00,28.2,87,34.9,0.0,0.0,3,100,3.9,34,28.6139,77.209
2025-08-14T19:00,27.5,90,33.9,0.0,0.0,1,46,4.4,35,28.6139,77.209
2025-08-14T20:00,27.1,92,33.7,0.0,0.0,2,79,3.1,54,28.6139,77.209
2025-08-14T21:00,26.8,93,33.5,0.0,0.0,3,97,2.8,75,28.6139,77.209
2025-08-14T22:00,26.6,94,33.3,0.0,0.0,1,30,2.6,106,28.6139,77.209
2025-08-14T23:00,26.3,95,33.0,0.0,0.0,0,11,2.1,105,28.6139,77.209
2025-08-15T00:00,26.3,95,32.8,0.0,0.0,1,27,3.5,118,28.6139,77.209
2025-08-15T01:00,26.2,95,32.5,0.0,0.0,1,47,4.3,114,28.6139,77.209
2025-08-15T02:00,26.1,95,32.2,0.0,0.0,1,30,4.4,109,28.6139,77.209
2025-08-15T03:00,25.8,95,31.8,0.0,0.0,2,53,5.1,80,28.6139,77.209
2025-08-15T04:00,25.6,96,31.4,0.0,0.0,0,7,5.2,70,28.6139,77.209
2025-08-15T05:00,25.3,97,31.2,0.0,0.0,0,18,4.4,63,28.6139,77.209
2025-08-15T06:00,26.0,94,31.6,2.0,2.0,61,69,7.0,86,28.6139,77.209
2025-08-15T07:00,26.5,93,32.6,0.3,0.3,51,45,5.4,105,28.6139,77.209
2025-08-15T08:00,27.6,89,34.3,0.1,0.1,51,50,2.6,115,28.6139,77.209
2025-08-15T09:00,29.0,84,35.9,0.1,0.1,51,88,4.0,122,28.6139,77.209
2025-08-15T10:00,29.9,80,37.2,0.3,0.3,51,100,3.1,135,28.6139,77.209
2025-08-15T11:00,30.5,77,38.1,0.3,0.3,51,99,2.8,153,28.6139,77.209
2025-08-15T12:00,31.4,72,39.2,0.1,0.1,51,48,3.3,234,28.6139,77.209
2025-08-15T13:00,31.5,72,39.8,0.1,0.1,51,70,0.0,270,28.6139,77.209
2025-08-15T14:00,31.7,72,39.0,0.1,0.1,51,100,0.7,14,28.6139,77.209
2025-08-15T15:00,31.4,75,38.5,0.2,0.2,51,98,3.4,74,28.6139,77.209
2025-08-15T16:00,31.1,77,38.4,0.1,0.1,51,58,2.5,86,28.6139,77.209
2025-08-15T17:00,30.5,77,37.2,0.9,0.9,53,68,5.0,92,28.6139,77.209
2025-08-15T18:00,29.8,83,37.0,0.0,0.0,2,71,3.1,54,28.6139,77.209
2025-08-15T19:00,28.9,87,36.0,0.0,0.0,3,80,3.7,61,28.6139,77.209
2025-08-15T20:00,28.5,89,35.7,0.0,0.0,3,85,3.1,77,28.6139,77.209
2025-08-15T21:00,28.3,88,35.0,0.0,0.0,2,60,4.3,135,28.6139,77.209
2025-08-15T22:00,27.8,89,34.4,0.0,0.0,1,40,4.9,152,28.6139,77.209
2025-08-15T23:00,27.5,91,34.1,0.0,0.0,1,24,5.1,153,28.6139,77.209
2025-08-16T00:00,27.3,92,33.9,0.0,0.0,0,19,4.7,140,28.6139,77.209
2025-08-16T01:00,27.0,94,33.7,0.0,0.0,1,40,4.8,119,28.6139,77.209
2025-08-16T02:00,26.8,96,33.5,0.0,0.0,3,99,5.2,104,28.6139,77.209
2025-08-16T03:00,26.7,97,33.3,0.0,0.0,3,97,5.4,88,28.6139,77.209
2025-08-16T04:00,26.5,97,33.3,0.0,0.0,3,98,4.2,80,28.6139,77.209
2025-08-16T05:00,26.4,97,33.1,0.0,0.0,1,32,3.6,96,28.6139,77.209
2025-08-16T06:00,27.3,96,34.2,0.0,0.0,3,98,5.9,121,28.6139,77.209
2025-08-16T07:00,28.1,93,35.4,0.0,0.0,3,100,4.5,119,28.6139,77.209
2025-08-16T08:00,28.9,89,36.3,0.0,0.0,3,99,4.1,105,28.6139,77.209
2025-08-16T09:00,30.1,81,36.9,0.2,0.2,51,100,6.7,121,28.6139,77.209
2025-08-16T10:00,29.5,81,36.3,3.1,3.1,63,99,3.2,153,28.6139,77.209
2025-08-16T11:00,28.3,85,34.2,0.5,0.5,53,100,8.3,138,28.6139,77.209
2025-08-16T12:00,29.0,84,35.9,0.1,0.1,51,100,3.2,87,28.6139,77.209
2025-08-16T13:00,30.5,77,37.7,0.1,0.1,51,100,3.0,128,28.6139,77.209
2025-08-16T14:00,30.8,74,37.6,0.1,0.1,51,100,2.6,141,28.6139,77.209
2025-08-16T15:00,31.2,73,38.1,0.0,0.0,3,100,2.2,99,28.6139,77.209
2025-08-16T16:00,31.1,74,37.8,0.0,0.0,3,100,3.8,41,28.6139,77.209
2025-08-16T17:00,30.9,75,37.6,0.0,0.0,3,100,4.0,51,28.6139,77.209
2025-08-16T18:00,29.9,83,36.9,0.0,0.0,3,97,6.3,27,28.6139,77.209
2025-08-16T19:00,28.7,87,35.4,0.0,0.0,3,100,6.2,64,28.6139,77.209
2025-08-16T20:00,28.3,88,35.0,0.0,0.0,3,100,5.0,75,28.6139,77.209
2025-08-16T21:00,28.2,90,35.0,0.0,0.0,3,100,5.8,85,28.6139,77.209
2025-08-16T22:00,28.1,91,34.9,0.0,0.0,3,88,6.0,87,28.6139,77.209
2025-08-16T23:00,27.9,91,34.7,0.0,0.0,2,59,6.0,87,28.6139,77.209
2025-08-17T00:00,27.7,91,34.2,0.0,0.0,2,61,6.3,90,28.6139,77.209
2025-08-17T01:00,27.5,91,34.0,0.0,0.0,3,87,5.8,90,28.6139,77.209
2025-08-17T02:00,27.4,91,33.9,0.0,0.0,3,91,5.6,97,28.6139,77.209
2025-08-17T03:00,27.3,92,33.7,0.0,0.0,3,100,5.8,104,28.6139,77.209
2025-08-17T04:00,27.3,92,33.9,0.1,0.1,51,93,5.2,110,28.6139,77.209
2025-08-17T05:00,27.3,92,33.9,0.2,0.2,51,76,5.1,96,28.6139,77.209
2025-08-17T06:00,27.7,93,34.5,0.0,0.0,3,100,5.6,68,28.6139,77.209
2025-08-17T07:00,28.0,92,35.0,0.0,0.0,3,100,5.9,59,28.6139,77.209
2025-08-17T08:00,28.1,92,35.0,0.0,0.0,3,97,6.8,73,28.6139,77.209
2025-08-17T09:00,29.7,85,36.8,0.0,0.0,3,83,5.6,65,28.6139,77.209
2025-08-17T10:00,31.2,78,38.5,0.1,0.1,51,99,7.2,102,28.6139,77.209
2025-08-17T11:00,32.0,74,39.2,0.0,0.0,3,100,8.7,107,28.6139,77.209
2025-08-17T12:00,28.6,85,34.3,3.1,3.1,63,100,10.3,101,28.6139,77.209
2025-08-17T13:00,28.8,85,35.4,0.1,0.1,51,100,4.8,77,28.6139,77.209
2025-08-17T14:00,30.6,80,38.0,0.0,0.0,3,92,4.5,61,28.6139,77.209
2025-08-17T15:00,31.5,76,38.6,0.0,0.0,2,70,5.9,59,28.6139,77.209
2025-08-17T16:00,31.6,75,38.6,0.0,0.0,3,86,5.5,67,28.6139,77.209
2025-08-17T17:00,31.4,74,37.8,0.0,0.0,3,98,7.8,75,28.6139,77.209
2025-08-17T18:00,30.3,80,37.0,0.0,0.0,3,95,7.2,87,28.6139,77.209
2025-08-17T19:00,29.3,85,36.1,0.0,0.0,3,100,6.1,88,28.6139,77.209
2025-08-17T20:00,28.7,89,36.0,0.0,0.0,3,100,4.3,68,28.6139,77.209
2025-08-17T21:00,28.4,91,35.8,0.0,0.0,3,100,4.0,60,28.6139,77.209
2025-08-17T22:00,28.2,92,35.4,0.0,0.0,3,84,5.2,70,28.6139,77.209
2025-08-17T23:00,28.2,92,35.1,0.0,0.0,2,50,6.5,76,28.6139,77.209
2025-08-18T00:00,28.0,91,34.6,0.0,0.0,3,100,7.0,80,28.6139,77.209
2025-08-18T01:00,27.8,92,34.3,0.0,0.0,3,100,6.8,87,28.6139,77.209
2025-08-18T02:00,27.6,92,34.0,0.0,0.0,3,100,7.3,101,28.6139,77.209
2025-08-18T03:00,27.4,93,33.7,0.0,0.0,1,25,8.6,106,28.6139,77.209
2025-08-18T04:00,27.3,93,33.7,0.0,0.0,1,22,7.2,108,28.6139,77.209
2025-08-18T05:00,27.2,94,33.4,0.0,0.0,1,37,8.1,103,28.6139,77.209
2025-08-18T06:00,27.9,90,34.1,0.0,0.0,2,61,9.2,113,28.6139,77.209
2025-08-18T07:00,28.5,90,35.3,0.0,0.0,3,86,7.6,93,28.6139,77.209
2025-08-18T08:00,27.5,87,32.2,5.4,5.4,63,93,14.2,102,28.6139,77.209
2025-08-18T09:00,28.1,89,34.5,3.0,3.0,63,82,6.9,75,28.6139,77.209
2025-08-18T10:00,29.7,83,36.2,0.1,0.1,51,32,8.8,91,28.6139,77.209
2025-08-18T11:00,31.0,76,38.0,0.1,0.1,51,66,10.3,96,28.6139,77.209
2025-08-18T12:00,31.4,74,39.0,0.1,0.1,51,99,9.4,97,28.6139,77.209
2025-08-18T13:00,31.6,72,38.9,0.2,0.2,51,100,8.7,85,28.6139,77.209
2025-08-18T14:00,31.7,71,38.2,0.1,0.1,51,92,9.0,75,28.6139,77.209
2025-08-18T15:00,31.8,69,37.5,0.0,0.0,0,6,10.0,83,28.6139,77.209
2025-08-18T16:00,31.7,69,37.2,0.0,0.0,0,4,9.4,82,28.6139,77.209
2025-08-18T17:00,31.1,72,37.0,0.0,0.0,1,33,8.5,73,28.6139,77.209
2025-08-18T18:00,30.6,77,37.1,0.0,0.0,2,60,5.6,75,28.6139,77.209
2025-08-18T19:00,29.5,81,35.8,0.0,0.0,1,30,7.1,75,28.6139,77.209
2025-08-18T20:00,28.8,82,34.8,0.0,0.0,1,37,7.2,84,28.6139,77.209
2025-08-18T21:00,28.5,85,34.7,0.0,0.0,2,59,6.1,93,28.6139,77.209
2025-08-18T22:00,28.2,87,34.5,0.0,0.0,3,88,6.5,84,28.6139,77.209
2025-08-18T23:00,28.0,89,34.2,0.0,0.0,1,24,7.6,91,28.6139,77.209
2025-08-19T00:00,27.7,89,33.6,0.0,0.0,1,31,8.3,104,28.6139,77.209
2025-08-19T01:00,27.3,89,33.1,0.0,0.0,2,65,7.3,99,28.6139,77.209
2025-08-19T02:00,27.1,89,32.8,0.0,0.0,2,69,7.2,96,28.6139,77.209
2025-08-19T03:00,26.9,90,32.8,0.0,0.0,0,1,6.0,87,28.6139,77.209
2025-08-19T04:00,26.8,91,32.7,0.0,0.0,0,0,6.0,83,28.6139,77.209
2025-08-19T05:00,26.6,92,32.4,0.0,0.0,0,0,6.9,97,28.6139,77.209
2025-08-19T06:00,27.9,89,34.3,0.0,0.0,0,12,5.6,90,28.6139,77.209
2025-08-19T07:00,28.7,89,35.6,0.0,0.0,0,8,6.5,87,28.6139,77.209
2025-08-19T08:00,29.8,84,36.6,0.1,0.1,51,7,7.7,89,28.6139,77.209
2025-08-19T09:00,30.7,80,37.4,0.2,0.2,51,10,8.4,100,28.6139,77.209
2025-08-19T10:00,31.9,72,38.9,0.1,0.1,51,11,7.9,107,28.6139,77.209
2025-08-19T11:00,29.4,80,36.1,4.6,4.6,63,84,9.9,117,28.6139,77.209
2025-08-19T12:00,30.9,72,37.6,0.1,0.1,51,100,6.5,141,28.6139,77.209
2025-08-19T13:00,31.1,69,36.9,0.2,0.2,51,89,11.6,114,28.6139,77.209
2025-08-19T14:00,31.2,72,38.0,0.1,0.1,51,87,5.2,86,28.6139,77.209
2025-08-19T15:00,31.6,70,37.7,0.0,0.0,3,100,5.2,61,28.6139,77.209
2025-08-19T16:00,31.5,69,37.4,0.0,0.0,3,86,6.4,54,28.6139,77.209
2025-08-19T17:00,31.1,70,36.6,0.0,0.0,1,43,7.7,66,28.6139,77.209
2025-08-19T18:00,29.5,81,35.6,0.0,0.0,1,31,7.9,41,28.6139,77.209
2025-08-19T19:00,28.9,85,35.2,0.0,0.0,0,11,7.5,48,28.6139,77.209
2025-08-19T20:00,28.7,86,35.1,0.0,0.0,0,0,7.1,63,28.6139,77.209
2025-08-19T21:00,28.6,87,35.0,0.0,0.0,0,3,7.3,74,28.6139,77.209
2025-08-19T22:00,28.4,87,34.8,0.0,0.0,0,2,7.4,90,28.6139,77.209
2025-08-19T23:00,28.3,86,34.2,0.0,0.0,0,3,8.6,106,28.6139,77.209
2025-08-20T00:00,27.9,85,33.5,0.0,0.0,0,18,8.6,110,28.6139,77.209
2025-08-20T01:00,27.5,86,33.0,0.0,0.0,1,22,8.5,103,28.6139,77.209
2025-08-20T02:00,27.3,87,32.8,0.0,0.0,0,7,7.9,102,28.6139,77.209
2025-08-20T03:00,27.0,89,32.7,0.0,0.0,0,5,6.9,99,28.6139,77.209
2025-08-20T04:00,26.8,90,32.5,0.0,0.0,0,9,6.7,90,28.6139,77.209
2025-08-20T05:00,26.8,90,32.4,0.0,0.0,0,6,7.5,98,28.6139,77.209
2025-08-20T06:00,27.8,88,33.7,1.3,1.3,61,69,8.9,118,28.6139,77.209
2025-08-20T07:00,27.8,90,33.7,1.7,1.7,61,97,10.0,111,28.6139,77.209
2025-08-20T08:00,28.2,86,33.9,1.0,1.0,55,100,10.0,116,28.6139,77.209
2025-08-20T09:00,28.6,83,34.2,0.9,0.9,53,99,9.5,105,28.6139,77.209
2025-08-20T10:00,30.1,75,35.3,0.1,0.1,51,100,10.7,104,28.6139,77.209
2025-08-20T11:00,30.7,71,35.9,0.1,0.1,51,100,11.8,99,28.6139,77.209
2025-08-20T12:00,31.6,67,37.6,0.1,0.1,51,100,11.2,96,28.6139,77.209
2025-08-20T13:00,32.3,63,37.9,0.1,0.1,51,100,11.2,91,28.6139,77.209
2025-08-20T14:00,32.6,62,38.1,0.1,0.1,51,100,11.0,87,28.6139,77.209
2025-08-20T15:00,32.7,61,37.2,0.1,0.1,51,100,12.1,86,28.6139,77.209
2025-08-20T16:00,31.4,68,36.2,0.1,0.1,51,100,12.3,84,28.6139,77.209
2025-08-20T17:00,30.8,73,36.4,0.0,0.0,2,53,10.0,82,28.6139,77.209
2025-08-20T18:00,31.0,69,36.0,0.0,0.0,1,41,10.5,84,28.6139,77.209
2025-08-20T19:00,29.8,77,35.2,0.0,0.0,0,12,10.3,88,28.6139,77.209
2025-08-20T20:00,29.4,79,34.7,0.0,0.0,0,18,10.9,99,28.6139,77.209
2025-08-20T21:00,29.0,82,34.7,0.0,0.0,0,16,9.3,98,28.6139,77.209
2025-08-20T22:00,28.6,84,34.7,0.0,0.0,0,9,7.4,94,28.6139,77.209
2025-08-20T23:00,28.3,87,34.5,0.0,0.0,0,18,7.3,97,28.6139,77.209
2025-08-21T00:00,28.0,88,34.3,0.0,0.0,1,28,6.9,95,28.6139,77.209
2025-08-21T01:00,27.8,89,34.0,0.0,0.0,1,33,7.6,78,28.6139,77.209
2025-08-21T02:00,27.4,90,33.6,0.6,0.6,53,51,6.9,70,28.6139,77.209
2025-08-21T03:00,26.0,97,32.1,11.0,11.0,65,100,6.3,173,28.6139,77.209
2025-08-21T04:00,25.7,98,31.5,0.4,0.4,51,100,8.3,60,28.6139,77.209
2025-08-21T05:00,25.6,96,31.2,0.5,0.5,53,100,7.4,49,28.6139,77.209
2025-08-21T06:00,26.3,90,31.6,0.0,0.0,3,100,7.3,59,28.6139,77.209
2025-08-21T07:00,27.3,87,33.0,0.0,0.0,3,99,6.2,60,28.6139,77.209
2025-08-21T08:00,28.8,81,34.4,0.0,0.0,3,97,8.2,82,28.6139,77.209
2025-08-21T09:00,30.3,73,35.5,0.0,0.0,3,93,9.6,94,28.6139,77.209
2025-08-21T10:00,31.6,65,36.4,0.0,0.0,2,75,12.8,94,28.6139,77.209
2025-08-21T11:00,32.3,62,37.6,0.0,0.0,3,85,12.2,103,28.6139,77.209
2025-08-21T12:00,32.9,60,38.9,0.1,0.1,51,79,10.9,112,28.6139,77.209
2025-08-21T13:00,33.2,60,39.4,0.2,0.2,51,71,8.9,109,28.6139,77.209
2025-08-21T14:00,33.6,58,39.4,0.1,0.1,51,40,7.5,101,28.6139,77.209
2025-08-21T15:00,33.1,60,38.4,0.0,0.0,2,56,7.6,112,28.6139,77.209
2025-08-21T16:00,31.6,65,37.0,0.8,0.8,53,99,5.9,113,28.6139,77.209
2025-08-21T17:00,31.3,66,37.1,0.1,0.1,51,98,2.9,79,28.6139,77.209
2025-08-21T18:00,31.2,70,37.5,0.0,0.0,1,30,3.4,122,28.6139,77.209
2025-08-21T19:00,30.7,79,38.3,0.0,0.0,1,27,1.1,90,28.6139,77.209
2025-08-21T20:00,30.3,78,37.2,0.0,0.0,0,13,3.2,133,28.6139,77.209
2025-08-21T21:00,29.6,83,36.8,0.0,0.0,0,15,3.0,147,28.6139,77.209
2025-08-21T22:00,29.1,88,36.8,0.0,0.0,0,5,1.8,174,28.6139,77.209
2025-08-21T23:00,28.8,90,36.7,0.0,0.0,0,2,0.9,191,28.6139,77.209
2025-08-22T00:00,28.6,90,36.3,0.0,0.0,0,5,1.8,96,28.6139,77.209
2025-08-22T01:00,28.4,89,35.6,0.0,0.0,0,4,3.7,51,28.6139,77.209
2025-08-22T02:00,28.0,89,34.5,0.0,0.0,0,4,6.5,82,28.6139,77.209
2025-08-22T03:00,27.4,89,33.3,0.2,0.2,51,85,6.7,106,28.6139,77.209
2025-08-22T04:00,25.6,94,30.9,2.0,2.0,61,100,7.4,103,28.6139,77.209
2025-08-22T05:00,25.3,94,31.0,0.0,0.0,3,99,3.8,149,28.6139,77.209
2025-08-22T06:00,27.9,89,35.2,0.1,0.1,51,100,0.2,90,28.6139,77.209
2025-08-22T07:00,28.6,84,35.0,0.1,0.1,51,100,4.4,300,28.6139,77.209
2025-08-22T08:00,29.3,80,36.3,0.5,0.5,53,100,0.2,90,28.6139,77.209
2025-08-22T09:00,30.7,75,37.8,0.0,0.0,3,100,0.9,127,28.6139,77.209
2025-08-22T10:00,32.1,68,39.1,0.0,0.0,3,100,2.5,135,28.6139,77.209
2025-08-22T11:00,33.3,61,40.5,0.0,0.0,3,100,4.0,129,28.6139,77.209
2025-08-22T12:00,34.1,57,41.2,0.0,0.0,3,100,4.0,117,28.6139,77.209
2025-08-22T13:00,34.2,55,40.1,0.0,0.0,3,100,5.0,103,28.6139,77.209
2025-08-22T14:00,34.0,55,39.2,0.0,0.0,3,100,4.2,80,28.6139,77.209
2025-08-22T15:00,34.1,54,39.2,0.0,0.0,3,95,4.1,45,28.6139,77.209
2025-08-22T16:00,33.8,55,39.1,0.0,0.0,3,96,2.8,297,28.6139,77.209
2025-08-22T17:00,33.1,57,38.6,0.0,0.0,3,98,1.6,243,28.6139,77.209
2025-08-22T18:00,31.5,70,37.3,0.0,0.0,3,100,7.6,181,28.6139,77.209
2025-08-22T19:00,30.5,76,36.9,0.0,0.0,3,100,6.0,187,28.6139,77.209
2025-08-22T20:00,30.1,78,36.8,0.0,0.0,3,100,3.6,210,28.6139,77.209
2025-08-22T21:00,29.5,82,36.4,0.0,0.0,3,100,3.7,157,28.6139,77.209
2025-08-22T22:00,29.1,83,35.3,0.4,0.4,51,100,7.3,128,28.6139,77.209
2025-08-22T23:00,28.6,87,35.3,0.0,0.0,3,100,6.0,123,28.6139,77.209
2025-08-23T00:00,28.3,86,34.4,0.3,0.3,51,100,7.3,113,28.6139,77.209
2025-08-23T01:00,27.9,89,34.2,0.0,0.0,3,99,6.2,112,28.6139,77.209
2025-08-23T02:00,27.4,90,33.9,0.2,0.2,51,100,4.6,108,28.6139,77.209
2025-08-23T03:00,26.3,93,32.7,1.8,1.8,61,100,3.1,90,28.6139,77.209
2025-08-23T04:00,25.6,95,31.9,3.3,3.3,63,100,1.8,349,28.6139,77.209
2025-08-23T05:00,25.7,97,32.0,0.2,0.2,51,100,3.0,14,28.6139,77.209
2025-08-23T06:00,26.5,94,33.1,0.0,0.0,3,100,3.0,65,28.6139,77.209
2025-08-23T07:00,27.4,89,34.1,0.0,0.0,3,100,2.2,55,28.6139,77.209
2025-08-23T08:00,28.7,83,35.1,0.0,0.0,3,100,4.1,90,28.6139,77.209
2025-08-23T09:00,30.1,74,35.7,0.0,0.0,3,100,7.1,96,28.6139,77.209
2025-08-23T10:00,31.3,69,37.4,0.0,0.0,3,100,7.2,104,28.6139,77.209
2025-08-23T11:00,31.9,66,38.5,0.0,0.0,3,99,5.9,88,28.6139,77.209
2025-08-23T12:00,32.6,63,39.3,0.0,0.0,3,100,6.4,79,28.6139,77.209
2025-08-23T13:00,30.1,71,34.7,1.2,1.2,55,100,11.2,86,28.6139,77.209
2025-08-23T14:00,30.2,74,36.3,1.7,1.7,61,98,3.8,79,28.6139,77.209
2025-08-23T15:00,31.0,72,36.8,0.3,0.3,51,100,7.5,69,28.6139,77.209
2025-08-23T16:00,28.7,80,35.0,2.2,2.2,61,100,2.9,97,28.6139,77.209
2025-08-23T17:00,28.4,83,34.8,1.2,1.2,55,95,3.1,62,28.6139,77.209
2025-08-23T18:00,27.9,86,34.5,0.2,0.2,51,100,2.4,48,28.6139,77.209
2025-08-23T19:00,27.4,90,33.8,0.4,0.4,51,99,5.7,24,28.6139,77.209
2025-08-23T20:00,27.2,92,33.7,0.0,0.0,3,100,5.6,61,28.6139,77.209
2025-08-23T21:00,26.8,93,32.7,0.1,0.1,51,100,8.2,71,28.6139,77.209
2025-08-23T22:00,26.5,93,32.4,0.1,0.1,51,100,6.6,74,28.6139,77.209
2025-08-23T23:00,26.3,94,32.2,0.0,0.0,3,100,6.2,80,28.6139,77.209
2025-08-24T00:00,26.2,95,32.2,0.0,0.0,3,100,5.6,92,28.6139,77.209
2025-08-24T01:00,26.1,95,32.2,0.0,0.0,3,100,4.9,88,28.6139,77.209
2025-08-24T02:00,25.9,95,31.6,0.0,0.0,3,100,6.8,90,28.6139,77.209
2025-08-24T03:00,25.9,95,31.9,0.0,0.0,3,100,5.0,109,28.6139,77.209
2025-08-24T04:00,25.8,95,31.3,0.0,0.0,3,96,7.5,98,28.6139,77.209
2025-08-24T05:00,25.7,95,31.5,0.0,0.0,2,62,5.6,112,28.6139,77.209
2025-08-24T06:00,26.1,95,32.2,0.0,0.0,3,99,4.9,126,28.6139,77.209
2025-08-24T07:00,26.9,92,32.9,0.0,0.0,3,99,6.1,120,28.6139,77.209
2025-08-24T08:00,27.9,86,33.2,0.0,0.0,3,98,11.1,121,28.6139,77.209
2025-08-24T09:00,29.2,79,34.4,0.1,0.1,51,99,11.0,122,28.6139,77.209
2025-08-24T10:00,30.2,77,36.2,0.1,0.1,51,96,10.8,111,28.6139,77.209
2025-08-24T11:00,31.1,72,38.0,0.2,0.2,51,93,9.9,109,28.6139,77.209
2025-08-24T12:00,29.1,80,35.5,3.5,3.5,63,98,10.5,98,28.6139,77.209
2025-08-24T13:00,30.8,75,37.9,0.1,0.1,51,100,5.5,71,28.6139,77.209
2025-08-24T14:00,29.0,79,34.5,1.5,1.5,61,100,14.7,72,28.6139,77.209
2025-08-24T15:00,29.4,81,35.5,0.4,0.4,51,99,8.3,20,28.6139,77.209
2025-08-24T16:00,28.4,84,34.4,1.3,1.3,61,100,7.0,136,28.6139,77.209
2025-08-24T17:00,26.6,87,31.3,4.3,4.3,63,100,9.9,78,28.6139,77.209
2025-08-24T18:00,28.0,84,33.3,0.0,0.0,3,100,10.1,121,28.6139,77.209
2025-08-24T19:00,27.5,85,32.7,0.1,0.1,51,100,9.3,124,28.6139,77.209
2025-08-24T20:00,27.1,88,33.0,0.0,0.0,3,100,4.9,88,28.6139,77.209
2025-08-24T21:00,27.0,89,32.8,0.0,0.0,3,100,6.3,83,28.6139,77.209
2025-08-24T22:00,26.8,90,32.2,0.1,0.1,51,100,8.8,73,28.6139,77.209
2025-08-24T23:00,26.4,91,31.2,0.1,0.1,51,100,12.4,77,28.6139,77.209
2025-08-25T00:00,25.6,92,30.1,0.2,0.2,51,100,11.4,78,28.6139,77.209
2025-08-25T01:00,25.3,93,30.0,0.2,0.2,51,100,10.4,98,28.6139,77.209
2025-08-25T02:00,25.3,93,29.9,0.5,0.5,53,100,9.8,108,28.6139,77.209
2025-08-25T03:00,24.6,96,29.1,2.8,2.8,63,100,10.7,119,28.6139,77.209
2025-08-25T04:00,24.4,96,28.7,3.6,3.6,63,100,11.0,120,28.6139,77.209
2025-08-25T05:00,24.5,96,28.5,0.7,0.7,53,99,12.7,103,28.6139,77.209
2025-08-25T06:00,25.3,95,30.0,1.1,1.1,55,100,11.5,110,28.6139,77.209
2025-08-25T07:00,25.5,94,30.5,5.4,5.4,63,100,9.6,124,28.6139,77.209
2025-08-25T08:00,25.8,95,30.1,0.5,0.5,53,100,15.9,113,28.6139,77.209
2025-08-25T09:00,26.6,92,31.4,0.3,0.3,51,100,14.5,118,28.6139,77.209
2025-08-25T10:00,27.2,88,32.0,0.5,0.5,53,100,13.0,114,28.6139,77.209
2025-08-25T11:00,28.8,80,33.4,0.2,0.2,51,100,14.5,107,28.6139,77.209
2025-08-25T12:00,28.9,81,33.9,0.1,0.1,51,100,12.6,114,28.6139,77.209
2025-08-25T13:00,28.9,81,33.8,0.1,0.1,51,100,13.0,104,28.6139,77.209
2025-08-25T14:00,28.3,81,32.8,0.4,0.4,51,100,13.2,104,28.6139,77.209
2025-08-25T15:00,29.0,79,33.8,0.1,0.1,51,100,13.0,108,28.6139,77.209
2025-08-25T16:00,27.0,86,31.6,0.7,0.7,53,100,12.3,112,28.6139,77.209
2025-08-25T17:00,26.8,87,32.1,0.6,0.6,53,100,6.9,107,28.6139,77.209
2025-08-25T18:00,27.4,87,32.7,0.0,0.0,3,100,9.9,99,28.6139,77.209
2025-08-25T19:00,27.2,88,32.3,0.0,0.0,3,100,10.6,108,28.6139,77.209
2025-08-25T20:00,27.0,88,31.9,0.1,0.1,51,100,11.7,115,28.6139,77.209
2025-08-25T21:00,26.7,89,31.5,1.1,1.1,55,100,11.2,123,28.6139,77.209
2025-08-25T22:00,26.0,93,30.7,0.4,0.4,51,100,13.2,120,28.6139,77.209
2025-08-25T23:00,25.8,94,30.7,0.1,0.1,51,98,11.3,126,28.6139,77.209
2025-08-26T00:00,25.7,95,30.6,0.0,0.0,3,100,11.4,129,28.6139,77.209
2025-08-26T01:00,25.3,96,30.0,1.8,1.8,61,100,12.3,127,28.6139,77.209
2025-08-26T02:00,25.1,97,29.6,0.2,0.2,51,100,13.1,120,28.6139,77.209
2025-08-26T03:00,25.5,94,29.4,0.1,0.1,51,100,17.0,122,28.6139,77.209
2025-08-26T04:00,25.4,95,29.3,0.2,0.2,51,100,16.8,127,28.6139,77.209
2025-08-26T05:00,25.2,96,29.5,0.0,0.0,3,100,14.1,124,28.6139,77.209
2025-08-26T06:00,26.0,94,30.8,0.2,0.2,51,100,12.5,120,28.6139,77.209
2025-08-26T07:00,26.0,91,29.9,1.5,1.5,61,100,16.4,125,28.6139,77.209
2025-08-26T08:00,26.4,91,30.4,0.8,0.8,53,100,18.0,126,28.6139,77.209
2025-08-26T09:00,27.5,88,32.4,0.3,0.3,51,100,14.1,128,28.6139,77.209
2025-08-26T10:00,28.9,81,33.7,0.1,0.1,51,100,14.6,130,28.6139,77.209
2025-08-26T11:00,29.6,77,34.4,0.2,0.2,51,100,13.4,126,28.6139,77.209
2025-08-26T12:00,29.7,75,34.4,0.1,0.1,51,100,12.6,133,28.6139,77.209
2025-08-26T13:00,29.9,77,35.1,0.1,0.1,51,100,11.5,132,28.6139,77.209
2025-08-26T14:00,28.7,81,33.7,0.9,0.9,53,100,12.6,121,28.6139,77.209
2025-08-26T15:00,28.8,83,34.7,0.1,0.1,51,100,8.2,112,28.6139,77.209
2025-08-26T16:00,29.5,80,35.2,0.0,0.0,3,100,9.2,116,28.6139,77.209
2025-08-26T17:00,29.4,79,35.2,0.0,0.0,3,100,8.3,120,28.6139,77.209
2025-08-26T18:00,27.6,89,34.1,0.0,0.0,3,100,4.5,119,28.6139,77.209
2025-08-26T19:00,27.2,91,33.3,0.0,0.0,3,100,7.4,108,28.6139,77.209
2025-08-26T20:00,26.7,92,32.5,0.1,0.1,51,99,7.8,116,28.6139,77.209
2025-08-26T21:00,26.4,93,32.4,0.0,0.0,3,100,5.8,104,28.6139,77.209
2025-08-26T22:00,26.3,95,32.1,0.0,0.0,3,96,7.7,114,28.6139,77.209
2025-08-26T23:00,26.2,96,32.0,0.0,0.0,3,97,7.8,113,28.6139,77.209
2025-08-27T00:00,26.0,96,31.7,0.0,0.0,3,98,8.2,104,28.6139,77.209
2025-08-27T01:00,25.8,96,31.3,0.0,0.0,3,99,8.3,103,28.6139,77.209
2025-08-27T02:00,25.6,97,31.4,0.0,0.0,3,87,7.0,119,28.6139,77.209
2025-08-27T03:00,25.5,98,31.2,0.0,0.0,3,100,7.1,114,28.6139,77.209
2025-08-27T04:00,25.4,98,31.4,0.0,0.0,3,98,4.7,94,28.6139,77.209
2025-08-27T05:00,25.2,98,30.9,0.0,0.0,3,99,5.9,104,28.6139,77.209
2025-08-27T06:00,26.1,95,32.4,0.1,0.1,51,100,4.5,113,28.6139,77.209
2025-08-27T07:00,26.7,92,32.7,0.5,0.5,53,97,6.4,130,28.6139,77.209
2025-08-27T08:00,27.3,89,33.1,0.3,0.3,51,92,6.7,121,28.6139,77.209
2025-08-27T09:00,28.5,85,34.4,0.0,0.0,3,97,8.4,115,28.6139,77.209
2025-08-27T10:00,29.7,82,36.5,0.0,0.0,3,86,7.0,125,28.6139,77.209
2025-08-27T11:00,30.6,78,38.2,0.0,0.0,3,89,6.6,135,28.6139,77.209
2025-08-27T12:00,31.2,74,39.0,0.2,0.2,51,91,6.9,131,28.6139,77.209
2025-08-27T13:00,31.9,71,39.7,0.1,0.1,51,25,6.8,125,28.6139,77.209
2025-08-27T14:00,32.5,69,40.2,0.0,0.0,1,30,5.9,133,28.6139,77.209
2025-08-27T15:00,32.6,68,39.6,0.0,0.0,0,9,4.6,129,28.6139,77.209
2025-08-27T16:00,32.3,67,38.6,0.0,0.0,0,10,4.5,133,28.6139,77.209
2025-08-27T17:00,31.8,70,38.3,0.0,0.0,0,6,4.0,126,28.6139,77.209
2025-08-27T18:00,29.1,84,36.3,0.0,0.0,1,35,2.0,90,28.6139,77.209
2025-08-27T19:00,28.5,90,36.1,0.0,0.0,0,16,1.8,37,28.6139,77.209
2025-08-27T20:00,28.3,91,35.9,0.0,0.0,0,7,1.8,143,28.6139,77.209
2025-08-27T21:00,28.0,92,35.4,0.0,0.0,2,52,2.7,110,28.6139,77.209
2025-08-27T22:00,27.9,92,34.8,0.0,0.0,2,61,5.2,96,28.6139,77.209
2025-08-27T23:00,26.8,93,32.7,0.2,0.2,51,80,7.8,128,28.6139,77.209
2025-08-28T00:00,26.7,93,33.0,0.2,0.2,51,80,4.7,122,28.6139,77.209
2025-08-28T01:00,26.5,95,32.6,0.0,0.0,3,94,6.9,95,28.6139,77.209
2025-08-28T02:00,25.9,94,31.5,1.9,1.9,61,100,7.3,101,28.6139,77.209
2025-08-28T03:00,25.8,96,32.0,0.2,0.2,51,99,4.3,112,28.6139,77.209
2025-08-28T04:00,25.5,98,32.1,0.1,0.1,51,100,1.3,180,28.6139,77.209
2025-08-28T05:00,25.3,97,31.2,1.3,1.3,61,100,5.0,134,28.6139,77.209
2025-08-28T06:00,26.7,97,33.3,0.0,0.0,3,100,5.9,78,28.6139,77.209
2025-08-28T07:00,27.3,93,34.3,0.2,0.2,51,100,3.3,81,28.6139,77.209
2025-08-28T08:00,28.2,89,35.0,0.0,0.0,3,100,5.2,102,28.6139,77.209
2025-08-28T09:00,29.6,82,36.1,0.0,0.0,3,100,7.0,111,28.6139,77.209
2025-08-28T10:00,30.8,77,37.9,0.1,0.1,51,100,6.2,120,28.6139,77.209
2025-08-28T11:00,31.3,76,39.0,0.0,0.0,3,99,6.3,125,28.6139,77.209
2025-08-28T12:00,32.0,73,40.3,0.0,0.0,3,100,5.8,126,28.6139,77.209
2025-08-28T13:00,32.2,73,40.2,0.1,0.1,51,100,5.6,135,28.6139,77.209
2025-08-28T14:00,32.2,73,39.8,0.1,0.1,51,100,4.9,147,28.6139,77.209
2025-08-28T15:00,32.4,73,40.1,0.0,0.0,3,100,3.2,146,28.6139,77.209
2025-08-28T16:00,30.5,76,37.2,0.2,0.2,51,100,4.3,158,28.6139,77.209
2025-08-28T17:00,29.7,77,36.0,1.4,1.4,61,100,3.6,288,28.6139,77.209
2025-08-28T18:00,29.5,82,35.9,0.1,0.1,51,100,8.0,128,28.6139,77.209
2025-08-28T19:00,29.0,85,35.7,0.0,0.0,3,100,6.6,143,28.6139,77.209
2025-08-28T20:00,28.6,87,35.3,0.0,0.0,3,100,5.8,175,28.6139,77.209
2025-08-28T21:00,28.2,90,35.3,0.0,0.0,3,100,3.6,198,28.6139,77.209
2025-08-28T22:00,27.5,92,34.4,2.3,2.3,61,100,3.4,93,28.6139,77.209
2025-08-28T23:00,25.9,97,31.4,7.3,7.3,63,100,9.7,74,28.6139,77.209
2025-08-29T00:00,25.9,97,32.0,0.2,0.2,51,100,6.1,78,28.6139,77.209
2025-08-29T01:00,26.0,97,31.6,0.1,0.1,51,100,9.1,97,28.6139,77.209
2025-08-29T02:00,25.8,96,31.2,0.9,0.9,53,100,9.5,105,28.6139,77.209
2025-08-29T03:00,25.4,95,31.5,3.0,3.0,63,100,1.3,254,28.6139,77.209
2025-08-29T04:00,25.0,95,31.0,6.8,6.8,63,100,1.8,186,28.6139,77.209
2025-08-29T05:00,25.2,96,30.6,0.1,0.1,51,100,6.8,101,28.6139,77.209
2025-08-29T06:00,27.4,95,34.0,0.0,0.0,3,100,8.0,126,28.6139,77.209
2025-08-29T07:00,26.9,95,32.5,0.6,0.6,53,100,12.2,123,28.6139,77.209
2025-08-29T08:00,27.6,92,33.5,0.0,0.0,3,100,10.5,131,28.6139,77.209
2025-08-29T09:00,28.4,87,34.3,0.0,0.0,3,100,10.3,134,28.6139,77.209
2025-08-29T10:00,29.1,86,35.6,0.1,0.1,51,100,8.5,118,28.6139,77.209
2025-08-29T11:00,30.0,83,36.6,0.1,0.1,51,100,9.0,137,28.6139,77.209
2025-08-29T12:00,31.1,76,38.0,0.1,0.1,51,100,9.6,131,28.6139,77.209
2025-08-29T13:00,31.3,75,38.0,0.1,0.1,51,100,7.3,152,28.6139,77.209
2025-08-29T14:00,31.0,72,36.4,0.2,0.2,51,100,10.8,108,28.6139,77.209
2025-08-29T15:00,29.6,78,35.3,0.3,0.3,51,100,8.1,93,28.6139,77.209
2025-08-29T16:00,29.4,80,35.2,0.0,0.0,3,100,8.8,107,28.6139,77.209
2025-08-29T17:00,29.2,81,35.0,0.0,0.0,3,100,8.8,91,28.6139,77.209
2025-08-29T18:00,28.4,84,34.3,0.0,0.0,3,100,7.7,102,28.6139,77.209
2025-08-29T19:00,27.9,87,33.9,0.0,0.0,3,100,6.9,96,28.6139,77.209
2025-08-29T20:00,27.6,89,33.6,0.0,0.0,3,100,7.2,87,28.6139,77.209
2025-08-29T21:00,27.2,90,33.0,0.0,0.0,3,100,8.1,91,28.6139,77.209
2025-08-29T22:00,26.9,90,32.5,0.0,0.0,3,100,8.6,98,28.6139,77.209
2025-08-29T23:00,26.7,92,32.4,0.0,0.0,3,100,8.0,96,28.6139,77.209
2025-08-30T00:00,26.5,93,32.1,0.0,0.0,3,100,8.8,95,28.6139,77.209
2025-08-30T01:00,26.4,93,31.9,0.0,0.0,3,98,9.4,94,28.6139,77.209
2025-08-30T02:00,26.3,93,31.8,0.0,0.0,2,67,8.7,103,28.6139,77.209
2025-08-30T03:00,26.2,93,31.6,0.0,0.0,0,3,9.3,99,28.6139,77.209
2025-08-30T04:00,26.1,94,31.5,0.0,0.0,0,9,8.6,105,28.6139,77.209
2025-08-30T05:00,26.0,94,31.4,0.0,0.0,1,36,9.0,106,28.6139,77.209
2025-08-30T06:00,26.3,98,32.0,0.2,0.2,51,100,10.8,108,28.6139,77.209
2025-08-30T07:00,26.4,93,31.5,1.8,1.8,61,100,11.3,107,28.6139,77.209
2025-08-30T08:00,26.7,91,31.7,1.1,1.1,55,100,12.3,112,28.6139,77.209
2025-08-30T09:00,28.0,87,33.3,0.0,0.0,3,100,11.5,119,28.6139,77.209
2025-08-30T10:00,29.1,81,34.6,0.1,0.1,51,100,10.5,115,28.6139,77.209
2025-08-30T11:00,30.1,76,35.9,0.1,0.1,51,100,7.9,111,28.6139,77.209
2025-08-30T12:00,30.8,72,37.1,0.1,0.1,51,100,7.1,105,28.6139,77.209
2025-08-30T13:00,31.5,68,38.0,0.0,0.0,3,100,6.5,104,28.6139,77.209
2025-08-30T14:00,31.6,67,37.4,0.0,0.0,3,100,6.7,104,28.6139,77.209
2025-08-30T15:00,31.8,66,37.3,0.0,0.0,3,100,6.3,103,28.6139,77.209
2025-08-30T16:00,31.4,68,37.0,0.0,0.0,3,100,6.3,93,28.6139,77.209
2025-08-30T17:00,30.6,73,36.4,0.4,0.4,51,100,6.3,88,28.6139,77.209
2025-08-30T18:00,29.5,80,35.9,0.0,0.0,1,31,5.1,96,28.6139,77.209
2025-08-30T19:00,28.8,84,35.5,0.0,0.0,3,95,4.1,90,28.6139,77.209
2025-08-30T20:00,28.4,86,35.1,0.0,0.0,3,100,4.3,95,28.6139,77.209
2025-08-30T21:00,28.1,87,34.4,0.0,0.0,3,100,6.5,98,28.6139,77.209
2025-08-30T22:00,27.8,89,34.0,0.0,0.0,3,100,6.6,101,28.6139,77.209
2025-08-30T23:00,27.5,89,33.7,0.0,0.0,3,100,6.7,106,28.6139,77.209
2025-08-31T00:00,27.2,90,33.3,0.0,0.0,3,88,6.5,104,28.6139,77.209
2025-08-31T01:00,26.9,92,33.0,0.0,0.0,3,93,6.7,106,28.6139,77.209
2025-08-31T02:00,26.7,93,32.3,0.0,0.0,1,21,9.6,106,28.6139,77.209
2025-08-31T03:00,26.0,95,31.4,0.0,0.0,3,80,8.8,121,28.6139,77.209
2025-08-31T04:00,25.2,96,30.2,0.0,0.0,3,99,9.7,100,28.6139,77.209
2025-08-31T05:00,24.5,96,28.1,0.2,0.2,51,100,15.8,107,28.6139,77.209
2025-08-31T06:00,25.7,96,30.9,0.1,0.1,51,100,9.7,117,28.6139,77.209
2025-08-31T07:00,25.8,94,31.1,0.1,0.1,51,100,9.1,120,28.6139,77.209
2025-08-31T08:00,25.4,96,30.4,2.1,2.1,61,100,9.9,135,28.6139,77.209
2025-08-31T09:00,27.0,88,32.0,0.7,0.7,53,100,10.5,139,28.6139,77.209
2025-08-31T10:00,28.5,85,34.1,0.1,0.1,51,100,9.9,132,28.6139,77.209
2025-08-31T11:00,29.2,81,34.9,0.1,0.1,51,100,9.4,121,28.6139,77.209
2025-08-31T12:00,28.2,85,34.0,1.8,1.8,61,100,7.8,151,28.6139,77.209
2025-08-31T13:00,29.3,82,36.1,0.3,0.3,51,100,4.2,133,28.6139,77.209
2025-08-31T14:00,30.0,79,36.5,0.2,0.2,51,100,6.0,123,28.6139,77.209
2025-08-31T15:00,28.4,82,33.4,3.7,3.7,63,100,11.4,97,28.6139,77.209
2025-08-31T16:00,26.8,87,31.7,2.4,2.4,61,100,9.2,116,28.6139,77.209
2025-08-31T17:00,26.5,90,32.2,0.1,0.1,51,100,6.0,164,28.6139,77.209
2025-08-31T18:00,25.9,91,31.6,0.0,0.0,3,100,4.5,83,28.6139,77.209
2025-08-31T19:00,25.8,93,31.4,0.0,0.0,3,100,5.4,90,28.6139,77.209
2025-08-31T20:00,25.8,94,31.4,0.1,0.1,51,100,6.2,102,28.6139,77.209
2025-08-31T21:00,25.8,95,31.3,0.3,0.3,51,100,7.3,106,28.6139,77.209
2025-08-31T22:00,25.7,96,31.1,0.3,0.3,51,100,8.5,111,28.6139,77.209
2025-08-31T23:00,25.5,98,30.7,0.5,0.5,53,100,10.7,113,28.6139,77.209
2025-09-01T00:00,25.4,94,30.0,1.7,1.7,61,100,12.2,121,28.6139,77.209
2025-09-01T01:00,24.7,95,29.4,0.9,0.9,53,100,8.8,133,28.6139,77.209
2025-09-01T02:00,24.3,97,29.0,1.0,1.0,55,100,8.4,137,28.6139,77.209
2025-09-01T03:00,24.0,99,28.7,5.8,5.8,63,100,8.9,151,28.6139,77.209
2025-09-01T04:00,24.1,98,28.7,2.6,2.6,63,100,8.9,132,28.6139,77.209
2025-09-01T05:00,24.1,98,28.7,1.9,1.9,61,100,9.4,113,28.6139,77.209
2025-09-01T06:00,24.6,96,29.7,1.5,1.5,61,100,6.8,90,28.6139,77.209
2025-09-01T07:00,24.6,96,29.2,1.3,1.3,61,100,9.2,123,28.6139,77.209
2025-09-01T08:00,24.6,95,29.6,2.0,2.0,61,100,6.7,134,28.6139,77.209
2025-09-01T09:00,25.1,94,30.1,1.4,1.4,61,100,7.9,129,28.6139,77.209
2025-09-01T10:00,26.3,88,31.0,0.3,0.3,51,100,10.2,141,28.6139,77.209
2025-09-01T11:00,27.7,84,33.1,0.1,0.1,51,68,7.6,118,28.6139,77.209
2025-09-01T12:00,29.2,77,35.0,0.3,0.3,51,100,7.5,125,28.6139,77.209
2025-09-01T13:00,28.1,80,32.7,2.5,2.5,63,100,11.0,142,28.6139,77.209
2025-09-01T14:00,28.1,83,33.0,0.6,0.6,53,100,11.5,98,28.6139,77.209
2025-09-01T15:00,27.7,84,31.9,0.1,0.1,51,99,15.7,112,28.6139,77.209
2025-09-01T16:00,26.1,89,30.3,0.4,0.4,51,100,13.2,143,28.6139,77.209
2025-09-01T17:00,25.8,91,30.3,0.4,0.4,51,100,10.8,123,28.6139,77.209
2025-09-01T18:00,24.9,94,28.4,0.9,0.9,53,100,17.5,104,28.6139,77.209
2025-09-01T19:00,24.5,96,28.2,0.7,0.7,53,100,14.8,106,28.6139,77.209
2025-09-01T20:00,24.4,96,28.1,1.2,1.2,55,100,14.6,116,28.6139,77.209
2025-09-01T21:00,24.3,97,28.0,0.7,0.7,53,100,15.3,115,28.6139,77.209
2025-09-01T22:00,24.2,98,28.3,1.9,1.9,61,100,12.5,110,28.6139,77.209
2025-09-01T23:00,24.4,97,28.4,1.3,1.3,61,100,14.0,122,28.6139,77.209
2025-09-02T00:00,24.2,99,28.3,2.8,2.8,63,100,13.2,133,28.6139,77.209
2025-09-02T01:00,24.2,98,28.5,0.5,0.5,53,100,11.3,149,28.6139,77.209
2025-09-02T02:00,23.8,98,27.5,3.5,3.5,63,100,14.2,148,28.6139,77.209
2025-09-02T03:00,24.0,98,27.7,1.9,1.9,61,100,13.9,141,28.6139,77.209
2025-09-02T04:00,23.8,97,27.7,1.1,1.1,55,100,12.1,132,28.6139,77.209
2025-09-02T05:00,23.9,98,27.9,0.3,0.3,51,100,12.8,124,28.6139,77.209
2025-09-02T06:00,24.2,96,27.9,0.9,0.9,53,100,14.5,121,28.6139,77.209
2025-09-02T07:00,24.0,98,27.9,1.2,1.2,55,100,13.7,117,28.6139,77.209
2025-09-02T08:00,24.4,94,28.3,0.8,0.8,53,100,12.4,118,28.6139,77.209
2025-09-02T09:00,24.9,90,28.2,0.1,0.1,51,100,15.6,112,28.6139,77.209
2025-09-02T10:00,26.1,86,29.8,0.0,0.0,3,100,14.5,118,28.6139,77.209
2025-09-02T11:00,26.9,83,30.9,0.1,0.1,51,100,13.1,133,28.6139,77.209
2025-09-02T12:00,26.6,84,30.9,0.9,0.9,53,100,10.8,136,28.6139,77.209
2025-09-02T13:00,27.0,81,30.7,0.8,0.8,53,100,13.8,111,28.6139,77.209
2025-09-02T14:00,26.4,86,30.8,1.3,1.3,61,97,10.7,113,28.6139,77.209
2025-09-02T15:00,26.4,86,30.8,1.7,1.7,61,97,11.4,96,28.6139,77.209
2025-09-02T16:00,26.1,88,30.1,0.6,0.6,53,96,13.6,108,28.6139,77.209
2025-09-02T17:00,25.9,90,30.2,0.4,0.4,51,92,12.9,96,28.6139,77.209
2025-09-02T18:00,24.6,98,28.8,2.4,2.4,61,100,13.5,109,28.6139,77.209
2025-09-02T19:00,24.6,96,28.6,0.4,0.4,51,100,14.2,117,28.6139,77.209
2025-09-02T20:00,24.8,95,28.8,0.0,0.0,3,100,13.6,124,28.6139,77.209
2025-09-02T21:00,24.9,95,29.2,0.0,0.0,3,100,11.9,124,28.6139,77.209
2025-09-02T22:00,24.9,96,29.6,0.0,0.0,3,99,10.7,121,28.6139,77.209
2025-09-02T23:00,24.9,96,29.7,0.0,0.0,3,100,10.2,120,28.6139,77.209
2025-09-03T00:00,24.8,96,29.4,0.0,0.0,3,100,10.4,129,28.6139,77.209
2025-09-03T01:00,24.5,96,29.2,0.0,0.0,3,86,9.4,132,28.6139,77.209
2025-09-03T02:00,24.3,97,29.1,0.0,0.0,1,44,8.1,135,28.6139,77.209
2025-09-03T03:00,24.2,97,28.8,0.0,0.0,1,35,9.3,118,28.6139,77.209
2025-09-03T04:00,24.1,98,28.6,0.0,0.0,2,65,9.6,120,28.6139,77.209
2025-09-03T05:00,24.1,98,29.1,0.0,0.0,3,98,6.0,117,28.6139,77.209
2025-09-03T06:00,24.1,96,28.8,8.3,8.3,65,100,6.6,139,28.6139,77.209
2025-09-03T07:00,24.8,95,30.0,1.9,1.9,61,99,5.5,171,28.6139,77.209
2025-09-03T08:00,25.4,93,31.2,0.3,0.3,51,98,2.5,172,28.6139,77.209
2025-09-03T09:00,26.6,88,32.4,0.1,0.1,51,97,4.5,133,28.6139,77.209
2025-09-03T10:00,27.8,86,34.5,0.1,0.1,51,100,1.0,59,28.6139,77.209
2025-09-03T11:00,29.2,81,36.3,0.1,0.1,51,100,5.4,48,28.6139,77.209
2025-09-03T12:00,29.4,76,34.9,0.7,0.7,53,100,9.1,58,28.6139,77.209
2025-09-03T13:00,27.9,82,32.8,0.4,0.4,51,100,10.4,73,28.6139,77.209
2025-09-03T14:00,28.4,79,33.3,0.2,0.2,51,99,9.8,73,28.6139,77.209
2025-09-03T15:00,28.8,78,33.9,0.5,0.5,53,100,9.2,70,28.6139,77.209
2025-09-03T16:00,28.4,80,33.5,0.1,0.1,51,100,9.7,79,28.6139,77.209
2025-09-03T17:00,28.0,83,33.2,0.0,0.0,3,100,9.2,74,28.6139,77.209
2025-09-03T18:00,26.2,86,30.7,0.0,0.0,3,100,9.5,79,28.6139,77.209
2025-09-03T19:00,25.9,85,30.3,0.0,0.0,3,100,8.4,83,28.6139,77.209
2025-09-03T20:00,25.8,87,30.5,0.1,0.1,51,100,6.7,81,28.6139,77.209
2025-09-03T21:00,25.6,90,30.5,0.4,0.4,51,100,6.7,74,28.6139,77.209
2025-09-03T22:00,25.4,91,30.4,1.1,1.1,55,100,6.8,63,28.6139,77.209
2025-09-03T23:00,25.1,95,30.7,0.4,0.4,51,100,4.8,42,28.6139,77.209
2025-09-04T00:00,25.1,96,30.6,0.4,0.4,51,100,5.3,18,28.6139,77.209
2025-09-04T01:00,25.0,96,30.4,0.6,0.6,53,100,6.3,18,28.6139,77.209
2025-09-04T02:00,24.8,97,30.0,0.5,0.5,53,98,7.3,23,28.6139,77.209
2025-09-04T03:00,24.7,97,29.6,0.3,0.3,51,100,8.6,30,28.6139,77.209
2025-09-04T04:00,24.8,97,29.6,0.1,0.1,51,100,9.3,36,28.6139,77.209
2025-09-04T05:00,24.5,97,29.3,1.7,1.7,61,76,8.2,38,28.6139,77.209
2025-09-04T06:00,24.2,96,28.3,12.0,12.0,65,100,12.0,16,28.6139,77.209
2025-09-04T07:00,24.2,96,29.4,1.8,1.8,61,100,4.3,42,28.6139,77.209
2025-09-04T08:00,25.2,94,30.8,0.0,0.0,3,100,3.7,51,28.6139,77.209
2025-09-04T09:00,26.8,89,32.9,0.0,0.0,3,100,4.2,36,28.6139,77.209
2025-09-04T10:00,28.6,84,35.1,0.0,0.0,3,100,3.4,43,28.6139,77.209
2025-09-04T11:00,30.0,77,36.7,0.0,0.0,3,100,4.0,69,28.6139,77.209
2025-09-04T12:00,31.0,72,38.7,0.0,0.0,3,95,3.7,61,28.6139,77.209
2025-09-04T13:00,31.4,69,38.9,0.0,0.0,2,68,3.2,52,28.6139,77.209
2025-09-04T14:00,31.4,67,37.5,0.0,0.0,3,100,8.2,49,28.6139,77.209
2025-09-04T15:00,30.0,76,35.7,0.3,0.3,51,100,7.9,90,28.6139,77.209
2025-09-04T16:00,29.1,81,35.4,0.0,0.0,3,100,5.6,65,28.6139,77.209
2025-09-04T17:00,28.9,82,35.1,0.0,0.0,3,100,5.6,48,28.6139,77.209
2025-09-04T18:00,27.8,86,34.0,0.0,0.0,1,46,4.8,34,28.6139,77.209
2025-09-04T19:00,27.4,88,33.5,0.0,0.0,1,38,4.9,33,28.6139,77.209
2025-09-04T20:00,27.0,89,33.0,0.0,0.0,2,57,5.4,48,28.6139,77.209
2025-09-04T21:00,26.7,89,32.5,0.0,0.0,3,86,5.7,49,28.6139,77.209
2025-09-04T22:00,26.4,91,32.3,0.0,0.0,3,91,4.3,57,28.6139,77.209
2025-09-04T23:00,26.2,91,32.0,0.0,0.0,3,90,4.0,58,28.6139,77.209
2025-09-05T00:00,26.0,91,31.8,0.0,0.0,3,100,4.1,38,28.6139,77.209
2025-09-05T01:00,25.9,92,31.5,0.0,0.0,0,19,5.7,79,28.6139,77.209
2025-09-05T02:00,25.7,93,31.4,0.0,0.0,1,28,5.0,44,28.6139,77.209
2025-09-05T03:00,25.5,92,30.7,0.4,0.4,51,53,7.1,52,28.6139,77.209
2025-09-05T04:00,25.4,93,30.7,0.3,0.3,51,22,5.5,36,28.6139,77.209
2025-09-05T05:00,25.2,94,30.6,0.0,0.0,0,12,5.5,41,28.6139,77.209
2025-09-05T06:00,26.7,86,31.3,0.0,0.0,3,100,10.7,78,28.6139,77.209
2025-09-05T07:00,27.1,84,31.5,0.0,0.0,3,100,11.9,87,28.6139,77.209
2025-09-05T08:00,28.0,80,32.4,0.0,0.0,3,100,12.6,88,28.6139,77.209
2025-09-05T09:00,29.0,74,32.5,0.0,0.0,3,100,16.8,94,28.6139,77.209
2025-09-05T10:00,29.8,75,34.6,0.0,0.0,3,100,13.4,85,28.6139,77.209
2025-09-05T11:00,30.5,73,36.1,0.0,0.0,3,100,13.1,81,28.6139,77.209
2025-09-05T12:00,31.0,72,37.0,0.1,0.1,51,100,14.0,82,28.6139,77.209
2025-09-05T13:00,29.9,75,35.2,1.6,1.6,61,87,17.0,100,28.6139,77.209
2025-09-05T14:00,30.5,76,36.4,1.5,1.5,61,49,10.6,60,28.6139,77.209
2025-09-05T15:00,29.6,71,33.6,0.1,0.1,51,91,13.5,80,28.6139,77.209
2025-09-05T16:00,28.7,79,33.3,0.4,0.4,51,100,12.5,86,28.6139,77.209
2025-09-05T17:00,27.0,87,32.1,0.4,0.4,51,99,9.7,105,28.6139,77.209
2025-09-05T18:00,27.1,89,32.6,0.0,0.0,3,100,8.8,102,28.6139,77.209
2025-09-05T19:00,26.9,91,33.1,0.0,0.0,3,99,5.3,72,28.6139,77.209
2025-09-05T20:00,26.8,92,32.6,0.0,0.0,3,99,7.6,76,28.6139,77.209
2025-09-05T21:00,26.7,91,32.2,0.0,0.0,3,100,9.0,85,28.6139,77.209
2025-09-05T22:00,26.6,91,32.0,0.0,0.0,3,99,9.1,81,28.6139,77.209
2025-09-05T23:00,26.4,93,31.8,0.0,0.0,3,100,9.2,79,28.6139,77.209
2025-09-06T00:00,25.4,96,30.3,4.7,4.7,63,100,10.5,115,28.6139,77.209
2025-09-06T01:00,24.8,96,29.1,3.8,3.8,63,100,12.5,96,28.6139,77.209
2025-09-06T02:00,24.5,95,28.3,0.1,0.1,51,100,14.1,92,28.6139,77.209
2025-09-06T03:00,24.6,96,28.9,0.1,0.1,51,100,11.5,98,28.6139,77.209
2025-09-06T04:00,24.7,96,29.3,0.1,0.1,51,100,9.8,108,28.6139,77.209
2025-09-06T05:00,24.6,96,29.7,0.0,0.0,3,100,7.2,89,28.6139,77.209
2025-09-06T06:00,26.0,92,31.3,0.0,0.0,3,100,7.7,99,28.6139,77.209
2025-09-06T07:00,26.6,91,32.2,0.0,0.0,3,100,7.7,93,28.6139,77.209
2025-09-06T08:00,27.8,86,33.3,0.0,0.0,3,94,10.1,102,28.6139,77.209
2025-09-06T09:00,29.2,78,34.1,0.0,0.0,3,97,12.6,114,28.6139,77.209
2025-09-06T10:00,30.3,72,35.2,0.2,0.2,51,100,13.5,117,28.6139,77.209
2025-09-06T11:00,30.8,71,36.5,0.1,0.1,51,100,11.8,113,28.6139,77.209
2025-09-06T12:00,31.2,72,37.7,0.1,0.1,51,99,11.9,113,28.6139,77.209
2025-09-06T13:00,31.2,72,37.6,0.1,0.1,51,98,11.9,112,28.6139,77.209
2025-09-06T14:00,31.2,73,37.4,0.2,0.2,51,98,11.1,115,28.6139,77.209
2025-09-06T15:00,29.5,80,35.3,2.4,2.4,61,99,8.9,98,28.6139,77.209
2025-09-06T16:00,29.3,80,34.8,1.2,1.2,55,98,10.0,104,28.6139,77.209
2025-09-06T17:00,28.6,83,34.3,0.2,0.2,51,98,8.8,75,28.6139,77.209
2025-09-06T18:00,28.8,83,35.0,0.0,0.0,2,70,7.1,81,28.6139,77.209
2025-09-06T19:00,28.3,85,34.2,0.0,0.0,3,93,7.8,67,28.6139,77.209
2025-09-06T20:00,27.7,88,33.1,0.0,0.0,3,99,10.7,82,28.6139,77.209
2025-09-06T21:00,26.8,88,32.1,0.0,0.0,3,99,8.5,96,28.6139,77.209
2025-09-06T22:00,26.4,89,31.4,0.0,0.0,3,98,9.1,100,28.6139,77.209
2025-09-06T23:00,26.2,90,31.2,0.0,0.0,3,100,9.0,105,28.6139,77.209
2025-09-07T00:00,26.1,90,30.8,0.0,0.0,3,100,11.0,128,28.6139,77.209
2025-09-07T01:00,25.2,93,29.7,1.2,1.2,55,100,10.7,121,28.6139,77.209
2025-09-07T02:00,25.3,95,30.3,0.0,0.0,3,99,8.8,125,28.6139,77.209
2025-09-07T03:00,25.1,96,30.4,0.0,0.0,1,25,6.6,139,28.6139,77.209
2025-09-07T04:00,24.9,96,30.1,0.0,0.0,0,4,6.6,137,28.6139,77.209
2025-09-07T05:00,24.8,96,30.1,0.0,0.0,0,2,5.8,112,28.6139,77.209
2025-09-07T06:00,25.8,95,31.2,0.0,0.0,3,80,9.0,105,28.6139,77.209
2025-09-07T07:00,26.6,93,32.4,0.0,0.0,1,49,7.6,91,28.6139,77.209
2025-09-07T08:00,27.9,87,33.7,0.0,0.0,1,21,9.0,100,28.6139,77.209
2025-09-07T09:00,29.3,81,35.1,0.0,0.0,1,39,9.3,118,28.6139,77.209
2025-09-07T10:00,30.5,75,36.5,0.1,0.1,51,27,9.8,126,28.6139,77.209
2025-09-07T11:00,31.3,72,38.4,0.0,0.0,1,31,9.0,136,28.6139,77.209
2025-09-07T12:00,31.8,69,38.8,0.0,0.0,0,15,9.6,137,28.6139,77.209
2025-09-07T13:00,31.9,68,38.7,0.0,0.0,0,10,8.9,137,28.6139,77.209
2025-09-07T14:00,31.9,70,38.7,0.0,0.0,0,15,7.9,139,28.6139,77.209
2025-09-07T15:00,31.2,74,37.2,0.2,0.2,51,72,9.3,118,28.6139,77.209
2025-09-07T16:00,30.8,76,37.4,0.1,0.1,51,100,5.4,143,28.6139,77.209
2025-09-07T17:00,29.9,78,36.2,0.7,0.7,53,97,5.6,159,28.6139,77.209
2025-09-07T18:00,28.0,88,34.3,0.0,0.0,3,100,6.5,104,28.6139,77.209
2025-09-07T19:00,27.4,89,33.5,0.0,0.0,3,100,5.8,104,28.6139,77.209
2025-09-07T20:00,27.0,90,33.1,0.0,0.0,3,99,5.2,112,28.6139,77.209
2025-09-07T21:00,26.7,90,32.7,0.0,0.0,3,100,5.2,115,28.6139,77.209
2025-09-07T22:00,26.5,91,32.2,0.0,0.0,0,9,6.2,112,28.6139,77.209
2025-09-07T23:00,26.2,92,32.0,0.0,0.0,0,3,5.7,103,28.6139,77.209
2025-09-08T00:00,26.0,93,31.7,0.0,0.0,0,4,5.7,125,28.6139,77.209
2025-09-08T01:00,25.8,95,31.7,0.0,0.0,0,2,4.5,130,28.6139,77.209
2025-09-08T02:00,25.5,96,31.6,0.0,0.0,0,2,3.3,119,28.6139,77.209
2025-09-08T03:00,25.3,97,31.5,0.0,0.0,0,2,2.7,132,28.6139,77.209
2025-09-08T04:00,25.2,98,31.3,0.0,0.0,0,2,3.1,130,28.6139,77.209
2025-09-08T05:00,25.2,98,31.1,0.0,0.0,0,7,4.2,140,28.6139,77.209
2025-09-08T06:00,25.8,96,31.7,0.0,0.0,0,12,5.9,135,28.6139,77.209
2025-09-08T07:00,26.7,93,33.0,0.0,0.0,0,7,5.1,141,28.6139,77.209
2025-09-08T08:00,27.9,89,34.4,0.0,0.0,0,4,5.8,144,28.6139,77.209
2025-09-08T09:00,29.2,81,35.5,0.1,0.1,51,6,6.1,157,28.6139,77.209
2025-09-08T10:00,30.3,74,36.9,0.1,0.1,51,10,5.1,172,28.6139,77.209
2025-09-08T11:00,30.9,72,38.5,0.1,0.1,51,12,3.8,175,28.6139,77.209
2025-09-08T12:00,31.4,71,39.4,0.1,0.1,51,19,4.0,183,28.6139,77.209
2025-09-08T13:00,31.5,70,39.1,0.1,0.1,51,16,4.5,196,28.6139,77.209
2025-09-08T14:00,31.7,65,38.4,0.1,0.1,51,15,4.6,211,28.6139,77.209
2025-09-08T15:00,32.0,60,37.1,0.1,0.1,51,9,4.0,198,28.6139,77.209
2025-09-08T16:00,31.9,60,37.1,0.0,0.0,0,4,2.2,194,28.6139,77.209
2025-09-08T17:00,31.4,64,36.8,0.0,0.0,0,7,3.6,70,28.6139,77.209
2025-09-08T18:00,30.5,72,36.5,0.0,0.0,1,48,3.8,172,28.6139,77.209
2025-09-08T19:00,29.3,78,35.7,0.0,0.0,1,41,2.9,158,28.6139,77.209
2025-09-08T20:00,28.8,80,35.2,0.0,0.0,3,98,1.5,144,28.6139,77.209
2025-09-08T21:00,28.4,81,34.8,0.0,0.0,3,100,1.3,124,28.6139,77.209
2025-09-08T22:00,28.0,82,34.4,0.0,0.0,3,100,0.9,101,28.6139,77.209
2025-09-08T23:00,27.5,84,33.7,0.0,0.0,3,100,1.8,135,28.6139,77.209
2025-09-09T00:00,27.1,85,32.8,0.0,0.0,1,20,3.5,165,28.6139,77.209
2025-09-09T01:00,26.6,85,32.1,0.0,0.0,3,98,3.8,185,28.6139,77.209
2025-09-09T02:00,26.3,84,31.3,0.0,0.0,0,2,5.2,239,28.6139,77.209
2025-09-09T03:00,26.0,86,30.8,0.0,0.0,0,4,6.7,262,28.6139,77.209
2025-09-09T04:00,25.9,87,30.6,0.0,0.0,0,1,7.7,273,28.6139,77.209
2025-09-09T05:00,25.8,88,30.4,0.0,0.0,0,1,7.9,274,28.6139,77.209
2025-09-09T06:00,26.7,86,31.8,0.0,0.0,0,1,7.2,276,28.6139,77.209
2025-09-09T07:00,27.5,84,33.0,0.0,0.0,0,0,6.7,275,28.6139,77.209
2025-09-09T08:00,28.6,80,34.1,0.0,0.0,0,0,7.7,286,28.6139,77.209
2025-09-09T09:00,30.0,74,35.4,0.0,0.0,0,1,8.0,290,28.6139,77.209
2025-09-09T10:00,30.5,70,36.1,0.3,0.3,51,28,9.3,298,28.6139,77.209
2025-09-09T11:00,31.3,66,37.0,0.1,0.1,51,19,8.9,294,28.6139,77.209
2025-09-09T12:00,31.9,64,38.1,0.0,0.0,0,9,8.1,295,28.6139,77.209
2025-09-09T13:00,32.4,64,38.7,0.0,0.0,0,10,8.8,293,28.6139,77.209
2025-09-09T14:00,32.3,63,37.9,0.0,0.0,0,8,10.0,291,28.6139,77.209
2025-09-09T15:00,32.4,63,37.3,0.0,0.0,0,2,9.9,292,28.6139,77.209
2025-09-09T16:00,32.0,62,36.4,0.0,0.0,0,11,10.8,296,28.6139,77.209
2025-09-09T17:00,31.2,68,36.3,0.0,0.0,0,6,8.2,303,28.6139,77.209
2025-09-09T18:00,30.3,72,36.1,0.0,0.0,0,7,5.6,299,28.6139,77.209
2025-09-09T19:00,29.5,76,35.2,0.0,0.0,0,1,6.4,292,28.6139,77.209
2025-09-09T20:00,29.0,79,34.6,0.0,0.0,0,4,7.6,289,28.6139,77.209
2025-09-09T21:00,28.6,78,33.8,0.0,0.0,0,5,7.8,285,28.6139,77.209
2025-09-09T22:00,28.1,78,33.2,0.0,0.0,0,2,6.9,284,28.6139,77.209
2025-09-09T23:00,27.7,79,32.5,0.0,0.0,0,0,7.0,280,28.6139,77.209
2025-09-10T00:00,27.3,80,31.9,0.0,0.0,0,0,7.3,281,28.6139,77.209
2025-09-10T01:00,26.9,80,31.3,0.0,0.0,0,0,7.6,282,28.6139,77.209
2025-09-10T02:00,26.4,81,30.7,0.0,0.0,0,0,7.8,279,28.6139,77.209
2025-09-10T03:00,26.1,83,30.3,0.0,0.0,0,0,7.6,275,28.6139,77.209
2025-09-10T04:00,25.8,84,29.9,0.0,0.0,0,0,8.2,280,28.6139,77.209
2025-09-10T05:00,25.6,85,29.6,0.0,0.0,0,0,9.1,280,28.6139,77.209
2025-09-10T06:00,27.1,88,32.1,0.0,0.0,0,2,10.6,288,28.6139,77.209
2025-09-10T07:00,27.8,86,33.4,0.0,0.0,0,3,7.9,283,28.6139,77.209
2025-09-10T08:00,28.9,81,34.4,0.0,0.0,0,0,9.7,281,28.6139,77.209
2025-09-10T09:00,30.1,75,35.0,0.0,0.0,0,10,13.2,284,28.6139,77.209
2025-09-10T10:00,31.2,69,36.0,0.0,0.0,0,4,14.1,289,28.6139,77.209
2025-09-10T11:00,32.1,62,37.1,0.0,0.0,0,6,14.6,294,28.6139,77.209
2025-09-10T12:00,32.7,59,37.7,0.0,0.0,0,6,14.8,294,28.6139,77.209
2025-09-10T13:00,33.1,56,37.6,0.0,0.0,0,4,15.1,293,28.6139,77.209
2025-09-10T14:00,33.2,55,37.1,0.0,0.0,0,5,15.6,293,28.6139,77.209
2025-09-10T15:00,32.9,56,36.2,0.0,0.0,0,4,15.6,294,28.6139,77.209
2025-09-10T16:00,32.2,59,35.6,0.0,0.0,0,2,15.3,294,28.6139,77.209
2025-09-10T17:00,31.3,63,35.0,0.0,0.0,0,2,13.9,295,28.6139,77.209
2025-09-10T18:00,30.1,66,34.0,0.0,0.0,0,16,11.5,295,28.6139,77.209
2025-09-10T19:00,29.3,70,33.4,0.0,0.0,3,87,10.4,293,28.6139,77.209
2025-09-10T20:00,28.6,73,32.9,0.0,0.0,0,0,9.5,291,28.6139,77.209
2025-09-10T21:00,28.0,76,32.3,0.0,0.0,0,0,8.7,278,28.6139,77.209
2025-09-10T22:00,27.4,79,31.9,0.0,0.0,0,3,7.9,281,28.6139,77.209
2025-09-10T23:00,26.9,80,31.4,0.0,0.0,0,7,7.3,280,28.6139,77.209
2025-09-11T00:00,26.5,81,30.7,0.0,0.0,1,33,7.9,271,28.6139,77.209
2025-09-11T01:00,26.0,80,30.0,0.0,0.0,0,4,7.6,273,28.6139,77.209
2025-09-11T02:00,25.7,79,29.3,0.0,0.0,0,2,8.3,276,28.6139,77.209
2025-09-11T03:00,25.5,79,28.8,0.0,0.0,0,6,8.6,278,28.6139,77.209
2025-09-11T04:00,25.1,79,28.2,0.0,0.0,0,17,9.0,267,28.6139,77.209
2025-09-11T05:00,24.7,79,27.6,0.0,0.0,1,26,9.9,266,28.6139,77.209
2025-09-11T06:00,26.4,77,29.5,0.0,0.0,2,67,12.0,279,28.6139,77.209
2025-09-11T07:00,27.2,76,30.8,0.0,0.0,1,45,11.2,282,28.6139,77.209
2025-09-11T08:00,28.3,73,32.2,0.0,0.0,0,14,11.3,278,28.6139,77.209
2025-09-11T09:00,29.7,69,33.3,0.0,0.0,0,1,13.5,284,28.6139,77.209
2025-09-11T10:00,30.9,63,34.9,0.0,0.0,1,24,14.9,292,28.6139,77.209
2025-09-11T11:00,32.0,58,36.2,0.0,0.0,1,30,15.2,296,28.6139,77.209
2025-09-11T12:00,32.5,55,36.5,0.0,0.0,1,49,14.1,289,28.6139,77.209
2025-09-11T13:00,32.6,54,36.2,0.0,0.0,1,46,13.8,283,28.6139,77.209
2025-09-11T14:00,32.8,53,36.0,0.0,0.0,1,40,14.1,280,28.6139,77.209
2025-09-11T15:00,32.8,52,35.3,0.0,0.0,1,33,14.7,278,28.6139,77.209
2025-09-11T16:00,32.3,54,34.9,0.0,0.0,1,38,14.4,282,28.6139,77.209
2025-09-11T17:00,31.5,57,34.7,0.0,0.0,1,21,11.6,283,28.6139,77.209
2025-09-11T18:00,30.2,65,34.6,0.0,0.0,3,100,6.8,310,28.6139,77.209
2025-09-11T19:00,29.4,69,34.0,0.0,0.0,3,100,6.0,303,28.6139,77.209
2025-09-11T20:00,28.9,70,33.4,0.0,0.0,3,80,6.0,286,28.6139,77.209
2025-09-11T21:00,28.1,75,33.0,0.0,0.0,3,92,4.5,272,28.6139,77.209
2025-09-11T22:00,27.5,79,32.7,0.0,0.0,3,87,4.0,275,28.6139,77.209
2025-09-11T23:00,26.9,83,32.3,0.0,0.0,3,98,3.8,273,28.6139,77.209
2025-09-12T00:00,26.5,84,31.7,0.0,0.0,2,64,4.5,256,28.6139,77.209
2025-09-12T01:00,26.1,83,30.8,0.0,0.0,2,78,5.4,249,28.6139,77.209
2025-09-12T02:00,25.7,80,29.8,0.0,0.0,2,58,5.4,255,28.6139,77.209
2025-09-12T03:00,25.3,78,28.7,0.0,0.0,1,27,7.1,255,28.6139,77.209
2025-09-12T04:00,24.9,78,28.1,0.0,0.0,0,11,7.6,265,28.6139,77.209
2025-09-12T05:00,24.6,80,27.8,0.0,0.0,0,4,7.8,262,28.6139,77.209
2025-09-12T06:00,25.9,80,29.5,0.0,0.0,0,5,10.1,273,28.6139,77.209
2025-09-12T07:00,26.9,77,30.8,0.0,0.0,0,19,8.8,274,28.6139,77.209
2025-09-12T08:00,28.3,71,32.1,0.0,0.0,0,12,9.9,273,28.6139,77.209
2025-09-12T09:00,29.8,66,33.6,0.0,0.0,0,0,10.9,277,28.6139,77.209
2025-09-12T10:00,31.1,61,35.4,0.1,0.1,51,25,11.2,292,28.6139,77.209
2025-09-12T11:00,32.1,56,36.3,0.1,0.1,51,17,10.3,295,28.6139,77.209
2025-09-12T12:00,33.0,52,37.6,0.0,0.0,0,17,9.8,287,28.6139,77.209
2025-09-12T13:00,33.3,50,37.7,0.0,0.0,1,20,9.6,283,28.6139,77.209
2025-09-12T14:00,33.5,49,37.2,0.0,0.0,0,13,10.2,279,28.6139,77.209
2025-09-12T15:00,33.3,50,36.3,0.0,0.0,0,10,11.3,278,28.6139,77.209
2025-09-12T16:00,32.8,52,35.8,0.0,0.0,0,16,11.3,279,28.6139,77.209
2025-09-12T17:00,32.0,55,35.2,0.0,0.0,1,26,10.8,288,28.6139,77.209
2025-09-12T18:00,31.6,56,35.5,0.0,0.0,0,6,5.6,310,28.6139,77.209
2025-09-12T19:00,31.0,59,35.2,0.0,0.0,0,10,4.9,332,28.6139,77.209
2025-09-12T20:00,30.1,67,35.4,0.0,0.0,1,35,2.7,328,28.6139,77.209
2025-09-12T21:00,29.7,71,35.5,0.0,0.0,1,37,1.8,270,28.6139,77.209
2025-09-12T22:00,29.1,74,35.1,0.0,0.0,1,33,1.2,231,28.6139,77.209
2025-09-12T23:00,28.4,75,33.8,0.0,0.0,0,17,3.1,204,28.6139,77.209
2025-09-13T00:00,27.8,79,33.2,0.0,0.0,2,69,3.4,212,28.6139,77.209
2025-09-13T01:00,27.6,80,33.0,0.0,0.0,3,100,3.9,248,28.6139,77.209
2025-09-13T02:00,27.4,80,32.5,0.0,0.0,2,66,4.7,261,28.6139,77.209
2025-09-13T03:00,27.1,80,32.4,0.0,0.0,1,32,2.7,266,28.6139,77.209
2025-09-13T04:00,26.7,80,31.5,0.0,0.0,1,41,4.6,252,28.6139,77.209
2025-09-13T05:00,26.3,79,30.7,0.0,0.0,0,10,5.1,247,28.6139,77.209
2025-09-13T06:00,27.7,73,32.0,0.0,0.0,2,79,5.8,261,28.6139,77.209
2025-09-13T07:00,28.5,69,32.7,0.0,0.0,1,44,6.0,275,28.6139,77.209
2025-09-13T08:00,29.2,66,33.4,0.0,0.0,3,96,6.2,280,28.6139,77.209
2025-09-13T09:00,30.9,60,35.0,0.0,0.0,0,12,5.8,279,28.6139,77.209
2025-09-13T10:00,33.0,49,36.7,0.0,0.0,1,25,7.0,293,28.6139,77.209
2025-09-13T11:00,34.3,44,38.2,0.0,0.0,0,12,7.4,292,28.6139,77.209
2025-09-13T12:00,35.0,42,39.1,0.0,0.0,1,22,8.4,277,28.6139,77.209
2025-09-13T13:00,35.3,41,38.8,0.1,0.1,51,18,10.1,270,28.6139,77.209
2025-09-13T14:00,34.8,42,37.6,0.2,0.2,51,18,11.3,270,28.6139,77.209
2025-09-13T15:00,34.4,44,36.7,0.3,0.3,51,32,11.5,273,28.6139,77.209
2025-09-13T16:00,33.4,49,36.2,0.3,0.3,51,26,11.2,280,28.6139,77.209
2025-09-13T17:00,32.5,54,36.0,0.0,0.0,1,26,9.4,293,28.6139,77.209
2025-09-13T18:00,32.9,48,35.8,0.0,0.0,2,63,7.8,304,28.6139,77.209
2025-09-13T19:00,32.5,50,35.9,0.0,0.0,3,92,5.4,284,28.6139,77.209
2025-09-13T20:00,32.0,53,36.0,0.0,0.0,3,84,2.7,278,28.6139,77.209
2025-09-13T21:00,31.2,57,35.6,0.0,0.0,2,79,1.9,236,28.6139,77.209
2025-09-13T22:00,30.4,60,35.0,0.0,0.0,3,95,1.5,194,28.6139,77.209
2025-09-13T23:00,29.7,64,34.3,0.0,0.0,3,82,2.4,167,28.6139,77.209
2025-09-14T00:00,29.0,68,33.6,0.0,0.0,1,26,4.0,148,28.6139,77.209
2025-09-14T01:00,28.5,70,33.1,0.0,0.0,1,26,4.2,173,28.6139,77.209
2025-09-14T02:00,28.0,73,32.7,0.0,0.0,1,20,4.7,212,28.6139,77.209
2025-09-14T03:00,27.6,77,32.4,0.0,0.0,0,19,4.7,223,28.6139,77.209
2025-09-14T04:00,27.3,78,32.3,0.0,0.0,1,23,4.0,231,28.6139,77.209
2025-09-14T05:00,27.0,80,31.9,0.0,0.0,0,19,4.3,248,28.6139,77.209
2025-09-14T06:00,27.6,81,32.8,0.0,0.0,0,15,5.7,226,28.6139,77.209
2025-09-14T07:00,29.0,73,34.3,0.0,0.0,0,5,4.7,247,28.6139,77.209
2025-09-14T08:00,31.5,59,36.0,0.0,0.0,0,8,4.3,272,28.6139,77.209
2025-09-14T09:00,33.4,48,36.9,0.0,0.0,0,11,5.6,287,28.6139,77.209
2025-09-14T10:00,34.9,42,38.1,0.0,0.0,0,11,7.5,300,28.6139,77.209
2025-09-14T11:00,35.6,39,38.8,0.1,0.1,51,20,9.0,300,28.6139,77.209
2025-09-14T12:00,36.1,38,39.6,0.1,0.1,51,70,9.4,290,28.6139,77.209
2025-09-14T13:00,36.2,39,39.6,0.0,0.0,2,55,9.6,284,28.6139,77.209
2025-09-14T14:00,36.5,38,39.6,0.0,0.0,2,75,10.4,279,28.6139,77.209
2025-09-14T15:00,36.2,39,38.5,0.0,0.0,3,96,11.8,279,28.6139,77.209
2025-09-14T16:00,35.3,42,37.5,0.0,0.0,3,91,12.1,280,28.6139,77.209
2025-09-14T17:00,34.3,45,36.8,0.0,0.0,2,76,11.5,290,28.6139,77.209
2025-09-14T18:00,33.3,50,36.5,0.0,0.0,3,87,8.9,297,28.6139,77.209
2025-09-14T19:00,33.0,50,36.7,0.0,0.0,2,71,5.2,304,28.6139,77.209
2025-09-14T20:00,32.7,51,36.7,0.0,0.0,0,14,3.7,259,28.6139,77.209
2025-09-14T21:00,32.0,56,36.5,0.0,0.0,1,42,2.4,216,28.6139,77.209
2025-09-14T22:00,31.1,61,36.1,0.0,0.0,0,11,2.2,185,28.6139,77.209
2025-09-14T23:00,30.4,65,35.4,0.0,0.0,0,5,3.4,186,28.6139,77.209
2025-09-15T00:00,29.8,68,34.8,0.0,0.0,0,3,4.2,185,28.6139,77.209
2025-09-15T01:00,29.1,71,34.0,0.0,0.0,0,5,4.9,204,28.6139,77.209
2025-09-15T02:00,28.6,73,33.6,0.0,0.0,0,3,3.7,235,28.6139,77.209
2025-09-15T03:00,28.1,75,32.9,0.0,0.0,0,1,5.2,245,28.6139,77.209
2025-09-15T04:00,27.8,76,32.4,0.0,0.0,0,0,6.3,246,28.6139,77.209
2025-09-15T05:00,27.3,75,31.5,0.0,0.0,0,0,6.8,253,28.6139,77.209
2025-09-15T06:00,28.6,68,32.7,0.0,0.0,1,43,6.1,258,28.6139,77.209
2025-09-15T07:00,29.5,62,33.3,0.0,0.0,0,1,6.0,267,28.6139,77.209
2025-09-15T08:00,31.4,54,34.7,0.0,0.0,0,0,6.5,273,28.6139,77.209
2025-09-15T09:00,33.3,46,35.9,0.0,0.0,0,2,8.5,275,28.6139,77.209
2025-09-15T10:00,34.7,41,37.4,0.0,0.0,0,9,10.4,281,28.6139,77.209
2025-09-15T11:00,35.6,39,39.0,0.0,0.0,0,2,10.5,274,28.6139,77.209
2025-09-15T12:00,36.3,38,39.7,0.0,0.0,0,5,11.3,270,28.6139,77.209
2025-09-15T13:00,36.4,37,39.4,0.0,0.0,0,5,11.9,267,28.6139,77.209
2025-09-15T14:00,36.4,38,39.1,0.0,0.0,0,8,13.0,272,28.6139,77.209
2025-09-15T15:00,36.0,39,38.0,0.0,0.0,0,7,13.0,274,28.6139,77.209
2025-09-15T16:00,35.2,42,37.2,0.0,0.0,0,12,13.3,283,28.6139,77.209
2025-09-15T17:00,34.3,44,36.6,0.0,0.0,0,3,11.8,287,28.6139,77.209
2025-09-15T18:00,33.5,47,36.5,0.0,0.0,3,89,8.1,265,28.6139,77.209
2025-09-15T19:00,33.4,47,36.7,0.0,0.0,3,95,5.8,272,28.6139,77.209
2025-09-15T20:00,33.3,48,37.1,0.0,0.0,3,100,3.3,292,28.6139,77.209
2025-09-15T21:00,32.8,53,37.6,0.0,0.0,3,100,0.5,270,28.6139,77.209
2025-09-15T22:00,32.1,53,36.5,0.0,0.0,3,100,1.7,162,28.6139,77.209
2025-09-15T23:00,31.3,58,35.4,0.0,0.0,3,100,5.6,147,28.6139,77.209
2025-09-16T00:00,30.5,62,34.6,0.0,0.0,3,100,6.9,143,28.6139,77.209
2025-09-16T01:00,29.5,67,33.8,0.0,0.0,3,100,6.8,151,28.6139,77.209
2025-09-16T02:00,28.8,70,33.3,0.0,0.0,3,99,5.7,148,28.6139,77.209
2025-09-16T03:00,28.4,71,32.8,0.0,0.0,3,98,6.0,153,28.6139,77.209
2025-09-16T04:00,28.0,73,32.4,0.0,0.0,1,24,6.4,112,28.6139,77.209
2025-09-16T05:00,27.3,77,31.7,0.0,0.0,0,4,6.9,97,28.6139,77.209
2025-09-16T06:00,28.8,62,32.0,0.0,0.0,3,100,6.4,288,28.6139,77.209
2025-09-16T07:00,29.2,60,32.5,0.0,0.0,3,98,5.4,323,28.6139,77.209
2025-09-16T08:00,30.4,56,33.8,0.0,0.0,2,78,4.9,309,28.6139,77.209
2025-09-16T09:00,32.4,48,35.6,0.0,0.0,1,22,4.4,291,28.6139,77.209
2025-09-16T10:00,34.1,43,37.5,0.0,0.0,0,12,6.0,287,28.6139,77.209
2025-09-16T11:00,35.3,40,39.3,0.0,0.0,3,81,6.7,278,28.6139,77.209
2025-09-16T12:00,36.2,38,40.2,0.0,0.0,1,49,7.6,267,28.6139,77.209
2025-09-16T13:00,36.8,37,40.7,0.0,0.0,1,38,8.3,268,28.6139,77.209
2025-09-16T14:00,36.6,38,39.3,0.0,0.0,2,61,10.2,261,28.6139,77.209
2025-09-16T15:00,35.7,41,38.2,0.0,0.0,1,37,10.0,257,28.6139,77.209
2025-09-16T16:00,35.2,42,38.0,0.0,0.0,1,31,8.5,265,28.6139,77.209
2025-09-16T17:00,34.3,45,37.9,0.0,0.0,1,34,3.5,282,28.6139,77.209
2025-09-16T18:00,32.6,56,37.4,0.0,0.0,0,17,2.7,94,28.6139,77.209
2025-09-16T19:00,32.6,53,37.0,0.0,0.0,1,21,2.2,95,28.6139,77.209
2025-09-16T20:00,31.0,61,35.0,0.1,0.1,51,28,8.3,129,28.6139,77.209
2025-09-16T21:00,30.0,67,34.5,0.0,0.0,0,7,8.1,111,28.6139,77.209
2025-09-16T22:00,29.2,71,33.7,0.0,0.0,0,15,8.5,103,28.6139,77.209
2025-09-16T23:00,28.4,74,32.9,0.0,0.0,0,8,7.7,121,28.6139,77.209
2025-09-17T00:00,27.9,75,32.3,0.0,0.0,0,4,7.0,134,28.6139,77.209
2025-09-17T01:00,27.5,76,31.9,0.0,0.0,0,0,6.9,152,28.6139,77.209
2025-09-17T02:00,27.1,77,31.6,0.0,0.0,0,0,6.2,163,28.6139,77.209
2025-09-17T03:00,26.9,79,31.7,0.0,0.0,0,3,4.2,168,28.6139,77.209
2025-09-17T04:00,27.0,80,32.4,0.0,0.0,0,5,1.0,135,28.6139,77.209
2025-09-17T05:00,26.7,80,31.0,0.0,0.0,1,29,7.7,54,28.6139,77.209
2025-09-17T06:00,27.4,76,32.2,0.0,0.0,0,11,3.1,177,28.6139,77.209
2025-09-17T07:00,28.8,70,34.0,0.0,0.0,0,7,1.8,37,28.6139,77.209
2025-09-17T08:00,30.6,64,35.8,0.0,0.0,0,2,1.7,41,28.6139,77.209
2025-09-17T09:00,32.5,55,37.3,0.0,0.0,0,6,1.7,319,28.6139,77.209
2025-09-17T10:00,33.9,49,38.5,0.1,0.1,51,26,4.9,332,28.6139,77.209
2025-09-17T11:00,35.1,44,39.7,0.0,0.0,1,28,4.5,337,28.6139,77.209
2025-09-17T12:00,36.2,40,40.7,0.0,0.0,1,36,5.2,338,28.6139,77.209
2025-09-17T13:00,36.4,38,40.4,0.0,0.0,1,43,6.2,338,28.6139,77.209
2025-09-17T14:00,36.3,39,39.6,0.1,0.1,51,29,7.3,330,28.6139,77.209
2025-09-17T15:00,35.8,40,38.4,0.0,0.0,1,34,8.9,322,28.6139,77.209
2025-09-17T16:00,35.2,42,37.9,0.0,0.0,0,18,9.5,316,28.6139,77.209
2025-09-17T17:00,34.2,45,37.2,0.0,0.0,0,14,7.8,312,28.6139,77.209
2025-09-17T18:00,31.6,61,36.9,0.0,0.0,0,12,1.8,101,28.6139,77.209
2025-09-17T19:00,31.4,62,36.8,0.0,0.0,0,12,2.1,200,28.6139,77.209
2025-09-17T20:00,31.1,64,36.5,0.0,0.0,1,32,1.8,114,28.6139,77.209
2025-09-17T21:00,30.7,65,35.6,0.0,0.0,0,11,5.8,116,28.6139,77.209
2025-09-17T22:00,29.5,73,34.5,0.0,0.0,0,8,7.8,128,28.6139,77.209
2025-09-17T23:00,28.5,79,33.8,0.0,0.0,0,2,7.4,139,28.6139,77.209
2025-09-18T00:00,27.8,82,33.2,0.0,0.0,0,7,6.5,122,28.6139,77.209
2025-09-18T01:00,27.2,85,32.6,0.0,0.0,0,14,6.8,102,28.6139,77.209
2025-09-18T02:00,26.3,87,31.3,0.0,0.0,0,18,7.2,102,28.6139,77.209
2025-09-18T03:00,25.8,88,30.6,0.0,0.0,0,7,6.6,106,28.6139,77.209
2025-09-18T04:00,25.4,89,30.0,0.0,0.0,0,10,7.2,89,28.6139,77.209
2025-09-18T05:00,25.1,90,29.9,0.0,0.0,0,11,5.9,102,28.6139,77.209
2025-09-18T06:00,27.3,82,32.9,0.0,0.0,0,19,3.9,124,28.6139,77.209
2025-09-18T07:00,27.9,79,33.3,0.0,0.0,0,5,4.5,113,28.6139,77.209
2025-09-18T08:00,29.4,73,34.8,0.0,0.0,0,2,4.2,155,28.6139,77.209
2025-09-18T09:00,31.4,63,36.9,0.1,0.1,51,17,2.2,156,28.6139,77.209
2025-09-18T10:00,33.3,52,38.5,0.1,0.1,51,19,2.7,352,28.6139,77.209
2025-09-18T11:00,34.9,45,39.6,0.0,0.0,1,21,4.9,358,28.6139,77.209
2025-09-18T12:00,34.9,43,39.0,0.0,0.0,1,36,7.2,359,28.6139,77.209
2025-09-18T13:00,32.8,48,36.8,0.7,0.7,53,78,4.2,329,28.6139,77.209
2025-09-18T14:00,31.9,55,36.1,0.2,0.2,51,48,3.1,270,28.6139,77.209
2025-09-18T15:00,32.2,56,36.3,0.3,0.3,51,15,6.7,270,28.6139,77.209
2025-09-18T16:00,32.5,55,36.8,0.2,0.2,51,23,4.9,287,28.6139,77.209
2025-09-18T17:00,32.0,57,36.5,0.0,0.0,0,16,4.6,312,28.6139,77.209
2025-09-18T18:00,32.7,51,35.9,0.0,0.0,2,79,8.5,2,28.6139,77.209
2025-09-18T19:00,32.0,57,36.2,0.0,0.0,3,98,6.7,24,28.6139,77.209
2025-09-18T20:00,31.6,60,36.3,0.0,0.0,0,4,4.5,56,28.6139,77.209
2025-09-18T21:00,31.1,63,36.1,0.0,0.0,0,4,3.8,90,28.6139,77.209
2025-09-18T22:00,30.3,67,35.3,0.0,0.0,0,2,5.3,108,28.6139,77.209
2025-09-18T23:00,29.5,71,34.7,0.0,0.0,0,1,5.2,110,28.6139,77.209
2025-09-19T00:00,28.9,75,34.4,0.0,0.0,0,0,3.6,108,28.6139,77.209
2025-09-19T01:00,28.4,78,34.2,0.0,0.0,0,1,3.2,133,28.6139,77.209
2025-09-19T02:00,28.0,81,33.7,0.0,0.0,0,0,4.3,132,28.6139,77.209
2025-09-19T03:00,27.5,84,33.3,0.0,0.0,0,0,4.2,140,28.6139,77.209
2025-09-19T04:00,27.1,86,33.0,0.0,0.0,0,0,3.9,167,28.6139,77.209
2025-09-19T05:00,26.8,88,32.8,0.0,0.0,0,0,3.0,197,28.6139,77.209
2025-09-19T06:00,27.5,79,32.4,0.0,0.0,0,4,6.3,175,28.6139,77.209
2025-09-19T07:00,28.6,72,33.4,0.0,0.0,0,2,4.3,213,28.6139,77.209
2025-09-19T08:00,30.7,64,35.7,0.0,0.0,0,8,3.7,256,28.6139,77.209
2025-09-19T09:00,32.6,53,36.6,0.0,0.0,0,18,5.4,290,28.6139,77.209
2025-09-19T10:00,32.4,52,35.4,0.4,0.4,51,65,11.5,315,28.6139,77.209
2025-09-19T11:00,33.5,47,36.5,0.0,0.0,0,17,7.8,323,28.6139,77.209
2025-09-19T12:00,34.8,41,38.1,0.1,0.1,51,33,8.9,333,28.6139,77.209
2025-09-19T13:00,34.9,42,38.1,0.2,0.2,51,34,9.8,324,28.6139,77.209
2025-09-19T14:00,35.4,41,38.5,0.0,0.0,0,17,8.7,326,28.6139,77.209
2025-09-19T15:00,35.5,41,37.8,0.0,0.0,0,19,10.7,331,28.6139,77.209
2025-09-19T16:00,34.6,42,36.9,0.0,0.0,0,11,10.7,330,28.6139,77.209
2025-09-19T17:00,33.6,47,36.3,0.0,0.0,0,4,10.8,324,28.6139,77.209
2025-09-19T18:00,32.6,54,36.1,0.0,0.0,2,75,9.1,326,28.6139,77.209
2025-09-19T19:00,31.9,59,36.2,0.0,0.0,1,28,6.7,340,28.6139,77.209
2025-09-19T20:00,31.3,61,35.7,0.0,0.0,0,6,6.1,357,28.6139,77.209
2025-09-19T21:00,30.7,63,35.6,0.0,0.0,0,1,3.6,351,28.6139,77.209
2025-09-19T22:00,30.2,67,35.5,0.0,0.0,0,0,2.7,323,28.6139,77.209
2025-09-19T23:00,29.7,69,34.8,0.0,0.0,0,0,3.1,332,28.6139,77.209
2025-09-20T00:00,29.2,72,34.7,0.0,0.0,0,0,2.3,337,28.6139,77.209
2025-09-20T01:00,28.5,73,33.7,0.0,0.0,0,0,2.5,240,28.6139,77.209
2025-09-20T02:00,28.1,73,32.8,0.0,0.0,0,0,4.2,252,28.6139,77.209
2025-09-20T03:00,27.5,76,32.2,0.0,0.0,0,2,4.9,272,28.6139,77.209
2025-09-20T04:00,27.1,79,31.9,0.0,0.0,0,0,4.2,295,28.6139,77.209
2025-09-20T05:00,26.8,80,31.8,0.0,0.0,0,0,3.8,295,28.6139,77.209
2025-09-20T06:00,28.2,79,33.4,0.0,0.0,0,0,6.7,278,28.6139,77.209
2025-09-20T07:00,29.2,74,34.4,0.0,0.0,0,0,6.3,270,28.6139,77.209
2025-09-20T08:00,31.3,59,35.2,0.0,0.0,0,0,8.5,283,28.6139,77.209
2025-09-20T09:00,33.3,45,35.3,0.0,0.0,0,7,11.4,305,28.6139,77.209
2025-09-20T10:00,34.5,40,36.4,0.0,0.0,0,9,12.5,313,28.6139,77.209
2025-09-20T11:00,35.3,38,37.6,0.0,0.0,0,11,12.7,314,28.6139,77.209
2025-09-20T12:00,35.8,37,38.1,0.0,0.0,1,33,12.7,315,28.6139,77.209
2025-09-20T13:00,36.2,37,38.7,0.0,0.0,0,14,12.9,314,28.6139,77.209
2025-09-20T14:00,36.0,37,37.8,0.0,0.0,0,16,13.8,310,28.6139,77.209
2025-09-20T15:00,35.7,37,36.9,0.0,0.0,0,17,14.1,308,28.6139,77.209
2025-09-20T16:00,35.0,39,36.1,0.0,0.0,0,11,14.8,308,28.6139,77.209
2025-09-20T17:00,34.0,41,35.2,0.0,0.0,0,3,14.4,311,28.6139,77.209
2025-09-20T18:00,32.8,45,34.6,0.0,0.0,0,0,11.3,316,28.6139,77.209
2025-09-20T19:00,32.1,48,34.7,0.0,0.0,0,0,8.1,321,28.6139,77.209
2025-09-20T20:00,31.2,53,34.6,0.0,0.0,0,0,5.4,318,28.6139,77.209
2025-09-20T21:00,30.4,59,34.4,0.0,0.0,0,0,3.5,294,28.6139,77.209
2025-09-20T22:00,29.7,61,33.6,0.0,0.0,0,0,4.5,254,28.6139,77.209
2025-09-20T23:00,28.8,65,32.9,0.0,0.0,0,0,3.8,267,28.6139,77.209
2025-09-21T00:00,28.1,66,31.7,0.0,0.0,0,0,6.0,260,28.6139,77.209
2025-09-21T01:00,27.3,68,30.5,0.0,0.0,0,0,6.6,261,28.6139,77.209
2025-09-21T02:00,26.6,69,29.8,0.0,0.0,0,0,6.4,259,28.6139,77.209
2025-09-21T03:00,26.1,71,29.3,0.0,0.0,0,0,6.6,254,28.6139,77.209
2025-09-21T04:00,25.7,72,28.7,0.0,0.0,0,0,6.8,252,28.6139,77.209
2025-09-21T05:00,25.4,71,28.1,0.0,0.0,0,0,6.7,254,28.6139,77.209
2025-09-21T06:00,27.1,73,31.1,0.0,0.0,0,0,5.5,279,28.6139,77.209
2025-09-21T07:00,28.1,69,32.1,0.0,0.0,0,0,5.2,286,28.6139,77.209
2025-09-21T08:00,30.2,61,34.1,0.0,0.0,0,0,5.5,289,28.6139,77.209
2025-09-21T09:00,32.3,54,35.6,0.0,0.0,0,7,9.3,294,28.6139,77.209
2025-09-21T10:00,33.9,45,36.6,0.0,0.0,0,11,13.0,297,28.6139,77.209
2025-09-21T11:00,35.1,40,37.4,0.0,0.0,0,14,14.4,301,28.6139,77.209
2025-09-21T12:00,35.8,37,37.9,0.0,0.0,0,6,14.4,300,28.6139,77.209
2025-09-21T13:00,36.3,35,38.4,0.0,0.0,0,16,13.8,299,28.6139,77.209
2025-09-21T14:00,36.4,34,37.9,0.0,0.0,1,21,13.4,301,28.6139,77.209
2025-09-21T15:00,36.1,35,37.2,0.0,0.0,1,20,13.2,304,28.6139,77.209
2025-09-21T16:00,35.3,38,36.5,0.0,0.0,1,25,13.5,307,28.6139,77.209
2025-09-21T17:00,34.2,43,35.9,0.0,0.0,0,6,13.6,307,28.6139,77.209
2025-09-21T18:00,33.2,44,34.9,0.0,0.0,0,7,11.5,302,28.6139,77.209
2025-09-21T19:00,32.8,44,34.5,0.0,0.0,0,7,10.8,294,28.6139,77.209
2025-09-21T20:00,32.2,46,34.2,0.0,0.0,0,2,9.5,302,28.6139,77.209
2025-09-21T21:00,31.1,51,33.8,0.0,0.0,0,2,7.1,294,28.6139,77.209
2025-09-21T22:00,30.4,55,33.5,0.0,0.0,0,0,5.6,310,28.6139,77.209
2025-09-21T23:00,29.7,57,33.1,0.0,0.0,0,0,4.0,280,28.6139,77.209
2025-09-22T00:00,28.7,62,31.9,0.0,0.0,0,0,6.7,243,28.6139,77.209
2025-09-22T01:00,27.9,65,31.3,0.0,0.0,0,0,4.8,257,28.6139,77.209
2025-09-22T02:00,27.3,67,30.7,0.0,0.0,0,0,4.6,244,28.6139,77.209
2025-09-22T03:00,26.9,67,30.2,0.0,0.0,0,0,4.8,243,28.6139,77.209
2025-09-22T04:00,26.5,68,29.5,0.0,0.0,0,0,5.7,257,28.6139,77.209
2025-09-22T05:00,26.1,68,29.1,0.0,0.0,0,0,5.2,266,28.6139,77.209
2025-09-22T06:00,27.3,74,31.4,0.0,0.0,0,0,6.4,260,28.6139,77.209
2025-09-22T07:00,28.5,68,32.5,0.0,0.0,0,0,5.9,259,28.6139,77.209
2025-09-22T08:00,30.5,59,34.2,0.0,0.0,0,1,7.3,263,28.6139,77.209
2025-09-22T09:00,32.7,50,35.6,0.0,0.0,0,1,9.2,270,28.6139,77.209
2025-09-22T10:00,34.1,44,36.8,0.0,0.0,0,0,12.2,278,28.6139,77.209
2025-09-22T11:00,35.3,39,38.2,0.0,0.0,0,0,12.8,289,28.6139,77.209
2025-09-22T12:00,36.4,34,38.6,0.0,0.0,0,10,14.1,297,28.6139,77.209
2025-09-22T13:00,36.9,31,38.2,0.0,0.0,0,4,15.7,300,28.6139,77.209
2025-09-22T14:00,36.8,31,37.6,0.0,0.0,0,7,16.0,299,28.6139,77.209
2025-09-22T15:00,36.6,31,36.7,0.0,0.0,0,7,15.6,299,28.6139,77.209
2025-09-22T16:00,35.5,36,36.1,0.0,0.0,0,10,15.9,303,28.6139,77.209
2025-09-22T17:00,34.5,39,35.4,0.0,0.0,0,3,15.3,302,28.6139,77.209
2025-09-22T18:00,34.0,39,35.1,0.0,0.0,0,3,12.6,304,28.6139,77.209
2025-09-22T19:00,33.0,43,34.6,0.0,0.0,0,3,11.1,299,28.6139,77.209
2025-09-22T20:00,32.1,46,33.9,0.0,0.0,0,1,10.8,296,28.6139,77.209
2025-09-22T21:00,31.2,50,33.3,0.0,0.0,0,0,10.2,293,28.6139,77.209
2025-09-22T22:00,30.6,51,32.6,0.0,0.0,0,0,9.9,291,28.6139,77.209
2025-09-22T23:00,30.2,51,32.3,0.0,0.0,0,0,8.6,299,28.6139,77.209
2025-09-23T00:00,29.9,52,32.1,0.0,0.0,0,0,7.1,311,28.6139,77.209
2025-09-23T01:00,28.9,55,31.1,0.0,0.0,0,0,6.8,267,28.6139,77.209
2025-09-23T02:00,27.8,58,30.1,0.0,0.0,0,0,6.2,260,28.6139,77.209
2025-09-23T03:00,27.0,61,29.4,0.0,0.0,0,0,6.3,257,28.6139,77.209
2025-09-23T04:00,26.5,63,28.8,0.0,0.0,0,0,6.8,259,28.6139,77.209
2025-09-23T05:00,26.1,65,28.4,0.0,0.0,0,0,7.5,260,28.6139,77.209
2025-09-23T06:00,27.0,71,30.5,0.0,0.0,0,0,7.4,276,28.6139,77.209
2025-09-23T07:00,27.8,68,31.1,0.0,0.0,0,0,7.6,275,28.6139,77.209
2025-09-23T08:00,29.8,57,32.6,0.0,0.0,0,0,8.7,276,28.6139,77.209
2025-09-23T09:00,32.0,50,34.3,0.0,0.0,0,0,11.6,282,28.6139,77.209
2025-09-23T10:00,33.9,46,36.5,0.0,0.0,0,0,13.7,291,28.6139,77.209
2025-09-23T11:00,35.4,38,37.7,0.0,0.0,0,8,15.1,305,28.6139,77.209
2025-09-23T12:00,36.4,34,38.2,0.0,0.0,0,8,15.4,307,28.6139,77.209
2025-09-23T13:00,36.7,33,38.1,0.0,0.0,1,40,16.2,308,28.6139,77.209
2025-09-23T14:00,36.6,33,37.5,0.0,0.0,0,4,16.7,307,28.6139,77.209
2025-09-23T15:00,36.1,33,36.3,0.0,0.0,0,1,15.8,308,28.6139,77.209
2025-09-23T16:00,35.2,35,35.5,0.0,0.0,0,0,15.7,309,28.6139,77.209
2025-09-23T17:00,34.2,36,34.6,0.0,0.0,0,0,14.5,304,28.6139,77.209
2025-09-23T18:00,33.2,38,33.7,0.0,0.0,0,3,12.9,297,28.6139,77.209
2025-09-23T19:00,32.6,39,33.3,0.0,0.0,0,3,11.5,305,28.6139,77.209
2025-09-23T20:00,32.2,39,33.1,0.0,0.0,0,1,9.7,321,28.6139,77.209
2025-09-23T21:00,31.5,41,32.8,0.0,0.0,0,1,7.3,320,28.6139,77.209
2025-09-23T22:00,30.9,44,32.5,0.0,0.0,0,1,6.7,308,28.6139,77.209
2025-09-23T23:00,29.6,49,31.3,0.0,0.0,0,1,7.1,261,28.6139,77.209
2025-09-24T00:00,28.4,55,30.5,0.0,0.0,0,0,7.5,259,28.6139,77.209
2025-09-24T01:00,27.9,58,30.1,0.0,0.0,0,0,7.0,267,28.6139,77.209
2025-09-24T02:00,27.3,60,29.5,0.0,0.0,0,0,7.2,264,28.6139,77.209
2025-09-24T03:00,26.7,61,28.8,0.0,0.0,0,0,7.0,266,28.6139,77.209
2025-09-24T04:00,26.3,61,28.2,0.0,0.0,0,0,7.0,271,28.6139,77.209
2025-09-24T05:00,25.8,62,27.6,0.0,0.0,0,0,6.9,265,28.6139,77.209
2025-09-24T06:00,26.3,68,28.6,0.0,0.0,0,0,10.1,276,28.6139,77.209
2025-09-24T07:00,27.2,63,29.6,0.0,0.0,0,0,8.6,270,28.6139,77.209
2025-09-24T08:00,29.1,58,31.3,0.0,0.0,0,0,10.6,284,28.6139,77.209
2025-09-24T09:00,31.1,52,33.3,0.0,0.0,0,0,12.2,290,28.6139,77.209
2025-09-24T10:00,33.0,47,35.3,0.0,0.0,0,0,14.7,295,28.6139,77.209
2025-09-24T11:00,34.6,39,36.5,0.0,0.0,0,0,15.6,301,28.6139,77.209
2025-09-24T12:00,35.5,34,37.3,0.0,0.0,0,0,15.1,302,28.6139,77.209
2025-09-24T13:00,36.0,33,37.6,0.0,0.0,0,0,15.0,302,28.6139,77.209
2025-09-24T14:00,36.1,32,37.0,0.0,0.0,0,0,14.8,301,28.6139,77.209
2025-09-24T15:00,35.7,32,36.0,0.0,0.0,0,0,14.1,298,28.6139,77.209
2025-09-24T16:00,35.0,34,35.4,0.0,0.0,0,0,13.8,297,28.6139,77.209
2025-09-24T17:00,33.7,39,34.6,0.0,0.0,0,0,12.7,297,28.6139,77.209
2025-09-24T18:00,33.1,44,35.1,0.0,0.0,0,0,9.5,306,28.6139,77.209
2025-09-24T19:00,32.5,46,35.2,0.0,0.0,0,0,6.5,316,28.6139,77.209
2025-09-24T20:00,32.0,48,34.9,0.0,0.0,0,0,5.5,314,28.6139,77.209
2025-09-24T21:00,31.2,51,34.2,0.0,0.0,0,0,5.1,318,28.6139,77.209
2025-09-24T22:00,30.3,55,33.7,0.0,0.0,0,0,3.8,295,28.6139,77.209
2025-09-24T23:00,29.4,59,32.5,0.0,0.0,0,0,6.5,264,28.6139,77.209
2025-09-25T00:00,28.5,63,31.9,0.0,0.0,0,0,6.3,277,28.6139,77.209
2025-09-25T01:00,28.0,66,31.5,0.0,0.0,0,0,5.5,279,28.6139,77.209
2025-09-25T02:00,27.5,67,31.2,0.0,0.0,0,0,4.4,277,28.6139,77.209
2025-09-25T03:00,27.0,69,30.7,0.0,0.0,0,0,4.0,262,28.6139,77.209
2025-09-25T04:00,26.4,72,30.0,0.0,0.0,0,0,5.2,266,28.6139,77.209
2025-09-25T05:00,25.9,74,29.2,0.0,0.0,0,0,6.5,272,28.6139,77.209
2025-09-25T06:00,26.0,75,29.1,0.0,0.0,0,0,8.9,277,28.6139,77.209
2025-09-25T07:00,27.0,68,29.9,0.0,0.0,0,0,8.0,279,28.6139,77.209
2025-09-25T08:00,29.2,57,31.9,0.0,0.0,0,0,7.6,282,28.6139,77.209
2025-09-25T09:00,31.7,48,33.7,0.0,0.0,0,0,10.0,288,28.6139,77.209
2025-09-25T10:00,33.7,41,35.6,0.0,0.0,0,0,11.9,295,28.6139,77.209
2025-09-25T11:00,35.0,36,37.0,0.0,0.0,0,0,12.9,300,28.6139,77.209
2025-09-25T12:00,35.8,34,38.0,0.0,0.0,0,0,12.8,304,28.6139,77.209
2025-09-25T13:00,36.1,34,38.2,0.0,0.0,0,0,13.1,304,28.6139,77.209
2025-09-25T14:00,36.2,33,37.7,0.0,0.0,0,0,13.5,307,28.6139,77.209
2025-09-25T15:00,35.9,33,36.6,0.0,0.0,0,0,13.4,307,28.6139,77.209
2025-09-25T16:00,35.1,36,35.9,0.0,0.0,0,0,13.0,305,28.6139,77.209
2025-09-25T17:00,33.8,41,35.1,0.0,0.0,0,0,12.8,304,28.6139,77.209
2025-09-25T18:00,33.0,44,34.9,0.0,0.0,0,0,9.9,305,28.6139,77.209
2025-09-25T19:00,32.4,46,34.9,0.0,0.0,0,0,7.2,295,28.6139,77.209
2025-09-25T20:00,31.7,50,34.4,0.0,0.0,0,0,6.9,298,28.6139,77.209
2025-09-25T21:00,31.0,51,33.9,0.0,0.0,0,0,5.4,307,28.6139,77.209
2025-09-25T22:00,30.4,52,33.1,0.0,0.0,0,0,5.6,310,28.6139,77.209
2025-09-25T23:00,29.9,53,32.5,0.0,0.0,0,0,6.0,321,28.6139,77.209
2025-09-26T00:00,29.3,54,32.0,0.0,0.0,0,0,5.1,324,28.6139,77.209
2025-09-26T01:00,28.5,57,31.3,0.0,0.0,0,0,4.6,296,28.6139,77.209
2025-09-26T02:00,27.6,61,30.4,0.0,0.0,0,0,4.9,272,28.6139,77.209
2025-09-26T03:00,26.7,66,29.6,0.0,0.0,0,0,5.5,281,28.6139,77.209
2025-09-26T04:00,26.2,69,29.3,0.0,0.0,0,0,5.0,285,28.6139,77.209
2025-09-26T05:00,25.8,71,29.0,0.0,0.0,0,0,4.9,280,28.6139,77.209
2025-09-26T06:00,26.7,76,30.6,0.0,0.0,0,0,6.7,308,28.6139,77.209
2025-09-26T07:00,27.7,72,31.8,0.0,0.0,0,0,5.7,302,28.6139,77.209
2025-09-26T08:00,29.8,62,33.7,0.0,0.0,0,0,6.5,309,28.6139,77.209
2025-09-26T09:00,32.5,50,35.4,0.0,0.0,0,0,9.8,322,28.6139,77.209
2025-09-26T10:00,34.4,40,36.2,0.0,0.0,0,0,14.0,325,28.6139,77.209
2025-09-26T11:00,35.6,36,37.6,0.0,0.0,0,0,13.9,322,28.6139,77.209
2025-09-26T12:00,36.4,33,38.6,0.0,0.0,0,0,13.0,319,28.6139,77.209
2025-09-26T13:00,36.9,31,38.9,0.0,0.0,0,0,13.1,318,28.6139,77.209
2025-09-26T14:00,37.0,30,38.2,0.0,0.0,0,0,13.5,316,28.6139,77.209
2025-09-26T15:00,36.6,32,37.2,0.0,0.0,0,0,13.5,316,28.6139,77.209
2025-09-26T16:00,35.4,39,37.0,0.0,0.0,0,0,13.4,318,28.6139,77.209
2025-09-26T17:00,34.2,45,36.4,0.0,0.0,0,0,12.5,319,28.6139,77.209
2025-09-26T18:00,33.5,49,36.6,0.0,0.0,0,0,10.0,321,28.6139,77.209
2025-09-26T19:00,33.0,51,36.7,0.0,0.0,0,0,6.9,319,28.6139,77.209
2025-09-26T20:00,32.3,55,36.5,0.0,0.0,0,0,5.6,315,28.6139,77.209
2025-09-26T21:00,31.6,58,35.8,0.0,0.0,0,0,5.4,326,28.6139,77.209
2025-09-26T22:00,31.0,59,35.1,0.0,0.0,0,0,5.3,325,28.6139,77.209
2025-09-26T23:00,30.4,59,34.2,0.0,0.0,0,0,5.6,329,28.6139,77.209
2025-09-27T00:00,29.6,61,33.4,0.0,0.0,0,0,4.6,339,28.6139,77.209
2025-09-27T01:00,29.1,62,32.9,0.0,0.0,0,0,4.3,358,28.6139,77.209
2025-09-27T02:00,28.7,63,32.4,0.0,0.0,0,0,4.3,2,28.6139,77.209
2025-09-27T03:00,28.2,65,31.9,0.0,0.0,0,0,4.1,360,28.6139,77.209
2025-09-27T04:00,27.8,67,31.4,0.0,0.0,0,0,5.1,343,28.6139,77.209
2025-09-27T05:00,27.2,70,30.9,0.0,0.0,0,0,5.0,347,28.6139,77.209
2025-09-27T06:00,28.1,73,32.8,0.0,0.0,0,1,4.3,5,28.6139,77.209
2025-09-27T07:00,29.1,69,33.9,0.0,0.0,0,10,3.9,22,28.6139,77.209
2025-09-27T08:00,31.3,60,36.1,0.0,0.0,0,7,3.3,22,28.6139,77.209
2025-09-27T09:00,33.4,51,37.6,0.0,0.0,1,27,3.7,35,28.6139,77.209
2025-09-27T10:00,35.0,44,39.4,0.0,0.0,1,46,3.5,55,28.6139,77.209
2025-09-27T11:00,36.5,39,41.2,0.0,0.0,0,10,3.3,54,28.6139,77.209
2025-09-27T12:00,37.7,35,42.3,0.0,0.0,0,0,3.8,87,28.6139,77.209
2025-09-27T13:00,38.6,33,42.7,0.0,0.0,0,10,4.7,94,28.6139,77.209
2025-09-27T14:00,38.7,32,41.9,0.0,0.0,1,25,6.1,78,28.6139,77.209
2025-09-27T15:00,37.3,35,40.1,0.0,0.0,1,45,3.3,68,28.6139,77.209
2025-09-27T16:00,36.0,38,39.0,0.0,0.0,1,46,4.2,130,28.6139,77.209
2025-09-27T17:00,34.9,45,38.6,0.0,0.0,0,10,4.4,145,28.6139,77.209
2025-09-27T18:00,34.5,45,38.2,0.1,0.1,51,20,3.6,70,28.6139,77.209
2025-09-27T19:00,33.4,53,38.1,0.0,0.0,1,48,2.7,53,28.6139,77.209
2025-09-27T20:00,33.0,56,38.3,0.0,0.0,2,51,1.0,149,28.6139,77.209
2025-09-27T21:00,32.0,60,37.3,0.0,0.0,2,67,2.6,155,28.6139,77.209
2025-09-27T22:00,31.3,65,36.9,0.0,0.0,0,5,3.1,144,28.6139,77.209
2025-09-27T23:00,30.8,69,36.7,0.0,0.0,0,7,3.6,131,28.6139,77.209
2025-09-28T00:00,30.4,71,36.3,0.0,0.0,0,19,3.4,115,28.6139,77.209
2025-09-28T01:00,30.1,71,35.6,0.0,0.0,1,31,4.1,119,28.6139,77.209
2025-09-28T02:00,29.6,72,34.9,0.0,0.0,0,3,5.0,111,28.6139,77.209
2025-09-28T03:00,29.0,74,34.1,0.0,0.0,0,5,6.3,108,28.6139,77.209
2025-09-28T04:00,28.6,76,33.5,0.0,0.0,0,1,7.7,115,28.6139,77.209
2025-09-28T05:00,28.3,77,33.3,0.0,0.0,0,7,7.1,117,28.6139,77.209
2025-09-28T06:00,29.3,75,34.5,0.0,0.0,0,1,7.8,138,28.6139,77.209
2025-09-28T07:00,30.0,71,35.2,0.0,0.0,0,0,7.0,113,28.6139,77.209
2025-09-28T08:00,31.2,66,35.8,0.0,0.0,0,1,10.0,108,28.6139,77.209
2025-09-28T09:00,32.6,59,36.8,0.0,0.0,0,0,10.8,105,28.6139,77.209
2025-09-28T10:00,34.2,50,37.8,0.0,0.0,0,10,12.4,99,28.6139,77.209
2025-09-28T11:00,35.4,43,38.6,0.0,0.0,0,6,13.5,99,28.6139,77.209
2025-09-28T12:00,36.0,41,39.3,0.0,0.0,0,18,13.3,99,28.6139,77.209
2025-09-28T13:00,36.3,42,40.0,0.0,0.0,0,9,11.9,95,28.6139,77.209
2025-09-28T14:00,36.5,41,39.8,0.0,0.0,0,13,11.3,92,28.6139,77.209
2025-09-28T15:00,36.3,42,39.2,0.0,0.0,0,15,10.4,89,28.6139,77.209
2025-09-28T16:00,35.7,44,38.9,0.0,0.0,0,12,9.6,96,28.6139,77.209
2025-09-28T17:00,34.7,48,38.2,0.0,0.0,0,7,9.7,105,28.6139,77.209
2025-09-28T18:00,33.4,55,37.7,0.0,0.0,0,8,9.0,106,28.6139,77.209
2025-09-28T19:00,32.8,58,37.3,0.0,0.0,0,3,8.5,108,28.6139,77.209
2025-09-28T20:00,32.5,59,37.1,0.0,0.0,0,2,7.8,112,28.6139,77.209
2025-09-28T21:00,32.0,62,36.9,0.0,0.0,0,2,7.3,101,28.6139,77.209
2025-09-28T22:00,31.2,66,36.2,0.0,0.0,0,1,7.9,103,28.6139,77.209
2025-09-28T23:00,30.5,70,35.7,0.0,0.0,0,0,6.8,112,28.6139,77.209
2025-09-29T00:00,29.9,73,35.3,0.0,0.0,0,0,6.2,116,28.6139,77.209
2025-09-29T01:00,29.4,74,34.7,0.0,0.0,0,0,6.8,112,28.6139,77.209
2025-09-29T02:00,28.9,76,34.1,0.0,0.0,0,0,6.7,110,28.6139,77.209
2025-09-29T03:00,28.5,78,33.7,0.0,0.0,0,0,6.5,114,28.6139,77.209
2025-09-29T04:00,28.1,79,33.3,0.0,0.0,0,0,6.8,112,28.6139,77.209
2025-09-29T05:00,27.8,81,33.0,0.0,0.0,0,0,6.9,104,28.6139,77.209
2025-09-29T06:00,28.3,76,33.2,0.0,0.0,0,4,5.7,99,28.6139,77.209
2025-09-29T07:00,29.0,74,34.2,0.0,0.0,0,4,5.7,103,28.6139,77.209
2025-09-29T08:00,30.6,68,35.6,0.0,0.0,0,3,7.3,120,28.6139,77.209
2025-09-29T09:00,32.4,58,36.5,0.0,0.0,0,1,8.4,130,28.6139,77.209
2025-09-29T10:00,33.7,51,37.7,0.0,0.0,0,14,8.6,121,28.6139,77.209
2025-09-29T11:00,34.8,45,38.8,0.0,0.0,1,22,8.1,114,28.6139,77.209
2025-09-29T12:00,35.5,41,39.3,0.0,0.0,1,26,7.4,122,28.6139,77.209
2025-09-29T13:00,36.1,40,40.1,0.0,0.0,1,21,6.1,120,28.6139,77.209
2025-09-29T14:00,36.2,39,39.8,0.0,0.0,0,16,5.8,120,28.6139,77.209
2025-09-29T15:00,36.3,39,39.4,0.0,0.0,0,11,5.6,123,28.6139,77.209
2025-09-29T16:00,35.9,39,38.6,0.1,0.1,51,37,6.5,129,28.6139,77.209
2025-09-29T17:00,34.7,43,37.7,0.1,0.1,51,23,6.4,137,28.6139,77.209
2025-09-29T18:00,34.0,46,37.1,0.0,0.0,1,21,7.4,135,28.6139,77.209
2025-09-29T19:00,33.1,49,36.3,0.0,0.0,0,9,7.8,146,28.6139,77.209
2025-09-29T20:00,32.3,52,35.9,0.0,0.0,0,18,5.5,142,28.6139,77.209
2025-09-29T21:00,31.9,55,35.9,0.0,0.0,0,0,4.5,137,28.6139,77.209
2025-09-29T22:00,31.3,58,35.5,0.0,0.0,0,3,4.8,153,28.6139,77.209
2025-09-29T23:00,30.2,65,34.8,0.0,0.0,0,2,5.2,180,28.6139,77.209
2025-09-30T00:00,29.4,71,34.7,0.0,0.0,0,6,3.4,205,28.6139,77.209
2025-09-30T01:00,28.8,74,34.5,0.0,0.0,0,0,1.6,276,28.6139,77.209
2025-09-30T02:00,28.6,75,34.2,0.0,0.0,0,1,2.4,306,28.6139,77.209
2025-09-30T03:00,26.6,83,30.4,4.4,4.4,63,50,14.0,142,28.6139,77.209
2025-09-30T04:00,24.4,93,29.0,3.6,3.6,63,89,6.7,234,28.6139,77.209
2025-09-30T05:00,24.6,92,29.3,0.0,0.0,3,83,6.3,167,28.6139,77.209
2025-09-30T06:00,27.3,81,32.9,0.0,0.0,1,28,1.8,191,28.6139,77.209
2025-09-30T07:00,28.2,77,33.7,0.0,0.0,3,100,2.9,11,28.6139,77.209
2025-09-30T08:00,29.7,71,35.5,0.0,0.0,1,33,0.7,90,28.6139,77.209
2025-09-30T09:00,31.9,60,37.1,0.0,0.0,2,69,2.7,113,28.6139,77.209
2025-09-30T10:00,33.4,52,38.2,0.0,0.0,3,98,3.4,87,28.6139,77.209
2025-09-30T11:00,34.4,47,39.0,0.0,0.0,3,100,3.5,66,28.6139,77.209
2025-09-30T12:00,34.8,45,38.6,0.0,0.0,3,100,5.2,84,28.6139,77.209
2025-09-30T13:00,34.4,46,38.0,0.0,0.0,3,99,4.5,113,28.6139,77.209
2025-09-30T14:00,34.4,45,38.5,0.0,0.0,3,96,1.3,146,28.6139,77.209
2025-09-30T15:00,33.6,47,37.4,0.0,0.0,3,98,2.2,318,28.6139,77.209
2025-09-30T16:00,33.3,48,37.1,0.0,0.0,3,87,3.2,322,28.6139,77.209
2025-09-30T17:00,33.0,49,36.8,0.0,0.0,3,99,3.4,267,28.6139,77.209
2025-09-30T18:00,32.5,52,36.2,0.0,0.0,3,99,5.8,248,28.6139,77.209
2025-09-30T19:00,31.8,56,35.9,0.0,0.0,1,44,5.2,241,28.6139,77.209
2025-09-30T20:00,31.1,61,35.6,0.0,0.0,3,91,4.8,214,28.6139,77.209
2025-09-30T21:00,30.3,66,35.1,0.0,0.0,3,89,5.6,207,28.6139,77.209
2025-09-30T22:00,29.8,69,34.7,0.0,0.0,1,41,5.6,211,28.6139,77.209
2025-09-30T23:00,29.2,71,33.9,0.0,0.0,2,72,7.2,207,28.6139,77.209
2025-10-01T00:00,28.8,72,33.4,0.0,0.0,2,54,7.0,212,28.6139,77.209
2025-10-01T01:00,28.5,73,33.0,0.0,0.0,3,100,6.5,231,28.6139,77.209
2025-10-01T02:00,28.0,74,32.5,0.0,0.0,0,0,6.6,253,28.6139,77.209
2025-10-01T03:00,27.5,76,31.9,0.0,0.0,0,16,7.0,249,28.6139,77.209
2025-10-01T04:00,27.1,78,31.7,0.0,0.0,0,19,5.5,253,28.6139,77.209
2025-10-01T05:00,24.6,93,29.2,0.0,0.0,3,98,7.7,3,28.6139,77.209
2025-10-01T06:00,24.5,91,29.5,0.0,0.0,0,15,3.2,43,28.6139,77.209
2025-10-01T07:00,25.3,88,30.7,0.0,0.0,0,7,1.4,113,28.6139,77.209
2025-10-01T08:00,27.0,81,32.5,0.0,0.0,0,14,1.0,31,28.6139,77.209
2025-10-01T09:00,28.5,72,33.6,0.0,0.0,1,20,2.2,346,28.6139,77.209
2025-10-01T10:00,29.9,65,34.8,0.0,0.0,0,9,1.9,343,28.6139,77.209
2025-10-01T11:00,30.7,63,36.6,0.0,0.0,1,31,3.1,320,28.6139,77.209
2025-10-01T12:00,32.1,58,38.4,0.1,0.1,51,34,1.7,342,28.6139,77.209
2025-10-01T13:00,32.7,53,38.6,0.1,0.1,51,94,0.3,135,28.6139,77.209
2025-10-01T14:00,33.5,49,38.1,0.0,0.0,1,35,1.2,63,28.6139,77.209
2025-10-01T15:00,28.5,75,32.3,2.6,2.6,63,63,13.7,141,28.6139,77.209
2025-10-01T16:00,27.9,76,33.2,0.0,0.0,1,30,2.2,132,28.6139,77.209
2025-10-01T17:00,27.8,74,32.6,0.0,0.0,1,49,3.8,329,28.6139,77.209
2025-10-01T18:00,28.2,74,33.4,0.0,0.0,1,29,1.9,202,28.6139,77.209
2025-10-01T19:00,28.2,77,33.4,0.0,0.0,0,19,4.3,156,28.6139,77.209
2025-10-01T20:00,28.0,79,33.7,0.0,0.0,0,13,2.7,238,28.6139,77.209
2025-10-01T21:00,27.9,80,33.8,0.0,0.0,0,9,2.3,176,28.6139,77.209
2025-10-01T22:00,27.7,79,32.6,0.0,0.0,0,4,6.3,156,28.6139,77.209
2025-10-01T23:00,26.4,83,30.8,0.0,0.0,0,14,8.5,174,28.6139,77.209
2025-10-02T00:00,26.6,83,31.3,0.0,0.0,0,7,8.0,203,28.6139,77.209
2025-10-02T01:00,26.5,82,31.3,0.0,0.0,0,9,5.6,209,28.6139,77.209
2025-10-02T02:00,26.3,84,31.5,0.0,0.0,0,6,3.3,186,28.6139,77.209
2025-10-02T03:00,26.2,85,31.6,0.0,0.0,0,15,2.3,151,28.6139,77.209
2025-10-02T04:00,25.3,85,29.3,0.1,0.1,51,43,9.1,129,28.6139,77.209
2025-10-02T05:00,24.4,90,29.3,0.0,0.0,1,22,2.6,309,28.6139,77.209
2025-10-02T06:00,25.1,87,30.1,0.0,0.0,0,7,2.4,132,28.6139,77.209
2025-10-02T07:00,26.4,80,31.3,0.0,0.0,0,2,2.2,99,28.6139,77.209
2025-10-02T08:00,28.7,70,33.2,0.0,0.0,0,2,4.5,16,28.6139,77.209
2025-10-02T09:00,30.3,63,34.9,0.0,0.0,0,1,4.1,41,28.6139,77.209
2025-10-02T10:00,31.7,56,36.1,0.0,0.0,0,5,5.8,74,28.6139,77.209
2025-10-02T11:00,31.1,56,35.6,0.0,0.0,2,55,6.4,108,28.6139,77.209
2025-10-02T12:00,32.4,51,36.4,0.0,0.0,1,24,8.5,95,28.6139,77.209
2025-10-02T13:00,32.3,52,36.3,0.2,0.2,51,57,7.2,86,28.6139,77.209
2025-10-02T14:00,31.6,55,35.2,0.3,0.3,51,45,7.4,93,28.6139,77.209
2025-10-02T15:00,31.9,54,35.6,0.0,0.0,1,30,5.4,120,28.6139,77.209
2025-10-02T16:00,31.5,50,34.1,0.3,0.3,51,77,8.3,132,28.6139,77.209
2025-10-02T17:00,28.8,73,33.6,0.1,0.1,51,39,6.2,165,28.6139,77.209
2025-10-02T18:00,28.0,72,32.0,0.0,0.0,1,40,8.1,155,28.6139,77.209
2025-10-02T19:00,27.7,73,32.3,0.0,0.0,3,96,3.6,131,28.6139,77.209
2025-10-02T20:00,27.8,73,32.4,0.0,0.0,3,100,4.3,92,28.6139,77.209
2025-10-02T21:00,27.7,75,32.1,0.0,0.0,2,75,6.5,92,28.6139,77.209
2025-10-02T22:00,27.3,79,31.8,0.0,0.0,3,94,7.5,105,28.6139,77.209
2025-10-02T23:00,27.2,87,32.6,0.0,0.0,0,7,8.0,106,28.6139,77.209
2025-10-03T00:00,26.5,91,32.4,0.0,0.0,3,100,4.8,119,28.6139,77.209
2025-10-03T01:00,26.4,90,32.1,0.0,0.0,1,43,5.3,80,28.6139,77.209
2025-10-03T02:00,25.9,93,31.6,0.0,0.0,1,37,5.5,71,28.6139,77.209
2025-10-03T03:00,25.4,94,30.5,0.0,0.0,0,16,7.6,76,28.6139,77.209
2025-10-03T04:00,25.0,94,30.2,0.0,0.0,0,9,5.7,79,28.6139,77.209
2025-10-03T05:00,25.0,94,30.1,0.0,0.0,0,0,6.3,93,28.6139,77.209
2025-10-03T06:00,25.1,94,30.4,0.0,0.0,0,0,4.7,81,28.6139,77.209
2025-10-03T07:00,25.8,89,31.1,0.0,0.0,0,2,4.3,92,28.6139,77.209
2025-10-03T08:00,27.4,79,32.4,0.0,0.0,1,20,4.9,88,28.6139,77.209
2025-10-03T09:00,29.1,68,33.5,0.0,0.0,1,22,5.2,78,28.6139,77.209
2025-10-03T10:00,30.5,60,34.6,0.0,0.0,3,95,5.6,73,28.6139,77.209
2025-10-03T11:00,31.1,56,35.5,0.0,0.0,2,58,6.0,93,28.6139,77.209
2025-10-03T12:00,32.5,52,37.1,0.0,0.0,2,69,5.3,102,28.6139,77.209
2025-10-03T13:00,33.2,49,37.7,0.0,0.0,2,54,4.7,97,28.6139,77.209
2025-10-03T14:00,33.6,48,37.3,0.0,0.0,1,47,5.2,78,28.6139,77.209
2025-10-03T15:00,33.5,47,36.8,0.0,0.0,1,22,6.8,72,28.6139,77.209
2025-10-03T16:00,32.5,50,35.5,0.0,0.0,1,37,8.2,71,28.6139,77.209
2025-10-03T17:00,31.6,55,35.4,0.0,0.0,1,40,4.9,28,28.6139,77.209
2025-10-03T18:00,31.1,57,35.1,0.0,0.0,0,12,4.8,45,28.6139,77.209
2025-10-03T19:00,30.8,59,34.9,0.0,0.0,0,10,4.7,43,28.6139,77.209
2025-10-03T20:00,30.3,63,34.6,0.0,0.0,3,86,4.8,53,28.6139,77.209
2025-10-03T21:00,29.5,67,34.2,0.0,0.0,0,18,4.1,61,28.6139,77.209
2025-10-03T22:00,28.8,73,34.1,0.0,0.0,3,86,2.4,73,28.6139,77.209
2025-10-03T23:00,29.0,74,34.6,0.0,0.0,3,93,2.8,45,28.6139,77.209
2025-10-04T00:00,29.0,74,34.5,0.0,0.0,3,91,3.4,47,28.6139,77.209
2025-10-04T01:00,28.0,78,32.9,0.1,0.1,51,48,7.1,135,28.6139,77.209
2025-10-04T02:00,27.0,83,32.4,0.0,0.0,3,100,3.7,169,28.6139,77.209
2025-10-04T03:00,26.5,85,31.9,0.0,0.0,3,100,3.2,177,28.6139,77.209
2025-10-04T04:00,26.3,86,31.9,0.0,0.0,3,98,2.0,270,28.6139,77.209
2025-10-04T05:00,26.8,83,32.2,0.0,0.0,3,83,2.8,325,28.6139,77.209
2025-10-04T06:00,27.0,81,32.2,0.0,0.0,0,2,3.0,303,28.6139,77.209
2025-10-04T07:00,27.6,76,32.6,0.0,0.0,0,2,3.1,301,28.6139,77.209
2025-10-04T08:00,29.5,64,33.7,0.0,0.0,0,0,3.7,299,28.6139,77.209
2025-10-04T09:00,31.2,53,34.3,0.0,0.0,0,2,7.0,293,28.6139,77.209
2025-10-04T10:00,32.6,47,35.3,0.0,0.0,0,1,9.0,292,28.6139,77.209
2025-10-04T11:00,33.3,45,36.6,0.0,0.0,0,16,9.5,295,28.6139,77.209
2025-10-04T12:00,34.2,40,36.8,0.0,0.0,0,13,10.7,305,28.6139,77.209
2025-10-04T13:00,34.6,38,36.8,0.0,0.0,0,16,11.9,308,28.6139,77.209
2025-10-04T14:00,34.6,37,35.9,0.0,0.0,0,16,12.2,313,28.6139,77.209
2025-10-04T15:00,34.3,39,35.6,0.0,0.0,0,6,11.9,311,28.6139,77.209
2025-10-04T16:00,33.6,42,35.0,0.0,0.0,0,16,12.2,311,28.6139,77.209
2025-10-04T17:00,32.3,47,34.4,0.0,0.0,0,2,10.4,300,28.6139,77.209
2025-10-04T18:00,31.3,52,34.1,0.0,0.0,0,0,7.5,287,28.6139,77.209
2025-10-04T19:00,30.6,56,33.9,0.0,0.0,0,0,6.5,264,28.6139,77.209
2025-10-04T20:00,30.3,57,33.7,0.0,0.0,0,0,6.1,275,28.6139,77.209
2025-10-04T21:00,30.0,58,33.3,0.0,0.0,0,0,6.4,297,28.6139,77.209
2025-10-04T22:00,29.1,62,32.5,0.0,0.0,0,0,6.5,283,28.6139,77.209
2025-10-04T23:00,28.3,65,31.7,0.0,0.0,0,0,6.5,270,28.6139,77.209
2025-10-05T00:00,27.6,67,31.0,0.0,0.0,0,0,6.7,278,28.6139,77.209
2025-10-05T01:00,27.0,69,30.3,0.0,0.0,0,0,6.8,287,28.6139,77.209
2025-10-05T02:00,26.4,70,29.5,0.0,0.0,0,0,7.0,273,28.6139,77.209
2025-10-05T03:00,25.7,73,28.9,0.0,0.0,0,0,6.5,257,28.6139,77.209
2025-10-05T04:00,25.2,76,28.4,0.0,0.0,0,0,6.3,257,28.6139,77.209
2025-10-05T05:00,25.4,85,29.5,0.0,0.0,0,0,8.3,270,28.6139,77.209
2025-10-05T06:00,25.6,82,29.4,0.0,0.0,0,0,8.4,279,28.6139,77.209
2025-10-05T07:00,26.5,75,30.2,0.0,0.0,0,0,7.2,264,28.6139,77.209
2025-10-05T08:00,28.4,64,31.4,0.0,0.0,0,0,8.9,264,28.6139,77.209
2025-10-05T09:00,30.4,58,33.1,0.0,0.0,0,0,12.5,277,28.6139,77.209
2025-10-05T10:00,31.8,51,34.3,0.1,0.1,51,5,12.6,298,28.6139,77.209
2025-10-05T11:00,31.0,50,33.9,0.0,0.0,1,34,9.7,318,28.6139,77.209
2025-10-05T12:00,32.2,48,36.0,0.6,0.6,53,10,5.3,325,28.6139,77.209
2025-10-05T13:00,33.4,42,36.6,0.0,0.0,1,20,5.5,293,28.6139,77.209
2025-10-05T14:00,33.9,37,35.7,0.0,0.0,1,22,7.0,282,28.6139,77.209
2025-10-05T15:00,33.7,38,35.2,0.0,0.0,0,8,7.8,265,28.6139,77.209
2025-10-05T16:00,32.9,41,34.5,0.0,0.0,0,7,8.8,258,28.6139,77.209
2025-10-05T17:00,32.4,44,34.5,0.0,0.0,0,9,7.3,277,28.6139,77.209
2025-10-05T18:00,31.1,50,34.0,0.0,0.0,0,12,4.9,278,28.6139,77.209
2025-10-05T19:00,30.4,57,34.2,0.0,0.0,0,6,3.3,283,28.6139,77.209
2025-10-05T20:00,29.7,58,33.3,0.0,0.0,0,5,3.4,227,28.6139,77.209
2025-10-05T21:00,28.9,60,32.3,0.0,0.0,0,5,4.4,218,28.6139,77.209
2025-10-05T22:00,28.0,68,32.3,0.0,0.0,0,1,2.6,214,28.6139,77.209
2025-10-05T23:00,23.7,82,25.6,0.0,0.0,3,91,14.0,223,28.6139,77.209
2025-10-06T00:00,22.6,90,24.7,6.9,6.9,63,99,14.3,329,28.6139,77.209
2025-10-06T01:00,22.8,91,26.4,0.0,0.0,2,70,6.2,253,28.6139,77.209
2025-10-06T02:00,22.8,92,27.0,0.1,0.1,51,60,2.4,17,28.6139,77.209
2025-10-06T03:00,22.9,91,27.4,0.2,0.2,51,91,0.2,270,28.6139,77.209
2025-10-06T04:00,22.8,91,27.0,0.0,0.0,2,52,1.9,73,28.6139,77.209
2025-10-06T05:00,24.2,83,28.4,0.0,0.0,0,0,1.4,130,28.6139,77.209
2025-10-06T06:00,24.3,83,28.6,0.0,0.0,0,0,1.3,352,28.6139,77.209
2025-10-06T07:00,25.0,76,28.9,0.0,0.0,3,92,1.7,72,28.6139,77.209
2025-10-06T08:00,26.1,70,29.4,0.0,0.0,3,100,4.1,157,28.6139,77.209
2025-10-06T09:00,26.1,70,29.5,0.0,0.0,3,99,3.5,192,28.6139,77.209
2025-10-06T10:00,27.0,67,30.2,0.0,0.0,3,100,5.1,228,28.6139,77.209
2025-10-06T11:00,29.2,52,30.9,0.0,0.0,3,100,9.3,209,28.6139,77.209
2025-10-06T12:00,25.5,73,28.9,1.3,1.3,61,100,4.9,274,28.6139,77.209
2025-10-06T13:00,24.8,81,28.3,1.8,1.8,61,100,7.1,285,28.6139,77.209
2025-10-06T14:00,23.5,93,27.5,2.4,2.4,61,95,7.2,295,28.6139,77.209
2025-10-06T15:00,24.5,86,28.2,0.7,0.7,53,100,7.8,296,28.6139,77.209
2025-10-06T16:00,24.3,86,28.2,1.1,1.1,55,68,5.8,64,28.6139,77.209
2025-10-06T17:00,23.6,90,27.1,0.1,0.1,51,15,9.5,65,28.6139,77.209
2025-10-06T18:00,22.7,95,26.3,0.0,0.0,3,100,8.1,65,28.6139,77.209
2025-10-06T19:00,22.7,94,26.1,0.0,0.0,3,100,8.5,83,28.6139,77.209
2025-10-06T20:00,22.6,94,26.2,0.0,0.0,1,27,7.5,101,28.6139,77.209
2025-10-06T21:00,22.4,96,25.9,0.0,0.0,3,100,8.4,115,28.6139,77.209
2025-10-06T22:00,22.3,96,25.7,0.0,0.0,1,24,8.7,124,28.6139,77.209
2025-10-06T23:00,22.6,96,26.6,0.0,0.0,3,97,6.6,99,28.6139,77.209
2025-10-07T00:00,22.7,96,26.6,0.0,0.0,2,72,6.4,115,28.6139,77.209
2025-10-07T01:00,22.1,97,26.6,0.0,0.0,1,34,1.5,83,28.6139,77.209
2025-10-07T02:00,21.7,98,26.0,0.0,0.0,3,100,1.4,50,28.6139,77.209
2025-10-07T03:00,22.1,98,26.1,0.0,0.0,3,100,5.0,92,28.6139,77.209
2025-10-07T04:00,22.3,96,26.1,0.4,0.4,51,77,6.0,136,28.6139,77.209
2025-10-07T05:00,22.1,97,25.8,0.0,0.0,3,80,7.2,155,28.6139,77.209
2025-10-07T06:00,22.0,98,25.6,0.2,0.2,51,79,7.7,152,28.6139,77.209
2025-10-07T07:00,22.5,92,25.8,0.5,0.5,53,83,7.9,197,28.6139,77.209
2025-10-07T08:00,23.1,90,26.2,0.3,0.3,51,52,9.8,160,28.6139,77.209
2025-10-07T09:00,24.3,85,27.8,0.1,0.1,51,23,8.5,153,28.6139,77.209
2025-10-07T10:00,25.6,80,29.1,0.1,0.1,51,22,9.0,154,28.6139,77.209
2025-10-07T11:00,26.9,68,30.2,0.1,0.1,51,42,6.6,163,28.6139,77.209
2025-10-07T12:00,27.5,67,31.6,0.0,0.0,1,27,5.4,174,28.6139,77.209
2025-10-07T13:00,28.2,65,32.7,0.0,0.0,0,15,4.4,161,28.6139,77.209
2025-10-07T14:00,28.5,63,32.2,0.0,0.0,3,85,6.4,162,28.6139,77.209
2025-10-07T15:00,26.3,71,29.1,0.8,0.8,53,38,9.6,98,28.6139,77.209
2025-10-07T16:00,25.7,74,29.2,0.0,0.0,2,71,5.5,161,28.6139,77.209
2025-10-07T17:00,22.3,83,24.7,2.5,2.5,63,70,6.9,307,28.6139,77.209
2025-10-07T18:00,21.9,87,24.7,0.2,0.2,51,24,5.8,81,28.6139,77.209
2025-10-07T19:00,21.4,92,23.9,0.0,0.0,0,3,9.5,101,28.6139,77.209
2025-10-07T20:00,21.1,93,24.0,0.0,0.0,0,4,6.6,106,28.6139,77.209
2025-10-07T21:00,21.0,95,24.0,0.0,0.0,0,10,6.1,67,28.6139,77.209
2025-10-07T22:00,20.7,96,24.2,0.0,0.0,0,15,2.3,157,28.6139,77.209
2025-10-07T23:00,21.0,98,24.8,0.0,0.0,1,27,3.2,133,28.6139,77.209
2025-10-08T00:00,21.1,98,24.8,0.0,0.0,0,11,3.2,161,28.6139,77.209
2025-10-08T01:00,21.1,97,24.7,0.0,0.0,0,15,3.8,225,28.6139,77.209
2025-10-08T02:00,21.0,97,24.4,0.0,0.0,1,27,5.2,245,28.6139,77.209
2025-10-08T03:00,20.8,98,23.7,0.0,0.0,3,91,7.6,256,28.6139,77.209
2025-10-08T04:00,20.6,98,23.9,0.0,0.0,3,100,4.7,298,28.6139,77.209
2025-10-08T05:00,20.4,99,23.8,0.0,0.0,3,97,3.7,313,28.6139,77.209
2025-10-08T06:00,20.7,97,24.0,0.0,0.0,3,100,4.5,337,28.6139,77.209
2025-10-08T07:00,21.3,94,24.5,0.0,0.0,2,79,5.0,325,28.6139,77.209
2025-10-08T08:00,22.3,86,25.4,0.0,0.0,1,35,5.1,312,28.6139,77.209
2025-10-08T09:00,23.2,84,26.3,0.0,0.0,1,48,5.9,315,28.6139,77.209
2025-10-08T10:00,24.1,80,27.7,0.0,0.0,3,98,2.6,344,28.6139,77.209
2025-10-08T11:00,24.9,76,28.9,0.0,0.0,3,92,1.5,339,28.6139,77.209
2025-10-08T12:00,25.7,70,29.6,0.0,0.0,3,100,0.4,243,28.6139,77.209
2025-10-08T13:00,25.7,67,28.7,0.0,0.0,3,100,2.8,252,28.6139,77.209
2025-10-08T14:00,24.5,71,26.4,0.1,0.1,51,73,9.2,321,28.6139,77.209
2025-10-08T15:00,23.6,77,25.9,0.1,0.1,51,9,7.7,339,28.6139,77.209
2025-10-08T16:00,24.2,76,27.1,0.0,0.0,0,7,5.1,328,28.6139,77.209
2025-10-08T17:00,24.0,81,27.4,0.0,0.0,1,20,4.5,358,28.6139,77.209
2025-10-08T18:00,23.7,82,27.0,0.0,0.0,0,15,5.7,302,28.6139,77.209
2025-10-08T19:00,23.4,82,26.5,0.0,0.0,0,8,5.5,316,28.6139,77.209
2025-10-08T20:00,22.8,83,25.8,0.0,0.0,0,1,4.8,315,28.6139,77.209
2025-10-08T21:00,22.0,86,25.0,0.0,0.0,0,0,3.9,338,28.6139,77.209
2025-10-08T22:00,21.4,88,24.5,0.0,0.0,0,2,2.9,330,28.6139,77.209
2025-10-08T23:00,21.8,89,25.1,0.0,0.0,0,12,4.0,309,28.6139,77.209
2025-10-09T00:00,22.0,89,25.2,0.0,0.0,0,5,4.7,286,28.6139,77.209
2025-10-09T01:00,21.7,91,24.8,0.0,0.0,0,2,5.6,287,28.6139,77.209
2025-10-09T02:00,21.4,92,24.6,0.0,0.0,0,0,5.0,296,28.6139,77.209
2025-10-09T03:00,21.1,93,24.2,0.0,0.0,0,0,4.4,300,28.6139,77.209
2025-10-09T04:00,20.7,94,23.8,0.0,0.0,0,0,4.1,311,28.6139,77.209
2025-10-09T05:00,20.6,92,23.4,0.0,0.0,0,6,4.7,286,28.6139,77.209
2025-10-09T06:00,20.8,92,23.6,0.0,0.0,0,1,5.0,308,28.6139,77.209
2025-10-09T07:00,21.4,91,24.4,0.0,0.0,0,0,5.6,310,28.6139,77.209
2025-10-09T08:00,22.7,88,26.2,0.0,0.0,0,0,5.1,315,28.6139,77.209
2025-10-09T09:00,24.2,83,27.5,0.1,0.1,51,24,7.4,347,28.6139,77.209
2025-10-09T10:00,25.0,78,28.0,0.2,0.2,51,17,8.7,353,28.6139,77.209
2025-10-09T11:00,26.4,68,29.6,0.1,0.1,51,13,8.7,315,28.6139,77.209
2025-10-09T12:00,27.5,58,30.3,0.0,0.0,1,30,8.5,318,28.6139,77.209
2025-10-09T13:00,28.2,50,30.2,0.0,0.0,0,13,7.7,323,28.6139,77.209
2025-10-09T14:00,28.2,49,29.5,0.0,0.0,0,13,8.3,316,28.6139,77.209
2025-10-09T15:00,28.0,49,28.9,0.0,0.0,0,5,8.4,318,28.6139,77.209
2025-10-09T16:00,27.4,53,28.8,0.0,0.0,0,5,7.1,319,28.6139,77.209
2025-10-09T17:00,26.3,61,28.2,0.0,0.0,0,11,6.8,287,28.6139,77.209
2025-10-09T18:00,24.6,66,26.4,0.0,0.0,0,9,6.6,292,28.6139,77.209
2025-10-09T19:00,23.8,68,25.4,0.0,0.0,0,2,7.5,285,28.6139,77.209
2025-10-09T20:00,23.1,69,24.4,0.0,0.0,0,0,8.6,285,28.6139,77.209
2025-10-09T21:00,22.5,70,23.6,0.0,0.0,0,0,8.6,286,28.6139,77.209
2025-10-09T22:00,21.8,73,23.0,0.0,0.0,0,0,7.8,296,28.6139,77.209
2025-10-09T23:00,21.8,79,23.4,0.0,0.0,0,0,7.9,294,28.6139,77.209
2025-10-10T00:00,21.5,80,23.2,0.0,0.0,0,0,7.4,292,28.6139,77.209
2025-10-10T01:00,21.0,81,22.8,0.0,0.0,0,0,6.7,289,28.6139,77.209
2025-10-10T02:00,20.6,82,22.4,0.0,0.0,0,0,6.1,293,28.6139,77.209
2025-10-10T03:00,20.1,83,21.8,0.0,0.0,0,0,5.6,285,28.6139,77.209
2025-10-10T04:00,19.5,85,21.1,0.0,0.0,0,0,5.2,274,28.6139,77.209
2025-10-10T05:00,19.4,89,21.4,0.0,0.0,0,0,5.1,280,28.6139,77.209
2025-10-10T06:00,19.5,89,21.6,0.0,0.0,0,0,4.6,283,28.6139,77.209
2025-10-10T07:00,20.5,86,22.5,0.0,0.0,0,0,6.1,282,28.6139,77.209
2025-10-10T08:00,22.1,81,24.7,0.0,0.0,0,0,4.2,280,28.6139,77.209
2025-10-10T09:00,24.0,75,26.8,0.0,0.0,0,0,4.4,279,28.6139,77.209
2025-10-10T10:00,25.7,65,28.5,0.0,0.0,0,0,5.2,290,28.6139,77.209
2025-10-10T11:00,27.0,56,29.9,0.0,0.0,0,0,5.6,297,28.6139,77.209
2025-10-10T12:00,27.8,51,30.7,0.0,0.0,0,2,4.8,299,28.6139,77.209
2025-10-10T13:00,28.3,46,30.6,0.0,0.0,0,2,4.7,302,28.6139,77.209
2025-10-10T14:00,28.5,43,29.8,0.0,0.0,0,0,5.0,305,28.6139,77.209
2025-10-10T15:00,28.4,43,29.0,0.0,0.0,0,0,5.4,307,28.6139,77.209
2025-10-10T16:00,27.8,48,29.0,0.0,0.0,0,0,4.7,310,28.6139,77.209
2025-10-10T17:00,26.3,55,27.8,0.0,0.0,0,0,5.0,311,28.6139,77.209
2025-10-10T18:00,24.4,61,25.7,0.0,0.0,0,0,5.7,314,28.6139,77.209
2025-10-10T19:00,23.3,67,24.9,0.0,0.0,0,0,5.1,318,28.6139,77.209
2025-10-10T20:00,23.0,66,24.8,0.0,0.0,0,0,2.7,337,28.6139,77.209
2025-10-10T21:00,22.5,68,24.3,0.0,0.0,0,0,2.2,346,28.6139,77.209
2025-10-10T22:00,22.4,67,24.4,0.0,0.0,0,0,0.5,225,28.6139,77.209
2025-10-10T23:00,21.8,73,24.0,0.0,0.0,0,0,1.0,248,28.6139,77.209
2025-10-11T00:00,21.4,74,23.5,0.0,0.0,0,0,1.5,256,28.6139,77.209
2025-10-11T01:00,20.5,79,22.4,0.0,0.0,0,0,3.2,270,28.6139,77.209
2025-10-11T02:00,19.9,82,21.6,0.0,0.0,0,0,4.1,257,28.6139,77.209
2025-10-11T03:00,19.6,82,21.1,0.0,0.0,0,0,4.4,249,28.6139,77.209
2025-10-11T04:00,19.2,83,20.7,0.0,0.0,0,0,4.5,256,28.6139,77.209
2025-10-11T05:00,19.4,88,21.2,0.0,0.0,0,0,5.0,268,28.6139,77.209
2025-10-11T06:00,19.9,85,21.7,0.0,0.0,0,0,5.1,276,28.6139,77.209
2025-10-11T07:00,20.8,83,22.6,0.0,0.0,0,0,6.4,278,28.6139,77.209
2025-10-11T08:00,22.7,78,25.3,0.0,0.0,0,1,4.0,278,28.6139,77.209
2025-10-11T09:00,25.0,68,27.5,0.0,0.0,0,0,4.7,286,28.6139,77.209
2025-10-11T10:00,26.6,58,28.8,0.0,0.0,1,43,6.0,299,28.6139,77.209
2025-10-11T11:00,27.2,53,28.7,0.0,0.0,0,18,6.7,279,28.6139,77.209
2025-10-11T12:00,28.0,50,30.3,0.0,0.0,1,26,6.1,293,28.6139,77.209
2025-10-11T13:00,28.8,47,30.7,0.0,0.0,1,29,6.0,309,28.6139,77.209
2025-10-11T14:00,29.0,44,29.8,0.0,0.0,1,26,7.3,314,28.6139,77.209
2025-10-11T15:00,28.8,44,29.3,0.0,0.0,1,32,9.3,323,28.6139,77.209
2025-10-11T16:00,27.9,50,28.7,0.0,0.0,0,10,9.2,327,28.6139,77.209
2025-10-11T17:00,27.0,59,29.3,0.0,0.0,0,13,4.5,268,28.6139,77.209
2025-10-11T18:00,25.3,65,27.4,0.0,0.0,0,9,5.9,258,28.6139,77.209
2025-10-11T19:00,24.4,67,26.3,0.0,0.0,0,9,6.6,257,28.6139,77.209
2025-10-11T20:00,23.7,69,25.4,0.0,0.0,0,12,6.9,256,28.6139,77.209
2025-10-11T21:00,23.0,70,24.5,0.0,0.0,0,16,7.1,260,28.6139,77.209
2025-10-11T22:00,22.5,72,24.0,0.0,0.0,1,20,7.0,280,28.6139,77.209
2025-10-11T23:00,23.2,73,24.9,0.0,0.0,1,41,8.1,302,28.6139,77.209
2025-10-12T00:00,23.1,73,25.1,0.0,0.0,1,20,6.0,311,28.6139,77.209
2025-10-12T01:00,22.3,77,24.5,0.0,0.0,0,0,4.5,293,28.6139,77.209
2025-10-12T02:00,21.6,78,23.5,0.0,0.0,0,1,4.9,287,28.6139,77.209
2025-10-12T03:00,21.0,78,22.7,0.0,0.0,0,0,4.9,287,28.6139,77.209
2025-10-12T04:00,20.5,79,22.0,0.0,0.0,0,0,5.4,290,28.6139,77.209
2025-10-12T05:00,20.6,86,22.7,0.0,0.0,0,0,5.4,310,28.6139,77.209
2025-10-12T06:00,21.0,84,23.2,0.0,0.0,0,0,5.0,314,28.6139,77.209
2025-10-12T07:00,22.1,79,24.2,0.0,0.0,0,0,6.3,305,28.6139,77.209
2025-10-12T08:00,23.7,75,26.4,0.0,0.0,0,0,4.2,301,28.6139,77.209
2025-10-12T09:00,25.6,68,28.4,0.0,0.0,0,0,4.2,301,28.6139,77.209
2025-10-12T10:00,27.5,59,30.3,0.0,0.0,0,0,5.3,315,28.6139,77.209
2025-10-12T11:00,29.0,49,31.5,0.0,0.0,0,0,6.5,304,28.6139,77.209
2025-10-12T12:00,30.1,42,32.3,0.0,0.0,0,0,6.9,307,28.6139,77.209
2025-10-12T13:00,30.6,39,32.1,0.0,0.0,0,1,8.5,314,28.6139,77.209
2025-10-12T14:00,30.7,38,31.3,0.0,0.0,0,1,9.7,320,28.6139,77.209
2025-10-12T15:00,30.3,39,30.5,0.0,0.0,0,0,9.9,325,28.6139,77.209
2025-10-12T16:00,29.6,43,30.3,0.0,0.0,0,1,8.5,328,28.6139,77.209
2025-10-12T17:00,28.0,48,29.0,0.0,0.0,0,3,6.5,316,28.6139,77.209
2025-10-12T18:00,26.3,56,27.9,0.0,0.0,0,0,5.5,302,28.6139,77.209
2025-10-12T19:00,25.5,61,27.3,0.0,0.0,0,1,5.5,281,28.6139,77.209
2025-10-12T20:00,25.0,63,26.6,0.0,0.0,0,1,6.5,273,28.6139,77.209
2025-10-12T21:00,24.4,65,26.0,0.0,0.0,0,1,6.7,276,28.6139,77.209
2025-10-12T22:00,23.4,69,25.1,0.0,0.0,0,1,5.8,290,28.6139,77.209
2025-10-12T23:00,22.9,74,25.1,0.0,0.0,0,0,5.3,315,28.6139,77.209
2025-10-13T00:00,22.9,73,24.9,0.0,0.0,0,0,4.8,329,28.6139,77.209
2025-10-13T01:00,22.3,74,24.2,0.0,0.0,0,0,4.8,318,28.6139,77.209
2025-10-13T02:00,22.1,73,24.0,0.0,0.0,0,0,4.0,321,28.6139,77.209
2025-10-13T03:00,21.9,72,23.6,0.0,0.0,0,0,3.9,338,28.6139,77.209
2025-10-13T04:00,21.6,72,23.2,0.0,0.0,0,0,3.7,313,28.6139,77.209
2025-10-13T05:00,20.4,85,22.6,0.0,0.0,0,0,4.2,277,28.6139,77.209
2025-10-13T06:00,20.5,86,22.9,0.0,0.0,0,0,3.5,291,28.6139,77.209
2025-10-13T07:00,21.8,81,24.2,0.0,0.0,0,0,4.0,280,28.6139,77.209
2025-10-13T08:00,23.8,73,26.6,0.0,0.0,0,0,2.7,290,28.6139,77.209
2025-10-13T09:00,26.1,63,28.9,0.0,0.0,0,0,2.8,310,28.6139,77.209
2025-10-13T10:00,28.3,52,30.8,0.0,0.0,0,0,3.3,324,28.6139,77.209
2025-10-13T11:00,29.7,41,31.7,0.0,0.0,0,0,3.9,326,28.6139,77.209
2025-10-13T12:00,30.9,36,32.9,0.0,0.0,0,0,3.8,315,28.6139,77.209
2025-10-13T13:00,31.5,34,33.2,0.0,0.0,0,0,3.7,305,28.6139,77.209
2025-10-13T14:00,31.7,33,32.7,0.0,0.0,0,1,3.9,304,28.6139,77.209
2025-10-13T15:00,31.6,33,31.9,0.0,0.0,0,5,4.5,307,28.6139,77.209
2025-10-13T16:00,30.9,34,31.1,0.0,0.0,0,12,5.4,312,28.6139,77.209
2025-10-13T17:00,28.7,53,31.3,0.0,0.0,0,0,2.7,318,28.6139,77.209
2025-10-13T18:00,27.4,53,29.6,0.0,0.0,0,0,1.4,337,28.6139,77.209
2025-10-13T19:00,27.0,54,29.4,0.0,0.0,0,0,0.4,297,28.6139,77.209
2025-10-13T20:00,26.2,55,28.4,0.0,0.0,0,0,0.4,207,28.6139,77.209
2025-10-13T21:00,25.2,59,27.3,0.0,0.0,0,0,1.7,193,28.6139,77.209
2025-10-13T22:00,24.1,63,25.9,0.0,0.0,0,0,3.4,196,28.6139,77.209
2025-10-13T23:00,23.1,73,25.4,0.0,0.0,0,3,4.0,207,28.6139,77.209
2025-10-14T00:00,22.9,73,25.1,0.0,0.0,0,6,3.5,294,28.6139,77.209
2025-10-14T01:00,23.0,70,25.3,0.0,0.0,0,0,1.8,281,28.6139,77.209
2025-10-14T02:00,22.4,71,24.2,0.0,0.0,0,0,3.8,287,28.6139,77.209
2025-10-14T03:00,21.8,70,23.2,0.0,0.0,0,0,4.7,293,28.6139,77.209
2025-10-14T04:00,21.2,72,22.5,0.0,0.0,0,0,4.8,307,28.6139,77.209
2025-10-14T05:00,21.1,78,23.0,0.0,0.0,0,0,4.2,295,28.6139,77.209
2025-10-14T06:00,21.3,80,23.5,0.0,0.0,0,0,3.1,291,28.6139,77.209
2025-10-14T07:00,22.8,73,25.0,0.0,0.0,0,0,3.8,265,28.6139,77.209
2025-10-14T08:00,25.1,65,27.6,0.0,0.0,0,0,2.4,261,28.6139,77.209
2025-10-14T09:00,27.7,52,29.8,0.0,0.0,0,0,2.2,279,28.6139,77.209
2025-10-14T10:00,29.6,36,30.4,0.0,0.0,0,0,3.6,297,28.6139,77.209
2025-10-14T11:00,30.3,33,31.2,0.0,0.0,0,0,5.0,283,28.6139,77.209
2025-10-14T12:00,31.3,31,32.5,0.0,0.0,0,0,4.8,285,28.6139,77.209
2025-10-14T13:00,31.9,29,32.7,0.0,0.0,0,0,5.1,287,28.6139,77.209
2025-10-14T14:00,32.0,29,32.2,0.0,0.0,0,0,5.0,296,28.6139,77.209
2025-10-14T15:00,31.8,29,31.4,0.0,0.0,0,0,5.1,309,28.6139,77.209
2025-10-14T16:00,31.1,30,30.8,0.0,0.0,0,0,4.9,324,28.6139,77.209
2025-10-14T17:00,29.5,33,29.5,0.0,0.0,0,0,2.9,7,28.6139,77.209
2025-10-14T18:00,27.9,45,29.3,0.0,0.0,0,0,1.3,56,28.6139,77.209
2025-10-14T19:00,27.4,45,28.8,0.0,0.0,0,0,0.8,117,28.6139,77.209
2025-10-14T20:00,26.7,47,28.0,0.0,0.0,0,0,1.2,141,28.6139,77.209
2025-10-14T21:00,25.9,50,27.2,0.0,0.0,0,0,1.6,153,28.6139,77.209
2025-10-14T22:00,25.6,50,26.8,0.0,0.0,0,0,0.9,169,28.6139,77.209
2025-10-14T23:00,25.0,59,27.1,0.0,0.0,0,0,0.9,191,28.6139,77.209
2025-10-15T00:00,24.6,60,26.7,0.0,0.0,0,0,0.7,194,28.6139,77.209
2025-10-15T01:00,24.3,59,26.2,0.0,0.0,0,0,1.1,180,28.6139,77.209
2025-10-15T02:00,24.3,59,26.1,0.0,0.0,0,0,0.7,166,28.6139,77.209
2025-10-15T03:00,23.9,60,25.7,0.0,0.0,0,0,0.4,117,28.6139,77.209
2025-10-15T04:00,23.2,62,24.9,0.0,0.0,0,0,0.2,360,28.6139,77.209
2025-10-15T05:00,21.8,73,23.8,0.0,0.0,0,0,2.2,294,28.6139,77.209
2025-10-15T06:00,21.2,77,23.1,0.0,0.0,0,0,3.4,252,28.6139,77.209
2025-10-15T07:00,22.6,71,24.5,0.0,0.0,0,0,4.0,243,28.6139,77.209
2025-10-15T08:00,25.0,61,27.1,0.0,0.0,0,0,2.3,288,28.6139,77.209
2025-10-15T09:00,27.5,50,29.2,0.0,0.0,0,0,2.2,284,28.6139,77.209
2025-10-15T10:00,29.6,35,30.3,0.0,0.0,0,0,2.9,277,28.6139,77.209
2025-10-15T11:00,30.5,31,31.1,0.0,0.0,0,0,4.9,276,28.6139,77.209
2025-10-15T12:00,31.3,28,32.0,0.0,0.0,0,0,5.2,274,28.6139,77.209
2025-10-15T13:00,31.8,28,32.3,0.0,0.0,0,0,5.4,270,28.6139,77.209
2025-10-15T14:00,31.9,28,31.8,0.0,0.0,0,3,5.8,270,28.6139,77.209
2025-10-15T15:00,31.6,28,31.1,0.0,0.0,0,4,6.0,279,28.6139,77.209
2025-10-15T16:00,30.9,29,30.3,0.0,0.0,0,3,6.0,297,28.6139,77.209
2025-10-15T17:00,29.5,33,29.4,0.0,0.0,0,0,3.6,357,28.6139,77.209
2025-10-15T18:00,27.5,46,28.8,0.0,0.0,0,0,2.3,32,28.6139,77.209
2025-10-15T19:00,27.2,48,28.9,0.0,0.0,0,0,0.4,180,28.6139,77.209
2025-10-15T20:00,26.4,46,27.6,0.0,0.0,0,0,0.6,124,28.6139,77.209
2025-10-15T21:00,25.7,48,26.8,0.0,0.0,0,0,1.2,63,28.6139,77.209
2025-10-15T22:00,25.4,48,26.3,0.0,0.0,0,0,1.5,111,28.6139,77.209
2025-10-15T23:00,24.2,58,25.7,0.0,0.0,0,0,2.3,180,28.6139,77.209
2025-10-16T00:00,23.1,64,24.5,0.0,0.0,0,0,3.5,208,28.6139,77.209
2025-10-16T01:00,22.2,67,23.6,0.0,0.0,0,0,3.9,242,28.6139,77.209
2025-10-16T02:00,21.3,71,22.7,0.0,0.0,0,0,4.0,270,28.6139,77.209
2025-10-16T03:00,20.8,70,21.8,0.0,0.0,0,0,4.7,254,28.6139,77.209
2025-10-16T04:00,20.3,70,21.1,0.0,0.0,0,0,4.9,274,28.6139,77.209
2025-10-16T05:00,20.2,75,21.3,0.0,0.0,0,0,4.8,281,28.6139,77.209
2025-10-16T06:00,20.5,72,21.7,0.0,0.0,0,0,4.3,270,28.6139,77.209
2025-10-16T07:00,22.0,65,22.8,0.0,0.0,0,0,5.8,263,28.6139,77.209
2025-10-16T08:00,24.6,57,25.9,0.0,0.0,0,0,3.6,276,28.6139,77.209
2025-10-16T09:00,27.5,46,28.5,0.0,0.0,0,0,3.5,305,28.6139,77.209
2025-10-16T10:00,29.4,38,30.1,0.0,0.0,0,0,4.2,306,28.6139,77.209
2025-10-16T11:00,30.3,34,31.2,0.0,0.0,0,0,5.3,308,28.6139,77.209
2025-10-16T12:00,31.1,32,32.3,0.0,0.0,0,0,5.4,310,28.6139,77.209
2025-10-16T13:00,31.5,32,32.6,0.0,0.0,0,0,5.5,306,28.6139,77.209
2025-10-16T14:00,31.7,32,32.1,0.0,0.0,0,0,5.8,304,28.6139,77.209
2025-10-16T15:00,31.4,33,31.5,0.0,0.0,0,0,6.3,305,28.6139,77.209
2025-10-16T16:00,30.7,35,30.8,0.0,0.0,0,0,6.9,309,28.6139,77.209
2025-10-16T17:00,29.5,36,29.5,0.0,0.0,0,0,5.7,288,28.6139,77.209
2025-10-16T18:00,28.0,42,28.7,0.0,0.0,0,0,3.8,315,28.6139,77.209
2025-10-16T19:00,27.0,50,28.3,0.0,0.0,0,0,3.5,336,28.6139,77.209
2025-10-16T20:00,26.7,51,28.3,0.0,0.0,0,0,1.7,328,28.6139,77.209
2025-10-16T21:00,26.4,53,28.3,0.0,0.0,0,0,0.9,323,28.6139,77.209
2025-10-16T22:00,26.0,54,28.0,0.0,0.0,0,0,0.4,153,28.6139,77.209
2025-10-16T23:00,25.8,56,27.9,0.0,0.0,0,0,0.6,342,28.6139,77.209
2025-10-17T00:00,25.2,56,27.1,0.0,0.0,0,0,0.8,297,28.6139,77.209
2025-10-17T01:00,24.0,59,25.6,0.0,0.0,0,0,1.9,236,28.6139,77.209
2025-10-17T02:00,22.3,66,23.6,0.0,0.0,0,0,3.7,241,28.6139,77.209
2025-10-17T03:00,21.1,71,22.4,0.0,0.0,0,0,4.4,258,28.6139,77.209
2025-10-17T04:00,20.4,74,21.6,0.0,0.0,0,0,4.8,259,28.6139,77.209
2025-10-17T05:00,20.7,77,22.1,0.0,0.0,0,0,6.3,267,28.6139,77.209
2025-10-17T06:00,20.8,77,22.3,0.0,0.0,0,0,4.7,279,28.6139,77.209
2025-10-17T07:00,22.0,71,23.5,0.0,0.0,0,0,5.4,284,28.6139,77.209
2025-10-17T08:00,24.4,61,26.2,0.0,0.0,0,0,3.4,288,28.6139,77.209
2025-10-17T09:00,27.2,50,28.7,0.0,0.0,0,0,3.5,298,28.6139,77.209
2025-10-17T10:00,29.5,45,31.2,0.0,0.0,0,0,4.0,321,28.6139,77.209
2025-10-17T11:00,30.6,39,32.3,0.0,0.0,0,0,5.9,315,28.6139,77.209
2025-10-17T12:00,31.5,37,33.5,0.0,0.0,0,0,5.4,320,28.6139,77.209
2025-10-17T13:00,32.1,36,33.8,0.0,0.0,0,0,5.7,325,28.6139,77.209
2025-10-17T14:00,32.3,35,33.4,0.0,0.0,0,1,5.7,332,28.6139,77.209
2025-10-17T15:00,32.1,35,32.8,0.0,0.0,0,4,5.5,341,28.6139,77.209
2025-10-17T16:00,31.4,36,32.0,0.0,0.0,0,9,6.2,350,28.6139,77.209
2025-10-17T17:00,30.1,39,31.0,0.0,0.0,0,18,4.7,332,28.6139,77.209
2025-10-17T18:00,28.4,49,30.2,0.0,0.0,0,1,3.2,313,28.6139,77.209
2025-10-17T19:00,27.5,53,29.5,0.0,0.0,0,0,3.2,286,28.6139,77.209
2025-10-17T20:00,27.0,55,29.1,0.0,0.0,0,0,2.5,274,28.6139,77.209
2025-10-17T21:00,26.2,55,28.2,0.0,0.0,0,0,2.2,246,28.6139,77.209
2025-10-17T22:00,25.1,57,26.5,0.0,0.0,0,0,3.9,257,28.6139,77.209
2025-10-17T23:00,24.8,62,26.7,0.0,0.0,0,0,4.1,241,28.6139,77.209
2025-10-18T00:00,24.6,63,26.6,0.0,0.0,0,0,3.6,273,28.6139,77.209
2025-10-18T01:00,23.9,65,25.7,0.0,0.0,0,0,4.2,306,28.6139,77.209
2025-10-18T02:00,23.2,69,25.2,0.0,0.0,0,0,3.7,284,28.6139,77.209
2025-10-18T03:00,22.5,71,24.4,0.0,0.0,0,0,3.8,281,28.6139,77.209
2025-10-18T04:00,21.7,75,23.7,0.0,0.0,0,0,3.5,279,28.6139,77.209
2025-10-18T05:00,21.7,80,24.0,0.0,0.0,0,0,4.4,258,28.6139,77.209
2025-10-18T06:00,21.6,79,23.8,0.0,0.0,0,0,4.7,272,28.6139,77.209
2025-10-18T07:00,22.4,75,24.5,0.0,0.0,0,0,4.9,262,28.6139,77.209
2025-10-18T08:00,24.6,64,26.8,0.0,0.0,0,0,3.1,263,28.6139,77.209
2025-10-18T09:00,27.4,52,29.2,0.0,0.0,0,0,3.4,270,28.6139,77.209
2025-10-18T10:00,29.6,44,31.2,0.0,0.0,0,0,3.8,273,28.6139,77.209
2025-10-18T11:00,30.9,38,32.9,0.0,0.0,0,2,3.4,286,28.6139,77.209
2025-10-18T12:00,32.2,34,34.3,0.0,0.0,0,6,2.2,279,28.6139,77.209
2025-10-18T13:00,32.9,31,34.6,0.0,0.0,0,13,1.5,225,28.6139,77.209
2025-10-18T14:00,33.2,30,33.9,0.0,0.0,0,8,2.2,194,28.6139,77.209
2025-10-18T15:00,33.2,29,33.4,0.0,0.0,0,7,3.8,163,28.6139,77.209
2025-10-18T16:00,32.4,30,32.3,0.0,0.0,0,5,5.5,153,28.6139,77.209
2025-10-18T17:00,30.8,32,31.3,0.0,0.0,0,9,1.3,146,28.6139,77.209
2025-10-18T18:00,28.7,44,30.1,0.0,0.0,0,5,2.3,219,28.6139,77.209
2025-10-18T19:00,28.1,50,30.3,0.0,0.0,0,2,1.7,229,28.6139,77.209
2025-10-18T20:00,27.6,51,29.7,0.0,0.0,0,1,1.5,315,28.6139,77.209
2025-10-18T21:00,27.1,53,29.2,0.0,0.0,0,1,1.3,304,28.6139,77.209
2025-10-18T22:00,27.2,55,29.7,0.0,0.0,0,1,0.7,284,28.6139,77.209
2025-10-18T23:00,26.9,56,29.4,0.0,0.0,0,1,0.9,349,28.6139,77.209
2025-10-19T00:00,25.8,59,28.2,0.0,0.0,0,0,1.1,270,28.6139,77.209
2025-10-19T01:00,24.8,63,27.1,0.0,0.0,0,0,1.5,263,28.6139,77.209
2025-10-19T02:00,23.9,67,26.3,0.0,0.0,0,0,1.5,240,28.6139,77.209
2025-10-19T03:00,23.2,69,25.4,0.0,0.0,0,0,2.6,214,28.6139,77.209
2025-10-19T04:00,23.3,70,25.9,0.0,0.0,0,0,0.6,236,28.6139,77.209
2025-10-19T05:00,23.0,76,25.9,0.0,0.0,0,0,1.8,24,28.6139,77.209
2025-10-19T06:00,23.7,72,26.6,0.0,0.0,0,0,0.9,37,28.6139,77.209
2025-10-19T07:00,24.6,68,27.2,0.0,0.0,0,0,2.7,132,28.6139,77.209
2025-10-19T08:00,26.4,61,29.1,0.0,0.0,0,0,2.3,184,28.6139,77.209
2025-10-19T09:00,28.8,50,31.1,0.0,0.0,0,0,1.6,207,28.6139,77.209
2025-10-19T10:00,30.6,40,32.2,0.0,0.0,0,0,2.0,225,28.6139,77.209
2025-10-19T11:00,31.4,37,33.6,0.0,0.0,0,6,2.3,238,28.6139,77.209
2025-10-19T12:00,32.7,34,34.8,0.0,0.0,1,23,1.7,238,28.6139,77.209
2025-10-19T13:00,33.3,32,35.1,0.0,0.0,1,30,1.3,188,28.6139,77.209
2025-10-19T14:00,33.6,30,34.3,0.0,0.0,1,34,2.8,145,28.6139,77.209
2025-10-19T15:00,33.5,29,33.4,0.0,0.0,1,28,6.5,141,28.6139,77.209
2025-10-19T16:00,32.3,32,32.0,0.0,0.0,2,78,10.1,136,28.6139,77.209
2025-10-19T17:00,30.5,38,31.5,0.0,0.0,0,6,2.4,48,28.6139,77.209
2025-10-19T18:00,29.0,51,31.7,0.0,0.0,0,1,0.9,307,28.6139,77.209
2025-10-19T19:00,28.3,52,30.7,0.0,0.0,0,0,1.8,307,28.6139,77.209
2025-10-19T20:00,27.5,52,29.3,0.0,0.0,0,0,3.1,336,28.6139,77.209
2025-10-19T21:00,27.0,52,28.9,0.0,0.0,0,0,2.4,343,28.6139,77.209
2025-10-19T22:00,26.7,54,28.8,0.0,0.0,0,0,1.0,329,28.6139,77.209
2025-10-19T23:00,26.5,57,29.0,0.0,0.0,0,0,0.8,45,28.6139,77.209
2025-10-20T00:00,26.2,55,28.3,0.0,0.0,0,0,0.4,207,28.6139,77.209
2025-10-20T01:00,26.0,55,28.2,0.0,0.0,0,0,0.3,225,28.6139,77.209
2025-10-20T02:00,26.0,54,28.0,0.0,0.0,0,0,0.6,108,28.6139,77.209
2025-10-20T03:00,25.2,56,27.1,0.0,0.0,0,0,0.3,225,28.6139,77.209
2025-10-20T04:00,24.0,60,25.6,0.0,0.0,0,0,2.5,300,28.6139,77.209
2025-10-20T05:00,22.9,72,25.1,0.0,0.0,0,0,3.4,254,28.6139,77.209
2025-10-20T06:00,22.8,74,25.3,0.0,0.0,0,0,1.8,246,28.6139,77.209
2025-10-20T07:00,24.1,67,26.6,0.0,0.0,0,0,1.5,210,28.6139,77.209
2025-10-20T08:00,26.2,58,28.5,0.0,0.0,0,0,1.5,135,28.6139,77.209
2025-10-20T09:00,28.7,48,30.6,0.0,0.0,0,0,2.3,108,28.6139,77.209
2025-10-20T10:00,30.5,40,31.8,0.0,0.0,0,0,3.9,114,28.6139,77.209
2025-10-20T11:00,31.6,35,32.9,0.0,0.0,0,14,5.8,112,28.6139,77.209
2025-10-20T12:00,32.8,31,33.6,0.0,0.0,0,8,7.1,109,28.6139,77.209
2025-10-20T13:00,33.1,30,33.4,0.0,0.0,0,16,8.0,110,28.6139,77.209
2025-10-20T14:00,33.0,29,32.6,0.0,0.0,0,11,8.3,112,28.6139,77.209
2025-10-20T15:00,32.6,30,32.2,0.0,0.0,0,13,8.2,112,28.6139,77.209
2025-10-20T16:00,32.1,30,31.7,0.0,0.0,0,5,8.0,117,28.6139,77.209
2025-10-20T17:00,30.7,36,30.6,0.0,0.0,0,8,8.5,84,28.6139,77.209
2025-10-20T18:00,29.6,41,30.6,0.0,0.0,0,13,4.3,62,28.6139,77.209
2025-10-20T19:00,28.7,47,30.3,0.0,0.0,0,5,3.5,39,28.6139,77.209
2025-10-20T20:00,28.0,51,30.0,0.0,0.0,0,4,3.3,41,28.6139,77.209
2025-10-20T21:00,27.3,55,29.5,0.0,0.0,0,0,3.1,45,28.6139,77.209
2025-10-20T22:00,26.5,57,28.5,0.0,0.0,0,1,3.2,71,28.6139,77.209
2025-10-20T23:00,25.6,64,28.0,0.0,0.0,0,1,3.9,74,28.6139,77.209
2025-10-21T00:00,24.8,68,27.4,0.0,0.0,0,1,3.4,90,28.6139,77.209
2025-10-21T01:00,24.2,71,26.8,0.0,0.0,0,1,3.5,105,28.6139,77.209
2025-10-21T02:00,23.6,74,26.4,0.0,0.0,0,1,3.5,99,28.6139,77.209
2025-10-21T03:00,23.2,77,26.0,0.0,0.0,0,1,3.3,112,28.6139,77.209
2025-10-21T04:00,22.7,79,25.6,0.0,0.0,0,16,3.3,131,28.6139,77.209
2025-10-21T05:00,23.2,78,25.8,0.0,0.0,3,100,5.8,112,28.6139,77.209
2025-10-21T06:00,23.8,77,26.7,0.0,0.0,2,71,4.1,165,28.6139,77.209
2025-10-21T07:00,24.1,74,27.0,0.0,0.0,1,41,3.6,273,28.6139,77.209
2025-10-21T08:00,25.9,64,28.6,0.0,0.0,0,19,2.6,168,28.6139,77.209
2025-10-21T09:00,28.3,52,30.4,0.0,0.0,1,34,3.8,180,28.6139,77.209
2025-10-21T10:00,30.1,43,31.5,0.0,0.0,1,23,4.9,156,28.6139,77.209
2025-10-21T11:00,30.3,40,31.4,0.0,0.0,1,27,7.0,132,28.6139,77.209
2025-10-21T12:00,30.4,39,31.2,0.1,0.1,51,14,5.4,146,28.6139,77.209
2025-10-21T13:00,30.4,39,30.9,0.1,0.1,51,21,7.1,146,28.6139,77.209
2025-10-21T14:00,30.1,40,30.8,0.1,0.1,51,11,7.0,148,28.6139,77.209
2025-10-21T15:00,29.9,41,30.7,0.1,0.1,51,5,5.6,165,28.6139,77.209
2025-10-21T16:00,29.3,42,30.1,0.0,0.0,0,5,6.0,177,28.6139,77.209
2025-10-21T17:00,30.1,37,30.8,0.0,0.0,2,52,2.9,248,28.6139,77.209
2025-10-21T18:00,29.2,42,30.0,0.0,0.0,0,5,5.3,298,28.6139,77.209
2025-10-21T19:00,28.2,49,29.8,0.0,0.0,0,9,4.6,342,28.6139,77.209
2025-10-21T20:00,27.5,54,29.4,0.0,0.0,0,16,5.1,45,28.6139,77.209
2025-10-21T21:00,26.6,59,28.7,0.0,0.0,0,2,5.2,65,28.6139,77.209
2025-10-21T22:00,25.7,65,28.6,0.0,0.0,0,4,1.8,53,28.6139,77.209
2025-10-21T23:00,25.9,67,29.3,0.0,0.0,1,26,0.7,166,28.6139,77.209
2025-10-22T00:00,25.6,69,29.0,0.0,0.0,0,9,0.5,90,28.6139,77.209
2025-10-22T01:00,25.2,69,28.5,0.0,0.0,0,2,1.0,45,28.6139,77.209
2025-10-22T02:00,25.0,74,28.8,0.0,0.0,0,2,0.6,18,28.6139,77.209
2025-10-22T03:00,24.7,75,28.6,0.0,0.0,0,0,0.0,270,28.6139,77.209
2025-10-22T04:00,24.0,77,27.4,0.0,0.0,0,1,1.2,321,28.6139,77.209
2025-10-22T05:00,23.8,85,28.1,0.0,0.0,0,0,0.9,143,28.6139,77.209
2025-10-22T06:00,23.5,87,27.9,0.0,0.0,0,0,0.5,225,28.6139,77.209
2025-10-22T07:00,24.1,84,28.0,0.0,0.0,0,2,3.9,292,28.6139,77.209
2025-10-22T08:00,25.7,75,29.5,0.0,0.0,0,1,3.6,303,28.6139,77.209
2025-10-22T09:00,28.2,61,31.4,0.0,0.0,0,0,3.9,304,28.6139,77.209
2025-10-22T10:00,30.2,46,32.2,0.0,0.0,0,10,4.1,299,28.6139,77.209
2025-10-22T11:00,30.8,46,33.0,0.0,0.0,0,19,6.8,299,28.6139,77.209
2025-10-22T12:00,31.4,40,32.6,0.0,0.0,1,36,6.6,305,28.6139,77.209
2025-10-22T13:00,32.0,35,32.9,0.0,0.0,1,20,6.6,292,28.6139,77.209
2025-10-22T14:00,32.1,31,31.8,0.0,0.0,0,18,7.3,286,28.6139,77.209
2025-10-22T15:00,31.9,30,31.4,0.0,0.0,0,9,8.1,291,28.6139,77.209
2025-10-22T16:00,31.2,32,30.6,0.0,0.0,0,5,9.2,301,28.6139,77.209
2025-10-22T17:00,30.3,32,29.5,0.0,0.0,0,10,9.0,296,28.6139,77.209
2025-10-22T18:00,29.5,32,28.5,0.0,0.0,0,8,8.8,311,28.6139,77.209
2025-10-22T19:00,28.8,32,28.1,0.0,0.0,0,7,6.0,314,28.6139,77.209
2025-10-22T20:00,27.8,34,27.2,0.0,0.0,0,5,5.1,309,28.6139,77.209
2025-10-22T21:00,26.9,38,26.5,0.0,0.0,0,2,5.6,291,28.6139,77.209
2025-10-22T22:00,25.8,43,25.7,0.0,0.0,0,0,5.2,301,28.6139,77.209
2025-10-22T23:00,25.0,52,25.9,0.0,0.0,0,0,4.4,308,28.6139,77.209
2025-10-23T00:00,24.6,52,25.1,0.0,0.0,0,0,5.4,300,28.6139,77.209
2025-10-23T01:00,24.0,51,24.1,0.0,0.0,0,0,6.1,302,28.6139,77.209
2025-10-23T02:00,23.3,51,23.3,0.0,0.0,0,0,5.6,295,28.6139,77.209
2025-10-23T03:00,22.6,53,22.5,0.0,0.0,0,0,5.6,285,28.6139,77.209
2025-10-23T04:00,22.0,54,22.0,0.0,0.0,0,0,5.0,300,28.6139,77.209
2025-10-23T05:00,21.6,64,22.4,0.0,0.0,0,0,4.8,281,28.6139,77.209
2025-10-23T06:00,21.2,68,22.1,0.0,0.0,0,0,4.8,295,28.6139,77.209
2025-10-23T07:00,21.8,66,22.6,0.0,0.0,0,0,6.3,301,28.6139,77.209
2025-10-23T08:00,23.7,59,24.9,0.0,0.0,0,0,4.0,306,28.6139,77.209
2025-10-23T09:00,26.5,50,27.7,0.0,0.0,0,0,4.1,326,28.6139,77.209
2025-10-23T10:00,29.2,42,30.0,0.0,0.0,0,0,5.8,340,28.6139,77.209
2025-10-23T11:00,30.9,32,31.0,0.0,0.0,0,6,8.6,337,28.6139,77.209
2025-10-23T12:00,31.4,28,31.1,0.0,0.0,0,10,8.2,334,28.6139,77.209
2025-10-23T13:00,31.7,27,31.3,0.0,0.0,0,3,7.3,320,28.6139,77.209
2025-10-23T14:00,31.8,26,30.9,0.0,0.0,0,0,7.4,304,28.6139,77.209
2025-10-23T15:00,31.4,26,30.0,0.0,0.0,0,0,8.5,295,28.6139,77.209
2025-10-23T16:00,30.5,28,29.0,0.0,0.0,0,0,9.7,297,28.6139,77.209
2025-10-23T17:00,29.7,27,27.9,0.0,0.0,0,0,9.2,298,28.6139,77.209
2025-10-23T18:00,28.8,28,27.2,0.0,0.0,0,0,8.2,308,28.6139,77.209
2025-10-23T19:00,28.2,30,27.1,0.0,0.0,0,0,5.0,314,28.6139,77.209
2025-10-23T20:00,27.3,33,26.8,0.0,0.0,0,0,2.3,309,28.6139,77.209
2025-10-23T21:00,26.6,34,26.2,0.0,0.0,0,0,1.4,293,28.6139,77.209
2025-10-23T22:00,25.0,38,24.4,0.0,0.0,0,0,3.6,273,28.6139,77.209
2025-10-23T23:00,24.3,47,24.4,0.0,0.0,0,0,4.1,272,28.6139,77.209
2025-10-24T00:00,23.4,52,23.6,0.0,0.0,0,0,4.0,260,28.6139,77.209
2025-10-24T01:00,22.5,56,23.1,0.0,0.0,0,0,3.3,248,28.6139,77.209
2025-10-24T02:00,21.6,59,22.1,0.0,0.0,0,0,4.2,258,28.6139,77.209
2025-10-24T03:00,20.8,64,21.2,0.0,0.0,0,0,5.2,266,28.6139,77.209
2025-10-24T04:00,20.2,66,20.5,0.0,0.0,0,0,5.5,243,28.6139,77.209
2025-10-24T05:00,20.2,73,21.0,0.0,0.0,0,0,6.0,265,28.6139,77.209
2025-10-24T06:00,20.2,72,21.0,0.0,0.0,0,0,5.4,255,28.6139,77.209
2025-10-24T07:00,21.2,66,21.9,0.0,0.0,0,0,6.0,253,28.6139,77.209
2025-10-24T08:00,23.5,58,24.6,0.0,0.0,0,0,2.9,263,28.6139,77.209
2025-10-24T09:00,26.6,45,27.4,0.0,0.0,0,0,2.4,279,28.6139,77.209
2025-10-24T10:00,29.2,35,29.7,0.0,0.0,0,0,2.3,302,28.6139,77.209
2025-10-24T11:00,30.5,27,30.6,0.0,0.0,0,0,3.1,280,28.6139,77.209
2025-10-24T12:00,31.6,24,31.7,0.0,0.0,0,0,3.7,305,28.6139,77.209
2025-10-24T13:00,32.1,23,31.8,0.0,0.0,0,0,4.3,315,28.6139,77.209
2025-10-24T14:00,32.2,22,31.1,0.0,0.0,0,0,4.8,326,28.6139,77.209
2025-10-24T15:00,31.8,24,30.5,0.0,0.0,0,0,5.8,326,28.6139,77.209
2025-10-24T16:00,30.8,26,29.6,0.0,0.0,0,0,6.5,330,28.6139,77.209
2025-10-24T17:00,29.0,29,28.3,0.0,0.0,0,0,3.2,360,28.6139,77.209
2025-10-24T18:00,28.0,40,28.9,0.0,0.0,0,0,0.6,304,28.6139,77.209
2025-10-24T19:00,27.3,39,27.7,0.0,0.0,0,0,1.4,140,28.6139,77.209
2025-10-24T20:00,26.1,43,26.4,0.0,0.0,0,0,3.5,125,28.6139,77.209
2025-10-24T21:00,25.3,50,26.4,0.0,0.0,0,0,1.7,122,28.6139,77.209
2025-10-24T22:00,24.8,52,25.9,0.0,0.0,0,0,1.3,172,28.6139,77.209
2025-10-24T23:00,23.8,53,24.5,0.0,0.0,0,0,3.3,193,28.6139,77.209
2025-10-25T00:00,23.0,54,23.2,0.0,0.0,0,0,5.1,197,28.6139,77.209
2025-10-25T01:00,22.2,53,22.0,0.0,0.0,0,0,6.0,209,28.6139,77.209
2025-10-25T02:00,21.6,55,21.5,0.0,0.0,0,0,5.2,241,28.6139,77.209
2025-10-25T03:00,20.9,58,20.9,0.0,0.0,0,0,4.9,246,28.6139,77.209
2025-10-25T04:00,20.1,62,20.3,0.0,0.0,0,0,3.8,259,28.6139,77.209
2025-10-25T05:00,19.7,76,20.9,0.0,0.0,0,0,3.4,295,28.6139,77.209
2025-10-25T06:00,19.9,76,21.5,0.0,0.0,0,0,1.3,278,28.6139,77.209
2025-10-25T07:00,21.2,69,22.7,0.0,0.0,0,0,1.7,212,28.6139,77.209
2025-10-25T08:00,23.7,59,25.2,0.0,0.0,0,0,1.5,339,28.6139,77.209
2025-10-25T09:00,26.7,46,27.8,0.0,0.0,0,0,1.3,352,28.6139,77.209
2025-10-25T10:00,29.2,36,29.8,0.0,0.0,0,0,1.1,18,28.6139,77.209
2025-10-25T11:00,29.8,30,30.5,0.0,0.0,0,0,1.0,211,28.6139,77.209
2025-10-25T12:00,31.2,27,31.8,0.0,0.0,0,0,2.5,225,28.6139,77.209
2025-10-25T13:00,31.6,26,31.6,0.0,0.0,0,0,4.6,225,28.6139,77.209
2025-10-25T14:00,31.7,26,31.0,0.0,0.0,0,0,5.7,235,28.6139,77.209
2025-10-25T15:00,31.3,26,30.2,0.0,0.0,0,0,6.4,245,28.6139,77.209
2025-10-25T16:00,30.4,27,29.4,0.0,0.0,0,0,5.2,276,28.6139,77.209
2025-10-25T17:00,28.8,30,28.1,0.0,0.0,0,0,2.9,300,28.6139,77.209
2025-10-25T18:00,27.4,33,26.8,0.0,0.0,0,0,3.6,354,28.6139,77.209
2025-10-25T19:00,26.7,35,26.1,0.0,0.0,0,0,3.8,31,28.6139,77.209
2025-10-25T20:00,26.0,40,26.0,0.0,0.0,0,0,2.7,70,28.6139,77.209
2025-10-25T21:00,25.4,41,25.5,0.0,0.0,0,0,2.0,90,28.6139,77.209
2025-10-25T22:00,24.6,44,24.8,0.0,0.0,0,0,2.1,110,28.6139,77.209
2025-10-25T23:00,24.1,49,24.6,0.0,0.0,0,0,1.9,112,28.6139,77.209
2025-10-26T00:00,23.5,52,24.3,0.0,0.0,0,0,1.1,108,28.6139,77.209
2025-10-26T01:00,22.4,55,23.0,0.0,0.0,0,0,2.4,126,28.6139,77.209
2025-10-26T02:00,21.3,59,21.5,0.0,0.0,0,0,4.5,127,28.6139,77.209
2025-10-26T03:00,21.0,59,20.9,0.0,0.0,0,0,6.5,136,28.6139,77.209
2025-10-26T04:00,20.0,64,20.2,0.0,0.0,0,0,5.0,125,28.6139,77.209
2025-10-26T05:00,19.3,69,19.8,0.0,0.0,0,0,4.3,123,28.6139,77.209
2025-10-26T06:00,18.9,70,19.3,0.0,0.0,0,0,4.8,117,28.6139,77.209
2025-10-26T07:00,20.2,66,20.6,0.0,0.0,0,0,5.2,151,28.6139,77.209
2025-10-26T08:00,22.7,59,23.6,0.0,0.0,0,0,3.6,120,28.6139,77.209
2025-10-26T09:00,25.8,47,26.5,0.0,0.0,0,0,2.9,97,28.6139,77.209
2025-10-26T10:00,28.2,38,28.5,0.0,0.0,0,0,4.0,111,28.6139,77.209
2025-10-26T11:00,29.6,33,30.2,0.0,0.0,0,0,3.8,139,28.6139,77.209
2025-10-26T12:00,30.7,28,31.3,0.0,0.0,0,0,2.7,143,28.6139,77.209
2025-10-26T13:00,31.4,25,31.3,0.0,0.0,0,0,4.0,144,28.6139,77.209
2025-10-26T14:00,31.6,24,30.5,0.0,0.0,0,0,5.7,145,28.6139,77.209
2025-10-26T15:00,31.2,24,29.6,0.0,0.0,0,0,7.1,144,28.6139,77.209
2025-10-26T16:00,30.4,25,28.8,0.0,0.0,0,0,6.8,140,28.6139,77.209
2025-10-26T17:00,29.0,34,29.4,0.0,0.0,0,0,0.8,117,28.6139,77.209
2025-10-26T18:00,27.7,36,27.9,0.0,0.0,0,0,0.9,11,28.6139,77.209
2025-10-26T19:00,26.8,40,27.0,0.0,0.0,0,0,2.5,45,28.6139,77.209
2025-10-26T20:00,26.2,44,26.8,0.0,0.0,0,0,1.6,90,28.6139,77.209
2025-10-26T21:00,25.6,46,26.3,0.0,0.0,0,2,1.8,135,28.6139,77.209
2025-10-26T22:00,24.9,49,25.8,0.0,0.0,3,86,1.5,111,28.6139,77.209
2025-10-26T23:00,23.7,53,24.2,0.0,0.0,3,100,4.1,139,28.6139,77.209
2025-10-27T00:00,22.6,59,23.3,0.0,0.0,2,70,4.3,132,28.6139,77.209
2025-10-27T01:00,22.0,61,22.7,0.0,0.0,2,74,4.2,110,28.6139,77.209
2025-10-27T02:00,21.5,62,22.2,0.0,0.0,0,1,4.4,122,28.6139,77.209
2025-10-27T03:00,21.4,63,22.2,0.0,0.0,0,0,3.4,115,28.6139,77.209
2025-10-27T04:00,20.9,65,21.9,0.0,0.0,0,10,2.5,111,28.6139,77.209
2025-10-27T05:00,20.6,66,21.6,0.0,0.0,0,0,2.0,95,28.6139,77.209
2025-10-27T06:00,20.3,68,21.3,0.0,0.0,0,0,2.2,55,28.6139,77.209
2025-10-27T07:00,21.3,66,22.5,0.0,0.0,0,0,2.2,90,28.6139,77.209
2025-10-27T08:00,23.4,57,24.4,0.0,0.0,0,0,3.3,49,28.6139,77.209
2025-10-27T09:00,26.1,48,26.9,0.0,0.0,0,19,3.9,56,28.6139,77.209
2025-10-27T10:00,28.5,39,28.8,0.0,0.0,1,34,4.3,68,28.6139,77.209
2025-10-27T11:00,29.1,38,29.5,0.0,0.0,3,100,6.0,73,28.6139,77.209
2025-10-27T12:00,30.3,34,30.3,0.0,0.0,3,100,6.5,92,28.6139,77.209
2025-10-27T13:00,30.0,35,29.6,0.0,0.0,3,100,8.2,113,28.6139,77.209
2025-10-27T14:00,28.8,41,28.5,0.0,0.0,3,100,11.2,135,28.6139,77.209
2025-10-27T15:00,25.9,51,25.4,0.0,0.0,3,100,14.3,146,28.6139,77.209
2025-10-27T16:00,24.8,48,24.4,0.0,0.0,3,100,9.2,147,28.6139,77.209
2025-10-27T17:00,25.8,47,25.3,0.0,0.0,3,100,10.7,163,28.6139,77.209
2025-10-27T18:00,24.7,49,24.1,0.0,0.0,3,100,10.9,158,28.6139,77.209
2025-10-27T19:00,23.8,57,23.8,0.0,0.0,3,100,9.7,161,28.6139,77.209
2025-10-27T20:00,23.2,64,24.0,0.0,0.0,3,100,7.7,155,28.6139,77.209
2025-10-27T21:00,22.7,69,24.0,0.0,0.0,3,100,6.4,158,28.6139,77.209
2025-10-27T22:00,22.3,71,23.9,0.0,0.0,3,100,5.2,168,28.6139,77.209
2025-10-27T23:00,22.1,74,23.7,0.0,0.0,3,100,6.4,164,28.6139,77.209
2025-10-28T00:00,21.9,76,24.0,0.0,0.0,3,100,4.0,153,28.6139,77.209
2025-10-28T01:00,21.6,78,23.9,0.0,0.0,3,100,2.8,125,28.6139,77.209
2025-10-28T02:00,21.3,81,23.7,0.0,0.0,3,100,2.5,159,28.6139,77.209
2025-10-28T03:00,21.3,82,24.2,0.0,0.0,3,100,0.4,333,28.6139,77.209
2025-10-28T04:00,21.4,79,23.8,0.0,0.0,3,100,2.6,25,28.6139,77.209
2025-10-28T05:00,22.0,80,24.7,0.0,0.0,3,100,1.8,84,28.6139,77.209
2025-10-28T06:00,22.0,78,24.7,0.0,0.0,3,100,1.9,61,28.6139,77.209
2025-10-28T07:00,22.3,75,24.6,0.0,0.0,3,100,3.4,65,28.6139,77.209
2025-10-28T08:00,22.7,74,24.9,0.0,0.0,3,100,4.0,51,28.6139,77.209
2025-10-28T09:00,23.4,70,25.5,0.0,0.0,3,100,4.4,52,28.6139,77.209
2025-10-28T10:00,24.7,63,26.6,0.0,0.0,3,100,4.0,100,28.6139,77.209
2025-10-28T11:00,25.4,58,27.1,0.0,0.0,3,100,3.5,111,28.6139,77.209
2025-10-28T12:00,25.5,57,27.0,0.0,0.0,3,100,4.3,95,28.6139,77.209
2025-10-28T13:00,26.2,53,27.4,0.0,0.0,3,100,6.0,106,28.6139,77.209
2025-10-28T14:00,26.3,55,27.6,0.0,0.0,3,100,6.5,103,28.6139,77.209
2025-10-28T15:00,26.6,53,27.9,0.0,0.0,3,100,6.0,99,28.6139,77.209
2025-10-28T16:00,26.3,55,27.6,0.0,0.0,3,100,6.7,109,28.6139,77.209
2025-10-28T17:00,24.8,66,26.7,0.0,0.0,3,99,6.9,135,28.6139,77.209
2025-10-28T18:00,23.9,72,26.2,0.0,0.0,3,100,5.4,138,28.6139,77.209
2025-10-28T19:00,23.4,75,25.5,0.0,0.0,3,100,6.8,145,28.6139,77.209
2025-10-28T20:00,22.6,80,25.1,0.0,0.0,3,84,5.6,149,28.6139,77.209
2025-10-28T21:00,22.1,84,24.7,0.0,0.0,3,100,5.6,163,28.6139,77.209
2025-10-28T22:00,21.6,87,24.7,0.0,0.0,3,97,2.9,180,28.6139,77.209
2025-10-28T23:00,21.3,86,24.1,0.0,0.0,3,100,3.6,171,28.6139,77.209
2025-10-29T00:00,21.0,88,24.0,0.0,0.0,3,100,2.4,207,28.6139,77.209
2025-10-29T01:00,20.9,89,24.0,0.0,0.0,3,100,1.6,270,28.6139,77.209
2025-10-29T02:00,20.8,90,23.8,0.0,0.0,3,100,1.9,292,28.6139,77.209
2025-10-29T03:00,20.7,89,23.6,0.0,0.0,3,100,2.7,332,28.6139,77.209
2025-10-29T04:00,20.7,88,23.4,0.0,0.0,3,100,3.0,346,28.6139,77.209
2025-10-29T05:00,20.2,87,22.6,0.0,0.0,3,83,3.5,339,28.6139,77.209
2025-10-29T06:00,20.3,86,22.7,0.0,0.0,1,20,3.0,346,28.6139,77.209
2025-10-29T07:00,21.1,81,23.3,0.0,0.0,0,0,3.8,335,28.6139,77.209
2025-10-29T08:00,22.8,73,25.0,0.0,0.0,0,14,3.6,330,28.6139,77.209
2025-10-29T09:00,25.0,64,26.9,0.0,0.0,2,70,5.5,341,28.6139,77.209
2025-10-29T10:00,26.9,55,28.1,0.0,0.0,0,1,8.6,349,28.6139,77.209
2025-10-29T11:00,27.7,53,29.6,0.0,0.0,0,19,7.6,5,28.6139,77.209
2025-10-29T12:00,28.6,50,30.6,0.0,0.0,0,7,6.7,360,28.6139,77.209
2025-10-29T13:00,29.2,47,31.0,0.0,0.0,3,95,6.1,360,28.6139,77.209
2025-10-29T14:00,29.2,46,30.6,0.0,0.0,3,98,5.6,356,28.6139,77.209
2025-10-29T15:00,29.0,46,30.2,0.0,0.0,3,99,6.3,7,28.6139,77.209
2025-10-29T16:00,28.4,48,29.8,0.0,0.0,3,100,5.6,2,28.6139,77.209
2025-10-29T17:00,27.9,48,29.4,0.0,0.0,3,95,3.6,18,28.6139,77.209
2025-10-29T18:00,27.1,52,28.8,0.0,0.0,3,100,3.4,25,28.6139,77.209
2025-10-29T19:00,26.7,54,28.4,0.0,0.0,2,70,4.0,30,28.6139,77.209
2025-10-29T20:00,26.0,61,28.5,0.0,0.0,2,52,1.9,49,28.6139,77.209
2025-10-29T21:00,25.9,60,28.5,0.0,0.0,0,9,0.7,346,28.6139,77.209
2025-10-29T22:00,25.3,61,27.5,0.0,0.0,0,15,2.4,351,28.6139,77.209
2025-10-29T23:00,24.8,66,27.2,0.0,0.0,3,94,2.8,18,28.6139,77.209
2025-10-30T00:00,24.7,63,26.7,0.0,0.0,3,98,4.3,24,28.6139,77.209
2025-10-30T01:00,24.1,66,26.2,0.0,0.0,3,81,4.1,23,28.6139,77.209
2025-10-30T02:00,24.0,67,26.0,0.0,0.0,3,85,4.7,32,28.6139,77.209
2025-10-30T03:00,23.5,69,25.4,0.0,0.0,3,100,5.5,41,28.6139,77.209
2025-10-30T04:00,23.1,72,25.1,0.0,0.0,3,100,4.8,65,28.6139,77.209
2025-10-30T05:00,22.9,78,25.7,0.0,0.0,3,95,3.0,128,28.6139,77.209
2025-10-30T06:00,22.6,80,25.5,0.0,0.0,3,100,2.7,217,28.6139,77.209
2025-10-30T07:00,23.0,78,26.0,0.0,0.0,3,100,1.9,221,28.6139,77.209
2025-10-30T08:00,23.4,76,26.7,0.0,0.0,3,100,0.7,166,28.6139,77.209
2025-10-30T09:00,24.8,72,28.2,0.0,0.0,3,100,0.6,326,28.6139,77.209
2025-10-30T10:00,26.1,68,29.4,0.0,0.0,3,100,2.6,129,28.6139,77.209
2025-10-30T11:00,27.3,65,30.5,0.0,0.0,3,100,4.9,141,28.6139,77.209
2025-10-30T12:00,27.3,61,30.0,0.1,0.1,51,100,4.6,149,28.6139,77.209
2025-10-30T13:00,26.9,63,29.6,0.0,0.0,3,100,5.0,150,28.6139,77.209
2025-10-30T14:00,26.7,64,29.5,0.0,0.0,3,100,4.5,130,28.6139,77.209
2025-10-30T15:00,26.4,65,29.3,0.0,0.0,3,100,3.7,141,28.6139,77.209
2025-10-30T16:00,26.1,66,29.1,0.0,0.0,3,99,2.7,148,28.6139,77.209
2025-10-30T17:00,24.9,75,28.5,0.0,0.0,3,99,2.2,132,28.6139,77.209
2025-10-30T18:00,24.8,77,28.4,0.0,0.0,1,36,2.9,112,28.6139,77.209
2025-10-30T19:00,24.0,83,27.7,0.0,0.0,3,98,3.9,114,28.6139,77.209
2025-10-30T20:00,23.5,88,27.3,0.0,0.0,3,98,5.7,143,28.6139,77.209
2025-10-30T21:00,23.2,91,27.4,0.0,0.0,3,100,3.9,152,28.6139,77.209
2025-10-30T22:00,23.1,93,27.4,0.0,0.0,3,100,3.9,152,28.6139,77.209
2025-10-30T23:00,22.9,95,26.9,0.0,0.0,3,100,6.3,156,28.6139,77.209
2025-10-31T00:00,22.9,94,26.8,0.0,0.0,3,100,5.8,158,28.6139,77.209
2025-10-31T01:00,22.7,94,26.8,0.0,0.0,3,100,4.4,161,28.6139,77.209
2025-10-31T02:00,22.5,94,26.5,0.0,0.0,3,100,4.4,189,28.6139,77.209
2025-10-31T03:00,22.3,95,26.4,0.0,0.0,3,100,3.4,205,28.6139,77.209
2025-10-31T04:00,22.1,96,26.4,0.0,0.0,3,100,1.8,186,28.6139,77.209
2025-10-31T05:00,21.6,96,25.7,0.0,0.0,3,97,1.1,288,28.6139,77.209
2025-10-31T06:00,21.4,97,25.5,0.0,0.0,3,95,1.8,233,28.6139,77.209
2025-10-31T07:00,22.2,95,25.9,0.0,0.0,3,97,5.2,258,28.6139,77.209
2025-10-31T08:00,23.2,90,26.9,0.0,0.0,3,100,6.4,280,28.6139,77.209
2025-10-31T09:00,24.9,79,28.3,0.0,0.0,1,33,6.5,309,28.6139,77.209
2025-10-31T10:00,26.6,68,29.8,0.0,0.0,1,31,5.3,308,28.6139,77.209
2025-10-31T11:00,27.9,61,30.9,0.0,0.0,0,16,4.4,282,28.6139,77.209
2025-10-31T12:00,29.1,55,32.1,0.1,0.1,51,21,3.9,313,28.6139,77.209
2025-10-31T13:00,29.9,51,32.6,0.0,0.0,3,98,4.0,309,28.6139,77.209
2025-10-31T14:00,30.3,48,32.6,0.0,0.0,2,73,4.0,291,28.6139,77.209
2025-10-31T15:00,30.3,47,32.2,0.0,0.0,1,26,5.8,300,28.6139,77.209
2025-10-31T16:00,29.7,47,31.2,0.0,0.0,1,37,6.9,307,28.6139,77.209
2025-10-31T17:00,28.2,55,30.7,0.0,0.0,1,34,4.3,272,28.6139,77.209
2025-10-31T18:00,26.9,64,30.0,0.0,0.0,0,7,3.6,264,28.6139,77.209
2025-10-31T19:00,26.1,68,29.3,0.0,0.0,0,6,4.0,243,28.6139,77.209
2025-10-31T20:00,25.5,70,28.4,0.0,0.0,0,1,4.9,234,28.6139,77.209
2025-10-31T21:00,24.8,71,27.4,0.0,0.0,0,1,6.2,224,28.6139,77.209
2025-10-31T22:00,24.0,73,26.4,0.0,0.0,0,0,6.6,221,28.6139,77.209
2025-10-31T23:00,23.4,81,26.3,0.0,0.0,0,0,5.5,229,28.6139,77.209
2025-11-01T00:00,23.0,82,25.9,0.0,0.0,0,2,4.8,233,28.6139,77.209
2025-11-01T01:00,22.7,82,25.3,0.0,0.0,0,2,5.8,240,28.6139,77.209
2025-11-01T02:00,22.0,85,24.8,0.0,0.0,0,1,5.2,266,28.6139,77.209
2025-11-01T03:00,21.2,89,24.0,0.0,0.0,0,1,5.2,268,28.6139,77.209
2025-11-01T04:00,20.8,92,23.6,0.0,0.0,0,0,5.4,264,28.6139,77.209
2025-11-01T05:00,20.9,95,23.9,0.0,0.0,0,2,5.7,252,28.6139,77.209
2025-11-01T06:00,20.8,96,23.9,0.0,0.0,0,12,5.3,294,28.6139,77.209
2025-11-01T07:00,21.3,91,24.1,0.0,0.0,0,10,6.1,273,28.6139,77.209
2025-11-01T08:00,23.1,81,26.2,0.0,0.0,0,0,4.0,262,28.6139,77.209
2025-11-01T09:00,26.0,64,28.5,0.0,0.0,0,0,4.3,268,28.6139,77.209
2025-11-01T10:00,28.4,48,29.8,0.0,0.0,0,0,5.6,285,28.6139,77.209
2025-11-01T11:00,29.8,36,30.2,0.0,0.0,0,0,7.9,291,28.6139,77.209
2025-11-01T12:00,30.6,31,30.5,0.0,0.0,0,0,8.9,297,28.6139,77.209
2025-11-01T13:00,30.9,29,30.2,0.0,0.0,0,1,9.8,298,28.6139,77.209
2025-11-01T14:00,30.8,29,29.4,0.0,0.0,0,1,10.2,301,28.6139,77.209
2025-11-01T15:00,30.4,29,29.1,0.0,0.0,0,0,10.2,301,28.6139,77.209
2025-11-01T16:00,29.6,30,28.2,0.0,0.0,0,0,9.6,300,28.6139,77.209
2025-11-01T17:00,27.0,47,27.7,0.0,0.0,0,0,5.4,320,28.6139,77.209
2025-11-01T18:00,25.6,52,26.4,0.0,0.0,0,0,5.7,323,28.6139,77.209
2025-11-01T19:00,24.7,55,25.5,0.0,0.0,0,0,5.4,296,28.6139,77.209
2025-11-01T20:00,24.1,56,24.7,0.0,0.0,0,0,6.1,282,28.6139,77.209
2025-11-01T21:00,23.5,58,24.1,0.0,0.0,0,0,6.0,273,28.6139,77.209
2025-11-01T22:00,23.0,58,23.5,0.0,0.0,0,0,6.0,263,28.6139,77.209
2025-11-01T23:00,22.0,68,23.2,0.0,0.0,0,0,5.2,266,28.6139,77.209
2025-11-02T00:00,21.4,68,22.2,0.0,0.0,0,0,5.8,279,28.6139,77.209
2025-11-02T01:00,21.2,68,21.9,0.0,0.0,0,0,6.2,282,28.6139,77.209
2025-11-02T02:00,20.9,69,21.5,0.0,0.0,0,0,6.5,270,28.6139,77.209
2025-11-02T03:00,20.1,72,20.8,0.0,0.0,0,0,6.2,280,28.6139,77.209
2025-11-02T04:00,19.6,73,20.2,0.0,0.0,0,0,6.1,275,28.6139,77.209
2025-11-02T05:00,19.4,79,20.4,0.0,0.0,0,1,5.9,268,28.6139,77.209
2025-11-02T06:00,19.3,80,20.4,0.0,0.0,0,0,5.6,272,28.6139,77.209
2025-11-02T07:00,19.9,78,21.0,0.0,0.0,0,0,6.3,275,28.6139,77.209
2025-11-02T08:00,21.6,73,23.0,0.0,0.0,0,0,6.1,275,28.6139,77.209
2025-11-02T09:00,23.8,65,25.3,0.0,0.0,0,0,5.9,282,28.6139,77.209
2025-11-02T10:00,25.8,58,27.4,0.0,0.0,0,0,5.9,284,28.6139,77.209
2025-11-02T11:00,27.6,50,29.0,0.0,0.0,0,0,8.8,287,28.6139,77.209
2025-11-02T12:00,28.8,39,28.8,0.0,0.0,0,0,12.3,300,28.6139,77.209
2025-11-02T13:00,29.3,36,28.7,0.0,0.0,0,0,12.8,305,28.6139,77.209
2025-11-02T14:00,29.4,35,28.2,0.0,0.0,0,0,12.7,303,28.6139,77.209
2025-11-02T15:00,29.1,35,28.0,0.0,0.0,0,0,12.2,301,28.6139,77.209
2025-11-02T16:00,28.1,39,27.5,0.0,0.0,0,0,9.8,301,28.6139,77.209
2025-11-02T17:00,26.2,48,26.5,0.0,0.0,0,0,7.6,289,28.6139,77.209
2025-11-02T18:00,24.6,54,25.2,0.0,0.0,0,0,6.8,282,28.6139,77.209
2025-11-02T19:00,23.7,56,24.2,0.0,0.0,0,0,7.0,273,28.6139,77.209
2025-11-02T20:00,23.1,56,23.3,0.0,0.0,0,0,7.2,276,28.6139,77.209
2025-11-02T21:00,22.5,56,22.4,0.0,0.0,0,0,7.4,283,28.6139,77.209
2025-11-02T22:00,21.8,57,21.5,0.0,0.0,0,0,7.9,286,28.6139,77.209
2025-11-02T23:00,21.6,60,21.6,0.0,0.0,0,0,8.2,280,28.6139,77.209
2025-11-03T00:00,21.2,60,21.0,0.0,0.0,0,0,8.5,272,28.6139,77.209
2025-11-03T01:00,20.6,61,20.1,0.0,0.0,0,0,9.1,263,28.6139,77.209
2025-11-03T02:00,19.7,64,19.2,0.0,0.0,0,0,9.2,263,28.6139,77.209
2025-11-03T03:00,19.0,66,18.5,0.0,0.0,0,0,8.8,268,28.6139,77.209
2025-11-03T04:00,18.5,68,18.0,0.0,0.0,0,0,8.5,265,28.6139,77.209
2025-11-03T05:00,18.2,72,17.9,0.0,0.0,0,0,8.3,265,28.6139,77.209
2025-11-03T06:00,17.9,73,17.6,0.0,0.0,0,0,8.0,261,28.6139,77.209
2025-11-03T07:00,18.3,70,17.9,0.0,0.0,0,0,8.3,257,28.6139,77.209
2025-11-03T08:00,19.9,69,20.0,0.0,0.0,0,0,8.1,258,28.6139,77.209
2025-11-03T09:00,22.3,60,22.8,0.0,0.0,0,0,5.9,268,28.6139,77.209
2025-11-03T10:00,24.8,52,25.3,0.0,0.0,0,0,6.0,267,28.6139,77.209
2025-11-03T11:00,27.2,46,28.1,0.0,0.0,0,0,7.0,273,28.6139,77.209
2025-11-03T12:00,28.8,40,29.5,0.0,0.0,0,0,8.7,278,28.6139,77.209
2025-11-03T13:00,29.9,35,29.7,0.0,0.0,0,0,10.8,281,28.6139,77.209
2025-11-03T14:00,30.5,28,28.4,0.0,0.0,0,0,14.1,293,28.6139,77.209
2025-11-03T15:00,30.0,28,28.0,0.0,0.0,0,0,13.3,295,28.6139,77.209
2025-11-03T16:00,28.7,32,27.3,0.0,0.0,0,0,10.3,293,28.6139,77.209
2025-11-03T17:00,26.3,42,26.1,0.0,0.0,0,0,6.9,300,28.6139,77.209
2025-11-03T18:00,25.2,46,25.0,0.0,0.0,0,0,6.9,317,28.6139,77.209
2025-11-03T19:00,24.3,51,24.6,0.0,0.0,0,11,5.7,316,28.6139,77.209
2025-11-03T20:00,24.1,50,24.6,0.0,0.0,0,0,2.7,290,28.6139,77.209
2025-11-03T21:00,23.5,51,24.1,0.0,0.0,0,0,1.6,243,28.6139,77.209
2025-11-03T22:00,22.7,53,23.2,0.0,0.0,0,0,2.0,243,28.6139,77.209
2025-11-03T23:00,23.0,54,23.7,0.0,0.0,0,0,1.7,212,28.6139,77.209
2025-11-04T00:00,21.7,57,22.5,0.0,0.0,0,8,0.4,207,28.6139,77.209
2025-11-04T01:00,21.0,59,21.7,0.0,0.0,0,9,0.4,180,28.6139,77.209
2025-11-04T02:00,20.1,63,20.5,0.0,0.0,0,3,2.5,159,28.6139,77.209
2025-11-04T03:00,19.3,67,19.7,0.0,0.0,3,87,3.6,131,28.6139,77.209
2025-11-04T04:00,19.5,69,19.8,0.0,0.0,2,74,5.3,128,28.6139,77.209
2025-11-04T05:00,18.9,74,19.4,0.0,0.0,3,100,5.1,144,28.6139,77.209
2025-11-04T06:00,19.9,68,20.2,0.0,0.0,1,48,6.8,140,28.6139,77.209
2025-11-04T07:00,20.1,67,20.0,0.0,0.0,1,32,9.0,160,28.6139,77.209
2025-11-04T08:00,21.8,65,22.1,0.0,0.0,0,17,8.5,156,28.6139,77.209
2025-11-04T09:00,23.6,61,24.9,0.0,0.0,0,3,3.8,155,28.6139,77.209
2025-11-04T10:00,25.7,54,27.3,0.0,0.0,0,2,2.0,135,28.6139,77.209
2025-11-04T11:00,27.5,47,29.0,0.0,0.0,0,1,3.9,196,28.6139,77.209
2025-11-04T12:00,28.7,42,30.0,0.0,0.0,0,3,4.2,162,28.6139,77.209
2025-11-04T13:00,28.7,44,29.2,0.0,0.0,0,7,10.6,156,28.6139,77.209
2025-11-04T14:00,28.2,46,28.3,0.0,0.0,0,5,11.0,165,28.6139,77.209
2025-11-04T15:00,27.9,43,27.8,0.0,0.0,0,6,9.4,162,28.6139,77.209
2025-11-04T16:00,26.9,47,27.3,0.0,0.0,0,6,7.1,159,28.6139,77.209
2025-11-04T17:00,25.4,62,27.3,0.0,0.0,0,13,5.2,153,28.6139,77.209
2025-11-04T18:00,24.7,60,25.9,0.0,0.0,0,5,6.8,140,28.6139,77.209
2025-11-04T19:00,23.6,64,25.0,0.0,0.0,0,9,5.8,160,28.6139,77.209
2025-11-04T20:00,23.0,67,24.3,0.0,0.0,0,8,6.8,169,28.6139,77.209
2025-11-04T21:00,22.1,71,23.6,0.0,0.0,1,41,5.4,180,28.6139,77.209
2025-11-04T22:00,21.6,73,23.2,0.0,0.0,0,5,4.7,198,28.6139,77.209
2025-11-04T23:00,21.8,80,24.3,0.0,0.0,2,70,3.7,203,28.6139,77.209
2025-11-05T00:00,21.3,83,23.7,0.0,0.0,0,7,3.8,199,28.6139,77.209
2025-11-05T01:00,21.5,82,24.1,0.0,0.0,0,17,2.4,228,28.6139,77.209
2025-11-05T02:00,21.4,81,23.5,0.0,0.0,0,7,6.1,34,28.6139,77.209
2025-11-05T03:00,20.2,86,21.9,0.0,0.0,0,0,6.7,44,28.6139,77.209
2025-11-05T04:00,19.4,88,21.1,0.0,0.0,0,0,5.9,76,28.6139,77.209
2025-11-05T05:00,19.0,92,21.1,0.0,0.0,0,0,4.0,141,28.6139,77.209
2025-11-05T06:00,18.9,92,21.1,0.0,0.0,0,0,3.2,164,28.6139,77.209
2025-11-05T07:00,20.0,88,22.2,0.0,0.0,0,0,4.0,180,28.6139,77.209
2025-11-05T08:00,22.1,80,24.5,0.0,0.0,0,0,4.3,222,28.6139,77.209
2025-11-05T09:00,24.2,72,26.9,0.0,0.0,0,0,3.2,236,28.6139,77.209
2025-11-05T10:00,26.1,63,28.8,0.0,0.0,0,0,3.1,273,28.6139,77.209
2025-11-05T11:00,28.1,55,30.6,0.0,0.0,0,11,5.4,290,28.6139,77.209
2025-11-05T12:00,29.3,43,30.4,0.0,0.0,1,24,8.0,301,28.6139,77.209
2025-11-05T13:00,29.5,37,29.1,0.0,0.0,0,8,9.4,310,28.6139,77.209
2025-11-05T14:00,29.4,35,28.6,0.0,0.0,0,7,10.2,316,28.6139,77.209
2025-11-05T15:00,28.9,36,28.0,0.0,0.0,0,11,10.9,320,28.6139,77.209
2025-11-05T16:00,28.0,39,27.4,0.0,0.0,0,2,10.2,330,28.6139,77.209
2025-11-05T17:00,27.1,40,26.6,0.0,0.0,0,12,8.1,309,28.6139,77.209
2025-11-05T18:00,25.9,45,25.5,0.0,0.0,0,7,9.2,313,28.6139,77.209
2025-11-05T19:00,24.8,47,24.2,0.0,0.0,0,1,9.7,317,28.6139,77.209
2025-11-05T20:00,23.8,49,23.1,0.0,0.0,0,0,8.9,320,28.6139,77.209
2025-11-05T21:00,22.8,50,22.1,0.0,0.0,0,0,8.8,325,28.6139,77.209
2025-11-05T22:00,22.0,51,21.1,0.0,0.0,0,0,8.9,320,28.6139,77.209
2025-11-05T23:00,21.3,60,21.0,0.0,0.0,0,0,8.4,312,28.6139,77.209
2025-11-06T00:00,20.5,60,19.8,0.0,0.0,0,0,9.8,308,28.6139,77.209
2025-11-06T01:00,19.6,57,18.5,0.0,0.0,0,0,9.8,310,28.6139,77.209
2025-11-06T02:00,18.8,50,16.9,0.0,0.0,0,0,9.4,308,28.6139,77.209
2025-11-06T03:00,17.7,48,15.4,0.0,0.0,0,0,9.5,302,28.6139,77.209
2025-11-06T04:00,16.8,51,14.6,0.0,0.0,0,0,9.4,300,28.6139,77.209
2025-11-06T05:00,16.4,64,14.8,0.0,0.0,0,0,10.2,296,28.6139,77.209
2025-11-06T06:00,15.8,66,14.4,0.0,0.0,0,0,8.9,299,28.6139,77.209
2025-11-06T07:00,16.1,66,14.7,0.0,0.0,0,0,8.9,297,28.6139,77.209
2025-11-06T08:00,17.7,63,16.7,0.0,0.0,0,0,7.6,284,28.6139,77.209
2025-11-06T09:00,19.8,56,19.0,0.0,0.0,0,0,7.2,282,28.6139,77.209
2025-11-06T10:00,22.1,47,20.9,0.0,0.0,0,0,8.4,295,28.6139,77.209
2025-11-06T11:00,24.1,38,22.7,0.0,0.0,0,0,10.2,300,28.6139,77.209
2025-11-06T12:00,25.2,32,23.9,0.0,0.0,0,0,9.5,302,28.6139,77.209
2025-11-06T13:00,25.9,29,24.2,0.0,0.0,0,0,9.6,300,28.6139,77.209
2025-11-06T14:00,26.1,29,23.8,0.0,0.0,0,0,9.9,302,28.6139,77.209
2025-11-06T15:00,25.7,30,23.3,0.0,0.0,0,0,10.7,303,28.6139,77.209
2025-11-06T16:00,24.8,33,22.8,0.0,0.0,0,0,9.3,306,28.6139,77.209
2025-11-06T17:00,22.9,42,21.6,0.0,0.0,0,0,6.8,295,28.6139,77.209
2025-11-06T18:00,21.7,47,20.8,0.0,0.0,0,0,6.3,290,28.6139,77.209
2025-11-06T19:00,21.0,50,20.0,0.0,0.0,0,0,7.2,288,28.6139,77.209
2025-11-06T20:00,20.2,52,19.1,0.0,0.0,0,0,7.6,285,28.6139,77.209
2025-11-06T21:00,19.7,52,18.3,0.0,0.0,0,0,8.4,286,28.6139,77.209
2025-11-06T22:00,19.1,52,17.5,0.0,0.0,0,0,8.4,289,28.6139,77.209
2025-11-06T23:00,18.7,53,17.1,0.0,0.0,0,0,9.1,292,28.6139,77.209
2025-11-07T00:00,17.8,55,16.2,0.0,0.0,0,0,8.4,293,28.6139,77.209
2025-11-07T01:00,17.0,56,15.3,0.0,0.0,0,0,8.3,290,28.6139,77.209
2025-11-07T02:00,16.4,58,14.7,0.0,0.0,0,0,8.1,288,28.6139,77.209
2025-11-07T03:00,15.8,60,14.1,0.0,0.0,0,0,7.7,288,28.6139,77.209
2025-11-07T04:00,15.4,61,13.7,0.0,0.0,0,0,7.6,285,28.6139,77.209
2025-11-07T05:00,15.4,65,13.8,0.0,0.0,0,0,8.7,283,28.6139,77.209
2025-11-07T06:00,14.8,67,13.2,0.0,0.0,0,0,8.2,279,28.6139,77.209
2025-11-07T07:00,15.0,66,13.3,0.0,0.0,0,0,9.0,273,28.6139,77.209
2025-11-07T08:00,16.5,62,15.0,0.0,0.0,0,0,8.3,275,28.6139,77.209
2025-11-07T09:00,18.9,54,17.5,0.0,0.0,0,0,7.6,284,28.6139,77.209
2025-11-07T10:00,21.3,46,20.0,0.0,0.0,0,0,7.5,287,28.6139,77.209
2025-11-07T11:00,24.4,39,23.4,0.0,0.0,0,0,9.0,283,28.6139,77.209
2025-11-07T12:00,26.1,32,24.9,0.0,0.0,0,0,9.3,285,28.6139,77.209
2025-11-07T13:00,27.0,27,25.2,0.0,0.0,0,0,9.6,286,28.6139,77.209
2025-11-07T14:00,27.3,24,24.6,0.0,0.0,0,0,10.0,287,28.6139,77.209
2025-11-07T15:00,27.0,25,24.4,0.0,0.0,0,0,9.6,290,28.6139,77.209
2025-11-07T16:00,25.9,29,23.7,0.0,0.0,0,0,8.4,289,28.6139,77.209
2025-11-07T17:00,24.0,36,22.3,0.0,0.0,0,0,7.7,288,28.6139,77.209
2025-11-07T18:00,22.7,40,21.1,0.0,0.0,0,0,7.6,295,28.6139,77.209
2025-11-07T19:00,21.5,43,19.9,0.0,0.0,0,0,7.3,293,28.6139,77.209
2025-11-07T20:00,20.5,45,18.9,0.0,0.0,0,0,7.4,293,28.6139,77.209
2025-11-07T21:00,19.5,47,17.9,0.0,0.0,0,0,6.8,288,28.6139,77.209
2025-11-07T22:00,18.7,48,17.0,0.0,0.0,0,0,7.0,288,28.6139,77.209
2025-11-07T23:00,18.3,51,16.5,0.0,0.0,0,0,8.0,286,28.6139,77.209
2025-11-08T00:00,17.3,53,15.6,0.0,0.0,0,0,7.9,290,28.6139,77.209
2025-11-08T01:00,16.8,55,15.0,0.0,0.0,0,0,8.0,288,28.6139,77.209
2025-11-08T02:00,16.3,56,14.4,0.0,0.0,0,0,8.2,289,28.6139,77.209
2025-11-08T03:00,15.8,57,13.9,0.0,0.0,0,0,7.5,287,28.6139,77.209
2025-11-08T04:00,15.2,58,13.4,0.0,0.0,0,0,6.5,284,28.6139,77.209
2025-11-08T05:00,14.4,64,12.8,0.0,0.0,0,0,6.2,285,28.6139,77.209
2025-11-08T06:00,13.9,66,12.4,0.0,0.0,0,0,5.2,284,28.6139,77.209
2025-11-08T07:00,14.8,61,13.3,0.0,0.0,0,0,5.4,264,28.6139,77.209
2025-11-08T08:00,16.8,56,15.3,0.0,0.0,0,0,6.1,270,28.6139,77.209
2025-11-08T09:00,19.4,47,18.1,0.0,0.0,0,0,4.7,274,28.6139,77.209
2025-11-08T10:00,22.0,38,20.5,0.0,0.0,0,0,5.5,281,28.6139,77.209
2025-11-08T11:00,24.6,29,22.8,0.0,0.0,0,0,8.3,286,28.6139,77.209
2025-11-08T12:00,25.9,25,24.0,0.0,0.0,0,0,9.4,293,28.6139,77.209
2025-11-08T13:00,26.6,23,24.2,0.0,0.0,0,0,10.1,295,28.6139,77.209
2025-11-08T14:00,26.8,22,23.6,0.0,0.0,0,0,10.7,299,28.6139,77.209
2025-11-08T15:00,26.4,23,23.3,0.0,0.0,0,0,10.4,302,28.6139,77.209
2025-11-08T16:00,25.4,26,22.7,0.0,0.0,0,0,9.3,302,28.6139,77.209
2025-11-08T17:00,23.2,34,21.3,0.0,0.0,0,0,6.0,295,28.6139,77.209
2025-11-08T18:00,22.1,39,20.5,0.0,0.0,0,0,5.7,294,28.6139,77.209
2025-11-08T19:00,21.2,42,19.7,0.0,0.0,0,0,6.0,299,28.6139,77.209
2025-11-08T20:00,20.2,45,18.7,0.0,0.0,0,0,6.1,304,28.6139,77.209
2025-11-08T21:00,19.3,49,18.0,0.0,0.0,0,0,5.7,298,28.6139,77.209
2025-11-08T22:00,18.7,49,17.3,0.0,0.0,0,0,5.9,297,28.6139,77.209
2025-11-08T23:00,18.1,54,16.8,0.0,0.0,0,0,6.1,289,28.6139,77.209
2025-11-09T00:00,17.5,53,15.9,0.0,0.0,0,0,6.7,290,28.6139,77.209
2025-11-09T01:00,16.9,54,15.2,0.0,0.0,0,0,7.1,297,28.6139,77.209
2025-11-09T02:00,16.3,55,14.6,0.0,0.0,0,0,6.4,299,28.6139,77.209
2025-11-09T03:00,15.7,57,14.0,0.0,0.0,0,0,6.3,294,28.6139,77.209
2025-11-09T04:00,15.1,59,13.4,0.0,0.0,0,0,6.2,285,28.6139,77.209
2025-11-09T05:00,14.2,67,12.8,0.0,0.0,0,0,6.0,286,28.6139,77.209
2025-11-09T06:00,14.1,66,12.6,0.0,0.0,0,0,5.8,275,28.6139,77.209
2025-11-09T07:00,14.7,64,13.1,0.0,0.0,0,0,7.0,269,28.6139,77.209
2025-11-09T08:00,16.4,60,15.1,0.0,0.0,0,0,6.5,265,28.6139,77.209
2025-11-09T09:00,19.0,52,18.0,0.0,0.0,0,0,4.5,270,28.6139,77.209
2025-11-09T10:00,21.7,44,20.7,0.0,0.0,0,0,4.9,280,28.6139,77.209
2025-11-09T11:00,24.4,33,22.9,0.0,0.0,0,0,8.4,295,28.6139,77.209
2025-11-09T12:00,25.9,28,24.3,0.0,0.0,0,0,8.6,303,28.6139,77.209
2025-11-09T13:00,26.7,26,24.8,0.0,0.0,0,0,8.6,300,28.6139,77.209
2025-11-09T14:00,26.8,25,24.3,0.0,0.0,0,0,9.0,299,28.6139,77.209
2025-11-09T15:00,26.5,27,24.1,0.0,0.0,0,0,9.3,294,28.6139,77.209
2025-11-09T16:00,25.6,30,23.4,0.0,0.0,0,0,9.0,290,28.6139,77.209
2025-11-09T17:00,23.5,38,22.1,0.0,0.0,0,0,6.2,277,28.6139,77.209
2025-11-09T18:00,22.4,41,21.0,0.0,0.0,0,0,6.9,277,28.6139,77.209
2025-11-09T19:00,21.4,42,19.8,0.0,0.0,0,0,7.3,279,28.6139,77.209
2025-11-09T20:00,20.5,43,18.7,0.0,0.0,0,0,7.1,285,28.6139,77.209
2025-11-09T21:00,19.6,45,17.9,0.0,0.0,0,0,6.4,281,28.6139,77.209
2025-11-09T22:00,19.1,45,17.3,0.0,0.0,0,0,6.6,281,28.6139,77.209
2025-11-09T23:00,18.5,48,16.8,0.0,0.0,0,0,6.7,279,28.6139,77.209
2025-11-10T00:00,17.8,51,16.1,0.0,0.0,0,0,6.9,298,28.6139,77.209
2025-11-10T01:00,16.8,55,15.2,0.0,0.0,0,0,6.3,307,28.6139,77.209
2025-11-10T02:00,16.1,58,14.6,0.0,0.0,0,0,5.9,308,28.6139,77.209
2025-11-10T03:00,15.6,59,14.1,0.0,0.0,0,0,5.8,306,28.6139,77.209
2025-11-10T04:00,15.0,61,13.5,0.0,0.0,0,0,5.5,289,28.6139,77.209
2025-11-10T05:00,14.2,69,12.9,0.0,0.0,0,17,5.6,272,28.6139,77.209
2025-11-10T06:00,13.9,70,12.7,0.0,0.0,0,0,5.2,272,28.6139,77.209
2025-11-10T07:00,14.5,68,13.2,0.0,0.0,0,0,5.8,263,28.6139,77.209
2025-11-10T08:00,16.4,63,15.4,0.0,0.0,0,0,5.5,259,28.6139,77.209
2025-11-10T09:00,19.3,52,18.4,0.0,0.0,0,0,4.1,270,28.6139,77.209
2025-11-10T10:00,22.0,43,21.0,0.0,0.0,0,0,4.0,270,28.6139,77.209
2025-11-10T11:00,24.4,35,23.5,0.0,0.0,0,0,5.4,284,28.6139,77.209
2025-11-10T12:00,26.1,28,24.6,0.0,0.0,0,0,7.2,292,28.6139,77.209
2025-11-10T13:00,26.7,25,24.8,0.0,0.0,0,10,8.4,290,28.6139,77.209
2025-11-10T14:00,27.0,24,24.4,0.0,0.0,2,60,8.8,290,28.6139,77.209
2025-11-10T15:00,26.6,24,24.0,0.0,0.0,2,70,8.8,285,28.6139,77.209
2025-11-10T16:00,25.7,26,23.2,0.0,0.0,2,64,8.1,282,28.6139,77.209
2025-11-10T17:00,23.4,35,21.9,0.0,0.0,1,48,4.7,279,28.6139,77.209
2025-11-10T18:00,22.3,38,20.9,0.0,0.0,0,0,4.6,288,28.6139,77.209
2025-11-10T19:00,21.3,43,20.3,0.0,0.0,0,7,4.0,302,28.6139,77.209
2025-11-10T20:00,20.5,45,19.6,0.0,0.0,1,49,3.2,317,28.6139,77.209
2025-11-10T21:00,19.9,47,18.9,0.0,0.0,1,30,3.3,331,28.6139,77.209
2025-11-10T22:00,19.4,47,18.2,0.0,0.0,3,83,3.8,329,28.6139,77.209
2025-11-10T23:00,19.0,50,18.0,0.0,0.0,3,94,3.2,308,28.6139,77.209
2025-11-11T00:00,17.5,53,16.4,0.0,0.0,0,9,3.3,299,28.6139,77.209
2025-11-11T01:00,16.4,57,15.2,0.0,0.0,0,0,3.8,278,28.6139,77.209
2025-11-11T02:00,15.4,59,13.9,0.0,0.0,0,0,5.5,297,28.6139,77.209
2025-11-11T03:00,14.6,62,13.1,0.0,0.0,0,0,5.3,288,28.6139,77.209
2025-11-11T04:00,14.1,63,12.6,0.0,0.0,0,0,5.4,268,28.6139,77.209
2025-11-11T05:00,13.7,70,12.4,0.0,0.0,0,0,5.8,272,28.6139,77.209
2025-11-11T06:00,13.7,70,12.3,0.0,0.0,0,0,5.9,272,28.6139,77.209
2025-11-11T07:00,14.2,67,12.7,0.0,0.0,0,0,6.8,270,28.6139,77.209
2025-11-11T08:00,16.4,61,15.0,0.0,0.0,0,0,7.0,267,28.6139,77.209
2025-11-11T09:00,19.3,51,18.3,0.0,0.0,0,0,4.9,268,28.6139,77.209
2025-11-11T10:00,22.2,42,21.0,0.0,0.0,0,0,5.2,276,28.6139,77.209
2025-11-11T11:00,24.8,34,23.6,0.0,0.0,0,0,7.1,286,28.6139,77.209
2025-11-11T12:00,26.4,28,24.7,0.0,0.0,0,0,9.2,301,28.6139,77.209
2025-11-11T13:00,27.1,25,24.9,0.0,0.0,0,0,9.9,303,28.6139,77.209
2025-11-11T14:00,27.4,23,24.5,0.0,0.0,0,0,10.3,299,28.6139,77.209
2025-11-11T15:00,27.0,24,24.1,0.0,0.0,0,0,10.6,294,28.6139,77.209
2025-11-11T16:00,26.0,27,23.4,0.0,0.0,0,0,9.4,293,28.6139,77.209
2025-11-11T17:00,23.8,32,21.9,0.0,0.0,0,0,6.0,287,28.6139,77.209
2025-11-11T18:00,22.6,37,21.0,0.0,0.0,0,0,6.0,286,28.6139,77.209
2025-11-11T19:00,21.4,42,19.9,0.0,0.0,0,0,6.8,281,28.6139,77.209
2025-11-11T20:00,20.4,47,19.0,0.0,0.0,0,0,6.7,278,28.6139,77.209
2025-11-11T21:00,19.7,49,18.3,0.0,0.0,0,0,6.9,279,28.6139,77.209
2025-11-11T22:00,19.1,49,17.5,0.0,0.0,0,0,7.5,287,28.6139,77.209
2025-11-11T23:00,18.8,52,17.3,0.0,0.0,0,0,7.7,307,28.6139,77.209
2025-11-12T00:00,17.8,54,16.3,0.0,0.0,0,0,7.1,319,28.6139,77.209
2025-11-12T01:00,17.0,56,15.6,0.0,0.0,0,0,6.4,315,28.6139,77.209
2025-11-12T02:00,16.4,58,15.0,0.0,0.0,0,0,6.1,313,28.6139,77.209
2025-11-12T03:00,15.8,60,14.4,0.0,0.0,0,0,5.8,286,28.6139,77.209
2025-11-12T04:00,15.2,62,13.7,0.0,0.0,0,0,6.5,268,28.6139,77.209
2025-11-12T05:00,14.3,69,12.9,0.0,0.0,0,0,7.2,270,28.6139,77.209
2025-11-12T06:00,14.0,70,12.5,0.0,0.0,0,0,7.6,270,28.6139,77.209
2025-11-12T07:00,14.4,68,12.7,0.0,0.0,0,0,8.7,266,28.6139,77.209
2025-11-12T08:00,16.3,62,14.8,0.0,0.0,0,0,7.8,265,28.6139,77.209
2025-11-12T09:00,19.2,52,18.0,0.0,0.0,0,0,6.7,273,28.6139,77.209
2025-11-12T10:00,22.2,43,20.9,0.0,0.0,0,0,7.1,279,28.6139,77.209
2025-11-12T11:00,24.9,36,23.4,0.0,0.0,0,0,9.6,284,28.6139,77.209
2025-11-12T12:00,26.6,29,24.6,0.0,0.0,0,0,11.8,293,28.6139,77.209
2025-11-12T13:00,27.3,26,24.7,0.0,0.0,0,0,12.8,299,28.6139,77.209
2025-11-12T14:00,27.5,24,24.4,0.0,0.0,0,0,12.8,299,28.6139,77.209
2025-11-12T15:00,27.1,25,24.1,0.0,0.0,0,0,12.3,300,28.6139,77.209
2025-11-12T16:00,26.2,26,23.5,0.0,0.0,0,0,10.7,299,28.6139,77.209
2025-11-12T17:00,23.9,35,22.2,0.0,0.0,0,0,6.3,294,28.6139,77.209
2025-11-12T18:00,22.8,39,21.4,0.0,0.0,0,0,5.6,301,28.6139,77.209
2025-11-12T19:00,21.7,43,20.6,0.0,0.0,0,0,5.4,307,28.6139,77.209
2025-11-12T20:00,20.8,47,19.8,0.0,0.0,0,0,5.1,309,28.6139,77.209
2025-11-12T21:00,20.2,51,19.4,0.0,0.0,0,0,4.2,306,28.6139,77.209
2025-11-12T22:00,19.4,53,18.6,0.0,0.0,0,0,4.2,290,28.6139,77.209
2025-11-12T23:00,19.1,54,18.4,0.0,0.0,0,0,3.6,264,28.6139,77.209
2025-11-13T00:00,17.3,59,16.2,0.0,0.0,0,0,5.8,277,28.6139,77.209
2025-11-13T01:00,16.2,64,15.2,0.0,0.0,0,0,5.6,285,28.6139,77.209
2025-11-13T02:00,15.4,69,14.5,0.0,0.0,0,0,5.4,276,28.6139,77.209
2025-11-13T03:00,14.7,72,13.9,0.0,0.0,0,0,5.1,274,28.6139,77.209
2025-11-13T04:00,14.3,75,13.4,0.0,0.0,0,0,5.4,272,28.6139,77.209
2025-11-13T05:00,13.7,80,12.9,0.0,0.0,0,0,6.2,278,28.6139,77.209
2025-11-13T06:00,13.2,81,12.4,0.0,0.0,0,0,5.5,279,28.6139,77.209
2025-11-13T07:00,13.8,76,12.7,0.0,0.0,0,0,6.5,275,28.6139,77.209
2025-11-13T08:00,15.7,68,14.7,0.0,0.0,0,0,6.3,268,28.6139,77.209
2025-11-13T09:00,18.3,57,17.5,0.0,0.0,0,0,4.9,278,28.6139,77.209
2025-11-13T10:00,21.2,47,20.3,0.0,0.0,0,0,4.9,278,28.6139,77.209
2025-11-13T11:00,23.8,37,22.5,0.0,0.0,0,0,8.1,288,28.6139,77.209
2025-11-13T12:00,25.2,33,23.7,0.0,0.0,0,0,9.4,296,28.6139,77.209
2025-11-13T13:00,25.9,28,23.9,0.0,0.0,0,0,9.5,297,28.6139,77.209
2025-11-13T14:00,26.3,26,23.6,0.0,0.0,0,0,9.7,299,28.6139,77.209
2025-11-13T15:00,26.0,26,23.2,0.0,0.0,0,0,9.9,297,28.6139,77.209
2025-11-13T16:00,25.1,29,22.7,0.0,0.0,0,0,8.9,294,28.6139,77.209
2025-11-13T17:00,22.5,38,20.9,0.0,0.0,0,0,5.5,289,28.6139,77.209
2025-11-13T18:00,21.5,40,19.9,0.0,0.0,0,0,6.2,285,28.6139,77.209
2025-11-13T19:00,20.4,44,18.9,0.0,0.0,0,0,6.5,289,28.6139,77.209
2025-11-13T20:00,19.3,48,17.8,0.0,0.0,0,0,6.5,284,28.6139,77.209
2025-11-13T21:00,18.6,50,17.1,0.0,0.0,0,0,6.7,275,28.6139,77.209
2025-11-13T22:00,17.9,52,16.4,0.0,0.0,0,0,6.5,278,28.6139,77.209
2025-11-13T23:00,17.6,55,16.1,0.0,0.0,0,0,6.7,284,28.6139,77.209
2025-11-14T00:00,16.7,57,15.2,0.0,0.0,0,0,6.7,294,28.6139,77.209
2025-11-14T01:00,15.7,61,14.4,0.0,0.0,0,0,5.7,298,28.6139,77.209
2025-11-14T02:00,15.0,64,13.8,0.0,0.0,0,0,5.4,291,28.6139,77.209
2025-11-14T03:00,14.5,66,13.2,0.0,0.0,0,0,5.5,281,28.6139,77.209
2025-11-14T04:00,13.9,68,12.5,0.0,0.0,0,0,5.8,275,28.6139,77.209
2025-11-14T05:00,13.5,74,12.4,0.0,0.0,0,0,6.0,279,28.6139,77.209
2025-11-14T06:00,13.3,75,12.2,0.0,0.0,0,0,5.6,270,28.6139,77.209
2025-11-14T07:00,13.7,74,12.4,0.0,0.0,0,0,6.7,261,28.6139,77.209
2025-11-14T08:00,15.6,67,14.5,0.0,0.0,0,0,6.2,260,28.6139,77.209
2025-11-14T09:00,18.4,56,17.5,0.0,0.0,0,0,4.9,266,28.6139,77.209
2025-11-14T10:00,21.1,46,20.0,0.0,0.0,0,0,5.2,274,28.6139,77.209
2025-11-14T11:00,23.5,37,22.3,0.0,0.0,0,0,7.0,282,28.6139,77.209
2025-11-14T12:00,25.1,29,23.2,0.0,0.0,0,0,8.6,290,28.6139,77.209
2025-11-14T13:00,25.7,28,23.5,0.0,0.0,0,0,9.4,294,28.6139,77.209
2025-11-14T14:00,26.0,26,23.4,0.0,0.0,0,0,9.5,295,28.6139,77.209
2025-11-14T15:00,25.8,24,22.9,0.0,0.0,0,0,9.7,295,28.6139,77.209
2025-11-14T16:00,24.9,27,22.3,0.0,0.0,0,0,8.9,295,28.6139,77.209
2025-11-14T17:00,22.6,35,20.9,0.0,0.0,0,0,5.2,292,28.6139,77.209
2025-11-14T18:00,21.9,38,20.3,0.0,0.0,0,0,5.4,291,28.6139,77.209
2025-11-14T19:00,20.8,42,19.3,0.0,0.0,0,0,5.6,285,28.6139,77.209
2025-11-14T20:00,19.6,46,18.2,0.0,0.0,0,0,5.6,276,28.6139,77.209
2025-11-14T21:00,18.8,50,17.4,0.0,0.0,0,0,5.6,270,28.6139,77.209
2025-11-14T22:00,18.1,52,16.7,0.0,0.0,0,0,5.6,272,28.6139,77.209
2025-11-14T23:00,17.5,57,16.3,0.0,0.0,0,0,5.8,286,28.6139,77.209
2025-11-15T00:00,16.9,56,15.5,0.0,0.0,0,0,6.0,307,28.6139,77.209
2025-11-15T01:00,15.9,59,14.5,0.0,0.0,0,0,5.6,310,28.6139,77.209
2025-11-15T02:00,15.2,62,13.8,0.0,0.0,0,0,5.4,307,28.6139,77.209
2025-11-15T03:00,14.4,65,13.1,0.0,0.0,0,0,5.2,292,28.6139,77.209
2025-11-15T04:00,13.7,69,12.4,0.0,0.0,0,0,4.9,276,28.6139,77.209
2025-11-15T05:00,13.1,76,12.0,0.0,0.0,0,0,5.4,270,28.6139,77.209
2025-11-15T06:00,12.8,77,11.6,0.0,0.0,0,0,5.6,263,28.6139,77.209
2025-11-15T07:00,13.0,76,11.7,0.0,0.0,0,0,6.6,259,28.6139,77.209
2025-11-15T08:00,15.1,67,14.0,0.0,0.0,0,0,6.2,262,28.6139,77.209
2025-11-15T09:00,18.1,56,17.1,0.0,0.0,0,0,4.7,270,28.6139,77.209
2025-11-15T10:00,21.0,45,19.8,0.0,0.0,0,0,5.1,280,28.6139,77.209
2025-11-15T11:00,23.6,36,22.3,0.0,0.0,0,0,6.7,284,28.6139,77.209
2025-11-15T12:00,25.3,29,23.7,0.0,0.0,0,0,7.5,294,28.6139,77.209
2025-11-15T13:00,26.1,28,24.1,0.0,0.0,0,0,8.8,303,28.6139,77.209
2025-11-15T14:00,26.6,25,23.9,0.0,0.0,0,0,10.0,308,28.6139,77.209
2025-11-15T15:00,26.4,25,23.6,0.0,0.0,0,0,10.3,310,28.6139,77.209
2025-11-15T16:00,25.5,28,23.1,0.0,0.0,0,0,9.0,308,28.6139,77.209
2025-11-15T17:00,22.8,39,21.6,0.0,0.0,0,0,5.2,290,28.6139,77.209
2025-11-15T18:00,22.2,39,20.7,0.0,0.0,0,0,5.9,284,28.6139,77.209
2025-11-15T19:00,21.2,42,19.6,0.0,0.0,0,0,6.8,282,28.6139,77.209
2025-11-15T20:00,20.3,45,18.7,0.0,0.0,0,0,7.2,276,28.6139,77.209
2025-11-15T21:00,19.5,47,17.9,0.0,0.0,0,0,7.0,273,28.6139,77.209
2025-11-15T22:00,18.7,49,17.2,0.0,0.0,0,0,6.3,285,28.6139,77.209
2025-11-15T23:00,17.3,58,16.2,0.0,0.0,0,0,5.4,312,28.6139,77.209
2025-11-16T00:00,16.2,59,15.0,0.0,0.0,0,0,5.2,304,28.6139,77.209
2025-11-16T01:00,15.3,63,14.1,0.0,0.0,0,0,4.8,292,28.6139,77.209
2025-11-16T02:00,14.6,67,13.5,0.0,0.0,0,0,4.6,288,28.6139,77.209
2025-11-16T03:00,13.9,69,12.9,0.0,0.0,0,0,4.0,270,28.6139,77.209
2025-11-16T04:00,13.3,70,12.0,0.0,0.0,0,0,4.7,263,28.6139,77.209
2025-11-16T05:00,12.5,80,11.5,0.0,0.0,0,0,4.9,270,28.6139,77.209
2025-11-16T06:00,12.3,79,11.3,0.0,0.0,0,0,4.7,268,28.6139,77.209
2025-11-16T07:00,12.8,75,11.5,0.0,0.0,0,0,6.1,267,28.6139,77.209
2025-11-16T08:00,15.0,66,13.6,0.0,0.0,0,0,6.9,265,28.6139,77.209
2025-11-16T09:00,18.0,55,16.9,0.0,0.0,0,0,4.8,281,28.6139,77.209
2025-11-16T10:00,21.0,45,19.8,0.0,0.0,0,0,5.7,298,28.6139,77.209
2025-11-16T11:00,23.7,37,22.3,0.0,0.0,0,0,7.7,303,28.6139,77.209
2025-11-16T12:00,25.6,29,23.6,0.0,0.0,0,0,10.2,314,28.6139,77.209
2025-11-16T13:00,26.5,26,24.0,0.0,0.0,0,0,11.4,319,28.6139,77.209
2025-11-16T14:00,26.8,24,23.7,0.0,0.0,0,0,11.6,319,28.6139,77.209
2025-11-16T15:00,26.4,24,23.3,0.0,0.0,0,0,11.5,320,28.6139,77.209
2025-11-16T16:00,25.5,26,22.8,0.0,0.0,0,0,9.8,314,28.6139,77.209
2025-11-16T17:00,23.0,34,21.3,0.0,0.0,0,0,5.7,302,28.6139,77.209
2025-11-16T18:00,22.3,36,20.5,0.0,0.0,0,0,6.2,296,28.6139,77.209
2025-11-16T19:00,21.1,40,19.3,0.0,0.0,0,0,6.5,293,28.6139,77.209
2025-11-16T20:00,19.7,45,18.2,0.0,0.0,0,0,5.7,283,28.6139,77.209
2025-11-16T21:00,18.9,47,17.3,0.0,0.0,0,0,6.1,272,28.6139,77.209
2025-11-16T22:00,18.3,48,16.5,0.0,0.0,0,0,6.5,276,28.6139,77.209
2025-11-16T23:00,17.4,52,15.8,0.0,0.0,0,0,6.2,287,28.6139,77.209
2025-11-17T00:00,15.9,56,14.3,0.0,0.0,0,0,5.8,306,28.6139,77.209
2025-11-17T01:00,14.8,60,13.3,0.0,0.0,0,0,5.2,299,28.6139,77.209
2025-11-17T02:00,14.3,62,12.7,0.0,0.0,0,0,5.2,286,28.6139,77.209
2025-11-17T03:00,13.7,63,12.1,0.0,0.0,0,0,5.2,274,28.6139,77.209
2025-11-17T04:00,13.2,65,11.5,0.0,0.0,0,0,5.4,264,28.6139,77.209
2025-11-17T05:00,12.3,73,10.9,0.0,0.0,0,0,5.2,266,28.6139,77.209
2025-11-17T06:00,12.3,73,10.8,0.0,0.0,0,0,5.5,261,28.6139,77.209
2025-11-17T07:00,12.7,70,11.0,0.0,0.0,0,0,6.4,260,28.6139,77.209
2025-11-17T08:00,14.8,63,13.2,0.0,0.0,0,0,6.8,268,28.6139,77.209
2025-11-17T09:00,17.8,52,16.5,0.0,0.0,0,1,4.7,274,28.6139,77.209
2025-11-17T10:00,20.6,42,19.3,0.0,0.0,0,0,4.4,289,28.6139,77.209
2025-11-17T11:00,23.2,36,22.0,0.0,0.0,0,0,4.4,300,28.6139,77.209
2025-11-17T12:00,25.0,30,23.6,0.0,0.0,0,0,5.9,315,28.6139,77.209
2025-11-17T13:00,25.7,29,24.1,0.0,0.0,0,0,6.5,312,28.6139,77.209
2025-11-17T14:00,26.0,28,24.2,0.0,0.0,0,0,6.1,304,28.6139,77.209
2025-11-17T15:00,25.8,29,24.0,0.0,0.0,0,0,5.6,303,28.6139,77.209
2025-11-17T16:00,25.1,30,23.4,0.0,0.0,0,0,5.3,298,28.6139,77.209
2025-11-17T17:00,22.7,43,22.0,0.0,0.0,0,0,3.5,309,28.6139,77.209
2025-11-17T18:00,22.0,43,21.3,0.0,0.0,0,0,2.7,337,28.6139,77.209
2025-11-17T19:00,21.3,45,20.7,0.0,0.0,0,0,1.3,45,28.6139,77.209
2025-11-17T20:00,20.4,48,19.9,0.0,0.0,0,0,1.6,96,28.6139,77.209
2025-11-17T21:00,19.6,52,19.1,0.0,0.0,0,0,1.5,144,28.6139,77.209
2025-11-17T22:00,18.8,55,18.6,0.0,0.0,0,0,1.1,198,28.6139,77.209
2025-11-17T23:00,17.7,60,17.3,0.0,0.0,0,0,2.0,225,28.6139,77.209
2025-11-18T00:00,16.6,64,16.1,0.0,0.0,0,0,2.1,239,28.6139,77.209
2025-11-18T01:00,16.0,66,15.5,0.0,0.0,0,0,2.1,255,28.6139,77.209
2025-11-18T02:00,15.5,67,15.1,0.0,0.0,0,0,1.7,257,28.6139,77.209
2025-11-18T03:00,15.1,68,14.6,0.0,0.0,0,0,1.8,264,28.6139,77.209
2025-11-18T04:00,14.2,72,13.4,0.0,0.0,0,0,3.3,276,28.6139,77.209
2025-11-18T05:00,14.5,70,13.9,0.0,0.0,0,0,2.3,266,28.6139,77.209
2025-11-18T06:00,13.5,74,12.6,0.0,0.0,0,0,4.2,260,28.6139,77.209
2025-11-18T07:00,13.6,74,12.5,0.0,0.0,0,0,5.1,260,28.6139,77.209
2025-11-18T08:00,15.3,68,14.4,0.0,0.0,0,5,4.9,270,28.6139,77.209
2025-11-18T09:00,18.0,58,17.3,0.0,0.0,0,0,3.5,285,28.6139,77.209
2025-11-18T10:00,20.8,48,20.0,0.0,0.0,0,0,3.9,294,28.6139,77.209
2025-11-18T11:00,23.4,40,22.4,0.0,0.0,0,11,5.6,292,28.6139,77.209
2025-11-18T12:00,24.9,34,23.8,0.0,0.0,0,9,6.9,298,28.6139,77.209
2025-11-18T13:00,25.6,34,24.2,0.0,0.0,0,2,7.6,301,28.6139,77.209
2025-11-18T14:00,25.8,34,24.3,0.0,0.0,0,2,7.7,301,28.6139,77.209
2025-11-18T15:00,25.7,36,24.3,0.0,0.0,0,0,7.8,302,28.6139,77.209
2025-11-18T16:00,24.9,41,24.0,0.0,0.0,0,2,7.5,310,28.6139,77.209
2025-11-18T17:00,22.6,54,22.8,0.0,0.0,0,0,4.6,324,28.6139,77.209
2025-11-18T18:00,21.9,59,22.4,0.0,0.0,0,0,3.4,357,28.6139,77.209
2025-11-18T19:00,21.4,61,22.2,0.0,0.0,0,0,2.2,42,28.6139,77.209
2025-11-18T20:00,20.9,63,21.9,0.0,0.0,0,0,0.9,90,28.6139,77.209
2025-11-18T21:00,19.9,66,20.8,0.0,0.0,0,0,0.9,217,28.6139,77.209
2025-11-18T22:00,18.5,70,18.8,0.0,0.0,0,0,3.8,239,28.6139,77.209
2025-11-18T23:00,17.1,77,17.5,0.0,0.0,0,0,3.9,242,28.6139,77.209
2025-11-19T00:00,16.2,80,16.6,0.0,0.0,0,0,3.2,251,28.6139,77.209
2025-11-19T01:00,15.6,83,15.9,0.0,0.0,0,5,3.0,253,28.6139,77.209
2025-11-19T02:00,15.2,83,15.3,0.0,0.0,0,0,4.0,262,28.6139,77.209
2025-11-19T03:00,14.7,84,14.6,0.0,0.0,0,0,4.4,261,28.6139,77.209
2025-11-19T04:00,14.2,83,14.0,0.0,0.0,0,0,4.0,249,28.6139,77.209
2025-11-19T05:00,13.6,84,13.3,0.0,0.0,0,0,3.7,256,28.6139,77.209
2025-11-19T06:00,13.3,83,12.8,0.0,0.0,0,0,4.0,262,28.6139,77.209
2025-11-19T07:00,13.8,79,13.2,0.0,0.0,0,0,4.2,263,28.6139,77.209
2025-11-19T08:00,15.7,71,15.5,0.0,0.0,0,0,2.2,279,28.6139,77.209
2025-11-19T09:00,18.7,59,18.8,0.0,0.0,0,0,0.4,297,28.6139,77.209
2025-11-19T10:00,21.7,50,21.8,0.0,0.0,0,0,1.1,108,28.6139,77.209
2025-11-19T11:00,24.0,46,23.7,0.0,0.0,0,0,5.3,100,28.6139,77.209
2025-11-19T12:00,25.3,40,25.0,0.0,0.0,1,36,5.9,102,28.6139,77.209
2025-11-19T13:00,25.9,38,25.4,0.0,0.0,0,5,5.4,110,28.6139,77.209
2025-11-19T14:00,26.0,37,25.4,0.0,0.0,0,5,4.8,119,28.6139,77.209
2025-11-19T15:00,25.8,37,25.2,0.0,0.0,0,9,4.4,125,28.6139,77.209
2025-11-19T16:00,25.1,40,24.5,0.0,0.0,0,2,4.8,132,28.6139,77.209
2025-11-19T17:00,23.4,48,23.3,0.0,0.0,0,0,4.4,150,28.6139,77.209
2025-11-19T18:00,22.5,56,22.9,0.0,0.0,0,0,3.5,159,28.6139,77.209
2025-11-19T19:00,21.8,59,22.8,0.0,0.0,0,1,0.9,180,28.6139,77.209
2025-11-19T20:00,21.1,63,22.3,0.0,0.0,0,5,0.4,153,28.6139,77.209
2025-11-19T21:00,20.4,64,21.4,0.0,0.0,0,2,0.6,146,28.6139,77.209
2025-11-19T22:00,20.0,65,20.9,0.0,0.0,0,0,0.7,166,28.6139,77.209
2025-11-19T23:00,18.8,71,19.7,0.0,0.0,0,0,1.2,207,28.6139,77.209
2025-11-20T00:00,18.1,73,18.9,0.0,0.0,0,2,1.3,236,28.6139,77.209
2025-11-20T01:00,17.4,76,18.0,0.0,0.0,0,0,2.5,262,28.6139,77.209
2025-11-20T02:00,16.4,80,16.6,0.0,0.0,0,0,4.2,265,28.6139,77.209
2025-11-20T03:00,16.0,79,16.1,0.0,0.0,0,0,4.2,260,28.6139,77.209
2025-11-20T04:00,15.3,81,15.2,0.0,0.0,0,0,4.6,257,28.6139,77.209
2025-11-20T05:00,14.4,85,14.4,0.0,0.0,0,0,4.4,251,28.6139,77.209
2025-11-20T06:00,14.1,85,14.0,0.0,0.0,0,0,4.2,265,28.6139,77.209
2025-11-20T07:00,14.4,84,14.2,0.0,0.0,0,0,4.5,263,28.6139,77.209
2025-11-20T08:00,16.2,76,16.3,0.0,0.0,0,0,3.4,264,28.6139,77.209
2025-11-20T09:00,19.2,65,19.8,0.0,0.0,0,0,1.5,249,28.6139,77.209
2025-11-20T10:00,22.2,54,22.8,0.0,0.0,0,0,1.1,252,28.6139,77.209
2025-11-20T11:00,24.4,46,24.3,0.0,0.0,0,0,4.7,180,28.6139,77.209
2025-11-20T12:00,25.6,42,25.6,0.0,0.0,0,0,5.3,172,28.6139,77.209
2025-11-20T13:00,26.0,41,25.9,0.0,0.0,0,0,4.9,176,28.6139,77.209
2025-11-20T14:00,26.1,40,25.9,0.0,0.0,0,0,4.5,180,28.6139,77.209
2025-11-20T15:00,25.7,41,25.4,0.0,0.0,0,0,4.9,180,28.6139,77.209
2025-11-20T16:00,25.0,43,24.6,0.0,0.0,0,0,5.6,186,28.6139,77.209
2025-11-20T17:00,23.4,50,23.4,0.0,0.0,0,0,4.9,180,28.6139,77.209
2025-11-20T18:00,22.0,57,22.4,0.0,0.0,0,0,4.1,203,28.6139,77.209
2025-11-20T19:00,21.0,62,21.4,0.0,0.0,0,0,4.1,225,28.6139,77.209
2025-11-20T20:00,20.6,63,21.3,0.0,0.0,0,0,2.0,225,28.6139,77.209
2025-11-20T21:00,20.1,66,21.1,0.0,0.0,0,0,0.5,180,28.6139,77.209
2025-11-20T22:00,19.2,68,20.1,0.0,0.0,0,0,0.7,104,28.6139,77.209
2025-11-20T23:00,18.3,72,19.1,0.0,0.0,0,0,0.7,166,28.6139,77.209
2025-11-21T00:00,17.5,73,18.2,0.0,0.0,0,0,0.6,236,28.6139,77.209
2025-11-21T01:00,16.8,75,17.3,0.0,0.0,0,0,1.5,234,28.6139,77.209
2025-11-21T02:00,16.4,75,16.8,0.0,0.0,0,0,1.4,230,28.6139,77.209
2025-11-21T03:00,16.2,74,16.5,0.0,0.0,0,0,0.9,217,28.6139,77.209
2025-11-21T04:00,15.9,75,16.2,0.0,0.0,0,0,0.9,217,28.6139,77.209
2025-11-21T05:00,15.1,78,15.2,0.0,0.0,0,0,2.3,209,28.6139,77.209
2025-11-21T06:00,14.5,81,14.3,0.0,0.0,0,0,4.1,209,28.6139,77.209
2025-11-21T07:00,15.0,79,14.8,0.0,0.0,0,0,4.6,201,28.6139,77.209
2025-11-21T08:00,17.7,69,17.5,0.0,0.0,0,0,5.3,190,28.6139,77.209
2025-11-21T09:00,20.5,62,20.9,0.0,0.0,0,0,3.2,180,28.6139,77.209
2025-11-21T10:00,22.8,55,23.2,0.0,0.0,0,0,4.7,180,28.6139,77.209
2025-11-21T11:00,24.5,46,24.2,0.0,0.0,0,0,6.1,180,28.6139,77.209
2025-11-21T12:00,25.6,40,25.5,0.0,0.0,0,0,4.7,184,28.6139,77.209
2025-11-21T13:00,26.1,38,25.9,0.0,0.0,0,0,3.5,195,28.6139,77.209
2025-11-21T14:00,26.2,38,25.9,0.0,0.0,0,0,3.1,216,28.6139,77.209
2025-11-21T15:00,26.0,38,25.6,0.0,0.0,0,0,3.4,223,28.6139,77.209
2025-11-21T16:00,25.4,39,24.9,0.0,0.0,0,0,4.6,234,28.6139,77.209
2025-11-21T17:00,23.5,50,23.8,0.0,0.0,0,0,3.2,214,28.6139,77.209
2025-11-21T18:00,22.9,55,23.9,0.0,0.0,0,0,0.7,284,28.6139,77.209
2025-11-21T19:00,21.6,57,22.1,0.0,0.0,0,0,2.0,5,28.6139,77.209
2025-11-21T20:00,20.6,61,21.1,0.0,0.0,0,0,2.7,28,28.6139,77.209
2025-11-21T21:00,20.1,62,20.5,0.0,0.0,0,0,2.8,79,28.6139,77.209
2025-11-21T22:00,19.3,66,19.8,0.0,0.0,0,0,3.1,90,28.6139,77.209
2025-11-21T23:00,18.6,72,19.2,0.0,0.0,0,0,2.9,60,28.6139,77.209
2025-11-22T00:00,18.2,73,19.0,0.0,0.0,0,0,1.3,90,28.6139,77.209
2025-11-22T01:00,17.8,74,18.7,0.0,0.0,0,0,0.9,143,28.6139,77.209
2025-11-22T02:00,17.4,76,18.3,0.0,0.0,0,0,0.3,225,28.6139,77.209
2025-11-22T03:00,16.7,78,17.5,0.0,0.0,0,0,0.9,270,28.6139,77.209
2025-11-22T04:00,15.9,80,16.3,0.0,0.0,0,0,2.1,255,28.6139,77.209
2025-11-22T05:00,14.8,84,15.0,0.0,0.0,0,0,3.0,253,28.6139,77.209
2025-11-22T06:00,14.1,87,14.2,0.0,0.0,0,0,3.5,246,28.6139,77.209
2025-11-22T07:00,14.4,86,14.3,0.0,0.0,0,0,4.4,251,28.6139,77.209
2025-11-22T08:00,16.7,76,16.6,0.0,0.0,0,0,5.2,258,28.6139,77.209
2025-11-22T09:00,20.0,63,20.3,0.0,0.0,0,0,4.0,260,28.6139,77.209
2025-11-22T10:00,22.9,51,22.9,0.0,0.0,0,0,4.7,254,28.6139,77.209
2025-11-22T11:00,24.6,37,23.5,0.0,0.0,0,0,5.8,274,28.6139,77.209
2025-11-22T12:00,25.7,32,24.5,0.0,0.0,0,0,6.0,297,28.6139,77.209
2025-11-22T13:00,26.1,30,24.4,0.0,0.0,0,0,7.1,297,28.6139,77.209
2025-11-22T14:00,26.2,29,24.2,0.0,0.0,0,0,7.7,295,28.6139,77.209
2025-11-22T15:00,25.8,29,23.6,0.0,0.0,0,0,8.2,289,28.6139,77.209
2025-11-22T16:00,25.0,30,22.9,0.0,0.0,0,0,7.9,283,28.6139,77.209
2025-11-22T17:00,22.7,43,21.9,0.0,0.0,0,0,4.1,272,28.6139,77.209
2025-11-22T18:00,21.8,46,21.2,0.0,0.0,0,0,3.6,270,28.6139,77.209
2025-11-22T19:00,21.4,48,21.0,0.0,0.0,0,0,2.0,260,28.6139,77.209
2025-11-22T20:00,20.8,50,20.5,0.0,0.0,0,0,1.4,270,28.6139,77.209
2025-11-22T21:00,20.1,51,19.8,0.0,0.0,0,0,1.4,320,28.6139,77.209
2025-11-22T22:00,19.4,53,19.0,0.0,0.0,0,0,1.6,360,28.6139,77.209
2025-11-22T23:00,19.0,56,18.8,0.0,0.0,0,0,1.1,360,28.6139,77.209
2025-11-23T00:00,17.8,59,17.4,0.0,0.0,0,0,2.1,15,28.6139,77.209
2025-11-23T01:00,17.0,63,16.7,0.0,0.0,0,0,2.0,360,28.6139,77.209
2025-11-23T02:00,16.1,68,15.9,0.0,0.0,0,0,1.5,291,28.6139,77.209
2025-11-23T03:00,14.6,74,14.1,0.0,0.0,0,0,3.5,258,28.6139,77.209
2025-11-23T04:00,13.7,78,13.1,0.0,0.0,0,0,3.9,254,28.6139,77.209
2025-11-23T05:00,13.2,82,12.8,0.0,0.0,0,0,3.5,279,28.6139,77.209
2025-11-23T06:00,13.2,82,12.8,0.0,0.0,0,0,2.5,278,28.6139,77.209
2025-11-23T07:00,13.5,80,13.1,0.0,0.0,0,0,3.2,270,28.6139,77.209
2025-11-23T08:00,15.8,70,15.2,0.0,0.0,0,0,4.0,265,28.6139,77.209
2025-11-23T09:00,19.3,57,19.1,0.0,0.0,0,0,2.2,270,28.6139,77.209
2025-11-23T10:00,22.1,46,21.8,0.0,0.0,0,0,1.8,259,28.6139,77.209
2025-11-23T11:00,24.0,39,23.4,0.0,0.0,0,0,2.7,250,28.6139,77.209
2025-11-23T12:00,25.5,31,24.4,0.0,0.0,0,0,5.1,260,28.6139,77.209
2025-11-23T13:00,25.9,29,24.1,0.0,0.0,0,0,7.2,269,28.6139,77.209
2025-11-23T14:00,25.9,28,23.7,0.0,0.0,0,0,7.8,275,28.6139,77.209
2025-11-23T15:00,25.4,29,23.2,0.0,0.0,0,0,8.1,282,28.6139,77.209
2025-11-23T16:00,24.4,33,22.5,0.0,0.0,0,0,7.9,287,28.6139,77.209
2025-11-23T17:00,22.3,42,21.3,0.0,0.0,0,0,4.9,278,28.6139,77.209
2025-11-23T18:00,21.5,46,20.7,0.0,0.0,0,0,4.4,282,28.6139,77.209
2025-11-23T19:00,20.4,52,19.7,0.0,0.0,0,0,4.3,287,28.6139,77.209
2025-11-23T20:00,19.4,56,18.9,0.0,0.0,0,0,4.3,303,28.6139,77.209
2025-11-23T21:00,18.4,60,17.9,0.0,0.0,0,0,4.2,310,28.6139,77.209
2025-11-23T22:00,17.8,63,17.5,0.0,0.0,0,0,3.1,324,28.6139,77.209
2025-11-23T23:00,17.2,66,16.9,0.0,0.0,0,0,3.3,324,28.6139,77.209
2025-11-24T00:00,16.3,69,16.0,0.0,0.0,0,0,3.1,315,28.6139,77.209
2025-11-24T01:00,15.7,71,15.5,0.0,0.0,0,0,2.5,291,28.6139,77.209
2025-11-24T02:00,14.8,75,14.3,0.0,0.0,0,0,3.6,288,28.6139,77.209
2025-11-24T03:00,13.9,79,13.4,0.0,0.0,0,0,3.8,281,28.6139,77.209
2025-11-24T04:00,13.2,81,12.5,0.0,0.0,0,0,4.5,270,28.6139,77.209
2025-11-24T05:00,12.4,88,11.8,0.0,0.0,0,0,4.5,268,28.6139,77.209
2025-11-24T06:00,12.2,88,11.7,0.0,0.0,0,0,4.0,273,28.6139,77.209
2025-11-24T07:00,12.7,84,12.1,0.0,0.0,0,0,4.5,268,28.6139,77.209
2025-11-24T08:00,14.7,75,14.1,0.0,0.0,0,0,4.5,277,28.6139,77.209
2025-11-24T09:00,17.8,62,17.5,0.0,0.0,0,0,2.6,282,28.6139,77.209
2025-11-24T10:00,20.6,52,20.3,0.0,0.0,0,0,2.2,294,28.6139,77.209
2025-11-24T11:00,22.8,42,22.0,0.0,0.0,0,0,3.9,313,28.6139,77.209
2025-11-24T12:00,24.2,36,23.3,0.0,0.0,0,0,4.6,309,28.6139,77.209
2025-11-24T13:00,24.8,31,23.3,0.0,0.0,0,0,5.5,306,28.6139,77.209
2025-11-24T14:00,25.0,30,23.1,0.0,0.0,0,0,6.3,301,28.6139,77.209
2025-11-24T15:00,24.8,29,22.6,0.0,0.0,0,0,6.9,301,28.6139,77.209
2025-11-24T16:00,23.9,31,21.9,0.0,0.0,0,0,6.9,300,28.6139,77.209
2025-11-24T17:00,21.5,44,20.5,0.0,0.0,0,0,4.4,297,28.6139,77.209
2025-11-24T18:00,20.7,47,19.8,0.0,0.0,0,0,3.9,298,28.6139,77.209
2025-11-24T19:00,20.0,49,19.3,0.0,0.0,0,0,2.7,302,28.6139,77.209
2025-11-24T20:00,19.0,52,18.3,0.0,0.0,0,0,3.1,310,28.6139,77.209
2025-11-24T21:00,18.1,55,17.3,0.0,0.0,0,0,3.3,306,28.6139,77.209
2025-11-24T22:00,17.2,58,16.4,0.0,0.0,0,0,3.4,295,28.6139,77.209
2025-11-24T23:00,16.4,63,15.7,0.0,0.0,0,0,3.4,295,28.6139,77.209
2025-11-25T00:00,15.3,66,14.5,0.0,0.0,0,0,3.6,273,28.6139,77.209
2025-11-25T01:00,14.5,67,13.3,0.0,0.0,0,0,4.8,292,28.6139,77.209
2025-11-25T02:00,13.6,72,12.6,0.0,0.0,0,0,4.0,273,28.6139,77.209
2025-11-25T03:00,12.8,75,11.7,0.0,0.0,0,0,4.5,272,28.6139,77.209
2025-11-25T04:00,12.2,77,11.1,0.0,0.0,0,0,4.4,282,28.6139,77.209
2025-11-25T05:00,11.6,82,10.6,0.0,0.0,0,0,4.3,275,28.6139,77.209
2025-11-25T06:00,11.4,83,10.3,0.0,0.0,0,0,4.5,272,28.6139,77.209
2025-11-25T07:00,11.8,80,10.5,0.0,0.0,0,0,5.9,272,28.6139,77.209
2025-11-25T08:00,13.7,72,12.4,0.0,0.0,0,0,6.5,268,28.6139,77.209
2025-11-25T09:00,16.7,59,15.7,0.0,0.0,0,0,4.3,275,28.6139,77.209
2025-11-25T10:00,19.5,50,18.5,0.0,0.0,0,0,4.8,285,28.6139,77.209
2025-11-25T11:00,21.9,42,20.5,0.0,0.0,0,0,7.1,297,28.6139,77.209
2025-11-25T12:00,23.3,36,21.6,0.0,0.0,0,0,8.3,303,28.6139,77.209
2025-11-25T13:00,23.8,35,22.0,0.0,0.0,0,0,8.3,303,28.6139,77.209
2025-11-25T14:00,24.0,34,22.0,0.0,0.0,0,0,8.6,300,28.6139,77.209
2025-11-25T15:00,23.6,34,21.5,0.0,0.0,0,0,8.7,297,28.6139,77.209
2025-11-25T16:00,22.8,35,20.7,0.0,0.0,0,0,8.3,294,28.6139,77.209
2025-11-25T17:00,20.7,44,19.3,0.0,0.0,0,0,5.0,291,28.6139,77.209
2025-11-25T18:00,20.0,46,18.6,0.0,0.0,0,0,5.2,290,28.6139,77.209
2025-11-25T19:00,18.9,51,17.7,0.0,0.0,0,0,5.3,282,28.6139,77.209
2025-11-25T20:00,17.8,55,16.7,0.0,0.0,0,0,5.4,278,28.6139,77.209
2025-11-25T21:00,16.9,60,15.8,0.0,0.0,0,0,5.3,282,28.6139,77.209
2025-11-25T22:00,16.0,63,15.0,0.0,0.0,0,0,5.2,290,28.6139,77.209
2025-11-25T23:00,15.3,68,14.3,0.0,0.0,0,0,5.2,290,28.6139,77.209
2025-11-26T00:00,14.8,67,13.6,0.0,0.0,0,0,5.4,291,28.6139,77.209
2025-11-26T01:00,14.1,69,13.0,0.0,0.0,0,0,5.2,286,28.6139,77.209
2025-11-26T02:00,13.3,73,12.2,0.0,0.0,0,0,4.7,279,28.6139,77.209
2025-11-26T03:00,12.5,76,11.5,0.0,0.0,0,0,4.1,268,28.6139,77.209
2025-11-26T04:00,11.9,79,10.8,0.0,0.0,0,0,4.0,262,28.6139,77.209
2025-11-26T05:00,11.4,85,10.4,0.0,0.0,0,0,4.5,275,28.6139,77.209
2025-11-26T06:00,11.2,86,10.2,0.0,0.0,0,0,4.1,268,28.6139,77.209
2025-11-26T07:00,11.5,83,10.6,0.0,0.0,0,0,4.0,267,28.6139,77.209
2025-11-26T08:00,13.5,74,12.6,0.0,0.0,0,0,4.3,292,28.6139,77.209
2025-11-26T09:00,16.5,62,15.9,0.0,0.0,0,0,2.6,304,28.6139,77.209
2025-11-26T10:00,19.3,51,18.8,0.0,0.0,0,0,2.0,315,28.6139,77.209
2025-11-26T11:00,21.2,43,20.2,0.0,0.0,0,0,2.9,313,28.6139,77.209
2025-11-26T12:00,22.9,35,21.8,0.0,0.0,0,0,3.4,313,28.6139,77.209
2025-11-26T13:00,23.6,32,22.2,0.0,0.0,0,0,3.6,307,28.6139,77.209
2025-11-26T14:00,23.9,31,22.2,0.0,0.0,0,0,3.9,298,28.6139,77.209
2025-11-26T15:00,23.7,31,21.9,0.0,0.0,0,0,4.8,299,28.6139,77.209
2025-11-26T16:00,22.9,33,21.0,0.0,0.0,0,0,5.4,307,28.6139,77.209
2025-11-26T17:00,20.6,45,19.6,0.0,0.0,0,0,3.5,336,28.6139,77.209
2025-11-26T18:00,19.6,46,18.4,0.0,0.0,0,0,4.0,3,28.6139,77.209
2025-11-26T19:00,18.8,51,17.8,0.0,0.0,0,0,4.0,18,28.6139,77.209
2025-11-26T20:00,18.4,52,17.5,0.0,0.0,0,0,2.8,18,28.6139,77.209
2025-11-26T21:00,17.6,54,16.7,0.0,0.0,0,0,2.7,28,28.6139,77.209
2025-11-26T22:00,17.2,56,16.7,0.0,0.0,0,0,1.0,22,28.6139,77.209
2025-11-26T23:00,16.4,60,15.9,0.0,0.0,0,0,0.6,162,28.6139,77.209
2025-11-27T00:00,15.9,61,15.3,0.0,0.0,0,0,0.4,207,28.6139,77.209
2025-11-27T01:00,15.6,62,15.1,0.0,0.0,0,0,0.4,270,28.6139,77.209
2025-11-27T02:00,14.8,65,14.2,0.0,0.0,0,0,0.6,288,28.6139,77.209
2025-11-27T03:00,14.0,67,13.4,0.0,0.0,0,0,0.8,297,28.6139,77.209
2025-11-27T04:00,13.4,70,12.7,0.0,0.0,0,0,1.0,301,28.6139,77.209
2025-11-27T05:00,13.3,71,12.7,0.0,0.0,0,0,0.6,326,28.6139,77.209
2025-11-27T06:00,12.8,74,12.1,0.0,0.0,0,0,1.1,351,28.6139,77.209
2025-11-27T07:00,12.6,77,12.0,0.0,0.0,0,0,1.6,360,28.6139,77.209
2025-11-27T08:00,14.5,71,13.9,0.0,0.0,0,0,2.8,45,28.6139,77.209
2025-11-27T09:00,17.4,59,16.9,0.0,0.0,0,0,2.0,63,28.6139,77.209
2025-11-27T10:00,19.9,47,19.0,0.0,0.0,0,0,3.0,65,28.6139,77.209
2025-11-27T11:00,21.6,35,20.0,0.0,0.0,0,0,3.3,68,28.6139,77.209
2025-11-27T12:00,23.2,31,21.8,0.0,0.0,0,0,3.1,66,28.6139,77.209
2025-11-27T13:00,24.0,29,22.6,0.0,0.0,0,0,2.1,70,28.6139,77.209
2025-11-27T14:00,24.4,29,22.9,0.0,0.0,0,0,2.1,59,28.6139,77.209
2025-11-27T15:00,24.3,29,22.7,0.0,0.0,0,0,2.6,51,28.6139,77.209
2025-11-27T16:00,23.5,32,22.0,0.0,0.0,0,0,3.1,59,28.6139,77.209
2025-11-27T17:00,21.3,46,20.7,0.0,0.0,0,0,2.1,59,28.6139,77.209
2025-11-27T18:00,20.3,49,19.8,0.0,0.0,0,0,2.2,35,28.6139,77.209
2025-11-27T19:00,19.3,54,18.9,0.0,0.0,0,0,2.5,21,28.6139,77.209
2025-11-27T20:00,18.6,58,18.3,0.0,0.0,0,0,2.5,4,28.6139,77.209
2025-11-27T21:00,17.7,62,17.4,0.0,0.0,0,0,2.9,338,28.6139,77.209
2025-11-27T22:00,16.9,66,16.5,0.0,0.0,0,0,3.4,360,28.6139,77.209
2025-11-27T23:00,16.2,71,15.9,0.0,0.0,0,0,3.3,347,28.6139,77.209
2025-11-28T00:00,15.3,74,14.9,0.0,0.0,0,0,3.7,337,28.6139,77.209
2025-11-28T01:00,14.7,75,14.2,0.0,0.0,0,0,3.8,343,28.6139,77.209
2025-11-28T02:00,14.2,76,13.7,0.0,0.0,0,1,3.1,315,28.6139,77.209
2025-11-28T03:00,13.4,79,12.8,0.0,0.0,0,1,3.9,292,28.6139,77.209
2025-11-28T04:00,12.5,84,11.8,0.0,0.0,0,0,4.8,285,28.6139,77.209
2025-11-28T05:00,11.8,88,11.2,0.0,0.0,0,0,3.9,286,28.6139,77.209
2025-11-28T06:00,11.5,88,10.8,0.0,0.0,0,0,3.8,287,28.6139,77.209
2025-11-28T07:00,12.1,84,11.3,0.0,0.0,0,0,4.1,270,28.6139,77.209
2025-11-28T08:00,14.2,73,13.1,0.0,0.0,0,0,6.3,267,28.6139,77.209
2025-11-28T09:00,16.7,63,15.9,0.0,0.0,0,0,5.0,283,28.6139,77.209
2025-11-28T10:00,19.3,53,18.4,0.0,0.0,0,0,4.8,295,28.6139,77.209
2025-11-28T11:00,21.8,44,20.7,0.0,0.0,1,26,5.2,299,28.6139,77.209
2025-11-28T12:00,23.6,36,22.2,0.0,0.0,2,55,5.3,315,28.6139,77.209
2025-11-28T13:00,24.6,32,22.8,0.0,0.0,1,47,6.4,317,28.6139,77.209
2025-11-28T14:00,25.2,30,23.3,0.0,0.0,1,23,7.0,310,28.6139,77.209
2025-11-28T15:00,25.2,29,23.1,0.0,0.0,0,5,7.6,313,28.6139,77.209
2025-11-28T16:00,24.3,33,22.4,0.0,0.0,0,0,7.7,306,28.6139,77.209
2025-11-28T17:00,20.8,54,20.6,0.0,0.0,0,1,4.0,273,28.6139,77.209
2025-11-28T18:00,20.5,52,19.9,0.0,0.0,0,0,4.7,286,28.6139,77.209
2025-11-28T19:00,19.8,54,19.2,0.0,0.0,0,1,5.1,293,28.6139,77.209
2025-11-28T20:00,19.1,57,18.4,0.0,0.0,0,5,5.6,299,28.6139,77.209
2025-11-28T21:00,18.4,60,17.7,0.0,0.0,0,12,5.5,302,28.6139,77.209
2025-11-28T22:00,17.6,64,17.0,0.0,0.0,0,1,5.4,312,28.6139,77.209
2025-11-28T23:00,16.5,71,16.0,0.0,0.0,0,2,5.2,292,28.6139,77.209
2025-11-29T00:00,15.9,71,15.3,0.0,0.0,0,0,5.6,303,28.6139,77.209
2025-11-29T01:00,15.5,71,14.6,0.0,0.0,0,0,6.2,306,28.6139,77.209
2025-11-29T02:00,15.0,72,14.0,0.0,0.0,0,0,6.5,302,28.6139,77.209
2025-11-29T03:00,14.7,71,13.5,0.0,0.0,0,0,7.3,300,28.6139,77.209
2025-11-29T04:00,14.4,71,13.0,0.0,0.0,0,0,7.4,302,28.6139,77.209
2025-11-29T05:00,13.9,73,12.5,0.0,0.0,0,0,7.8,304,28.6139,77.209
2025-11-29T06:00,13.7,73,12.3,0.0,0.0,0,0,7.5,310,28.6139,77.209
2025-11-29T07:00,13.7,73,12.3,0.0,0.0,0,0,7.5,303,28.6139,77.209
2025-11-29T08:00,15.1,68,13.8,0.0,0.0,0,0,8.0,295,28.6139,77.209
2025-11-29T09:00,17.4,60,16.4,0.0,0.0,0,0,6.2,306,28.6139,77.209
2025-11-29T10:00,20.1,49,19.0,0.0,0.0,0,0,6.2,314,28.6139,77.209
2025-11-29T11:00,23.0,41,21.7,0.0,0.0,0,0,6.6,311,28.6139,77.209
2025-11-29T12:00,25.1,32,23.3,0.0,0.0,0,0,8.2,319,28.6139,77.209
2025-11-29T13:00,25.9,30,23.6,0.0,0.0,0,0,10.9,326,28.6139,77.209
2025-11-29T14:00,25.9,32,23.6,0.0,0.0,0,0,11.5,321,28.6139,77.209
2025-11-29T15:00,25.4,34,23.4,0.0,0.0,0,0,11.2,316,28.6139,77.209
2025-11-29T16:00,24.5,36,22.7,0.0,0.0,0,0,9.4,312,28.6139,77.209
2025-11-29T17:00,22.5,42,21.4,0.0,0.0,0,1,5.2,297,28.6139,77.209
2025-11-29T18:00,21.5,44,20.4,0.0,0.0,0,0,5.2,292,28.6139,77.209
2025-11-29T19:00,20.5,47,19.4,0.0,0.0,0,0,5.5,287,28.6139,77.209
2025-11-29T20:00,19.5,50,18.2,0.0,0.0,0,0,6.1,282,28.6139,77.209
2025-11-29T21:00,18.6,52,17.2,0.0,0.0,0,0,6.3,285,28.6139,77.209
2025-11-29T22:00,17.7,53,16.3,0.0,0.0,0,0,5.8,286,28.6139,77.209
2025-11-29T23:00,16.6,58,15.3,0.0,0.0,0,0,5.8,284,28.6139,77.209
2025-11-30T00:00,16.1,57,14.5,0.0,0.0,0,0,6.5,304,28.6139,77.209
2025-11-30T01:00,15.1,58,13.4,0.0,0.0,2,51,5.5,308,28.6139,77.209
2025-11-30T02:00,14.0,60,12.3,0.0,0.0,2,76,4.7,298,28.6139,77.209
2025-11-30T03:00,13.4,60,11.6,0.0,0.0,3,82,4.7,288,28.6139,77.209
2025-11-30T04:00,12.8,61,11.0,0.0,0.0,3,95,5.0,285,28.6139,77.209
2025-11-30T05:00,12.5,68,10.8,0.0,0.0,3,100,5.5,289,28.6139,77.209
2025-11-30T06:00,11.7,71,10.0,0.0,0.0,3,100,5.6,272,28.6139,77.209
2025-11-30T07:00,11.9,71,10.0,0.0,0.0,3,81,6.8,268,28.6139,77.209
2025-11-30T08:00,13.4,65,11.5,0.0,0.0,3,98,7.4,267,28.6139,77.209
2025-11-30T09:00,15.8,56,14.1,0.0,0.0,3,100,6.7,275,28.6139,77.209
2025-11-30T10:00,18.5,47,16.6,0.0,0.0,3,98,7.1,276,28.6139,77.209
2025-11-30T11:00,21.2,38,18.9,0.0,0.0,3,98,8.5,275,28.6139,77.209
2025-11-30T12:00,23.0,32,20.3,0.0,0.0,3,99,10.4,285,28.6139,77.209
2025-11-30T13:00,23.6,31,20.6,0.0,0.0,3,100,12.5,288,28.6139,77.209
2025-11-30T14:00,23.4,31,20.4,0.0,0.0,3,99,12.9,288,28.6139,77.209
2025-11-30T15:00,23.2,31,20.1,0.0,0.0,3,90,12.8,290,28.6139,77.209
2025-11-30T16:00,22.5,32,19.7,0.0,0.0,2,52,10.6,293,28.6139,77.209
2025-11-30T17:00,20.4,39,18.4,0.0,0.0,1,36,6.9,284,28.6139,77.209
2025-11-30T18:00,19.5,42,17.5,0.0,0.0,0,16,7.3,286,28.6139,77.209
2025-11-30T19:00,18.3,45,16.4,0.0,0.0,0,0,6.6,291,28.6139,77.209
2025-11-30T20:00,17.2,47,15.3,0.0,0.0,0,0,5.8,296,28.6139,77.209
2025-11-30T21:00,16.5,48,14.4,0.0,0.0,0,0,6.1,300,28.6139,77.209
2025-11-30T22:00,15.7,48,13.5,0.0,0.0,0,0,5.9,297,28.6139,77.209
2025-11-30T23:00,15.1,51,13.1,0.0,0.0,0,0,5.1,302,28.6139,77.209
2025-12-01T00:00,13.9,51,11.6,0.0,0.0,0,0,5.7,316,28.6139,77.209
2025-12-01T01:00,13.2,53,10.9,0.0,0.0,0,0,5.2,326,28.6139,77.209
2025-12-01T02:00,12.6,55,10.5,0.0,0.0,0,0,4.2,329,28.6139,77.209
2025-12-01T03:00,12.1,58,10.2,0.0,0.0,0,0,3.3,324,28.6139,77.209
2025-12-01T04:00,11.6,60,9.8,0.0,0.0,0,0,3.1,347,28.6139,77.209
2025-12-01T05:00,11.0,69,9.6,0.0,0.0,0,0,1.6,333,28.6139,77.209
2025-12-01T06:00,10.2,73,9.0,0.0,0.0,0,0,0.7,256,28.6139,77.209
2025-12-01T07:00,10.0,75,8.6,0.0,0.0,0,0,2.1,239,28.6139,77.209
2025-12-01T08:00,12.2,65,10.6,0.0,0.0,0,0,3.7,247,28.6139,77.209
2025-12-01T09:00,15.2,54,13.9,0.0,0.0,0,0,1.8,259,28.6139,77.209
2025-12-01T10:00,18.1,44,16.7,0.0,0.0,0,0,1.8,270,28.6139,77.209
2025-12-01T11:00,21.1,34,19.4,0.0,0.0,0,0,2.7,278,28.6139,77.209
2025-12-01T12:00,23.2,28,21.2,0.0,0.0,0,0,4.8,281,28.6139,77.209
2025-12-01T13:00,24.1,26,21.7,0.0,0.0,0,0,6.0,286,28.6139,77.209
2025-12-01T14:00,24.3,26,21.8,0.0,0.0,0,0,6.5,289,28.6139,77.209
2025-12-01T15:00,24.0,27,21.6,0.0,0.0,0,0,6.5,289,28.6139,77.209
2025-12-01T16:00,23.1,30,21.1,0.0,0.0,0,0,5.0,289,28.6139,77.209
2025-12-01T17:00,20.8,40,19.7,0.0,0.0,0,0,2.2,305,28.6139,77.209
2025-12-01T18:00,20.0,43,18.9,0.0,0.0,0,0,1.8,354,28.6139,77.209
2025-12-01T19:00,18.8,47,17.6,0.0,0.0,0,0,2.7,42,28.6139,77.209
2025-12-01T20:00,17.9,51,16.8,0.0,0.0,0,0,2.7,86,28.6139,77.209
2025-12-01T21:00,17.1,55,16.0,0.0,0.0,0,0,3.5,105,28.6139,77.209
2025-12-01T22:00,16.3,58,15.1,0.0,0.0,0,0,4.4,125,28.6139,77.209
2025-12-01T23:00,15.9,61,14.8,0.0,0.0,0,0,3.8,115,28.6139,77.209
2025-12-02T00:00,14.9,65,13.9,0.0,0.0,0,0,3.3,99,28.6139,77.209
2025-12-02T01:00,14.1,69,13.1,0.0,0.0,0,0,4.2,72,28.6139,77.209
2025-12-02T02:00,13.6,70,12.3,0.0,0.0,0,0,5.0,64,28.6139,77.209
2025-12-02T03:00,13.4,69,12.4,0.0,0.0,0,2,3.1,80,28.6139,77.209
2025-12-02T04:00,13.2,69,12.1,0.0,0.0,0,3,3.1,90,28.6139,77.209
2025-12-02T05:00,12.8,74,11.9,0.0,0.0,0,17,3.1,87,28.6139,77.209
2025-12-02T06:00,12.7,72,11.5,0.0,0.0,0,8,4.1,119,28.6139,77.209
2025-12-02T07:00,12.9,71,11.7,0.0,0.0,0,4,3.6,131,28.6139,77.209
2025-12-02T08:00,15.0,61,13.8,0.0,0.0,0,2,3.7,129,28.6139,77.209
2025-12-02T09:00,18.0,51,17.0,0.0,0.0,0,2,2.2,132,28.6139,77.209
2025-12-02T10:00,20.8,43,19.8,0.0,0.0,0,0,2.7,160,28.6139,77.209
2025-12-02T11:00,22.8,46,22.4,0.0,0.0,0,0,4.0,185,28.6139,77.209
2025-12-02T12:00,24.2,46,24.4,0.0,0.0,0,0,3.5,204,28.6139,77.209
2025-12-02T13:00,24.9,45,25.0,0.0,0.0,0,5,3.3,229,28.6139,77.209
2025-12-02T14:00,25.2,42,25.0,0.0,0.0,0,12,4.3,248,28.6139,77.209
2025-12-02T15:00,25.0,41,24.4,0.0,0.0,0,4,6.1,268,28.6139,77.209
2025-12-02T16:00,24.2,44,23.5,0.0,0.0,1,21,7.5,290,28.6139,77.209
2025-12-02T17:00,21.8,52,21.4,0.0,0.0,0,7,6.2,334,28.6139,77.209
2025-12-02T18:00,20.9,51,20.1,0.0,0.0,0,0,6.3,342,28.6139,77.209
2025-12-02T19:00,19.8,51,18.9,0.0,0.0,0,0,4.8,338,28.6139,77.209
2025-12-02T20:00,18.6,55,17.8,0.0,0.0,0,0,4.5,337,28.6139,77.209
2025-12-02T21:00,18.1,56,17.4,0.0,0.0,0,0,2.7,307,28.6139,77.209
2025-12-02T22:00,16.7,59,15.7,0.0,0.0,0,0,4.5,286,28.6139,77.209
2025-12-02T23:00,15.8,65,14.9,0.0,0.0,0,0,4.2,288,28.6139,77.209
2025-12-03T00:00,14.4,67,13.3,0.0,0.0,0,0,4.5,293,28.6139,77.209
2025-12-03T01:00,13.7,67,12.3,0.0,0.0,0,0,5.0,305,28.6139,77.209
2025-12-03T02:00,12.8,68,11.3,0.0,0.0,0,0,4.4,302,28.6139,77.209
2025-12-03T03:00,12.1,69,10.6,0.0,0.0,0,0,4.0,306,28.6139,77.209
2025-12-03T04:00,11.3,71,9.7,0.0,0.0,0,0,4.2,313,28.6139,77.209
2025-12-03T05:00,10.8,77,9.3,0.0,0.0,0,0,4.5,317,28.6139,77.209
2025-12-03T06:00,10.3,79,8.8,0.0,0.0,0,0,4.3,312,28.6139,77.209
2025-12-03T07:00,10.4,78,8.9,0.0,0.0,0,0,4.2,295,28.6139,77.209
2025-12-03T08:00,12.5,69,10.9,0.0,0.0,0,0,5.1,280,28.6139,77.209
2025-12-03T09:00,15.1,59,13.8,0.0,0.0,0,0,3.7,293,28.6139,77.209
2025-12-03T10:00,17.9,49,16.3,0.0,0.0,0,0,5.0,305,28.6139,77.209
2025-12-03T11:00,20.2,40,18.0,0.0,0.0,0,0,7.8,307,28.6139,77.209
2025-12-03T12:00,21.7,34,19.6,0.0,0.0,0,0,8.0,312,28.6139,77.209
2025-12-03T13:00,22.6,30,20.0,0.0,0.0,0,0,8.9,312,28.6139,77.209
2025-12-03T14:00,22.9,29,19.9,0.0,0.0,0,0,9.7,309,28.6139,77.209
2025-12-03T15:00,22.4,30,19.5,0.0,0.0,0,0,10.4,304,28.6139,77.209
2025-12-03T16:00,21.4,34,18.8,0.0,0.0,0,0,9.4,299,28.6139,77.209
2025-12-03T17:00,19.5,41,17.5,0.0,0.0,0,0,6.2,287,28.6139,77.209
2025-12-03T18:00,18.8,45,17.0,0.0,0.0,0,0,6.4,295,28.6139,77.209
2025-12-03T19:00,17.8,49,16.1,0.0,0.0,0,0,6.1,293,28.6139,77.209
2025-12-03T20:00,16.8,52,15.1,0.0,0.0,0,9,6.6,292,28.6139,77.209
2025-12-03T21:00,15.8,55,14.1,0.0,0.0,0,14,6.0,295,28.6139,77.209
2025-12-03T22:00,14.9,57,13.2,0.0,0.0,1,49,5.7,283,28.6139,77.209
2025-12-03T23:00,13.9,63,12.3,0.0,0.0,2,54,5.7,281,28.6139,77.209
2025-12-04T00:00,12.9,66,11.2,0.0,0.0,2,71,6.1,293,28.6139,77.209
2025-12-04T01:00,12.0,69,10.3,0.0,0.0,3,89,5.6,301,28.6139,77.209
2025-12-04T02:00,11.5,70,9.7,0.0,0.0,1,37,5.9,297,28.6139,77.209
2025-12-04T03:00,11.1,71,9.2,0.0,0.0,0,5,6.0,299,28.6139,77.209
2025-12-04T04:00,10.7,72,8.8,0.0,0.0,0,0,5.9,293,28.6139,77.209
2025-12-04T05:00,10.1,75,8.1,0.0,0.0,0,1,6.6,291,28.6139,77.209
2025-12-04T06:00,9.8,75,7.6,0.0,0.0,0,7,7.2,292,28.6139,77.209
2025-12-04T07:00,9.9,74,7.6,0.0,0.0,0,2,7.9,291,28.6139,77.209
2025-12-04T08:00,11.4,68,9.0,0.0,0.0,0,14,9.1,280,28.6139,77.209
2025-12-04T09:00,13.8,60,11.8,0.0,0.0,2,66,6.7,284,28.6139,77.209
2025-12-04T10:00,16.4,51,14.4,0.0,0.0,3,82,7.3,293,28.6139,77.209
2025-12-04T11:00,19.2,44,16.9,0.0,0.0,2,71,9.4,299,28.6139,77.209
2025-12-04T12:00,20.8,38,18.4,0.0,0.0,0,15,9.8,294,28.6139,77.209
2025-12-04T13:00,21.6,34,19.0,0.0,0.0,0,0,10.5,292,28.6139,77.209
2025-12-04T14:00,21.9,32,19.0,0.0,0.0,0,0,10.5,292,28.6139,77.209
2025-12-04T15:00,21.5,33,18.7,0.0,0.0,0,0,10.4,293,28.6139,77.209
2025-12-04T16:00,20.6,36,17.9,0.0,0.0,0,0,10.0,296,28.6139,77.209
2025-12-04T17:00,18.3,44,16.5,0.0,0.0,0,0,5.1,288,28.6139,77.209
2025-12-04T18:00,17.5,47,15.8,0.0,0.0,0,0,4.9,278,28.6139,77.209
2025-12-04T19:00,16.6,51,14.9,0.0,0.0,0,0,5.2,272,28.6139,77.209
2025-12-04T20:00,15.7,54,13.9,0.0,0.0,0,0,5.9,268,28.6139,77.209
2025-12-04T21:00,14.8,56,13.0,0.0,0.0,0,0,5.4,274,28.6139,77.209
2025-12-04T22:00,14.0,58,12.1,0.0,0.0,0,0,5.5,287,28.6139,77.209
2025-12-04T23:00,13.5,62,12.0,0.0,0.0,0,0,4.0,297,28.6139,77.209
2025-12-05T00:00,12.3,65,10.6,0.0,0.0,0,0,4.6,296,28.6139,77.209
2025-12-05T01:00,11.5,67,9.7,0.0,0.0,0,0,4.9,287,28.6139,77.209
2025-12-05T02:00,10.9,68,9.0,0.0,0.0,0,0,4.8,281,28.6139,77.209
2025-12-05T03:00,10.2,70,8.3,0.0,0.0,0,0,4.3,270,28.6139,77.209
2025-12-05T04:00,9.5,74,7.5,0.0,0.0,0,0,4.7,272,28.6139,77.209
2025-12-05T05:00,8.9,80,7.0,0.0,0.0,0,0,4.9,274,28.6139,77.209
2025-12-05T06:00,8.6,81,6.8,0.0,0.0,0,0,4.5,265,28.6139,77.209
2025-12-05T07:00,8.7,80,6.8,0.0,0.0,0,0,4.7,263,28.6139,77.209
2025-12-05T08:00,10.5,71,8.6,0.0,0.0,0,0,5.2,268,28.6139,77.209
2025-12-05T09:00,13.7,59,12.1,0.0,0.0,0,0,3.6,273,28.6139,77.209
2025-12-05T10:00,16.8,47,15.0,0.0,0.0,0,0,3.9,283,28.6139,77.209
2025-12-05T11:00,19.3,38,17.2,0.0,0.0,0,0,4.9,294,28.6139,77.209
2025-12-05T12:00,20.8,31,18.6,0.0,0.0,0,0,5.2,297,28.6139,77.209
2025-12-05T13:00,21.5,29,19.1,0.0,0.0,0,0,5.4,296,28.6139,77.209
2025-12-05T14:00,21.8,31,19.5,0.0,0.0,0,0,5.6,299,28.6139,77.209
2025-12-05T15:00,21.7,33,19.4,0.0,0.0,0,0,6.5,298,28.6139,77.209
2025-12-05T16:00,20.8,37,18.6,0.0,0.0,0,0,7.5,291,28.6139,77.209
2025-12-05T17:00,19.0,44,17.0,0.0,0.0,0,0,6.8,282,28.6139,77.209
2025-12-05T18:00,18.2,48,16.6,0.0,0.0,0,0,5.2,282,28.6139,77.209
2025-12-05T19:00,17.3,51,15.7,0.0,0.0,0,0,5.7,281,28.6139,77.209
2025-12-05T20:00,16.2,56,14.6,0.0,0.0,0,0,5.6,285,28.6139,77.209
2025-12-05T21:00,15.1,60,13.7,0.0,0.0,0,0,5.3,282,28.6139,77.209
2025-12-05T22:00,14.4,62,12.9,0.0,0.0,0,0,5.6,277,28.6139,77.209
2025-12-05T23:00,13.5,67,12.0,0.0,0.0,0,0,5.8,277,28.6139,77.209
2025-12-06T00:00,12.9,66,11.2,0.0,0.0,0,0,5.9,284,28.6139,77.209
2025-12-06T01:00,12.3,67,10.4,0.0,0.0,0,0,6.4,278,28.6139,77.209
2025-12-06T02:00,11.8,68,9.8,0.0,0.0,0,0,7.0,270,28.6139,77.209
2025-12-06T03:00,11.3,69,9.1,0.0,0.0,0,5,7.6,278,28.6139,77.209
2025-12-06T04:00,10.9,70,8.6,0.0,0.0,3,97,8.1,291,28.6139,77.209
2025-12-06T05:00,10.5,75,8.2,0.0,0.0,3,94,9.1,297,28.6139,77.209
2025-12-06T06:00,10.2,76,7.9,0.0,0.0,0,0,9.3,297,28.6139,77.209
2025-12-06T07:00,10.4,74,7.9,0.0,0.0,0,2,10.4,290,28.6139,77.209
2025-12-06T08:00,11.9,68,9.2,0.0,0.0,0,0,11.5,284,28.6139,77.209
2025-12-06T09:00,14.2,58,11.9,0.0,0.0,0,0,9.3,285,28.6139,77.209
2025-12-06T10:00,16.8,49,14.4,0.0,0.0,0,12,9.3,292,28.6139,77.209
2025-12-06T11:00,19.7,42,17.3,0.0,0.0,0,0,10.2,284,28.6139,77.209
2025-12-06T12:00,21.9,35,19.6,0.0,0.0,3,85,10.2,283,28.6139,77.209
2025-12-06T13:00,23.1,32,20.4,0.0,0.0,1,32,11.4,286,28.6139,77.209
2025-12-06T14:00,23.6,32,20.8,0.0,0.0,2,55,11.9,281,28.6139,77.209
2025-12-06T15:00,23.1,34,20.3,0.0,0.0,2,73,12.9,277,28.6139,77.209
2025-12-06T16:00,22.1,36,19.5,0.0,0.0,3,98,10.9,279,28.6139,77.209
2025-12-06T17:00,20.2,42,17.9,0.0,0.0,2,77,9.6,275,28.6139,77.209
2025-12-06T18:00,19.4,42,16.9,0.0,0.0,3,87,10.2,283,28.6139,77.209
2025-12-06T19:00,18.3,43,15.8,0.0,0.0,3,100,9.4,282,28.6139,77.209
2025-12-06T20:00,17.6,44,15.1,0.0,0.0,3,84,8.9,278,28.6139,77.209
2025-12-06T21:00,16.5,47,14.0,0.0,0.0,3,100,8.7,278,28.6139,77.209
2025-12-06T22:00,15.9,50,13.4,0.0,0.0,3,96,8.8,281,28.6139,77.209
2025-12-06T23:00,15.1,54,12.8,0.0,0.0,3,100,8.5,283,28.6139,77.209
2025-12-07T00:00,14.5,57,12.3,0.0,0.0,3,99,8.3,283,28.6139,77.209
2025-12-07T01:00,13.8,60,11.6,0.0,0.0,0,5,7.9,286,28.6139,77.209
2025-12-07T02:00,13.2,63,11.0,0.0,0.0,0,13,8.0,290,28.6139,77.209
2025-12-07T03:00,12.7,65,10.5,0.0,0.0,0,0,9.0,286,28.6139,77.209
2025-12-07T04:00,12.3,67,10.0,0.0,0.0,0,0,9.4,283,28.6139,77.209
2025-12-07T05:00,11.4,73,9.1,0.0,0.0,0,0,9.7,281,28.6139,77.209
2025-12-07T06:00,10.8,76,8.6,0.0,0.0,0,0,9.0,280,28.6139,77.209
2025-12-07T07:00,10.7,76,8.5,0.0,0.0,0,0,9.3,280,28.6139,77.209
2025-12-07T08:00,12.1,70,9.8,0.0,0.0,0,0,10.4,271,28.6139,77.209
2025-12-07T09:00,14.6,61,12.7,0.0,0.0,0,0,7.5,280,28.6139,77.209
2025-12-07T10:00,17.4,52,15.5,0.0,0.0,0,0,7.9,283,28.6139,77.209
2025-12-07T11:00,20.3,44,18.4,0.0,0.0,0,0,8.8,285,28.6139,77.209
2025-12-07T12:00,22.4,39,20.6,0.0,0.0,0,0,9.0,290,28.6139,77.209
2025-12-07T13:00,23.7,35,21.6,0.0,0.0,0,0,9.3,289,28.6139,77.209
2025-12-07T14:00,24.1,35,22.1,0.0,0.0,0,0,9.6,287,28.6139,77.209
2025-12-07T15:00,23.7,38,21.8,0.0,0.0,1,32,9.9,286,28.6139,77.209
2025-12-07T16:00,22.7,41,21.0,0.0,0.0,2,77,9.7,286,28.6139,77.209
2025-12-07T17:00,20.8,49,19.7,0.0,0.0,3,87,7.0,283,28.6139,77.209
2025-12-07T18:00,20.3,52,19.1,0.0,0.0,2,72,8.1,287,28.6139,77.209
2025-12-07T19:00,19.3,55,18.0,0.0,0.0,1,48,8.6,281,28.6139,77.209
2025-12-07T20:00,18.3,58,17.0,0.0,0.0,3,97,8.2,279,28.6139,77.209
2025-12-07T21:00,17.4,60,16.1,0.0,0.0,1,36,7.6,274,28.6139,77.209
2025-12-07T22:00,16.6,61,15.3,0.0,0.0,2,56,7.4,274,28.6139,77.209
2025-12-07T23:00,15.9,63,14.5,0.0,0.0,3,95,7.9,283,28.6139,77.209
2025-12-08T00:00,15.2,64,13.6,0.0,0.0,3,100,8.0,297,28.6139,77.209
2025-12-08T01:00,15.0,63,13.2,0.0,0.0,3,100,8.5,298,28.6139,77.209
2025-12-08T02:00,14.6,62,12.7,0.0,0.0,3,99,8.4,293,28.6139,77.209
2025-12-08T03:00,14.2,63,12.2,0.0,0.0,0,2,8.5,291,28.6139,77.209
2025-12-08T04:00,13.7,65,11.7,0.0,0.0,0,2,8.7,288,28.6139,77.209
2025-12-08T05:00,12.8,69,10.7,0.0,0.0,0,0,9.4,283,28.6139,77.209
2025-12-08T06:00,12.2,72,10.1,0.0,0.0,0,0,9.3,286,28.6139,77.209
2025-12-08T07:00,12.1,73,9.9,0.0,0.0,0,1,9.8,287,28.6139,77.209
2025-12-08T08:00,13.5,67,11.2,0.0,0.0,0,0,10.8,281,28.6139,77.209
2025-12-08T09:00,15.8,59,13.9,0.0,0.0,0,0,8.5,282,28.6139,77.209
2025-12-08T10:00,18.6,49,16.7,0.0,0.0,0,0,8.6,290,28.6139,77.209
2025-12-08T11:00,21.5,41,19.6,0.0,0.0,0,0,9.0,285,28.6139,77.209
2025-12-08T12:00,23.6,36,21.8,0.0,0.0,0,0,9.5,291,28.6139,77.209
2025-12-08T13:00,24.9,32,22.7,0.0,0.0,0,0,10.2,293,28.6139,77.209
2025-12-08T14:00,25.2,31,22.7,0.0,0.0,0,0,11.7,297,28.6139,77.209
2025-12-08T15:00,24.7,32,22.1,0.0,0.0,0,0,12.6,298,28.6139,77.209
2025-12-08T16:00,23.7,35,21.3,0.0,0.0,0,0,11.1,297,28.6139,77.209
2025-12-08T17:00,21.8,42,20.1,0.0,0.0,0,0,8.4,286,28.6139,77.209
2025-12-08T18:00,20.7,47,19.0,0.0,0.0,0,0,9.4,287,28.6139,77.209
2025-12-08T19:00,19.5,50,17.9,0.0,0.0,0,0,9.0,282,28.6139,77.209
2025-12-08T20:00,18.6,51,16.8,0.0,0.0,0,0,8.7,276,28.6139,77.209
2025-12-08T21:00,17.7,52,15.7,0.0,0.0,0,0,9.7,280,28.6139,77.209
2025-12-08T22:00,16.8,53,14.7,0.0,0.0,0,0,9.6,286,28.6139,77.209
2025-12-08T23:00,15.9,56,13.8,0.0,0.0,0,0,9.7,285,28.6139,77.209
2025-12-09T00:00,15.0,58,12.7,0.0,0.0,0,0,9.5,281,28.6139,77.209
2025-12-09T01:00,14.3,60,12.0,0.0,0.0,0,0,9.8,278,28.6139,77.209
2025-12-09T02:00,13.7,63,11.3,0.0,0.0,0,0,10.1,276,28.6139,77.209
2025-12-09T03:00,13.2,65,10.9,0.0,0.0,0,0,10.3,276,28.6139,77.209
2025-12-09T04:00,12.8,67,10.5,0.0,0.0,0,0,10.5,275,28.6139,77.209
2025-12-09T05:00,12.1,71,9.7,0.0,0.0,0,0,10.8,274,28.6139,77.209
2025-12-09T06:00,11.7,72,9.4,0.0,0.0,0,0,10.4,272,28.6139,77.209
2025-12-09T07:00,11.6,73,9.2,0.0,0.0,0,0,11.2,270,28.6139,77.209
2025-12-09T08:00,12.8,68,10.2,0.0,0.0,0,0,12.7,263,28.6139,77.209
2025-12-09T09:00,15.1,60,13.1,0.0,0.0,0,0,9.3,279,28.6139,77.209
2025-12-09T10:00,17.9,51,16.0,0.0,0.0,0,0,8.9,288,28.6139,77.209
2025-12-09T11:00,20.8,44,19.0,0.0,0.0,0,0,9.4,288,28.6139,77.209
2025-12-09T12:00,22.9,38,20.8,0.0,0.0,0,0,10.7,295,28.6139,77.209
2025-12-09T13:00,24.1,33,21.6,0.0,0.0,0,0,11.5,297,28.6139,77.209
2025-12-09T14:00,24.5,31,21.8,0.0,0.0,0,0,11.7,297,28.6139,77.209
2025-12-09T15:00,24.1,34,21.6,0.0,0.0,0,0,11.8,295,28.6139,77.209
2025-12-09T16:00,23.1,38,20.9,0.0,0.0,0,0,11.0,293,28.6139,77.209
2025-12-09T17:00,21.0,46,19.5,0.0,0.0,0,0,7.9,281,28.6139,77.209
2025-12-09T18:00,20.3,49,18.9,0.0,0.0,0,0,8.3,283,28.6139,77.209
2025-12-09T19:00,19.4,51,17.9,0.0,0.0,0,0,8.0,279,28.6139,77.209
2025-12-09T20:00,18.7,52,17.1,0.0,0.0,0,1,8.3,283,28.6139,77.209
2025-12-09T21:00,18.2,53,16.5,0.0,0.0,0,0,8.5,282,28.6139,77.209
2025-12-09T22:00,17.5,55,15.7,0.0,0.0,0,0,8.9,284,28.6139,77.209
2025-12-09T23:00,16.5,58,14.7,0.0,0.0,0,2,9.2,287,28.6139,77.209
2025-12-10T00:00,15.3,62,13.4,0.0,0.0,1,20,9.3,288,28.6139,77.209
2025-12-10T01:00,14.7,64,12.8,0.0,0.0,3,100,9.7,288,28.6139,77.209
2025-12-10T02:00,14.2,66,12.2,0.0,0.0,0,0,9.5,291,28.6139,77.209
2025-12-10T03:00,13.6,68,11.7,0.0,0.0,0,0,9.2,290,28.6139,77.209
2025-12-10T04:00,13.2,70,11.2,0.0,0.0,0,0,9.4,287,28.6139,77.209
2025-12-10T05:00,12.6,71,10.5,0.0,0.0,0,0,9.4,281,28.6139,77.209
2025-12-10T06:00,12.1,73,10.1,0.0,0.0,0,3,9.4,273,28.6139,77.209
2025-12-10T07:00,11.8,75,9.7,0.0,0.0,0,0,9.7,273,28.6139,77.209
2025-12-10T08:00,13.0,70,10.8,0.0,0.0,0,9,10.3,274,28.6139,77.209
2025-12-10T09:00,15.2,61,13.6,0.0,0.0,0,0,6.5,283,28.6139,77.209
2025-12-10T10:00,17.9,52,16.5,0.0,0.0,0,0,5.9,282,28.6139,77.209
2025-12-10T11:00,20.7,44,19.3,0.0,0.0,0,0,5.6,285,28.6139,77.209
2025-12-10T12:00,22.7,38,21.1,0.0,0.0,0,0,7.1,291,28.6139,77.209
2025-12-10T13:00,23.7,36,21.9,0.0,0.0,0,0,7.6,289,28.6139,77.209
2025-12-10T14:00,24.1,35,22.1,0.0,0.0,0,0,8.9,291,28.6139,77.209
2025-12-10T15:00,23.7,38,21.9,0.0,0.0,0,0,9.6,291,28.6139,77.209
2025-12-10T16:00,22.8,43,21.5,0.0,0.0,0,3,8.2,284,28.6139,77.209
2025-12-10T17:00,20.4,54,19.9,0.0,0.0,0,1,5.1,280,28.6139,77.209
2025-12-10T18:00,20.3,53,19.5,0.0,0.0,0,0,5.7,283,28.6139,77.209
2025-12-10T19:00,19.4,55,18.6,0.0,0.0,0,0,5.5,289,28.6139,77.209
2025-12-10T20:00,18.4,58,17.6,0.0,0.0,0,0,5.2,297,28.6139,77.209
2025-12-10T21:00,17.6,60,16.8,0.0,0.0,0,0,5.0,296,28.6139,77.209
2025-12-10T22:00,17.0,61,16.1,0.0,0.0,1,20,5.4,300,28.6139,77.209
2025-12-10T23:00,16.6,61,15.5,0.0,0.0,0,0,5.5,319,28.6139,77.209
2025-12-11T00:00,15.2,64,13.9,0.0,0.0,0,0,6.0,307,28.6139,77.209
2025-12-11T01:00,14.2,68,12.9,0.0,0.0,0,0,5.4,312,28.6139,77.209
2025-12-11T02:00,13.2,73,12.0,0.0,0.0,0,0,5.0,300,28.6139,77.209
2025-12-11T03:00,12.4,76,11.3,0.0,0.0,0,0,4.5,277,28.6139,77.209
2025-12-11T04:00,12.1,78,10.8,0.0,0.0,0,0,5.1,262,28.6139,77.209
2025-12-11T05:00,11.1,85,9.8,0.0,0.0,0,0,6.8,253,28.6139,77.209
2025-12-11T06:00,10.8,86,9.4,0.0,0.0,0,0,6.4,252,28.6139,77.209
2025-12-11T07:00,10.8,85,9.3,0.0,0.0,0,0,6.7,254,28.6139,77.209
2025-12-11T08:00,12.4,76,11.0,0.0,0.0,0,0,6.9,265,28.6139,77.209
2025-12-11T09:00,15.2,64,14.3,0.0,0.0,0,0,3.3,283,28.6139,77.209
2025-12-11T10:00,18.3,52,17.2,0.0,0.0,0,0,3.7,284,28.6139,77.209
2025-12-11T11:00,21.5,44,20.4,0.0,0.0,0,0,4.9,280,28.6139,77.209
2025-12-11T12:00,23.5,37,21.9,0.0,0.0,0,0,7.1,286,28.6139,77.209
2025-12-11T13:00,24.4,34,22.4,0.0,0.0,0,0,9.2,287,28.6139,77.209
2025-12-11T14:00,24.7,33,22.4,0.0,0.0,0,0,10.4,287,28.6139,77.209
2025-12-11T15:00,24.3,34,22.1,0.0,0.0,0,0,10.0,290,28.6139,77.209
2025-12-11T16:00,23.4,38,21.7,0.0,0.0,0,0,8.0,288,28.6139,77.209
2025-12-11T17:00,20.7,52,20.2,0.0,0.0,0,0,4.9,270,28.6139,77.209
2025-12-11T18:00,20.0,55,19.6,0.0,0.0,0,0,4.4,263,28.6139,77.209
2025-12-11T19:00,19.1,59,18.7,0.0,0.0,0,0,4.4,263,28.6139,77.209
2025-12-11T20:00,18.2,62,17.8,0.0,0.0,0,0,4.5,272,28.6139,77.209
2025-12-11T21:00,17.5,64,17.2,0.0,0.0,0,0,3.8,287,28.6139,77.209
2025-12-11T22:00,17.1,65,16.8,0.0,0.0,0,0,3.0,303,28.6139,77.209
2025-12-11T23:00,16.9,66,16.8,0.0,0.0,0,0,1.5,300,28.6139,77.209
2025-12-12T00:00,15.4,71,15.0,0.0,0.0,0,0,2.7,270,28.6139,77.209
2025-12-12T01:00,14.0,77,13.3,0.0,0.0,0,0,4.7,274,28.6139,77.209
2025-12-12T02:00,13.2,80,12.4,0.0,0.0,0,0,5.2,282,28.6139,77.209
2025-12-12T03:00,12.4,83,11.6,0.0,0.0,0,0,4.8,281,28.6139,77.209
2025-12-12T04:00,11.8,85,10.9,0.0,0.0,0,0,4.5,272,28.6139,77.209
2025-12-12T05:00,11.2,88,10.2,0.0,0.0,0,0,5.6,272,28.6139,77.209
2025-12-12T06:00,10.5,90,9.6,0.0,0.0,0,0,4.4,263,28.6139,77.209
2025-12-12T07:00,10.4,90,9.4,0.0,0.0,0,0,4.2,252,28.6139,77.209
2025-12-12T08:00,12.2,82,11.2,0.0,0.0,0,0,5.1,260,28.6139,77.209
2025-12-12T09:00,15.3,69,14.6,0.0,0.0,0,0,3.4,267,28.6139,77.209
2025-12-12T10:00,18.4,56,17.8,0.0,0.0,0,0,2.9,274,28.6139,77.209
2025-12-12T11:00,21.0,47,20.3,0.0,0.0,0,4,3.1,273,28.6139,77.209
2025-12-12T12:00,22.9,40,22.0,0.0,0.0,0,4,3.4,302,28.6139,77.209
2025-12-12T13:00,23.9,35,22.7,0.0,0.0,0,2,3.3,319,28.6139,77.209
2025-12-12T14:00,24.4,32,22.9,0.0,0.0,0,0,3.6,323,28.6139,77.209
2025-12-12T15:00,24.3,31,22.7,0.0,0.0,0,0,3.8,311,28.6139,77.209
2025-12-12T16:00,23.5,34,22.1,0.0,0.0,1,20,4.0,278,28.6139,77.209
2025-12-12T17:00,21.0,48,20.4,0.0,0.0,3,99,3.3,276,28.6139,77.209
2025-12-12T18:00,19.9,53,19.4,0.0,0.0,3,94,3.5,305,28.6139,77.209
2025-12-12T19:00,19.1,57,18.9,0.0,0.0,3,95,2.2,318,28.6139,77.209
2025-12-12T20:00,18.4,61,18.3,0.0,0.0,0,0,2.2,312,28.6139,77.209
2025-12-12T21:00,17.9,63,17.9,0.0,0.0,0,19,2.0,360,28.6139,77.209
2025-12-12T22:00,17.2,66,17.0,0.0,0.0,0,0,2.4,36,28.6139,77.209
2025-12-12T23:00,16.4,69,16.2,0.0,0.0,0,0,2.4,81,28.6139,77.209
2025-12-13T00:00,15.3,75,15.2,0.0,0.0,0,13,2.3,51,28.6139,77.209
2025-12-13T01:00,14.3,80,14.1,0.0,0.0,0,6,3.5,81,28.6139,77.209
2025-12-13T02:00,13.9,82,13.8,0.0,0.0,0,0,1.9,68,28.6139,77.209
2025-12-13T03:00,13.7,82,13.6,0.0,0.0,0,0,1.5,45,28.6139,77.209
2025-12-13T04:00,13.4,83,13.4,0.0,0.0,0,4,0.9,37,28.6139,77.209
2025-12-13T05:00,13.1,82,13.0,0.0,0.0,1,38,0.4,270,28.6139,77.209
2025-12-13T06:00,12.8,83,12.7,0.0,0.0,3,97,0.0,270,28.6139,77.209
2025-12-13T07:00,12.7,84,12.7,0.0,0.0,3,100,0.2,180,28.6139,77.209
2025-12-13T08:00,14.1,79,13.8,0.0,0.0,0,13,3.1,111,28.6139,77.209
2025-12-13T09:00,16.5,69,16.4,0.0,0.0,0,9,2.4,103,28.6139,77.209
2025-12-13T10:00,19.3,58,19.1,0.0,0.0,0,4,3.0,104,28.6139,77.209
2025-12-13T11:00,21.4,52,21.2,0.0,0.0,0,12,3.6,120,28.6139,77.209
2025-12-13T12:00,23.1,44,22.8,0.0,0.0,0,13,2.8,125,28.6139,77.209
2025-12-13T13:00,24.0,40,23.7,0.0,0.0,1,35,1.5,97,28.6139,77.209
2025-12-13T14:00,24.5,37,24.1,0.0,0.0,3,100,1.1,72,28.6139,77.209
2025-12-13T15:00,24.4,37,23.8,0.0,0.0,1,34,1.9,68,28.6139,77.209
2025-12-13T16:00,23.8,39,22.9,0.0,0.0,2,73,3.5,75,28.6139,77.209
2025-12-13T17:00,21.0,52,20.6,0.0,0.0,3,86,4.5,113,28.6139,77.209
2025-12-13T18:00,20.2,57,20.0,0.0,0.0,2,78,4.0,122,28.6139,77.209
2025-12-13T19:00,19.2,64,19.4,0.0,0.0,3,98,2.9,137,28.6139,77.209
2025-12-13T20:00,18.2,68,18.5,0.0,0.0,3,100,2.4,126,28.6139,77.209
2025-12-13T21:00,17.3,72,17.6,0.0,0.0,3,80,2.7,118,28.6139,77.209
2025-12-13T22:00,16.3,77,16.4,0.0,0.0,3,100,4.0,117,28.6139,77.209
2025-12-13T23:00,15.4,83,15.6,0.0,0.0,3,100,3.9,127,28.6139,77.209
2025-12-14T00:00,14.7,85,15.0,0.0,0.0,3,100,3.1,118,28.6139,77.209
2025-12-14T01:00,14.1,87,14.3,0.0,0.0,3,98,2.5,111,28.6139,77.209
2025-12-14T02:00,13.7,89,13.9,0.0,0.0,2,74,1.8,127,28.6139,77.209
2025-12-14T03:00,13.3,89,13.6,0.0,0.0,2,70,1.3,124,28.6139,77.209
2025-12-14T04:00,13.0,90,13.2,0.0,0.0,0,12,0.8,153,28.6139,77.209
2025-12-14T05:00,11.6,93,11.2,0.0,0.0,3,98,3.2,161,28.6139,77.209
2025-12-14T06:00,11.2,94,10.6,0.0,0.0,0,3,4.3,156,28.6139,77.209
2025-12-14T07:00,11.2,94,10.7,0.0,0.0,0,18,4.0,148,28.6139,77.209
2025-12-14T08:00,13.5,86,13.2,0.0,0.0,0,1,4.5,143,28.6139,77.209
2025-12-14T09:00,16.9,71,17.2,0.0,0.0,0,8,1.9,151,28.6139,77.209
2025-12-14T10:00,19.8,60,20.1,0.0,0.0,0,4,1.3,164,28.6139,77.209
2025-12-14T11:00,21.2,54,21.4,0.0,0.0,3,100,1.9,146,28.6139,77.209
2025-12-14T12:00,22.8,48,23.1,0.0,0.0,3,100,0.8,117,28.6139,77.209
2025-12-14T13:00,23.7,43,23.8,0.0,0.0,3,98,0.4,27,28.6139,77.209
2025-12-14T14:00,24.2,41,24.1,0.0,0.0,3,83,0.5,360,28.6139,77.209
2025-12-14T15:00,24.2,40,23.9,0.0,0.0,2,66,1.2,309,28.6139,77.209
2025-12-14T16:00,23.4,51,24.1,0.0,0.0,3,100,1.0,315,28.6139,77.209
2025-12-14T17:00,21.1,60,21.7,0.0,0.0,3,100,2.2,265,28.6139,77.209
2025-12-14T18:00,20.2,60,20.5,0.0,0.0,3,100,3.1,310,28.6139,77.209
2025-12-14T19:00,19.4,62,19.4,0.0,0.0,3,100,3.6,354,28.6139,77.209
2025-12-14T20:00,18.8,65,19.0,0.0,0.0,3,100,3.1,13,28.6139,77.209
2025-12-14T21:00,18.3,68,18.7,0.0,0.0,3,100,1.7,32,28.6139,77.209
2025-12-14T22:00,17.9,69,18.5,0.0,0.0,3,92,0.6,34,28.6139,77.209
2025-12-14T23:00,17.4,71,18.0,0.0,0.0,3,100,0.2,90,28.6139,77.209
2025-12-15T00:00,16.3,75,16.7,0.0,0.0,3,100,0.9,259,28.6139,77.209
2025-12-15T01:00,14.8,81,14.8,0.0,0.0,3,100,3.1,257,28.6139,77.209
2025-12-15T02:00,13.6,88,13.3,0.0,0.0,3,98,5.2,266,28.6139,77.209
2025-12-15T03:00,12.6,93,12.2,0.0,0.0,3,91,5.8,270,28.6139,77.209
2025-12-15T04:00,12.0,95,11.6,0.0,0.0,2,75,5.0,272,28.6139,77.209
2025-12-15T05:00,11.3,94,10.6,0.0,0.0,0,2,5.2,272,28.6139,77.209
2025-12-15T06:00,10.9,95,10.2,0.0,0.0,1,22,5.0,270,28.6139,77.209
2025-12-15T07:00,10.5,99,9.8,0.0,0.0,2,59,5.6,264,28.6139,77.209
2025-12-15T08:00,11.5,97,10.8,0.0,0.0,3,100,6.3,257,28.6139,77.209
2025-12-15T09:00,13.8,87,13.4,0.0,0.0,3,100,6.0,261,28.6139,77.209
2025-12-15T10:00,16.1,76,16.0,0.0,0.0,1,20,4.3,268,28.6139,77.209
2025-12-15T11:00,19.4,63,19.3,0.0,0.0,0,0,5.4,268,28.6139,77.209
2025-12-15T12:00,21.7,51,21.2,0.0,0.0,0,0,6.1,275,28.6139,77.209
2025-12-15T13:00,22.9,44,21.9,0.0,0.0,0,0,6.8,282,28.6139,77.209
2025-12-15T14:00,23.3,46,22.5,0.0,0.0,0,0,7.4,283,28.6139,77.209
2025-12-15T15:00,23.2,48,22.6,0.0,0.0,0,0,7.4,283,28.6139,77.209
2025-12-15T16:00,22.4,50,21.8,0.0,0.0,0,0,7.1,286,28.6139,77.209
2025-12-15T17:00,19.9,57,19.5,0.0,0.0,0,0,5.1,293,28.6139,77.209
2025-12-15T18:00,19.1,60,18.7,0.0,0.0,0,0,4.8,283,28.6139,77.209
2025-12-15T19:00,18.2,64,17.8,0.0,0.0,0,0,5.1,278,28.6139,77.209
2025-12-15T20:00,17.3,68,16.8,0.0,0.0,0,0,5.4,272,28.6139,77.209
2025-12-15T21:00,16.6,69,15.9,0.0,0.0,0,0,6.3,272,28.6139,77.209
2025-12-15T22:00,16.2,68,15.1,0.0,0.0,0,0,7.7,279,28.6139,77.209
2025-12-15T23:00,15.4,70,14.2,0.0,0.0,0,0,8.3,286,28.6139,77.209
2025-12-16T00:00,14.4,73,13.1,0.0,0.0,0,0,7.9,290,28.6139,77.209
2025-12-16T01:00,13.7,76,12.4,0.0,0.0,0,0,7.8,292,28.6139,77.209
2025-12-16T02:00,13.2,79,11.9,0.0,0.0,0,0,8.0,298,28.6139,77.209
2025-12-16T03:00,12.8,82,11.5,0.0,0.0,0,0,8.4,301,28.6139,77.209
2025-12-16T04:00,12.5,85,11.2,0.0,0.0,0,0,8.9,298,28.6139,77.209
2025-12-16T05:00,12.0,88,10.6,0.0,0.0,0,0,9.3,295,28.6139,77.209
2025-12-16T06:00,11.8,89,10.4,0.0,0.0,0,0,9.3,292,28.6139,77.209
2025-12-16T07:00,11.6,90,10.2,0.0,0.0,0,0,9.9,285,28.6139,77.209
2025-12-16T08:00,13.0,83,11.4,0.0,0.0,0,0,11.2,281,28.6139,77.209
2025-12-16T09:00,15.2,73,13.9,0.0,0.0,0,0,9.3,286,28.6139,77.209
2025-12-16T10:00,17.8,62,16.4,0.0,0.0,0,0,10.3,293,28.6139,77.209
2025-12-16T11:00,20.0,56,18.7,0.0,0.0,0,0,11.0,293,28.6139,77.209
2025-12-16T12:00,21.9,48,20.5,0.0,0.0,0,0,11.7,295,28.6139,77.209
2025-12-16T13:00,23.0,45,21.4,0.0,0.0,0,0,11.3,292,28.6139,77.209
2025-12-16T14:00,23.3,45,21.9,0.0,0.0,0,0,11.1,290,28.6139,77.209
2025-12-16T15:00,23.1,48,21.8,0.0,0.0,0,2,11.5,287,28.6139,77.209
2025-12-16T16:00,22.2,52,21.2,0.0,0.0,0,0,11.1,287,28.6139,77.209
2025-12-16T17:00,20.5,60,20.1,0.0,0.0,0,6,7.9,282,28.6139,77.209
2025-12-16T18:00,19.6,64,19.2,0.0,0.0,0,2,8.1,288,28.6139,77.209
2025-12-16T19:00,18.8,67,18.3,0.0,0.0,0,0,8.6,286,28.6139,77.209
2025-12-16T20:00,18.1,69,17.5,0.0,0.0,0,0,8.9,283,28.6139,77.209
2025-12-16T21:00,17.3,71,16.6,0.0,0.0,0,1,9.0,280,28.6139,77.209
2025-12-16T22:00,16.6,74,15.9,0.0,0.0,0,16,8.9,284,28.6139,77.209
2025-12-16T23:00,15.5,79,14.9,0.0,0.0,0,12,7.7,288,28.6139,77.209
2025-12-17T00:00,14.6,83,14.0,0.0,0.0,0,0,7.9,290,28.6139,77.209
2025-12-17T01:00,14.1,85,13.4,0.0,0.0,0,0,7.6,288,28.6139,77.209
2025-12-17T02:00,13.5,86,12.7,0.0,0.0,0,3,8.0,288,28.6139,77.209
2025-12-17T03:00,13.1,87,12.2,0.0,0.0,0,1,8.5,283,28.6139,77.209
2025-12-17T04:00,12.7,88,11.6,0.0,0.0,0,4,9.1,280,28.6139,77.209
2025-12-17T05:00,11.6,90,10.3,0.0,0.0,0,1,9.3,280,28.6139,77.209
2025-12-17T06:00,11.4,90,10.1,0.0,0.0,0,0,9.0,282,28.6139,77.209
2025-12-17T07:00,11.4,90,10.0,0.0,0.0,0,0,9.1,279,28.6139,77.209
2025-12-17T08:00,12.9,82,11.3,0.0,0.0,0,0,10.5,273,28.6139,77.209
2025-12-17T09:00,15.2,71,14.0,0.0,0.0,0,0,8.7,275,28.6139,77.209
2025-12-17T10:00,17.8,62,16.6,0.0,0.0,0,0,8.9,278,28.6139,77.209
2025-12-17T11:00,19.9,57,18.9,0.0,0.0,0,0,9.3,286,28.6139,77.209
2025-12-17T12:00,21.8,51,20.9,0.0,0.0,0,0,9.2,296,28.6139,77.209
2025-12-17T13:00,23.1,47,22.1,0.0,0.0,0,0,9.1,302,28.6139,77.209
2025-12-17T14:00,23.8,45,22.8,0.0,0.0,0,0,8.7,302,28.6139,77.209
2025-12-17T15:00,23.7,46,22.8,0.0,0.0,0,0,8.2,299,28.6139,77.209
2025-12-17T16:00,22.8,50,22.3,0.0,0.0,0,0,7.6,288,28.6139,77.209
2025-12-17T17:00,20.6,60,20.4,0.0,0.0,0,0,6.5,273,28.6139,77.209
2025-12-17T18:00,19.6,64,19.4,0.0,0.0,0,0,7.1,279,28.6139,77.209
2025-12-17T19:00,18.9,65,18.5,0.0,0.0,0,0,7.4,277,28.6139,77.209
2025-12-17T20:00,18.1,66,17.6,0.0,0.0,0,0,6.9,275,28.6139,77.209
2025-12-17T21:00,17.1,69,16.5,0.0,0.0,0,0,6.5,276,28.6139,77.209
2025-12-17T22:00,16.1,72,15.6,0.0,0.0,0,0,5.7,283,28.6139,77.209
2025-12-17T23:00,14.9,78,14.4,0.0,0.0,0,0,5.2,284,28.6139,77.209
2025-12-18T00:00,14.4,79,13.8,0.0,0.0,0,0,5.3,298,28.6139,77.209
2025-12-18T01:00,13.4,85,13.0,0.0,0.0,0,4,4.7,310,28.6139,77.209
2025-12-18T02:00,12.8,87,12.3,0.0,0.0,3,80,4.4,305,28.6139,77.209
2025-12-18T03:00,12.5,88,12.0,0.0,0.0,2,59,4.5,299,28.6139,77.209
2025-12-18T04:00,12.0,89,11.4,0.0,0.0,1,44,4.7,288,28.6139,77.209
2025-12-18T05:00,11.9,92,11.2,0.0,0.0,1,20,6.2,277,28.6139,77.209
2025-12-18T06:00,11.8,93,11.1,0.0,0.0,1,27,6.0,279,28.6139,77.209
2025-12-18T07:00,11.6,94,10.9,0.0,0.0,2,77,6.0,277,28.6139,77.209
2025-12-18T08:00,12.9,89,12.3,0.0,0.0,3,91,6.7,272,28.6139,77.209
2025-12-18T09:00,15.3,78,15.1,0.0,0.0,3,89,4.8,292,28.6139,77.209
2025-12-18T10:00,17.8,68,17.6,0.0,0.0,3,97,5.0,308,28.6139,77.209
2025-12-18T11:00,19.3,61,19.0,0.0,0.0,3,99,5.5,319,28.6139,77.209
2025-12-18T12:00,21.0,52,20.4,0.0,0.0,3,100,5.7,323,28.6139,77.209
2025-12-18T13:00,22.0,48,21.2,0.0,0.0,3,100,6.1,315,28.6139,77.209
2025-12-18T14:00,22.5,47,21.7,0.0,0.0,3,100,7.0,314,28.6139,77.209
2025-12-18T15:00,22.4,49,21.4,0.0,0.0,3,96,8.3,318,28.6139,77.209
2025-12-18T16:00,21.6,53,20.9,0.0,0.0,1,42,7.8,318,28.6139,77.209
2025-12-18T17:00,19.3,62,19.1,0.0,0.0,3,100,5.1,306,28.6139,77.209
2025-12-18T18:00,18.2,69,18.2,0.0,0.0,3,100,4.9,306,28.6139,77.209
2025-12-18T19:00,17.6,73,17.7,0.0,0.0,3,100,4.7,313,28.6139,77.209
2025-12-18T20:00,17.0,76,17.1,0.0,0.0,3,100,4.7,328,28.6139,77.209
2025-12-18T21:00,16.2,81,16.4,0.0,0.0,3,100,4.3,336,28.6139,77.209
2025-12-18T22:00,15.4,85,15.7,0.0,0.0,3,100,4.0,330,28.6139,77.209
2025-12-18T23:00,14.8,88,15.1,0.0,0.0,3,100,4.0,321,28.6139,77.209
2025-12-19T00:00,13.9,91,13.9,0.0,0.0,3,100,5.0,314,28.6139,77.209
2025-12-19T01:00,13.3,93,13.3,0.0,0.0,3,100,4.9,298,28.6139,77.209
2025-12-19T02:00,13.0,94,12.9,0.0,0.0,3,100,5.2,292,28.6139,77.209
2025-12-19T03:00,12.9,94,12.6,0.0,0.0,3,100,6.2,285,28.6139,77.209
2025-12-19T04:00,12.4,95,11.9,0.0,0.0,3,100,6.8,281,28.6139,77.209
2025-12-19T05:00,11.7,96,10.9,0.0,0.0,3,100,7.7,281,28.6139,77.209
2025-12-19T06:00,11.2,97,10.5,0.0,0.0,3,99,6.3,288,28.6139,77.209
2025-12-19T07:00,11.2,97,10.6,0.0,0.0,2,69,6.0,291,28.6139,77.209
2025-12-19T08:00,12.1,95,11.6,0.0,0.0,3,98,6.4,288,28.6139,77.209
2025-12-19T09:00,13.6,92,13.6,0.0,0.0,3,98,4.5,284,28.6139,77.209
2025-12-19T10:00,16.2,78,16.4,0.0,0.0,2,63,4.0,278,28.6139,77.209
2025-12-19T11:00,18.0,66,17.7,0.0,0.0,3,92,5.5,281,28.6139,77.209
2025-12-19T12:00,20.0,55,19.2,0.0,0.0,3,99,7.0,293,28.6139,77.209
2025-12-19T13:00,21.3,48,20.1,0.0,0.0,3,93,7.7,298,28.6139,77.209
2025-12-19T14:00,21.9,44,20.6,0.0,0.0,2,77,7.3,298,28.6139,77.209
2025-12-19T15:00,21.9,44,20.7,0.0,0.0,3,94,7.1,291,28.6139,77.209
2025-12-19T16:00,21.0,50,20.0,0.0,0.0,1,40,6.9,287,28.6139,77.209
2025-12-19T17:00,18.5,65,18.3,0.0,0.0,0,4,5.0,285,28.6139,77.209
2025-12-19T18:00,17.6,70,17.5,0.0,0.0,0,1,5.1,278,28.6139,77.209
2025-12-19T19:00,16.7,74,16.6,0.0,0.0,0,0,5.3,280,28.6139,77.209
2025-12-19T20:00,15.8,78,15.6,0.0,0.0,0,0,5.2,282,28.6139,77.209
2025-12-19T21:00,15.0,80,14.7,0.0,0.0,0,0,5.1,287,28.6139,77.209
2025-12-19T22:00,14.2,83,13.9,0.0,0.0,0,0,4.8,281,28.6139,77.209
2025-12-19T23:00,13.5,85,13.0,0.0,0.0,0,0,5.2,282,28.6139,77.209
2025-12-20T00:00,12.7,86,12.0,0.0,0.0,0,0,5.1,280,28.6139,77.209
2025-12-20T01:00,12.2,88,11.4,0.0,0.0,0,0,5.3,282,28.6139,77.209
2025-12-20T02:00,11.6,89,10.8,0.0,0.0,0,0,5.1,274,28.6139,77.209
2025-12-20T03:00,11.1,90,10.3,0.0,0.0,0,0,5.1,264,28.6139,77.209
2025-12-20T04:00,10.7,92,9.7,0.0,0.0,0,0,5.2,268,28.6139,77.209
2025-12-20T05:00,9.7,97,8.9,0.0,0.0,0,5,4.3,268,28.6139,77.209
2025-12-20T06:00,9.6,98,8.9,0.0,0.0,1,34,3.4,273,28.6139,77.209
2025-12-20T07:00,9.5,99,8.9,0.0,0.0,3,99,3.0,256,28.6139,77.209
2025-12-20T08:00,10.7,95,10.3,0.0,0.0,3,98,2.1,239,28.6139,77.209
2025-12-20T09:00,13.7,83,13.8,0.0,0.0,0,7,0.6,72,28.6139,77.209
2025-12-20T10:00,17.0,68,17.2,0.0,0.0,1,24,1.3,74,28.6139,77.209
2025-12-20T11:00,18.7,60,18.5,0.0,0.0,3,100,3.4,115,28.6139,77.209
2025-12-20T12:00,20.3,54,20.0,0.0,0.0,3,100,3.0,115,28.6139,77.209
2025-12-20T13:00,21.2,50,21.0,0.0,0.0,3,99,2.2,104,28.6139,77.209
2025-12-20T14:00,21.8,48,21.7,0.0,0.0,3,98,1.1,90,28.6139,77.209
2025-12-20T15:00,21.8,48,21.7,0.0,0.0,3,95,1.3,90,28.6139,77.209
2025-12-20T16:00,21.2,51,21.0,0.0,0.0,3,95,2.5,94,28.6139,77.209
2025-12-20T17:00,18.1,73,18.6,0.0,0.0,3,90,3.1,103,28.6139,77.209
2025-12-20T18:00,17.2,75,17.1,0.0,0.0,3,88,6.1,109,28.6139,77.209
2025-12-20T19:00,16.1,80,16.0,0.0,0.0,2,63,6.2,112,28.6139,77.209
2025-12-20T20:00,15.1,84,14.8,0.0,0.0,2,54,6.4,106,28.6139,77.209
2025-12-20T21:00,14.1,88,13.8,0.0,0.0,0,1,6.4,108,28.6139,77.209
2025-12-20T22:00,13.3,91,12.8,0.0,0.0,0,1,6.9,115,28.6139,77.209
2025-12-20T23:00,12.5,95,12.0,0.0,0.0,0,8,6.6,116,28.6139,77.209
2025-12-21T00:00,12.0,96,11.6,0.0,0.0,2,63,5.3,118,28.6139,77.209
2025-12-21T01:00,11.7,96,11.3,0.0,0.0,1,34,4.8,121,28.6139,77.209
2025-12-21T02:00,11.3,97,10.9,0.0,0.0,0,10,4.5,119,28.6139,77.209
2025-12-21T03:00,11.0,97,10.5,0.0,0.0,3,88,4.5,119,28.6139,77.209
2025-12-21T04:00,10.7,98,10.1,0.0,0.0,3,100,4.8,127,28.6139,77.209
2025-12-21T05:00,10.8,99,10.2,0.0,0.0,3,100,5.1,138,28.6139,77.209
2025-12-21T06:00,11.0,98,10.3,0.0,0.0,3,100,5.7,131,28.6139,77.209
2025-12-21T07:00,11.1,98,10.5,0.0,0.0,3,100,6.0,143,28.6139,77.209
2025-12-21T08:00,11.5,98,11.0,0.0,0.0,3,100,5.5,148,28.6139,77.209
2025-12-21T09:00,12.9,91,12.6,0.0,0.0,3,100,5.5,139,28.6139,77.209
2025-12-21T10:00,15.1,81,14.9,0.0,0.0,3,100,5.1,122,28.6139,77.209
2025-12-21T11:00,16.2,75,16.2,0.0,0.0,3,100,4.0,111,28.6139,77.209
2025-12-21T12:00,18.1,67,18.1,0.0,0.0,3,100,3.8,93,28.6139,77.209
2025-12-21T13:00,19.4,61,19.4,0.0,0.0,3,100,3.4,93,28.6139,77.209
2025-12-21T14:00,20.2,57,20.1,0.0,0.0,3,93,3.4,90,28.6139,77.209
2025-12-21T15:00,20.4,56,20.2,0.0,0.0,2,50,3.6,84,28.6139,77.209
2025-12-21T16:00,19.8,59,19.7,0.0,0.0,0,13,4.0,90,28.6139,77.209
2025-12-21T17:00,16.6,78,17.0,0.0,0.0,0,15,3.2,128,28.6139,77.209
2025-12-21T18:00,16.0,80,16.3,0.0,0.0,1,21,3.3,135,28.6139,77.209
2025-12-21T19:00,15.3,84,15.7,0.0,0.0,1,36,3.1,135,28.6139,77.209
2025-12-21T20:00,14.8,87,15.1,0.0,0.0,0,6,3.3,135,28.6139,77.209
2025-12-21T21:00,14.4,88,14.8,0.0,0.0,2,52,2.3,135,28.6139,77.209
2025-12-21T22:00,13.8,91,13.9,0.0,0.0,0,19,3.7,133,28.6139,77.209
2025-12-21T23:00,13.3,93,13.3,0.0,0.0,2,69,4.5,133,28.6139,77.209
2025-12-22T00:00,12.6,95,12.6,0.0,0.0,2,68,4.1,146,28.6139,77.209
2025-12-22T01:00,12.2,96,12.1,0.0,0.0,3,81,3.9,158,28.6139,77.209
2025-12-22T02:00,11.7,98,11.5,0.0,0.0,1,21,4.0,172,28.6139,77.209
2025-12-22T03:00,11.4,100,11.3,0.0,0.0,3,100,3.5,165,28.6139,77.209
2025-12-22T04:00,11.4,100,11.3,0.0,0.0,3,100,2.9,150,28.6139,77.209
2025-12-22T05:00,11.8,99,11.5,0.0,0.0,3,100,5.2,146,28.6139,77.209
2025-12-22T06:00,11.9,100,11.8,0.0,0.0,3,100,4.2,137,28.6139,77.209
2025-12-22T07:00,11.9,99,11.9,0.0,0.0,3,100,3.6,131,28.6139,77.209
2025-12-22T08:00,12.1,98,12.1,0.0,0.0,3,100,3.9,152,28.6139,77.209
2025-12-22T09:00,13.0,94,13.0,0.0,0.0,3,100,4.7,164,28.6139,77.209
2025-12-22T10:00,15.1,83,15.3,0.0,0.0,1,42,3.1,167,28.6139,77.209
2025-12-22T11:00,16.1,79,16.7,0.0,0.0,1,44,0.6,124,28.6139,77.209
2025-12-22T12:00,18.3,71,19.0,0.0,0.0,1,30,1.6,27,28.6139,77.209
2025-12-22T13:00,19.9,63,20.3,0.0,0.0,0,0,2.7,4,28.6139,77.209
2025-12-22T14:00,21.0,57,21.1,0.0,0.0,0,0,3.5,348,28.6139,77.209
2025-12-22T15:00,21.3,55,21.4,0.0,0.0,0,0,3.0,346,28.6139,77.209
2025-12-22T16:00,20.8,60,21.4,0.0,0.0,0,0,2.0,355,28.6139,77.209
2025-12-22T17:00,19.1,68,19.8,0.0,0.0,0,0,1.3,236,28.6139,77.209
2025-12-22T18:00,17.9,73,18.5,0.0,0.0,0,0,2.7,250,28.6139,77.209
2025-12-22T19:00,17.1,77,17.6,0.0,0.0,0,0,3.1,283,28.6139,77.209
2025-12-22T20:00,16.4,80,16.7,0.0,0.0,0,0,4.3,318,28.6139,77.209
2025-12-22T21:00,15.9,82,16.3,0.0,0.0,0,0,3.5,336,28.6139,77.209
2025-12-22T22:00,15.4,84,15.9,0.0,0.0,0,0,2.5,330,28.6139,77.209
2025-12-22T23:00,14.6,89,15.0,0.0,0.0,0,0,3.2,297,28.6139,77.209
2025-12-23T00:00,13.5,94,13.7,0.0,0.0,0,1,3.4,273,28.6139,77.209
2025-12-23T01:00,12.9,96,13.0,0.0,0.0,1,32,4.3,253,28.6139,77.209
2025-12-23T02:00,12.7,97,12.7,0.0,0.0,2,53,4.3,255,28.6139,77.209
2025-12-23T03:00,12.4,98,12.2,0.0,0.0,2,69,5.7,261,28.6139,77.209
2025-12-23T04:00,12.4,98,12.0,0.0,0.0,3,81,7.2,267,28.6139,77.209
2025-12-23T05:00,11.7,98,10.9,0.0,0.0,3,100,8.7,266,28.6139,77.209
2025-12-23T06:00,11.6,98,10.7,0.0,0.0,3,100,8.2,280,28.6139,77.209
2025-12-23T07:00,11.7,97,10.8,0.0,0.0,3,100,8.3,276,28.6139,77.209
2025-12-23T08:00,12.6,96,11.9,0.0,0.0,3,100,9.1,285,28.6139,77.209
2025-12-23T09:00,14.1,93,14.0,0.0,0.0,3,91,7.1,289,28.6139,77.209
2025-12-23T10:00,16.8,79,16.7,0.0,0.0,0,7,6.8,282,28.6139,77.209
2025-12-23T11:00,19.0,69,18.9,0.0,0.0,0,2,7.4,284,28.6139,77.209
2025-12-23T12:00,21.0,61,20.9,0.0,0.0,0,0,7.6,289,28.6139,77.209
2025-12-23T13:00,22.4,57,22.2,0.0,0.0,0,0,8.4,295,28.6139,77.209
2025-12-23T14:00,23.1,53,22.6,0.0,0.0,0,0,9.5,299,28.6139,77.209
2025-12-23T15:00,22.9,54,22.4,0.0,0.0,0,0,9.9,302,28.6139,77.209
2025-12-23T16:00,22.0,59,21.8,0.0,0.0,0,0,9.3,302,28.6139,77.209
2025-12-23T17:00,20.5,65,20.5,0.0,0.0,0,0,7.8,292,28.6139,77.209
2025-12-23T18:00,19.4,71,19.4,0.0,0.0,0,0,8.2,289,28.6139,77.209
2025-12-23T19:00,18.3,76,18.3,0.0,0.0,0,0,8.9,289,28.6139,77.209
2025-12-23T20:00,17.4,78,17.1,0.0,0.0,0,0,9.2,291,28.6139,77.209
2025-12-23T21:00,16.6,80,16.2,0.0,0.0,0,0,9.3,288,28.6139,77.209
2025-12-23T22:00,15.9,82,15.3,0.0,0.0,0,0,9.9,289,28.6139,77.209
2025-12-23T23:00,15.2,84,14.4,0.0,0.0,0,0,10.4,290,28.6139,77.209
2025-12-24T00:00,14.5,87,13.7,0.0,0.0,0,0,10.2,296,28.6139,77.209
2025-12-24T01:00,14.1,88,13.3,0.0,0.0,0,0,9.8,293,28.6139,77.209
2025-12-24T02:00,13.7,89,12.9,0.0,0.0,0,0,9.8,290,28.6139,77.209
2025-12-24T03:00,13.4,90,12.5,0.0,0.0,0,0,9.6,287,28.6139,77.209
2025-12-24T04:00,12.9,90,12.0,0.0,0.0,0,0,9.2,281,28.6139,77.209
2025-12-24T05:00,12.5,91,11.4,0.0,0.0,0,0,9.6,276,28.6139,77.209
2025-12-24T06:00,11.9,90,10.6,0.0,0.0,0,0,9.6,275,28.6139,77.209
2025-12-24T07:00,11.6,90,10.2,0.0,0.0,0,0,9.6,274,28.6139,77.209
2025-12-24T08:00,12.6,84,11.2,0.0,0.0,0,0,9.7,268,28.6139,77.209
2025-12-24T09:00,14.6,75,13.3,0.0,0.0,0,0,8.6,268,28.6139,77.209
2025-12-24T10:00,16.7,67,15.5,0.0,0.0,0,0,8.8,272,28.6139,77.209
2025-12-24T11:00,18.9,60,17.6,0.0,0.0,0,0,10.4,279,28.6139,77.209
2025-12-24T12:00,20.4,45,18.3,0.0,0.0,0,0,12.1,290,28.6139,77.209
2025-12-24T13:00,21.0,41,18.6,0.0,0.0,0,0,11.8,291,28.6139,77.209
2025-12-24T14:00,21.1,40,18.7,0.0,0.0,0,0,11.6,294,28.6139,77.209
2025-12-24T15:00,20.8,42,18.3,0.0,0.0,0,0,11.7,297,28.6139,77.209
2025-12-24T16:00,20.0,44,17.7,0.0,0.0,0,0,10.9,301,28.6139,77.209
2025-12-24T17:00,18.6,50,17.0,0.0,0.0,0,0,7.2,297,28.6139,77.209
2025-12-24T18:00,17.5,57,16.4,0.0,0.0,0,0,5.5,293,28.6139,77.209
2025-12-24T19:00,16.3,64,15.5,0.0,0.0,0,0,4.6,281,28.6139,77.209
2025-12-24T20:00,15.5,67,14.6,0.0,0.0,0,0,4.9,268,28.6139,77.209
2025-12-24T21:00,14.7,68,13.6,0.0,0.0,0,0,5.4,268,28.6139,77.209
2025-12-24T22:00,14.1,69,12.8,0.0,0.0,0,0,5.8,263,28.6139,77.209
2025-12-24T23:00,13.0,74,11.8,0.0,0.0,0,0,5.4,256,28.6139,77.209
2025-12-25T00:00,12.3,75,11.0,0.0,0.0,0,0,5.4,264,28.6139,77.209
2025-12-25T01:00,11.9,75,10.4,0.0,0.0,0,0,6.0,261,28.6139,77.209
2025-12-25T02:00,11.3,76,9.7,0.0,0.0,0,0,6.5,262,28.6139,77.209
2025-12-25T03:00,10.8,77,9.0,0.0,0.0,0,0,6.6,261,28.6139,77.209
2025-12-25T04:00,10.2,78,8.3,0.0,0.0,0,0,6.9,261,28.6139,77.209
2025-12-25T05:00,9.8,82,7.8,0.0,0.0,0,0,7.8,265,28.6139,77.209
2025-12-25T06:00,9.4,82,7.5,0.0,0.0,0,0,7.1,263,28.6139,77.209
2025-12-25T07:00,9.3,81,7.2,0.0,0.0,0,0,7.5,262,28.6139,77.209
2025-12-25T08:00,10.7,74,8.5,0.0,0.0,0,0,8.0,262,28.6139,77.209
2025-12-25T09:00,13.1,64,11.6,0.0,0.0,0,0,4.5,270,28.6139,77.209
2025-12-25T10:00,15.9,53,14.4,0.0,0.0,0,0,4.0,291,28.6139,77.209
2025-12-25T11:00,18.5,46,16.9,0.0,0.0,0,0,5.2,295,28.6139,77.209
2025-12-25T12:00,19.9,43,18.3,0.0,0.0,0,0,5.8,290,28.6139,77.209
2025-12-25T13:00,20.7,40,18.8,0.0,0.0,0,0,6.7,286,28.6139,77.209
2025-12-25T14:00,21.0,38,19.0,0.0,0.0,0,0,6.7,289,28.6139,77.209
2025-12-25T15:00,20.8,39,18.9,0.0,0.0,0,13,6.5,289,28.6139,77.209
2025-12-25T16:00,19.9,45,18.5,0.0,0.0,0,15,4.7,293,28.6139,77.209
2025-12-25T17:00,17.9,54,16.8,0.0,0.0,0,15,4.4,277,28.6139,77.209
2025-12-25T18:00,17.1,57,16.0,0.0,0.0,3,98,4.7,274,28.6139,77.209
2025-12-25T19:00,16.0,65,15.2,0.0,0.0,3,100,4.1,270,28.6139,77.209
2025-12-25T20:00,15.2,69,14.5,0.0,0.0,3,100,3.8,262,28.6139,77.209
2025-12-25T21:00,14.6,73,14.1,0.0,0.0,3,100,3.0,256,28.6139,77.209
2025-12-25T22:00,14.1,75,13.7,0.0,0.0,3,100,2.2,265,28.6139,77.209
2025-12-25T23:00,13.2,79,12.8,0.0,0.0,3,98,2.1,255,28.6139,77.209
2025-12-26T00:00,12.9,79,12.4,0.0,0.0,3,100,1.5,256,28.6139,77.209
2025-12-26T01:00,12.6,79,12.2,0.0,0.0,3,98,1.3,278,28.6139,77.209
2025-12-26T02:00,11.9,82,11.2,0.0,0.0,3,99,2.3,302,28.6139,77.209
2025-12-26T03:00,11.3,83,10.5,0.0,0.0,3,100,2.8,288,28.6139,77.209
2025-12-26T04:00,10.7,85,9.6,0.0,0.0,3,100,4.3,275,28.6139,77.209
2025-12-26T05:00,10.4,87,9.3,0.0,0.0,3,100,4.7,266,28.6139,77.209
2025-12-26T06:00,10.1,87,8.9,0.0,0.0,3,100,4.3,265,28.6139,77.209
2025-12-26T07:00,9.9,86,8.8,0.0,0.0,3,100,3.4,264,28.6139,77.209
2025-12-26T08:00,11.3,79,10.2,0.0,0.0,3,100,3.3,261,28.6139,77.209
2025-12-26T09:00,13.7,68,12.8,0.0,0.0,3,99,2.3,288,28.6139,77.209
2025-12-26T10:00,16.3,58,15.3,0.0,0.0,3,100,3.0,295,28.6139,77.209
2025-12-26T11:00,18.3,52,17.0,0.0,0.0,3,90,5.9,290,28.6139,77.209
2025-12-26T12:00,19.8,43,17.9,0.0,0.0,0,7,7.5,294,28.6139,77.209
2025-12-26T13:00,20.7,39,18.7,0.0,0.0,0,0,7.6,298,28.6139,77.209
2025-12-26T14:00,21.1,38,18.9,0.0,0.0,1,40,8.4,305,28.6139,77.209
2025-12-26T15:00,20.8,40,18.7,0.0,0.0,2,73,8.4,317,28.6139,77.209
2025-12-26T16:00,20.0,44,18.1,0.0,0.0,3,99,8.2,322,28.6139,77.209
2025-12-26T17:00,18.6,51,17.3,0.0,0.0,3,100,6.0,307,28.6139,77.209
2025-12-26T18:00,17.7,59,17.0,0.0,0.0,3,89,3.9,313,28.6139,77.209
2025-12-26T19:00,16.7,65,16.1,0.0,0.0,2,52,4.2,335,28.6139,77.209
2025-12-26T20:00,16.0,69,15.4,0.0,0.0,0,0,4.6,342,28.6139,77.209
2025-12-26T21:00,15.2,73,14.6,0.0,0.0,0,0,4.6,342,28.6139,77.209
2025-12-26T22:00,14.5,77,13.9,0.0,0.0,3,91,4.5,337,28.6139,77.209
2025-12-26T23:00,13.9,81,13.4,0.0,0.0,3,99,4.8,340,28.6139,77.209
2025-12-27T00:00,12.8,85,12.1,0.0,0.0,1,37,5.1,333,28.6139,77.209
2025-12-27T01:00,12.2,87,11.6,0.0,0.0,3,97,4.4,322,28.6139,77.209
2025-12-27T02:00,11.8,89,11.1,0.0,0.0,3,91,4.9,327,28.6139,77.209
2025-12-27T03:00,11.2,92,10.4,0.0,0.0,0,0,5.1,312,28.6139,77.209
2025-12-27T04:00,10.6,95,9.8,0.0,0.0,3,98,5.1,297,28.6139,77.209
2025-12-27T05:00,10.1,98,9.3,0.0,0.0,2,50,5.4,278,28.6139,77.209
2025-12-27T06:00,9.8,98,8.8,0.0,0.0,3,99,5.4,272,28.6139,77.209
2025-12-27T07:00,9.7,98,8.8,0.0,0.0,3,100,5.2,268,28.6139,77.209
2025-12-27T08:00,10.7,94,9.8,0.0,0.0,3,100,5.6,268,28.6139,77.209
2025-12-27T09:00,12.5,86,11.9,0.0,0.0,3,99,4.4,279,28.6139,77.209
2025-12-27T10:00,15.1,73,14.5,0.0,0.0,3,100,4.4,291,28.6139,77.209
2025-12-27T11:00,17.3,65,16.8,0.0,0.0,3,99,5.2,299,28.6139,77.209
2025-12-27T12:00,19.1,56,18.2,0.0,0.0,3,95,6.1,293,28.6139,77.209
2025-12-27T13:00,20.0,52,19.1,0.0,0.0,3,80,6.4,295,28.6139,77.209
2025-12-27T14:00,20.5,51,19.5,0.0,0.0,3,82,6.8,299,28.6139,77.209
2025-12-27T15:00,20.5,50,19.3,0.0,0.0,1,42,7.6,298,28.6139,77.209
2025-12-27T16:00,19.8,54,18.7,0.0,0.0,3,82,7.5,312,28.6139,77.209
2025-12-27T17:00,18.2,66,18.1,0.0,0.0,3,85,4.0,297,28.6139,77.209
2025-12-27T18:00,17.6,67,17.4,0.0,0.0,3,99,4.1,285,28.6139,77.209
2025-12-27T19:00,16.9,71,16.8,0.0,0.0,2,73,3.9,286,28.6139,77.209
2025-12-27T20:00,16.3,75,16.4,0.0,0.0,0,9,3.0,308,28.6139,77.209
2025-12-27T21:00,15.5,77,15.5,0.0,0.0,0,1,2.7,340,28.6139,77.209
2025-12-27T22:00,14.9,79,15.1,0.0,0.0,0,0,1.4,270,28.6139,77.209
2025-12-27T23:00,13.8,85,13.9,0.0,0.0,2,73,2.4,257,28.6139,77.209
2025-12-28T00:00,12.9,88,12.6,0.0,0.0,1,21,3.8,262,28.6139,77.209
2025-12-28T01:00,12.1,91,11.6,0.0,0.0,0,0,4.5,268,28.6139,77.209
2025-12-28T02:00,11.5,92,10.9,0.0,0.0,0,0,4.7,277,28.6139,77.209
2025-12-28T03:00,10.9,94,10.2,0.0,0.0,0,0,4.7,286,28.6139,77.209
2025-12-28T04:00,10.1,95,9.3,0.0,0.0,0,0,4.2,282,28.6139,77.209
2025-12-28T05:00,9.6,97,8.7,0.0,0.0,0,10,4.5,272,28.6139,77.209
2025-12-28T06:00,9.6,97,8.7,0.0,0.0,1,39,4.3,268,28.6139,77.209
2025-12-28T07:00,9.4,99,8.4,0.0,0.0,2,56,4.7,261,28.6139,77.209
2025-12-28T08:00,10.1,96,9.2,0.0,0.0,3,100,4.9,260,28.6139,77.209
2025-12-28T09:00,11.9,89,11.4,0.0,0.0,3,96,4.2,260,28.6139,77.209
2025-12-28T10:00,15.2,74,14.8,0.0,0.0,2,68,3.8,267,28.6139,77.209
2025-12-28T11:00,17.7,64,17.0,0.0,0.0,1,48,5.6,274,28.6139,77.209
2025-12-28T12:00,19.1,56,18.4,0.0,0.0,0,0,6.3,283,28.6139,77.209
2025-12-28T13:00,20.1,52,19.2,0.0,0.0,0,0,6.2,292,28.6139,77.209
2025-12-28T14:00,20.5,50,19.5,0.0,0.0,0,0,5.9,297,28.6139,77.209
2025-12-28T15:00,20.4,50,19.6,0.0,0.0,0,12,5.0,300,28.6139,77.209
2025-12-28T16:00,19.8,55,19.1,0.0,0.0,0,0,5.6,301,28.6139,77.209
2025-12-28T17:00,18.0,64,17.7,0.0,0.0,1,41,4.5,293,28.6139,77.209
2025-12-28T18:00,17.0,71,17.0,0.0,0.0,1,30,3.7,317,28.6139,77.209
2025-12-28T19:00,16.7,73,16.9,0.0,0.0,3,95,2.3,328,28.6139,77.209
2025-12-28T20:00,15.8,76,15.9,0.0,0.0,3,100,2.9,30,28.6139,77.209
2025-12-28T21:00,14.9,81,15.0,0.0,0.0,3,93,3.1,59,28.6139,77.209
2025-12-28T22:00,14.1,85,14.3,0.0,0.0,0,2,2.3,86,28.6139,77.209
2025-12-28T23:00,13.3,89,13.6,0.0,0.0,2,76,1.2,117,28.6139,77.209
2025-12-29T00:00,13.0,89,13.4,0.0,0.0,1,41,0.3,135,28.6139,77.209
2025-12-29T01:00,12.7,91,13.0,0.0,0.0,0,15,0.2,180,28.6139,77.209
2025-12-29T02:00,11.4,98,11.7,0.0,0.0,0,16,0.4,207,28.6139,77.209
2025-12-29T03:00,11.1,99,11.0,0.0,0.0,3,100,1.9,236,28.6139,77.209
2025-12-29T04:00,11.0,99,10.7,0.0,0.0,3,100,3.4,245,28.6139,77.209
2025-12-29T05:00,10.6,98,10.1,0.0,0.0,3,100,3.9,254,28.6139,77.209
2025-12-29T06:00,10.6,97,10.1,0.0,0.0,3,100,3.8,267,28.6139,77.209
2025-12-29T07:00,10.7,95,10.2,0.0,0.0,3,100,3.1,267,28.6139,77.209
2025-12-29T08:00,10.9,95,10.5,0.0,0.0,3,100,3.2,254,28.6139,77.209
2025-12-29T09:00,11.6,96,11.4,0.0,0.0,3,100,3.4,245,28.6139,77.209
2025-12-29T10:00,13.4,86,13.4,0.0,0.0,2,72,2.4,253,28.6139,77.209
2025-12-29T11:00,15.3,77,15.1,0.0,0.0,1,48,4.1,283,28.6139,77.209
2025-12-29T12:00,17.5,65,17.0,0.0,0.0,1,28,4.9,294,28.6139,77.209
2025-12-29T13:00,18.9,53,17.9,0.0,0.0,0,3,5.5,297,28.6139,77.209
2025-12-29T14:00,19.8,46,18.4,0.0,0.0,0,0,5.6,303,28.6139,77.209
2025-12-29T15:00,19.9,44,18.4,0.0,0.0,0,0,5.6,303,28.6139,77.209
2025-12-29T16:00,19.2,49,17.9,0.0,0.0,0,0,5.6,301,28.6139,77.209
2025-12-29T17:00,16.8,66,16.3,0.0,0.0,0,0,4.0,288,28.6139,77.209
2025-12-29T18:00,15.7,73,15.3,0.0,0.0,0,0,3.8,289,28.6139,77.209
2025-12-29T19:00,15.0,78,14.8,0.0,0.0,0,0,3.6,288,28.6139,77.209
2025-12-29T20:00,14.4,81,14.2,0.0,0.0,0,0,3.4,286,28.6139,77.209
2025-12-29T21:00,13.7,84,13.6,0.0,0.0,0,0,2.5,262,28.6139,77.209
2025-12-29T22:00,12.9,87,12.8,0.0,0.0,3,88,2.1,255,28.6139,77.209
2025-12-29T23:00,12.0,92,11.8,0.0,0.0,3,97,3.2,254,28.6139,77.209
2025-12-30T00:00,11.2,96,10.9,0.0,0.0,3,89,3.2,243,28.6139,77.209
2025-12-30T01:00,10.7,98,10.4,0.0,0.0,2,57,2.9,281,28.6139,77.209
2025-12-30T02:00,10.6,97,10.2,0.0,0.0,3,82,2.6,282,28.6139,77.209
2025-12-30T03:00,10.4,99,9.9,0.0,0.0,3,99,3.3,276,28.6139,77.209
2025-12-30T04:00,9.8,99,9.0,0.0,0.0,3,100,5.0,283,28.6139,77.209
2025-12-30T05:00,9.8,99,9.1,0.0,0.0,3,100,4.4,289,28.6139,77.209
2025-12-30T06:00,9.7,99,9.0,0.0,0.0,3,100,4.2,280,28.6139,77.209
2025-12-30T07:00,9.7,99,8.9,0.0,0.0,3,100,4.4,279,28.6139,77.209
2025-12-30T08:00,10.0,98,9.2,0.0,0.0,3,100,4.1,270,28.6139,77.209
2025-12-30T09:00,10.9,97,10.3,0.0,0.0,3,100,4.7,270,28.6139,77.209
2025-12-30T10:00,13.8,80,13.4,0.0,0.0,0,11,3.6,270,28.6139,77.209
2025-12-30T11:00,16.7,67,16.0,0.0,0.0,2,77,5.0,270,28.6139,77.209
2025-12-30T12:00,18.6,56,17.6,0.0,0.0,0,4,6.0,275,28.6139,77.209
2025-12-30T13:00,19.9,47,18.5,0.0,0.0,0,0,6.5,275,28.6139,77.209
2025-12-30T14:00,20.4,46,18.9,0.0,0.0,0,0,7.2,270,28.6139,77.209
2025-12-30T15:00,20.4,45,18.8,0.0,0.0,0,0,7.6,266,28.6139,77.209
2025-12-30T16:00,19.6,52,18.4,0.0,0.0,0,0,7.4,271,28.6139,77.209
2025-12-30T17:00,17.9,62,17.3,0.0,0.0,0,0,5.0,285,28.6139,77.209
2025-12-30T18:00,16.7,69,16.3,0.0,0.0,0,0,4.8,295,28.6139,77.209
2025-12-30T19:00,15.9,72,15.5,0.0,0.0,0,0,4.8,299,28.6139,77.209
2025-12-30T20:00,15.3,74,14.8,0.0,0.0,0,0,4.8,307,28.6139,77.209
2025-12-30T21:00,14.8,76,14.4,0.0,0.0,0,0,3.5,325,28.6139,77.209
2025-12-30T22:00,14.2,78,13.8,0.0,0.0,0,0,3.1,353,28.6139,77.209
2025-12-30T23:00,13.4,80,13.1,0.0,0.0,0,0,2.4,347,28.6139,77.209
2025-12-31T00:00,12.8,80,12.5,0.0,0.0,0,0,0.8,27,28.6139,77.209
2025-12-31T01:00,12.2,82,11.8,0.0,0.0,0,0,1.2,117,28.6139,77.209
2025-12-31T02:00,11.2,86,10.5,0.0,0.0,0,0,2.3,122,28.6139,77.209
2025-12-31T03:00,10.3,90,9.5,0.0,0.0,2,55,2.4,144,28.6139,77.209
2025-12-31T04:00,9.4,95,8.5,0.0,0.0,0,11,3.6,135,28.6139,77.209
2025-12-31T05:00,9.1,99,8.1,0.0,0.0,1,49,4.7,118,28.6139,77.209
2025-12-31T06:00,9.2,99,8.0,0.0,0.0,3,98,5.8,110,28.6139,77.209
2025-12-31T07:00,9.2,98,8.0,0.0,0.0,3,100,6.3,127,28.6139,77.209
2025-12-31T08:00,10.4,93,9.1,0.0,0.0,3,100,7.6,135,28.6139,77.209
2025-12-31T09:00,11.6,91,10.8,0.0,0.0,3,95,6.0,136,28.6139,77.209
2025-12-31T10:00,14.2,77,13.4,0.0,0.0,0,8,5.9,130,28.6139,77.209
2025-12-31T11:00,16.2,71,15.4,0.0,0.0,1,23,7.5,138,28.6139,77.209
2025-12-31T12:00,17.8,68,17.3,0.0,0.0,1,25,7.1,131,28.6139,77.209
2025-12-31T13:00,18.9,64,18.5,0.0,0.0,3,100,6.4,128,28.6139,77.209
2025-12-31T14:00,19.4,61,19.0,0.0,0.0,2,69,6.3,121,28.6139,77.209
2025-12-31T15:00,19.3,61,18.5,0.0,0.0,3,100,8.2,113,28.6139,77.209
2025-12-31T16:00,18.3,65,17.6,0.0,0.0,3,98,8.4,100,28.6139,77.209
2025-12-31T17:00,14.7,80,13.7,0.0,0.0,0,15,9.4,102,28.6139,77.209
2025-12-31T18:00,13.4,86,12.0,0.0,0.0,0,7,11.2,102,28.6139,77.209
2025-12-31T19:00,12.4,89,11.1,0.0,0.0,3,97,10.5,107,28.6139,77.209
2025-12-31T20:00,12.1,90,10.8,0.0,0.0,0,13,9.6,106,28.6139,77.209
2025-12-31T21:00,11.8,91,10.6,0.0,0.0,0,10,9.3,114,28.6139,77.209
2025-12-31T22:00,11.6,93,10.3,0.0,0.0,0,8,9.3,115,28.6139,77.209
2025-12-31T23:00,11.4,96,10.3,0.0,0.0,1,20,9.5,127,28.6139,77.209
