time,temperature_2m,relative_humidity_2m,apparent_temperature,precipitation,rain,weather_code,cloud_cover,wind_speed_10m,wind_direction_10m,latitude,longitude
2025-01-01T00:00,22.8,67,24.2,0.0,0.0,0,3,5.2,88,17.385,78.4867
2025-01-01T01:00,22.4,69,23.8,0.0,0.0,0,0,5.2,68,17.385,78.4867
2025-01-01T02:00,21.8,72,23.3,0.0,0.0,3,99,5.3,62,17.385,78.4867
2025-01-01T03:00,21.3,74,22.7,0.0,0.0,1,40,5.5,49,17.385,78.4867
2025-01-01T04:00,20.8,74,22.1,0.0,0.0,2,77,5.3,72,17.385,78.4867
2025-01-01T05:00,20.5,74,21.7,0.0,0.0,0,0,4.6,64,17.385,78.4867
2025-01-01T06:00,20.5,76,21.7,0.0,0.0,2,76,6.4,40,17.385,78.4867
2025-01-01T07:00,20.6,74,21.7,0.0,0.0,3,100,6.2,64,17.385,78.4867
2025-01-01T08:00,22.1,67,23.3,0.0,0.0,3,87,4.5,83,17.385,78.4867
2025-01-01T09:00,24.3,57,25.0,0.0,0.0,3,92,6.9,75,17.385,78.4867
2025-01-01T10:00,26.0,48,26.1,0.0,0.0,2,52,9.5,69,17.385,78.4867
2025-01-01T11:00,27.1,44,27.8,0.0,0.0,2,64,9.8,60,17.385,78.4867
2025-01-01T12:00,27.9,42,28.8,0.0,0.0,3,100,10.2,54,17.385,78.4867
2025-01-01T13:00,28.4,40,29.1,0.0,0.0,3,99,9.9,53,17.385,78.4867
2025-01-01T14:00,28.6,39,28.9,0.0,0.0,3,100,9.4,52,17.385,78.4867
2025-01-01T15:00,28.5,39,28.1,0.0,0.0,3,100,9.0,52,17.385,78.4867
2025-01-01T16:00,27.9,40,27.5,0.0,0.0,3,99,8.8,49,17.385,78.4867
2025-01-01T17:00,27.0,42,26.6,0.0,0.0,3,95,9.2,47,17.385,78.4867
2025-01-01T18:00,26.4,46,26.3,0.0,0.0,3,100,8.0,40,17.385,78.4867
2025-01-01T19:00,25.3,50,25.7,0.0,0.0,3,94,6.7,44,17.385,78.4867
2025-01-01T20:00,24.3,54,25.0,0.0,0.0,2,58,5.5,63,17.385,78.4867
2025-01-01T21:00,23.4,58,24.1,0.0,0.0,0,1,5.3,57,17.385,78.4867
2025-01-01T22:00,22.8,60,23.5,0.0,0.0,0,0,5.3,55,17.385,78.4867
2025-01-01T23:00,21.9,63,22.5,0.0,0.0,0,1,5.9,43,17.385,78.4867
2025-01-02T00:00,21.3,65,21.8,0.0,0.0,2,74,6.2,33,17.385,78.4867
2025-01-02T01:00,20.7,67,21.1,0.0,0.0,2,70,6.5,34,17.385,78.4867
2025-01-02T02:00,20.2,69,20.6,0.0,0.0,0,11,6.5,28,17.385,78.4867
2025-01-02T03:00,19.7,72,20.0,0.0,0.0,0,0,7.5,20,17.385,78.4867
2025-01-02T04:00,19.1,73,19.3,0.0,0.0,3,99,7.5,20,17.385,78.4867
2025-01-02T05:00,18.6,73,18.7,0.0,0.0,3,98,7.3,25,17.385,78.4867
2025-01-02T06:00,18.7,73,19.0,0.0,0.0,3,100,6.7,19,17.385,78.4867
2025-01-02T07:00,18.7,74,19.1,0.0,0.0,3,100,6.1,45,17.385,78.4867
2025-01-02T08:00,19.9,69,20.5,0.0,0.0,3,100,4.3,62,17.385,78.4867
2025-01-02T09:00,22.1,58,22.4,0.0,0.0,3,100,5.4,48,17.385,78.4867
2025-01-02T10:00,24.3,46,23.9,0.0,0.0,3,100,7.1,47,17.385,78.4867
2025-01-02T11:00,26.1,33,25.4,0.0,0.0,2,78,8.1,53,17.385,78.4867
2025-01-02T12:00,27.4,25,26.3,0.0,0.0,3,98,9.1,49,17.385,78.4867
2025-01-02T13:00,28.2,21,26.5,0.0,0.0,3,100,9.4,45,17.385,78.4867
2025-01-02T14:00,28.2,21,25.6,0.0,0.0,3,100,9.6,43,17.385,78.4867
2025-01-02T15:00,28.0,22,25.2,0.0,0.0,3,100,9.7,42,17.385,78.4867
2025-01-02T16:00,27.2,24,24.4,0.0,0.0,3,100,9.7,40,17.385,78.4867
2025-01-02T17:00,26.0,27,23.5,0.0,0.0,3,100,9.4,35,17.385,78.4867
2025-01-02T18:00,25.7,32,23.7,0.0,0.0,3,100,8.7,32,17.385,78.4867
2025-01-02T19:00,24.4,36,22.7,0.0,0.0,3,99,8.6,31,17.385,78.4867
2025-01-02T20:00,23.2,40,21.7,0.0,0.0,2,76,8.3,30,17.385,78.4867
2025-01-02T21:00,22.2,43,20.8,0.0,0.0,3,87,8.0,40,17.385,78.4867
2025-01-02T22:00,21.5,46,20.2,0.0,0.0,3,91,7.4,41,17.385,78.4867
2025-01-02T23:00,20.8,48,19.7,0.0,0.0,3,99,6.4,43,17.385,78.4867
2025-01-03T00:00,20.2,48,18.8,0.0,0.0,3,100,7.6,28,17.385,78.4867
2025-01-03T01:00,19.6,47,17.9,0.0,0.0,3,100,8.1,32,17.385,78.4867
2025-01-03T02:00,19.3,46,17.4,0.0,0.0,3,100,8.4,40,17.385,78.4867
2025-01-03T03:00,19.0,49,17.4,0.0,0.0,3,86,7.1,52,17.385,78.4867
2025-01-03T04:00,18.6,51,17.4,0.0,0.0,1,32,5.5,58,17.385,78.4867
2025-01-03T05:00,18.2,53,17.0,0.0,0.0,2,61,5.0,52,17.385,78.4867
2025-01-03T06:00,18.2,56,17.0,0.0,0.0,3,99,6.7,44,17.385,78.4867
2025-01-03T07:00,18.3,55,17.2,0.0,0.0,2,74,5.9,67,17.385,78.4867
2025-01-03T08:00,19.8,49,18.9,0.0,0.0,2,54,3.8,73,17.385,78.4867
2025-01-03T09:00,22.1,40,20.8,0.0,0.0,2,51,5.0,69,17.385,78.4867
2025-01-03T10:00,24.5,32,23.0,0.0,0.0,0,17,6.7,70,17.385,78.4867
2025-01-03T11:00,26.4,28,25.4,0.0,0.0,0,0,7.8,71,17.385,78.4867
2025-01-03T12:00,27.6,26,26.9,0.0,0.0,0,0,8.2,71,17.385,78.4867
2025-01-03T13:00,28.5,24,27.7,0.0,0.0,0,0,8.4,70,17.385,78.4867
2025-01-03T14:00,28.9,24,27.5,0.0,0.0,0,0,8.6,68,17.385,78.4867
2025-01-03T15:00,28.8,24,26.6,0.0,0.0,0,0,9.0,68,17.385,78.4867
2025-01-03T16:00,28.3,25,25.9,0.0,0.0,0,0,9.4,67,17.385,78.4867
2025-01-03T17:00,27.2,27,25.1,0.0,0.0,2,61,8.8,70,17.385,78.4867
2025-01-03T18:00,26.4,32,24.8,0.0,0.0,3,96,7.0,87,17.385,78.4867
2025-01-03T19:00,25.0,37,23.8,0.0,0.0,3,84,6.4,68,17.385,78.4867
2025-01-03T20:00,23.7,41,22.6,0.0,0.0,3,100,6.8,53,17.385,78.4867
2025-01-03T21:00,22.6,44,21.6,0.0,0.0,3,98,6.8,53,17.385,78.4867
2025-01-03T22:00,21.8,46,20.7,0.0,0.0,3,82,7.0,44,17.385,78.4867
2025-01-03T23:00,21.1,48,20.1,0.0,0.0,0,0,6.6,45,17.385,78.4867
2025-01-04T00:00,20.6,49,19.5,0.0,0.0,0,0,6.7,46,17.385,78.4867
2025-01-04T01:00,20.2,51,19.2,0.0,0.0,0,0,6.0,51,17.385,78.4867
2025-01-04T02:00,19.8,52,18.8,0.0,0.0,0,0,5.6,40,17.385,78.4867
2025-01-04T03:00,19.5,53,18.5,0.0,0.0,0,0,5.8,34,17.385,78.4867
2025-01-04T04:00,19.1,54,18.1,0.0,0.0,0,0,5.6,25,17.385,78.4867
2025-01-04T05:00,18.7,55,17.7,0.0,0.0,0,0,5.8,22,17.385,78.4867
2025-01-04T06:00,18.5,56,17.4,0.0,0.0,1,38,6.4,27,17.385,78.4867
2025-01-04T07:00,18.6,56,17.5,0.0,0.0,1,34,6.4,29,17.385,78.4867
2025-01-04T08:00,20.2,52,19.4,0.0,0.0,1,21,4.6,39,17.385,78.4867
2025-01-04T09:00,22.9,42,22.0,0.0,0.0,1,28,4.3,48,17.385,78.4867
2025-01-04T10:00,25.4,34,24.2,0.0,0.0,1,31,7.3,54,17.385,78.4867
2025-01-04T11:00,27.0,29,26.2,0.0,0.0,2,63,8.2,64,17.385,78.4867
2025-01-04T12:00,28.1,24,27.2,0.0,0.0,3,80,8.6,67,17.385,78.4867
2025-01-04T13:00,28.7,22,27.5,0.0,0.0,3,97,9.2,69,17.385,78.4867
2025-01-04T14:00,28.9,22,27.2,0.0,0.0,3,83,9.5,79,17.385,78.4867
2025-01-04T15:00,28.6,24,26.1,0.0,0.0,3,91,9.9,85,17.385,78.4867
2025-01-04T16:00,27.7,25,25.3,0.0,0.0,3,91,9.9,85,17.385,78.4867
2025-01-04T17:00,26.8,26,24.3,0.0,0.0,1,43,9.9,86,17.385,78.4867
2025-01-04T18:00,26.1,29,24.0,0.0,0.0,3,80,8.6,79,17.385,78.4867
2025-01-04T19:00,24.9,32,23.1,0.0,0.0,0,4,7.5,73,17.385,78.4867
2025-01-04T20:00,23.7,36,22.2,0.0,0.0,0,0,6.2,57,17.385,78.4867
2025-01-04T21:00,22.6,41,21.3,0.0,0.0,0,6,6.4,43,17.385,78.4867
2025-01-04T22:00,21.7,46,20.8,0.0,0.0,2,61,5.5,54,17.385,78.4867
2025-01-04T23:00,20.8,50,20.1,0.0,0.0,3,87,4.8,53,17.385,78.4867
2025-01-05T00:00,20.1,54,19.8,0.0,0.0,0,3,3.1,69,17.385,78.4867
2025-01-05T01:00,19.2,65,19.8,0.0,0.0,2,60,1.0,45,17.385,78.4867
2025-01-05T02:00,18.4,71,19.2,0.0,0.0,2,71,0.6,214,17.385,78.4867
2025-01-05T03:00,17.8,71,18.2,0.0,0.0,2,58,2.3,288,17.385,78.4867
2025-01-05T04:00,17.0,79,17.8,0.0,0.0,3,82,1.8,294,17.385,78.4867
2025-01-05T05:00,16.4,88,17.8,0.0,0.0,0,0,0.5,315,17.385,78.4867
2025-01-05T06:00,16.9,85,17.9,0.0,0.0,0,2,3.5,279,17.385,78.4867
2025-01-05T07:00,17.1,86,18.1,0.0,0.0,0,8,3.8,245,17.385,78.4867
2025-01-05T08:00,19.2,73,20.3,0.0,0.0,0,2,1.9,253,17.385,78.4867
2025-01-05T09:00,22.3,57,23.1,0.0,0.0,0,0,2.0,175,17.385,78.4867
2025-01-05T10:00,24.4,46,24.5,0.0,0.0,0,0,4.9,118,17.385,78.4867
2025-01-05T11:00,25.9,39,26.3,0.0,0.0,0,0,6.2,112,17.385,78.4867
2025-01-05T12:00,27.1,35,27.7,0.0,0.0,0,0,6.6,111,17.385,78.4867
2025-01-05T13:00,27.8,32,28.2,0.0,0.0,0,0,6.9,110,17.385,78.4867
2025-01-05T14:00,28.2,31,27.9,0.0,0.0,0,0,7.4,113,17.385,78.4867
2025-01-05T15:00,28.0,32,26.8,0.0,0.0,0,0,7.9,111,17.385,78.4867
2025-01-05T16:00,27.4,34,26.2,0.0,0.0,0,0,8.4,113,17.385,78.4867
2025-01-05T17:00,26.3,38,25.1,0.0,0.0,0,0,9.3,112,17.385,78.4867
2025-01-05T18:00,25.4,43,24.6,0.0,0.0,0,0,9.5,112,17.385,78.4867
2025-01-05T19:00,24.1,51,24.0,0.0,0.0,0,0,7.6,121,17.385,78.4867
2025-01-05T20:00,23.2,56,23.4,0.0,0.0,0,0,7.7,120,17.385,78.4867
2025-01-05T21:00,22.9,57,23.2,0.0,0.0,0,0,7.1,117,17.385,78.4867
2025-01-05T22:00,22.2,60,22.5,0.0,0.0,0,0,7.0,113,17.385,78.4867
2025-01-05T23:00,22.1,59,22.2,0.0,0.0,0,0,7.6,108,17.385,78.4867
2025-01-06T00:00,21.6,61,21.9,0.0,0.0,0,0,6.2,126,17.385,78.4867
2025-01-06T01:00,20.5,65,20.9,0.0,0.0,0,0,5.5,169,17.385,78.4867
2025-01-06T02:00,19.6,69,20.0,0.0,0.0,0,0,5.4,154,17.385,78.4867
2025-01-06T03:00,18.9,73,19.5,0.0,0.0,0,0,4.7,130,17.385,78.4867
2025-01-06T04:00,18.3,76,18.9,0.0,0.0,0,0,4.4,142,17.385,78.4867
2025-01-06T05:00,18.0,77,18.4,0.0,0.0,0,0,5.8,150,17.385,78.4867
2025-01-06T06:00,17.8,79,18.3,0.0,0.0,0,0,5.4,146,17.385,78.4867
2025-01-06T07:00,17.7,80,18.3,0.0,0.0,0,0,5.1,135,17.385,78.4867
2025-01-06T08:00,19.3,73,20.3,0.0,0.0,0,0,2.7,113,17.385,78.4867
2025-01-06T09:00,21.8,62,22.4,0.0,0.0,0,0,4.8,132,17.385,78.4867
2025-01-06T10:00,23.7,52,24.1,0.0,0.0,0,0,6.2,134,17.385,78.4867
2025-01-06T11:00,25.1,45,26.2,0.0,0.0,0,0,5.1,135,17.385,78.4867
2025-01-06T12:00,26.1,42,27.8,0.0,0.0,0,0,3.9,133,17.385,78.4867
2025-01-06T13:00,26.9,39,28.4,0.0,0.0,0,0,3.6,127,17.385,78.4867
2025-01-06T14:00,27.4,38,28.3,0.0,0.0,0,0,4.0,120,17.385,78.4867
2025-01-06T15:00,27.5,38,27.3,0.0,0.0,0,0,5.2,119,17.385,78.4867
2025-01-06T16:00,27.1,40,26.9,0.0,0.0,0,0,6.3,121,17.385,78.4867
2025-01-06T17:00,26.3,42,25.9,0.0,0.0,0,1,8.0,115,17.385,78.4867
2025-01-06T18:00,25.8,46,25.6,0.0,0.0,0,9,8.8,107,17.385,78.4867
2025-01-06T19:00,24.7,49,24.6,0.0,0.0,0,6,7.5,123,17.385,78.4867
2025-01-06T20:00,23.6,52,23.6,0.0,0.0,0,0,6.5,134,17.385,78.4867
2025-01-06T21:00,22.6,56,22.8,0.0,0.0,0,0,5.6,119,17.385,78.4867
2025-01-06T22:00,22.0,58,22.1,0.0,0.0,0,0,6.3,105,17.385,78.4867
2025-01-06T23:00,21.4,60,21.3,0.0,0.0,0,0,7.3,113,17.385,78.4867
2025-01-07T00:00,21.0,62,21.1,0.0,0.0,0,0,6.8,122,17.385,78.4867
2025-01-07T01:00,20.5,64,20.7,0.0,0.0,0,0,6.1,146,17.385,78.4867
2025-01-07T02:00,19.9,66,20.3,0.0,0.0,0,0,4.6,189,17.385,78.4867
2025-01-07T03:00,19.4,69,20.1,0.0,0.0,1,38,2.7,203,17.385,78.4867
2025-01-07T04:00,18.7,78,20.1,0.0,0.0,2,76,0.9,217,17.385,78.4867
2025-01-07T05:00,18.2,82,19.7,0.0,0.0,0,12,0.5,270,17.385,78.4867
2025-01-07T06:00,18.1,81,19.4,0.0,0.0,0,18,1.6,174,17.385,78.4867
2025-01-07T07:00,18.0,80,19.2,0.0,0.0,2,72,1.9,214,17.385,78.4867
2025-01-07T08:00,19.7,72,20.9,0.0,0.0,3,94,1.5,216,17.385,78.4867
2025-01-07T09:00,22.3,59,23.3,0.0,0.0,3,95,1.3,164,17.385,78.4867
2025-01-07T10:00,24.5,45,24.9,0.0,0.0,3,86,2.8,79,17.385,78.4867
2025-01-07T11:00,26.2,37,26.7,0.0,0.0,2,63,5.3,55,17.385,78.4867
2025-01-07T12:00,27.4,34,27.9,0.0,0.0,2,75,6.6,43,17.385,78.4867
2025-01-07T13:00,28.2,32,28.5,0.0,0.0,3,89,6.8,37,17.385,78.4867
2025-01-07T14:00,28.6,31,28.3,0.0,0.0,3,86,7.5,30,17.385,78.4867
2025-01-07T15:00,28.5,31,27.2,0.0,0.0,3,91,8.6,26,17.385,78.4867
2025-01-07T16:00,27.8,34,26.4,0.0,0.0,0,18,9.8,31,17.385,78.4867
2025-01-07T17:00,26.9,36,25.5,0.0,0.0,0,0,10.4,37,17.385,78.4867
2025-01-07T18:00,26.0,38,24.6,0.0,0.0,0,0,10.2,46,17.385,78.4867
2025-01-07T19:00,24.6,42,23.4,0.0,0.0,0,1,9.7,61,17.385,78.4867
2025-01-07T20:00,23.6,47,22.6,0.0,0.0,0,0,9.7,55,17.385,78.4867
2025-01-07T21:00,22.9,51,22.5,0.0,0.0,0,0,7.5,75,17.385,78.4867
2025-01-07T22:00,21.9,55,21.5,0.0,0.0,0,0,7.6,86,17.385,78.4867
2025-01-07T23:00,21.3,57,21.0,0.0,0.0,0,0,7.1,83,17.385,78.4867
2025-01-08T00:00,20.7,59,20.4,0.0,0.0,0,0,6.7,76,17.385,78.4867
2025-01-08T01:00,20.2,60,19.8,0.0,0.0,0,0,6.9,60,17.385,78.4867
2025-01-08T02:00,19.8,60,19.3,0.0,0.0,0,0,7.1,54,17.385,78.4867
2025-01-08T03:00,19.7,60,19.1,0.0,0.0,0,0,7.0,61,17.385,78.4867
2025-01-08T04:00,19.4,61,18.8,0.0,0.0,0,0,7.0,44,17.385,78.4867
2025-01-08T05:00,19.0,63,18.5,0.0,0.0,0,0,7.3,44,17.385,78.4867
2025-01-08T06:00,18.7,66,18.2,0.0,0.0,0,0,7.5,27,17.385,78.4867
2025-01-08T07:00,18.7,65,18.2,0.0,0.0,0,0,7.6,31,17.385,78.4867
2025-01-08T08:00,20.3,59,20.1,0.0,0.0,0,0,5.7,32,17.385,78.4867
2025-01-08T09:00,22.8,46,21.8,0.0,0.0,0,0,7.5,46,17.385,78.4867
2025-01-08T10:00,24.2,38,23.1,0.0,0.0,0,0,7.3,57,17.385,78.4867
2025-01-08T11:00,25.2,34,24.8,0.0,0.0,0,0,6.4,61,17.385,78.4867
2025-01-08T12:00,26.1,32,26.2,0.0,0.0,0,1,6.1,62,17.385,78.4867
2025-01-08T13:00,26.8,30,26.7,0.0,0.0,1,20,6.2,57,17.385,78.4867
2025-01-08T14:00,27.2,28,26.5,0.0,0.0,1,33,6.7,54,17.385,78.4867
2025-01-08T15:00,27.1,29,25.5,0.0,0.0,0,10,6.9,60,17.385,78.4867
2025-01-08T16:00,26.6,30,24.9,0.0,0.0,0,0,7.3,67,17.385,78.4867
2025-01-08T17:00,25.8,32,23.9,0.0,0.0,0,0,8.2,68,17.385,78.4867
2025-01-08T18:00,25.0,36,23.6,0.0,0.0,0,0,7.6,83,17.385,78.4867
2025-01-08T19:00,23.7,42,22.4,0.0,0.0,0,0,8.4,75,17.385,78.4867
2025-01-08T20:00,22.5,44,21.3,0.0,0.0,0,0,7.8,56,17.385,78.4867
2025-01-08T21:00,21.6,47,20.2,0.0,0.0,0,0,9.2,59,17.385,78.4867
2025-01-08T22:00,21.0,48,19.6,0.0,0.0,0,0,8.6,59,17.385,78.4867
2025-01-08T23:00,20.4,49,19.1,0.0,0.0,0,0,7.9,43,17.385,78.4867
2025-01-09T00:00,19.9,49,18.4,0.0,0.0,0,0,7.8,19,17.385,78.4867
2025-01-09T01:00,19.3,49,17.9,0.0,0.0,0,0,6.7,24,17.385,78.4867
2025-01-09T02:00,18.9,47,17.2,0.0,0.0,0,0,6.7,36,17.385,78.4867
2025-01-09T03:00,18.4,49,16.9,0.0,0.0,0,0,5.3,82,17.385,78.4867
2025-01-09T04:00,17.7,53,16.2,0.0,0.0,0,0,6.3,90,17.385,78.4867
2025-01-09T05:00,17.2,55,15.7,0.0,0.0,0,0,6.6,74,17.385,78.4867
2025-01-09T06:00,17.1,59,16.2,0.0,0.0,0,0,4.5,76,17.385,78.4867
2025-01-09T07:00,17.0,60,16.0,0.0,0.0,0,0,5.4,70,17.385,78.4867
2025-01-09T08:00,18.5,53,17.5,0.0,0.0,0,4,4.6,77,17.385,78.4867
2025-01-09T09:00,20.9,42,19.2,0.0,0.0,0,1,6.9,83,17.385,78.4867
2025-01-09T10:00,22.6,45,21.6,0.0,0.0,0,0,9.2,90,17.385,78.4867
2025-01-09T11:00,23.9,47,24.0,0.0,0.0,0,0,10.2,100,17.385,78.4867
2025-01-09T12:00,24.9,43,25.2,0.0,0.0,0,0,10.7,104,17.385,78.4867
2025-01-09T13:00,25.6,41,25.7,0.0,0.0,0,1,11.3,104,17.385,78.4867
2025-01-09T14:00,25.8,43,25.7,0.0,0.0,0,7,10.7,104,17.385,78.4867
2025-01-09T15:00,25.7,44,24.9,0.0,0.0,0,8,10.3,101,17.385,78.4867
2025-01-09T16:00,25.3,45,24.6,0.0,0.0,0,10,10.0,103,17.385,78.4867
2025-01-09T17:00,24.6,47,24.0,0.0,0.0,0,11,9.5,104,17.385,78.4867
2025-01-09T18:00,24.2,48,24.0,0.0,0.0,0,7,6.7,76,17.385,78.4867
2025-01-09T19:00,23.7,49,23.5,0.0,0.0,2,53,5.9,67,17.385,78.4867
2025-01-09T20:00,23.0,51,22.9,0.0,0.0,1,34,5.9,117,17.385,78.4867
2025-01-09T21:00,22.3,55,22.3,0.0,0.0,0,6,5.3,118,17.385,78.4867
2025-01-09T22:00,21.7,57,21.8,0.0,0.0,0,1,5.0,69,17.385,78.4867
2025-01-09T23:00,21.0,60,21.0,0.0,0.0,0,4,6.1,66,17.385,78.4867
2025-01-10T00:00,20.4,63,20.4,0.0,0.0,1,20,6.0,95,17.385,78.4867
2025-01-10T01:00,19.7,65,19.6,0.0,0.0,0,0,7.3,97,17.385,78.4867
2025-01-10T02:00,19.1,68,19.0,0.0,0.0,0,1,7.0,89,17.385,78.4867
2025-01-10T03:00,18.5,71,18.6,0.0,0.0,0,0,6.1,88,17.385,78.4867
2025-01-10T04:00,18.1,75,18.1,0.0,0.0,0,0,7.6,104,17.385,78.4867
2025-01-10T05:00,17.7,80,18.0,0.0,0.0,0,1,7.4,103,17.385,78.4867
2025-01-10T06:00,17.4,83,18.0,0.0,0.0,0,7,5.6,92,17.385,78.4867
2025-01-10T07:00,17.3,84,17.9,0.0,0.0,0,12,6.3,105,17.385,78.4867
2025-01-10T08:00,18.9,82,19.6,0.0,0.0,2,54,8.4,115,17.385,78.4867
2025-01-10T09:00,20.9,72,21.1,0.0,0.0,1,22,11.5,121,17.385,78.4867
2025-01-10T10:00,22.8,59,22.9,0.0,0.0,1,41,9.9,115,17.385,78.4867
2025-01-10T11:00,24.3,49,24.7,0.0,0.0,2,62,10.2,111,17.385,78.4867
2025-01-10T12:00,25.3,45,25.9,0.0,0.0,3,98,10.0,108,17.385,78.4867
2025-01-10T13:00,25.9,43,26.5,0.0,0.0,3,98,9.2,106,17.385,78.4867
2025-01-10T14:00,26.2,42,26.1,0.0,0.0,3,99,10.6,116,17.385,78.4867
2025-01-10T15:00,26.2,43,25.4,0.0,0.0,2,64,10.2,121,17.385,78.4867
2025-01-10T16:00,26.4,41,25.6,0.0,0.0,2,71,9.8,110,17.385,78.4867
2025-01-10T17:00,26.1,40,24.7,0.0,0.0,3,94,12.5,122,17.385,78.4867
2025-01-10T18:00,24.1,55,24.0,0.0,0.0,0,11,10.5,128,17.385,78.4867
2025-01-10T19:00,23.4,58,23.7,0.0,0.0,0,7,8.4,125,17.385,78.4867
2025-01-10T20:00,23.1,57,23.1,0.0,0.0,0,11,9.2,137,17.385,78.4867
2025-01-10T21:00,22.8,56,22.6,0.0,0.0,0,9,8.8,136,17.385,78.4867
2025-01-10T22:00,22.1,56,21.9,0.0,0.0,0,2,7.8,127,17.385,78.4867
2025-01-10T23:00,21.3,60,21.1,0.0,0.0,0,2,8.1,115,17.385,78.4867
2025-01-11T00:00,20.4,69,20.5,0.0,0.0,1,32,9.4,128,17.385,78.4867
2025-01-11T01:00,19.6,76,20.1,0.0,0.0,2,59,8.9,128,17.385,78.4867
2025-01-11T02:00,19.1,79,19.7,0.0,0.0,0,16,8.1,122,17.385,78.4867
2025-01-11T03:00,18.6,82,19.1,0.0,0.0,2,56,8.7,114,17.385,78.4867
2025-01-11T04:00,18.2,83,18.6,0.0,0.0,3,92,9.1,111,17.385,78.4867
2025-01-11T05:00,17.8,84,18.2,0.0,0.0,3,97,9.1,112,17.385,78.4867
2025-01-11T06:00,18.0,86,18.5,0.0,0.0,3,87,9.3,112,17.385,78.4867
2025-01-11T07:00,18.0,86,18.8,0.0,0.0,3,98,7.2,104,17.385,78.4867
2025-01-11T08:00,19.2,80,19.8,0.0,0.0,3,86,8.6,113,17.385,78.4867
2025-01-11T09:00,21.0,69,21.4,0.0,0.0,3,99,9.3,118,17.385,78.4867
2025-01-11T10:00,22.9,60,23.1,0.0,0.0,3,95,9.6,120,17.385,78.4867
2025-01-11T11:00,24.4,52,25.2,0.0,0.0,3,99,9.6,120,17.385,78.4867
2025-01-11T12:00,25.6,46,26.6,0.0,0.0,2,72,9.0,119,17.385,78.4867
2025-01-11T13:00,26.4,43,27.2,0.0,0.0,0,0,8.7,117,17.385,78.4867
2025-01-11T14:00,26.8,41,27.1,0.0,0.0,0,9,8.3,123,17.385,78.4867
2025-01-11T15:00,26.8,41,26.5,0.0,0.0,1,42,7.4,133,17.385,78.4867
2025-01-11T16:00,26.5,41,26.2,0.0,0.0,3,91,6.8,130,17.385,78.4867
2025-01-11T17:00,25.9,43,25.3,0.0,0.0,3,88,9.3,122,17.385,78.4867
2025-01-11T18:00,25.0,49,24.2,0.0,0.0,2,74,12.5,117,17.385,78.4867
2025-01-11T19:00,24.1,51,23.7,0.0,0.0,2,53,9.5,112,17.385,78.4867
2025-01-11T20:00,23.4,53,23.1,0.0,0.0,2,71,8.8,125,17.385,78.4867
2025-01-11T21:00,22.7,55,22.5,0.0,0.0,2,65,8.6,126,17.385,78.4867
2025-01-11T22:00,22.2,58,22.1,0.0,0.0,2,78,8.2,128,17.385,78.4867
2025-01-11T23:00,21.8,60,21.9,0.0,0.0,2,74,8.1,129,17.385,78.4867
2025-01-12T00:00,21.2,64,21.1,0.0,0.0,2,59,9.8,126,17.385,78.4867
2025-01-12T01:00,19.9,76,20.2,0.0,0.0,1,26,11.0,132,17.385,78.4867
2025-01-12T02:00,19.1,83,19.7,0.0,0.0,0,1,10.7,123,17.385,78.4867
2025-01-12T03:00,18.7,85,19.2,0.0,0.0,0,0,10.4,118,17.385,78.4867
2025-01-12T04:00,18.2,86,18.7,0.0,0.0,1,33,9.8,114,17.385,78.4867
2025-01-12T05:00,18.0,86,18.6,0.0,0.0,3,91,8.7,114,17.385,78.4867
2025-01-12T06:00,18.1,88,19.0,0.0,0.0,1,20,8.0,115,17.385,78.4867
2025-01-12T07:00,18.3,87,19.1,0.0,0.0,2,71,9.1,122,17.385,78.4867
2025-01-12T08:00,19.5,81,20.2,0.0,0.0,3,95,10.2,126,17.385,78.4867
2025-01-12T09:00,21.3,72,22.1,0.0,0.0,3,100,8.9,119,17.385,78.4867
2025-01-12T10:00,23.1,63,23.9,0.0,0.0,3,92,7.7,114,17.385,78.4867
2025-01-12T11:00,24.7,57,26.3,0.0,0.0,3,100,7.4,108,17.385,78.4867
2025-01-12T12:00,26.0,52,28.1,0.0,0.0,3,100,6.2,107,17.385,78.4867
2025-01-12T13:00,27.0,48,28.9,0.0,0.0,3,100,5.5,101,17.385,78.4867
2025-01-12T14:00,27.5,47,28.7,0.0,0.0,3,99,6.2,100,17.385,78.4867
2025-01-12T15:00,27.7,45,28.3,0.0,0.0,3,100,6.7,104,17.385,78.4867
2025-01-12T16:00,27.2,46,27.7,0.0,0.0,3,100,7.3,113,17.385,78.4867
2025-01-12T17:00,26.2,51,26.6,0.0,0.0,3,100,9.3,105,17.385,78.4867
2025-01-12T18:00,25.5,54,25.8,0.0,0.0,3,93,10.3,96,17.385,78.4867
2025-01-12T19:00,24.4,57,24.7,0.0,0.0,2,67,9.1,98,17.385,78.4867
2025-01-12T20:00,23.6,57,23.9,0.0,0.0,1,21,8.0,95,17.385,78.4867
2025-01-12T21:00,23.1,57,23.3,0.0,0.0,0,14,7.7,102,17.385,78.4867
2025-01-12T22:00,22.5,57,22.5,0.0,0.0,1,21,8.3,101,17.385,78.4867
2025-01-12T23:00,22.0,58,21.8,0.0,0.0,0,19,8.1,108,17.385,78.4867
2025-01-13T00:00,21.5,60,21.5,0.0,0.0,0,0,7.3,118,17.385,78.4867
2025-01-13T01:00,21.1,61,21.3,0.0,0.0,0,0,6.1,104,17.385,78.4867
2025-01-13T02:00,20.6,64,20.8,0.0,0.0,0,0,6.1,104,17.385,78.4867
2025-01-13T03:00,20.1,66,20.3,0.0,0.0,0,0,6.7,98,17.385,78.4867
2025-01-13T04:00,19.6,69,19.8,0.0,0.0,0,0,7.1,99,17.385,78.4867
2025-01-13T05:00,19.0,72,19.3,0.0,0.0,0,0,6.9,96,17.385,78.4867
2025-01-13T06:00,19.1,81,20.0,0.0,0.0,0,7,6.8,107,17.385,78.4867
2025-01-13T07:00,19.0,85,20.3,0.0,0.0,0,0,6.0,100,17.385,78.4867
2025-01-13T08:00,20.4,82,22.1,0.0,0.0,0,0,5.1,113,17.385,78.4867
2025-01-13T09:00,22.4,72,24.0,0.0,0.0,0,1,5.9,110,17.385,78.4867
2025-01-13T10:00,24.5,61,25.9,0.0,0.0,0,0,6.7,104,17.385,78.4867
2025-01-13T11:00,26.2,51,27.8,0.0,0.0,0,0,7.8,95,17.385,78.4867
2025-01-13T12:00,27.4,44,28.9,0.0,0.0,0,0,8.3,91,17.385,78.4867
2025-01-13T13:00,28.3,40,29.7,0.0,0.0,1,49,7.0,91,17.385,78.4867
2025-01-13T14:00,28.6,37,29.0,0.0,0.0,2,55,5.6,97,17.385,78.4867
2025-01-13T15:00,28.7,36,28.5,0.0,0.0,3,99,5.4,105,17.385,78.4867
2025-01-13T16:00,27.9,40,27.4,0.0,0.0,3,99,9.3,98,17.385,78.4867
2025-01-13T17:00,26.6,45,26.1,0.0,0.0,2,64,11.7,104,17.385,78.4867
2025-01-13T18:00,25.8,47,25.4,0.0,0.0,0,1,10.7,98,17.385,78.4867
2025-01-13T19:00,24.9,50,24.7,0.0,0.0,0,0,9.5,111,17.385,78.4867
2025-01-13T20:00,24.1,53,23.9,0.0,0.0,0,0,9.1,100,17.385,78.4867
2025-01-13T21:00,23.4,55,23.4,0.0,0.0,0,0,7.9,90,17.385,78.4867
2025-01-13T22:00,22.7,57,22.8,0.0,0.0,0,0,7.7,87,17.385,78.4867
2025-01-13T23:00,22.1,61,22.2,0.0,0.0,0,0,7.9,90,17.385,78.4867
2025-01-14T00:00,21.3,65,21.6,0.0,0.0,0,0,8.0,96,17.385,78.4867
2025-01-14T01:00,20.9,69,21.4,0.0,0.0,0,0,7.4,93,17.385,78.4867
2025-01-14T02:00,20.3,73,20.9,0.0,0.0,0,3,8.1,111,17.385,78.4867
2025-01-14T03:00,19.7,76,20.3,0.0,0.0,0,0,7.8,99,17.385,78.4867
2025-01-14T04:00,19.2,79,20.0,0.0,0.0,0,0,6.7,90,17.385,78.4867
2025-01-14T05:00,18.6,83,19.5,0.0,0.0,0,0,7.0,89,17.385,78.4867
2025-01-14T06:00,18.5,86,19.6,0.0,0.0,0,0,6.7,96,17.385,78.4867
2025-01-14T07:00,18.4,88,19.6,0.0,0.0,0,15,6.7,92,17.385,78.4867
2025-01-14T08:00,19.9,83,21.5,0.0,0.0,2,61,5.8,97,17.385,78.4867
2025-01-14T09:00,22.2,72,23.5,0.0,0.0,3,100,7.5,105,17.385,78.4867
2025-01-14T10:00,24.4,59,25.2,0.0,0.0,0,10,9.6,107,17.385,78.4867
2025-01-14T11:00,26.2,49,27.2,0.0,0.0,0,18,10.2,104,17.385,78.4867
2025-01-14T12:00,27.3,43,28.4,0.0,0.0,1,45,9.7,105,17.385,78.4867
2025-01-14T13:00,27.9,41,29.0,0.0,0.0,1,21,8.8,110,17.385,78.4867
2025-01-14T14:00,28.3,39,29.0,0.0,0.0,0,16,7.9,114,17.385,78.4867
2025-01-14T15:00,28.5,38,28.3,0.0,0.0,1,38,6.9,118,17.385,78.4867
2025-01-14T16:00,28.0,38,27.5,0.0,0.0,2,70,8.1,122,17.385,78.4867
2025-01-14T17:00,27.1,42,26.5,0.0,0.0,2,50,10.8,111,17.385,78.4867
2025-01-14T18:00,26.1,48,26.1,0.0,0.0,2,70,9.6,113,17.385,78.4867
2025-01-14T19:00,25.3,53,25.8,0.0,0.0,0,13,8.3,112,17.385,78.4867
2025-01-14T20:00,24.5,56,25.0,0.0,0.0,3,99,8.5,102,17.385,78.4867
2025-01-14T21:00,23.8,59,24.3,0.0,0.0,3,99,8.8,105,17.385,78.4867
2025-01-14T22:00,23.1,61,23.5,0.0,0.0,3,99,8.7,103,17.385,78.4867
2025-01-14T23:00,22.7,61,23.2,0.0,0.0,3,100,7.6,94,17.385,78.4867
2025-01-15T00:00,22.0,63,22.1,0.0,0.0,3,100,9.3,122,17.385,78.4867
2025-01-15T01:00,20.8,73,21.6,0.0,0.0,3,100,7.9,123,17.385,78.4867
2025-01-15T02:00,20.2,80,21.3,0.0,0.0,3,99,7.9,117,17.385,78.4867
2025-01-15T03:00,19.6,85,20.7,0.0,0.0,3,96,9.4,114,17.385,78.4867
2025-01-15T04:00,19.1,90,20.4,0.0,0.0,3,97,9.0,112,17.385,78.4867
2025-01-15T05:00,18.7,93,20.2,0.0,0.0,3,100,8.5,114,17.385,78.4867
2025-01-15T06:00,18.9,94,20.7,0.0,0.0,3,100,7.7,115,17.385,78.4867
2025-01-15T07:00,19.1,93,20.7,0.0,0.0,3,99,9.0,120,17.385,78.4867
2025-01-15T08:00,20.2,84,21.3,0.0,0.0,3,83,11.0,118,17.385,78.4867
2025-01-15T09:00,22.2,69,22.7,0.0,0.0,3,80,12.0,116,17.385,78.4867
2025-01-15T10:00,24.1,59,24.2,0.0,0.0,1,42,12.2,110,17.385,78.4867
2025-01-15T11:00,25.5,51,25.8,0.0,0.0,0,19,11.7,108,17.385,78.4867
2025-01-15T12:00,26.6,45,27.4,0.0,0.0,0,8,10.8,108,17.385,78.4867
2025-01-15T13:00,27.4,42,28.4,0.0,0.0,0,7,9.0,106,17.385,78.4867
2025-01-15T14:00,28.0,39,28.6,0.0,0.0,1,24,7.3,99,17.385,78.4867
2025-01-15T15:00,28.1,38,27.7,0.0,0.0,1,42,7.6,102,17.385,78.4867
2025-01-15T16:00,26.9,45,26.6,0.0,0.0,3,100,10.8,105,17.385,78.4867
2025-01-15T17:00,26.0,47,25.4,0.0,0.0,1,45,12.0,112,17.385,78.4867
2025-01-15T18:00,24.9,56,25.0,0.0,0.0,0,2,11.4,114,17.385,78.4867
2025-01-15T19:00,24.3,58,24.9,0.0,0.0,0,0,8.2,100,17.385,78.4867
2025-01-15T20:00,23.9,59,24.7,0.0,0.0,0,1,7.0,108,17.385,78.4867
2025-01-15T21:00,23.3,62,24.2,0.0,0.0,0,0,6.7,104,17.385,78.4867
2025-01-15T22:00,22.6,65,23.5,0.0,0.0,0,4,6.8,108,17.385,78.4867
2025-01-15T23:00,22.1,67,23.1,0.0,0.0,1,26,6.5,98,17.385,78.4867
2025-01-16T00:00,21.8,68,22.7,0.0,0.0,2,50,6.3,105,17.385,78.4867
2025-01-16T01:00,21.2,70,21.9,0.0,0.0,0,17,7.5,120,17.385,78.4867
2025-01-16T02:00,20.3,76,21.2,0.0,0.0,1,27,7.6,126,17.385,78.4867
2025-01-16T03:00,19.7,83,21.0,0.0,0.0,1,20,6.7,136,17.385,78.4867
2025-01-16T04:00,19.3,85,20.7,0.0,0.0,2,70,6.3,121,17.385,78.4867
2025-01-16T05:00,18.9,88,20.2,0.0,0.0,0,2,7.1,111,17.385,78.4867
2025-01-16T06:00,19.2,88,20.6,0.0,0.0,1,30,7.3,118,17.385,78.4867
2025-01-16T07:00,19.1,91,20.4,0.0,0.0,2,73,9.4,126,17.385,78.4867
2025-01-16T08:00,20.5,82,21.5,0.0,0.0,1,41,10.8,127,17.385,78.4867
2025-01-16T09:00,22.4,70,23.2,0.0,0.0,1,38,10.1,119,17.385,78.4867
2025-01-16T10:00,24.2,60,24.8,0.0,0.0,1,30,9.1,115,17.385,78.4867
2025-01-16T11:00,25.7,52,26.8,0.0,0.0,0,10,8.9,108,17.385,78.4867
2025-01-16T12:00,26.9,46,28.3,0.0,0.0,1,29,8.2,100,17.385,78.4867
2025-01-16T13:00,27.8,42,29.1,0.0,0.0,1,46,7.6,76,17.385,78.4867
2025-01-16T14:00,28.2,40,28.4,0.0,0.0,2,55,8.2,75,17.385,78.4867
2025-01-16T15:00,28.2,39,27.8,0.0,0.0,2,53,9.2,74,17.385,78.4867
2025-01-16T16:00,27.6,40,27.0,0.0,0.0,2,60,9.9,74,17.385,78.4867
2025-01-16T17:00,26.9,43,26.6,0.0,0.0,2,56,8.7,73,17.385,78.4867
2025-01-16T18:00,26.1,49,26.3,0.0,0.0,1,31,7.8,99,17.385,78.4867
2025-01-16T19:00,25.1,53,25.5,0.0,0.0,0,2,8.3,92,17.385,78.4867
2025-01-16T20:00,24.2,57,24.9,0.0,0.0,0,3,7.0,90,17.385,78.4867
2025-01-16T21:00,23.3,61,24.1,0.0,0.0,0,8,6.9,105,17.385,78.4867
2025-01-16T22:00,22.8,64,23.7,0.0,0.0,0,4,6.9,104,17.385,78.4867
2025-01-16T23:00,22.3,66,23.4,0.0,0.0,0,0,5.8,83,17.385,78.4867
2025-01-17T00:00,21.7,69,22.7,0.0,0.0,0,0,6.3,75,17.385,78.4867
2025-01-17T01:00,21.1,72,22.1,0.0,0.0,0,0,6.5,71,17.385,78.4867
2025-01-17T02:00,20.7,74,21.8,0.0,0.0,0,0,5.9,72,17.385,78.4867
2025-01-17T03:00,20.0,77,20.9,0.0,0.0,0,4,7.2,102,17.385,78.4867
2025-01-17T04:00,19.6,79,20.7,0.0,0.0,0,0,6.3,72,17.385,78.4867
2025-01-17T05:00,18.9,83,19.7,0.0,0.0,0,11,8.4,71,17.385,78.4867
2025-01-17T06:00,18.9,89,20.4,0.0,0.0,1,26,7.1,66,17.385,78.4867
2025-01-17T07:00,19.1,91,20.9,0.0,0.0,1,43,5.9,104,17.385,78.4867
2025-01-17T08:00,20.3,85,22.1,0.0,0.0,1,21,5.9,110,17.385,78.4867
2025-01-17T09:00,22.0,75,23.8,0.0,0.0,0,11,4.9,100,17.385,78.4867
2025-01-17T10:00,23.9,62,25.2,0.0,0.0,0,3,5.6,73,17.385,78.4867
2025-01-17T11:00,25.7,50,27.0,0.0,0.0,0,0,7.7,59,17.385,78.4867
2025-01-17T12:00,27.1,43,28.2,0.0,0.0,0,0,8.7,63,17.385,78.4867
2025-01-17T13:00,28.1,36,28.6,0.0,0.0,0,0,9.1,68,17.385,78.4867
2025-01-17T14:00,28.4,34,28.1,0.0,0.0,0,0,9.9,65,17.385,78.4867
2025-01-17T15:00,28.1,36,27.2,0.0,0.0,0,0,10.4,64,17.385,78.4867
2025-01-17T16:00,27.4,41,26.6,0.0,0.0,1,21,11.1,73,17.385,78.4867
2025-01-17T17:00,26.5,43,25.6,0.0,0.0,1,41,12.0,82,17.385,78.4867
2025-01-17T18:00,25.7,46,25.0,0.0,0.0,2,78,11.0,96,17.385,78.4867
2025-01-17T19:00,24.8,52,24.9,0.0,0.0,2,57,9.0,89,17.385,78.4867
2025-01-17T20:00,23.7,58,24.3,0.0,0.0,1,27,7.3,65,17.385,78.4867
2025-01-17T21:00,22.9,61,23.5,0.0,0.0,0,2,6.9,60,17.385,78.4867
2025-01-17T22:00,22.3,63,23.0,0.0,0.0,0,0,6.5,67,17.385,78.4867
2025-01-17T23:00,21.9,66,22.8,0.0,0.0,0,0,5.4,90,17.385,78.4867
2025-01-18T00:00,21.4,68,22.5,0.0,0.0,0,0,4.7,62,17.385,78.4867
2025-01-18T01:00,20.9,70,22.0,0.0,0.0,0,0,4.7,40,17.385,78.4867
2025-01-18T02:00,20.4,73,21.3,0.0,0.0,0,17,5.6,97,17.385,78.4867
2025-01-18T03:00,19.9,76,20.9,0.0,0.0,0,8,5.7,79,17.385,78.4867
2025-01-18T04:00,19.2,80,20.2,0.0,0.0,2,69,5.9,88,17.385,78.4867
2025-01-18T05:00,18.5,86,19.8,0.0,0.0,3,100,5.7,81,17.385,78.4867
2025-01-18T06:00,18.8,90,20.3,0.0,0.0,3,100,7.2,103,17.385,78.4867
2025-01-18T07:00,19.4,83,20.7,0.0,0.0,3,100,6.8,101,17.385,78.4867
2025-01-18T08:00,20.2,78,21.4,0.0,0.0,3,99,6.1,93,17.385,78.4867
2025-01-18T09:00,21.4,70,22.5,0.0,0.0,3,86,5.8,88,17.385,78.4867
2025-01-18T10:00,23.1,61,24.1,0.0,0.0,1,41,5.8,85,17.385,78.4867
2025-01-18T11:00,24.7,52,26.0,0.0,0.0,1,27,7.0,80,17.385,78.4867
2025-01-18T12:00,25.9,46,27.1,0.0,0.0,0,18,8.5,86,17.385,78.4867
2025-01-18T13:00,26.6,42,27.4,0.0,0.0,0,1,9.5,89,17.385,78.4867
2025-01-18T14:00,26.9,42,27.2,0.0,0.0,0,0,9.7,88,17.385,78.4867
2025-01-18T15:00,26.9,41,26.3,0.0,0.0,0,1,10.1,92,17.385,78.4867
2025-01-18T16:00,26.3,43,25.6,0.0,0.0,0,0,10.5,97,17.385,78.4867
2025-01-18T17:00,25.3,47,24.7,0.0,0.0,0,0,10.9,99,17.385,78.4867
2025-01-18T18:00,24.6,51,24.4,0.0,0.0,0,0,9.0,100,17.385,78.4867
2025-01-18T19:00,23.8,55,24.1,0.0,0.0,0,0,7.8,116,17.385,78.4867
2025-01-18T20:00,23.1,58,23.5,0.0,0.0,0,0,6.8,125,17.385,78.4867
2025-01-18T21:00,22.4,60,23.1,0.0,0.0,0,0,4.9,100,17.385,78.4867
2025-01-18T22:00,21.6,65,22.4,0.0,0.0,0,0,4.8,53,17.385,78.4867
2025-01-18T23:00,21.1,68,22.1,0.0,0.0,0,16,4.0,63,17.385,78.4867
2025-01-19T00:00,20.7,70,22.0,0.0,0.0,0,2,2.5,94,17.385,78.4867
2025-01-19T01:00,20.1,73,21.3,0.0,0.0,0,0,3.6,6,17.385,78.4867
2025-01-19T02:00,19.7,75,20.8,0.0,0.0,0,1,3.8,352,17.385,78.4867
2025-01-19T03:00,19.3,78,20.7,0.0,0.0,0,0,2.4,343,17.385,78.4867
2025-01-19T04:00,19.0,78,20.2,0.0,0.0,2,59,3.5,345,17.385,78.4867
2025-01-19T05:00,19.0,76,19.7,0.0,0.0,3,82,5.0,13,17.385,78.4867
2025-01-19T06:00,19.3,68,19.5,0.0,0.0,0,0,5.5,36,17.385,78.4867
2025-01-19T07:00,19.5,65,19.3,0.0,0.0,0,3,6.4,40,17.385,78.4867
2025-01-19T08:00,20.9,58,21.0,0.0,0.0,0,0,4.0,60,17.385,78.4867
2025-01-19T09:00,23.2,46,22.8,0.0,0.0,0,3,4.9,66,17.385,78.4867
2025-01-19T10:00,25.0,40,24.6,0.0,0.0,2,64,5.6,65,17.385,78.4867
2025-01-19T11:00,26.6,34,26.9,0.0,0.0,2,58,5.4,50,17.385,78.4867
2025-01-19T12:00,28.0,29,28.3,0.0,0.0,0,0,5.6,57,17.385,78.4867
2025-01-19T13:00,28.9,26,29.0,0.0,0.0,1,33,5.6,59,17.385,78.4867
2025-01-19T14:00,29.3,26,28.9,0.0,0.0,3,89,6.5,62,17.385,78.4867
2025-01-19T15:00,29.3,27,27.9,0.0,0.0,3,94,7.4,58,17.385,78.4867
2025-01-19T16:00,28.7,29,27.2,0.0,0.0,3,86,8.4,55,17.385,78.4867
2025-01-19T17:00,27.7,32,26.1,0.0,0.0,3,98,9.7,47,17.385,78.4867
2025-01-19T18:00,27.0,36,26.0,0.0,0.0,1,44,7.8,48,17.385,78.4867
2025-01-19T19:00,25.6,41,24.9,0.0,0.0,1,43,7.9,51,17.385,78.4867
2025-01-19T20:00,24.3,47,23.8,0.0,0.0,3,100,7.3,62,17.385,78.4867
2025-01-19T21:00,23.1,52,22.8,0.0,0.0,3,92,7.4,67,17.385,78.4867
2025-01-19T22:00,22.3,55,22.3,0.0,0.0,3,100,6.5,67,17.385,78.4867
2025-01-19T23:00,21.7,58,21.7,0.0,0.0,3,100,6.1,67,17.385,78.4867
2025-01-20T00:00,21.3,58,21.2,0.0,0.0,3,100,6.6,45,17.385,78.4867
2025-01-20T01:00,20.9,57,20.5,0.0,0.0,3,95,6.9,43,17.385,78.4867
2025-01-20T02:00,20.6,55,19.9,0.0,0.0,2,60,7.2,35,17.385,78.4867
2025-01-20T03:00,20.2,55,19.3,0.0,0.0,1,25,7.5,24,17.385,78.4867
2025-01-20T04:00,19.8,55,19.0,0.0,0.0,1,27,6.3,31,17.385,78.4867
2025-01-20T05:00,19.5,56,18.6,0.0,0.0,0,0,6.5,14,17.385,78.4867
2025-01-20T06:00,19.3,61,19.0,0.0,0.0,0,0,5.0,41,17.385,78.4867
2025-01-20T07:00,19.2,61,18.9,0.0,0.0,0,0,4.8,70,17.385,78.4867
2025-01-20T08:00,20.3,57,20.2,0.0,0.0,0,0,3.9,106,17.385,78.4867
2025-01-20T09:00,22.5,47,21.9,0.0,0.0,0,0,4.9,80,17.385,78.4867
2025-01-20T10:00,24.8,37,23.9,0.0,0.0,0,0,6.8,72,17.385,78.4867
2025-01-20T11:00,26.6,32,26.5,0.0,0.0,0,0,7.2,65,17.385,78.4867
2025-01-20T12:00,28.1,29,28.3,0.0,0.0,0,0,6.8,61,17.385,78.4867
2025-01-20T13:00,29.1,27,29.1,0.0,0.0,0,0,7.1,60,17.385,78.4867
2025-01-20T14:00,29.5,26,28.9,0.0,0.0,0,0,7.7,57,17.385,78.4867
2025-01-20T15:00,29.4,26,27.9,0.0,0.0,0,0,8.5,55,17.385,78.4867
2025-01-20T16:00,28.8,27,26.9,0.0,0.0,0,0,9.5,53,17.385,78.4867
2025-01-20T17:00,27.7,30,25.9,0.0,0.0,0,0,9.7,50,17.385,78.4867
2025-01-20T18:00,26.8,35,25.4,0.0,0.0,2,65,8.7,52,17.385,78.4867
2025-01-20T19:00,25.3,40,24.4,0.0,0.0,2,60,7.7,69,17.385,78.4867
2025-01-20T20:00,24.1,44,23.3,0.0,0.0,0,0,7.2,87,17.385,78.4867
2025-01-20T21:00,23.0,48,22.4,0.0,0.0,0,0,6.7,85,17.385,78.4867
2025-01-20T22:00,22.2,50,21.6,0.0,0.0,0,0,6.3,75,17.385,78.4867
2025-01-20T23:00,21.7,51,21.3,0.0,0.0,0,0,5.6,57,17.385,78.4867
2025-01-21T00:00,21.3,51,20.7,0.0,0.0,0,0,5.5,63,17.385,78.4867
2025-01-21T01:00,20.8,50,20.0,0.0,0.0,0,0,5.6,68,17.385,78.4867
2025-01-21T02:00,20.4,49,19.5,0.0,0.0,0,0,4.8,53,17.385,78.4867
2025-01-21T03:00,19.7,50,18.8,0.0,0.0,0,0,4.1,34,17.385,78.4867
2025-01-21T04:00,19.1,52,18.3,0.0,0.0,0,0,3.5,15,17.385,78.4867
2025-01-21T05:00,18.2,58,17.7,0.0,0.0,0,0,2.8,349,17.385,78.4867
2025-01-21T06:00,18.2,58,17.8,0.0,0.0,0,0,2.5,330,17.385,78.4867
2025-01-21T07:00,18.2,58,17.8,0.0,0.0,0,0,2.6,321,17.385,78.4867
2025-01-21T08:00,20.4,51,20.1,0.0,0.0,0,0,1.7,72,17.385,78.4867
2025-01-21T09:00,23.6,37,22.7,0.0,0.0,0,0,2.7,90,17.385,78.4867
2025-01-21T10:00,25.7,32,24.9,0.0,0.0,0,0,4.2,85,17.385,78.4867
2025-01-21T11:00,27.4,27,27.3,0.0,0.0,0,0,3.8,87,17.385,78.4867
2025-01-21T12:00,28.9,22,29.0,0.0,0.0,0,0,4.2,102,17.385,78.4867
2025-01-21T13:00,30.0,20,29.7,0.0,0.0,0,0,5.1,113,17.385,78.4867
2025-01-21T14:00,30.5,18,29.3,0.0,0.0,0,0,6.8,119,17.385,78.4867
2025-01-21T15:00,30.5,17,28.0,0.0,0.0,2,57,8.3,117,17.385,78.4867
2025-01-21T16:00,29.8,18,26.9,0.0,0.0,0,18,9.0,116,17.385,78.4867
2025-01-21T17:00,28.7,21,25.9,0.0,0.0,1,29,9.6,113,17.385,78.4867
2025-01-21T18:00,27.6,25,25.1,0.0,0.0,2,63,9.3,105,17.385,78.4867
2025-01-21T19:00,26.1,31,24.3,0.0,0.0,3,87,8.6,120,17.385,78.4867
2025-01-21T20:00,24.7,37,23.2,0.0,0.0,2,60,8.7,132,17.385,78.4867
2025-01-21T21:00,23.8,41,22.6,0.0,0.0,1,28,7.1,131,17.385,78.4867
2025-01-21T22:00,22.7,45,22.0,0.0,0.0,1,24,5.2,90,17.385,78.4867
2025-01-21T23:00,21.8,48,21.0,0.0,0.0,0,5,5.8,64,17.385,78.4867
2025-01-22T00:00,21.4,51,20.8,0.0,0.0,0,0,5.5,79,17.385,78.4867
2025-01-22T01:00,21.0,54,20.8,0.0,0.0,0,0,4.0,85,17.385,78.4867
2025-01-22T02:00,20.3,58,20.3,0.0,0.0,0,0,3.3,103,17.385,78.4867
2025-01-22T03:00,19.8,59,19.7,0.0,0.0,0,0,4.0,122,17.385,78.4867
2025-01-22T04:00,19.0,64,19.1,0.0,0.0,0,0,3.4,106,17.385,78.4867
2025-01-22T05:00,18.6,67,18.9,0.0,0.0,0,0,2.8,79,17.385,78.4867
2025-01-22T06:00,18.8,63,18.4,0.0,0.0,0,0,6.6,107,17.385,78.4867
2025-01-22T07:00,18.6,65,18.2,0.0,0.0,0,0,6.9,104,17.385,78.4867
2025-01-22T08:00,20.3,61,20.4,0.0,0.0,0,0,4.4,78,17.385,78.4867
2025-01-22T09:00,23.2,51,23.2,0.0,0.0,0,0,5.1,94,17.385,78.4867
2025-01-22T10:00,25.7,42,25.8,0.0,0.0,0,0,6.3,95,17.385,78.4867
2025-01-22T11:00,27.6,33,27.8,0.0,0.0,0,0,7.0,93,17.385,78.4867
2025-01-22T12:00,29.0,28,29.1,0.0,0.0,0,0,7.9,101,17.385,78.4867
2025-01-22T13:00,29.8,25,29.5,0.0,0.0,0,0,8.5,108,17.385,78.4867
2025-01-22T14:00,30.1,24,29.2,0.0,0.0,0,0,8.4,110,17.385,78.4867
2025-01-22T15:00,29.9,24,28.1,0.0,0.0,0,0,9.3,112,17.385,78.4867
2025-01-22T16:00,29.2,27,27.2,0.0,0.0,0,0,9.9,112,17.385,78.4867
2025-01-22T17:00,28.1,31,26.5,0.0,0.0,0,0,9.7,114,17.385,78.4867
2025-01-22T18:00,26.9,39,26.2,0.0,0.0,0,0,8.2,113,17.385,78.4867
2025-01-22T19:00,25.8,45,25.6,0.0,0.0,0,0,7.7,115,17.385,78.4867
2025-01-22T20:00,24.8,51,24.8,0.0,0.0,0,0,8.0,121,17.385,78.4867
2025-01-22T21:00,23.9,54,24.1,0.0,0.0,0,0,7.9,125,17.385,78.4867
2025-01-22T22:00,23.0,58,23.3,0.0,0.0,0,0,7.4,119,17.385,78.4867
2025-01-22T23:00,22.3,61,22.7,0.0,0.0,0,0,6.6,116,17.385,78.4867
2025-01-23T00:00,21.6,64,22.0,0.0,0.0,0,0,6.9,139,17.385,78.4867
2025-01-23T01:00,20.8,66,21.1,0.0,0.0,0,0,6.7,144,17.385,78.4867
2025-01-23T02:00,20.1,69,20.6,0.0,0.0,0,0,6.4,140,17.385,78.4867
2025-01-23T03:00,19.4,73,19.7,0.0,0.0,0,0,7.5,138,17.385,78.4867
2025-01-23T04:00,18.9,76,19.4,0.0,0.0,0,0,7.0,138,17.385,78.4867
2025-01-23T05:00,18.5,79,19.1,0.0,0.0,0,0,6.9,135,17.385,78.4867
2025-01-23T06:00,18.7,80,19.2,0.0,0.0,0,0,8.4,124,17.385,78.4867
2025-01-23T07:00,18.7,78,19.1,0.0,0.0,0,0,7.7,121,17.385,78.4867
2025-01-23T08:00,19.9,74,20.7,0.0,0.0,0,2,5.8,120,17.385,78.4867
2025-01-23T09:00,21.8,67,22.6,0.0,0.0,0,16,6.9,120,17.385,78.4867
2025-01-23T10:00,23.7,59,24.5,0.0,0.0,1,47,7.7,123,17.385,78.4867
2025-01-23T11:00,25.7,47,27.0,0.0,0.0,0,1,6.4,126,17.385,78.4867
2025-01-23T12:00,27.7,37,29.1,0.0,0.0,0,0,5.2,124,17.385,78.4867
2025-01-23T13:00,29.1,32,30.1,0.0,0.0,0,0,5.6,115,17.385,78.4867
2025-01-23T14:00,29.6,31,30.0,0.0,0.0,0,0,6.6,111,17.385,78.4867
2025-01-23T15:00,29.4,34,29.1,0.0,0.0,0,0,7.9,107,17.385,78.4867
2025-01-23T16:00,28.6,39,28.3,0.0,0.0,0,0,8.7,104,17.385,78.4867
2025-01-23T17:00,27.1,46,27.0,0.0,0.0,0,0,10.4,99,17.385,78.4867
2025-01-23T18:00,25.8,56,26.4,0.0,0.0,0,0,11.6,114,17.385,78.4867
2025-01-23T19:00,24.9,62,25.8,0.0,0.0,0,0,10.6,116,17.385,78.4867
2025-01-23T20:00,24.0,67,25.3,0.0,0.0,0,6,9.2,113,17.385,78.4867
2025-01-23T21:00,23.3,71,24.9,0.0,0.0,3,98,7.7,108,17.385,78.4867
2025-01-23T22:00,22.5,75,24.2,0.0,0.0,3,100,7.4,108,17.385,78.4867
2025-01-23T23:00,22.0,76,23.6,0.0,0.0,3,92,7.4,119,17.385,78.4867
2025-01-24T00:00,21.8,75,23.1,0.0,0.0,0,6,7.8,127,17.385,78.4867
2025-01-24T01:00,21.2,76,22.5,0.0,0.0,0,7,7.2,141,17.385,78.4867
2025-01-24T02:00,20.6,78,22.0,0.0,0.0,0,4,6.3,143,17.385,78.4867
2025-01-24T03:00,20.2,80,21.6,0.0,0.0,0,2,5.6,151,17.385,78.4867
2025-01-24T04:00,19.6,82,20.9,0.0,0.0,0,0,6.0,159,17.385,78.4867
2025-01-24T05:00,19.2,83,20.6,0.0,0.0,0,10,4.7,157,17.385,78.4867
2025-01-24T06:00,19.2,85,20.7,0.0,0.0,0,0,5.2,131,17.385,78.4867
2025-01-24T07:00,19.0,85,20.4,0.0,0.0,0,0,5.7,122,17.385,78.4867
2025-01-24T08:00,20.5,77,22.1,0.0,0.0,0,13,4.3,118,17.385,78.4867
2025-01-24T09:00,22.8,67,24.1,0.0,0.0,2,73,5.5,117,17.385,78.4867
2025-01-24T10:00,25.2,51,26.0,0.0,0.0,3,94,6.5,114,17.385,78.4867
2025-01-24T11:00,27.3,40,28.3,0.0,0.0,3,93,7.3,113,17.385,78.4867
2025-01-24T12:00,29.0,31,29.5,0.0,0.0,1,31,7.6,115,17.385,78.4867
2025-01-24T13:00,30.1,25,30.0,0.0,0.0,1,21,7.8,119,17.385,78.4867
2025-01-24T14:00,30.6,22,29.5,0.0,0.0,0,6,9.0,120,17.385,78.4867
2025-01-24T15:00,30.4,22,28.3,0.0,0.0,0,0,10.1,123,17.385,78.4867
2025-01-24T16:00,29.6,24,27.3,0.0,0.0,0,0,9.9,123,17.385,78.4867
2025-01-24T17:00,28.3,28,26.4,0.0,0.0,0,0,10.1,117,17.385,78.4867
2025-01-24T18:00,27.0,39,26.2,0.0,0.0,0,0,9.2,116,17.385,78.4867
2025-01-24T19:00,25.4,49,25.3,0.0,0.0,0,0,8.7,117,17.385,78.4867
2025-01-24T20:00,24.1,56,24.4,0.0,0.0,0,0,8.2,109,17.385,78.4867
2025-01-24T21:00,23.4,60,23.9,0.0,0.0,0,0,7.7,111,17.385,78.4867
2025-01-24T22:00,22.8,62,23.4,0.0,0.0,0,0,7.8,113,17.385,78.4867
2025-01-24T23:00,22.2,65,23.0,0.0,0.0,0,0,6.8,125,17.385,78.4867
2025-01-25T00:00,21.2,70,22.3,0.0,0.0,0,0,5.0,125,17.385,78.4867
2025-01-25T01:00,20.5,74,21.7,0.0,0.0,0,0,4.7,133,17.385,78.4867
2025-01-25T02:00,19.9,77,21.2,0.0,0.0,0,0,3.7,145,17.385,78.4867
2025-01-25T03:00,19.3,80,20.4,0.0,0.0,0,0,5.0,154,17.385,78.4867
2025-01-25T04:00,18.8,82,19.9,0.0,0.0,0,0,5.4,154,17.385,78.4867
2025-01-25T05:00,18.4,84,19.6,0.0,0.0,0,0,4.6,144,17.385,78.4867
2025-01-25T06:00,18.4,87,19.6,0.0,0.0,0,0,6.2,142,17.385,78.4867
2025-01-25T07:00,18.3,87,19.6,0.0,0.0,0,0,5.7,156,17.385,78.4867
2025-01-25T08:00,20.1,77,21.5,0.0,0.0,0,1,3.6,162,17.385,78.4867
2025-01-25T09:00,22.9,61,23.9,0.0,0.0,0,9,4.4,150,17.385,78.4867
2025-01-25T10:00,25.7,46,26.5,0.0,0.0,3,94,4.5,137,17.385,78.4867
2025-01-25T11:00,28.2,32,28.9,0.0,0.0,3,95,4.9,129,17.385,78.4867
2025-01-25T12:00,30.0,24,30.2,0.0,0.0,3,97,5.7,122,17.385,78.4867
2025-01-25T13:00,31.0,20,30.6,0.0,0.0,3,100,6.2,120,17.385,78.4867
2025-01-25T14:00,31.3,19,30.4,0.0,0.0,3,100,6.5,118,17.385,78.4867
2025-01-25T15:00,31.1,20,29.2,0.0,0.0,3,100,7.2,112,17.385,78.4867
2025-01-25T16:00,30.4,21,28.2,0.0,0.0,3,100,8.3,104,17.385,78.4867
2025-01-25T17:00,29.1,26,27.0,0.0,0.0,3,92,9.8,98,17.385,78.4867
2025-01-25T18:00,27.5,35,26.3,0.0,0.0,0,6,9.7,94,17.385,78.4867
2025-01-25T19:00,26.2,41,25.6,0.0,0.0,0,0,8.2,105,17.385,78.4867
2025-01-25T20:00,25.1,44,24.7,0.0,0.0,0,0,6.6,127,17.385,78.4867
2025-01-25T21:00,24.3,45,24.0,0.0,0.0,0,0,5.6,115,17.385,78.4867
2025-01-25T22:00,23.5,47,23.0,0.0,0.0,0,0,6.7,121,17.385,78.4867
2025-01-25T23:00,22.9,48,22.3,0.0,0.0,0,0,6.6,103,17.385,78.4867
2025-01-26T00:00,22.4,50,21.9,0.0,0.0,0,0,7.0,100,17.385,78.4867
2025-01-26T01:00,21.7,53,21.3,0.0,0.0,0,0,6.2,105,17.385,78.4867
2025-01-26T02:00,21.1,56,20.8,0.0,0.0,0,0,5.8,120,17.385,78.4867
2025-01-26T03:00,20.7,58,20.8,0.0,0.0,0,0,3.3,99,17.385,78.4867
2025-01-26T04:00,20.0,64,20.6,0.0,0.0,0,0,2.8,105,17.385,78.4867
2025-01-26T05:00,19.6,68,20.3,0.0,0.0,0,0,2.1,110,17.385,78.4867
2025-01-26T06:00,19.7,66,20.2,0.0,0.0,0,0,3.2,137,17.385,78.4867
2025-01-26T07:00,20.0,63,20.1,0.0,0.0,0,0,4.8,155,17.385,78.4867
2025-01-26T08:00,22.0,56,22.4,0.0,0.0,0,0,3.1,152,17.385,78.4867
2025-01-26T09:00,25.1,46,25.4,0.0,0.0,0,11,4.0,126,17.385,78.4867
2025-01-26T10:00,27.6,35,27.2,0.0,0.0,1,26,6.8,101,17.385,78.4867
2025-01-26T11:00,28.9,31,28.8,0.0,0.0,1,21,8.8,86,17.385,78.4867
2025-01-26T12:00,29.6,30,30.0,0.0,0.0,3,92,8.8,89,17.385,78.4867
2025-01-26T13:00,30.1,30,30.6,0.0,0.0,3,82,8.7,97,17.385,78.4867
2025-01-26T14:00,30.1,31,30.3,0.0,0.0,2,76,8.9,97,17.385,78.4867
2025-01-26T15:00,29.9,32,29.1,0.0,0.0,3,83,9.4,89,17.385,78.4867
2025-01-26T16:00,29.2,33,28.2,0.0,0.0,2,79,9.5,90,17.385,78.4867
2025-01-26T17:00,28.4,36,27.5,0.0,0.0,0,8,9.5,101,17.385,78.4867
2025-01-26T18:00,27.8,37,26.9,0.0,0.0,0,0,9.3,109,17.385,78.4867
2025-01-26T19:00,27.0,39,26.3,0.0,0.0,0,0,8.3,101,17.385,78.4867
2025-01-26T20:00,25.8,44,25.5,0.0,0.0,0,0,7.7,99,17.385,78.4867
2025-01-26T21:00,24.6,49,24.6,0.0,0.0,0,0,6.0,117,17.385,78.4867
2025-01-26T22:00,23.9,51,24.1,0.0,0.0,0,0,5.0,125,17.385,78.4867
2025-01-26T23:00,23.1,53,23.4,0.0,0.0,0,0,4.8,132,17.385,78.4867
2025-01-27T00:00,22.3,56,22.8,0.0,0.0,0,0,2.8,165,17.385,78.4867
2025-01-27T01:00,21.5,60,22.2,0.0,0.0,1,23,2.4,253,17.385,78.4867
2025-01-27T02:00,20.7,65,21.1,0.0,0.0,3,100,5.0,270,17.385,78.4867
2025-01-27T03:00,19.8,69,20.1,0.0,0.0,3,100,6.5,267,17.385,78.4867
2025-01-27T04:00,19.6,71,20.7,0.0,0.0,3,99,1.3,56,17.385,78.4867
2025-01-27T05:00,19.2,74,19.9,0.0,0.0,3,99,4.9,96,17.385,78.4867
2025-01-27T06:00,19.3,81,21.1,0.0,0.0,2,59,1.5,126,17.385,78.4867
2025-01-27T07:00,19.5,77,21.2,0.0,0.0,0,0,0.4,333,17.385,78.4867
2025-01-27T08:00,21.7,66,23.2,0.0,0.0,0,0,1.2,243,17.385,78.4867
2025-01-27T09:00,24.7,50,25.5,0.0,0.0,0,17,2.4,207,17.385,78.4867
2025-01-27T10:00,27.1,37,27.7,0.0,0.0,1,29,1.5,159,17.385,78.4867
2025-01-27T11:00,28.7,31,29.8,0.0,0.0,2,54,2.1,59,17.385,78.4867
2025-01-27T12:00,29.9,28,31.2,0.0,0.0,3,85,3.2,43,17.385,78.4867
2025-01-27T13:00,30.8,26,31.7,0.0,0.0,3,92,4.6,39,17.385,78.4867
2025-01-27T14:00,31.2,25,31.3,0.0,0.0,1,44,5.7,32,17.385,78.4867
2025-01-27T15:00,31.2,25,30.1,0.0,0.0,0,12,7.4,41,17.385,78.4867
2025-01-27T16:00,30.6,26,29.0,0.0,0.0,0,8,9.2,55,17.385,78.4867
2025-01-27T17:00,29.6,30,28.2,0.0,0.0,2,60,9.9,75,17.385,78.4867
2025-01-27T18:00,28.5,36,27.9,0.0,0.0,0,4,7.8,109,17.385,78.4867
2025-01-27T19:00,27.2,41,27.1,0.0,0.0,0,0,6.6,125,17.385,78.4867
2025-01-27T20:00,26.2,44,26.1,0.0,0.0,0,0,6.5,109,17.385,78.4867
2025-01-27T21:00,24.9,48,24.9,0.0,0.0,0,0,6.7,121,17.385,78.4867
2025-01-27T22:00,24.2,50,24.2,0.0,0.0,0,9,6.2,128,17.385,78.4867
2025-01-27T23:00,23.5,51,23.3,0.0,0.0,0,16,6.8,132,17.385,78.4867
2025-01-28T00:00,23.0,51,22.6,0.0,0.0,0,16,7.4,139,17.385,78.4867
2025-01-28T01:00,22.6,51,22.3,0.0,0.0,1,46,5.8,144,17.385,78.4867
2025-01-28T02:00,22.3,52,22.3,0.0,0.0,3,89,3.4,115,17.385,78.4867
2025-01-28T03:00,21.3,60,22.0,0.0,0.0,3,89,2.1,160,17.385,78.4867
2025-01-28T04:00,20.2,62,20.5,0.0,0.0,1,33,3.6,252,17.385,78.4867
2025-01-28T05:00,19.3,68,19.7,0.0,0.0,0,0,4.3,237,17.385,78.4867
2025-01-28T06:00,19.7,70,20.4,0.0,0.0,0,0,4.0,198,17.385,78.4867
2025-01-28T07:00,19.4,71,20.2,0.0,0.0,0,0,3.5,231,17.385,78.4867
2025-01-28T08:00,21.4,62,22.3,0.0,0.0,0,1,2.8,220,17.385,78.4867
2025-01-28T09:00,24.5,48,24.7,0.0,0.0,0,7,4.0,190,17.385,78.4867
2025-01-28T10:00,26.8,39,27.1,0.0,0.0,2,59,4.1,167,17.385,78.4867
2025-01-28T11:00,28.4,34,29.6,0.0,0.0,2,70,3.3,139,17.385,78.4867
2025-01-28T12:00,29.6,31,31.2,0.0,0.0,2,71,3.3,119,17.385,78.4867
2025-01-28T13:00,30.5,29,31.8,0.0,0.0,3,84,4.2,115,17.385,78.4867
2025-01-28T14:00,31.0,29,31.6,0.0,0.0,3,100,5.8,112,17.385,78.4867
2025-01-28T15:00,31.0,29,30.4,0.0,0.0,3,99,8.2,109,17.385,78.4867
2025-01-28T16:00,30.2,32,29.2,0.0,0.0,3,94,10.0,108,17.385,78.4867
2025-01-28T17:00,29.0,34,27.9,0.0,0.0,0,15,10.9,109,17.385,78.4867
2025-01-28T18:00,28.1,37,27.2,0.0,0.0,0,0,9.9,102,17.385,78.4867
2025-01-28T19:00,26.7,42,26.1,0.0,0.0,0,0,9.6,110,17.385,78.4867
2025-01-28T20:00,25.5,45,25.3,0.0,0.0,0,0,7.5,140,17.385,78.4867
2025-01-28T21:00,24.8,46,24.5,0.0,0.0,0,0,7.1,126,17.385,78.4867
2025-01-28T22:00,24.1,48,23.6,0.0,0.0,0,0,8.3,110,17.385,78.4867
2025-01-28T23:00,23.4,50,22.8,0.0,0.0,0,0,8.5,115,17.385,78.4867
2025-01-29T00:00,22.9,51,22.5,0.0,0.0,0,0,7.8,124,17.385,78.4867
2025-01-29T01:00,22.3,54,22.1,0.0,0.0,0,0,6.0,141,17.385,78.4867
2025-01-29T02:00,21.4,58,21.4,0.0,0.0,0,5,6.0,170,17.385,78.4867
2025-01-29T03:00,20.7,62,21.0,0.0,0.0,0,11,4.9,180,17.385,78.4867
2025-01-29T04:00,20.3,65,20.8,0.0,0.0,0,15,4.0,177,17.385,78.4867
2025-01-29T05:00,19.9,67,20.4,0.0,0.0,1,26,4.2,149,17.385,78.4867
2025-01-29T06:00,19.9,72,20.6,0.0,0.0,3,99,5.3,145,17.385,78.4867
2025-01-29T07:00,19.8,72,20.6,0.0,0.0,3,100,4.9,144,17.385,78.4867
2025-01-29T08:00,21.3,66,22.4,0.0,0.0,3,100,2.6,141,17.385,78.4867
2025-01-29T09:00,23.8,54,24.5,0.0,0.0,3,100,3.7,151,17.385,78.4867
2025-01-29T10:00,26.1,44,26.6,0.0,0.0,3,93,5.0,150,17.385,78.4867
2025-01-29T11:00,27.8,39,29.2,0.0,0.0,2,75,4.5,137,17.385,78.4867
2025-01-29T12:00,29.2,35,30.9,0.0,0.0,1,22,4.3,114,17.385,78.4867
2025-01-29T13:00,30.1,33,31.6,0.0,0.0,0,13,5.4,98,17.385,78.4867
2025-01-29T14:00,30.5,32,31.3,0.0,0.0,0,16,7.4,93,17.385,78.4867
2025-01-29T15:00,30.3,33,30.0,0.0,0.0,1,37,9.4,97,17.385,78.4867
2025-01-29T16:00,29.5,35,28.7,0.0,0.0,1,26,10.5,96,17.385,78.4867
2025-01-29T17:00,28.2,39,27.5,0.0,0.0,0,2,10.9,96,17.385,78.4867
2025-01-29T18:00,27.1,43,26.7,0.0,0.0,0,0,10.3,101,17.385,78.4867
2025-01-29T19:00,26.0,49,26.2,0.0,0.0,0,0,8.2,113,17.385,78.4867
2025-01-29T20:00,25.0,53,25.4,0.0,0.0,0,0,7.9,117,17.385,78.4867
2025-01-29T21:00,24.2,56,24.8,0.0,0.0,0,0,6.6,112,17.385,78.4867
2025-01-29T22:00,23.5,60,24.1,0.0,0.0,0,0,7.3,113,17.385,78.4867
2025-01-29T23:00,22.7,64,23.5,0.0,0.0,0,0,6.9,120,17.385,78.4867
2025-01-30T00:00,22.0,67,22.9,0.0,0.0,0,0,6.3,127,17.385,78.4867
2025-01-30T01:00,21.5,69,22.6,0.0,0.0,0,0,5.2,124,17.385,78.4867
2025-01-30T02:00,21.1,70,21.7,0.0,0.0,0,2,8.0,128,17.385,78.4867
2025-01-30T03:00,20.4,70,20.8,0.0,0.0,0,14,7.4,131,17.385,78.4867
2025-01-30T04:00,19.7,73,20.2,0.0,0.0,1,21,6.6,145,17.385,78.4867
2025-01-30T05:00,19.3,75,19.9,0.0,0.0,3,80,6.3,153,17.385,78.4867
2025-01-30T06:00,19.4,80,20.4,0.0,0.0,2,65,6.7,149,17.385,78.4867
2025-01-30T07:00,19.5,79,20.5,0.0,0.0,2,71,7.0,157,17.385,78.4867
2025-01-30T08:00,21.3,71,22.5,0.0,0.0,0,9,5.4,165,17.385,78.4867
2025-01-30T09:00,24.1,60,24.9,0.0,0.0,1,32,7.5,170,17.385,78.4867
2025-01-30T10:00,26.4,48,27.0,0.0,0.0,2,66,8.6,170,17.385,78.4867
2025-01-30T11:00,28.0,42,29.3,0.0,0.0,2,72,8.0,171,17.385,78.4867
2025-01-30T12:00,29.3,37,31.0,0.0,0.0,3,82,6.6,171,17.385,78.4867
2025-01-30T13:00,30.3,34,32.0,0.0,0.0,3,88,5.7,167,17.385,78.4867
2025-01-30T14:00,30.8,32,31.9,0.0,0.0,3,90,5.9,160,17.385,78.4867
2025-01-30T15:00,31.0,31,31.1,0.0,0.0,2,62,5.7,156,17.385,78.4867
2025-01-30T16:00,30.8,31,30.4,0.0,0.0,0,2,5.8,150,17.385,78.4867
2025-01-30T17:00,30.1,32,29.6,0.0,0.0,0,0,6.3,156,17.385,78.4867
2025-01-30T18:00,28.3,32,27.0,0.0,0.0,0,0,8.9,151,17.385,78.4867
2025-01-30T19:00,26.5,41,25.8,0.0,0.0,0,0,9.2,116,17.385,78.4867
2025-01-30T20:00,25.0,47,24.9,0.0,0.0,0,0,6.8,130,17.385,78.4867
2025-01-30T21:00,24.1,50,24.0,0.0,0.0,0,9,6.6,112,17.385,78.4867
2025-01-30T22:00,23.4,52,23.3,0.0,0.0,0,16,6.5,122,17.385,78.4867
2025-01-30T23:00,22.6,54,22.6,0.0,0.0,2,57,5.7,152,17.385,78.4867
2025-01-31T00:00,22.1,56,22.4,0.0,0.0,3,100,4.2,205,17.385,78.4867
2025-01-31T01:00,21.5,59,21.8,0.0,0.0,0,5,4.6,159,17.385,78.4867
2025-01-31T02:00,21.2,60,21.4,0.0,0.0,0,1,5.2,155,17.385,78.4867
2025-01-31T03:00,20.4,63,20.6,0.0,0.0,2,59,4.7,203,17.385,78.4867
2025-01-31T04:00,19.9,66,20.3,0.0,0.0,1,21,3.9,208,17.385,78.4867
2025-01-31T05:00,19.6,66,20.1,0.0,0.0,0,4,3.2,180,17.385,78.4867
2025-01-31T06:00,19.7,74,20.6,0.0,0.0,0,0,4.5,180,17.385,78.4867
2025-01-31T07:00,19.7,74,20.5,0.0,0.0,0,0,5.4,165,17.385,78.4867
2025-01-31T08:00,21.6,66,22.8,0.0,0.0,0,0,2.5,188,17.385,78.4867
2025-01-31T09:00,25.0,51,25.9,0.0,0.0,0,0,3.3,167,17.385,78.4867
2025-01-31T10:00,28.0,36,28.2,0.0,0.0,0,15,5.0,180,17.385,78.4867
2025-01-31T11:00,29.7,31,30.7,0.0,0.0,2,68,4.4,171,17.385,78.4867
2025-01-31T12:00,31.0,27,32.2,0.0,0.0,1,32,4.1,146,17.385,78.4867
2025-01-31T13:00,32.0,23,32.7,0.0,0.0,0,0,4.8,143,17.385,78.4867
2025-01-31T14:00,32.4,22,32.3,0.0,0.0,0,0,6.3,145,17.385,78.4867
2025-01-31T15:00,32.1,24,31.1,0.0,0.0,0,0,8.2,147,17.385,78.4867
2025-01-31T16:00,31.4,26,30.0,0.0,0.0,1,30,9.6,137,17.385,78.4867
2025-01-31T17:00,30.4,29,29.0,0.0,0.0,2,56,10.6,122,17.385,78.4867
2025-01-31T18:00,29.0,37,28.4,0.0,0.0,1,42,10.7,121,17.385,78.4867
2025-01-31T19:00,27.6,43,27.4,0.0,0.0,1,21,9.9,115,17.385,78.4867
2025-01-31T20:00,26.7,46,26.5,0.0,0.0,2,72,10.4,104,17.385,78.4867
2025-01-31T21:00,25.6,50,25.9,0.0,0.0,2,73,7.9,91,17.385,78.4867
2025-01-31T22:00,24.6,54,25.2,0.0,0.0,2,68,6.3,110,17.385,78.4867
2025-01-31T23:00,23.7,58,24.3,0.0,0.0,3,82,6.5,104,17.385,78.4867
2025-02-01T00:00,23.1,60,23.8,0.0,0.0,3,87,6.5,124,17.385,78.4867
2025-02-01T01:00,22.8,60,23.5,0.0,0.0,0,19,5.6,140,17.385,78.4867
2025-02-01T02:00,22.4,61,23.1,0.0,0.0,0,0,4.7,152,17.385,78.4867
2025-02-01T03:00,21.9,62,22.6,0.0,0.0,0,10,4.4,192,17.385,78.4867
2025-02-01T04:00,21.5,62,22.2,0.0,0.0,1,47,4.2,149,17.385,78.4867
2025-02-01T05:00,21.1,64,21.6,0.0,0.0,1,47,5.2,134,17.385,78.4867
2025-02-01T06:00,21.0,71,22.0,0.0,0.0,0,0,5.8,126,17.385,78.4867
2025-02-01T07:00,21.1,70,21.9,0.0,0.0,0,0,7.0,125,17.385,78.4867
2025-02-01T08:00,22.9,63,24.2,0.0,0.0,0,0,4.3,123,17.385,78.4867
2025-02-01T09:00,25.8,53,26.8,0.0,0.0,0,0,6.0,134,17.385,78.4867
2025-02-01T10:00,28.7,37,28.8,0.0,0.0,0,0,7.5,140,17.385,78.4867
2025-02-01T11:00,30.6,27,30.6,0.0,0.0,0,0,8.1,143,17.385,78.4867
2025-02-01T12:00,31.6,23,31.6,0.0,0.0,0,0,8.0,140,17.385,78.4867
2025-02-01T13:00,32.1,22,32.0,0.0,0.0,0,0,8.1,137,17.385,78.4867
2025-02-01T14:00,32.2,22,31.8,0.0,0.0,0,0,7.8,140,17.385,78.4867
2025-02-01T15:00,32.1,23,31.0,0.0,0.0,0,0,7.9,145,17.385,78.4867
2025-02-01T16:00,31.5,25,29.9,0.0,0.0,0,6,8.7,150,17.385,78.4867
2025-02-01T17:00,30.5,27,28.9,0.0,0.0,0,0,9.5,143,17.385,78.4867
2025-02-01T18:00,29.4,28,27.6,0.0,0.0,0,1,9.7,125,17.385,78.4867
2025-02-01T19:00,27.8,34,26.6,0.0,0.0,0,0,8.7,114,17.385,78.4867
2025-02-01T20:00,26.8,36,25.6,0.0,0.0,0,4,8.9,114,17.385,78.4867
2025-02-01T21:00,26.3,36,25.1,0.0,0.0,1,43,8.5,103,17.385,78.4867
2025-02-01T22:00,25.6,38,24.5,0.0,0.0,3,96,8.1,96,17.385,78.4867
2025-02-01T23:00,24.3,44,23.7,0.0,0.0,3,100,7.0,116,17.385,78.4867
2025-02-02T00:00,23.6,48,23.3,0.0,0.0,3,100,5.7,136,17.385,78.4867
2025-02-02T01:00,23.1,49,22.9,0.0,0.0,1,33,5.1,157,17.385,78.4867
2025-02-02T02:00,22.9,49,22.7,0.0,0.0,3,91,4.9,144,17.385,78.4867
2025-02-02T03:00,22.5,49,22.0,0.0,0.0,3,94,5.6,123,17.385,78.4867
2025-02-02T04:00,21.9,50,21.4,0.0,0.0,2,65,5.1,126,17.385,78.4867
2025-02-02T05:00,21.4,53,21.1,0.0,0.0,1,26,5.0,136,17.385,78.4867
2025-02-02T06:00,21.3,66,22.1,0.0,0.0,3,99,5.5,153,17.385,78.4867
2025-02-02T07:00,21.5,65,22.1,0.0,0.0,3,100,6.4,148,17.385,78.4867
2025-02-02T08:00,23.5,57,24.2,0.0,0.0,3,91,4.5,119,17.385,78.4867
2025-02-02T09:00,26.5,43,26.4,0.0,0.0,3,96,6.7,134,17.385,78.4867
2025-02-02T10:00,28.7,33,28.1,0.0,0.0,3,95,8.3,129,17.385,78.4867
2025-02-02T11:00,30.2,29,30.4,0.0,0.0,1,37,7.0,122,17.385,78.4867
2025-02-02T12:00,31.3,26,32.2,0.0,0.0,0,0,6.0,106,17.385,78.4867
2025-02-02T13:00,32.0,25,32.8,0.0,0.0,0,0,6.4,98,17.385,78.4867
2025-02-02T14:00,32.3,25,32.5,0.0,0.0,0,0,7.5,100,17.385,78.4867
2025-02-02T15:00,32.2,26,31.4,0.0,0.0,1,28,8.7,97,17.385,78.4867
2025-02-02T16:00,31.5,28,30.1,0.0,0.0,0,10,10.1,90,17.385,78.4867
2025-02-02T17:00,30.2,31,29.0,0.0,0.0,0,1,11.0,89,17.385,78.4867
2025-02-02T18:00,29.1,34,28.0,0.0,0.0,0,0,10.5,94,17.385,78.4867
2025-02-02T19:00,28.1,37,27.4,0.0,0.0,0,0,9.2,101,17.385,78.4867
2025-02-02T20:00,26.8,42,26.5,0.0,0.0,0,0,7.9,107,17.385,78.4867
2025-02-02T21:00,25.8,45,25.7,0.0,0.0,0,0,6.7,110,17.385,78.4867
2025-02-02T22:00,25.1,47,25.1,0.0,0.0,0,0,6.0,107,17.385,78.4867
2025-02-02T23:00,24.7,47,24.8,0.0,0.0,0,0,4.7,118,17.385,78.4867
2025-02-03T00:00,24.4,47,24.4,0.0,0.0,0,0,4.7,97,17.385,78.4867
2025-02-03T01:00,23.6,49,23.5,0.0,0.0,0,0,5.0,120,17.385,78.4867
2025-02-03T02:00,22.8,51,22.7,0.0,0.0,0,0,5.4,138,17.385,78.4867
2025-02-03T03:00,22.2,53,22.2,0.0,0.0,0,0,4.8,127,17.385,78.4867
2025-02-03T04:00,21.6,57,22.0,0.0,0.0,0,0,2.7,127,17.385,78.4867
2025-02-03T05:00,20.9,63,21.7,0.0,0.0,0,0,2.2,166,17.385,78.4867
2025-02-03T06:00,20.9,67,22.1,0.0,0.0,0,0,2.4,189,17.385,78.4867
2025-02-03T07:00,20.9,66,21.8,0.0,0.0,0,0,3.6,200,17.385,78.4867
2025-02-03T08:00,23.2,56,24.4,0.0,0.0,0,0,0.6,304,17.385,78.4867
2025-02-03T09:00,26.7,40,26.9,0.0,0.0,0,0,2.5,159,17.385,78.4867
2025-02-03T10:00,29.1,30,28.8,0.0,0.0,0,1,4.9,129,17.385,78.4867
2025-02-03T11:00,30.5,27,30.6,0.0,0.0,0,0,7.8,116,17.385,78.4867
2025-02-03T12:00,31.4,26,31.6,0.0,0.0,0,1,9.3,115,17.385,78.4867
2025-02-03T13:00,31.9,25,32.1,0.0,0.0,1,47,9.7,115,17.385,78.4867
2025-02-03T14:00,32.2,24,31.8,0.0,0.0,1,29,9.6,116,17.385,78.4867
2025-02-03T15:00,31.9,25,30.8,0.0,0.0,0,9,9.9,111,17.385,78.4867
2025-02-03T16:00,31.3,27,29.8,0.0,0.0,0,0,10.8,108,17.385,78.4867
2025-02-03T17:00,30.2,31,29.0,0.0,0.0,0,0,11.2,112,17.385,78.4867
2025-02-03T18:00,29.1,35,28.5,0.0,0.0,0,0,9.0,113,17.385,78.4867
2025-02-03T19:00,28.1,39,27.8,0.0,0.0,0,0,8.1,115,17.385,78.4867
2025-02-03T20:00,27.2,41,26.9,0.0,0.0,0,0,7.8,119,17.385,78.4867
2025-02-03T21:00,26.6,41,26.2,0.0,0.0,0,0,7.8,103,17.385,78.4867
2025-02-03T22:00,25.9,43,25.4,0.0,0.0,0,4,7.5,114,17.385,78.4867
2025-02-03T23:00,24.8,45,24.6,0.0,0.0,0,7,5.6,158,17.385,78.4867
2025-02-04T00:00,23.8,48,23.8,0.0,0.0,1,27,4.5,203,17.385,78.4867
2025-02-04T01:00,22.6,53,22.5,0.0,0.0,0,15,5.7,204,17.385,78.4867
2025-02-04T02:00,21.9,56,21.9,0.0,0.0,0,0,5.6,205,17.385,78.4867
2025-02-04T03:00,21.2,60,21.5,0.0,0.0,0,0,4.8,255,17.385,78.4867
2025-02-04T04:00,20.7,63,21.0,0.0,0.0,1,29,5.1,260,17.385,78.4867
2025-02-04T05:00,20.2,65,20.4,0.0,0.0,2,54,5.5,257,17.385,78.4867
2025-02-04T06:00,20.0,67,20.3,0.0,0.0,2,56,5.9,243,17.385,78.4867
2025-02-04T07:00,20.0,67,20.2,0.0,0.0,3,99,6.7,232,17.385,78.4867
2025-02-04T08:00,22.5,58,23.0,0.0,0.0,3,87,4.8,248,17.385,78.4867
2025-02-04T09:00,26.4,42,26.5,0.0,0.0,2,78,3.7,215,17.385,78.4867
2025-02-04T10:00,29.4,29,29.0,0.0,0.0,3,83,5.3,188,17.385,78.4867
2025-02-04T11:00,31.2,22,31.0,0.0,0.0,3,99,5.5,161,17.385,78.4867
2025-02-04T12:00,32.3,19,32.2,0.0,0.0,3,98,6.0,143,17.385,78.4867
2025-02-04T13:00,32.9,18,32.7,0.0,0.0,3,100,6.8,140,17.385,78.4867
2025-02-04T14:00,33.1,19,32.5,0.0,0.0,3,100,7.5,143,17.385,78.4867
2025-02-04T15:00,32.9,22,31.6,0.0,0.0,3,100,8.5,148,17.385,78.4867
2025-02-04T16:00,32.3,24,30.8,0.0,0.0,3,100,8.7,150,17.385,78.4867
2025-02-04T17:00,31.4,26,29.9,0.0,0.0,3,98,9.7,145,17.385,78.4867
2025-02-04T18:00,30.0,32,28.9,0.0,0.0,3,98,10.2,131,17.385,78.4867
2025-02-04T19:00,28.6,38,28.2,0.0,0.0,3,97,8.9,111,17.385,78.4867
2025-02-04T20:00,27.8,40,27.6,0.0,0.0,3,93,8.3,89,17.385,78.4867
2025-02-04T21:00,26.9,42,26.7,0.0,0.0,3,96,7.6,112,17.385,78.4867
2025-02-04T22:00,26.1,45,26.0,0.0,0.0,3,97,7.9,107,17.385,78.4867
2025-02-04T23:00,25.4,47,25.6,0.0,0.0,3,93,6.0,127,17.385,78.4867
2025-02-05T00:00,24.6,50,24.8,0.0,0.0,2,75,5.9,145,17.385,78.4867
2025-02-05T01:00,24.3,50,24.5,0.0,0.0,2,79,5.7,171,17.385,78.4867
2025-02-05T02:00,23.8,52,23.9,0.0,0.0,3,100,6.0,185,17.385,78.4867
2025-02-05T03:00,23.3,53,23.5,0.0,0.0,3,100,5.4,180,17.385,78.4867
2025-02-05T04:00,22.7,55,23.3,0.0,0.0,3,82,3.2,207,17.385,78.4867
2025-02-05T05:00,22.1,58,22.5,0.0,0.0,1,47,4.5,196,17.385,78.4867
2025-02-05T06:00,22.2,60,22.9,0.0,0.0,3,81,4.0,207,17.385,78.4867
2025-02-05T07:00,22.1,61,22.8,0.0,0.0,1,22,4.0,212,17.385,78.4867
2025-02-05T08:00,24.2,51,24.8,0.0,0.0,0,4,3.5,219,17.385,78.4867
2025-02-05T09:00,27.5,39,27.6,0.0,0.0,0,12,4.1,209,17.385,78.4867
2025-02-05T10:00,30.0,30,29.5,0.0,0.0,1,38,6.9,187,17.385,78.4867
2025-02-05T11:00,31.5,24,31.5,0.0,0.0,1,29,6.5,174,17.385,78.4867
2025-02-05T12:00,32.4,22,32.9,0.0,0.0,0,9,5.8,166,17.385,78.4867
2025-02-05T13:00,33.1,21,33.4,0.0,0.0,0,7,5.9,160,17.385,78.4867
2025-02-05T14:00,33.4,20,33.0,0.0,0.0,0,18,7.3,160,17.385,78.4867
2025-02-05T15:00,33.2,21,31.8,0.0,0.0,0,1,8.7,158,17.385,78.4867
2025-02-05T16:00,32.6,22,30.7,0.0,0.0,0,3,9.4,151,17.385,78.4867
2025-02-05T17:00,31.7,24,29.6,0.0,0.0,1,20,10.9,135,17.385,78.4867
2025-02-05T18:00,30.4,27,28.5,0.0,0.0,0,3,12.4,114,17.385,78.4867
2025-02-05T19:00,29.1,31,27.7,0.0,0.0,0,0,9.6,111,17.385,78.4867
2025-02-05T20:00,28.4,32,27.1,0.0,0.0,0,0,8.7,98,17.385,78.4867
2025-02-05T21:00,27.7,34,26.6,0.0,0.0,0,0,7.6,93,17.385,78.4867
2025-02-05T22:00,26.5,38,25.7,0.0,0.0,0,0,7.3,97,17.385,78.4867
2025-02-05T23:00,25.7,41,25.1,0.0,0.0,0,0,6.9,96,17.385,78.4867
2025-02-06T00:00,24.7,43,24.1,0.0,0.0,0,0,6.6,139,17.385,78.4867
2025-02-06T01:00,24.4,43,24.4,0.0,0.0,0,0,2.0,135,17.385,78.4867
2025-02-06T02:00,23.7,45,23.5,0.0,0.0,0,0,3.1,111,17.385,78.4867
2025-02-06T03:00,22.9,49,22.8,0.0,0.0,0,0,4.0,108,17.385,78.4867
2025-02-06T04:00,22.5,51,22.6,0.0,0.0,0,0,3.2,124,17.385,78.4867
2025-02-06T05:00,21.8,55,22.0,0.0,0.0,0,0,3.7,194,17.385,78.4867
2025-02-06T06:00,21.7,60,22.4,0.0,0.0,0,0,3.2,196,17.385,78.4867
2025-02-06T07:00,21.6,63,22.2,0.0,0.0,0,0,4.7,198,17.385,78.4867
2025-02-06T08:00,23.8,54,24.8,0.0,0.0,0,0,2.4,189,17.385,78.4867
2025-02-06T09:00,26.8,39,26.7,0.0,0.0,0,0,4.5,164,17.385,78.4867
2025-02-06T10:00,29.3,31,28.8,0.0,0.0,0,0,7.5,160,17.385,78.4867
2025-02-06T11:00,30.8,27,31.0,0.0,0.0,0,0,6.8,145,17.385,78.4867
2025-02-06T12:00,31.9,24,32.3,0.0,0.0,0,0,7.4,133,17.385,78.4867
2025-02-06T13:00,32.4,24,32.5,0.0,0.0,0,0,9.1,124,17.385,78.4867
2025-02-06T14:00,32.4,24,31.7,0.0,0.0,0,0,11.0,116,17.385,78.4867
2025-02-06T15:00,31.9,25,30.4,0.0,0.0,0,0,12.0,111,17.385,78.4867
2025-02-06T16:00,31.2,26,29.2,0.0,0.0,0,0,12.7,108,17.385,78.4867
2025-02-06T17:00,30.1,30,28.6,0.0,0.0,0,0,11.8,107,17.385,78.4867
2025-02-06T18:00,28.9,36,28.1,0.0,0.0,0,0,10.2,100,17.385,78.4867
2025-02-06T19:00,28.3,39,27.9,0.0,0.0,0,0,8.8,92,17.385,78.4867
2025-02-06T20:00,27.6,41,27.4,0.0,0.0,0,0,8.5,83,17.385,78.4867
2025-02-06T21:00,26.5,45,26.5,0.0,0.0,0,0,8.3,68,17.385,78.4867
2025-02-06T22:00,25.8,47,25.9,0.0,0.0,0,0,7.0,77,17.385,78.4867
2025-02-06T23:00,25.2,48,25.6,0.0,0.0,0,0,5.4,132,17.385,78.4867
2025-02-07T00:00,24.7,50,25.4,0.0,0.0,0,0,2.8,125,17.385,78.4867
2025-02-07T01:00,23.8,54,24.4,0.0,0.0,0,0,4.7,164,17.385,78.4867
2025-02-07T02:00,23.2,57,23.7,0.0,0.0,0,0,5.5,144,17.385,78.4867
2025-02-07T03:00,22.5,59,22.9,0.0,0.0,0,0,6.2,134,17.385,78.4867
2025-02-07T04:00,22.2,61,22.9,0.0,0.0,0,0,4.6,135,17.385,78.4867
2025-02-07T05:00,21.9,65,23.3,0.0,0.0,0,0,2.2,175,17.385,78.4867
2025-02-07T06:00,22.2,66,23.6,0.0,0.0,0,0,3.1,130,17.385,78.4867
2025-02-07T07:00,22.1,67,23.4,0.0,0.0,0,0,4.8,59,17.385,78.4867
2025-02-07T08:00,24.1,58,25.5,0.0,0.0,0,0,2.5,69,17.385,78.4867
2025-02-07T09:00,26.6,47,27.5,0.0,0.0,0,0,3.2,90,17.385,78.4867
2025-02-07T10:00,28.4,40,29.4,0.0,0.0,0,0,4.4,117,17.385,78.4867
2025-02-07T11:00,29.8,37,31.3,0.0,0.0,0,0,5.6,117,17.385,78.4867
2025-02-07T12:00,30.9,33,32.6,0.0,0.0,0,0,6.5,118,17.385,78.4867
2025-02-07T13:00,31.7,31,33.1,0.0,0.0,0,8,7.0,119,17.385,78.4867
2025-02-07T14:00,32.1,29,32.2,0.0,0.0,2,55,8.0,118,17.385,78.4867
2025-02-07T15:00,31.8,29,31.0,0.0,0.0,3,100,8.1,114,17.385,78.4867
2025-02-07T16:00,31.1,30,30.4,0.0,0.0,3,98,8.6,91,17.385,78.4867
2025-02-07T17:00,30.3,32,29.2,0.0,0.0,3,100,10.7,81,17.385,78.4867
2025-02-07T18:00,29.6,34,28.8,0.0,0.0,0,14,9.9,95,17.385,78.4867
2025-02-07T19:00,28.7,39,28.4,0.0,0.0,0,2,9.5,100,17.385,78.4867
2025-02-07T20:00,27.6,45,27.8,0.0,0.0,0,0,8.7,104,17.385,78.4867
2025-02-07T21:00,27.0,47,27.4,0.0,0.0,0,0,7.3,79,17.385,78.4867
2025-02-07T22:00,26.3,49,26.8,0.0,0.0,0,0,7.7,90,17.385,78.4867
2025-02-07T23:00,25.7,51,26.3,0.0,0.0,0,0,6.0,99,17.385,78.4867
2025-02-08T00:00,25.0,52,26.0,0.0,0.0,0,0,3.4,122,17.385,78.4867
2025-02-08T01:00,24.0,56,25.0,0.0,0.0,0,1,3.6,180,17.385,78.4867
2025-02-08T02:00,23.4,59,24.6,0.0,0.0,0,6,2.9,173,17.385,78.4867
2025-02-08T03:00,23.0,59,23.8,0.0,0.0,0,2,4.8,149,17.385,78.4867
2025-02-08T04:00,22.5,61,23.5,0.0,0.0,1,27,3.5,165,17.385,78.4867
2025-02-08T05:00,22.2,65,23.7,0.0,0.0,0,0,0.9,281,17.385,78.4867
2025-02-08T06:00,22.5,66,24.1,0.0,0.0,0,0,1.8,79,17.385,78.4867
2025-02-08T07:00,22.5,65,24.1,0.0,0.0,0,0,2.2,360,17.385,78.4867
2025-02-08T08:00,24.4,57,25.9,0.0,0.0,0,0,1.6,27,17.385,78.4867
2025-02-08T09:00,27.0,44,27.8,0.0,0.0,0,0,3.1,111,17.385,78.4867
2025-02-08T10:00,28.9,37,29.2,0.0,0.0,0,0,6.8,115,17.385,78.4867
2025-02-08T11:00,30.1,33,31.2,0.0,0.0,0,0,6.7,109,17.385,78.4867
2025-02-08T12:00,31.2,30,32.6,0.0,0.0,0,0,6.4,100,17.385,78.4867
2025-02-08T13:00,31.8,28,33.0,0.0,0.0,0,6,6.9,96,17.385,78.4867
2025-02-08T14:00,32.3,28,32.8,0.0,0.0,1,22,8.1,86,17.385,78.4867
2025-02-08T15:00,32.3,27,31.5,0.0,0.0,2,77,9.3,74,17.385,78.4867
2025-02-08T16:00,31.7,28,30.4,0.0,0.0,2,52,10.8,69,17.385,78.4867
2025-02-08T17:00,31.0,31,29.9,0.0,0.0,0,10,11.2,75,17.385,78.4867
2025-02-08T18:00,29.9,33,29.0,0.0,0.0,0,3,10.2,82,17.385,78.4867
2025-02-08T19:00,28.8,38,28.6,0.0,0.0,0,1,7.4,87,17.385,78.4867
2025-02-08T20:00,27.8,40,27.7,0.0,0.0,0,0,7.3,80,17.385,78.4867
2025-02-08T21:00,26.8,45,27.0,0.0,0.0,0,0,6.7,92,17.385,78.4867
2025-02-08T22:00,26.0,48,26.6,0.0,0.0,0,0,4.9,96,17.385,78.4867
2025-02-08T23:00,25.4,49,25.6,0.0,0.0,0,0,7.6,98,17.385,78.4867
2025-02-09T00:00,25.2,47,25.0,0.0,0.0,0,0,8.7,73,17.385,78.4867
2025-02-09T01:00,25.0,45,24.4,0.0,0.0,0,0,8.7,60,17.385,78.4867
2025-02-09T02:00,24.9,43,24.1,0.0,0.0,0,0,7.9,70,17.385,78.4867
2025-02-09T03:00,24.4,43,23.6,0.0,0.0,0,0,7.6,93,17.385,78.4867
2025-02-09T04:00,23.0,49,22.7,0.0,0.0,0,0,5.8,88,17.385,78.4867
2025-02-09T05:00,22.1,55,22.2,0.0,0.0,0,0,4.6,77,17.385,78.4867
2025-02-09T06:00,22.1,60,22.5,0.0,0.0,0,0,5.7,77,17.385,78.4867
2025-02-09T07:00,22.2,61,22.9,0.0,0.0,0,0,4.6,69,17.385,78.4867
2025-02-09T08:00,23.9,55,24.8,0.0,0.0,0,0,3.2,93,17.385,78.4867
2025-02-09T09:00,26.5,45,26.9,0.0,0.0,0,0,5.1,98,17.385,78.4867
2025-02-09T10:00,28.6,36,28.5,0.0,0.0,0,0,8.0,96,17.385,78.4867
2025-02-09T11:00,30.0,31,30.3,0.0,0.0,0,0,9.2,96,17.385,78.4867
2025-02-09T12:00,30.9,29,31.6,0.0,0.0,0,0,9.4,92,17.385,78.4867
2025-02-09T13:00,31.4,28,32.0,0.0,0.0,0,0,9.6,86,17.385,78.4867
2025-02-09T14:00,31.6,28,31.8,0.0,0.0,0,0,9.6,84,17.385,78.4867
2025-02-09T15:00,31.4,30,31.0,0.0,0.0,0,0,9.7,79,17.385,78.4867
2025-02-09T16:00,30.9,32,30.1,0.0,0.0,0,0,9.4,85,17.385,78.4867
2025-02-09T17:00,30.0,35,29.4,0.0,0.0,0,0,10.3,92,17.385,78.4867
2025-02-09T18:00,29.0,37,28.5,0.0,0.0,0,0,9.4,95,17.385,78.4867
2025-02-09T19:00,28.4,40,28.1,0.0,0.0,0,0,9.2,96,17.385,78.4867
2025-02-09T20:00,27.7,43,27.7,0.0,0.0,0,0,7.8,99,17.385,78.4867
2025-02-09T21:00,26.8,45,27.1,0.0,0.0,0,0,6.6,101,17.385,78.4867
2025-02-09T22:00,26.1,47,26.4,0.0,0.0,0,0,6.4,108,17.385,78.4867
2025-02-09T23:00,25.6,49,26.0,0.0,0.0,0,0,6.1,88,17.385,78.4867
2025-02-10T00:00,25.1,51,25.6,0.0,0.0,0,0,5.8,64,17.385,78.4867
2025-02-10T01:00,24.2,55,24.9,0.0,0.0,0,0,5.3,80,17.385,78.4867
2025-02-10T02:00,23.2,59,23.5,0.0,0.0,0,0,8.0,118,17.385,78.4867
2025-02-10T03:00,22.5,63,23.2,0.0,0.0,0,0,6.9,120,17.385,78.4867
2025-02-10T04:00,22.0,67,22.9,0.0,0.0,0,0,6.9,131,17.385,78.4867
2025-02-10T05:00,21.4,72,22.6,0.0,0.0,0,0,6.4,133,17.385,78.4867
2025-02-10T06:00,21.6,77,23.3,0.0,0.0,0,0,5.7,143,17.385,78.4867
2025-02-10T07:00,21.4,78,23.5,0.0,0.0,0,0,3.8,149,17.385,78.4867
2025-02-10T08:00,23.0,71,25.2,0.0,0.0,0,0,3.1,144,17.385,78.4867
2025-02-10T09:00,25.8,59,27.6,0.0,0.0,0,0,4.5,146,17.385,78.4867
2025-02-10T10:00,28.1,45,29.5,0.0,0.0,0,0,5.7,148,17.385,78.4867
2025-02-10T11:00,29.7,36,31.3,0.0,0.0,0,0,5.6,147,17.385,78.4867
2025-02-10T12:00,31.0,31,32.7,0.0,0.0,0,0,5.0,139,17.385,78.4867
2025-02-10T13:00,31.8,28,33.2,0.0,0.0,0,0,5.4,127,17.385,78.4867
2025-02-10T14:00,32.1,27,32.8,0.0,0.0,0,3,6.7,121,17.385,78.4867
2025-02-10T15:00,32.3,27,31.8,0.0,0.0,1,21,8.5,114,17.385,78.4867
2025-02-10T16:00,31.8,28,30.6,0.0,0.0,2,50,10.2,107,17.385,78.4867
2025-02-10T17:00,30.6,31,29.3,0.0,0.0,0,14,12.2,103,17.385,78.4867
2025-02-10T18:00,29.2,35,28.3,0.0,0.0,0,8,10.4,99,17.385,78.4867
2025-02-10T19:00,28.2,39,27.8,0.0,0.0,0,0,9.4,110,17.385,78.4867
2025-02-10T20:00,27.3,43,27.1,0.0,0.0,0,0,8.6,116,17.385,78.4867
2025-02-10T21:00,26.6,44,26.6,0.0,0.0,0,0,7.5,123,17.385,78.4867
2025-02-10T22:00,26.2,44,26.0,0.0,0.0,0,0,7.7,111,17.385,78.4867
2025-02-10T23:00,25.7,45,25.5,0.0,0.0,0,0,7.4,104,17.385,78.4867
2025-02-11T00:00,24.9,49,25.0,0.0,0.0,0,0,6.7,87,17.385,78.4867
2025-02-11T01:00,24.2,52,24.7,0.0,0.0,0,0,4.8,143,17.385,78.4867
2025-02-11T02:00,23.3,55,24.0,0.0,0.0,0,0,3.8,131,17.385,78.4867
2025-02-11T03:00,22.7,58,23.2,0.0,0.0,0,0,5.0,150,17.385,78.4867
2025-02-11T04:00,22.2,60,22.8,0.0,0.0,0,0,4.5,178,17.385,78.4867
2025-02-11T05:00,21.5,63,22.2,0.0,0.0,0,0,4.4,192,17.385,78.4867
2025-02-11T06:00,21.5,73,23.0,0.0,0.0,0,0,4.7,208,17.385,78.4867
2025-02-11T07:00,21.6,74,23.2,0.0,0.0,0,0,4.9,208,17.385,78.4867
2025-02-11T08:00,23.9,63,25.6,0.0,0.0,0,0,3.0,194,17.385,78.4867
2025-02-11T09:00,26.9,47,27.8,0.0,0.0,0,0,4.5,182,17.385,78.4867
2025-02-11T10:00,29.3,36,30.0,0.0,0.0,0,0,4.4,159,17.385,78.4867
2025-02-11T11:00,30.9,31,32.3,0.0,0.0,0,0,4.0,122,17.385,78.4867
2025-02-11T12:00,32.1,28,33.8,0.0,0.0,0,0,4.4,83,17.385,78.4867
2025-02-11T13:00,32.9,26,34.2,0.0,0.0,0,0,5.8,86,17.385,78.4867
2025-02-11T14:00,33.3,26,34.0,0.0,0.0,0,7,7.2,94,17.385,78.4867
2025-02-11T15:00,33.7,24,33.1,0.0,0.0,1,36,7.6,95,17.385,78.4867
2025-02-11T16:00,33.2,24,31.8,0.0,0.0,3,100,9.0,89,17.385,78.4867
2025-02-11T17:00,31.3,33,30.5,0.0,0.0,0,10,11.5,101,17.385,78.4867
2025-02-11T18:00,29.6,35,28.6,0.0,0.0,0,1,12.0,102,17.385,78.4867
2025-02-11T19:00,28.8,38,28.5,0.0,0.0,0,0,8.9,118,17.385,78.4867
2025-02-11T20:00,27.7,42,27.5,0.0,0.0,0,0,8.7,130,17.385,78.4867
2025-02-11T21:00,27.0,42,27.0,0.0,0.0,0,0,6.5,148,17.385,78.4867
2025-02-11T22:00,26.5,43,26.4,0.0,0.0,0,0,6.6,133,17.385,78.4867
2025-02-11T23:00,26.1,43,25.7,0.0,0.0,0,0,7.9,110,17.385,78.4867
2025-02-12T00:00,25.4,45,25.1,0.0,0.0,0,0,7.1,114,17.385,78.4867
2025-02-12T01:00,24.8,47,24.7,0.0,0.0,0,0,5.7,145,17.385,78.4867
2025-02-12T02:00,23.7,51,23.6,0.0,0.0,0,1,6.7,207,17.385,78.4867
2025-02-12T03:00,23.1,52,23.1,0.0,0.0,0,0,6.2,195,17.385,78.4867
2025-02-12T04:00,22.7,54,22.7,0.0,0.0,0,7,5.3,213,17.385,78.4867
2025-02-12T05:00,22.2,55,22.1,0.0,0.0,1,44,7.0,222,17.385,78.4867
2025-02-12T06:00,22.1,62,22.7,0.0,0.0,0,1,5.9,230,17.385,78.4867
2025-02-12T07:00,22.0,64,22.7,0.0,0.0,0,0,6.0,241,17.385,78.4867
2025-02-12T08:00,24.0,56,25.1,0.0,0.0,0,0,3.2,251,17.385,78.4867
2025-02-12T09:00,27.5,42,28.2,0.0,0.0,0,0,3.0,232,17.385,78.4867
2025-02-12T10:00,30.1,32,30.7,0.0,0.0,0,0,3.4,223,17.385,78.4867
2025-02-12T11:00,31.6,29,33.0,0.0,0.0,0,0,4.0,267,17.385,78.4867
2025-02-12T12:00,32.6,28,34.5,0.0,0.0,0,0,4.4,279,17.385,78.4867
2025-02-12T13:00,33.4,27,35.2,0.0,0.0,0,0,4.9,278,17.385,78.4867
2025-02-12T14:00,34.1,26,35.2,0.0,0.0,0,6,5.7,288,17.385,78.4867
2025-02-12T15:00,34.4,24,33.8,0.0,0.0,1,30,7.8,308,17.385,78.4867
2025-02-12T16:00,33.7,25,32.3,0.0,0.0,1,35,10.9,322,17.385,78.4867
2025-02-12T17:00,32.6,26,31.5,0.0,0.0,0,9,8.0,344,17.385,78.4867
2025-02-12T18:00,31.5,27,30.9,0.0,0.0,0,7,4.2,43,17.385,78.4867
2025-02-12T19:00,30.3,36,29.8,0.0,0.0,0,1,10.5,109,17.385,78.4867
2025-02-12T20:00,28.8,41,29.0,0.0,0.0,0,0,7.5,123,17.385,78.4867
2025-02-12T21:00,27.8,43,28.3,0.0,0.0,0,0,6.2,102,17.385,78.4867
2025-02-12T22:00,27.4,43,27.6,0.0,0.0,0,0,6.8,140,17.385,78.4867
2025-02-12T23:00,26.8,44,27.4,0.0,0.0,0,0,3.5,165,17.385,78.4867
2025-02-13T00:00,26.0,46,26.5,0.0,0.0,0,0,4.0,126,17.385,78.4867
2025-02-13T01:00,25.4,47,25.8,0.0,0.0,0,0,4.1,151,17.385,78.4867
2025-02-13T02:00,24.8,47,25.0,0.0,0.0,0,0,4.6,171,17.385,78.4867
2025-02-13T03:00,24.2,49,24.5,0.0,0.0,0,0,3.7,194,17.385,78.4867
2025-02-13T04:00,23.2,54,23.8,0.0,0.0,1,25,3.2,297,17.385,78.4867
2025-02-13T05:00,22.4,59,22.9,0.0,0.0,1,27,5.3,252,17.385,78.4867
2025-02-13T06:00,21.5,69,22.4,0.0,0.0,0,0,6.3,285,17.385,78.4867
2025-02-13T07:00,21.5,69,22.5,0.0,0.0,0,0,5.9,272,17.385,78.4867
2025-02-13T08:00,23.4,61,24.5,0.0,0.0,0,0,4.8,299,17.385,78.4867
2025-02-13T09:00,26.4,50,27.6,0.0,0.0,0,0,3.5,309,17.385,78.4867
2025-02-13T10:00,29.1,39,30.5,0.0,0.0,0,0,2.9,349,17.385,78.4867
2025-02-13T11:00,30.9,32,32.9,0.0,0.0,0,0,2.4,351,17.385,78.4867
2025-02-13T12:00,32.2,26,33.9,0.0,0.0,0,0,3.3,338,17.385,78.4867
2025-02-13T13:00,33.1,22,34.0,0.0,0.0,0,0,5.6,331,17.385,78.4867
2025-02-13T14:00,33.6,20,33.2,0.0,0.0,0,0,8.0,326,17.385,78.4867
2025-02-13T15:00,33.4,19,31.7,0.0,0.0,0,0,9.8,320,17.385,78.4867
2025-02-13T16:00,32.7,20,30.5,0.0,0.0,0,0,9.6,317,17.385,78.4867
2025-02-13T17:00,31.9,21,29.8,0.0,0.0,0,0,8.9,324,17.385,78.4867
2025-02-13T18:00,30.7,24,29.2,0.0,0.0,0,0,6.0,307,17.385,78.4867
2025-02-13T19:00,29.8,27,28.7,0.0,0.0,0,0,4.7,337,17.385,78.4867
2025-02-13T20:00,29.1,29,28.2,0.0,0.0,0,0,4.8,31,17.385,78.4867
2025-02-13T21:00,27.8,34,26.9,0.0,0.0,0,0,6.1,78,17.385,78.4867
2025-02-13T22:00,26.7,38,26.2,0.0,0.0,0,0,5.9,78,17.385,78.4867
2025-02-13T23:00,26.1,40,26.1,0.0,0.0,0,0,2.9,86,17.385,78.4867
2025-02-14T00:00,25.2,43,25.2,0.0,0.0,0,0,3.1,126,17.385,78.4867
2025-02-14T01:00,24.6,45,24.9,0.0,0.0,0,0,2.1,121,17.385,78.4867
2025-02-14T02:00,23.9,49,24.0,0.0,0.0,0,0,3.8,45,17.385,78.4867
2025-02-14T03:00,23.3,51,23.5,0.0,0.0,0,0,3.6,41,17.385,78.4867
2025-02-14T04:00,22.6,54,22.7,0.0,0.0,0,0,4.7,118,17.385,78.4867
2025-02-14T05:00,22.5,54,22.6,0.0,0.0,0,0,4.6,18,17.385,78.4867
2025-02-14T06:00,22.4,58,22.6,0.0,0.0,0,0,6.4,18,17.385,78.4867
2025-02-14T07:00,22.4,55,22.7,0.0,0.0,0,0,4.8,11,17.385,78.4867
2025-02-14T08:00,24.4,46,24.5,0.0,0.0,0,0,2.5,45,17.385,78.4867
2025-02-14T09:00,27.0,34,26.1,0.0,0.0,0,0,5.3,82,17.385,78.4867
2025-02-14T10:00,28.6,30,28.1,0.0,0.0,0,0,6.2,83,17.385,78.4867
2025-02-14T11:00,29.9,26,30.4,0.0,0.0,0,0,4.5,85,17.385,78.4867
2025-02-14T12:00,31.0,24,32.1,0.0,0.0,0,0,3.4,93,17.385,78.4867
2025-02-14T13:00,31.9,22,33.1,0.0,0.0,0,0,2.5,90,17.385,78.4867
2025-02-14T14:00,32.6,21,33.3,0.0,0.0,0,0,1.8,66,17.385,78.4867
2025-02-14T15:00,32.8,20,32.3,0.0,0.0,0,0,2.5,356,17.385,78.4867
2025-02-14T16:00,32.4,20,30.9,0.0,0.0,0,0,4.5,353,17.385,78.4867
2025-02-14T17:00,31.4,21,29.8,0.0,0.0,0,0,5.4,8,17.385,78.4867
2025-02-14T18:00,29.7,25,28.4,0.0,0.0,0,0,4.3,57,17.385,78.4867
2025-02-14T19:00,28.7,29,27.5,0.0,0.0,0,0,6.0,65,17.385,78.4867
2025-02-14T20:00,27.5,33,26.6,0.0,0.0,0,0,5.8,70,17.385,78.4867
2025-02-14T21:00,26.3,37,25.7,0.0,0.0,0,0,4.8,70,17.385,78.4867
2025-02-14T22:00,25.6,39,25.2,0.0,0.0,0,0,3.6,123,17.385,78.4867
2025-02-14T23:00,24.8,42,24.8,0.0,0.0,0,0,2.3,209,17.385,78.4867
2025-02-15T00:00,24.4,43,24.5,0.0,0.0,0,0,1.4,50,17.385,78.4867
2025-02-15T01:00,23.6,48,23.9,0.0,0.0,0,0,1.7,347,17.385,78.4867
2025-02-15T02:00,22.7,55,23.5,0.0,0.0,0,0,1.3,278,17.385,78.4867
2025-02-15T03:00,21.8,62,22.7,0.0,0.0,0,0,2.6,309,17.385,78.4867
2025-02-15T04:00,21.1,65,22.1,0.0,0.0,0,0,3.1,310,17.385,78.4867
2025-02-15T05:00,20.6,68,21.5,0.0,0.0,0,0,3.8,315,17.385,78.4867
2025-02-15T06:00,20.9,66,21.8,0.0,0.0,0,0,3.1,329,17.385,78.4867
2025-02-15T07:00,21.2,64,22.1,0.0,0.0,0,0,2.7,318,17.385,78.4867
2025-02-15T08:00,24.1,48,24.8,0.0,0.0,0,0,0.2,180,17.385,78.4867
2025-02-15T09:00,27.3,30,26.4,0.0,0.0,0,0,3.1,40,17.385,78.4867
2025-02-15T10:00,29.8,19,28.0,0.0,0.0,0,0,6.6,29,17.385,78.4867
2025-02-15T11:00,31.2,16,30.1,0.0,0.0,0,0,7.1,16,17.385,78.4867
2025-02-15T12:00,32.2,15,31.3,0.0,0.0,0,0,8.3,14,17.385,78.4867
2025-02-15T13:00,32.7,15,31.7,0.0,0.0,0,0,9.4,13,17.385,78.4867
2025-02-15T14:00,32.9,15,31.3,0.0,0.0,0,0,10.4,14,17.385,78.4867
2025-02-15T15:00,32.7,16,30.2,0.0,0.0,0,0,10.9,16,17.385,78.4867
2025-02-15T16:00,32.2,16,29.0,0.0,0.0,0,0,10.1,27,17.385,78.4867
2025-02-15T17:00,31.4,17,28.3,0.0,0.0,0,0,10.1,40,17.385,78.4867
2025-02-15T18:00,30.3,19,27.6,0.0,0.0,0,0,8.8,43,17.385,78.4867
2025-02-15T19:00,29.2,22,27.1,0.0,0.0,0,0,5.9,52,17.385,78.4867
2025-02-15T20:00,28.2,25,26.5,0.0,0.0,0,0,4.7,74,17.385,78.4867
2025-02-15T21:00,27.0,29,25.5,0.0,0.0,0,0,5.2,84,17.385,78.4867
2025-02-15T22:00,26.1,31,24.9,0.0,0.0,0,0,4.1,105,17.385,78.4867
2025-02-15T23:00,25.1,34,24.0,0.0,0.0,0,0,4.5,113,17.385,78.4867
2025-02-16T00:00,24.7,35,23.6,0.0,0.0,0,0,4.2,85,17.385,78.4867
2025-02-16T01:00,24.0,38,23.3,0.0,0.0,0,0,2.7,82,17.385,78.4867
2025-02-16T02:00,23.0,48,23.2,0.0,0.0,0,0,1.8,143,17.385,78.4867
2025-02-16T03:00,22.3,49,22.4,0.0,0.0,0,0,0.7,270,17.385,78.4867
2025-02-16T04:00,21.6,52,21.8,0.0,0.0,0,0,1.7,302,17.385,78.4867
2025-02-16T05:00,20.9,59,21.5,0.0,0.0,0,0,1.3,278,17.385,78.4867
2025-02-16T06:00,20.4,65,21.3,0.0,0.0,0,0,1.3,286,17.385,78.4867
2025-02-16T07:00,20.5,69,21.9,0.0,0.0,0,0,0.5,135,17.385,78.4867
2025-02-16T08:00,23.7,49,24.3,0.0,0.0,0,0,0.8,297,17.385,78.4867
2025-02-16T09:00,27.2,29,26.1,0.0,0.0,0,0,2.8,108,17.385,78.4867
2025-02-16T10:00,29.4,22,28.3,0.0,0.0,0,0,5.4,110,17.385,78.4867
2025-02-16T11:00,31.0,18,30.6,0.0,0.0,0,0,4.8,110,17.385,78.4867
2025-02-16T12:00,32.2,16,32.2,0.0,0.0,0,0,4.2,100,17.385,78.4867
2025-02-16T13:00,33.0,15,33.0,0.0,0.0,0,0,4.3,112,17.385,78.4867
2025-02-16T14:00,33.4,15,32.7,0.0,0.0,0,0,5.6,112,17.385,78.4867
2025-02-16T15:00,33.5,15,31.7,0.0,0.0,0,0,7.2,104,17.385,78.4867
2025-02-16T16:00,33.0,17,30.6,0.0,0.0,0,0,7.6,98,17.385,78.4867
2025-02-16T17:00,32.0,19,29.7,0.0,0.0,0,0,7.9,93,17.385,78.4867
2025-02-16T18:00,30.2,23,28.1,0.0,0.0,0,0,8.5,115,17.385,78.4867
2025-02-16T19:00,28.9,26,27.0,0.0,0.0,0,0,8.8,123,17.385,78.4867
2025-02-16T20:00,27.8,29,26.1,0.0,0.0,0,0,8.4,130,17.385,78.4867
2025-02-16T21:00,27.1,29,25.4,0.0,0.0,0,0,7.0,138,17.385,78.4867
2025-02-16T22:00,26.6,29,25.1,0.0,0.0,0,0,4.5,119,17.385,78.4867
2025-02-16T23:00,26.1,30,24.4,0.0,0.0,0,0,6.2,105,17.385,78.4867
2025-02-17T00:00,25.7,31,24.2,0.0,0.0,0,0,5.4,127,17.385,78.4867
2025-02-17T01:00,25.0,33,23.5,0.0,0.0,0,0,6.2,128,17.385,78.4867
2025-02-17T02:00,24.0,37,22.7,0.0,0.0,0,0,5.8,175,17.385,78.4867
2025-02-17T03:00,23.2,39,21.9,0.0,0.0,0,0,5.1,174,17.385,78.4867
2025-02-17T04:00,22.5,42,21.7,0.0,0.0,0,0,3.5,219,17.385,78.4867
2025-02-17T05:00,21.7,46,21.0,0.0,0.0,0,0,4.0,243,17.385,78.4867
2025-02-17T06:00,21.5,55,21.6,0.0,0.0,0,0,3.4,238,17.385,78.4867
2025-02-17T07:00,21.4,58,21.6,0.0,0.0,0,0,3.9,227,17.385,78.4867
2025-02-17T08:00,23.8,49,24.3,0.0,0.0,0,0,2.0,243,17.385,78.4867
2025-02-17T09:00,27.2,37,27.2,0.0,0.0,0,0,2.5,172,17.385,78.4867
2025-02-17T10:00,29.8,28,29.7,0.0,0.0,0,0,3.8,161,17.385,78.4867
2025-02-17T11:00,31.6,22,32.2,0.0,0.0,0,0,2.3,151,17.385,78.4867
2025-02-17T12:00,32.8,18,33.9,0.0,0.0,0,0,1.0,135,17.385,78.4867
2025-02-17T13:00,33.7,17,34.6,0.0,0.0,0,0,1.4,130,17.385,78.4867
2025-02-17T14:00,34.3,17,34.5,0.0,0.0,0,0,2.3,129,17.385,78.4867
2025-02-17T15:00,34.3,17,33.5,0.0,0.0,0,0,3.3,119,17.385,78.4867
2025-02-17T16:00,33.7,19,32.2,0.0,0.0,0,0,4.8,105,17.385,78.4867
2025-02-17T17:00,32.5,23,30.8,0.0,0.0,0,0,8.3,88,17.385,78.4867
2025-02-17T18:00,30.4,28,28.7,0.0,0.0,0,0,11.6,108,17.385,78.4867
2025-02-17T19:00,29.2,30,28.0,0.0,0.0,0,0,8.0,115,17.385,78.4867
2025-02-17T20:00,28.5,30,26.9,0.0,0.0,0,0,9.0,119,17.385,78.4867
2025-02-17T21:00,28.1,29,26.6,0.0,0.0,0,0,6.8,117,17.385,78.4867
2025-02-17T22:00,27.2,31,25.9,0.0,0.0,0,0,6.2,154,17.385,78.4867
2025-02-17T23:00,26.7,33,25.5,0.0,0.0,0,0,6.5,132,17.385,78.4867
2025-02-18T00:00,25.9,36,24.8,0.0,0.0,0,0,7.4,135,17.385,78.4867
2025-02-18T01:00,24.6,41,23.9,0.0,0.0,0,0,6.5,161,17.385,78.4867
2025-02-18T02:00,24.0,46,23.6,0.0,0.0,0,0,6.3,207,17.385,78.4867
2025-02-18T03:00,23.2,51,23.0,0.0,0.0,0,0,6.5,219,17.385,78.4867
2025-02-18T04:00,22.6,54,22.5,0.0,0.0,0,0,6.6,217,17.385,78.4867
2025-02-18T05:00,22.1,57,22.2,0.0,0.0,0,0,6.2,237,17.385,78.4867
2025-02-18T06:00,22.0,65,22.8,0.0,0.0,0,0,6.0,245,17.385,78.4867
2025-02-18T07:00,21.9,64,22.7,0.0,0.0,0,0,5.7,242,17.385,78.4867
2025-02-18T08:00,24.1,56,25.0,0.0,0.0,0,0,4.2,239,17.385,78.4867
2025-02-18T09:00,27.4,45,28.2,0.0,0.0,0,0,4.3,225,17.385,78.4867
2025-02-18T10:00,30.2,33,30.9,0.0,0.0,0,0,4.1,218,17.385,78.4867
2025-02-18T11:00,31.9,26,33.1,0.0,0.0,0,0,3.0,245,17.385,78.4867
2025-02-18T12:00,33.1,23,34.5,0.0,0.0,0,0,3.4,245,17.385,78.4867
2025-02-18T13:00,34.0,21,35.1,0.0,0.0,0,0,4.5,247,17.385,78.4867
2025-02-18T14:00,34.6,21,34.9,0.0,0.0,0,0,6.0,261,17.385,78.4867
2025-02-18T15:00,34.7,20,33.9,0.0,0.0,0,0,6.7,279,17.385,78.4867
2025-02-18T16:00,34.5,19,33.1,0.0,0.0,0,4,5.3,305,17.385,78.4867
2025-02-18T17:00,33.7,21,32.3,0.0,0.0,0,7,5.8,22,17.385,78.4867
2025-02-18T18:00,30.9,33,30.2,0.0,0.0,0,0,10.1,94,17.385,78.4867
2025-02-18T19:00,29.4,35,28.4,0.0,0.0,0,0,11.8,126,17.385,78.4867
2025-02-18T20:00,28.7,35,28.1,0.0,0.0,0,0,7.7,159,17.385,78.4867
2025-02-18T21:00,28.0,36,27.3,0.0,0.0,0,0,7.5,130,17.385,78.4867
2025-02-18T22:00,27.7,35,27.3,0.0,0.0,0,0,5.0,142,17.385,78.4867
2025-02-18T23:00,26.9,37,26.4,0.0,0.0,0,0,5.4,132,17.385,78.4867
2025-02-19T00:00,26.5,37,25.6,0.0,0.0,0,0,7.2,143,17.385,78.4867
2025-02-19T01:00,25.3,40,24.5,0.0,0.0,0,0,6.7,160,17.385,78.4867
2025-02-19T02:00,24.8,43,24.2,0.0,0.0,0,0,6.7,186,17.385,78.4867
2025-02-19T03:00,23.9,47,23.3,0.0,0.0,0,0,7.2,215,17.385,78.4867
2025-02-19T04:00,23.4,49,22.9,0.0,0.0,0,0,7.7,221,17.385,78.4867
2025-02-19T05:00,23.2,51,22.6,0.0,0.0,0,0,8.7,223,17.385,78.4867
2025-02-19T06:00,23.0,56,23.1,0.0,0.0,0,0,8.0,232,17.385,78.4867
2025-02-19T07:00,23.0,59,23.4,0.0,0.0,0,0,7.1,236,17.385,78.4867
2025-02-19T08:00,24.8,53,25.5,0.0,0.0,0,0,5.9,235,17.385,78.4867
2025-02-19T09:00,27.6,44,28.2,0.0,0.0,0,0,6.0,226,17.385,78.4867
2025-02-19T10:00,30.3,33,30.6,0.0,0.0,0,0,7.8,228,17.385,78.4867
2025-02-19T11:00,31.9,28,32.5,0.0,0.0,0,0,7.7,245,17.385,78.4867
2025-02-19T12:00,32.9,26,34.0,0.0,0.0,0,0,7.1,249,17.385,78.4867
2025-02-19T13:00,33.6,24,34.7,0.0,0.0,0,0,7.2,243,17.385,78.4867
2025-02-19T14:00,34.0,23,34.4,0.0,0.0,0,2,8.1,241,17.385,78.4867
2025-02-19T15:00,34.0,23,33.3,0.0,0.0,0,3,9.3,243,17.385,78.4867
2025-02-19T16:00,33.7,23,32.4,0.0,0.0,0,6,8.7,253,17.385,78.4867
2025-02-19T17:00,33.3,23,31.8,0.0,0.0,0,16,8.9,261,17.385,78.4867
2025-02-19T18:00,32.6,25,31.7,0.0,0.0,1,21,6.4,248,17.385,78.4867
2025-02-19T19:00,31.5,27,31.4,0.0,0.0,0,14,1.7,77,17.385,78.4867
2025-02-19T20:00,29.5,33,28.9,0.0,0.0,0,0,7.1,84,17.385,78.4867
2025-02-19T21:00,28.8,37,28.3,0.0,0.0,0,0,8.5,118,17.385,78.4867
2025-02-19T22:00,28.4,38,28.3,0.0,0.0,0,1,6.2,173,17.385,78.4867
2025-02-19T23:00,27.6,40,27.8,0.0,0.0,0,0,3.9,74,17.385,78.4867
2025-02-20T00:00,26.7,42,26.5,0.0,0.0,0,0,7.6,121,17.385,78.4867
2025-02-20T01:00,26.4,42,26.1,0.0,0.0,0,0,6.4,115,17.385,78.4867
2025-02-20T02:00,25.4,44,25.6,0.0,0.0,0,0,3.2,74,17.385,78.4867
2025-02-20T03:00,24.7,47,24.8,0.0,0.0,0,0,4.2,83,17.385,78.4867
2025-02-20T04:00,24.1,50,24.6,0.0,0.0,0,0,2.9,176,17.385,78.4867
2025-02-20T05:00,23.4,53,23.6,0.0,0.0,0,0,5.2,166,17.385,78.4867
2025-02-20T06:00,23.4,62,24.8,0.0,0.0,0,0,3.2,207,17.385,78.4867
2025-02-20T07:00,23.4,64,24.8,0.0,0.0,0,0,4.7,189,17.385,78.4867
2025-02-20T08:00,25.1,58,26.4,0.0,0.0,0,0,4.8,326,17.385,78.4867
2025-02-20T09:00,27.3,48,28.6,0.0,0.0,0,0,3.1,298,17.385,78.4867
2025-02-20T10:00,29.6,39,31.1,0.0,0.0,0,0,4.2,290,17.385,78.4867
2025-02-20T11:00,31.4,33,33.4,0.0,0.0,0,19,3.5,261,17.385,78.4867
2025-02-20T12:00,32.4,30,34.1,0.0,0.0,0,9,3.7,235,17.385,78.4867
2025-02-20T13:00,33.6,28,35.3,0.0,0.0,1,23,5.4,230,17.385,78.4867
2025-02-20T14:00,33.9,26,34.8,0.0,0.0,1,34,5.8,234,17.385,78.4867
2025-02-20T15:00,33.3,27,33.3,0.0,0.0,1,38,3.0,194,17.385,78.4867
2025-02-20T16:00,32.4,30,32.0,0.0,0.0,1,37,7.4,96,17.385,78.4867
2025-02-20T17:00,31.2,33,30.9,0.0,0.0,1,30,8.6,100,17.385,78.4867
2025-02-20T18:00,30.0,39,30.4,0.5,0.5,53,34,7.4,148,17.385,78.4867
2025-02-20T19:00,29.6,40,30.1,0.0,0.0,1,42,6.1,93,17.385,78.4867
2025-02-20T20:00,29.2,40,29.4,0.0,0.0,0,8,7.5,98,17.385,78.4867
2025-02-20T21:00,28.6,42,28.9,0.0,0.0,0,4,7.1,120,17.385,78.4867
2025-02-20T22:00,27.7,44,28.1,0.0,0.0,1,21,7.4,112,17.385,78.4867
2025-02-20T23:00,26.8,48,27.2,0.0,0.0,0,12,7.9,111,17.385,78.4867
2025-02-21T00:00,26.2,51,26.7,0.0,0.0,0,9,7.9,117,17.385,78.4867
2025-02-21T01:00,25.2,57,26.3,0.0,0.0,0,17,7.3,136,17.385,78.4867
2025-02-21T02:00,24.5,63,26.1,0.0,0.0,0,2,5.4,130,17.385,78.4867
2025-02-21T03:00,24.2,65,25.8,0.0,0.0,0,9,6.0,123,17.385,78.4867
2025-02-21T04:00,23.7,67,25.6,0.0,0.0,0,7,4.6,116,17.385,78.4867
2025-02-21T05:00,23.3,69,25.3,0.0,0.0,0,9,4.1,92,17.385,78.4867
2025-02-21T06:00,23.4,76,26.2,0.0,0.0,0,2,3.9,103,17.385,78.4867
2025-02-21T07:00,23.3,77,26.1,0.0,0.0,0,0,3.5,69,17.385,78.4867
2025-02-21T08:00,24.7,70,27.4,0.0,0.0,0,0,4.0,120,17.385,78.4867
2025-02-21T09:00,27.1,58,29.8,0.0,0.0,0,0,1.5,126,17.385,78.4867
2025-02-21T10:00,29.4,46,32.1,0.0,0.0,0,4,1.5,135,17.385,78.4867
2025-02-21T11:00,31.0,37,33.7,0.0,0.0,1,22,2.1,75,17.385,78.4867
2025-02-21T12:00,31.9,33,33.7,0.0,0.0,1,26,3.6,63,17.385,78.4867
2025-02-21T13:00,32.8,29,34.6,0.0,0.0,1,45,3.6,37,17.385,78.4867
2025-02-21T14:00,32.6,28,33.2,0.0,0.0,1,39,2.9,356,17.385,78.4867
2025-02-21T15:00,32.3,28,32.3,0.0,0.0,1,38,3.2,52,17.385,78.4867
2025-02-21T16:00,31.7,29,31.5,0.0,0.0,1,21,5.2,29,17.385,78.4867
2025-02-21T17:00,31.2,29,31.1,0.0,0.0,0,2,2.7,53,17.385,78.4867
2025-02-21T18:00,30.5,31,29.7,0.0,0.0,0,0,9.2,110,17.385,78.4867
2025-02-21T19:00,29.4,37,28.9,0.0,0.0,0,0,9.6,110,17.385,78.4867
2025-02-21T20:00,28.4,40,28.4,0.0,0.0,0,0,7.5,101,17.385,78.4867
2025-02-21T21:00,27.4,44,27.7,0.0,0.0,0,0,6.9,113,17.385,78.4867
2025-02-21T22:00,26.6,47,27.4,0.0,0.0,0,0,4.7,148,17.385,78.4867
2025-02-21T23:00,26.1,49,26.7,0.0,0.0,0,0,5.4,132,17.385,78.4867
2025-02-22T00:00,25.8,49,26.5,0.0,0.0,0,0,4.6,154,17.385,78.4867
2025-02-22T01:00,24.9,52,25.8,0.0,0.0,0,0,3.6,186,17.385,78.4867
2025-02-22T02:00,24.3,54,25.0,0.0,0.0,0,0,4.7,157,17.385,78.4867
2025-02-22T03:00,24.0,55,24.9,0.0,0.0,0,0,3.1,135,17.385,78.4867
2025-02-22T04:00,23.3,59,24.2,0.0,0.0,0,0,4.3,225,17.385,78.4867
2025-02-22T05:00,22.4,64,23.5,0.0,0.0,0,0,4.7,270,17.385,78.4867
2025-02-22T06:00,22.3,72,24.0,0.0,0.0,0,0,4.5,268,17.385,78.4867
2025-02-22T07:00,22.4,70,24.0,0.0,0.0,0,0,5.1,276,17.385,78.4867
2025-02-22T08:00,24.6,59,26.1,0.0,0.0,0,0,4.0,265,17.385,78.4867
2025-02-22T09:00,27.5,48,28.8,0.0,0.0,0,0,3.8,251,17.385,78.4867
2025-02-22T10:00,29.7,38,31.2,0.0,0.0,0,8,3.2,232,17.385,78.4867
2025-02-22T11:00,31.4,28,32.8,0.0,0.0,0,14,1.8,281,17.385,78.4867
2025-02-22T12:00,32.4,25,33.6,0.0,0.0,0,13,2.7,270,17.385,78.4867
2025-02-22T13:00,33.3,22,34.1,0.0,0.0,0,9,4.6,281,17.385,78.4867
2025-02-22T14:00,33.9,21,33.4,0.0,0.0,0,13,8.8,301,17.385,78.4867
2025-02-22T15:00,33.4,22,31.7,0.0,0.0,0,12,11.0,312,17.385,78.4867
2025-02-22T16:00,32.8,24,31.3,0.0,0.0,0,11,8.9,342,17.385,78.4867
2025-02-22T17:00,32.4,23,30.6,0.0,0.0,0,6,10.2,347,17.385,78.4867
2025-02-22T18:00,31.4,25,29.9,0.0,0.0,0,1,8.3,355,17.385,78.4867
2025-02-22T19:00,30.1,30,29.1,0.0,0.0,0,0,8.4,28,17.385,78.4867
2025-02-22T20:00,29.4,33,28.7,0.0,0.0,0,0,7.6,52,17.385,78.4867
2025-02-22T21:00,28.7,35,28.1,0.0,0.0,0,0,6.7,88,17.385,78.4867
2025-02-22T22:00,27.5,37,27.0,0.0,0.0,0,0,6.1,104,17.385,78.4867
2025-02-22T23:00,26.6,41,26.5,0.0,0.0,0,0,4.9,94,17.385,78.4867
2025-02-23T00:00,25.9,43,25.9,0.0,0.0,0,0,4.9,88,17.385,78.4867
2025-02-23T01:00,25.1,46,25.2,0.0,0.0,0,0,4.4,97,17.385,78.4867
2025-02-23T02:00,24.6,48,24.9,0.0,0.0,0,0,4.2,43,17.385,78.4867
2025-02-23T03:00,24.1,51,24.5,0.0,0.0,0,0,3.8,90,17.385,78.4867
2025-02-23T04:00,23.4,55,24.4,0.0,0.0,0,0,1.9,139,17.385,78.4867
2025-02-23T05:00,23.0,57,23.6,0.0,0.0,0,0,3.8,115,17.385,78.4867
2025-02-23T06:00,23.3,61,24.5,0.0,0.0,0,0,4.0,122,17.385,78.4867
2025-02-23T07:00,23.1,62,24.7,0.0,0.0,0,0,1.9,214,17.385,78.4867
2025-02-23T08:00,25.0,53,26.5,0.0,0.0,0,0,1.1,180,17.385,78.4867
2025-02-23T09:00,27.9,41,28.5,0.0,0.0,0,0,3.4,133,17.385,78.4867
2025-02-23T10:00,30.2,28,29.8,0.0,0.0,0,0,7.0,91,17.385,78.4867
2025-02-23T11:00,31.5,23,31.4,0.0,0.0,0,6,8.1,78,17.385,78.4867
2025-02-23T12:00,32.4,22,32.6,0.0,0.0,0,12,7.8,52,17.385,78.4867
2025-02-23T13:00,33.2,20,32.8,0.0,0.0,0,18,10.3,31,17.385,78.4867
2025-02-23T14:00,33.1,19,31.4,0.0,0.0,0,10,12.9,23,17.385,78.4867
2025-02-23T15:00,32.8,19,30.4,0.0,0.0,0,2,12.3,21,17.385,78.4867
2025-02-23T16:00,32.3,19,29.5,0.0,0.0,0,3,11.3,31,17.385,78.4867
2025-02-23T17:00,31.6,21,28.9,0.0,0.0,0,8,12.0,40,17.385,78.4867
2025-02-23T18:00,30.5,23,28.2,0.0,0.0,0,0,10.0,41,17.385,78.4867
2025-02-23T19:00,29.4,26,27.6,0.0,0.0,0,0,8.7,72,17.385,78.4867
2025-02-23T20:00,28.0,28,26.3,0.0,0.0,0,0,8.1,84,17.385,78.4867
2025-02-23T21:00,26.9,31,25.1,0.0,0.0,0,0,8.8,94,17.385,78.4867
2025-02-23T22:00,26.1,33,24.4,0.0,0.0,0,0,8.8,85,17.385,78.4867
2025-02-23T23:00,25.5,33,23.6,0.0,0.0,0,0,9.7,78,17.385,78.4867
2025-02-24T00:00,25.8,30,23.6,0.0,0.0,0,0,9.5,80,17.385,78.4867
2025-02-24T01:00,25.8,28,23.4,0.0,0.0,0,0,8.9,61,17.385,78.4867
2025-02-24T02:00,25.1,28,22.6,0.0,0.0,0,0,9.2,73,17.385,78.4867
2025-02-24T03:00,24.5,30,22.3,0.0,0.0,0,0,7.3,73,17.385,78.4867
2025-02-24T04:00,23.6,33,22.2,0.0,0.0,0,0,3.5,75,17.385,78.4867
2025-02-24T05:00,22.7,35,20.4,0.0,0.0,0,0,8.9,103,17.385,78.4867
2025-02-24T06:00,22.9,41,21.2,0.0,0.0,0,0,9.2,106,17.385,78.4867
2025-02-24T07:00,22.7,44,21.5,0.0,0.0,0,0,7.6,94,17.385,78.4867
2025-02-24T08:00,24.5,41,23.7,0.0,0.0,0,0,5.8,92,17.385,78.4867
2025-02-24T09:00,27.6,32,26.2,0.0,0.0,0,0,8.5,96,17.385,78.4867
2025-02-24T10:00,29.8,23,28.1,0.0,0.0,0,0,10.9,97,17.385,78.4867
2025-02-24T11:00,31.1,19,29.9,0.0,0.0,0,0,10.8,89,17.385,78.4867
2025-02-24T12:00,31.9,18,31.2,0.0,0.0,0,0,10.2,83,17.385,78.4867
2025-02-24T13:00,32.3,17,31.6,0.0,0.0,0,0,10.0,81,17.385,78.4867
2025-02-24T14:00,32.3,18,31.3,0.0,0.0,0,0,9.8,84,17.385,78.4867
2025-02-24T15:00,32.1,19,30.5,0.0,0.0,0,0,9.2,84,17.385,78.4867
2025-02-24T16:00,31.7,20,29.2,0.0,0.0,0,0,10.3,75,17.385,78.4867
2025-02-24T17:00,31.0,22,28.5,0.0,0.0,0,0,10.9,77,17.385,78.4867
2025-02-24T18:00,30.1,26,28.3,0.0,0.0,0,0,9.6,87,17.385,78.4867
2025-02-24T19:00,29.4,28,27.7,0.0,0.0,0,0,9.6,98,17.385,78.4867
2025-02-24T20:00,28.6,30,27.2,0.0,0.0,0,0,8.0,100,17.385,78.4867
2025-02-24T21:00,27.3,34,26.2,0.0,0.0,0,0,7.1,97,17.385,78.4867
2025-02-24T22:00,26.2,36,25.0,0.0,0.0,0,0,7.7,101,17.385,78.4867
2025-02-24T23:00,26.1,34,24.6,0.0,0.0,0,0,8.3,95,17.385,78.4867
2025-02-25T00:00,25.6,35,24.3,0.0,0.0,0,0,6.7,98,17.385,78.4867
2025-02-25T01:00,24.3,38,22.7,0.0,0.0,0,0,9.2,133,17.385,78.4867
2025-02-25T02:00,22.8,53,22.5,0.0,0.0,0,0,7.9,147,17.385,78.4867
2025-02-25T03:00,22.3,57,22.3,0.0,0.0,0,0,7.1,137,17.385,78.4867
2025-02-25T04:00,21.7,61,21.7,0.0,0.0,0,0,8.3,114,17.385,78.4867
2025-02-25T05:00,21.1,66,21.5,0.0,0.0,0,9,6.9,118,17.385,78.4867
2025-02-25T06:00,21.4,72,22.6,0.0,0.0,0,0,6.5,98,17.385,78.4867
2025-02-25T07:00,21.3,77,22.7,0.0,0.0,0,0,7.4,94,17.385,78.4867
2025-02-25T08:00,22.4,75,24.1,0.0,0.0,0,15,8.0,104,17.385,78.4867
2025-02-25T09:00,24.5,65,25.9,0.0,0.0,0,9,8.8,109,17.385,78.4867
2025-02-25T10:00,26.8,53,28.3,0.0,0.0,0,14,9.2,118,17.385,78.4867
2025-02-25T11:00,29.2,37,30.3,0.0,0.0,2,52,9.6,123,17.385,78.4867
2025-02-25T12:00,30.8,27,31.4,0.0,0.0,1,26,9.0,116,17.385,78.4867
2025-02-25T13:00,31.5,23,31.8,0.0,0.0,0,10,8.9,108,17.385,78.4867
2025-02-25T14:00,31.8,23,31.4,0.0,0.0,0,2,9.6,106,17.385,78.4867
2025-02-25T15:00,31.6,23,30.4,0.0,0.0,0,0,10.1,107,17.385,78.4867
2025-02-25T16:00,31.1,25,29.1,0.0,0.0,0,0,10.7,98,17.385,78.4867
2025-02-25T17:00,30.3,27,28.4,0.0,0.0,0,3,10.8,86,17.385,78.4867
2025-02-25T18:00,29.4,30,28.1,0.0,0.0,0,0,9.2,84,17.385,78.4867
2025-02-25T19:00,28.6,32,27.4,0.0,0.0,0,0,9.2,78,17.385,78.4867
2025-02-25T20:00,28.2,33,26.9,0.0,0.0,0,0,9.7,86,17.385,78.4867
2025-02-25T21:00,27.5,35,26.4,0.0,0.0,0,0,8.9,81,17.385,78.4867
2025-02-25T22:00,26.7,37,25.9,0.0,0.0,0,0,7.3,74,17.385,78.4867
2025-02-25T23:00,26.1,38,25.2,0.0,0.0,0,0,7.3,62,17.385,78.4867
2025-02-26T00:00,25.7,39,24.9,0.0,0.0,0,0,6.8,72,17.385,78.4867
2025-02-26T01:00,25.4,40,24.7,0.0,0.0,0,0,6.0,53,17.385,78.4867
2025-02-26T02:00,23.5,47,22.6,0.0,0.0,0,0,8.6,129,17.385,78.4867
2025-02-26T03:00,22.6,55,22.5,0.0,0.0,0,0,7.4,131,17.385,78.4867
2025-02-26T04:00,22.1,60,22.3,0.0,0.0,0,3,7.5,136,17.385,78.4867
2025-02-26T05:00,21.7,62,22.0,0.0,0.0,0,0,6.9,129,17.385,78.4867
2025-02-26T06:00,21.9,68,23.0,0.0,0.0,0,0,5.3,108,17.385,78.4867
2025-02-26T07:00,22.0,68,23.2,0.0,0.0,0,0,5.4,92,17.385,78.4867
2025-02-26T08:00,23.5,62,24.5,0.0,0.0,0,0,6.6,106,17.385,78.4867
2025-02-26T09:00,25.9,51,26.5,0.0,0.0,0,0,7.1,111,17.385,78.4867
2025-02-26T10:00,28.1,42,29.0,0.0,0.0,0,0,7.1,109,17.385,78.4867
2025-02-26T11:00,29.8,35,31.2,0.0,0.0,0,0,7.2,86,17.385,78.4867
2025-02-26T12:00,31.0,30,32.1,0.0,0.0,0,0,9.3,74,17.385,78.4867
2025-02-26T13:00,31.7,27,32.3,0.0,0.0,0,0,10.6,71,17.385,78.4867
2025-02-26T14:00,31.8,28,32.0,0.0,0.0,0,0,10.6,72,17.385,78.4867
2025-02-26T15:00,31.6,29,31.3,0.0,0.0,0,0,9.9,74,17.385,78.4867
2025-02-26T16:00,31.1,30,30.1,0.0,0.0,0,0,10.2,82,17.385,78.4867
2025-02-26T17:00,30.5,31,29.3,0.0,0.0,0,0,10.7,76,17.385,78.4867
2025-02-26T18:00,29.4,35,28.7,0.0,0.0,0,0,9.8,83,17.385,78.4867
2025-02-26T19:00,28.6,38,28.3,0.0,0.0,0,0,8.1,91,17.385,78.4867
2025-02-26T20:00,27.9,41,27.9,0.0,0.0,0,0,7.2,102,17.385,78.4867
2025-02-26T21:00,27.3,42,27.5,0.0,0.0,0,0,5.9,117,17.385,78.4867
2025-02-26T22:00,26.7,44,27.0,0.0,0.0,0,0,4.6,79,17.385,78.4867
2025-02-26T23:00,25.7,47,26.1,0.0,0.0,0,0,5.2,65,17.385,78.4867
2025-02-27T00:00,25.4,49,25.7,0.0,0.0,0,0,5.7,24,17.385,78.4867
2025-02-27T01:00,24.9,50,25.6,0.0,0.0,0,0,3.3,96,17.385,78.4867
2025-02-27T02:00,23.5,54,23.4,0.0,0.0,0,0,8.8,137,17.385,78.4867
2025-02-27T03:00,22.7,56,22.5,0.0,0.0,0,0,8.7,135,17.385,78.4867
2025-02-27T04:00,22.3,56,22.2,0.0,0.0,0,0,7.2,129,17.385,78.4867
2025-02-27T05:00,22.0,56,22.0,0.0,0.0,0,0,6.1,114,17.385,78.4867
2025-02-27T06:00,21.6,67,22.5,0.0,0.0,0,0,5.8,99,17.385,78.4867
2025-02-27T07:00,21.8,68,23.0,0.0,0.0,0,0,4.2,97,17.385,78.4867
2025-02-27T08:00,23.4,63,24.7,0.0,0.0,0,0,4.7,118,17.385,78.4867
2025-02-27T09:00,25.9,52,26.9,0.0,0.0,0,0,4.4,128,17.385,78.4867
2025-02-27T10:00,28.2,41,29.7,0.0,0.0,0,0,3.9,124,17.385,78.4867
2025-02-27T11:00,30.1,33,32.0,0.0,0.0,0,0,3.5,81,17.385,78.4867
2025-02-27T12:00,31.5,27,32.9,0.0,0.0,0,0,6.1,71,17.385,78.4867
2025-02-27T13:00,32.3,24,32.9,0.0,0.0,0,0,8.8,75,17.385,78.4867
2025-02-27T14:00,32.4,25,32.4,0.0,0.0,0,0,10.2,80,17.385,78.4867
2025-02-27T15:00,32.0,27,31.4,0.0,0.0,0,0,10.1,89,17.385,78.4867
2025-02-27T16:00,31.5,28,30.3,0.0,0.0,0,0,9.6,98,17.385,78.4867
2025-02-27T17:00,30.8,30,29.8,0.0,0.0,0,0,9.1,100,17.385,78.4867
2025-02-27T18:00,29.4,34,28.6,0.0,0.0,0,0,9.4,103,17.385,78.4867
2025-02-27T19:00,28.9,36,28.5,0.0,0.0,0,0,7.6,98,17.385,78.4867
2025-02-27T20:00,28.0,38,27.8,0.0,0.0,0,0,6.8,90,17.385,78.4867
2025-02-27T21:00,27.0,43,27.1,0.0,0.0,0,0,6.5,87,17.385,78.4867
2025-02-27T22:00,26.4,46,26.6,0.0,0.0,0,0,6.8,87,17.385,78.4867
2025-02-27T23:00,25.9,48,26.3,0.0,0.0,0,0,5.7,101,17.385,78.4867
2025-02-28T00:00,25.5,49,26.2,0.0,0.0,0,0,4.0,80,17.385,78.4867
2025-02-28T01:00,24.9,51,25.7,0.0,0.0,0,0,3.4,74,17.385,78.4867
2025-02-28T02:00,23.8,55,23.9,0.0,0.0,0,0,8.6,126,17.385,78.4867
2025-02-28T03:00,22.8,62,23.5,0.0,0.0,0,14,7.0,138,17.385,78.4867
2025-02-28T04:00,22.2,70,23.5,0.0,0.0,1,34,5.5,144,17.385,78.4867
2025-02-28T05:00,21.7,73,23.4,0.0,0.0,3,87,4.6,116,17.385,78.4867
2025-02-28T06:00,21.7,79,23.7,0.0,0.0,2,77,5.2,110,17.385,78.4867
2025-02-28T07:00,21.7,79,23.8,0.0,0.0,3,82,5.1,122,17.385,78.4867
2025-02-28T08:00,23.3,70,25.2,0.0,0.0,3,91,5.1,126,17.385,78.4867
2025-02-28T09:00,26.2,56,27.6,0.0,0.0,3,99,6.1,130,17.385,78.4867
2025-02-28T10:00,28.5,45,30.1,0.0,0.0,3,85,7.1,131,17.385,78.4867
2025-02-28T11:00,30.3,36,32.1,0.0,0.0,3,85,7.7,127,17.385,78.4867
2025-02-28T12:00,31.5,31,33.0,0.0,0.0,3,91,9.2,121,17.385,78.4867
2025-02-28T13:00,32.2,28,33.3,0.0,0.0,3,99,9.7,121,17.385,78.4867
2025-02-28T14:00,32.5,26,33.0,0.0,0.0,3,100,9.4,120,17.385,78.4867
2025-02-28T15:00,32.5,26,32.0,0.0,0.0,3,97,9.1,112,17.385,78.4867
2025-02-28T16:00,31.9,27,30.7,0.0,0.0,3,98,9.6,107,17.385,78.4867
2025-02-28T17:00,31.0,31,30.2,0.0,0.0,3,99,9.5,109,17.385,78.4867
2025-02-28T18:00,29.9,38,29.7,0.0,0.0,3,100,10.1,80,17.385,78.4867
2025-02-28T19:00,29.2,40,29.2,0.0,0.0,3,100,9.1,75,17.385,78.4867
2025-02-28T20:00,28.4,43,28.7,0.0,0.0,3,100,8.5,92,17.385,78.4867
2025-02-28T21:00,27.5,46,28.0,0.0,0.0,3,100,8.0,100,17.385,78.4867
2025-02-28T22:00,27.2,47,27.6,0.0,0.0,3,98,8.5,96,17.385,78.4867
2025-02-28T23:00,26.8,48,27.3,0.0,0.0,3,98,7.0,108,17.385,78.4867
2025-03-01T00:00,25.4,53,25.3,0.0,0.0,3,96,11.6,132,17.385,78.4867
2025-03-01T01:00,24.2,61,24.8,0.0,0.0,3,95,10.5,151,17.385,78.4867
2025-03-01T02:00,23.6,61,24.0,0.0,0.0,0,18,10.2,141,17.385,78.4867
2025-03-01T03:00,22.9,61,23.1,0.0,0.0,0,0,9.3,131,17.385,78.4867
2025-03-01T04:00,22.3,62,22.6,0.0,0.0,0,0,8.6,131,17.385,78.4867
2025-03-01T05:00,21.8,63,22.0,0.0,0.0,0,3,8.7,133,17.385,78.4867
2025-03-01T06:00,21.6,71,22.5,0.0,0.0,0,0,8.0,128,17.385,78.4867
2025-03-01T07:00,21.8,71,23.0,0.0,0.0,0,0,6.0,107,17.385,78.4867
2025-03-01T08:00,23.5,61,24.3,0.0,0.0,0,0,6.5,114,17.385,78.4867
2025-03-01T09:00,26.2,44,26.0,0.0,0.0,0,0,7.7,121,17.385,78.4867
2025-03-01T10:00,28.8,33,28.5,0.0,0.0,0,0,9.3,126,17.385,78.4867
2025-03-01T11:00,30.5,29,30.9,0.0,0.0,0,0,9.8,125,17.385,78.4867
2025-03-01T12:00,31.7,27,32.4,0.0,0.0,0,0,9.7,124,17.385,78.4867
2025-03-01T13:00,32.4,25,33.2,0.0,0.0,0,0,8.9,122,17.385,78.4867
2025-03-01T14:00,32.8,23,33.0,0.0,0.0,0,0,8.5,117,17.385,78.4867
2025-03-01T15:00,32.8,23,32.0,0.0,0.0,0,0,8.6,113,17.385,78.4867
2025-03-01T16:00,32.2,24,30.7,0.0,0.0,0,0,8.8,109,17.385,78.4867
2025-03-01T17:00,31.3,26,29.7,0.0,0.0,0,0,10.3,106,17.385,78.4867
2025-03-01T18:00,30.2,30,29.0,0.0,0.0,1,38,9.4,120,17.385,78.4867
2025-03-01T19:00,29.3,35,28.6,0.0,0.0,0,0,8.5,114,17.385,78.4867
2025-03-01T20:00,28.4,38,28.1,0.0,0.0,0,0,7.8,113,17.385,78.4867
2025-03-01T21:00,27.7,39,27.6,0.0,0.0,0,0,6.5,92,17.385,78.4867
2025-03-01T22:00,26.8,42,26.5,0.0,0.0,3,82,7.4,96,17.385,78.4867
2025-03-01T23:00,26.0,45,25.9,0.0,0.0,3,91,7.2,87,17.385,78.4867
2025-03-02T00:00,25.3,48,25.3,0.0,0.0,3,98,6.9,110,17.385,78.4867
2025-03-02T01:00,24.7,49,24.9,0.0,0.0,3,99,5.3,108,17.385,78.4867
2025-03-02T02:00,24.0,51,24.1,0.0,0.0,3,98,6.7,144,17.385,78.4867
2025-03-02T03:00,23.6,51,23.6,0.0,0.0,3,100,6.2,136,17.385,78.4867
2025-03-02T04:00,23.2,53,23.5,0.0,0.0,3,100,4.6,154,17.385,78.4867
2025-03-02T05:00,22.7,55,23.0,0.0,0.0,3,100,4.3,165,17.385,78.4867
2025-03-02T06:00,22.5,61,23.3,0.0,0.0,3,100,4.9,152,17.385,78.4867
2025-03-02T07:00,22.7,62,23.6,0.0,0.0,3,100,5.3,145,17.385,78.4867
2025-03-02T08:00,24.5,58,26.0,0.0,0.0,3,94,3.2,164,17.385,78.4867
2025-03-02T09:00,27.8,44,28.6,0.0,0.0,0,6,4.8,155,17.385,78.4867
2025-03-02T10:00,30.6,31,31.2,0.0,0.0,1,43,5.8,146,17.385,78.4867
2025-03-02T11:00,32.7,22,33.2,0.0,0.0,1,37,6.4,142,17.385,78.4867
2025-03-02T12:00,33.8,20,34.7,0.0,0.0,3,90,5.5,109,17.385,78.4867
2025-03-02T13:00,34.4,19,34.9,0.0,0.0,3,100,6.8,88,17.385,78.4867
2025-03-02T14:00,34.5,19,33.9,0.0,0.0,3,100,8.7,82,17.385,78.4867
2025-03-02T15:00,34.3,19,32.4,0.0,0.0,3,100,10.7,82,17.385,78.4867
2025-03-02T16:00,33.7,20,31.4,0.0,0.0,3,96,11.7,86,17.385,78.4867
2025-03-02T17:00,32.9,22,30.7,0.0,0.0,1,24,11.7,86,17.385,78.4867
2025-03-02T18:00,31.6,24,29.7,0.0,0.0,0,9,9.6,98,17.385,78.4867
2025-03-02T19:00,30.7,27,29.2,0.0,0.0,3,99,8.8,109,17.385,78.4867
2025-03-02T20:00,29.8,29,28.5,0.0,0.0,1,21,8.2,126,17.385,78.4867
2025-03-02T21:00,28.9,30,27.7,0.0,0.0,0,17,7.5,107,17.385,78.4867
2025-03-02T22:00,28.0,31,27.1,0.0,0.0,0,3,5.1,117,17.385,78.4867
2025-03-02T23:00,27.3,32,26.2,0.0,0.0,0,1,5.4,116,17.385,78.4867
2025-03-03T00:00,27.0,31,25.9,0.0,0.0,0,0,4.6,169,17.385,78.4867
2025-03-03T01:00,26.6,32,25.3,0.0,0.0,0,1,5.8,144,17.385,78.4867
2025-03-03T02:00,26.1,33,25.4,0.0,0.0,0,1,2.5,184,17.385,78.4867
2025-03-03T03:00,25.0,36,23.9,0.0,0.0,0,0,5.8,196,17.385,78.4867
2025-03-03T04:00,24.0,38,22.9,0.0,0.0,0,3,4.5,182,17.385,78.4867
2025-03-03T05:00,23.5,39,22.8,0.0,0.0,0,0,3.1,267,17.385,78.4867
2025-03-03T06:00,23.7,51,24.1,0.0,0.0,0,3,3.0,256,17.385,78.4867
2025-03-03T07:00,23.6,53,23.9,0.0,0.0,0,11,5.6,266,17.385,78.4867
2025-03-03T08:00,26.1,44,26.3,0.0,0.0,1,26,4.3,270,17.385,78.4867
2025-03-03T09:00,29.6,32,29.5,0.0,0.0,2,54,3.3,248,17.385,78.4867
2025-03-03T10:00,32.1,26,32.7,0.0,0.0,2,60,2.1,239,17.385,78.4867
2025-03-03T11:00,33.7,22,34.6,0.0,0.0,3,95,4.6,306,17.385,78.4867
2025-03-03T12:00,34.8,19,35.4,0.0,0.0,1,36,7.1,315,17.385,78.4867
2025-03-03T13:00,35.5,17,35.4,0.0,0.0,1,20,9.0,325,17.385,78.4867
2025-03-03T14:00,35.6,16,34.7,0.0,0.0,1,37,10.5,331,17.385,78.4867
2025-03-03T15:00,35.5,17,33.8,0.0,0.0,1,41,10.4,330,17.385,78.4867
2025-03-03T16:00,34.8,18,32.3,0.0,0.0,1,35,11.9,337,17.385,78.4867
2025-03-03T17:00,34.0,19,31.6,0.0,0.0,0,4,11.7,346,17.385,78.4867
2025-03-03T18:00,33.0,21,31.4,0.0,0.0,1,20,6.3,353,17.385,78.4867
2025-03-03T19:00,32.1,23,30.9,0.0,0.0,1,26,4.4,7,17.385,78.4867
2025-03-03T20:00,31.4,24,29.9,0.0,0.0,0,4,7.9,78,17.385,78.4867
2025-03-03T21:00,31.5,24,30.2,0.0,0.0,0,5,5.9,92,17.385,78.4867
2025-03-03T22:00,30.5,25,29.2,0.0,0.0,1,21,5.6,112,17.385,78.4867
2025-03-03T23:00,28.9,28,27.7,0.0,0.0,0,15,5.8,99,17.385,78.4867
2025-03-04T00:00,27.7,31,26.9,0.0,0.0,1,21,3.2,128,17.385,78.4867
2025-03-04T01:00,26.3,34,25.9,0.0,0.0,0,10,1.5,284,17.385,78.4867
2025-03-04T02:00,25.0,40,24.6,0.0,0.0,3,83,4.0,260,17.385,78.4867
2025-03-04T03:00,24.2,45,23.7,0.0,0.0,3,100,6.0,249,17.385,78.4867
2025-03-04T04:00,23.6,49,23.3,0.0,0.0,3,98,6.2,292,17.385,78.4867
2025-03-04T05:00,23.0,52,23.1,0.0,0.0,2,71,4.8,290,17.385,78.4867
2025-03-04T06:00,22.8,62,23.9,0.0,0.0,3,98,4.5,284,17.385,78.4867
2025-03-04T07:00,23.5,60,24.8,0.0,0.0,1,20,3.1,270,17.385,78.4867
2025-03-04T08:00,27.1,48,28.7,0.0,0.0,3,100,0.4,180,17.385,78.4867
2025-03-04T09:00,30.7,33,30.9,0.0,0.0,3,100,3.4,58,17.385,78.4867
2025-03-04T10:00,32.7,22,31.8,0.0,0.0,3,100,6.0,53,17.385,78.4867
2025-03-04T11:00,34.2,18,34.2,0.0,0.0,2,70,6.6,55,17.385,78.4867
2025-03-04T12:00,35.1,17,35.5,0.0,0.0,3,100,6.8,55,17.385,78.4867
2025-03-04T13:00,35.6,17,35.5,0.0,0.0,3,89,7.8,52,17.385,78.4867
2025-03-04T14:00,36.0,17,35.3,0.0,0.0,3,98,10.4,45,17.385,78.4867
2025-03-04T15:00,35.7,17,33.7,0.0,0.0,3,99,12.6,33,17.385,78.4867
2025-03-04T16:00,35.1,18,32.4,0.0,0.0,3,98,13.5,23,17.385,78.4867
2025-03-04T17:00,34.5,18,31.8,0.0,0.0,3,100,13.1,30,17.385,78.4867
2025-03-04T18:00,33.2,21,31.6,0.0,0.0,3,100,7.1,56,17.385,78.4867
2025-03-04T19:00,32.0,25,31.2,0.0,0.0,3,100,4.3,85,17.385,78.4867
2025-03-04T20:00,31.3,27,30.7,0.0,0.0,3,100,3.4,108,17.385,78.4867
2025-03-04T21:00,30.4,29,29.8,0.0,0.0,1,27,4.5,106,17.385,78.4867
2025-03-04T22:00,29.2,32,28.3,0.0,0.0,3,88,7.1,124,17.385,78.4867
2025-03-04T23:00,28.4,33,27.8,0.0,0.0,0,9,5.3,114,17.385,78.4867
2025-03-05T00:00,27.8,34,27.6,0.0,0.0,0,2,2.8,55,17.385,78.4867
2025-03-05T01:00,26.7,38,26.8,0.0,0.0,3,98,1.3,286,17.385,78.4867
2025-03-05T02:00,25.4,42,25.6,0.0,0.0,3,96,1.7,252,17.385,78.4867
2025-03-05T03:00,24.4,46,23.8,0.0,0.0,3,100,8.7,288,17.385,78.4867
2025-03-05T04:00,24.4,42,23.0,0.0,0.0,2,72,10.7,318,17.385,78.4867
2025-03-05T05:00,23.9,41,22.1,0.0,0.0,3,99,11.5,333,17.385,78.4867
2025-03-05T06:00,24.1,41,22.4,0.0,0.0,3,100,10.8,357,17.385,78.4867
2025-03-05T07:00,24.7,38,23.5,0.0,0.0,3,100,7.3,16,17.385,78.4867
2025-03-05T08:00,26.1,35,25.3,0.0,0.0,3,100,4.7,88,17.385,78.4867
2025-03-05T09:00,28.3,30,27.1,0.0,0.0,1,22,6.2,41,17.385,78.4867
2025-03-05T10:00,30.4,26,29.4,0.0,0.0,0,1,9.9,33,17.385,78.4867
2025-03-05T11:00,31.8,24,31.5,0.0,0.0,0,0,11.1,36,17.385,78.4867
2025-03-05T12:00,32.7,22,32.8,0.0,0.0,0,3,10.8,32,17.385,78.4867
2025-03-05T13:00,33.4,21,33.5,0.0,0.0,0,16,10.5,25,17.385,78.4867
2025-03-05T14:00,33.7,20,33.3,0.0,0.0,0,0,10.4,17,17.385,78.4867
2025-03-05T15:00,33.5,20,32.3,0.0,0.0,0,1,9.6,6,17.385,78.4867
2025-03-05T16:00,32.9,20,30.6,0.0,0.0,0,0,10.4,2,17.385,78.4867
2025-03-05T17:00,32.2,21,29.9,0.0,0.0,0,1,10.9,20,17.385,78.4867
2025-03-05T18:00,31.2,23,29.2,0.0,0.0,0,0,8.7,34,17.385,78.4867
2025-03-05T19:00,30.6,24,29.1,0.0,0.0,0,0,5.5,32,17.385,78.4867
2025-03-05T20:00,29.8,25,28.4,0.0,0.0,0,0,5.2,56,17.385,78.4867
2025-03-05T21:00,28.3,31,27.2,0.0,0.0,0,2,6.7,71,17.385,78.4867
2025-03-05T22:00,27.1,34,26.5,0.0,0.0,3,82,4.0,90,17.385,78.4867
2025-03-05T23:00,26.0,37,25.6,0.0,0.0,3,94,2.7,262,17.385,78.4867
2025-03-06T00:00,24.9,42,24.8,0.0,0.0,3,98,3.0,256,17.385,78.4867
2025-03-06T01:00,24.3,45,24.2,0.0,0.0,3,100,3.7,299,17.385,78.4867
2025-03-06T02:00,23.8,43,23.2,0.0,0.0,3,100,5.3,322,17.385,78.4867
2025-03-06T03:00,23.2,36,21.4,0.0,0.0,1,35,7.8,320,17.385,78.4867
2025-03-06T04:00,21.9,31,19.1,0.0,0.0,2,66,9.0,330,17.385,78.4867
2025-03-06T05:00,21.2,27,18.1,0.0,0.0,1,48,8.2,337,17.385,78.4867
2025-03-06T06:00,21.1,33,18.6,0.0,0.0,2,60,7.3,332,17.385,78.4867
2025-03-06T07:00,21.4,31,18.7,0.0,0.0,2,64,7.9,339,17.385,78.4867
2025-03-06T08:00,23.8,23,20.9,0.0,0.0,0,6,6.5,352,17.385,78.4867
2025-03-06T09:00,26.6,17,23.1,0.0,0.0,0,8,8.7,14,17.385,78.4867
2025-03-06T10:00,28.7,14,25.8,0.0,0.0,0,7,11.1,22,17.385,78.4867
2025-03-06T11:00,30.0,12,28.0,0.0,0.0,0,0,10.5,17,17.385,78.4867
2025-03-06T12:00,31.0,12,29.6,0.0,0.0,0,0,10.2,10,17.385,78.4867
2025-03-06T13:00,31.8,11,30.3,0.0,0.0,1,37,10.3,7,17.385,78.4867
2025-03-06T14:00,32.3,11,30.5,0.0,0.0,3,83,9.3,8,17.385,78.4867
2025-03-06T15:00,32.5,10,29.9,0.0,0.0,3,82,8.0,9,17.385,78.4867
2025-03-06T16:00,31.9,12,28.4,0.0,0.0,3,89,8.0,18,17.385,78.4867
2025-03-06T17:00,31.0,13,27.5,0.0,0.0,0,7,8.3,30,17.385,78.4867
2025-03-06T18:00,30.0,15,26.7,0.0,0.0,0,0,8.3,30,17.385,78.4867
2025-03-06T19:00,28.9,17,26.0,0.0,0.0,0,0,6.9,33,17.385,78.4867
2025-03-06T20:00,28.2,18,25.5,0.0,0.0,0,0,5.8,51,17.385,78.4867
2025-03-06T21:00,27.2,21,24.8,0.0,0.0,0,0,5.5,41,17.385,78.4867
2025-03-06T22:00,26.1,24,23.9,0.0,0.0,0,0,4.5,74,17.385,78.4867
2025-03-06T23:00,24.8,28,22.9,0.0,0.0,0,0,4.4,81,17.385,78.4867
2025-03-07T00:00,23.9,31,22.2,0.0,0.0,0,0,4.1,75,17.385,78.4867
2025-03-07T01:00,23.3,34,21.9,0.0,0.0,0,0,3.4,93,17.385,78.4867
2025-03-07T02:00,22.3,50,22.4,0.0,0.0,0,0,1.5,36,17.385,78.4867
2025-03-07T03:00,21.8,44,21.3,0.0,0.0,0,0,2.2,325,17.385,78.4867
2025-03-07T04:00,21.4,43,20.6,0.0,0.0,0,0,2.3,309,17.385,78.4867
2025-03-07T05:00,20.8,45,20.0,0.0,0.0,0,0,2.3,302,17.385,78.4867
2025-03-07T06:00,19.3,64,19.5,0.0,0.0,0,0,3.5,291,17.385,78.4867
2025-03-07T07:00,19.6,64,20.0,0.0,0.0,0,0,2.9,274,17.385,78.4867
2025-03-07T08:00,23.9,38,23.2,0.0,0.0,0,0,2.0,315,17.385,78.4867
2025-03-07T09:00,28.2,17,25.6,0.0,0.0,0,0,4.2,43,17.385,78.4867
2025-03-07T10:00,30.5,11,27.7,0.0,0.0,0,0,8.7,52,17.385,78.4867
2025-03-07T11:00,31.7,11,29.8,0.0,0.0,0,0,9.5,46,17.385,78.4867
2025-03-07T12:00,32.5,10,31.0,0.0,0.0,0,0,9.7,43,17.385,78.4867
2025-03-07T13:00,33.1,11,31.7,0.0,0.0,0,0,9.6,43,17.385,78.4867
2025-03-07T14:00,33.4,11,31.6,0.0,0.0,0,0,9.2,43,17.385,78.4867
2025-03-07T15:00,33.2,12,30.7,0.0,0.0,0,0,8.7,47,17.385,78.4867
2025-03-07T16:00,32.7,12,29.3,0.0,0.0,0,0,8.5,44,17.385,78.4867
2025-03-07T17:00,32.1,13,28.7,0.0,0.0,0,0,8.7,43,17.385,78.4867
2025-03-07T18:00,30.8,15,27.7,0.0,0.0,0,0,7.7,59,17.385,78.4867
2025-03-07T19:00,29.6,17,26.7,0.0,0.0,0,0,7.3,81,17.385,78.4867
2025-03-07T20:00,28.5,20,25.8,0.0,0.0,0,0,7.6,98,17.385,78.4867
2025-03-07T21:00,27.6,21,25.3,0.0,0.0,0,0,5.2,90,17.385,78.4867
2025-03-07T22:00,26.4,24,24.2,0.0,0.0,0,0,5.2,124,17.385,78.4867
2025-03-07T23:00,26.0,25,24.0,0.0,0.0,0,0,4.5,85,17.385,78.4867
2025-03-08T00:00,25.3,26,23.3,0.0,0.0,0,0,4.3,75,17.385,78.4867
2025-03-08T01:00,24.6,27,23.0,0.0,0.0,0,0,1.9,221,17.385,78.4867
2025-03-08T02:00,23.1,35,22.0,0.0,0.0,0,0,1.7,257,17.385,78.4867
2025-03-08T03:00,21.4,48,21.1,0.0,0.0,0,0,1.9,241,17.385,78.4867
2025-03-08T04:00,20.3,58,20.4,0.0,0.0,0,0,2.9,277,17.385,78.4867
2025-03-08T05:00,19.8,64,20.1,0.0,0.0,0,0,3.8,278,17.385,78.4867
2025-03-08T06:00,20.3,63,20.6,0.0,0.0,0,0,4.0,275,17.385,78.4867
2025-03-08T07:00,21.1,58,21.3,0.0,0.0,0,0,4.0,231,17.385,78.4867
2025-03-08T08:00,24.9,38,24.6,0.0,0.0,0,0,1.5,277,17.385,78.4867
2025-03-08T09:00,28.7,22,27.1,0.0,0.0,0,0,1.8,180,17.385,78.4867
2025-03-08T10:00,31.3,16,30.5,0.0,0.0,0,0,1.7,167,17.385,78.4867
2025-03-08T11:00,33.2,13,33.3,0.0,0.0,0,0,0.6,252,17.385,78.4867
2025-03-08T12:00,34.4,11,34.7,0.0,0.0,0,0,2.0,275,17.385,78.4867
2025-03-08T13:00,35.3,10,35.3,0.0,0.0,0,0,3.1,283,17.385,78.4867
2025-03-08T14:00,35.8,10,34.8,0.0,0.0,0,0,5.0,308,17.385,78.4867
2025-03-08T15:00,35.7,10,33.5,0.0,0.0,0,0,6.9,327,17.385,78.4867
2025-03-08T16:00,35.1,11,32.0,0.0,0.0,0,0,7.3,344,17.385,78.4867
2025-03-08T17:00,34.4,12,31.3,0.0,0.0,0,0,7.5,21,17.385,78.4867
2025-03-08T18:00,32.4,16,29.5,0.0,0.0,0,0,8.4,80,17.385,78.4867
2025-03-08T19:00,30.9,20,28.3,0.0,0.0,0,0,9.9,92,17.385,78.4867
2025-03-08T20:00,29.2,24,27.1,0.0,0.0,0,0,8.5,125,17.385,78.4867
2025-03-08T21:00,28.3,26,26.5,0.0,0.0,0,0,7.4,113,17.385,78.4867
2025-03-08T22:00,27.5,27,25.7,0.0,0.0,0,0,6.2,112,17.385,78.4867
2025-03-08T23:00,27.1,27,25.4,0.0,0.0,0,0,5.9,113,17.385,78.4867
2025-03-09T00:00,26.5,28,24.8,0.0,0.0,0,0,5.5,131,17.385,78.4867
2025-03-09T01:00,26.0,28,24.2,0.0,0.0,0,0,5.1,148,17.385,78.4867
2025-03-09T02:00,25.2,29,23.1,0.0,0.0,0,0,7.3,123,17.385,78.4867
2025-03-09T03:00,24.5,33,22.8,0.0,0.0,0,0,6.0,119,17.385,78.4867
2025-03-09T04:00,23.7,38,22.5,0.0,0.0,0,0,5.4,96,17.385,78.4867
2025-03-09T05:00,23.1,42,22.1,0.0,0.0,0,0,6.0,97,17.385,78.4867
2025-03-09T06:00,22.6,54,22.4,0.0,0.0,0,0,6.8,115,17.385,78.4867
2025-03-09T07:00,22.8,56,23.2,0.0,0.0,0,0,5.6,111,17.385,78.4867
2025-03-09T08:00,25.0,50,25.7,0.0,0.0,0,0,4.0,117,17.385,78.4867
2025-03-09T09:00,28.1,39,28.3,0.0,0.0,0,3,5.4,127,17.385,78.4867
2025-03-09T10:00,30.7,32,31.3,0.0,0.0,1,23,7.2,141,17.385,78.4867
2025-03-09T11:00,32.6,26,33.5,0.0,0.0,0,1,7.4,141,17.385,78.4867
2025-03-09T12:00,33.7,22,34.6,0.0,0.0,0,0,8.2,130,17.385,78.4867
2025-03-09T13:00,34.4,20,34.9,0.0,0.0,0,0,8.9,119,17.385,78.4867
2025-03-09T14:00,34.7,20,34.5,0.0,0.0,0,0,9.5,111,17.385,78.4867
2025-03-09T15:00,34.4,20,33.3,0.0,0.0,0,1,10.0,108,17.385,78.4867
2025-03-09T16:00,33.9,20,31.7,0.0,0.0,0,1,11.2,105,17.385,78.4867
2025-03-09T17:00,33.0,22,30.8,0.0,0.0,0,0,12.7,102,17.385,78.4867
2025-03-09T18:00,31.8,27,30.5,0.0,0.0,0,0,10.0,108,17.385,78.4867
2025-03-09T19:00,30.9,32,30.6,0.0,0.0,0,0,7.5,100,17.385,78.4867
2025-03-09T20:00,29.9,36,29.9,0.0,0.0,0,0,7.1,66,17.385,78.4867
2025-03-09T21:00,29.1,38,29.1,0.0,0.0,0,0,7.9,89,17.385,78.4867
2025-03-09T22:00,28.1,41,27.7,0.0,0.0,0,0,10.0,97,17.385,78.4867
2025-03-09T23:00,25.9,54,26.1,0.0,0.0,0,0,12.0,133,17.385,78.4867
2025-03-10T00:00,25.2,59,26.1,0.0,0.0,0,0,9.0,142,17.385,78.4867
2025-03-10T01:00,24.5,60,25.3,0.0,0.0,0,0,8.9,117,17.385,78.4867
2025-03-10T02:00,23.5,64,24.3,0.0,0.0,0,0,8.8,102,17.385,78.4867
2025-03-10T03:00,22.5,71,23.7,0.0,0.0,0,0,8.5,107,17.385,78.4867
2025-03-10T04:00,21.7,79,23.1,0.0,0.0,0,0,9.5,101,17.385,78.4867
2025-03-10T05:00,20.9,86,22.4,0.0,0.0,0,19,10.8,105,17.385,78.4867
2025-03-10T06:00,20.7,92,22.6,0.0,0.0,2,61,11.0,111,17.385,78.4867
2025-03-10T07:00,21.3,86,23.0,0.0,0.0,1,24,10.9,114,17.385,78.4867
2025-03-10T08:00,22.9,75,24.3,0.0,0.0,1,29,10.2,116,17.385,78.4867
2025-03-10T09:00,24.9,65,26.3,0.0,0.0,0,15,9.4,116,17.385,78.4867
2025-03-10T10:00,27.3,54,29.3,0.0,0.0,0,7,9.4,120,17.385,78.4867
2025-03-10T11:00,29.8,42,32.1,0.0,0.0,0,0,9.4,120,17.385,78.4867
2025-03-10T12:00,31.6,34,33.3,0.0,0.0,0,0,10.9,117,17.385,78.4867
2025-03-10T13:00,32.4,30,33.5,0.0,0.0,0,0,12.2,114,17.385,78.4867
2025-03-10T14:00,32.6,28,33.0,0.0,0.0,0,0,12.1,108,17.385,78.4867
2025-03-10T15:00,32.6,28,32.2,0.0,0.0,0,0,11.2,100,17.385,78.4867
2025-03-10T16:00,32.2,29,31.2,0.0,0.0,0,0,10.3,95,17.385,78.4867
2025-03-10T17:00,31.4,31,30.6,0.0,0.0,0,0,10.1,88,17.385,78.4867
2025-03-10T18:00,30.4,37,30.3,0.0,0.0,0,0,9.6,98,17.385,78.4867
2025-03-10T19:00,30.1,38,30.4,0.0,0.0,0,0,7.2,87,17.385,78.4867
2025-03-10T20:00,29.4,40,29.9,0.0,0.0,0,0,6.6,73,17.385,78.4867
2025-03-10T21:00,28.4,44,29.1,0.0,0.0,0,0,6.5,62,17.385,78.4867
2025-03-10T22:00,27.8,45,28.6,0.0,0.0,0,0,5.6,68,17.385,78.4867
2025-03-10T23:00,26.9,47,27.6,0.0,0.0,0,0,5.8,106,17.385,78.4867
2025-03-11T00:00,25.8,52,26.2,0.0,0.0,0,0,9.1,148,17.385,78.4867
2025-03-11T01:00,24.5,59,25.3,0.0,0.0,0,0,8.2,151,17.385,78.4867
2025-03-11T02:00,23.8,63,24.7,0.0,0.0,0,0,8.0,124,17.385,78.4867
2025-03-11T03:00,23.2,65,24.1,0.0,0.0,0,0,8.5,117,17.385,78.4867
2025-03-11T04:00,22.6,69,23.8,0.0,0.0,0,0,7.4,104,17.385,78.4867
2025-03-11T05:00,22.1,72,23.6,0.0,0.0,0,0,6.5,93,17.385,78.4867
2025-03-11T06:00,22.1,82,24.4,0.0,0.0,1,44,6.1,120,17.385,78.4867
2025-03-11T07:00,22.5,78,25.0,0.0,0.0,0,0,4.4,120,17.385,78.4867
2025-03-11T08:00,24.8,60,26.4,0.0,0.0,0,0,3.6,108,17.385,78.4867
2025-03-11T09:00,27.9,37,27.8,0.0,0.0,0,0,5.2,106,17.385,78.4867
2025-03-11T10:00,30.2,29,29.9,0.0,0.0,0,0,8.7,108,17.385,78.4867
2025-03-11T11:00,31.7,27,32.2,0.0,0.0,0,0,9.9,91,17.385,78.4867
2025-03-11T12:00,32.7,26,33.5,0.0,0.0,0,0,10.9,84,17.385,78.4867
2025-03-11T13:00,33.4,25,33.9,0.0,0.0,0,0,12.3,83,17.385,78.4867
2025-03-11T14:00,33.6,25,33.5,0.0,0.0,0,0,13.4,79,17.385,78.4867
2025-03-11T15:00,33.3,27,32.6,0.0,0.0,0,0,12.7,82,17.385,78.4867
2025-03-11T16:00,32.7,29,31.7,0.0,0.0,0,0,11.6,84,17.385,78.4867
2025-03-11T17:00,31.8,32,31.1,0.0,0.0,0,0,12.0,83,17.385,78.4867
2025-03-11T18:00,30.9,35,30.6,0.0,0.0,0,0,9.6,94,17.385,78.4867
2025-03-11T19:00,30.3,36,30.4,0.0,0.0,0,0,6.7,93,17.385,78.4867
2025-03-11T20:00,29.6,38,29.9,0.0,0.0,0,0,5.8,99,17.385,78.4867
2025-03-11T21:00,29.0,39,29.6,0.0,0.0,0,0,4.2,130,17.385,78.4867
2025-03-11T22:00,28.3,42,29.3,0.0,0.0,0,0,1.5,225,17.385,78.4867
2025-03-11T23:00,27.2,45,28.2,0.0,0.0,0,0,2.7,228,17.385,78.4867
2025-03-12T00:00,26.3,49,27.4,0.0,0.0,0,0,3.3,264,17.385,78.4867
2025-03-12T01:00,25.3,53,26.1,0.0,0.0,0,0,6.0,153,17.385,78.4867
2025-03-12T02:00,24.5,55,25.3,0.0,0.0,0,0,5.6,173,17.385,78.4867
2025-03-12T03:00,23.9,57,24.6,0.0,0.0,0,0,6.1,199,17.385,78.4867
2025-03-12T04:00,23.2,60,23.9,0.0,0.0,0,0,6.2,224,17.385,78.4867
2025-03-12T05:00,22.5,62,23.1,0.0,0.0,0,0,6.6,237,17.385,78.4867
2025-03-12T06:00,22.4,69,23.7,0.0,0.0,0,0,6.0,245,17.385,78.4867
2025-03-12T07:00,22.9,67,24.4,0.0,0.0,0,19,4.4,261,17.385,78.4867
2025-03-12T08:00,25.7,54,27.4,0.0,0.0,3,100,2.0,243,17.385,78.4867
2025-03-12T09:00,29.1,40,29.9,0.0,0.0,3,87,3.0,205,17.385,78.4867
2025-03-12T10:00,31.3,31,32.4,0.0,0.0,3,86,3.3,167,17.385,78.4867
2025-03-12T11:00,33.1,25,34.7,0.0,0.0,0,10,3.7,145,17.385,78.4867
2025-03-12T12:00,34.5,21,36.0,0.0,0.0,0,0,4.8,127,17.385,78.4867
2025-03-12T13:00,35.4,19,36.3,0.0,0.0,0,0,6.4,117,17.385,78.4867
2025-03-12T14:00,35.8,17,35.6,0.0,0.0,0,0,9.2,107,17.385,78.4867
2025-03-12T15:00,35.7,17,34.3,0.0,0.0,0,0,10.1,106,17.385,78.4867
2025-03-12T16:00,35.0,19,32.9,0.0,0.0,0,0,10.0,108,17.385,78.4867
2025-03-12T17:00,33.9,21,32.0,0.0,0.0,0,0,10.8,105,17.385,78.4867
2025-03-12T18:00,32.5,25,31.0,0.0,0.0,0,0,10.5,102,17.385,78.4867
2025-03-12T19:00,31.4,28,30.4,0.0,0.0,0,0,7.7,121,17.385,78.4867
2025-03-12T20:00,30.2,31,29.5,0.0,0.0,0,0,6.9,137,17.385,78.4867
2025-03-12T21:00,29.5,30,28.4,0.0,0.0,0,0,8.0,138,17.385,78.4867
2025-03-12T22:00,29.0,30,27.8,0.0,0.0,0,0,7.1,139,17.385,78.4867
2025-03-12T23:00,28.3,33,27.6,0.0,0.0,0,0,5.5,122,17.385,78.4867
2025-03-13T00:00,27.8,35,26.8,0.0,0.0,0,0,7.9,137,17.385,78.4867
2025-03-13T01:00,26.8,37,25.8,0.0,0.0,0,0,8.5,155,17.385,78.4867
2025-03-13T02:00,25.6,42,24.9,0.0,0.0,0,0,8.1,167,17.385,78.4867
2025-03-13T03:00,24.7,47,24.2,0.0,0.0,0,0,9.1,207,17.385,78.4867
2025-03-13T04:00,24.2,49,23.7,0.0,0.0,0,0,9.3,230,17.385,78.4867
2025-03-13T05:00,23.7,51,23.2,0.0,0.0,0,0,9.4,232,17.385,78.4867
2025-03-13T06:00,23.8,60,24.4,0.0,0.0,3,84,8.9,230,17.385,78.4867
2025-03-13T07:00,24.4,59,25.1,0.0,0.0,2,75,8.4,236,17.385,78.4867
2025-03-13T08:00,26.6,51,27.5,0.0,0.0,0,4,7.3,232,17.385,78.4867
2025-03-13T09:00,29.9,40,30.3,0.0,0.0,0,0,8.1,231,17.385,78.4867
2025-03-13T10:00,32.5,29,32.9,0.0,0.0,0,0,9.0,226,17.385,78.4867
2025-03-13T11:00,34.2,24,35.2,0.0,0.0,0,0,7.0,224,17.385,78.4867
2025-03-13T12:00,35.5,20,37.0,0.0,0.0,0,0,4.7,230,17.385,78.4867
2025-03-13T13:00,36.4,18,38.1,0.0,0.0,0,0,2.6,236,17.385,78.4867
2025-03-13T14:00,37.1,17,38.0,0.0,0.0,0,1,3.8,221,17.385,78.4867
2025-03-13T15:00,37.6,16,36.8,0.0,0.0,1,27,7.3,211,17.385,78.4867
2025-03-13T16:00,37.1,15,35.3,0.0,0.0,2,73,6.5,226,17.385,78.4867
2025-03-13T17:00,35.9,15,34.4,0.0,0.0,0,14,2.3,231,17.385,78.4867
2025-03-13T18:00,34.4,20,33.1,0.0,0.0,1,27,4.8,79,17.385,78.4867
2025-03-13T19:00,33.3,24,32.1,0.0,0.0,0,13,7.2,93,17.385,78.4867
2025-03-13T20:00,31.8,28,30.8,0.0,0.0,0,15,8.3,156,17.385,78.4867
2025-03-13T21:00,30.6,30,29.7,0.0,0.0,2,68,8.1,162,17.385,78.4867
2025-03-13T22:00,30.6,27,29.4,0.0,0.0,0,4,7.5,150,17.385,78.4867
2025-03-13T23:00,30.2,27,28.8,0.0,0.0,1,21,7.8,146,17.385,78.4867
2025-03-14T00:00,29.5,28,28.1,0.0,0.0,0,9,8.0,160,17.385,78.4867
2025-03-14T01:00,28.5,30,27.2,0.0,0.0,0,16,6.7,117,17.385,78.4867
2025-03-14T02:00,27.6,32,26.7,0.0,0.0,0,0,5.2,117,17.385,78.4867
2025-03-14T03:00,27.3,34,26.2,0.0,0.0,0,0,7.9,196,17.385,78.4867
2025-03-14T04:00,26.3,39,25.2,0.0,0.0,0,0,9.4,218,17.385,78.4867
2025-03-14T05:00,25.5,43,24.9,0.0,0.0,0,0,8.4,223,17.385,78.4867
2025-03-14T06:00,25.6,50,25.8,0.0,0.0,0,0,8.3,213,17.385,78.4867
2025-03-14T07:00,26.4,48,26.9,0.0,0.0,0,0,6.6,223,17.385,78.4867
2025-03-14T08:00,28.5,43,29.0,0.0,0.0,0,0,6.7,234,17.385,78.4867
2025-03-14T09:00,31.1,37,31.5,0.0,0.0,0,3,7.3,216,17.385,78.4867
2025-03-14T10:00,33.6,28,34.1,0.0,0.0,0,0,8.3,214,17.385,78.4867
2025-03-14T11:00,35.2,23,36.4,0.0,0.0,0,2,6.7,232,17.385,78.4867
2025-03-14T12:00,36.3,20,37.9,0.0,0.0,0,12,5.2,256,17.385,78.4867
2025-03-14T13:00,37.1,19,38.1,0.0,0.0,0,17,5.4,266,17.385,78.4867
2025-03-14T14:00,37.4,19,37.3,0.0,0.0,1,34,7.7,281,17.385,78.4867
2025-03-14T15:00,37.3,18,36.5,0.0,0.0,1,44,5.4,290,17.385,78.4867
2025-03-14T16:00,36.7,19,36.2,0.0,0.0,2,55,0.9,307,17.385,78.4867
2025-03-14T17:00,36.1,19,34.8,0.0,0.0,3,98,5.7,103,17.385,78.4867
2025-03-14T18:00,34.2,23,32.8,0.0,0.0,0,1,10.5,96,17.385,78.4867
2025-03-14T19:00,33.5,25,32.2,0.0,0.0,0,0,10.3,95,17.385,78.4867
2025-03-14T20:00,32.6,26,31.5,0.0,0.0,0,0,8.7,108,17.385,78.4867
2025-03-14T21:00,31.4,28,30.2,0.0,0.0,0,0,9.5,109,17.385,78.4867
2025-03-14T22:00,31.1,28,30.0,0.0,0.0,0,0,8.4,113,17.385,78.4867
2025-03-14T23:00,30.5,29,29.7,0.0,0.0,0,1,6.1,137,17.385,78.4867
2025-03-15T00:00,29.6,30,28.6,0.0,0.0,0,0,7.2,115,17.385,78.4867
2025-03-15T01:00,27.9,34,26.9,0.0,0.0,0,0,8.7,137,17.385,78.4867
2025-03-15T02:00,27.1,36,26.0,0.0,0.0,0,0,9.1,146,17.385,78.4867
2025-03-15T03:00,26.4,36,25.3,0.0,0.0,0,0,7.8,136,17.385,78.4867
2025-03-15T04:00,26.3,35,25.1,0.0,0.0,0,0,6.6,135,17.385,78.4867
2025-03-15T05:00,26.1,34,25.0,0.0,0.0,0,0,5.0,180,17.385,78.4867
2025-03-15T06:00,26.0,41,25.7,0.0,0.0,0,0,4.8,207,17.385,78.4867
2025-03-15T07:00,26.3,40,26.1,0.0,0.0,0,0,4.3,242,17.385,78.4867
2025-03-15T08:00,28.4,35,28.2,0.0,0.0,0,0,3.7,235,17.385,78.4867
2025-03-15T09:00,31.3,28,30.8,0.0,0.0,0,0,4.3,202,17.385,78.4867
2025-03-15T10:00,33.9,22,33.8,0.0,0.0,0,0,6.8,178,17.385,78.4867
2025-03-15T11:00,35.5,19,35.9,0.0,0.0,0,0,7.5,153,17.385,78.4867
2025-03-15T12:00,36.6,17,37.1,0.0,0.0,0,0,7.8,130,17.385,78.4867
2025-03-15T13:00,37.2,16,37.4,0.0,0.0,0,0,8.8,121,17.385,78.4867
2025-03-15T14:00,37.4,15,36.7,0.0,0.0,0,0,10.2,118,17.385,78.4867
2025-03-15T15:00,37.0,15,35.2,0.0,0.0,0,0,12.0,120,17.385,78.4867
2025-03-15T16:00,36.3,16,33.5,0.0,0.0,0,0,12.7,122,17.385,78.4867
2025-03-15T17:00,35.3,18,32.7,0.0,0.0,0,0,13.9,127,17.385,78.4867
2025-03-15T18:00,34.0,21,31.9,0.0,0.0,0,0,11.6,129,17.385,78.4867
2025-03-15T19:00,32.9,25,31.6,0.0,0.0,0,0,8.2,123,17.385,78.4867
2025-03-15T20:00,31.8,26,30.6,0.0,0.0,0,0,7.8,116,17.385,78.4867
2025-03-15T21:00,31.1,27,29.7,0.0,0.0,0,0,9.0,128,17.385,78.4867
2025-03-15T22:00,30.1,27,28.3,0.0,0.0,0,1,10.4,132,17.385,78.4867
2025-03-15T23:00,28.8,30,27.2,0.0,0.0,0,0,10.7,150,17.385,78.4867
2025-03-16T00:00,28.0,32,26.4,0.0,0.0,0,4,10.4,163,17.385,78.4867
2025-03-16T01:00,27.6,31,25.9,0.0,0.0,0,2,9.5,165,17.385,78.4867
2025-03-16T02:00,27.3,29,25.4,0.0,0.0,0,1,8.9,161,17.385,78.4867
2025-03-16T03:00,26.9,29,24.9,0.0,0.0,0,2,8.5,152,17.385,78.4867
2025-03-16T04:00,26.5,28,24.4,0.0,0.0,0,0,8.5,153,17.385,78.4867
2025-03-16T05:00,26.3,27,24.0,0.0,0.0,0,0,8.3,176,17.385,78.4867
2025-03-16T06:00,25.8,34,24.2,0.0,0.0,0,0,8.5,187,17.385,78.4867
2025-03-16T07:00,26.4,32,24.7,0.0,0.0,0,0,8.7,194,17.385,78.4867
2025-03-16T08:00,29.0,27,27.7,0.0,0.0,0,0,5.8,200,17.385,78.4867
2025-03-16T09:00,32.6,19,30.3,0.0,0.0,0,0,8.5,182,17.385,78.4867
2025-03-16T10:00,34.7,15,32.7,0.0,0.0,0,0,11.7,162,17.385,78.4867
2025-03-16T11:00,35.8,14,34.5,0.0,0.0,0,0,12.2,155,17.385,78.4867
2025-03-16T12:00,36.6,13,35.8,0.0,0.0,0,0,11.5,151,17.385,78.4867
2025-03-16T13:00,37.0,13,36.2,0.0,0.0,0,0,10.9,144,17.385,78.4867
2025-03-16T14:00,37.2,12,35.9,0.0,0.0,0,0,10.7,140,17.385,78.4867
2025-03-16T15:00,36.9,12,34.5,0.0,0.0,0,0,11.8,146,17.385,78.4867
2025-03-16T16:00,36.3,13,32.9,0.0,0.0,0,0,12.1,148,17.385,78.4867
2025-03-16T17:00,35.5,13,32.0,0.0,0.0,0,0,12.5,144,17.385,78.4867
2025-03-16T18:00,34.1,17,31.1,0.0,0.0,0,0,12.0,140,17.385,78.4867
2025-03-16T19:00,33.1,17,30.2,0.0,0.0,0,0,10.8,134,17.385,78.4867
2025-03-16T20:00,32.0,19,29.5,0.0,0.0,0,0,8.8,147,17.385,78.4867
2025-03-16T21:00,31.2,20,28.7,0.0,0.0,0,0,8.6,149,17.385,78.4867
2025-03-16T22:00,30.0,23,27.3,0.0,0.0,0,0,12.7,137,17.385,78.4867
2025-03-16T23:00,28.5,28,26.5,0.0,0.0,0,0,9.7,146,17.385,78.4867
2025-03-17T00:00,27.8,30,26.0,0.0,0.0,0,0,9.3,161,17.385,78.4867
2025-03-17T01:00,27.5,30,25.7,0.0,0.0,0,0,8.7,175,17.385,78.4867
2025-03-17T02:00,27.0,30,25.2,0.0,0.0,0,0,7.9,197,17.385,78.4867
2025-03-17T03:00,26.0,32,24.3,0.0,0.0,0,0,8.2,203,17.385,78.4867
2025-03-17T04:00,25.3,34,23.4,0.0,0.0,0,0,9.3,207,17.385,78.4867
2025-03-17T05:00,24.9,34,23.2,0.0,0.0,0,3,8.0,208,17.385,78.4867
2025-03-17T06:00,25.0,42,24.1,0.0,0.0,0,0,8.0,214,17.385,78.4867
2025-03-17T07:00,25.5,42,25.0,0.0,0.0,0,8,7.3,203,17.385,78.4867
2025-03-17T08:00,28.0,37,27.8,0.0,0.0,2,54,5.2,209,17.385,78.4867
2025-03-17T09:00,31.4,30,31.0,0.0,0.0,3,92,5.7,229,17.385,78.4867
2025-03-17T10:00,32.7,31,33.3,0.0,0.0,2,54,10.3,277,17.385,78.4867
2025-03-17T11:00,34.3,23,35.5,0.0,0.0,0,0,6.6,261,17.385,78.4867
2025-03-17T12:00,35.7,18,37.0,0.0,0.0,3,89,4.7,252,17.385,78.4867
2025-03-17T13:00,36.6,16,37.7,0.0,0.0,3,100,4.4,251,17.385,78.4867
2025-03-17T14:00,37.2,15,37.5,0.0,0.0,3,100,4.3,253,17.385,78.4867
2025-03-17T15:00,37.6,14,36.5,0.0,0.0,3,100,5.9,252,17.385,78.4867
2025-03-17T16:00,37.5,13,35.3,0.0,0.0,3,100,6.3,239,17.385,78.4867
2025-03-17T17:00,36.2,14,33.7,0.0,0.0,3,100,7.3,83,17.385,78.4867
2025-03-17T18:00,34.1,18,31.4,0.0,0.0,3,100,12.1,91,17.385,78.4867
2025-03-17T19:00,33.1,19,30.4,0.0,0.0,3,99,11.4,101,17.385,78.4867
2025-03-17T20:00,32.0,21,29.8,0.0,0.0,3,100,9.3,108,17.385,78.4867
2025-03-17T21:00,31.7,21,30.0,0.0,0.0,3,100,6.1,109,17.385,78.4867
2025-03-17T22:00,31.0,23,29.4,0.0,0.0,0,14,5.8,106,17.385,78.4867
2025-03-17T23:00,30.2,25,28.8,0.0,0.0,1,39,6.0,95,17.385,78.4867
2025-03-18T00:00,29.4,27,28.0,0.0,0.0,1,36,6.6,131,17.385,78.4867
2025-03-18T01:00,28.4,31,27.2,0.0,0.0,1,42,7.3,147,17.385,78.4867
2025-03-18T02:00,27.6,34,26.8,0.0,0.0,1,45,5.4,166,17.385,78.4867
2025-03-18T03:00,27.0,35,26.6,0.0,0.0,1,35,3.3,81,17.385,78.4867
2025-03-18T04:00,26.6,35,25.8,0.0,0.0,0,13,5.2,115,17.385,78.4867
2025-03-18T05:00,26.4,35,25.7,0.0,0.0,0,6,3.6,117,17.385,78.4867
2025-03-18T06:00,26.2,49,26.8,0.0,0.0,0,6,5.4,120,17.385,78.4867
2025-03-18T07:00,26.6,47,27.6,0.0,0.0,0,0,2.4,333,17.385,78.4867
2025-03-18T08:00,28.6,41,29.7,0.0,0.0,0,0,1.0,121,17.385,78.4867
2025-03-18T09:00,31.0,33,31.5,0.0,0.0,0,0,3.2,153,17.385,78.4867
2025-03-18T10:00,33.5,23,33.8,0.0,0.0,0,0,5.2,149,17.385,78.4867
2025-03-18T11:00,35.3,19,35.8,0.0,0.0,0,10,6.5,136,17.385,78.4867
2025-03-18T12:00,36.4,16,36.9,0.0,0.0,1,31,7.8,122,17.385,78.4867
2025-03-18T13:00,36.9,15,36.9,0.0,0.0,1,34,9.4,120,17.385,78.4867
2025-03-18T14:00,37.0,15,36.1,0.0,0.0,1,40,11.4,119,17.385,78.4867
2025-03-18T15:00,36.7,16,34.8,0.0,0.0,3,94,12.5,130,17.385,78.4867
2025-03-18T16:00,36.1,17,33.3,0.0,0.0,3,96,12.9,140,17.385,78.4867
2025-03-18T17:00,35.0,18,32.2,0.0,0.0,3,100,13.6,137,17.385,78.4867
2025-03-18T18:00,33.7,22,31.7,0.0,0.0,3,100,12.2,133,17.385,78.4867
2025-03-18T19:00,32.7,26,31.4,0.0,0.0,3,96,9.8,114,17.385,78.4867
2025-03-18T20:00,31.9,28,30.9,0.0,0.0,3,96,8.4,115,17.385,78.4867
2025-03-18T21:00,31.2,29,30.3,0.0,0.0,3,95,8.2,123,17.385,78.4867
2025-03-18T22:00,30.1,31,29.2,0.0,0.0,3,91,8.7,128,17.385,78.4867
2025-03-18T23:00,29.1,31,27.6,0.0,0.0,3,82,11.0,142,17.385,78.4867
2025-03-19T00:00,28.1,35,26.8,0.0,0.0,1,24,10.8,142,17.385,78.4867
2025-03-19T01:00,27.1,41,26.4,0.0,0.0,0,0,10.5,143,17.385,78.4867
2025-03-19T02:00,26.5,43,26.1,0.0,0.0,0,0,9.0,150,17.385,78.4867
2025-03-19T03:00,26.2,42,25.6,0.0,0.0,0,0,8.3,146,17.385,78.4867
2025-03-19T04:00,25.9,39,24.9,0.0,0.0,0,0,8.2,123,17.385,78.4867
2025-03-19T05:00,25.3,37,23.9,0.0,0.0,0,0,8.6,101,17.385,78.4867
2025-03-19T06:00,24.6,57,25.1,0.0,0.0,0,0,9.5,111,17.385,78.4867
2025-03-19T07:00,24.9,55,25.7,0.0,0.0,0,0,6.1,140,17.385,78.4867
2025-03-19T08:00,26.8,48,27.4,0.0,0.0,0,0,7.0,206,17.385,78.4867
2025-03-19T09:00,29.0,50,30.0,0.0,0.0,0,0,11.1,200,17.385,78.4867
2025-03-19T10:00,31.7,36,32.4,0.0,0.0,0,0,12.3,183,17.385,78.4867
2025-03-19T11:00,33.9,25,34.1,0.0,0.0,0,0,12.8,169,17.385,78.4867
2025-03-19T12:00,35.3,18,34.7,0.0,0.0,0,0,13.7,159,17.385,78.4867
2025-03-19T13:00,35.8,17,35.1,0.0,0.0,0,0,13.4,152,17.385,78.4867
2025-03-19T14:00,36.1,15,34.8,0.0,0.0,0,0,12.7,147,17.385,78.4867
2025-03-19T15:00,35.9,15,33.7,0.0,0.0,0,0,12.7,137,17.385,78.4867
2025-03-19T16:00,35.4,15,32.2,0.0,0.0,0,0,13.8,133,17.385,78.4867
2025-03-19T17:00,34.7,14,31.3,0.0,0.0,0,1,12.6,131,17.385,78.4867
2025-03-19T18:00,33.5,17,31.0,0.0,0.0,0,2,9.7,130,17.385,78.4867
2025-03-19T19:00,32.4,20,30.1,0.0,0.0,0,1,9.5,104,17.385,78.4867
2025-03-19T20:00,31.6,22,29.3,0.0,0.0,0,1,10.8,123,17.385,78.4867
2025-03-19T21:00,30.1,28,27.9,0.0,0.0,0,1,13.9,130,17.385,78.4867
2025-03-19T22:00,28.0,42,27.5,0.0,0.0,0,1,12.7,133,17.385,78.4867
2025-03-19T23:00,26.8,50,27.2,0.0,0.0,0,0,10.6,122,17.385,78.4867
2025-03-20T00:00,25.7,58,26.7,0.0,0.0,0,0,9.9,119,17.385,78.4867
2025-03-20T01:00,24.7,66,26.0,0.0,0.0,0,0,10.9,123,17.385,78.4867
2025-03-20T02:00,23.8,73,25.6,0.0,0.0,0,0,10.0,123,17.385,78.4867
2025-03-20T03:00,23.2,78,25.4,0.0,0.0,0,0,9.0,121,17.385,78.4867
2025-03-20T04:00,22.6,82,24.6,0.0,0.0,0,7,10.7,119,17.385,78.4867
2025-03-20T05:00,22.1,89,24.3,0.0,0.0,1,21,11.3,124,17.385,78.4867
2025-03-20T06:00,22.5,90,25.4,0.0,0.0,1,22,8.7,143,17.385,78.4867
2025-03-20T07:00,23.0,86,25.6,0.0,0.0,1,46,9.8,163,17.385,78.4867
2025-03-20T08:00,24.7,76,27.7,0.0,0.0,1,26,5.8,164,17.385,78.4867
2025-03-20T09:00,26.9,64,29.9,0.0,0.0,0,0,4.6,193,17.385,78.4867
2025-03-20T10:00,29.6,51,32.9,0.0,0.0,0,0,6.1,199,17.385,78.4867
2025-03-20T11:00,32.1,38,34.9,0.0,0.0,0,0,7.7,192,17.385,78.4867
2025-03-20T12:00,33.7,31,36.4,0.0,0.0,0,4,7.4,181,17.385,78.4867
2025-03-20T13:00,34.8,27,36.7,0.0,0.0,0,15,7.7,168,17.385,78.4867
2025-03-20T14:00,35.2,25,35.9,0.0,0.0,0,6,8.5,159,17.385,78.4867
2025-03-20T15:00,35.3,23,35.1,0.0,0.0,0,6,9.1,153,17.385,78.4867
2025-03-20T16:00,34.9,22,33.5,0.0,0.0,0,3,10.2,154,17.385,78.4867
2025-03-20T17:00,34.0,24,32.5,0.0,0.0,0,7,10.7,147,17.385,78.4867
2025-03-20T18:00,32.5,30,31.6,0.0,0.0,0,10,11.7,144,17.385,78.4867
2025-03-20T19:00,31.6,36,31.8,0.0,0.0,0,9,9.5,129,17.385,78.4867
2025-03-20T20:00,30.8,39,31.2,0.0,0.0,0,7,8.3,120,17.385,78.4867
2025-03-20T21:00,30.4,36,30.3,0.0,0.0,0,2,8.7,112,17.385,78.4867
2025-03-20T22:00,29.2,38,28.2,0.0,0.0,0,1,13.8,129,17.385,78.4867
2025-03-20T23:00,26.9,54,27.7,0.0,0.0,0,1,10.7,134,17.385,78.4867
2025-03-21T00:00,26.0,60,27.3,0.0,0.0,0,0,9.9,123,17.385,78.4867
2025-03-21T01:00,25.2,64,26.7,0.0,0.0,0,16,8.9,118,17.385,78.4867
2025-03-21T02:00,24.4,66,26.1,0.0,0.0,0,17,7.2,115,17.385,78.4867
2025-03-21T03:00,23.7,69,25.3,0.0,0.0,0,0,7.7,126,17.385,78.4867
2025-03-21T04:00,23.2,72,25.0,0.0,0.0,0,0,6.8,132,17.385,78.4867
2025-03-21T05:00,22.7,76,24.8,0.0,0.0,0,0,6.6,123,17.385,78.4867
2025-03-21T06:00,22.4,84,25.2,0.0,0.0,0,1,4.9,141,17.385,78.4867
2025-03-21T07:00,23.1,80,26.2,0.0,0.0,0,1,3.6,162,17.385,78.4867
2025-03-21T08:00,25.6,66,28.0,0.0,0.0,0,0,5.7,156,17.385,78.4867
2025-03-21T09:00,28.3,54,29.9,0.0,0.0,0,0,9.2,168,17.385,78.4867
2025-03-21T10:00,30.8,42,32.4,0.0,0.0,0,0,10.8,175,17.385,78.4867
2025-03-21T11:00,32.7,34,34.5,0.0,0.0,1,26,10.8,185,17.385,78.4867
2025-03-21T12:00,33.8,30,35.2,0.0,0.0,0,19,9.7,180,17.385,78.4867
2025-03-21T13:00,34.7,27,35.8,0.0,0.0,0,11,9.7,181,17.385,78.4867
2025-03-21T14:00,35.7,25,36.6,0.0,0.0,0,13,10.1,192,17.385,78.4867
2025-03-21T15:00,35.8,24,35.6,0.0,0.0,1,37,10.0,203,17.385,78.4867
2025-03-21T16:00,35.3,24,33.9,0.0,0.0,1,21,13.0,199,17.385,78.4867
2025-03-21T17:00,34.7,25,33.4,0.0,0.0,2,50,11.7,195,17.385,78.4867
2025-03-21T18:00,33.5,27,32.7,0.0,0.0,1,31,9.7,230,17.385,78.4867
2025-03-21T19:00,32.9,28,32.6,0.0,0.0,2,56,5.7,252,17.385,78.4867
2025-03-21T20:00,31.0,36,31.4,0.0,0.0,1,47,6.3,24,17.385,78.4867
2025-03-21T21:00,26.8,55,26.6,0.0,0.0,2,66,18.1,332,17.385,78.4867
2025-03-21T22:00,26.5,57,28.7,0.0,0.0,2,52,2.3,72,17.385,78.4867
2025-03-21T23:00,27.0,55,29.1,0.0,0.0,1,29,3.1,135,17.385,78.4867
2025-03-22T00:00,26.5,55,27.4,0.0,0.0,1,27,10.5,117,17.385,78.4867
2025-03-22T01:00,25.8,57,26.8,0.0,0.0,1,25,8.9,114,17.385,78.4867
2025-03-22T02:00,25.4,58,26.3,0.0,0.0,1,21,9.6,94,17.385,78.4867
2025-03-22T03:00,24.9,65,26.3,0.0,0.0,1,20,9.9,109,17.385,78.4867
2025-03-22T04:00,24.4,71,26.3,0.0,0.0,0,15,8.3,117,17.385,78.4867
2025-03-22T05:00,23.9,75,26.1,0.0,0.0,0,18,8.1,119,17.385,78.4867
2025-03-22T06:00,23.0,89,26.1,0.0,0.0,2,54,9.6,118,17.385,78.4867
2025-03-22T07:00,23.4,88,26.5,0.0,0.0,1,37,9.4,126,17.385,78.4867
2025-03-22T08:00,25.1,78,28.5,0.0,0.0,0,10,6.1,124,17.385,78.4867
2025-03-22T09:00,27.4,66,30.6,0.0,0.0,0,2,6.0,127,17.385,78.4867
2025-03-22T10:00,29.7,55,33.3,0.0,0.0,0,5,7.7,139,17.385,78.4867
2025-03-22T11:00,31.7,44,35.1,0.0,0.0,1,28,7.9,147,17.385,78.4867
2025-03-22T12:00,33.0,39,36.3,0.0,0.0,1,30,7.4,154,17.385,78.4867
2025-03-22T13:00,33.8,36,37.1,0.0,0.0,1,44,7.1,161,17.385,78.4867
2025-03-22T14:00,33.8,34,35.4,0.0,0.0,3,100,7.1,164,17.385,78.4867
2025-03-22T15:00,31.3,43,32.3,0.3,0.3,51,51,9.9,69,17.385,78.4867
2025-03-22T16:00,26.7,59,27.8,0.2,0.2,51,64,11.3,46,17.385,78.4867
2025-03-22T17:00,28.0,52,29.8,0.0,0.0,1,23,5.9,76,17.385,78.4867
2025-03-22T18:00,27.3,57,29.2,0.0,0.0,1,45,6.9,139,17.385,78.4867
2025-03-22T19:00,26.1,62,28.0,0.0,0.0,1,42,7.5,100,17.385,78.4867
2025-03-22T20:00,25.5,65,27.0,0.0,0.0,1,29,10.3,168,17.385,78.4867
2025-03-22T21:00,25.2,68,27.0,0.0,0.0,0,14,10.1,137,17.385,78.4867
2025-03-22T22:00,25.4,67,27.1,0.0,0.0,0,5,10.8,152,17.385,78.4867
2025-03-22T23:00,25.0,70,27.2,0.0,0.0,0,0,8.9,117,17.385,78.4867
2025-03-23T00:00,24.5,75,26.9,0.0,0.0,0,0,9.1,112,17.385,78.4867
2025-03-23T01:00,24.2,78,26.8,0.0,0.0,0,15,8.6,123,17.385,78.4867
2025-03-23T02:00,23.8,81,26.9,0.0,0.0,0,0,6.4,119,17.385,78.4867
2025-03-23T03:00,23.5,84,26.6,0.0,0.0,0,11,6.8,148,17.385,78.4867
2025-03-23T04:00,23.1,87,26.4,0.0,0.0,0,12,6.4,158,17.385,78.4867
2025-03-23T05:00,22.8,89,26.3,0.0,0.0,0,0,6.1,152,17.385,78.4867
2025-03-23T06:00,23.3,89,27.3,0.0,0.0,0,0,4.6,138,17.385,78.4867
2025-03-23T07:00,24.0,86,28.1,0.0,0.0,0,0,3.2,137,17.385,78.4867
2025-03-23T08:00,26.0,74,29.7,0.0,0.0,0,0,4.5,164,17.385,78.4867
2025-03-23T09:00,28.2,62,31.6,0.0,0.0,0,0,4.5,166,17.385,78.4867
2025-03-23T10:00,30.3,51,34.3,0.0,0.0,0,10,3.2,153,17.385,78.4867
2025-03-23T11:00,31.7,42,35.5,0.0,0.0,1,20,3.5,129,17.385,78.4867
2025-03-23T12:00,32.2,39,35.3,0.0,0.0,1,41,4.7,94,17.385,78.4867
2025-03-23T13:00,32.2,39,35.1,0.0,0.0,1,29,5.4,92,17.385,78.4867
2025-03-23T14:00,32.2,39,35.2,0.1,0.1,51,20,2.5,98,17.385,78.4867
2025-03-23T15:00,32.3,38,34.6,0.0,0.0,1,26,1.2,321,17.385,78.4867
2025-03-23T16:00,32.1,38,33.8,0.0,0.0,1,29,2.2,294,17.385,78.4867
2025-03-23T17:00,32.0,37,33.3,0.0,0.0,1,22,3.9,127,17.385,78.4867
2025-03-23T18:00,28.6,56,31.4,0.0,0.0,1,27,3.3,139,17.385,78.4867
2025-03-23T19:00,28.2,59,31.5,0.0,0.0,0,11,1.6,90,17.385,78.4867
2025-03-23T20:00,27.8,62,31.2,0.0,0.0,0,7,2.8,105,17.385,78.4867
2025-03-23T21:00,27.3,65,30.8,0.0,0.0,0,7,3.3,96,17.385,78.4867
2025-03-23T22:00,26.8,68,30.2,0.0,0.0,0,1,4.8,105,17.385,78.4867
2025-03-23T23:00,26.4,69,29.0,0.0,0.0,0,6,8.9,135,17.385,78.4867
2025-03-24T00:00,25.6,70,28.0,0.0,0.0,0,5,9.1,141,17.385,78.4867
2025-03-24T01:00,25.0,73,27.4,0.0,0.0,0,2,9.4,138,17.385,78.4867
2025-03-24T02:00,24.3,78,27.0,0.0,0.0,0,0,7.9,133,17.385,78.4867
2025-03-24T03:00,23.7,82,26.8,0.0,0.0,0,7,6.7,126,17.385,78.4867
2025-03-24T04:00,23.3,85,26.5,0.0,0.0,0,15,6.4,112,17.385,78.4867
2025-03-24T05:00,22.8,89,26.2,0.0,0.0,0,0,6.1,92,17.385,78.4867
2025-03-24T06:00,23.2,90,27.1,0.0,0.0,0,0,5.1,108,17.385,78.4867
2025-03-24T07:00,23.9,87,27.9,0.0,0.0,0,3,4.3,147,17.385,78.4867
2025-03-24T08:00,25.5,78,29.7,0.0,0.0,0,1,2.9,176,17.385,78.4867
2025-03-24T09:00,27.7,66,31.6,0.0,0.0,0,0,2.0,180,17.385,78.4867
2025-03-24T10:00,29.8,53,34.1,0.0,0.0,0,9,1.8,135,17.385,78.4867
2025-03-24T11:00,31.4,42,35.3,0.0,0.0,0,18,3.0,73,17.385,78.4867
2025-03-24T12:00,32.6,36,35.7,0.0,0.0,0,13,6.0,61,17.385,78.4867
2025-03-24T13:00,33.2,32,35.2,0.0,0.0,0,16,8.8,49,17.385,78.4867
2025-03-24T14:00,33.3,29,34.0,0.0,0.0,0,16,9.2,55,17.385,78.4867
2025-03-24T15:00,33.2,29,33.3,0.0,0.0,0,8,8.9,54,17.385,78.4867
2025-03-24T16:00,32.8,30,32.6,0.0,0.0,0,16,8.1,53,17.385,78.4867
2025-03-24T17:00,32.2,32,32.2,0.0,0.0,0,6,6.9,59,17.385,78.4867
2025-03-24T18:00,30.8,38,31.3,0.0,0.0,0,11,7.2,84,17.385,78.4867
2025-03-24T19:00,30.2,41,31.0,0.0,0.0,0,6,7.0,94,17.385,78.4867
2025-03-24T20:00,29.3,44,30.4,0.0,0.0,0,12,5.8,83,17.385,78.4867
2025-03-24T21:00,28.6,47,29.7,0.0,0.0,0,3,7.2,53,17.385,78.4867
2025-03-24T22:00,28.1,49,29.6,0.0,0.0,0,1,4.4,55,17.385,78.4867
2025-03-24T23:00,27.7,49,29.2,0.0,0.0,0,0,3.5,141,17.385,78.4867
2025-03-25T00:00,26.9,52,28.7,0.0,0.0,0,0,2.9,210,17.385,78.4867
2025-03-25T01:00,26.0,56,27.6,0.0,0.0,0,0,4.2,220,17.385,78.4867
2025-03-25T02:00,25.3,59,26.5,0.0,0.0,0,0,7.3,113,17.385,78.4867
2025-03-25T03:00,25.1,59,26.8,0.0,0.0,0,0,3.4,87,17.385,78.4867
2025-03-25T04:00,24.1,64,25.8,0.0,0.0,0,0,4.9,92,17.385,78.4867
2025-03-25T05:00,23.4,67,25.2,0.0,0.0,0,0,3.9,103,17.385,78.4867
2025-03-25T06:00,23.0,79,26.1,0.0,0.0,0,0,2.6,115,17.385,78.4867
2025-03-25T07:00,23.8,77,27.3,0.0,0.0,0,0,1.3,270,17.385,78.4867
2025-03-25T08:00,26.3,66,29.6,0.0,0.0,0,0,1.4,203,17.385,78.4867
2025-03-25T09:00,29.3,49,31.5,0.0,0.0,0,0,2.7,157,17.385,78.4867
2025-03-25T10:00,31.5,36,34.0,0.0,0.0,0,7,1.8,84,17.385,78.4867
2025-03-25T11:00,33.0,28,35.0,0.0,0.0,0,12,4.7,50,17.385,78.4867
2025-03-25T12:00,33.7,25,35.1,0.0,0.0,0,16,6.4,45,17.385,78.4867
2025-03-25T13:00,34.1,24,35.4,0.0,0.0,0,5,6.5,48,17.385,78.4867
2025-03-25T14:00,34.5,24,35.6,0.0,0.0,0,7,6.5,48,17.385,78.4867
2025-03-25T15:00,34.4,23,34.3,0.0,0.0,0,5,6.6,47,17.385,78.4867
2025-03-25T16:00,34.3,23,33.1,0.0,0.0,0,5,8.4,48,17.385,78.4867
2025-03-25T17:00,33.5,25,32.2,0.0,0.0,0,4,10.1,46,17.385,78.4867
2025-03-25T18:00,32.1,28,31.2,0.0,0.0,0,1,8.9,63,17.385,78.4867
2025-03-25T19:00,30.8,33,30.4,0.0,0.0,0,0,8.5,115,17.385,78.4867
2025-03-25T20:00,30.0,36,30.0,0.0,0.0,0,1,6.2,126,17.385,78.4867
2025-03-25T21:00,29.7,36,29.8,0.0,0.0,0,0,5.7,118,17.385,78.4867
2025-03-25T22:00,28.8,38,28.7,0.0,0.0,0,0,6.6,145,17.385,78.4867
2025-03-25T23:00,27.7,41,27.8,0.0,0.0,0,0,6.2,154,17.385,78.4867
2025-03-26T00:00,26.8,44,26.9,0.0,0.0,0,0,6.5,124,17.385,78.4867
2025-03-26T01:00,26.5,45,26.6,0.0,0.0,0,0,6.6,137,17.385,78.4867
2025-03-26T02:00,26.0,45,25.8,0.0,0.0,0,0,7.7,171,17.385,78.4867
2025-03-26T03:00,25.3,48,25.7,0.0,0.0,0,0,5.2,236,17.385,78.4867
2025-03-26T04:00,24.5,53,24.9,0.0,0.0,0,0,6.3,215,17.385,78.4867
2025-03-26T05:00,24.0,56,24.6,0.0,0.0,0,0,5.7,229,17.385,78.4867
2025-03-26T06:00,24.6,59,25.8,0.0,0.0,0,0,5.4,240,17.385,78.4867
2025-03-26T07:00,25.3,56,26.4,0.0,0.0,0,0,6.4,241,17.385,78.4867
2025-03-26T08:00,27.3,49,28.1,0.0,0.0,0,0,7.8,233,17.385,78.4867
2025-03-26T09:00,29.8,43,30.8,0.0,0.0,0,0,7.4,229,17.385,78.4867
2025-03-26T10:00,32.0,33,33.6,0.0,0.0,0,0,6.5,224,17.385,78.4867
2025-03-26T11:00,33.5,27,35.8,0.0,0.0,0,0,3.3,229,17.385,78.4867
2025-03-26T12:00,34.8,22,37.5,0.0,0.0,0,0,0.7,270,17.385,78.4867
2025-03-26T13:00,35.7,19,37.6,0.0,0.0,0,0,2.5,21,17.385,78.4867
2025-03-26T14:00,36.2,18,36.6,0.0,0.0,0,0,6.2,49,17.385,78.4867
2025-03-26T15:00,36.1,17,34.5,0.0,0.0,3,96,11.9,63,17.385,78.4867
2025-03-26T16:00,34.7,20,32.4,0.0,0.0,0,15,13.1,67,17.385,78.4867
2025-03-26T17:00,34.0,22,32.0,0.0,0.0,0,7,12.0,76,17.385,78.4867
2025-03-26T18:00,32.5,26,30.9,0.0,0.0,0,0,11.2,100,17.385,78.4867
2025-03-26T19:00,32.0,26,30.5,0.0,0.0,0,0,10.1,119,17.385,78.4867
2025-03-26T20:00,31.0,27,29.8,0.0,0.0,0,0,8.3,103,17.385,78.4867
2025-03-26T21:00,30.1,30,28.9,0.0,0.0,0,0,9.1,111,17.385,78.4867
2025-03-26T22:00,29.0,33,28.1,0.0,0.0,0,0,8.7,132,17.385,78.4867
2025-03-26T23:00,28.6,34,27.8,0.0,0.0,0,0,7.2,141,17.385,78.4867
2025-03-27T00:00,28.1,35,27.3,0.0,0.0,0,0,7.1,159,17.385,78.4867
2025-03-27T01:00,27.3,37,26.3,0.0,0.0,0,0,8.9,153,17.385,78.4867
2025-03-27T02:00,26.4,41,25.9,0.0,0.0,0,0,7.6,188,17.385,78.4867
2025-03-27T03:00,25.6,45,25.5,0.0,0.0,0,0,6.8,217,17.385,78.4867
2025-03-27T04:00,25.3,47,25.3,0.0,0.0,0,0,6.8,197,17.385,78.4867
2025-03-27T05:00,25.1,48,25.2,0.0,0.0,0,0,6.5,224,17.385,78.4867
2025-03-27T06:00,25.2,56,26.1,0.0,0.0,0,0,6.8,243,17.385,78.4867
2025-03-27T07:00,25.8,54,26.1,0.0,0.0,0,0,10.8,252,17.385,78.4867
2025-03-27T08:00,27.2,52,27.6,0.0,0.0,0,0,12.3,248,17.385,78.4867
2025-03-27T09:00,30.0,43,30.4,0.0,0.0,0,0,11.8,243,17.385,78.4867
2025-03-27T10:00,32.6,31,33.1,0.0,0.0,0,0,10.9,243,17.385,78.4867
2025-03-27T11:00,34.3,25,35.6,0.0,0.0,0,0,8.4,247,17.385,78.4867
2025-03-27T12:00,35.5,22,37.4,0.0,0.0,0,0,5.5,261,17.385,78.4867
2025-03-27T13:00,36.7,19,38.4,0.0,0.0,1,28,4.1,299,17.385,78.4867
2025-03-27T14:00,37.5,16,37.2,0.0,0.0,3,94,6.2,338,17.385,78.4867
2025-03-27T15:00,36.8,17,34.3,0.0,0.0,1,47,13.4,5,17.385,78.4867
2025-03-27T16:00,35.5,19,32.7,0.0,0.0,0,13,15.4,21,17.385,78.4867
2025-03-27T17:00,35.2,18,33.1,0.0,0.0,0,1,9.9,29,17.385,78.4867
2025-03-27T18:00,34.1,20,32.1,0.0,0.0,0,0,9.7,25,17.385,78.4867
2025-03-27T19:00,33.5,22,32.2,0.0,0.0,0,0,6.8,68,17.385,78.4867
2025-03-27T20:00,32.0,28,30.9,0.0,0.0,0,0,9.1,107,17.385,78.4867
2025-03-27T21:00,31.2,30,30.7,0.0,0.0,0,0,6.8,92,17.385,78.4867
2025-03-27T22:00,30.6,31,29.8,0.0,0.0,0,0,7.5,132,17.385,78.4867
2025-03-27T23:00,29.3,33,28.7,0.0,0.0,0,0,6.2,136,17.385,78.4867
2025-03-28T00:00,28.5,35,28.2,0.0,0.0,0,0,4.9,114,17.385,78.4867
2025-03-28T01:00,27.9,36,27.7,0.0,0.0,0,0,4.5,143,17.385,78.4867
2025-03-28T02:00,27.6,37,27.2,0.0,0.0,0,0,5.9,192,17.385,78.4867
2025-03-28T03:00,26.9,40,26.5,0.0,0.0,0,0,7.4,177,17.385,78.4867
2025-03-28T04:00,26.7,40,26.6,0.0,0.0,0,0,4.5,143,17.385,78.4867
2025-03-28T05:00,26.5,41,26.4,0.0,0.0,0,0,4.6,162,17.385,78.4867
2025-03-28T06:00,26.1,46,26.1,0.0,0.0,0,8,8.0,245,17.385,78.4867
2025-03-28T07:00,26.9,45,26.9,0.0,0.0,0,14,8.4,251,17.385,78.4867
2025-03-28T08:00,29.2,41,29.5,0.0,0.0,0,1,8.0,232,17.385,78.4867
2025-03-28T09:00,32.2,34,32.7,0.0,0.0,0,0,6.9,225,17.385,78.4867
2025-03-28T10:00,34.0,30,35.3,0.0,0.0,1,38,7.9,267,17.385,78.4867
2025-03-28T11:00,34.9,26,35.8,0.0,0.0,0,13,8.1,264,17.385,78.4867
2025-03-28T12:00,36.2,22,38.1,0.0,0.0,1,42,4.9,260,17.385,78.4867
2025-03-28T13:00,37.4,19,38.6,0.0,0.0,2,52,3.4,252,17.385,78.4867
2025-03-28T14:00,37.8,17,37.3,0.0,0.0,3,96,3.6,276,17.385,78.4867
2025-03-28T15:00,36.9,18,35.6,0.0,0.0,3,92,6.0,350,17.385,78.4867
2025-03-28T16:00,36.2,20,34.8,0.0,0.0,3,99,8.3,20,17.385,78.4867
2025-03-28T17:00,35.9,21,35.1,0.0,0.0,2,52,5.1,58,17.385,78.4867
2025-03-28T18:00,34.9,22,33.9,0.0,0.0,0,11,5.9,55,17.385,78.4867
2025-03-28T19:00,34.2,23,33.3,0.0,0.0,0,4,6.3,53,17.385,78.4867
2025-03-28T20:00,33.0,26,32.4,0.0,0.0,0,5,5.4,76,17.385,78.4867
2025-03-28T21:00,32.0,29,31.8,0.0,0.0,0,3,4.5,92,17.385,78.4867
2025-03-28T22:00,31.1,32,31.0,0.0,0.0,0,2,6.1,133,17.385,78.4867
2025-03-28T23:00,30.1,35,30.2,0.0,0.0,0,6,5.4,132,17.385,78.4867
2025-03-29T00:00,29.4,36,29.5,0.0,0.0,0,0,5.6,135,17.385,78.4867
2025-03-29T01:00,29.0,37,29.1,0.0,0.0,0,0,5.2,104,17.385,78.4867
2025-03-29T02:00,28.3,38,28.4,0.0,0.0,0,0,5.2,124,17.385,78.4867
2025-03-29T03:00,27.6,39,27.5,0.0,0.0,0,0,6.2,163,17.385,78.4867
2025-03-29T04:00,26.8,42,26.7,0.0,0.0,0,0,6.3,211,17.385,78.4867
2025-03-29T05:00,26.2,45,26.2,0.0,0.0,0,0,7.4,238,17.385,78.4867
2025-03-29T06:00,27.2,45,27.5,0.0,0.0,0,13,7.1,229,17.385,78.4867
2025-03-29T07:00,27.9,44,28.5,0.0,0.0,0,12,5.4,320,17.385,78.4867
2025-03-29T08:00,29.2,39,29.3,0.0,0.0,0,3,8.0,306,17.385,78.4867
2025-03-29T09:00,31.6,33,31.5,0.0,0.0,0,2,7.9,287,17.385,78.4867
2025-03-29T10:00,33.5,28,34.3,0.0,0.0,0,1,7.6,266,17.385,78.4867
2025-03-29T11:00,34.9,25,36.5,0.0,0.0,0,0,7.4,256,17.385,78.4867
2025-03-29T12:00,36.0,23,38.1,0.0,0.0,1,29,6.1,247,17.385,78.4867
2025-03-29T13:00,36.9,21,38.1,0.0,0.0,1,33,5.9,227,17.385,78.4867
2025-03-29T14:00,37.6,19,37.4,0.0,0.0,3,99,7.7,217,17.385,78.4867
2025-03-29T15:00,37.0,19,35.8,0.0,0.0,3,100,7.2,235,17.385,78.4867
2025-03-29T16:00,36.8,19,35.8,0.0,0.0,3,100,4.8,292,17.385,78.4867
2025-03-29T17:00,36.0,20,35.0,0.0,0.0,3,85,5.6,4,17.385,78.4867
2025-03-29T18:00,34.8,22,34.2,0.0,0.0,0,17,3.9,16,17.385,78.4867
2025-03-29T19:00,34.4,23,34.1,0.0,0.0,0,0,2.7,148,17.385,78.4867
2025-03-29T20:00,33.3,26,32.9,0.0,0.0,0,0,4.8,110,17.385,78.4867
2025-03-29T21:00,31.4,32,31.4,0.0,0.0,0,0,6.0,100,17.385,78.4867
2025-03-29T22:00,30.5,36,30.6,0.0,0.0,0,1,6.6,106,17.385,78.4867
2025-03-29T23:00,29.9,37,30.0,0.0,0.0,0,0,7.0,132,17.385,78.4867
2025-03-30T00:00,29.2,38,28.7,0.0,0.0,0,0,10.3,157,17.385,78.4867
2025-03-30T01:00,28.6,38,28.3,0.0,0.0,0,0,8.5,168,17.385,78.4867
2025-03-30T02:00,28.2,38,28.1,0.0,0.0,0,0,5.8,158,17.385,78.4867
2025-03-30T03:00,27.8,37,27.4,0.0,0.0,0,0,6.1,208,17.385,78.4867
2025-03-30T04:00,27.4,36,26.6,0.0,0.0,0,0,7.2,208,17.385,78.4867
2025-03-30T05:00,26.9,35,25.7,0.0,0.0,0,0,8.3,226,17.385,78.4867
2025-03-30T06:00,26.8,44,27.4,0.0,0.0,0,0,3.3,103,17.385,78.4867
2025-03-30T07:00,27.7,40,28.1,0.0,0.0,0,0,3.0,142,17.385,78.4867
2025-03-30T08:00,30.1,33,30.3,0.0,0.0,0,0,2.4,216,17.385,78.4867
2025-03-30T09:00,32.8,25,32.7,0.0,0.0,0,0,2.0,225,17.385,78.4867
2025-03-30T10:00,34.5,23,36.0,0.0,0.0,0,0,0.7,270,17.385,78.4867
2025-03-30T11:00,35.9,21,38.0,0.0,0.0,0,0,2.3,225,17.385,78.4867
2025-03-30T12:00,37.1,19,39.6,0.0,0.0,1,21,1.7,212,17.385,78.4867
2025-03-30T13:00,38.1,17,39.1,0.0,0.0,1,46,4.6,116,17.385,78.4867
2025-03-30T14:00,37.7,17,36.7,0.0,0.0,3,86,9.5,92,17.385,78.4867
2025-03-30T15:00,36.5,21,34.7,0.0,0.0,2,53,13.3,74,17.385,78.4867
2025-03-30T16:00,35.9,22,34.1,0.0,0.0,1,30,13.2,73,17.385,78.4867
2025-03-30T17:00,35.7,21,34.2,0.0,0.0,0,18,10.1,84,17.385,78.4867
2025-03-30T18:00,34.9,24,34.0,0.0,0.0,1,21,8.5,86,17.385,78.4867
2025-03-30T19:00,33.7,28,33.2,0.0,0.0,0,6,8.2,109,17.385,78.4867
2025-03-30T20:00,32.8,28,32.1,0.0,0.0,0,0,8.7,104,17.385,78.4867
2025-03-30T21:00,31.7,29,30.6,0.0,0.0,0,0,10.1,123,17.385,78.4867
2025-03-30T22:00,30.2,30,28.4,0.0,0.0,0,0,12.9,131,17.385,78.4867
2025-03-30T23:00,29.0,32,27.7,0.0,0.0,0,0,10.4,148,17.385,78.4867
2025-03-31T00:00,28.4,32,27.1,0.0,0.0,0,0,9.0,170,17.385,78.4867
2025-03-31T01:00,27.8,32,26.6,0.0,0.0,0,0,7.2,174,17.385,78.4867
2025-03-31T02:00,27.3,32,26.2,0.0,0.0,0,0,6.1,204,17.385,78.4867
2025-03-31T03:00,27.1,32,25.9,0.0,0.0,0,0,6.2,187,17.385,78.4867
2025-03-31T04:00,26.6,34,25.7,0.0,0.0,0,0,4.5,187,17.385,78.4867
2025-03-31T05:00,26.2,36,25.6,0.0,0.0,0,0,3.2,251,17.385,78.4867
2025-03-31T06:00,26.1,43,26.1,0.0,0.0,0,0,5.3,215,17.385,78.4867
2025-03-31T07:00,27.1,36,26.8,0.0,0.0,0,0,4.1,135,17.385,78.4867
2025-03-31T08:00,29.5,28,28.2,0.0,0.0,0,0,6.4,169,17.385,78.4867
2025-03-31T09:00,31.9,23,30.5,0.0,0.0,0,0,6.6,169,17.385,78.4867
2025-03-31T10:00,33.9,19,33.2,0.0,0.0,0,0,7.9,201,17.385,78.4867
2025-03-31T11:00,35.1,17,35.1,0.0,0.0,0,3,7.9,207,17.385,78.4867
2025-03-31T12:00,36.0,17,36.8,0.0,0.0,0,2,6.6,197,17.385,78.4867
2025-03-31T13:00,36.6,17,37.6,0.0,0.0,0,19,6.1,180,17.385,78.4867
2025-03-31T14:00,36.8,18,37.1,0.0,0.0,0,5,6.3,149,17.385,78.4867
2025-03-31T15:00,37.0,19,36.0,0.0,0.0,1,42,9.0,103,17.385,78.4867
2025-03-31T16:00,36.2,21,34.7,0.0,0.0,0,10,10.8,95,17.385,78.4867
2025-03-31T17:00,35.3,23,33.9,0.0,0.0,0,3,11.7,103,17.385,78.4867
2025-03-31T18:00,33.6,26,32.7,0.0,0.0,0,0,9.6,107,17.385,78.4867
2025-03-31T19:00,32.1,30,31.4,0.0,0.0,0,1,9.6,103,17.385,78.4867
2025-03-31T20:00,30.9,32,30.5,0.0,0.0,0,2,7.7,114,17.385,78.4867
2025-03-31T21:00,30.4,33,30.0,0.0,0.0,0,0,6.6,116,17.385,78.4867
2025-03-31T22:00,29.7,34,29.3,0.0,0.0,0,0,7.4,116,17.385,78.4867
2025-03-31T23:00,28.8,37,28.3,0.0,0.0,0,0,8.7,122,17.385,78.4867
2025-04-01T00:00,27.7,47,28.3,0.0,0.0,0,0,7.8,148,17.385,78.4867
2025-04-01T01:00,26.8,56,28.3,0.0,0.0,0,1,7.2,141,17.385,78.4867
2025-04-01T02:00,26.2,59,28.0,0.0,0.0,0,0,6.4,140,17.385,78.4867
2025-04-01T03:00,25.4,63,27.1,0.0,0.0,0,0,7.9,106,17.385,78.4867
2025-04-01T04:00,24.7,67,26.2,0.0,0.0,0,0,9.6,104,17.385,78.4867
2025-04-01T05:00,23.9,70,25.4,0.0,0.0,0,0,9.3,106,17.385,78.4867
2025-04-01T06:00,23.8,73,25.9,0.0,0.0,0,0,7.5,105,17.385,78.4867
2025-04-01T07:00,24.4,69,26.7,0.0,0.0,0,0,5.8,106,17.385,78.4867
2025-04-01T08:00,26.6,59,28.8,0.0,0.0,0,0,4.8,132,17.385,78.4867
2025-04-01T09:00,29.4,46,31.1,0.0,0.0,0,2,3.8,180,17.385,78.4867
2025-04-01T10:00,31.3,40,34.3,0.0,0.0,0,4,2.8,230,17.385,78.4867
2025-04-01T11:00,33.0,35,36.7,0.0,0.0,0,2,2.3,157,17.385,78.4867
2025-04-01T12:00,34.6,31,37.7,0.0,0.0,0,2,6.0,117,17.385,78.4867
2025-04-01T13:00,35.2,29,37.3,0.0,0.0,1,34,10.1,100,17.385,78.4867
2025-04-01T14:00,34.5,31,35.3,0.0,0.0,1,47,10.6,92,17.385,78.4867
2025-04-01T15:00,34.1,32,34.1,0.0,0.0,1,21,11.3,92,17.385,78.4867
2025-04-01T16:00,33.8,32,33.6,0.0,0.0,0,9,12.3,95,17.385,78.4867
2025-04-01T17:00,32.7,35,32.7,0.0,0.0,0,1,11.9,96,17.385,78.4867
2025-04-01T18:00,31.8,36,31.8,0.0,0.0,0,1,10.5,98,17.385,78.4867
2025-04-01T19:00,31.0,39,31.5,0.0,0.0,0,1,8.3,110,17.385,78.4867
2025-04-01T20:00,30.1,42,30.8,0.0,0.0,0,8,8.7,96,17.385,78.4867
2025-04-01T21:00,29.2,44,29.8,0.0,0.0,0,8,9.2,91,17.385,78.4867
2025-04-01T22:00,28.6,45,29.1,0.0,0.0,0,1,9.7,109,17.385,78.4867
2025-04-01T23:00,27.4,50,28.3,0.0,0.0,0,1,8.4,121,17.385,78.4867
2025-04-02T00:00,26.2,59,27.6,0.0,0.0,0,0,8.4,130,17.385,78.4867
2025-04-02T01:00,25.2,67,27.1,0.0,0.0,0,0,8.3,141,17.385,78.4867
2025-04-02T02:00,24.5,73,26.9,0.0,0.0,0,0,7.0,140,17.385,78.4867
2025-04-02T03:00,24.1,75,26.7,0.0,0.0,0,0,6.0,134,17.385,78.4867
2025-04-02T04:00,23.8,75,26.3,0.0,0.0,0,0,6.7,128,17.385,78.4867
2025-04-02T05:00,23.5,76,25.8,0.0,0.0,0,4,7.2,127,17.385,78.4867
2025-04-02T06:00,23.3,79,26.0,0.0,0.0,0,11,6.1,133,17.385,78.4867
2025-04-02T07:00,24.0,75,26.5,0.0,0.0,1,26,7.1,133,17.385,78.4867
2025-04-02T08:00,26.0,63,28.1,0.0,0.0,3,92,6.4,142,17.385,78.4867
2025-04-02T09:00,27.7,54,29.7,0.0,0.0,3,88,5.0,136,17.385,78.4867
2025-04-02T10:00,29.3,49,31.9,0.0,0.0,3,100,6.1,124,17.385,78.4867
2025-04-02T11:00,30.7,43,33.6,0.0,0.0,3,99,7.6,124,17.385,78.4867
2025-04-02T12:00,31.7,40,34.2,0.0,0.0,3,100,8.8,125,17.385,78.4867
2025-04-02T13:00,32.3,38,34.6,0.0,0.0,3,100,9.5,119,17.385,78.4867
2025-04-02T14:00,32.8,36,34.8,0.0,0.0,3,85,10.1,112,17.385,78.4867
2025-04-02T15:00,32.6,37,33.3,0.0,0.0,2,63,10.7,107,17.385,78.4867
2025-04-02T16:00,32.2,37,32.6,0.0,0.0,2,50,10.7,103,17.385,78.4867
2025-04-02T17:00,31.2,38,31.3,0.0,0.0,0,14,11.8,101,17.385,78.4867
2025-04-02T18:00,30.9,39,31.3,0.0,0.0,0,11,9.1,104,17.385,78.4867
2025-04-02T19:00,30.3,41,31.1,0.0,0.0,0,7,7.6,90,17.385,78.4867
2025-04-02T20:00,29.4,48,30.5,0.0,0.0,0,10,9.8,85,17.385,78.4867
2025-04-02T21:00,28.5,53,30.0,0.0,0.0,0,18,9.0,100,17.385,78.4867
2025-04-02T22:00,27.7,57,29.3,0.0,0.0,1,41,9.5,104,17.385,78.4867
2025-04-02T23:00,27.0,61,28.9,0.0,0.0,1,44,9.3,119,17.385,78.4867
2025-04-03T00:00,26.8,63,28.8,0.0,0.0,3,93,9.5,122,17.385,78.4867
2025-04-03T01:00,25.7,69,27.7,0.1,0.1,51,95,10.8,128,17.385,78.4867
2025-04-03T02:00,25.0,75,27.2,0.0,0.0,2,77,11.3,129,17.385,78.4867
2025-04-03T03:00,24.8,78,27.8,0.0,0.0,3,93,7.3,169,17.385,78.4867
2025-04-03T04:00,24.4,79,27.5,0.0,0.0,3,100,7.2,145,17.385,78.4867
2025-04-03T05:00,24.3,80,27.5,0.0,0.0,3,87,6.5,157,17.385,78.4867
2025-04-03T06:00,21.9,89,24.6,5.6,5.6,63,100,7.7,245,17.385,78.4867
2025-04-03T07:00,21.6,95,24.7,2.0,2.0,61,100,7.5,21,17.385,78.4867
2025-04-03T08:00,23.1,83,26.6,0.9,0.9,53,100,2.4,132,17.385,78.4867
2025-04-03T09:00,25.3,72,28.0,0.1,0.1,51,100,7.5,156,17.385,78.4867
2025-04-03T10:00,27.1,59,29.5,0.0,0.0,3,98,9.8,142,17.385,78.4867
2025-04-03T11:00,28.0,56,30.8,0.0,0.0,3,97,9.1,141,17.385,78.4867
2025-04-03T12:00,29.0,53,33.4,0.0,0.0,3,87,4.0,170,17.385,78.4867
2025-04-03T13:00,29.7,51,33.8,0.0,0.0,1,41,3.0,147,17.385,78.4867
2025-04-03T14:00,29.9,51,33.6,0.0,0.0,2,74,1.9,304,17.385,78.4867
2025-04-03T15:00,30.3,48,32.4,0.0,0.0,2,68,5.0,88,17.385,78.4867
2025-04-03T16:00,28.9,57,31.6,0.3,0.3,51,62,5.6,107,17.385,78.4867
2025-04-03T17:00,28.4,61,31.6,0.0,0.0,2,59,4.6,144,17.385,78.4867
2025-04-03T18:00,24.6,79,28.7,0.0,0.0,3,91,0.9,143,17.385,78.4867
2025-04-03T19:00,24.4,81,28.0,0.1,0.1,51,100,4.6,135,17.385,78.4867
2025-04-03T20:00,24.0,83,27.4,0.3,0.3,51,99,5.6,135,17.385,78.4867
2025-04-03T21:00,24.0,83,28.0,0.0,0.0,3,100,1.8,191,17.385,78.4867
2025-04-03T22:00,23.9,85,27.6,0.0,0.0,3,100,4.9,172,17.385,78.4867
2025-04-03T23:00,23.8,86,27.6,0.0,0.0,3,100,4.8,228,17.385,78.4867
2025-04-04T00:00,21.6,91,25.2,1.2,1.2,55,100,2.3,141,17.385,78.4867
2025-04-04T01:00,21.7,93,25.1,1.0,1.0,55,100,5.4,310,17.385,78.4867
2025-04-04T02:00,21.6,96,25.2,0.1,0.1,51,98,4.8,255,17.385,78.4867
2025-04-04T03:00,21.9,94,25.8,0.0,0.0,0,13,2.3,29,17.385,78.4867
2025-04-04T04:00,21.6,96,25.1,0.0,0.0,3,99,5.1,82,17.385,78.4867
2025-04-04T05:00,21.4,96,25.0,0.0,0.0,3,84,4.4,83,17.385,78.4867
2025-04-04T06:00,22.3,92,26.3,0.7,0.7,53,61,1.9,61,17.385,78.4867
2025-04-04T07:00,22.8,91,27.0,0.0,0.0,1,42,2.2,125,17.385,78.4867
2025-04-04T08:00,24.2,85,28.5,0.0,0.0,2,74,1.6,84,17.385,78.4867
2025-04-04T09:00,25.9,73,29.6,0.0,0.0,1,27,2.8,230,17.385,78.4867
2025-04-04T10:00,27.5,64,31.7,0.0,0.0,0,1,6.3,275,17.385,78.4867
2025-04-04T11:00,29.1,57,34.2,0.0,0.0,2,77,5.0,305,17.385,78.4867
2025-04-04T12:00,30.1,54,36.0,0.0,0.0,3,83,2.4,48,17.385,78.4867
2025-04-04T13:00,30.6,51,35.9,0.0,0.0,3,90,4.3,90,17.385,78.4867
2025-04-04T14:00,30.5,50,34.3,0.0,0.0,3,88,2.8,72,17.385,78.4867
2025-04-04T15:00,30.3,49,32.8,0.0,0.0,2,50,5.2,88,17.385,78.4867
2025-04-04T16:00,27.7,63,29.7,0.0,0.0,2,74,11.7,95,17.385,78.4867
2025-04-04T17:00,28.0,61,31.1,0.0,0.0,2,68,4.0,63,17.385,78.4867
2025-04-04T18:00,28.6,57,30.9,0.0,0.0,1,46,7.8,138,17.385,78.4867
2025-04-04T19:00,27.1,68,30.3,0.0,0.0,2,55,6.8,117,17.385,78.4867
2025-04-04T20:00,26.5,71,29.9,0.0,0.0,0,12,5.6,138,17.385,78.4867
2025-04-04T21:00,26.0,73,29.5,0.0,0.0,0,8,4.9,126,17.385,78.4867
2025-04-04T22:00,25.6,76,29.4,0.0,0.0,0,3,3.7,113,17.385,78.4867
2025-04-04T23:00,25.2,78,29.0,0.0,0.0,0,1,4.0,120,17.385,78.4867
2025-04-05T00:00,24.9,79,28.7,0.0,0.0,0,1,3.6,139,17.385,78.4867
2025-04-05T01:00,24.6,79,28.1,0.0,0.0,0,1,4.5,151,17.385,78.4867
2025-04-05T02:00,24.2,80,27.5,0.0,0.0,0,1,5.3,156,17.385,78.4867
2025-04-05T03:00,24.0,79,27.2,0.0,0.0,0,1,4.6,154,17.385,78.4867
2025-04-05T04:00,23.8,80,27.0,0.0,0.0,3,86,4.2,173,17.385,78.4867
2025-04-05T05:00,23.6,81,26.9,0.0,0.0,3,90,4.0,188,17.385,78.4867
2025-04-05T06:00,23.8,82,27.0,0.0,0.0,1,39,6.5,193,17.385,78.4867
2025-04-05T07:00,24.5,82,28.4,0.0,0.0,0,0,3.6,264,17.385,78.4867
2025-04-05T08:00,26.4,74,30.5,0.0,0.0,0,2,3.5,255,17.385,78.4867
2025-04-05T09:00,28.2,63,31.8,0.0,0.0,0,0,4.0,249,17.385,78.4867
2025-04-05T10:00,29.5,57,34.6,0.0,0.0,0,0,1.5,277,17.385,78.4867
2025-04-05T11:00,30.5,50,35.5,0.0,0.0,0,7,3.5,39,17.385,78.4867
2025-04-05T12:00,31.2,46,35.8,0.0,0.0,0,6,4.8,45,17.385,78.4867
2025-04-05T13:00,31.9,43,36.2,0.0,0.0,1,24,4.8,70,17.385,78.4867
2025-04-05T14:00,32.5,41,35.9,0.0,0.0,1,26,6.6,69,17.385,78.4867
2025-04-05T15:00,32.3,39,34.2,0.0,0.0,0,14,6.6,61,17.385,78.4867
2025-04-05T16:00,32.2,38,33.3,0.0,0.0,1,21,5.4,84,17.385,78.4867
2025-04-05T17:00,31.6,42,33.2,0.0,0.0,1,33,5.6,86,17.385,78.4867
2025-04-05T18:00,30.4,47,32.4,0.0,0.0,0,10,5.7,77,17.385,78.4867
2025-04-05T19:00,28.9,57,31.5,0.0,0.0,1,26,5.8,99,17.385,78.4867
2025-04-05T20:00,27.8,63,30.8,0.0,0.0,1,29,5.6,86,17.385,78.4867
2025-04-05T21:00,26.9,66,29.8,0.0,0.0,2,55,6.4,82,17.385,78.4867
2025-04-05T22:00,26.3,67,29.1,0.0,0.0,0,3,6.0,97,17.385,78.4867
2025-04-05T23:00,26.0,68,28.9,0.0,0.0,0,9,5.0,150,17.385,78.4867
2025-04-06T00:00,25.5,68,28.0,0.0,0.0,0,0,6.1,157,17.385,78.4867
2025-04-06T01:00,25.1,70,27.6,0.0,0.0,0,0,5.6,158,17.385,78.4867
2025-04-06T02:00,24.6,72,27.3,0.0,0.0,0,0,5.1,170,17.385,78.4867
2025-04-06T03:00,24.2,74,27.0,0.0,0.0,0,1,5.0,201,17.385,78.4867
2025-04-06T04:00,23.6,77,26.1,0.0,0.0,0,2,6.2,229,17.385,78.4867
2025-04-06T05:00,23.1,78,25.5,0.0,0.0,0,0,6.9,250,17.385,78.4867
2025-04-06T06:00,24.3,75,26.7,0.0,0.0,0,9,8.3,250,17.385,78.4867
2025-04-06T07:00,25.1,75,28.0,0.0,0.0,0,13,7.7,246,17.385,78.4867
2025-04-06T08:00,26.9,69,30.1,0.0,0.0,0,0,7.4,257,17.385,78.4867
2025-04-06T09:00,29.0,61,32.3,0.0,0.0,0,0,7.6,251,17.385,78.4867
2025-04-06T10:00,30.9,51,34.9,0.0,0.0,0,0,6.4,260,17.385,78.4867
2025-04-06T11:00,32.4,42,36.9,0.0,0.0,0,17,4.1,311,17.385,78.4867
2025-04-06T12:00,33.2,36,36.9,0.0,0.0,0,11,2.9,43,17.385,78.4867
2025-04-06T13:00,34.0,31,36.9,0.0,0.0,1,25,4.5,61,17.385,78.4867
2025-04-06T14:00,34.4,26,35.4,0.0,0.0,0,9,6.3,53,17.385,78.4867
2025-04-06T15:00,34.5,24,34.4,0.0,0.0,0,4,8.2,41,17.385,78.4867
2025-04-06T16:00,34.4,24,33.4,0.0,0.0,0,2,7.8,29,17.385,78.4867
2025-04-06T17:00,33.7,27,33.5,0.0,0.0,0,5,5.8,5,17.385,78.4867
2025-04-06T18:00,30.8,51,34.1,0.0,0.0,0,8,1.9,61,17.385,78.4867
2025-04-06T19:00,29.4,48,31.5,0.0,0.0,0,3,3.1,156,17.385,78.4867
2025-04-06T20:00,28.1,52,29.7,0.0,0.0,0,3,6.8,207,17.385,78.4867
2025-04-06T21:00,27.4,55,29.4,0.0,0.0,0,1,5.5,203,17.385,78.4867
2025-04-06T22:00,26.7,57,28.5,0.0,0.0,0,1,5.6,138,17.385,78.4867
2025-04-06T23:00,26.0,57,27.5,0.0,0.0,0,0,6.2,154,17.385,78.4867
2025-04-07T00:00,25.7,53,26.5,0.0,0.0,0,0,7.2,162,17.385,78.4867
2025-04-07T01:00,25.7,52,26.2,0.0,0.0,0,0,7.6,172,17.385,78.4867
2025-04-07T02:00,25.2,54,25.7,0.0,0.0,0,0,7.6,173,17.385,78.4867
2025-04-07T03:00,24.6,56,25.4,0.0,0.0,0,0,6.4,190,17.385,78.4867
2025-04-07T04:00,23.8,63,25.4,0.0,0.0,0,0,4.2,190,17.385,78.4867
2025-04-07T05:00,23.8,60,24.8,0.0,0.0,0,0,5.9,203,17.385,78.4867
2025-04-07T06:00,24.6,62,26.0,0.0,0.0,0,0,6.7,226,17.385,78.4867
2025-04-07T07:00,25.6,64,27.7,0.0,0.0,0,0,6.3,250,17.385,78.4867
2025-04-07T08:00,28.0,58,30.6,0.0,0.0,0,0,4.5,254,17.385,78.4867
2025-04-07T09:00,30.5,50,33.2,0.0,0.0,0,0,5.2,243,17.385,78.4867
2025-04-07T10:00,32.6,38,35.4,0.0,0.0,0,0,6.2,240,17.385,78.4867
2025-04-07T11:00,33.9,32,37.3,0.0,0.0,0,10,3.8,251,17.385,78.4867
2025-04-07T12:00,34.9,27,38.2,0.0,0.0,1,28,2.2,318,17.385,78.4867
2025-04-07T13:00,35.6,22,36.5,0.0,0.0,1,25,5.2,22,17.385,78.4867
2025-04-07T14:00,36.0,20,35.9,0.0,0.0,1,23,7.6,45,17.385,78.4867
2025-04-07T15:00,36.1,20,35.2,0.0,0.0,0,13,8.5,42,17.385,78.4867
2025-04-07T16:00,35.6,19,33.6,0.0,0.0,0,16,10.7,37,17.385,78.4867
2025-04-07T17:00,34.8,20,32.6,0.0,0.0,0,16,11.5,25,17.385,78.4867
2025-04-07T18:00,32.8,24,31.2,0.0,0.0,0,8,10.5,20,17.385,78.4867
2025-04-07T19:00,31.9,27,30.9,0.0,0.0,0,5,7.6,68,17.385,78.4867
2025-04-07T20:00,30.3,35,30.0,0.0,0.0,0,1,8.4,125,17.385,78.4867
2025-04-07T21:00,29.0,39,28.9,0.0,0.0,0,2,8.8,125,17.385,78.4867
2025-04-07T22:00,28.0,43,28.1,0.0,0.0,0,1,8.4,137,17.385,78.4867
2025-04-07T23:00,27.7,44,27.7,0.0,0.0,0,0,9.7,133,17.385,78.4867
2025-04-08T00:00,26.9,51,27.3,0.0,0.0,0,1,10.4,150,17.385,78.4867
2025-04-08T01:00,26.3,59,27.8,0.0,0.0,0,0,8.0,155,17.385,78.4867
2025-04-08T02:00,25.5,66,27.4,0.0,0.0,0,0,8.2,165,17.385,78.4867
2025-04-08T03:00,25.1,68,27.5,0.0,0.0,0,0,6.0,170,17.385,78.4867
2025-04-08T04:00,24.7,70,27.2,0.0,0.0,0,3,5.4,116,17.385,78.4867
2025-04-08T05:00,23.9,75,26.3,0.0,0.0,0,13,7.0,100,17.385,78.4867
2025-04-08T06:00,24.5,73,27.0,0.0,0.0,3,100,7.0,111,17.385,78.4867
2025-04-08T07:00,24.8,74,27.7,0.0,0.0,2,68,5.8,120,17.385,78.4867
2025-04-08T08:00,26.5,66,29.4,0.0,0.0,1,34,5.2,146,17.385,78.4867
2025-04-08T09:00,29.1,54,31.5,0.0,0.0,0,0,5.3,172,17.385,78.4867
2025-04-08T10:00,31.3,45,34.9,0.0,0.0,0,0,4.2,211,17.385,78.4867
2025-04-08T11:00,33.1,38,37.4,0.0,0.0,0,0,3.1,216,17.385,78.4867
2025-04-08T12:00,34.6,31,38.8,0.0,0.0,1,20,1.8,186,17.385,78.4867
2025-04-08T13:00,35.6,28,38.7,0.0,0.0,1,31,2.5,82,17.385,78.4867
2025-04-08T14:00,34.7,29,36.1,0.0,0.0,1,29,9.3,77,17.385,78.4867
2025-04-08T15:00,34.7,29,34.9,0.0,0.0,1,24,7.8,82,17.385,78.4867
2025-04-08T16:00,34.1,27,33.5,0.0,0.0,2,54,9.5,80,17.385,78.4867
2025-04-08T17:00,32.7,32,33.2,0.1,0.1,51,34,4.9,57,17.385,78.4867
2025-04-08T18:00,33.6,29,33.5,0.0,0.0,1,24,7.1,47,17.385,78.4867
2025-04-08T19:00,32.4,33,32.7,0.0,0.0,0,7,6.9,115,17.385,78.4867
2025-04-08T20:00,30.7,39,31.1,0.0,0.0,0,4,9.3,106,17.385,78.4867
2025-04-08T21:00,30.2,39,30.3,0.0,0.0,0,1,10.0,113,17.385,78.4867
2025-04-08T22:00,29.5,40,29.7,0.0,0.0,0,0,8.2,116,17.385,78.4867
2025-04-08T23:00,28.6,42,28.7,0.0,0.0,0,0,9.2,133,17.385,78.4867
2025-04-09T00:00,27.7,48,27.9,0.0,0.0,0,0,11.3,137,17.385,78.4867
2025-04-09T01:00,26.5,61,27.8,0.0,0.0,0,0,11.5,140,17.385,78.4867
2025-04-09T02:00,25.1,73,27.5,0.0,0.0,0,0,9.8,133,17.385,78.4867
2025-04-09T03:00,24.5,80,27.5,0.0,0.0,0,0,7.9,129,17.385,78.4867
2025-04-09T04:00,24.1,83,27.3,0.0,0.0,0,0,7.4,135,17.385,78.4867
2025-04-09T05:00,23.8,83,27.0,0.0,0.0,0,0,6.8,143,17.385,78.4867
2025-04-09T06:00,23.9,81,27.6,0.0,0.0,0,1,1.8,127,17.385,78.4867
2025-04-09T07:00,24.9,74,28.1,0.0,0.0,0,0,3.2,207,17.385,78.4867
2025-04-09T08:00,27.3,61,30.3,0.0,0.0,0,0,2.8,243,17.385,78.4867
2025-04-09T09:00,30.4,45,32.6,0.0,0.0,0,0,3.8,253,17.385,78.4867
2025-04-09T10:00,32.9,35,35.5,0.0,0.0,0,0,4.5,254,17.385,78.4867
2025-04-09T11:00,34.8,29,38.1,0.0,0.0,0,1,2.5,262,17.385,78.4867
2025-04-09T12:00,36.2,24,39.4,0.0,0.0,1,25,1.4,337,17.385,78.4867
2025-04-09T13:00,36.8,21,38.0,0.0,0.0,1,37,6.7,44,17.385,78.4867
2025-04-09T14:00,36.5,20,36.1,0.0,0.0,1,35,7.5,35,17.385,78.4867
2025-04-09T15:00,36.7,19,35.2,0.0,0.0,1,38,10.3,36,17.385,78.4867
2025-04-09T16:00,34.4,26,33.1,0.0,0.0,1,30,13.1,37,17.385,78.4867
2025-04-09T17:00,34.4,25,33.6,0.0,0.0,0,11,9.1,18,17.385,78.4867
2025-04-09T18:00,33.7,31,34.2,0.0,0.0,1,32,5.3,66,17.385,78.4867
2025-04-09T19:00,32.4,36,33.3,0.0,0.0,0,5,6.5,84,17.385,78.4867
2025-04-09T20:00,31.5,39,32.3,0.0,0.0,0,15,8.5,126,17.385,78.4867
2025-04-09T21:00,30.4,42,31.3,0.0,0.0,0,5,8.3,129,17.385,78.4867
2025-04-09T22:00,29.5,44,30.3,0.0,0.0,0,6,8.2,142,17.385,78.4867
2025-04-09T23:00,28.8,46,29.6,0.0,0.0,0,5,7.6,133,17.385,78.4867
2025-04-10T00:00,28.2,47,29.0,0.0,0.0,0,2,7.8,143,17.385,78.4867
2025-04-10T01:00,27.7,48,28.3,0.0,0.0,0,0,8.4,169,17.385,78.4867
2025-04-10T02:00,27.2,50,28.0,0.0,0.0,0,5,7.8,195,17.385,78.4867
2025-04-10T03:00,26.5,54,27.8,0.0,0.0,0,1,5.6,228,17.385,78.4867
2025-04-10T04:00,25.8,58,27.4,0.0,0.0,1,22,4.8,281,17.385,78.4867
2025-04-10T05:00,25.4,61,27.3,0.0,0.0,0,14,5.1,247,17.385,78.4867
2025-04-10T06:00,26.1,57,27.9,0.0,0.0,0,11,4.1,182,17.385,78.4867
2025-04-10T07:00,26.8,55,28.9,0.0,0.0,0,10,2.7,222,17.385,78.4867
2025-04-10T08:00,29.0,47,30.8,0.0,0.0,0,0,2.7,208,17.385,78.4867
2025-04-10T09:00,31.4,40,32.3,0.0,0.0,0,0,9.4,215,17.385,78.4867
2025-04-10T10:00,33.0,35,34.4,0.0,0.0,0,12,11.5,241,17.385,78.4867
2025-04-10T11:00,34.1,31,35.8,0.0,0.0,1,33,9.7,272,17.385,78.4867
2025-04-10T12:00,35.1,27,36.5,0.0,0.0,1,32,10.0,276,17.385,78.4867
2025-04-10T13:00,36.3,23,37.2,0.0,0.0,1,23,10.0,287,17.385,78.4867
2025-04-10T14:00,37.1,20,37.7,0.0,0.0,3,85,8.2,293,17.385,78.4867
2025-04-10T15:00,36.7,21,35.8,0.0,0.0,3,99,11.9,308,17.385,78.4867
2025-04-10T16:00,35.6,22,34.4,0.0,0.0,1,43,9.0,290,17.385,78.4867
2025-04-10T17:00,34.2,26,33.7,0.0,0.0,1,49,8.1,241,17.385,78.4867
2025-04-10T18:00,33.6,27,33.9,0.0,0.0,1,25,1.9,319,17.385,78.4867
2025-04-10T19:00,32.1,30,32.3,0.0,0.0,0,13,3.3,279,17.385,78.4867
2025-04-10T20:00,30.9,35,31.4,0.0,0.0,0,2,4.5,254,17.385,78.4867
2025-04-10T21:00,29.9,39,30.8,0.0,0.0,0,5,3.8,211,17.385,78.4867
2025-04-10T22:00,29.0,44,30.2,0.0,0.0,0,3,3.7,194,17.385,78.4867
2025-04-10T23:00,27.9,50,29.4,0.0,0.0,0,1,5.0,199,17.385,78.4867
2025-04-11T00:00,27.5,52,28.8,0.0,0.0,0,0,6.9,210,17.385,78.4867
2025-04-11T01:00,27.3,51,28.5,0.0,0.0,0,2,6.7,189,17.385,78.4867
2025-04-11T02:00,26.7,52,27.4,0.0,0.0,0,6,8.8,224,17.385,78.4867
2025-04-11T03:00,26.1,50,26.0,0.0,0.0,0,12,11.9,219,17.385,78.4867
2025-04-11T04:00,25.7,50,25.8,0.0,0.0,0,0,10.0,236,17.385,78.4867
2025-04-11T05:00,25.1,55,25.3,0.0,0.0,0,0,10.8,233,17.385,78.4867
2025-04-11T06:00,24.3,62,25.1,0.0,0.0,0,0,9.4,268,17.385,78.4867
2025-04-11T07:00,25.6,58,26.7,0.0,0.0,0,0,8.7,276,17.385,78.4867
2025-04-11T08:00,27.8,56,29.3,0.0,0.0,0,0,9.7,271,17.385,78.4867
2025-04-11T09:00,30.4,48,32.1,0.0,0.0,0,0,10.3,266,17.385,78.4867
2025-04-11T10:00,33.3,37,35.2,0.0,0.0,0,0,10.7,278,17.385,78.4867
2025-04-11T11:00,34.8,27,35.8,0.0,0.0,1,41,12.9,295,17.385,78.4867
2025-04-11T12:00,36.3,21,36.4,0.0,0.0,1,34,11.4,309,17.385,78.4867
2025-04-11T13:00,36.9,16,35.7,0.0,0.0,0,17,12.8,336,17.385,78.4867
2025-04-11T14:00,36.5,16,34.8,0.0,0.0,0,4,16.4,356,17.385,78.4867
2025-04-11T15:00,36.9,16,35.5,0.0,0.0,0,4,9.6,339,17.385,78.4867
2025-04-11T16:00,37.0,14,34.7,0.0,0.0,0,1,7.9,336,17.385,78.4867
2025-04-11T17:00,36.1,15,33.4,0.0,0.0,0,1,11.1,9,17.385,78.4867
2025-04-11T18:00,34.4,17,32.5,0.0,0.0,0,16,5.9,14,17.385,78.4867
2025-04-11T19:00,33.1,19,32.1,0.0,0.0,0,0,0.9,217,17.385,78.4867
2025-04-11T20:00,31.4,27,30.2,0.0,0.0,0,0,8.4,215,17.385,78.4867
2025-04-11T21:00,30.8,30,30.1,0.0,0.0,0,0,6.3,180,17.385,78.4867
2025-04-11T22:00,30.2,30,29.6,0.0,0.0,0,0,5.5,107,17.385,78.4867
2025-04-11T23:00,29.8,29,29.2,0.0,0.0,0,0,3.7,101,17.385,78.4867
2025-04-12T00:00,28.6,32,28.4,0.0,0.0,0,0,1.5,277,17.385,78.4867
2025-04-12T01:00,26.5,43,26.0,0.0,0.0,0,0,9.6,262,17.385,78.4867
2025-04-12T02:00,25.9,41,25.4,0.0,0.0,0,4,7.0,238,17.385,78.4867
2025-04-12T03:00,25.5,43,24.7,0.0,0.0,0,1,9.3,238,17.385,78.4867
2025-04-12T04:00,25.3,45,24.7,0.0,0.0,0,15,9.2,258,17.385,78.4867
2025-04-12T05:00,25.3,46,24.5,0.0,0.0,0,2,11.9,239,17.385,78.4867
2025-04-12T06:00,26.4,50,26.4,0.0,0.0,0,2,11.7,295,17.385,78.4867
2025-04-12T07:00,27.7,45,28.0,0.0,0.0,0,0,8.8,274,17.385,78.4867
2025-04-12T08:00,29.9,38,29.9,0.0,0.0,0,0,8.7,291,17.385,78.4867
2025-04-12T09:00,32.5,29,31.9,0.0,0.0,0,0,10.3,313,17.385,78.4867
2025-04-12T10:00,34.7,21,33.9,0.0,0.0,3,93,13.0,317,17.385,78.4867
2025-04-12T11:00,35.9,17,35.1,0.0,0.0,3,84,14.1,320,17.385,78.4867
2025-04-12T12:00,36.6,15,35.9,0.0,0.0,3,90,13.7,321,17.385,78.4867
2025-04-12T13:00,36.8,15,35.7,0.0,0.0,2,75,12.5,317,17.385,78.4867
2025-04-12T14:00,37.1,15,35.7,0.0,0.0,1,36,11.0,312,17.385,78.4867
2025-04-12T15:00,37.1,14,35.0,0.0,0.0,0,9,9.9,318,17.385,78.4867
2025-04-12T16:00,36.7,14,34.0,0.0,0.0,1,26,10.0,319,17.385,78.4867
2025-04-12T17:00,36.0,15,33.2,0.0,0.0,0,11,11.1,312,17.385,78.4867
2025-04-12T18:00,35.2,15,33.0,0.0,0.0,1,23,6.7,346,17.385,78.4867
2025-04-12T19:00,34.1,17,32.1,0.0,0.0,0,9,5.5,32,17.385,78.4867
2025-04-12T20:00,33.8,17,32.0,0.0,0.0,0,1,4.5,92,17.385,78.4867
2025-04-12T21:00,33.1,18,31.1,0.0,0.0,0,0,5.5,107,17.385,78.4867
2025-04-12T22:00,30.7,22,28.9,0.0,0.0,0,3,6.6,74,17.385,78.4867
2025-04-12T23:00,29.7,25,28.9,0.0,0.0,0,4,1.5,240,17.385,78.4867
2025-04-13T00:00,28.1,29,26.6,0.0,0.0,0,14,6.9,261,17.385,78.4867
2025-04-13T01:00,27.2,32,26.3,0.0,0.0,2,67,4.2,306,17.385,78.4867
2025-04-13T02:00,26.1,39,25.7,0.0,0.0,0,2,5.3,232,17.385,78.4867
2025-04-13T03:00,25.5,44,25.6,0.0,0.0,0,0,4.3,265,17.385,78.4867
2025-04-13T04:00,25.1,47,25.1,0.0,0.0,2,50,6.1,272,17.385,78.4867
2025-04-13T05:00,25.1,48,25.5,0.0,0.0,3,97,4.5,104,17.385,78.4867
2025-04-13T06:00,26.3,42,26.6,0.0,0.0,2,61,3.1,277,17.385,78.4867
2025-04-13T07:00,27.2,40,27.1,0.0,0.0,0,0,5.5,136,17.385,78.4867
2025-04-13T08:00,29.5,31,29.3,0.0,0.0,0,0,2.3,148,17.385,78.4867
2025-04-13T09:00,32.3,24,32.2,0.0,0.0,0,0,0.9,217,17.385,78.4867
2025-04-13T10:00,34.2,20,34.8,0.0,0.0,0,0,2.4,333,17.385,78.4867
2025-04-13T11:00,35.6,17,36.6,0.0,0.0,1,20,4.4,351,17.385,78.4867
2025-04-13T12:00,36.4,16,36.7,0.0,0.0,3,82,6.0,357,17.385,78.4867
2025-04-13T13:00,36.7,16,36.5,0.0,0.0,2,57,7.8,356,17.385,78.4867
2025-04-13T14:00,37.0,16,36.3,0.0,0.0,1,31,10.4,343,17.385,78.4867
2025-04-13T15:00,36.5,17,34.9,0.0,0.0,0,2,10.4,345,17.385,78.4867
2025-04-13T16:00,36.1,17,33.8,0.0,0.0,0,1,9.9,344,17.385,78.4867
2025-04-13T17:00,35.4,18,33.3,0.0,0.0,0,0,9.8,342,17.385,78.4867
2025-04-13T18:00,34.1,19,32.0,0.0,0.0,0,1,9.7,309,17.385,78.4867
2025-04-13T19:00,33.6,20,32.3,0.0,0.0,0,1,4.9,352,17.385,78.4867
2025-04-13T20:00,33.3,21,32.0,0.0,0.0,0,4,4.9,57,17.385,78.4867
2025-04-13T21:00,32.1,25,30.6,0.0,0.0,0,5,9.5,76,17.385,78.4867
2025-04-13T22:00,29.8,34,29.3,0.0,0.0,0,1,7.9,125,17.385,78.4867
2025-04-13T23:00,28.9,38,28.9,0.0,0.0,0,2,6.9,131,17.385,78.4867
2025-04-14T00:00,27.7,45,28.2,0.0,0.0,0,1,6.8,158,17.385,78.4867
2025-04-14T01:00,27.0,49,28.0,0.0,0.0,0,0,5.8,166,17.385,78.4867
2025-04-14T02:00,26.2,53,27.5,0.0,0.0,0,0,4.3,107,17.385,78.4867
2025-04-14T03:00,25.8,55,27.2,0.0,0.0,1,27,4.6,108,17.385,78.4867
2025-04-14T04:00,25.7,56,27.3,0.0,0.0,0,0,3.6,213,17.385,78.4867
2025-04-14T05:00,24.9,60,26.4,0.0,0.0,0,0,5.7,259,17.385,78.4867
2025-04-14T06:00,25.5,56,26.8,0.0,0.0,1,33,5.4,284,17.385,78.4867
2025-04-14T07:00,26.6,50,27.2,0.0,0.0,0,13,7.8,266,17.385,78.4867
2025-04-14T08:00,29.3,39,29.4,0.0,0.0,1,31,7.8,251,17.385,78.4867
2025-04-14T09:00,31.6,33,31.2,0.0,0.0,0,14,10.5,246,17.385,78.4867
2025-04-14T10:00,33.4,28,33.8,0.0,0.0,0,10,10.9,248,17.385,78.4867
2025-04-14T11:00,34.8,24,36.2,0.0,0.0,0,18,7.1,264,17.385,78.4867
2025-04-14T12:00,35.8,21,37.0,0.0,0.0,1,24,5.6,264,17.385,78.4867
2025-04-14T13:00,36.8,19,37.2,0.0,0.0,1,28,7.3,308,17.385,78.4867
2025-04-14T14:00,36.9,18,36.5,0.0,0.0,0,19,10.5,325,17.385,78.4867
2025-04-14T15:00,36.7,18,35.6,0.0,0.0,1,29,9.6,327,17.385,78.4867
2025-04-14T16:00,36.2,19,34.6,0.0,0.0,1,20,8.4,325,17.385,78.4867
2025-04-14T17:00,35.7,18,33.8,0.0,0.0,0,19,8.2,341,17.385,78.4867
2025-04-14T18:00,34.4,21,33.4,0.0,0.0,0,4,4.8,326,17.385,78.4867
2025-04-14T19:00,33.5,23,33.2,0.0,0.0,0,2,0.6,236,17.385,78.4867
2025-04-14T20:00,32.5,26,31.8,0.0,0.0,0,2,5.2,151,17.385,78.4867
2025-04-14T21:00,31.8,29,31.3,0.0,0.0,0,0,5.9,149,17.385,78.4867
2025-04-14T22:00,30.9,30,30.2,0.0,0.0,0,1,6.8,112,17.385,78.4867
2025-04-14T23:00,29.8,32,29.1,0.0,0.0,0,0,7.3,128,17.385,78.4867
2025-04-15T00:00,28.8,34,28.1,0.0,0.0,0,0,7.5,147,17.385,78.4867
2025-04-15T01:00,28.2,37,27.8,0.0,0.0,0,0,7.3,150,17.385,78.4867
2025-04-15T02:00,27.6,40,27.5,0.0,0.0,0,0,6.1,168,17.385,78.4867
2025-04-15T03:00,26.9,43,27.1,0.0,0.0,0,0,5.3,170,17.385,78.4867
2025-04-15T04:00,26.3,46,26.9,0.0,0.0,0,0,3.9,137,17.385,78.4867
2025-04-15T05:00,25.7,50,26.3,0.0,0.0,0,0,5.1,222,17.385,78.4867
2025-04-15T06:00,25.6,54,26.6,0.0,0.0,0,6,6.3,243,17.385,78.4867
2025-04-15T07:00,26.3,60,28.0,0.0,0.0,0,17,8.1,223,17.385,78.4867
2025-04-15T08:00,28.5,54,30.4,0.0,0.0,0,18,7.8,214,17.385,78.4867
2025-04-15T09:00,30.8,46,32.1,0.0,0.0,0,11,10.6,215,17.385,78.4867
2025-04-15T10:00,32.9,36,34.4,0.0,0.0,0,18,11.2,225,17.385,78.4867
2025-04-15T11:00,34.4,30,36.3,0.0,0.0,0,8,9.9,228,17.385,78.4867
2025-04-15T12:00,35.5,25,37.3,0.0,0.0,1,23,9.1,234,17.385,78.4867
2025-04-15T13:00,36.1,23,37.2,0.0,0.0,1,31,7.4,244,17.385,78.4867
2025-04-15T14:00,36.2,22,36.3,0.0,0.0,1,40,7.2,242,17.385,78.4867
2025-04-15T15:00,36.2,22,35.5,0.0,0.0,0,10,6.9,245,17.385,78.4867
2025-04-15T16:00,35.7,22,34.7,0.0,0.0,0,7,7.5,250,17.385,78.4867
2025-04-15T17:00,35.7,21,34.6,0.0,0.0,0,5,7.2,258,17.385,78.4867
2025-04-15T18:00,34.1,25,33.4,0.0,0.0,0,4,6.7,224,17.385,78.4867
2025-04-15T19:00,33.5,27,33.0,0.0,0.0,0,4,7.9,207,17.385,78.4867
2025-04-15T20:00,32.9,29,32.7,0.0,0.0,0,3,6.5,180,17.385,78.4867
2025-04-15T21:00,31.8,31,31.5,0.0,0.0,0,2,8.3,160,17.385,78.4867
2025-04-15T22:00,30.6,34,30.4,0.0,0.0,0,1,7.2,143,17.385,78.4867
2025-04-15T23:00,29.3,37,29.0,0.0,0.0,0,0,8.9,142,17.385,78.4867
2025-04-16T00:00,27.9,49,28.2,0.0,0.0,0,0,12.3,125,17.385,78.4867
2025-04-16T01:00,26.4,68,29.0,0.0,0.0,0,1,8.2,139,17.385,78.4867
2025-04-16T02:00,25.4,81,29.0,0.0,0.0,0,0,8.7,120,17.385,78.4867
2025-04-16T03:00,24.9,86,29.1,0.0,0.0,0,0,6.2,116,17.385,78.4867
2025-04-16T04:00,24.6,87,28.9,0.0,0.0,0,0,4.9,129,17.385,78.4867
2025-04-16T05:00,24.3,88,28.5,0.0,0.0,0,1,5.2,134,17.385,78.4867
2025-04-16T06:00,24.6,85,28.1,0.0,0.0,1,40,8.3,175,17.385,78.4867
2025-04-16T07:00,25.5,76,28.7,0.0,0.0,1,36,7.8,193,17.385,78.4867
2025-04-16T08:00,27.2,66,29.9,0.0,0.0,0,7,9.1,201,17.385,78.4867
2025-04-16T09:00,29.9,55,31.9,0.0,0.0,0,0,13.0,204,17.385,78.4867
2025-04-16T10:00,32.6,41,34.3,0.0,0.0,0,0,15.1,205,17.385,78.4867
2025-04-16T11:00,34.2,34,36.1,0.0,0.0,0,7,14.3,208,17.385,78.4867
2025-04-16T12:00,35.3,31,37.6,0.0,0.0,0,9,12.6,217,17.385,78.4867
2025-04-16T13:00,36.2,29,38.3,0.0,0.0,1,29,10.9,230,17.385,78.4867
2025-04-16T14:00,35.4,29,36.1,0.0,0.0,1,41,12.4,227,17.385,78.4867
2025-04-16T15:00,35.0,30,34.8,0.0,0.0,0,17,11.0,208,17.385,78.4867
2025-04-16T16:00,35.1,30,35.3,0.0,0.0,1,21,9.8,230,17.385,78.4867
2025-04-16T17:00,35.0,30,35.1,0.0,0.0,0,8,9.0,244,17.385,78.4867
2025-04-16T18:00,34.1,33,35.0,0.0,0.0,1,21,6.5,257,17.385,78.4867
2025-04-16T19:00,33.7,34,35.0,0.0,0.0,0,7,4.7,220,17.385,78.4867
2025-04-16T20:00,32.8,37,33.8,0.0,0.0,0,3,6.5,152,17.385,78.4867
2025-04-16T21:00,31.8,39,32.8,0.0,0.0,0,2,7.1,159,17.385,78.4867
2025-04-16T22:00,30.8,41,31.7,0.0,0.0,0,1,7.5,159,17.385,78.4867
2025-04-16T23:00,29.4,46,30.1,0.0,0.0,0,0,10.9,141,17.385,78.4867
2025-04-17T00:00,27.8,56,29.3,0.0,0.0,0,0,10.0,144,17.385,78.4867
2025-04-17T01:00,26.8,65,29.3,0.0,0.0,0,0,8.3,139,17.385,78.4867
2025-04-17T02:00,26.2,71,29.3,0.0,0.0,0,0,6.5,132,17.385,78.4867
2025-04-17T03:00,25.6,77,29.4,0.0,0.0,0,0,4.4,159,17.385,78.4867
2025-04-17T04:00,25.2,76,28.2,0.0,0.0,0,0,7.9,181,17.385,78.4867
2025-04-17T05:00,25.1,75,28.0,0.0,0.0,0,0,7.4,181,17.385,78.4867
2025-04-17T06:00,25.5,71,28.5,0.0,0.0,1,46,5.5,148,17.385,78.4867
2025-04-17T07:00,26.7,67,29.7,0.0,0.0,2,57,5.7,191,17.385,78.4867
2025-04-17T08:00,28.5,61,31.0,0.0,0.0,1,26,9.3,199,17.385,78.4867
2025-04-17T09:00,30.5,53,32.8,0.0,0.0,1,21,9.4,200,17.385,78.4867
2025-04-17T10:00,32.7,45,36.0,0.0,0.0,0,1,8.5,201,17.385,78.4867
2025-04-17T11:00,34.7,36,38.1,0.0,0.0,0,4,9.2,211,17.385,78.4867
2025-04-17T12:00,35.9,32,39.1,0.0,0.0,0,12,9.3,220,17.385,78.4867
2025-04-17T13:00,35.6,31,38.3,0.2,0.2,51,91,9.0,239,17.385,78.4867
2025-04-17T14:00,34.8,32,35.7,0.1,0.1,51,16,6.9,217,17.385,78.4867
2025-04-17T15:00,35.2,33,36.5,0.0,0.0,2,54,7.6,262,17.385,78.4867
2025-04-17T16:00,34.5,34,36.0,0.0,0.0,1,36,4.8,245,17.385,78.4867
2025-04-17T17:00,33.2,39,34.2,0.0,0.0,1,23,10.3,230,17.385,78.4867
2025-04-17T18:00,31.4,48,33.9,0.0,0.0,0,7,5.4,255,17.385,78.4867
2025-04-17T19:00,30.3,54,33.4,0.0,0.0,0,6,4.1,225,17.385,78.4867
2025-04-17T20:00,29.4,60,32.7,0.0,0.0,0,9,5.9,166,17.385,78.4867
2025-04-17T21:00,29.2,60,32.6,0.0,0.0,0,0,5.7,167,17.385,78.4867
2025-04-17T22:00,29.2,56,31.8,0.0,0.0,0,0,6.2,154,17.385,78.4867
2025-04-17T23:00,28.7,55,30.9,0.0,0.0,0,0,6.8,192,17.385,78.4867
2025-04-18T00:00,28.4,53,30.2,0.0,0.0,0,0,7.6,179,17.385,78.4867
2025-04-18T01:00,27.9,54,29.7,0.0,0.0,0,0,5.8,164,17.385,78.4867
2025-04-18T02:00,27.3,56,29.3,0.0,0.0,0,0,4.9,123,17.385,78.4867
2025-04-18T03:00,26.8,58,29.0,0.0,0.0,0,0,4.4,142,17.385,78.4867
2025-04-18T04:00,26.1,62,28.9,0.0,0.0,0,0,2.1,200,17.385,78.4867
2025-04-18T05:00,25.6,64,28.2,0.0,0.0,0,0,3.3,151,17.385,78.4867
2025-04-18T06:00,26.0,65,28.5,0.0,0.0,1,35,4.9,186,17.385,78.4867
2025-04-18T07:00,27.4,59,30.1,0.0,0.0,0,3,3.7,151,17.385,78.4867
2025-04-18T08:00,29.9,52,32.6,0.0,0.0,0,1,4.2,170,17.385,78.4867
2025-04-18T09:00,32.3,44,34.4,0.0,0.0,0,2,7.7,208,17.385,78.4867
2025-04-18T10:00,34.2,36,36.6,0.0,0.0,0,2,9.2,222,17.385,78.4867
2025-04-18T11:00,35.6,31,38.4,0.0,0.0,0,10,8.7,233,17.385,78.4867
2025-04-18T12:00,36.6,28,39.4,0.0,0.0,0,12,7.8,233,17.385,78.4867
2025-04-18T13:00,37.2,27,39.8,0.0,0.0,1,31,6.1,220,17.385,78.4867
2025-04-18T14:00,37.1,26,38.3,0.0,0.0,1,35,7.8,206,17.385,78.4867
2025-04-18T15:00,37.2,26,37.6,0.0,0.0,2,60,6.1,212,17.385,78.4867
2025-04-18T16:00,36.7,26,36.9,0.0,0.0,1,42,7.8,209,17.385,78.4867
2025-04-18T17:00,36.1,28,36.3,0.0,0.0,1,36,8.0,207,17.385,78.4867
2025-04-18T18:00,33.3,36,33.9,0.0,0.0,1,32,10.1,196,17.385,78.4867
2025-04-18T19:00,32.3,39,33.4,0.0,0.0,1,31,8.1,180,17.385,78.4867
2025-04-18T20:00,30.8,45,32.0,0.0,0.0,1,38,10.1,243,17.385,78.4867
2025-04-18T21:00,29.8,49,31.7,0.0,0.0,0,18,6.2,232,17.385,78.4867
2025-04-18T22:00,29.3,51,31.2,0.0,0.0,1,21,7.1,227,17.385,78.4867
2025-04-18T23:00,29.1,52,31.1,0.0,0.0,1,44,6.5,175,17.385,78.4867
2025-04-19T00:00,29.0,51,30.9,0.0,0.0,1,26,5.8,178,17.385,78.4867
2025-04-19T01:00,28.4,53,30.3,0.0,0.0,0,1,5.8,216,17.385,78.4867
2025-04-19T02:00,27.9,54,29.7,0.0,0.0,0,7,6.5,219,17.385,78.4867
2025-04-19T03:00,27.4,55,29.2,0.0,0.0,3,86,6.8,233,17.385,78.4867
2025-04-19T04:00,27.3,56,28.9,0.0,0.0,3,80,7.8,224,17.385,78.4867
2025-04-19T05:00,27.0,57,28.6,0.0,0.0,0,0,8.3,240,17.385,78.4867
2025-04-19T06:00,26.7,64,29.1,0.0,0.0,1,31,8.2,237,17.385,78.4867
2025-04-19T07:00,27.7,61,30.2,0.0,0.0,3,99,7.6,242,17.385,78.4867
2025-04-19T08:00,28.7,58,31.1,0.0,0.0,3,97,7.9,249,17.385,78.4867
2025-04-19T09:00,30.0,55,32.6,0.0,0.0,3,80,8.3,250,17.385,78.4867
2025-04-19T10:00,32.2,49,35.4,0.0,0.0,2,62,7.9,249,17.385,78.4867
2025-04-19T11:00,33.9,44,38.2,0.0,0.0,1,24,6.1,251,17.385,78.4867
2025-04-19T12:00,35.3,36,39.4,0.0,0.0,1,23,6.0,253,17.385,78.4867
2025-04-19T13:00,35.3,35,38.7,0.0,0.0,1,47,8.1,295,17.385,78.4867
2025-04-19T14:00,33.1,45,36.6,1.2,1.2,55,61,4.2,72,17.385,78.4867
2025-04-19T15:00,33.3,45,37.1,0.5,0.5,53,55,0.4,207,17.385,78.4867
2025-04-19T16:00,34.1,38,36.7,0.0,0.0,1,47,1.9,292,17.385,78.4867
2025-04-19T17:00,34.2,37,36.7,0.0,0.0,1,45,0.0,270,17.385,78.4867
2025-04-19T18:00,32.9,46,35.8,0.0,0.0,0,18,4.7,230,17.385,78.4867
2025-04-19T19:00,32.2,49,35.2,0.0,0.0,0,11,5.5,203,17.385,78.4867
2025-04-19T20:00,31.3,50,33.9,0.0,0.0,0,10,7.0,167,17.385,78.4867
2025-04-19T21:00,30.7,52,33.2,0.0,0.0,0,2,7.5,170,17.385,78.4867
2025-04-19T22:00,30.3,50,32.2,0.0,0.0,0,5,8.6,165,17.385,78.4867
2025-04-19T23:00,29.6,50,31.5,0.0,0.0,0,15,7.3,187,17.385,78.4867
2025-04-20T00:00,28.9,52,30.9,0.0,0.0,0,1,6.7,207,17.385,78.4867
2025-04-20T01:00,28.4,54,30.3,0.0,0.0,0,0,6.9,195,17.385,78.4867
2025-04-20T02:00,28.3,53,29.9,0.0,0.0,0,10,8.8,181,17.385,78.4867
2025-04-20T03:00,27.9,55,29.5,0.0,0.0,2,73,8.3,219,17.385,78.4867
2025-04-20T04:00,27.5,57,29.2,0.0,0.0,1,48,8.8,231,17.385,78.4867
2025-04-20T05:00,27.3,58,28.9,0.0,0.0,0,16,9.1,243,17.385,78.4867
2025-04-20T06:00,28.1,59,30.8,0.0,0.0,1,21,5.4,200,17.385,78.4867
2025-04-20T07:00,29.3,55,32.2,0.0,0.0,0,11,3.7,209,17.385,78.4867
2025-04-20T08:00,31.2,47,33.3,0.0,0.0,0,16,7.5,243,17.385,78.4867
2025-04-20T09:00,33.2,41,35.2,0.0,0.0,0,0,7.7,254,17.385,78.4867
2025-04-20T10:00,35.3,33,37.6,0.0,0.0,0,3,8.0,254,17.385,78.4867
2025-04-20T11:00,36.7,28,39.3,0.0,0.0,0,8,8.3,259,17.385,78.4867
2025-04-20T12:00,37.7,26,40.5,0.0,0.0,1,30,6.8,252,17.385,78.4867
2025-04-20T13:00,37.7,26,39.9,0.0,0.0,1,41,4.8,257,17.385,78.4867
2025-04-20T14:00,37.9,25,39.7,0.0,0.0,2,54,3.3,241,17.385,78.4867
2025-04-20T15:00,37.5,24,38.3,0.0,0.0,1,48,2.5,291,17.385,78.4867
2025-04-20T16:00,37.2,24,37.5,0.0,0.0,1,43,3.9,313,17.385,78.4867
2025-04-20T17:00,36.8,24,37.1,0.0,0.0,1,27,3.8,301,17.385,78.4867
2025-04-20T18:00,35.5,26,36.4,0.0,0.0,0,19,0.4,90,17.385,78.4867
2025-04-20T19:00,34.5,30,34.9,0.0,0.0,0,14,7.4,133,17.385,78.4867
2025-04-20T20:00,33.7,34,34.5,0.0,0.0,0,12,7.5,140,17.385,78.4867
2025-04-20T21:00,32.9,35,33.3,0.0,0.0,0,13,9.4,128,17.385,78.4867
2025-04-20T22:00,32.3,35,32.9,0.0,0.0,0,11,7.5,153,17.385,78.4867
2025-04-20T23:00,31.0,40,31.8,0.0,0.0,0,8,7.6,172,17.385,78.4867
2025-04-21T00:00,30.1,47,31.6,0.0,0.0,0,1,7.4,176,17.385,78.4867
2025-04-21T01:00,29.2,52,31.1,0.0,0.0,0,0,8.5,176,17.385,78.4867
2025-04-21T02:00,28.5,55,30.2,0.0,0.0,0,0,10.4,203,17.385,78.4867
2025-04-21T03:00,27.6,60,29.4,0.0,0.0,0,0,11.0,236,17.385,78.4867
2025-04-21T04:00,27.0,62,28.7,0.0,0.0,0,0,11.5,238,17.385,78.4867
2025-04-21T05:00,26.7,62,28.4,0.0,0.0,0,0,10.4,240,17.385,78.4867
2025-04-21T06:00,27.0,67,30.0,0.0,0.0,3,93,6.5,268,17.385,78.4867
2025-04-21T07:00,28.2,61,31.0,0.0,0.0,3,100,6.3,265,17.385,78.4867
2025-04-21T08:00,30.1,54,32.7,0.0,0.0,3,87,7.1,263,17.385,78.4867
2025-04-21T09:00,32.4,44,34.4,0.0,0.0,1,45,8.3,264,17.385,78.4867
2025-04-21T10:00,34.2,38,37.4,0.0,0.0,0,13,7.4,256,17.385,78.4867
2025-04-21T11:00,35.6,34,39.7,0.0,0.0,1,38,4.9,237,17.385,78.4867
2025-04-21T12:00,36.2,31,39.7,0.0,0.0,1,43,3.7,227,17.385,78.4867
2025-04-21T13:00,37.2,28,40.9,0.1,0.1,51,17,3.6,217,17.385,78.4867
2025-04-21T14:00,37.8,26,40.3,0.0,0.0,1,20,4.0,210,17.385,78.4867
2025-04-21T15:00,37.8,26,39.3,0.0,0.0,2,55,4.9,208,17.385,78.4867
2025-04-21T16:00,37.1,28,38.3,0.0,0.0,3,80,4.2,168,17.385,78.4867
2025-04-21T17:00,36.1,30,37.8,0.0,0.0,1,37,0.7,256,17.385,78.4867
2025-04-21T18:00,35.3,29,36.2,0.0,0.0,2,54,3.9,143,17.385,78.4867
2025-04-21T19:00,34.9,29,35.4,0.0,0.0,1,35,5.9,108,17.385,78.4867
2025-04-21T20:00,34.1,31,34.4,0.0,0.0,1,26,8.6,139,17.385,78.4867
2025-04-21T21:00,32.8,38,33.8,0.0,0.0,1,40,9.1,141,17.385,78.4867
2025-04-21T22:00,31.8,43,33.2,0.0,0.0,1,31,9.2,140,17.385,78.4867
2025-04-21T23:00,31.0,45,32.6,0.0,0.0,0,16,7.4,154,17.385,78.4867
2025-04-22T00:00,30.5,46,32.6,0.0,0.0,0,4,4.3,152,17.385,78.4867
2025-04-22T01:00,30.0,47,31.4,0.0,0.0,0,2,7.7,144,17.385,78.4867
2025-04-22T02:00,29.5,47,30.8,0.0,0.0,0,1,8.2,154,17.385,78.4867
2025-04-22T03:00,28.7,51,30.4,0.0,0.0,0,1,6.5,183,17.385,78.4867
2025-04-22T04:00,28.1,54,30.1,0.0,0.0,0,2,5.6,195,17.385,78.4867
2025-04-22T05:00,27.7,56,29.8,0.0,0.0,0,3,5.6,222,17.385,78.4867
2025-04-22T06:00,28.0,61,31.0,0.0,0.0,0,1,5.0,229,17.385,78.4867
2025-04-22T07:00,29.3,54,32.1,0.0,0.0,0,0,4.1,232,17.385,78.4867
2025-04-22T08:00,31.5,47,33.8,0.0,0.0,0,0,6.4,234,17.385,78.4867
2025-04-22T09:00,33.7,40,35.5,0.0,0.0,0,0,9.0,235,17.385,78.4867
2025-04-22T10:00,35.4,34,37.9,0.0,0.0,0,4,8.9,242,17.385,78.4867
2025-04-22T11:00,36.6,29,39.9,0.0,0.0,1,38,5.4,250,17.385,78.4867
2025-04-22T12:00,37.1,27,39.9,0.1,0.1,51,26,2.9,248,17.385,78.4867
2025-04-22T13:00,37.9,25,40.8,0.0,0.0,1,22,1.3,196,17.385,78.4867
2025-04-22T14:00,38.5,24,40.7,0.0,0.0,1,21,3.7,166,17.385,78.4867
2025-04-22T15:00,38.3,24,39.2,0.0,0.0,1,34,5.9,140,17.385,78.4867
2025-04-22T16:00,37.7,25,38.2,0.0,0.0,2,59,5.2,146,17.385,78.4867
2025-04-22T17:00,37.0,25,37.7,0.0,0.0,1,27,2.7,148,17.385,78.4867
2025-04-22T18:00,35.9,28,37.0,0.0,0.0,0,18,3.0,194,17.385,78.4867
2025-04-22T19:00,34.8,31,36.2,0.0,0.0,0,14,2.2,256,17.385,78.4867
2025-04-22T20:00,34.3,33,36.1,0.0,0.0,0,5,0.2,180,17.385,78.4867
2025-04-22T21:00,33.6,35,34.7,0.0,0.0,0,5,6.2,154,17.385,78.4867
2025-04-22T22:00,32.7,37,33.6,0.0,0.0,0,6,7.9,160,17.385,78.4867
2025-04-22T23:00,32.0,38,32.6,0.0,0.0,0,4,8.8,154,17.385,78.4867
2025-04-23T00:00,30.8,41,31.4,0.0,0.0,0,0,9.4,150,17.385,78.4867
2025-04-23T01:00,29.5,47,30.7,0.0,0.0,0,1,8.6,158,17.385,78.4867
2025-04-23T02:00,29.0,49,30.5,0.0,0.0,0,1,7.3,173,17.385,78.4867
2025-04-23T03:00,28.8,49,30.3,0.0,0.0,0,0,7.1,174,17.385,78.4867
2025-04-23T04:00,28.5,50,30.2,0.0,0.0,0,0,5.8,206,17.385,78.4867
2025-04-23T05:00,28.0,53,29.7,0.0,0.0,0,0,5.9,220,17.385,78.4867
2025-04-23T06:00,28.3,57,30.9,0.0,0.0,0,0,4.6,228,17.385,78.4867
2025-04-23T07:00,29.4,52,31.8,0.0,0.0,0,0,4.6,244,17.385,78.4867
2025-04-23T08:00,30.9,49,32.7,0.0,0.0,0,0,9.9,254,17.385,78.4867
2025-04-23T09:00,32.8,43,34.9,0.0,0.0,0,0,9.6,236,17.385,78.4867
2025-04-23T10:00,34.6,37,37.3,0.0,0.0,0,0,9.8,232,17.385,78.4867
2025-04-23T11:00,36.1,31,39.2,0.0,0.0,1,32,7.5,230,17.385,78.4867
2025-04-23T12:00,37.0,27,39.4,0.0,0.0,0,19,5.6,222,17.385,78.4867
2025-04-23T13:00,38.0,23,40.2,0.0,0.0,1,26,5.6,207,17.385,78.4867
2025-04-23T14:00,38.3,23,39.2,0.0,0.0,1,31,8.1,192,17.385,78.4867
2025-04-23T15:00,38.2,24,38.5,0.0,0.0,1,23,9.4,184,17.385,78.4867
2025-04-23T16:00,37.6,25,37.5,0.0,0.0,1,47,9.0,179,17.385,78.4867
2025-04-23T17:00,36.8,25,36.9,0.0,0.0,1,30,7.4,166,17.385,78.4867
2025-04-23T18:00,36.1,24,35.9,0.0,0.0,0,10,6.8,155,17.385,78.4867
2025-04-23T19:00,35.6,25,35.5,0.0,0.0,0,7,5.5,128,17.385,78.4867
2025-04-23T20:00,34.5,29,34.5,0.0,0.0,0,7,8.4,130,17.385,78.4867
2025-04-23T21:00,33.2,35,33.7,0.0,0.0,0,6,9.0,149,17.385,78.4867
2025-04-23T22:00,32.4,35,32.8,0.0,0.0,0,6,8.9,153,17.385,78.4867
2025-04-23T23:00,31.9,35,32.1,0.0,0.0,0,3,8.6,165,17.385,78.4867
2025-04-24T00:00,31.4,35,31.2,0.0,0.0,0,1,10.4,160,17.385,78.4867
2025-04-24T01:00,30.4,37,30.3,0.0,0.0,0,1,9.9,165,17.385,78.4867
2025-04-24T02:00,29.8,39,29.8,0.0,0.0,0,0,9.5,171,17.385,78.4867
2025-04-24T03:00,29.2,41,29.6,0.0,0.0,0,5,7.7,179,17.385,78.4867
2025-04-24T04:00,28.8,43,29.5,0.0,0.0,0,13,6.7,216,17.385,78.4867
2025-04-24T05:00,27.8,47,27.8,0.0,0.0,1,25,11.8,245,17.385,78.4867
2025-04-24T06:00,28.5,50,29.9,0.0,0.0,2,78,7.5,249,17.385,78.4867
2025-04-24T07:00,29.8,45,31.0,0.0,0.0,1,33,8.0,226,17.385,78.4867
2025-04-24T08:00,32.0,38,32.5,0.0,0.0,0,11,10.1,211,17.385,78.4867
2025-04-24T09:00,34.2,31,34.2,0.0,0.0,0,1,11.9,219,17.385,78.4867
2025-04-24T10:00,35.6,28,36.6,0.0,0.0,0,1,11.5,230,17.385,78.4867
2025-04-24T11:00,36.9,25,38.8,0.0,0.0,1,27,9.1,231,17.385,78.4867
2025-04-24T12:00,37.4,23,38.8,0.0,0.0,0,9,8.4,230,17.385,78.4867
2025-04-24T13:00,38.2,22,40.0,0.0,0.0,0,4,7.8,220,17.385,78.4867
2025-04-24T14:00,38.6,22,39.9,0.0,0.0,0,5,9.0,210,17.385,78.4867
2025-04-24T15:00,38.7,22,39.0,0.0,0.0,0,17,9.6,200,17.385,78.4867
2025-04-24T16:00,38.0,23,38.7,0.0,0.0,2,52,1.6,186,17.385,78.4867
2025-04-24T17:00,36.9,24,37.3,0.0,0.0,0,19,3.6,27,17.385,78.4867
2025-04-24T18:00,36.2,26,36.7,0.0,0.0,0,16,4.3,163,17.385,78.4867
2025-04-24T19:00,35.2,28,35.9,0.0,0.0,0,13,3.5,168,17.385,78.4867
2025-04-24T20:00,34.9,28,35.5,0.0,0.0,1,21,3.6,189,17.385,78.4867
2025-04-24T21:00,33.9,30,34.2,0.0,0.0,1,27,7.4,158,17.385,78.4867
2025-04-24T22:00,32.7,35,33.5,0.0,0.0,3,98,6.0,187,17.385,78.4867
2025-04-24T23:00,32.2,37,32.7,0.0,0.0,1,23,9.2,176,17.385,78.4867
2025-04-25T00:00,31.2,36,31.2,0.0,0.0,3,100,9.7,169,17.385,78.4867
2025-04-25T01:00,30.4,39,30.8,0.0,0.0,3,85,8.6,164,17.385,78.4867
2025-04-25T02:00,29.9,43,30.7,0.0,0.0,3,97,8.0,152,17.385,78.4867
2025-04-25T03:00,29.6,45,31.2,0.0,0.0,2,67,3.9,156,17.385,78.4867
2025-04-25T04:00,29.3,46,31.1,0.0,0.0,1,34,2.3,274,17.385,78.4867
2025-04-25T05:00,28.9,47,30.1,0.0,0.0,3,99,7.0,274,17.385,78.4867
2025-04-25T06:00,29.2,49,31.5,0.0,0.0,3,83,2.1,200,17.385,78.4867
2025-04-25T07:00,29.6,47,31.1,0.0,0.0,0,1,6.8,258,17.385,78.4867
2025-04-25T08:00,31.2,43,32.6,0.0,0.0,0,10,7.2,233,17.385,78.4867
2025-04-25T09:00,32.9,39,34.4,0.0,0.0,0,0,8.8,224,17.385,78.4867
2025-04-25T10:00,35.0,31,36.7,0.0,0.0,0,0,9.8,218,17.385,78.4867
2025-04-25T11:00,36.5,27,38.7,0.0,0.0,0,16,8.8,213,17.385,78.4867
2025-04-25T12:00,37.2,25,39.2,0.0,0.0,0,19,8.6,219,17.385,78.4867
2025-04-25T13:00,37.8,24,39.8,0.0,0.0,0,11,8.5,216,17.385,78.4867
2025-04-25T14:00,38.1,23,39.2,0.0,0.0,0,19,9.3,209,17.385,78.4867
2025-04-25T15:00,38.4,22,38.8,0.0,0.0,1,37,9.3,196,17.385,78.4867
2025-04-25T16:00,38.1,23,38.1,0.0,0.0,1,48,6.2,210,17.385,78.4867
2025-04-25T17:00,36.9,24,37.4,0.0,0.0,1,34,2.8,243,17.385,78.4867
2025-04-25T18:00,36.1,25,36.9,0.0,0.0,3,92,0.9,259,17.385,78.4867
2025-04-25T19:00,35.2,27,36.1,0.0,0.0,3,91,1.2,297,17.385,78.4867
2025-04-25T20:00,34.9,29,36.2,0.0,0.0,3,99,0.3,45,17.385,78.4867
2025-04-25T21:00,33.3,34,34.2,0.0,0.0,3,100,5.8,263,17.385,78.4867
2025-04-25T22:00,32.0,40,33.3,0.0,0.0,3,98,6.4,262,17.385,78.4867
2025-04-25T23:00,31.3,42,33.2,0.0,0.0,2,53,3.3,257,17.385,78.4867
2025-04-26T00:00,30.4,46,32.3,0.0,0.0,0,17,4.8,202,17.385,78.4867
2025-04-26T01:00,29.6,50,31.7,0.0,0.0,3,95,5.3,204,17.385,78.4867
2025-04-26T02:00,29.5,50,31.5,0.0,0.0,3,99,5.4,150,17.385,78.4867
2025-04-26T03:00,29.1,50,30.9,0.0,0.0,3,98,7.0,159,17.385,78.4867
2025-04-26T04:00,28.2,59,30.8,0.0,0.0,1,45,5.5,157,17.385,78.4867
2025-04-26T05:00,27.6,64,30.8,0.0,0.0,3,97,5.2,160,17.385,78.4867
2025-04-26T06:00,27.0,64,30.4,0.0,0.0,3,100,1.5,216,17.385,78.4867
2025-04-26T07:00,28.3,59,31.3,0.0,0.0,3,100,4.1,225,17.385,78.4867
2025-04-26T08:00,30.0,51,32.3,0.0,0.0,0,9,6.0,243,17.385,78.4867
2025-04-26T09:00,32.3,42,34.3,0.0,0.0,1,20,6.6,248,17.385,78.4867
2025-04-26T10:00,34.2,35,37.1,0.0,0.0,3,85,5.1,243,17.385,78.4867
2025-04-26T11:00,35.1,32,37.4,0.0,0.0,3,81,4.5,236,17.385,78.4867
2025-04-26T12:00,36.1,29,38.2,0.0,0.0,2,55,5.1,228,17.385,78.4867
2025-04-26T13:00,37.3,26,39.8,0.0,0.0,0,13,6.7,214,17.385,78.4867
2025-04-26T14:00,37.6,26,39.3,0.0,0.0,1,35,8.1,208,17.385,78.4867
2025-04-26T15:00,37.0,27,37.5,0.0,0.0,1,42,9.3,199,17.385,78.4867
2025-04-26T16:00,36.7,27,37.2,0.0,0.0,2,53,7.1,170,17.385,78.4867
2025-04-26T17:00,36.1,28,36.3,0.0,0.0,2,71,9.6,152,17.385,78.4867
2025-04-26T18:00,34.3,32,35.2,0.0,0.0,1,22,5.9,168,17.385,78.4867
2025-04-26T19:00,33.4,37,35.0,0.0,0.0,0,6,4.6,167,17.385,78.4867
2025-04-26T20:00,33.0,38,35.1,0.0,0.0,1,23,2.2,95,17.385,78.4867
2025-04-26T21:00,32.4,41,34.4,0.0,0.0,0,2,4.6,121,17.385,78.4867
2025-04-26T22:00,31.8,43,33.9,0.0,0.0,1,25,5.3,128,17.385,78.4867
2025-04-26T23:00,30.9,46,32.7,0.0,0.0,1,47,7.8,161,17.385,78.4867
2025-04-27T00:00,29.5,54,31.7,0.0,0.0,1,22,7.9,141,17.385,78.4867
2025-04-27T01:00,28.4,64,31.9,0.0,0.0,0,17,5.9,125,17.385,78.4867
2025-04-27T02:00,27.7,69,31.3,0.0,0.0,1,29,6.7,314,17.385,78.4867
2025-04-27T03:00,27.9,60,31.2,0.0,0.0,0,15,1.3,172,17.385,78.4867
2025-04-27T04:00,27.4,62,30.6,0.0,0.0,3,83,2.7,274,17.385,78.4867
2025-04-27T05:00,27.3,64,30.5,0.0,0.0,3,84,4.3,105,17.385,78.4867
2025-04-27T06:00,25.2,84,29.1,1.5,1.5,61,100,7.6,112,17.385,78.4867
2025-04-27T07:00,24.7,86,28.0,3.5,3.5,63,100,11.1,124,17.385,78.4867
2025-04-27T08:00,25.1,82,28.6,2.1,2.1,61,66,8.6,80,17.385,78.4867
2025-04-27T09:00,26.4,79,30.2,1.1,1.1,55,100,8.6,119,17.385,78.4867
2025-04-27T10:00,27.2,76,31.6,0.0,0.0,3,99,4.9,82,17.385,78.4867
2025-04-27T11:00,28.1,73,32.7,0.0,0.0,3,100,4.6,69,17.385,78.4867
2025-04-27T12:00,30.3,62,34.9,0.0,0.0,3,100,4.9,107,17.385,78.4867
2025-04-27T13:00,31.1,56,34.8,0.0,0.0,0,18,5.3,114,17.385,78.4867
2025-04-27T14:00,32.5,49,37.3,0.0,0.0,1,48,4.3,123,17.385,78.4867
2025-04-27T15:00,32.6,46,35.6,0.0,0.0,0,18,4.4,117,17.385,78.4867
2025-04-27T16:00,32.9,44,35.7,0.0,0.0,0,14,3.6,90,17.385,78.4867
2025-04-27T17:00,32.6,44,35.3,0.0,0.0,1,23,2.9,112,17.385,78.4867
2025-04-27T18:00,31.9,48,35.0,0.0,0.0,1,38,2.4,163,17.385,78.4867
2025-04-27T19:00,31.2,50,34.1,0.0,0.0,2,56,4.9,188,17.385,78.4867
2025-04-27T20:00,30.9,53,34.0,0.0,0.0,1,42,5.0,178,17.385,78.4867
2025-04-27T21:00,30.3,56,33.6,0.0,0.0,1,47,5.4,165,17.385,78.4867
2025-04-27T22:00,29.8,59,33.4,0.0,0.0,0,1,4.2,137,17.385,78.4867
2025-04-27T23:00,28.9,61,31.9,0.0,0.0,0,11,7.5,134,17.385,78.4867
2025-04-28T00:00,28.0,61,30.4,0.0,0.0,0,0,9.5,123,17.385,78.4867
2025-04-28T01:00,27.1,65,29.8,0.0,0.0,0,0,7.9,125,17.385,78.4867
2025-04-28T02:00,26.4,71,29.6,0.0,0.0,0,0,6.9,133,17.385,78.4867
2025-04-28T03:00,25.9,75,29.3,0.0,0.0,0,0,7.0,148,17.385,78.4867
2025-04-28T04:00,25.6,75,28.9,0.0,0.0,0,0,6.4,162,17.385,78.4867
2025-04-28T05:00,25.2,75,28.3,0.0,0.0,0,0,7.0,162,17.385,78.4867
2025-04-28T06:00,24.9,75,28.2,0.0,0.0,0,0,4.0,234,17.385,78.4867
2025-04-28T07:00,26.1,68,29.2,0.0,0.0,0,0,4.5,241,17.385,78.4867
2025-04-28T08:00,28.0,59,30.6,0.0,0.0,0,0,5.8,236,17.385,78.4867
2025-04-28T09:00,30.1,49,32.5,0.0,0.0,0,0,6.4,227,17.385,78.4867
2025-04-28T10:00,32.0,42,35.3,0.0,0.0,1,46,6.2,226,17.385,78.4867
2025-04-28T11:00,33.6,37,37.5,0.0,0.0,1,33,5.5,226,17.385,78.4867
2025-04-28T12:00,34.9,31,38.1,0.0,0.0,1,25,4.6,228,17.385,78.4867
2025-04-28T13:00,36.1,26,38.5,0.0,0.0,1,21,3.7,227,17.385,78.4867
2025-04-28T14:00,36.7,23,38.0,0.0,0.0,0,16,3.9,214,17.385,78.4867
2025-04-28T15:00,37.0,21,37.5,0.0,0.0,1,21,1.8,191,17.385,78.4867
2025-04-28T16:00,36.5,22,36.3,0.0,0.0,0,9,3.8,90,17.385,78.4867
2025-04-28T17:00,35.6,23,35.1,0.0,0.0,0,8,6.0,81,17.385,78.4867
2025-04-28T18:00,33.9,30,34.6,0.0,0.0,0,13,3.0,107,17.385,78.4867
2025-04-28T19:00,32.8,33,33.6,0.0,0.0,0,7,4.5,143,17.385,78.4867
2025-04-28T20:00,31.8,39,32.8,0.0,0.0,0,1,8.0,149,17.385,78.4867
2025-04-28T21:00,30.8,45,32.2,0.0,0.0,0,0,8.8,141,17.385,78.4867
2025-04-28T22:00,30.0,47,31.4,0.0,0.0,0,1,8.9,151,17.385,78.4867
2025-04-28T23:00,29.6,47,30.8,0.0,0.0,0,0,8.5,155,17.385,78.4867
2025-04-29T00:00,28.8,47,29.3,0.0,0.0,0,0,11.1,136,17.385,78.4867
2025-04-29T01:00,27.5,52,28.3,0.0,0.0,0,0,10.5,142,17.385,78.4867
2025-04-29T02:00,26.2,64,28.1,0.0,0.0,0,0,8.7,127,17.385,78.4867
2025-04-29T03:00,25.6,71,28.2,0.0,0.0,0,0,7.7,126,17.385,78.4867
2025-04-29T04:00,25.1,74,28.0,0.0,0.0,0,0,7.0,125,17.385,78.4867
2025-04-29T05:00,25.0,75,28.2,0.0,0.0,0,0,4.9,184,17.385,78.4867
2025-04-29T06:00,25.7,72,29.2,0.0,0.0,3,95,3.3,144,17.385,78.4867
2025-04-29T07:00,26.6,66,29.3,0.0,0.0,3,83,6.2,202,17.385,78.4867
2025-04-29T08:00,27.8,64,30.7,0.0,0.0,0,0,7.6,177,17.385,78.4867
2025-04-29T09:00,30.7,53,33.5,0.0,0.0,0,0,8.6,190,17.385,78.4867
2025-04-29T10:00,32.9,42,35.7,0.0,0.0,0,0,10.3,202,17.385,78.4867
2025-04-29T11:00,34.5,35,37.7,0.0,0.0,0,3,9.4,209,17.385,78.4867
2025-04-29T12:00,35.6,32,38.9,0.0,0.0,0,9,8.0,214,17.385,78.4867
2025-04-29T13:00,36.5,28,39.0,0.0,0.0,1,29,7.6,218,17.385,78.4867
2025-04-29T14:00,36.6,26,37.7,0.0,0.0,1,22,8.8,213,17.385,78.4867
2025-04-29T15:00,36.8,25,37.1,0.0,0.0,0,16,7.7,217,17.385,78.4867
2025-04-29T16:00,36.9,24,36.6,0.0,0.0,1,24,8.9,220,17.385,78.4867
2025-04-29T17:00,36.2,25,35.9,0.0,0.0,1,40,8.5,228,17.385,78.4867
2025-04-29T18:00,34.6,28,34.6,0.0,0.0,0,11,6.7,226,17.385,78.4867
2025-04-29T19:00,33.7,30,34.4,0.0,0.0,0,7,2.8,162,17.385,78.4867
2025-04-29T20:00,33.0,31,33.1,0.0,0.0,0,6,6.8,127,17.385,78.4867
2025-04-29T21:00,32.3,31,32.2,0.0,0.0,0,2,6.8,182,17.385,78.4867
2025-04-29T22:00,31.2,34,31.3,0.0,0.0,0,1,7.1,165,17.385,78.4867
2025-04-29T23:00,30.1,40,30.3,0.0,0.0,0,1,9.2,147,17.385,78.4867
2025-04-30T00:00,29.5,45,30.2,0.0,0.0,0,0,9.7,151,17.385,78.4867
2025-04-30T01:00,28.8,48,29.7,0.0,0.0,0,0,9.6,142,17.385,78.4867
2025-04-30T02:00,27.8,52,29.0,0.0,0.0,0,0,8.7,135,17.385,78.4867
2025-04-30T03:00,26.8,62,29.0,0.0,0.0,0,0,8.1,135,17.385,78.4867
2025-04-30T04:00,26.1,71,29.2,0.0,0.0,0,8,6.2,139,17.385,78.4867
2025-04-30T05:00,25.6,76,29.4,0.0,0.0,1,24,4.4,189,17.385,78.4867
2025-04-30T06:00,26.9,60,28.9,0.0,0.0,0,1,8.4,220,17.385,78.4867
2025-04-30T07:00,28.4,60,30.9,0.0,0.0,0,1,8.6,206,17.385,78.4867
2025-04-30T08:00,30.6,52,33.3,0.0,0.0,0,0,6.8,202,17.385,78.4867
2025-04-30T09:00,32.7,43,35.2,0.0,0.0,0,0,6.9,223,17.385,78.4867
2025-04-30T10:00,34.5,37,37.5,0.0,0.0,0,0,8.7,230,17.385,78.4867
2025-04-30T11:00,36.1,32,39.2,0.0,0.0,0,9,9.0,240,17.385,78.4867
2025-04-30T12:00,37.3,27,40.0,0.0,0.0,1,25,9.0,250,17.385,78.4867
2025-04-30T13:00,38.1,24,39.6,0.0,0.0,1,37,9.2,268,17.385,78.4867
2025-04-30T14:00,38.4,20,38.7,0.0,0.0,1,35,7.5,307,17.385,78.4867
2025-04-30T15:00,38.0,20,37.3,0.0,0.0,0,19,8.1,354,17.385,78.4867
2025-04-30T16:00,37.6,20,36.2,0.0,0.0,1,29,10.9,347,17.385,78.4867
2025-04-30T17:00,37.2,19,35.7,0.0,0.0,0,14,10.3,355,17.385,78.4867
2025-04-30T18:00,35.7,24,35.6,0.0,0.0,0,6,4.9,118,17.385,78.4867
2025-04-30T19:00,33.5,33,34.0,0.0,0.0,0,2,8.5,148,17.385,78.4867
2025-04-30T20:00,32.9,34,33.4,0.0,0.0,0,5,8.5,115,17.385,78.4867
2025-04-30T21:00,32.2,36,32.6,0.0,0.0,0,16,8.8,121,17.385,78.4867
2025-04-30T22:00,30.9,40,31.5,0.0,0.0,0,11,9.4,119,17.385,78.4867
2025-04-30T23:00,29.0,54,30.3,0.0,0.0,0,4,12.2,123,17.385,78.4867
2025-05-01T00:00,27.6,70,30.5,0.0,0.0,0,1,11.9,120,17.385,78.4867
2025-05-01T01:00,27.0,74,30.5,0.0,0.0,0,0,10.1,129,17.385,78.4867
2025-05-01T02:00,26.2,78,29.9,0.0,0.0,0,0,8.7,135,17.385,78.4867
2025-05-01T03:00,25.6,82,29.5,0.0,0.0,0,5,7.9,123,17.385,78.4867
2025-05-01T04:00,25.2,84,29.3,0.0,0.0,3,94,6.5,208,17.385,78.4867
2025-05-01T05:00,25.3,83,29.6,0.0,0.0,3,99,5.1,184,17.385,78.4867
2025-05-01T06:00,25.6,78,29.3,0.0,0.0,0,3,6.1,130,17.385,78.4867
2025-05-01T07:00,26.8,72,30.4,0.0,0.0,0,8,6.1,118,17.385,78.4867
2025-05-01T08:00,29.0,61,32.2,0.0,0.0,0,0,6.5,152,17.385,78.4867
2025-05-01T09:00,31.2,52,34.3,0.0,0.0,0,0,7.9,169,17.385,78.4867
2025-05-01T10:00,33.3,45,37.0,0.0,0.0,0,0,8.6,178,17.385,78.4867
2025-05-01T11:00,35.2,38,39.1,0.0,0.0,0,4,9.0,190,17.385,78.4867
2025-05-01T12:00,36.7,31,40.3,0.0,0.0,0,13,8.4,203,17.385,78.4867
2025-05-01T13:00,37.6,27,40.9,0.0,0.0,2,56,4.2,223,17.385,78.4867
2025-05-01T14:00,37.7,25,39.0,0.0,0.0,0,18,1.5,240,17.385,78.4867
2025-05-01T15:00,37.9,23,38.8,0.0,0.0,2,56,2.2,24,17.385,78.4867
2025-05-01T16:00,37.5,23,37.7,0.0,0.0,1,32,3.9,74,17.385,78.4867
2025-05-01T17:00,36.8,23,37.3,0.0,0.0,1,25,2.1,59,17.385,78.4867
2025-05-01T18:00,34.5,33,35.1,0.0,0.0,1,20,9.2,123,17.385,78.4867
2025-05-01T19:00,34.2,34,35.3,0.0,0.0,3,88,6.2,123,17.385,78.4867
2025-05-01T20:00,33.7,35,34.8,0.0,0.0,0,3,6.6,125,17.385,78.4867
2025-05-01T21:00,32.6,40,33.8,0.0,0.0,0,0,8.3,117,17.385,78.4867
2025-05-01T22:00,32.0,42,33.3,0.0,0.0,0,0,9.0,119,17.385,78.4867
2025-05-01T23:00,31.2,43,32.3,0.0,0.0,0,0,10.4,110,17.385,78.4867
2025-05-02T00:00,29.3,53,31.2,0.0,0.0,0,0,8.9,130,17.385,78.4867
2025-05-02T01:00,28.1,64,30.9,0.0,0.0,0,0,9.0,123,17.385,78.4867
2025-05-02T02:00,27.3,71,30.9,0.0,0.0,0,0,7.4,129,17.385,78.4867
2025-05-02T03:00,26.7,75,30.5,0.0,0.0,0,0,6.9,137,17.385,78.4867
2025-05-02T04:00,26.2,77,30.1,0.0,0.0,0,0,6.7,124,17.385,78.4867
2025-05-02T05:00,25.8,79,29.7,0.0,0.0,0,0,5.8,187,17.385,78.4867
2025-05-02T06:00,25.5,83,29.2,0.0,0.0,1,31,9.4,133,17.385,78.4867
2025-05-02T07:00,26.5,78,30.6,0.0,0.0,1,45,7.1,128,17.385,78.4867
2025-05-02T08:00,28.6,67,32.6,0.0,0.0,2,51,5.7,145,17.385,78.4867
2025-05-02T09:00,31.5,52,34.6,0.0,0.0,0,11,8.3,175,17.385,78.4867
2025-05-02T10:00,33.9,42,37.4,0.0,0.0,0,0,8.4,199,17.385,78.4867
2025-05-02T11:00,35.6,34,39.2,0.0,0.0,0,19,7.9,231,17.385,78.4867
2025-05-02T12:00,36.8,28,39.7,0.0,0.0,1,38,6.3,268,17.385,78.4867
2025-05-02T13:00,37.9,21,39.6,0.0,0.0,1,24,3.8,278,17.385,78.4867
2025-05-02T14:00,38.7,18,39.2,0.0,0.0,0,10,5.7,342,17.385,78.4867
2025-05-02T15:00,38.5,18,37.5,0.0,0.0,0,13,11.0,358,17.385,78.4867
2025-05-02T16:00,37.8,17,35.6,0.0,0.0,0,7,12.6,5,17.385,78.4867
2025-05-02T17:00,37.1,18,35.1,0.0,0.0,0,4,11.9,3,17.385,78.4867
2025-05-02T18:00,36.6,20,35.4,0.0,0.0,0,13,8.3,14,17.385,78.4867
2025-05-02T19:00,35.8,22,35.5,0.0,0.0,0,9,3.0,33,17.385,78.4867
2025-05-02T20:00,34.6,25,34.4,0.0,0.0,0,7,4.6,169,17.385,78.4867
2025-05-02T21:00,33.3,29,33.1,0.0,0.0,0,8,6.4,108,17.385,78.4867
2025-05-02T22:00,31.2,42,31.8,0.0,0.0,0,3,11.4,129,17.385,78.4867
2025-05-02T23:00,30.0,50,31.7,0.0,0.0,0,0,9.4,132,17.385,78.4867
2025-05-03T00:00,29.0,56,31.7,0.0,0.0,0,1,6.0,153,17.385,78.4867
2025-05-03T01:00,28.3,61,31.1,0.0,0.0,0,0,7.1,117,17.385,78.4867
2025-05-03T02:00,27.7,66,31.0,0.0,0.0,0,0,5.9,157,17.385,78.4867
2025-05-03T03:00,27.2,68,30.6,0.0,0.0,0,0,5.9,166,17.385,78.4867
2025-05-03T04:00,26.9,66,29.7,0.0,0.0,0,0,7.3,208,17.385,78.4867
2025-05-03T05:00,27.1,66,29.3,0.0,0.0,0,0,12.1,213,17.385,78.4867
2025-05-03T06:00,26.2,72,29.4,0.0,0.0,0,0,6.6,229,17.385,78.4867
2025-05-03T07:00,27.8,61,30.1,0.0,0.0,0,0,9.2,231,17.385,78.4867
2025-05-03T08:00,29.8,51,31.2,0.0,0.0,0,0,12.0,240,17.385,78.4867
2025-05-03T09:00,32.0,44,33.7,0.0,0.0,0,0,11.7,250,17.385,78.4867
2025-05-03T10:00,34.2,37,36.6,0.0,0.0,0,1,11.2,252,17.385,78.4867
2025-05-03T11:00,36.1,29,38.5,0.0,0.0,0,7,10.0,261,17.385,78.4867
2025-05-03T12:00,37.4,24,39.4,0.0,0.0,1,31,9.2,272,17.385,78.4867
2025-05-03T13:00,37.9,22,38.7,0.0,0.0,0,14,9.0,276,17.385,78.4867
2025-05-03T14:00,38.6,20,39.1,0.0,0.0,0,19,9.7,288,17.385,78.4867
2025-05-03T15:00,38.4,18,37.5,0.0,0.0,0,18,9.3,292,17.385,78.4867
2025-05-03T16:00,38.2,16,36.6,0.0,0.0,0,10,7.2,271,17.385,78.4867
2025-05-03T17:00,38.1,16,37.0,0.0,0.0,0,14,3.4,267,17.385,78.4867
2025-05-03T18:00,35.5,21,34.4,0.0,0.0,0,10,7.7,219,17.385,78.4867
2025-05-03T19:00,33.6,27,32.9,0.0,0.0,0,8,8.9,172,17.385,78.4867
2025-05-03T20:00,32.4,32,32.2,0.0,0.0,0,10,9.1,170,17.385,78.4867
2025-05-03T21:00,31.4,36,31.7,0.0,0.0,0,9,8.7,159,17.385,78.4867
2025-05-03T22:00,31.5,34,31.5,0.0,0.0,0,8,8.1,181,17.385,78.4867
2025-05-03T23:00,31.0,35,31.1,0.0,0.0,0,10,7.2,186,17.385,78.4867
2025-05-04T00:00,30.2,37,30.3,0.0,0.0,0,8,7.7,189,17.385,78.4867
2025-05-04T01:00,29.7,38,29.9,0.0,0.0,0,13,6.9,185,17.385,78.4867
2025-05-04T02:00,28.9,39,29.3,0.0,0.0,1,25,4.8,101,17.385,78.4867
2025-05-04T03:00,28.3,41,28.0,0.0,0.0,1,23,10.4,172,17.385,78.4867
2025-05-04T04:00,28.5,41,28.5,0.0,0.0,0,3,8.2,218,17.385,78.4867
2025-05-04T05:00,27.2,48,28.6,0.0,0.0,0,9,2.4,333,17.385,78.4867
2025-05-04T06:00,26.6,60,29.0,0.0,0.0,0,3,3.2,74,17.385,78.4867
2025-05-04T07:00,27.8,57,30.6,0.0,0.0,0,0,2.3,108,17.385,78.4867
2025-05-04T08:00,30.1,45,32.3,0.0,0.0,0,0,1.8,264,17.385,78.4867
2025-05-04T09:00,32.7,33,33.7,0.0,0.0,0,0,5.0,316,17.385,78.4867
2025-05-04T10:00,34.7,26,36.2,0.0,0.0,0,0,5.2,316,17.385,78.4867
2025-05-04T11:00,36.3,23,38.3,0.0,0.0,0,0,5.4,304,17.385,78.4867
2025-05-04T12:00,37.4,20,39.3,0.0,0.0,0,10,6.9,300,17.385,78.4867
2025-05-04T13:00,38.1,18,39.2,0.0,0.0,0,4,7.3,290,17.385,78.4867
2025-05-04T14:00,38.5,17,39.3,0.0,0.0,1,25,4.9,278,17.385,78.4867
2025-05-04T15:00,37.2,19,36.9,0.0,0.0,0,17,4.6,108,17.385,78.4867
2025-05-04T16:00,37.4,18,36.6,0.0,0.0,1,25,3.1,301,17.385,78.4867
2025-05-04T17:00,37.0,16,35.1,0.0,0.0,0,7,7.6,284,17.385,78.4867
2025-05-04T18:00,31.0,43,31.3,0.0,0.0,0,1,14.2,114,17.385,78.4867
2025-05-04T19:00,29.7,48,30.3,0.0,0.0,0,0,14.5,115,17.385,78.4867
2025-05-04T20:00,27.9,56,29.0,0.0,0.0,0,0,13.7,115,17.385,78.4867
2025-05-04T21:00,27.2,60,29.1,0.0,0.0,0,0,9.1,112,17.385,78.4867
2025-05-04T22:00,26.7,62,29.0,0.0,0.0,0,0,6.2,112,17.385,78.4867
2025-05-04T23:00,26.1,65,28.8,0.0,0.0,0,0,4.7,106,17.385,78.4867
2025-05-05T00:00,25.8,67,28.4,0.0,0.0,0,1,5.1,157,17.385,78.4867
2025-05-05T01:00,25.3,70,27.9,0.0,0.0,0,0,6.3,173,17.385,78.4867
2025-05-05T02:00,24.8,73,27.6,0.0,0.0,0,0,6.1,210,17.385,78.4867
2025-05-05T03:00,24.4,76,27.1,0.0,0.0,0,0,7.1,255,17.385,78.4867
2025-05-05T04:00,24.0,77,26.1,0.0,0.0,0,0,10.6,261,17.385,78.4867
2025-05-05T05:00,23.9,75,26.3,0.0,0.0,0,0,7.6,258,17.385,78.4867
2025-05-05T06:00,24.7,82,28.2,0.0,0.0,0,0,7.4,227,17.385,78.4867
2025-05-05T07:00,26.3,73,29.5,0.0,0.0,0,0,7.9,243,17.385,78.4867
2025-05-05T08:00,28.7,61,31.8,0.0,0.0,0,0,7.2,242,17.385,78.4867
2025-05-05T09:00,31.7,45,34.0,0.0,0.0,0,0,8.1,246,17.385,78.4867
2025-05-05T10:00,33.9,34,36.5,0.0,0.0,0,0,6.6,261,17.385,78.4867
2025-05-05T11:00,35.6,28,38.4,0.0,0.0,1,26,5.8,263,17.385,78.4867
2025-05-05T12:00,36.9,21,38.6,0.0,0.0,1,27,6.2,263,17.385,78.4867
2025-05-05T13:00,37.5,19,38.0,0.0,0.0,1,29,8.2,261,17.385,78.4867
2025-05-05T14:00,37.4,19,37.0,0.0,0.0,0,19,10.2,260,17.385,78.4867
2025-05-05T15:00,37.4,18,36.4,0.0,0.0,0,15,10.0,256,17.385,78.4867
2025-05-05T16:00,37.2,18,35.5,0.0,0.0,0,10,9.0,282,17.385,78.4867
2025-05-05T17:00,36.7,18,34.8,0.0,0.0,0,19,9.9,308,17.385,78.4867
2025-05-05T18:00,35.9,19,34.6,0.0,0.0,1,22,6.7,314,17.385,78.4867
2025-05-05T19:00,34.8,21,33.9,0.0,0.0,0,16,4.5,344,17.385,78.4867
2025-05-05T20:00,33.8,24,32.9,0.0,0.0,0,19,6.0,81,17.385,78.4867
2025-05-05T21:00,33.5,26,33.0,0.0,0.0,1,28,6.3,59,17.385,78.4867
2025-05-05T22:00,32.8,27,32.5,0.0,0.0,0,17,5.2,14,17.385,78.4867
2025-05-05T23:00,31.2,31,30.7,0.0,0.0,1,23,7.5,82,17.385,78.4867
2025-05-06T00:00,29.7,39,30.2,0.0,0.0,0,9,6.3,70,17.385,78.4867
2025-05-06T01:00,28.6,44,29.4,0.0,0.0,0,10,6.2,57,17.385,78.4867
2025-05-06T02:00,27.8,49,28.8,0.0,0.0,0,11,7.2,346,17.385,78.4867
2025-05-06T03:00,27.2,52,28.0,0.0,0.0,0,3,9.2,87,17.385,78.4867
2025-05-06T04:00,26.3,58,27.9,0.0,0.0,0,13,6.5,103,17.385,78.4867
2025-05-06T05:00,25.8,64,27.9,0.0,0.0,2,59,6.9,95,17.385,78.4867
2025-05-06T06:00,24.9,72,28.0,0.0,0.0,0,9,3.5,152,17.385,78.4867
2025-05-06T07:00,26.5,65,29.6,0.0,0.0,0,8,3.1,211,17.385,78.4867
2025-05-06T08:00,28.6,55,31.0,0.0,0.0,0,2,5.0,289,17.385,78.4867
2025-05-06T09:00,30.8,45,33.2,0.0,0.0,0,3,4.4,251,17.385,78.4867
2025-05-06T10:00,33.0,35,35.6,0.0,0.0,0,5,4.0,260,17.385,78.4867
2025-05-06T11:00,34.8,28,37.9,0.0,0.0,0,3,3.0,284,17.385,78.4867
2025-05-06T12:00,36.1,24,39.1,0.0,0.0,0,15,2.1,329,17.385,78.4867
2025-05-06T13:00,36.6,22,38.7,0.0,0.0,1,32,1.3,16,17.385,78.4867
2025-05-06T14:00,36.8,20,37.5,0.0,0.0,1,41,2.4,279,17.385,78.4867
2025-05-06T15:00,36.7,20,35.8,0.0,0.0,1,27,6.6,261,17.385,78.4867
2025-05-06T16:00,36.1,22,35.3,0.0,0.0,1,34,6.8,259,17.385,78.4867
2025-05-06T17:00,35.3,24,34.7,0.0,0.0,0,16,7.0,266,17.385,78.4867
2025-05-06T18:00,33.9,28,34.0,0.0,0.0,0,17,4.6,288,17.385,78.4867
2025-05-06T19:00,33.0,29,33.3,0.0,0.0,0,8,3.8,311,17.385,78.4867
2025-05-06T20:00,32.3,31,32.9,0.0,0.0,0,6,2.3,67,17.385,78.4867
2025-05-06T21:00,31.8,33,32.3,0.0,0.0,0,6,4.8,121,17.385,78.4867
2025-05-06T22:00,30.8,37,31.6,0.0,0.0,0,0,5.0,136,17.385,78.4867
2025-05-06T23:00,29.5,42,30.3,0.0,0.0,0,0,7.0,134,17.385,78.4867
2025-05-07T00:00,29.0,46,29.9,0.0,0.0,0,0,8.4,160,17.385,78.4867
2025-05-07T01:00,28.7,48,29.8,0.0,0.0,0,0,7.6,153,17.385,78.4867
2025-05-07T02:00,28.1,50,29.5,0.0,0.0,0,0,6.5,122,17.385,78.4867
2025-05-07T03:00,27.5,52,29.1,0.0,0.0,0,3,5.8,94,17.385,78.4867
2025-05-07T04:00,26.9,56,28.6,0.0,0.0,2,57,5.4,266,17.385,78.4867
2025-05-07T05:00,24.8,60,25.6,0.8,0.8,53,33,9.7,288,17.385,78.4867
2025-05-07T06:00,25.5,62,27.2,0.0,0.0,0,13,7.5,259,17.385,78.4867
2025-05-07T07:00,26.8,54,28.1,0.0,0.0,0,2,7.0,320,17.385,78.4867
2025-05-07T08:00,29.0,41,29.5,0.0,0.0,0,0,6.4,335,17.385,78.4867
2025-05-07T09:00,30.6,38,32.1,0.0,0.0,0,0,2.7,328,17.385,78.4867
2025-05-07T10:00,32.2,34,35.0,0.0,0.0,0,0,1.4,247,17.385,78.4867
2025-05-07T11:00,33.7,30,36.9,0.0,0.0,0,0,2.7,238,17.385,78.4867
2025-05-07T12:00,35.0,27,38.0,0.0,0.0,0,1,4.5,223,17.385,78.4867
2025-05-07T13:00,35.9,25,38.1,0.0,0.0,0,8,7.6,232,17.385,78.4867
2025-05-07T14:00,36.0,25,36.8,0.0,0.0,0,13,10.7,240,17.385,78.4867
2025-05-07T15:00,35.7,24,35.3,0.0,0.0,1,28,11.3,243,17.385,78.4867
2025-05-07T16:00,35.2,24,34.0,0.0,0.0,1,25,10.3,241,17.385,78.4867
2025-05-07T17:00,34.6,24,33.1,0.0,0.0,1,25,11.9,236,17.385,78.4867
2025-05-07T18:00,33.9,25,33.2,0.0,0.0,1,30,7.7,240,17.385,78.4867
2025-05-07T19:00,33.6,27,33.0,0.0,0.0,0,9,7.5,201,17.385,78.4867
2025-05-07T20:00,32.6,31,32.2,0.0,0.0,0,7,9.2,179,17.385,78.4867
2025-05-07T21:00,31.6,34,31.3,0.0,0.0,0,10,10.5,175,17.385,78.4867
2025-05-07T22:00,31.5,32,31.4,0.0,0.0,1,23,7.0,154,17.385,78.4867
2025-05-07T23:00,31.0,33,30.9,0.0,0.0,0,10,6.6,163,17.385,78.4867
2025-05-08T00:00,30.0,35,29.7,0.0,0.0,0,4,8.3,156,17.385,78.4867
2025-05-08T01:00,28.9,39,28.5,0.0,0.0,0,0,9.4,130,17.385,78.4867
2025-05-08T02:00,28.1,43,28.3,0.0,0.0,0,1,8.3,156,17.385,78.4867
2025-05-08T03:00,27.3,49,28.4,0.0,0.0,0,17,5.9,220,17.385,78.4867
2025-05-08T04:00,26.6,48,27.0,0.0,0.0,1,22,8.1,317,17.385,78.4867
2025-05-08T05:00,26.8,46,27.4,0.0,0.0,0,0,4.8,103,17.385,78.4867
2025-05-08T06:00,26.4,52,27.8,0.0,0.0,0,0,4.1,257,17.385,78.4867
2025-05-08T07:00,27.6,48,28.5,0.0,0.0,0,6,6.7,297,17.385,78.4867
2025-05-08T08:00,29.2,43,29.8,0.0,0.0,0,16,7.8,328,17.385,78.4867
2025-05-08T09:00,30.8,38,31.7,0.0,0.0,1,20,6.9,335,17.385,78.4867
2025-05-08T10:00,32.3,34,34.3,0.0,0.0,1,25,6.0,331,17.385,78.4867
2025-05-08T11:00,33.3,32,35.4,0.0,0.0,0,19,5.4,339,17.385,78.4867
2025-05-08T12:00,34.3,29,36.8,0.0,0.0,1,22,4.3,303,17.385,78.4867
2025-05-08T13:00,35.2,26,37.1,0.0,0.0,1,38,5.6,272,17.385,78.4867
2025-05-08T14:00,35.1,26,36.0,0.0,0.0,1,25,6.9,264,17.385,78.4867
2025-05-08T15:00,34.9,27,35.0,0.0,0.0,0,19,7.3,254,17.385,78.4867
2025-05-08T16:00,34.6,28,34.3,0.0,0.0,0,11,8.7,248,17.385,78.4867
2025-05-08T17:00,34.0,28,33.5,0.0,0.0,0,16,9.9,248,17.385,78.4867
2025-05-08T18:00,33.7,27,33.7,0.0,0.0,2,60,3.7,259,17.385,78.4867
2025-05-08T19:00,33.3,27,33.0,0.0,0.0,1,36,4.8,121,17.385,78.4867
2025-05-08T20:00,31.9,33,31.5,0.0,0.0,0,1,9.8,110,17.385,78.4867
2025-05-08T21:00,31.2,35,31.3,0.0,0.0,0,3,7.2,122,17.385,78.4867
2025-05-08T22:00,30.3,37,30.6,0.0,0.0,0,0,6.2,126,17.385,78.4867
2025-05-08T23:00,29.3,39,29.3,0.0,0.0,0,0,9.0,125,17.385,78.4867
2025-05-09T00:00,27.9,48,28.8,0.0,0.0,0,0,7.7,139,17.385,78.4867
2025-05-09T01:00,26.9,55,28.6,0.0,0.0,0,2,5.9,140,17.385,78.4867
2025-05-09T02:00,26.3,59,28.2,0.0,0.0,0,8,5.6,115,17.385,78.4867
2025-05-09T03:00,26.0,61,27.9,0.0,0.0,0,0,6.0,127,17.385,78.4867
2025-05-09T04:00,25.3,64,26.3,0.0,0.0,0,0,12.8,260,17.385,78.4867
2025-05-09T05:00,25.1,62,26.2,0.0,0.0,0,0,9.5,251,17.385,78.4867
2025-05-09T06:00,25.1,69,27.4,0.0,0.0,0,0,6.2,234,17.385,78.4867
2025-05-09T07:00,26.7,59,28.5,0.0,0.0,0,18,7.5,255,17.385,78.4867
2025-05-09T08:00,29.0,46,29.5,0.0,0.0,0,12,10.3,283,17.385,78.4867
2025-05-09T09:00,30.8,38,31.2,0.0,0.0,0,1,10.9,297,17.385,78.4867
2025-05-09T10:00,32.4,34,33.8,0.0,0.0,0,0,9.8,296,17.385,78.4867
2025-05-09T11:00,33.8,30,36.1,0.0,0.0,1,20,7.4,276,17.385,78.4867
2025-05-09T12:00,34.7,27,36.6,0.0,0.0,1,22,6.7,262,17.385,78.4867
2025-05-09T13:00,35.5,26,37.3,0.0,0.0,0,15,9.1,249,17.385,78.4867
2025-05-09T14:00,35.6,26,36.6,0.0,0.0,0,17,10.1,241,17.385,78.4867
2025-05-09T15:00,35.5,27,35.8,0.0,0.0,1,25,9.2,231,17.385,78.4867
2025-05-09T16:00,35.2,26,34.8,0.0,0.0,1,26,9.2,228,17.385,78.4867
2025-05-09T17:00,34.6,27,34.2,0.0,0.0,1,25,8.9,220,17.385,78.4867
2025-05-09T18:00,34.1,26,34.4,0.0,0.0,1,35,2.3,108,17.385,78.4867
2025-05-09T19:00,33.3,28,33.6,0.0,0.0,1,24,2.5,120,17.385,78.4867
2025-05-09T20:00,33.0,29,33.4,0.0,0.0,1,28,2.4,117,17.385,78.4867
2025-05-09T21:00,32.5,31,32.8,0.0,0.0,1,26,4.4,148,17.385,78.4867
2025-05-09T22:00,31.9,34,32.4,0.0,0.0,0,19,5.4,132,17.385,78.4867
2025-05-09T23:00,30.9,37,31.4,0.0,0.0,1,21,6.8,115,17.385,78.4867
2025-05-10T00:00,30.2,39,30.4,0.0,0.0,1,28,8.6,129,17.385,78.4867
2025-05-10T01:00,29.6,41,30.1,0.0,0.0,1,29,7.4,129,17.385,78.4867
2025-05-10T02:00,28.5,46,29.4,0.0,0.0,0,17,7.3,121,17.385,78.4867
2025-05-10T03:00,27.7,51,29.2,0.0,0.0,0,6,5.7,125,17.385,78.4867
2025-05-10T04:00,27.2,56,29.2,0.0,0.0,1,22,5.1,113,17.385,78.4867
2025-05-10T05:00,26.7,61,29.3,0.0,0.0,1,35,3.5,118,17.385,78.4867
2025-05-10T06:00,26.8,59,28.7,0.0,0.0,0,0,6.7,268,17.385,78.4867
2025-05-10T07:00,28.0,49,29.0,0.0,0.0,0,9,7.8,274,17.385,78.4867
2025-05-10T08:00,30.0,42,30.4,0.0,0.0,2,58,10.0,296,17.385,78.4867
2025-05-10T09:00,31.8,37,32.5,0.0,0.0,0,7,9.7,294,17.385,78.4867
2025-05-10T10:00,33.5,31,35.4,0.0,0.0,2,69,6.4,286,17.385,78.4867
2025-05-10T11:00,34.6,29,37.0,0.0,0.0,1,31,5.5,281,17.385,78.4867
2025-05-10T12:00,35.3,27,37.3,0.0,0.0,0,16,4.9,268,17.385,78.4867
2025-05-10T13:00,36.5,26,38.9,0.0,0.0,1,37,5.2,256,17.385,78.4867
2025-05-10T14:00,36.4,26,37.5,0.0,0.0,1,41,6.2,253,17.385,78.4867
2025-05-10T15:00,36.0,27,36.5,0.0,0.0,1,21,6.6,249,17.385,78.4867
2025-05-10T16:00,35.7,28,36.0,0.0,0.0,1,26,7.2,243,17.385,78.4867
2025-05-10T17:00,34.8,30,35.1,0.0,0.0,1,27,8.4,233,17.385,78.4867
2025-05-10T18:00,34.6,28,35.3,0.0,0.0,1,27,2.7,113,17.385,78.4867
2025-05-10T19:00,33.5,31,34.1,0.0,0.0,0,18,5.1,113,17.385,78.4867
2025-05-10T20:00,33.2,32,33.9,0.0,0.0,0,14,4.8,135,17.385,78.4867
2025-05-10T21:00,32.1,39,33.0,0.0,0.0,0,11,8.3,136,17.385,78.4867
2025-05-10T22:00,30.4,46,31.9,0.0,0.0,0,5,7.2,129,17.385,78.4867
2025-05-10T23:00,29.3,50,31.3,0.0,0.0,0,1,5.4,132,17.385,78.4867
2025-05-11T00:00,28.8,53,30.8,0.0,0.0,0,17,6.4,144,17.385,78.4867
2025-05-11T01:00,28.6,55,30.8,0.0,0.0,1,34,5.8,154,17.385,78.4867
2025-05-11T02:00,28.3,56,30.8,0.0,0.0,2,65,4.1,142,17.385,78.4867
2025-05-11T03:00,28.0,56,30.7,0.0,0.0,1,34,3.3,158,17.385,78.4867
2025-05-11T04:00,27.7,57,30.4,0.0,0.0,1,25,3.2,180,17.385,78.4867
2025-05-11T05:00,27.4,59,30.1,0.0,0.0,1,20,2.9,137,17.385,78.4867
2025-05-11T06:00,27.4,60,29.9,0.0,0.0,0,0,5.7,235,17.385,78.4867
2025-05-11T07:00,28.7,49,29.9,0.0,0.0,0,2,8.7,253,17.385,78.4867
2025-05-11T08:00,30.7,43,31.4,0.0,0.0,0,2,10.4,268,17.385,78.4867
2025-05-11T09:00,32.5,38,33.6,0.0,0.0,0,1,9.6,279,17.385,78.4867
2025-05-11T10:00,34.4,31,36.4,0.0,0.0,0,9,6.5,275,17.385,78.4867
2025-05-11T11:00,35.6,28,37.9,0.0,0.0,0,9,6.9,263,17.385,78.4867
2025-05-11T12:00,36.9,26,39.6,0.0,0.0,0,12,6.7,254,17.385,78.4867
2025-05-11T13:00,37.6,25,40.2,0.0,0.0,1,32,6.8,248,17.385,78.4867
2025-05-11T14:00,37.4,26,39.3,0.0,0.0,1,43,6.6,249,17.385,78.4867
2025-05-11T15:00,37.1,27,37.9,0.0,0.0,1,42,7.6,251,17.385,78.4867
2025-05-11T16:00,36.5,28,36.9,0.0,0.0,1,31,8.0,247,17.385,78.4867
2025-05-11T17:00,35.8,29,35.9,0.0,0.0,1,25,10.2,234,17.385,78.4867
2025-05-11T18:00,35.4,28,36.0,0.0,0.0,1,30,5.9,137,17.385,78.4867
2025-05-11T19:00,34.2,32,35.1,0.1,0.1,51,47,5.6,182,17.385,78.4867
2025-05-11T20:00,32.8,40,34.3,0.1,0.1,51,25,7.2,251,17.385,78.4867
2025-05-11T21:00,31.4,46,33.5,0.0,0.0,1,21,7.4,270,17.385,78.4867
2025-05-11T22:00,30.3,50,32.6,0.0,0.0,0,14,6.0,237,17.385,78.4867
2025-05-11T23:00,29.5,52,31.9,0.0,0.0,0,12,5.1,276,17.385,78.4867
2025-05-12T00:00,29.1,53,31.6,0.0,0.0,0,10,4.6,306,17.385,78.4867
2025-05-12T01:00,29.4,52,31.5,0.0,0.0,0,13,6.5,341,17.385,78.4867
2025-05-12T02:00,28.3,54,29.4,0.0,0.0,1,20,12.6,343,17.385,78.4867
2025-05-12T03:00,27.3,58,29.3,0.0,0.0,1,25,7.0,350,17.385,78.4867
2025-05-12T04:00,26.8,61,29.1,0.0,0.0,2,73,5.7,305,17.385,78.4867
2025-05-12T05:00,26.3,63,28.7,0.0,0.0,3,90,5.2,270,17.385,78.4867
2025-05-12T06:00,27.6,59,29.8,0.0,0.0,0,2,7.3,286,17.385,78.4867
2025-05-12T07:00,28.8,54,30.7,0.0,0.0,0,7,8.0,297,17.385,78.4867
2025-05-12T08:00,30.5,47,32.0,0.0,0.0,0,2,8.9,306,17.385,78.4867
2025-05-12T09:00,32.3,41,33.7,0.0,0.0,0,0,9.9,318,17.385,78.4867
2025-05-12T10:00,33.8,37,36.0,0.0,0.0,0,1,10.2,326,17.385,78.4867
2025-05-12T11:00,35.2,34,38.3,0.0,0.0,0,5,9.2,329,17.385,78.4867
2025-05-12T12:00,36.3,32,39.8,0.0,0.0,0,15,7.9,325,17.385,78.4867
2025-05-12T13:00,36.9,30,40.1,0.0,0.0,1,43,7.9,319,17.385,78.4867
2025-05-12T14:00,37.0,30,39.3,0.0,0.0,1,31,8.5,314,17.385,78.4867
2025-05-12T15:00,36.7,31,38.3,0.0,0.0,3,98,7.5,290,17.385,78.4867
2025-05-12T16:00,35.6,33,37.0,0.0,0.0,3,86,6.5,347,17.385,78.4867
2025-05-12T17:00,35.2,34,36.6,0.0,0.0,2,64,7.0,26,17.385,78.4867
2025-05-12T18:00,34.2,36,35.4,0.0,0.0,1,30,8.1,3,17.385,78.4867
2025-05-12T19:00,34.0,36,35.5,0.0,0.0,0,12,5.7,24,17.385,78.4867
2025-05-12T20:00,34.0,36,35.7,0.0,0.0,0,16,4.3,42,17.385,78.4867
2025-05-12T21:00,33.3,38,35.1,0.0,0.0,1,20,5.1,4,17.385,78.4867
2025-05-12T22:00,32.3,42,34.3,0.0,0.0,3,83,5.9,358,17.385,78.4867
2025-05-12T23:00,31.1,46,32.9,0.0,0.0,2,78,8.2,303,17.385,78.4867
2025-05-13T00:00,29.1,53,31.3,0.0,0.0,1,35,6.9,263,17.385,78.4867
2025-05-13T01:00,27.4,61,29.1,0.0,0.0,2,55,11.9,288,17.385,78.4867
2025-05-13T02:00,26.7,63,29.0,0.0,0.0,0,14,7.6,282,17.385,78.4867
2025-05-13T03:00,26.4,65,29.1,0.0,0.0,0,4,5.9,259,17.385,78.4867
2025-05-13T04:00,26.1,66,28.9,0.0,0.0,0,1,4.5,299,17.385,78.4867
2025-05-13T05:00,26.1,66,28.9,0.0,0.0,0,1,4.2,282,17.385,78.4867
2025-05-13T06:00,26.6,70,29.5,0.0,0.0,1,32,8.6,299,17.385,78.4867
2025-05-13T07:00,27.4,66,30.3,0.0,0.0,2,76,8.3,304,17.385,78.4867
2025-05-13T08:00,29.2,59,32.1,0.0,0.0,0,1,7.4,302,17.385,78.4867
2025-05-13T09:00,31.2,51,34.2,0.0,0.0,0,3,6.8,302,17.385,78.4867
2025-05-13T10:00,33.0,42,36.9,0.0,0.0,0,17,4.3,292,17.385,78.4867
2025-05-13T11:00,34.5,37,39.0,0.0,0.0,0,14,2.4,253,17.385,78.4867
2025-05-13T12:00,35.7,34,40.3,0.0,0.0,1,36,3.4,223,17.385,78.4867
2025-05-13T13:00,36.3,32,39.8,0.0,0.0,2,58,4.0,238,17.385,78.4867
2025-05-13T14:00,36.5,32,39.2,0.0,0.0,3,96,5.9,239,17.385,78.4867
2025-05-13T15:00,36.3,32,37.6,0.0,0.0,3,98,7.7,242,17.385,78.4867
2025-05-13T16:00,35.2,34,37.2,0.0,0.0,1,30,2.9,313,17.385,78.4867
2025-05-13T17:00,34.6,36,36.4,0.0,0.0,1,39,6.0,357,17.385,78.4867
2025-05-13T18:00,33.7,40,36.6,0.0,0.0,3,88,1.0,22,17.385,78.4867
2025-05-13T19:00,32.7,45,35.7,0.0,0.0,1,41,2.9,259,17.385,78.4867
2025-05-13T20:00,32.2,48,35.3,0.0,0.0,1,30,4.7,252,17.385,78.4867
2025-05-13T21:00,31.6,49,34.5,0.0,0.0,0,16,5.6,264,17.385,78.4867
2025-05-13T22:00,31.4,47,33.8,0.0,0.0,0,12,5.8,306,17.385,78.4867
2025-05-13T23:00,30.1,50,31.5,0.0,0.0,2,72,11.7,257,17.385,78.4867
2025-05-14T00:00,27.3,61,28.9,0.1,0.1,51,36,12.2,278,17.385,78.4867
2025-05-14T01:00,26.2,69,28.4,0.0,0.0,1,26,10.4,279,17.385,78.4867
2025-05-14T02:00,25.8,71,28.5,0.0,0.0,2,72,8.0,298,17.385,78.4867
2025-05-14T03:00,25.6,72,28.5,0.0,0.0,2,54,7.2,292,17.385,78.4867
2025-05-14T04:00,25.5,73,28.5,0.0,0.0,0,0,6.6,305,17.385,78.4867
2025-05-14T05:00,25.5,73,28.6,0.0,0.0,0,2,5.6,315,17.385,78.4867
2025-05-14T06:00,25.7,77,29.5,0.0,0.0,0,3,5.2,333,17.385,78.4867
2025-05-14T07:00,27.1,67,30.2,0.0,0.0,0,16,6.3,360,17.385,78.4867
2025-05-14T08:00,29.1,56,31.8,0.0,0.0,0,7,5.2,356,17.385,78.4867
2025-05-14T09:00,31.0,48,34.0,0.0,0.0,3,86,3.5,12,17.385,78.4867
2025-05-14T10:00,32.6,42,36.5,0.0,0.0,3,96,2.8,35,17.385,78.4867
2025-05-14T11:00,34.1,38,38.7,0.0,0.0,3,98,1.6,6,17.385,78.4867
2025-05-14T12:00,35.5,35,40.2,0.0,0.0,3,100,2.2,279,17.385,78.4867
2025-05-14T13:00,36.6,32,41.0,0.0,0.0,3,100,3.1,260,17.385,78.4867
2025-05-14T14:00,36.9,31,39.9,0.0,0.0,3,100,4.1,247,17.385,78.4867
2025-05-14T15:00,36.3,32,37.7,0.0,0.0,3,100,6.7,250,17.385,78.4867
2025-05-14T16:00,35.2,34,37.1,0.0,0.0,3,100,3.8,251,17.385,78.4867
2025-05-14T17:00,34.4,37,36.8,0.1,0.1,51,100,1.3,326,17.385,78.4867
2025-05-14T18:00,33.9,37,35.9,0.0,0.0,3,100,4.3,202,17.385,78.4867
2025-05-14T19:00,32.9,41,35.1,0.0,0.0,3,100,4.0,280,17.385,78.4867
2025-05-14T20:00,31.9,46,34.3,0.0,0.0,3,100,6.4,317,17.385,78.4867
2025-05-14T21:00,31.9,47,34.8,0.0,0.0,3,100,3.1,3,17.385,78.4867
2025-05-14T22:00,30.9,51,33.9,0.0,0.0,3,100,4.8,241,17.385,78.4867
2025-05-14T23:00,29.6,57,32.6,0.0,0.0,3,100,6.1,275,17.385,78.4867
2025-05-15T00:00,29.1,59,32.4,0.0,0.0,3,100,4.2,320,17.385,78.4867
2025-05-15T01:00,28.4,63,32.1,0.0,0.0,3,100,3.4,295,17.385,78.4867
2025-05-15T02:00,27.7,67,31.7,0.1,0.1,51,100,2.7,360,17.385,78.4867
2025-05-15T03:00,25.0,77,27.9,1.0,1.0,55,90,8.3,129,17.385,78.4867
2025-05-15T04:00,24.8,79,28.7,1.4,1.4,61,88,3.4,164,17.385,78.4867
2025-05-15T05:00,24.3,86,28.7,1.6,1.6,61,98,2.3,302,17.385,78.4867
2025-05-15T06:00,22.8,94,26.1,6.1,6.1,63,100,10.4,28,17.385,78.4867
2025-05-15T07:00,24.0,92,28.4,1.0,1.0,55,90,5.0,289,17.385,78.4867
2025-05-15T08:00,25.4,83,29.2,0.2,0.2,51,96,8.5,302,17.385,78.4867
2025-05-15T09:00,27.9,67,31.2,0.0,0.0,2,58,9.3,304,17.385,78.4867
2025-05-15T10:00,30.0,57,34.2,0.0,0.0,3,94,8.3,309,17.385,78.4867
2025-05-15T11:00,31.3,52,36.4,0.0,0.0,3,99,6.8,325,17.385,78.4867
2025-05-15T12:00,32.3,49,37.8,0.0,0.0,3,99,5.6,343,17.385,78.4867
2025-05-15T13:00,33.1,47,38.9,0.0,0.0,3,100,2.9,353,17.385,78.4867
2025-05-15T14:00,33.6,45,39.0,0.0,0.0,3,100,0.7,104,17.385,78.4867
2025-05-15T15:00,33.6,45,37.3,0.0,0.0,3,100,3.1,130,17.385,78.4867
2025-05-15T16:00,32.8,45,35.5,0.1,0.1,51,100,5.6,135,17.385,78.4867
2025-05-15T17:00,32.5,46,35.7,0.0,0.0,3,100,1.4,113,17.385,78.4867
2025-05-15T18:00,32.3,45,34.8,0.0,0.0,3,99,5.9,252,17.385,78.4867
2025-05-15T19:00,31.4,49,33.9,0.0,0.0,3,100,7.1,264,17.385,78.4867
2025-05-15T20:00,30.8,51,33.5,0.0,0.0,3,100,6.2,285,17.385,78.4867
2025-05-15T21:00,30.4,53,33.4,0.0,0.0,3,100,4.7,263,17.385,78.4867
2025-05-15T22:00,29.8,55,33.0,0.0,0.0,3,100,3.8,251,17.385,78.4867
2025-05-15T23:00,29.5,56,32.6,0.0,0.0,3,99,4.5,313,17.385,78.4867
2025-05-16T00:00,28.6,62,31.6,0.0,0.0,3,100,7.7,270,17.385,78.4867
2025-05-16T01:00,26.6,65,28.8,0.0,0.0,1,41,9.9,275,17.385,78.4867
2025-05-16T02:00,25.7,71,28.7,0.0,0.0,1,34,6.5,283,17.385,78.4867
2025-05-16T03:00,25.4,75,28.5,0.0,0.0,3,100,6.6,279,17.385,78.4867
2025-05-16T04:00,25.4,75,29.0,0.0,0.0,3,93,3.2,286,17.385,78.4867
2025-05-16T05:00,25.3,75,29.2,0.0,0.0,3,90,2.0,360,17.385,78.4867
2025-05-16T06:00,25.0,83,29.4,0.0,0.0,3,100,2.9,79,17.385,78.4867
2025-05-16T07:00,26.0,77,30.3,0.0,0.0,3,100,2.5,94,17.385,78.4867
2025-05-16T08:00,27.4,70,31.5,0.0,0.0,3,100,2.9,90,17.385,78.4867
2025-05-16T09:00,29.4,59,33.1,0.0,0.0,3,100,1.9,34,17.385,78.4867
2025-05-16T10:00,30.5,53,34.0,0.0,0.0,3,100,1.4,360,17.385,78.4867
2025-05-16T11:00,31.8,48,35.1,0.0,0.0,3,100,1.1,360,17.385,78.4867
2025-05-16T12:00,33.4,42,37.4,0.0,0.0,3,100,1.5,249,17.385,78.4867
2025-05-16T13:00,34.7,38,38.9,0.0,0.0,3,100,3.3,221,17.385,78.4867
2025-05-16T14:00,35.5,36,39.3,0.0,0.0,2,76,2.8,207,17.385,78.4867
2025-05-16T15:00,35.0,36,37.9,0.1,0.1,51,46,3.2,137,17.385,78.4867
2025-05-16T16:00,33.8,40,36.3,0.2,0.2,51,44,3.6,147,17.385,78.4867
2025-05-16T17:00,33.8,40,36.6,0.0,0.0,1,47,1.6,207,17.385,78.4867
2025-05-16T18:00,32.6,45,35.0,0.0,0.0,1,29,6.8,258,17.385,78.4867
2025-05-16T19:00,31.9,48,34.4,0.0,0.0,2,77,7.1,249,17.385,78.4867
2025-05-16T20:00,31.3,50,34.0,0.0,0.0,1,34,6.9,261,17.385,78.4867
2025-05-16T21:00,30.5,53,33.3,0.0,0.0,3,98,7.0,274,17.385,78.4867
2025-05-16T22:00,29.6,58,32.3,0.0,0.0,2,77,8.4,298,17.385,78.4867
2025-05-16T23:00,28.8,61,31.9,0.0,0.0,3,96,6.7,297,17.385,78.4867
2025-05-17T00:00,28.2,64,31.2,0.0,0.0,3,100,7.3,301,17.385,78.4867
2025-05-17T01:00,27.6,66,30.7,0.0,0.0,3,99,7.3,300,17.385,78.4867
2025-05-17T02:00,27.2,68,30.5,0.0,0.0,3,100,6.4,278,17.385,78.4867
2025-05-17T03:00,26.8,71,30.3,0.0,0.0,3,100,5.6,292,17.385,78.4867
2025-05-17T04:00,26.4,73,30.6,0.0,0.0,3,100,2.2,228,17.385,78.4867
2025-05-17T05:00,26.1,74,29.7,0.0,0.0,3,100,4.8,228,17.385,78.4867
2025-05-17T06:00,26.2,72,30.0,0.0,0.0,3,100,3.1,357,17.385,78.4867
2025-05-17T07:00,27.0,68,30.6,0.0,0.0,3,100,3.5,39,17.385,78.4867
2025-05-17T08:00,28.4,61,31.7,0.0,0.0,3,100,4.0,54,17.385,78.4867
2025-05-17T09:00,29.8,56,33.2,0.0,0.0,3,99,4.3,33,17.385,78.4867
2025-05-17T10:00,31.2,52,35.7,0.0,0.0,2,65,3.5,15,17.385,78.4867
2025-05-17T11:00,32.7,47,38.3,0.0,0.0,1,22,3.3,347,17.385,78.4867
2025-05-17T12:00,34.0,43,39.6,0.0,0.0,2,78,4.4,333,17.385,78.4867
2025-05-17T13:00,34.9,40,39.5,0.0,0.0,3,100,6.5,328,17.385,78.4867
2025-05-17T14:00,34.8,40,38.1,0.0,0.0,3,100,8.3,316,17.385,78.4867
2025-05-17T15:00,34.7,40,36.9,0.0,0.0,3,98,7.9,325,17.385,78.4867
2025-05-17T16:00,33.0,44,34.9,0.3,0.3,51,100,9.9,345,17.385,78.4867
2025-05-17T17:00,32.4,47,34.9,0.2,0.2,51,100,7.6,4,17.385,78.4867
2025-05-17T18:00,32.5,47,35.5,0.1,0.1,51,72,4.8,25,17.385,78.4867
2025-05-17T19:00,31.8,51,35.0,0.0,0.0,3,100,5.9,23,17.385,78.4867
2025-05-17T20:00,31.3,54,34.9,0.0,0.0,2,78,3.6,323,17.385,78.4867
2025-05-17T21:00,30.3,58,34.2,0.0,0.0,3,91,3.9,77,17.385,78.4867
2025-05-17T22:00,29.3,63,33.8,0.0,0.0,3,100,1.3,225,17.385,78.4867
2025-05-17T23:00,28.6,68,32.9,0.0,0.0,3,100,4.4,308,17.385,78.4867
2025-05-18T00:00,28.3,68,32.5,0.0,0.0,3,100,4.0,355,17.385,78.4867
2025-05-18T01:00,27.4,73,31.8,0.0,0.0,3,100,4.2,258,17.385,78.4867
2025-05-18T02:00,26.3,76,29.8,0.0,0.0,3,100,8.3,248,17.385,78.4867
2025-05-18T03:00,25.8,74,29.1,0.0,0.0,3,100,7.3,259,17.385,78.4867
2025-05-18T04:00,25.3,75,28.3,0.0,0.0,3,100,8.0,239,17.385,78.4867
2025-05-18T05:00,25.0,77,28.2,0.0,0.0,3,100,7.3,261,17.385,78.4867
2025-05-18T06:00,25.1,79,28.4,0.0,0.0,3,100,8.0,265,17.385,78.4867
2025-05-18T07:00,26.2,74,29.7,0.0,0.0,3,100,7.0,280,17.385,78.4867
2025-05-18T08:00,28.1,65,31.5,0.0,0.0,3,100,6.1,294,17.385,78.4867
2025-05-18T09:00,30.3,55,33.7,0.0,0.0,3,100,5.6,299,17.385,78.4867
2025-05-18T10:00,31.9,49,36.4,0.0,0.0,3,100,3.3,306,17.385,78.4867
2025-05-18T11:00,33.0,45,37.5,0.1,0.1,51,100,3.3,338,17.385,78.4867
2025-05-18T12:00,34.4,41,39.4,0.0,0.0,3,99,3.9,34,17.385,78.4867
2025-05-18T13:00,35.2,39,39.7,0.0,0.0,2,53,5.1,67,17.385,78.4867
2025-05-18T14:00,35.1,39,38.8,0.1,0.1,51,55,5.7,72,17.385,78.4867
2025-05-18T15:00,34.3,41,37.2,0.2,0.2,51,100,4.9,114,17.385,78.4867
2025-05-18T16:00,34.1,41,36.5,0.1,0.1,51,100,5.9,128,17.385,78.4867
2025-05-18T17:00,32.7,47,34.8,0.3,0.3,51,100,10.9,40,17.385,78.4867
2025-05-18T18:00,28.5,68,33.4,0.3,0.3,51,100,0.3,225,17.385,78.4867
2025-05-18T19:00,29.1,67,33.9,0.0,0.0,3,100,1.9,119,17.385,78.4867
2025-05-18T20:00,29.1,66,34.0,0.0,0.0,3,100,0.4,243,17.385,78.4867
2025-05-18T21:00,28.3,70,32.9,0.4,0.4,51,99,2.7,266,17.385,78.4867
2025-05-18T22:00,28.2,73,33.1,0.0,0.0,3,100,3.2,196,17.385,78.4867
2025-05-18T23:00,28.1,75,33.2,0.0,0.0,3,84,2.9,223,17.385,78.4867
2025-05-19T00:00,23.6,92,26.4,6.2,6.2,63,100,14.7,331,17.385,78.4867
2025-05-19T01:00,24.0,92,29.1,0.0,0.0,3,93,1.0,292,17.385,78.4867
2025-05-19T02:00,24.1,91,29.2,0.1,0.1,51,81,0.9,79,17.385,78.4867
2025-05-19T03:00,24.3,91,29.2,0.0,0.0,3,100,3.0,287,17.385,78.4867
2025-05-19T04:00,24.6,90,29.4,0.0,0.0,3,99,3.9,77,17.385,78.4867
2025-05-19T05:00,23.8,93,28.8,1.7,1.7,61,100,1.6,90,17.385,78.4867
2025-05-19T06:00,25.4,85,30.2,0.2,0.2,51,100,2.9,180,17.385,78.4867
2025-05-19T07:00,25.9,82,30.6,0.1,0.1,51,100,3.2,142,17.385,78.4867
2025-05-19T08:00,27.0,74,31.8,0.0,0.0,3,100,0.8,207,17.385,78.4867
2025-05-19T09:00,29.5,62,33.7,0.0,0.0,3,100,2.7,118,17.385,78.4867
2025-05-19T10:00,31.6,53,36.0,0.0,0.0,3,100,6.8,79,17.385,78.4867
2025-05-19T11:00,33.2,46,37.3,0.0,0.0,3,100,9.2,88,17.385,78.4867
2025-05-19T12:00,33.9,44,38.1,0.0,0.0,3,100,9.0,89,17.385,78.4867
2025-05-19T13:00,34.0,44,37.5,0.0,0.0,3,100,10.8,85,17.385,78.4867
2025-05-19T14:00,33.6,46,36.7,0.0,0.0,3,100,10.3,89,17.385,78.4867
2025-05-19T15:00,33.4,46,36.2,0.0,0.0,3,100,9.4,92,17.385,78.4867
2025-05-19T16:00,32.0,51,34.8,0.5,0.5,53,100,9.8,83,17.385,78.4867
2025-05-19T17:00,31.8,53,34.8,0.0,0.0,3,100,9.5,89,17.385,78.4867
2025-05-19T18:00,31.1,57,34.4,0.0,0.0,3,99,9.3,114,17.385,78.4867
2025-05-19T19:00,30.4,61,34.2,0.0,0.0,3,100,7.2,109,17.385,78.4867
2025-05-19T20:00,29.8,65,33.9,0.0,0.0,3,100,6.9,121,17.385,78.4867
2025-05-19T21:00,29.1,69,33.6,0.0,0.0,3,100,6.0,136,17.385,78.4867
2025-05-19T22:00,28.6,72,33.4,0.0,0.0,3,100,5.0,159,17.385,78.4867
2025-05-19T23:00,28.2,74,33.3,0.0,0.0,3,100,3.8,175,17.385,78.4867
2025-05-20T00:00,27.9,76,32.9,0.0,0.0,3,100,4.5,166,17.385,78.4867
2025-05-20T01:00,27.5,78,32.5,0.0,0.0,3,100,4.4,161,17.385,78.4867
2025-05-20T02:00,27.1,80,32.1,0.0,0.0,3,100,4.3,182,17.385,78.4867
2025-05-20T03:00,26.6,83,31.7,0.1,0.1,51,100,3.9,208,17.385,78.4867
2025-05-20T04:00,26.2,84,31.3,0.2,0.2,51,100,3.7,223,17.385,78.4867
2025-05-20T05:00,25.7,86,30.8,0.2,0.2,51,99,3.1,211,17.385,78.4867
2025-05-20T06:00,26.9,82,32.4,0.0,0.0,3,99,1.7,167,17.385,78.4867
2025-05-20T07:00,27.9,76,33.3,0.0,0.0,3,100,1.9,158,17.385,78.4867
2025-05-20T08:00,29.2,68,34.0,0.0,0.0,3,97,3.2,128,17.385,78.4867
2025-05-20T09:00,30.6,60,35.1,0.1,0.1,51,100,3.4,122,17.385,78.4867
2025-05-20T10:00,32.2,53,37.2,0.0,0.0,3,100,4.1,119,17.385,78.4867
2025-05-20T11:00,33.6,47,38.7,0.0,0.0,3,100,6.8,112,17.385,78.4867
2025-05-20T12:00,34.5,43,38.4,0.0,0.0,3,100,10.1,93,17.385,78.4867
2025-05-20T13:00,34.1,45,37.6,0.1,0.1,51,100,10.0,62,17.385,78.4867
2025-05-20T14:00,33.5,48,36.7,0.6,0.6,53,100,13.8,102,17.385,78.4867
2025-05-20T15:00,31.1,59,35.2,0.6,0.6,53,100,6.1,109,17.385,78.4867
2025-05-20T16:00,32.3,54,36.1,0.0,0.0,3,100,6.6,107,17.385,78.4867
2025-05-20T17:00,31.8,55,35.5,0.0,0.0,3,100,6.9,99,17.385,78.4867
2025-05-20T18:00,32.2,50,35.3,0.0,0.0,3,100,6.2,112,17.385,78.4867
2025-05-20T19:00,31.3,55,34.6,0.0,0.0,3,100,7.8,142,17.385,78.4867
2025-05-20T20:00,30.3,61,34.0,0.0,0.0,3,100,8.9,142,17.385,78.4867
2025-05-20T21:00,29.3,68,33.3,0.0,0.0,3,100,9.4,150,17.385,78.4867
2025-05-20T22:00,28.7,71,33.2,0.0,0.0,3,97,6.3,149,17.385,78.4867
2025-05-20T23:00,28.1,73,32.3,0.0,0.0,3,100,8.2,154,17.385,78.4867
2025-05-21T00:00,27.8,75,31.8,0.0,0.0,3,100,10.1,182,17.385,78.4867
2025-05-21T01:00,25.3,83,29.3,0.3,0.3,51,100,7.2,118,17.385,78.4867
2025-05-21T02:00,25.1,84,29.7,0.5,0.5,53,100,2.5,300,17.385,78.4867
2025-05-21T03:00,24.9,87,29.7,0.5,0.5,53,100,2.2,5,17.385,78.4867
2025-05-21T04:00,24.8,88,29.4,0.6,0.6,53,100,4.5,268,17.385,78.4867
2025-05-21T05:00,24.6,93,29.8,1.2,1.2,55,100,3.6,18,17.385,78.4867
2025-05-21T06:00,24.2,92,29.0,0.5,0.5,53,100,4.1,23,17.385,78.4867
2025-05-21T07:00,24.8,89,29.7,0.1,0.1,51,100,2.8,35,17.385,78.4867
2025-05-21T08:00,25.9,84,31.2,0.1,0.1,51,100,1.2,27,17.385,78.4867
2025-05-21T09:00,26.8,80,31.7,0.1,0.1,51,100,3.6,84,17.385,78.4867
2025-05-21T10:00,27.9,75,32.8,0.0,0.0,3,100,3.6,120,17.385,78.4867
2025-05-21T11:00,28.7,71,34.2,0.1,0.1,51,100,4.0,144,17.385,78.4867
2025-05-21T12:00,29.5,67,35.7,0.1,0.1,51,100,3.9,158,17.385,78.4867
2025-05-21T13:00,30.2,67,36.7,0.1,0.1,51,100,2.9,169,17.385,78.4867
2025-05-21T14:00,29.9,67,35.0,0.1,0.1,51,94,2.8,169,17.385,78.4867
2025-05-21T15:00,30.2,66,35.2,0.1,0.1,51,77,3.1,156,17.385,78.4867
2025-05-21T16:00,29.0,71,33.9,3.5,3.5,63,69,4.9,126,17.385,78.4867
2025-05-21T17:00,26.6,79,31.7,1.8,1.8,61,100,1.2,39,17.385,78.4867
2025-05-21T18:00,25.6,84,29.3,1.9,1.9,61,94,10.1,186,17.385,78.4867
2025-05-21T19:00,24.1,92,28.0,6.7,6.7,63,100,9.2,200,17.385,78.4867
2025-05-21T20:00,24.3,93,28.7,3.5,3.5,63,100,7.5,213,17.385,78.4867
2025-05-21T21:00,24.1,94,28.5,1.2,1.2,55,100,7.3,226,17.385,78.4867
2025-05-21T22:00,24.3,95,29.1,0.9,0.9,53,100,5.9,243,17.385,78.4867
2025-05-21T23:00,24.5,92,29.3,0.6,0.6,53,100,5.2,243,17.385,78.4867
2025-05-22T00:00,24.5,91,29.1,0.5,0.5,53,100,6.1,251,17.385,78.4867
2025-05-22T01:00,24.2,93,28.5,0.8,0.8,53,100,8.1,242,17.385,78.4867
2025-05-22T02:00,24.0,94,28.4,0.4,0.4,51,100,7.8,238,17.385,78.4867
2025-05-22T03:00,23.9,95,28.5,0.3,0.3,51,100,5.9,247,17.385,78.4867
2025-05-22T04:00,23.9,95,28.2,0.2,0.2,51,100,7.5,240,17.385,78.4867
2025-05-22T05:00,23.8,94,27.8,0.1,0.1,51,100,9.3,251,17.385,78.4867
2025-05-22T06:00,23.7,92,27.3,0.6,0.6,53,100,9.8,247,17.385,78.4867
2025-05-22T07:00,24.0,91,27.9,0.3,0.3,51,100,8.3,243,17.385,78.4867
2025-05-22T08:00,24.8,85,27.9,0.2,0.2,51,100,12.5,245,17.385,78.4867
2025-05-22T09:00,26.2,78,29.4,0.1,0.1,51,100,11.2,244,17.385,78.4867
2025-05-22T10:00,27.7,70,30.9,0.0,0.0,3,100,10.3,247,17.385,78.4867
2025-05-22T11:00,29.0,64,32.4,0.0,0.0,3,100,9.5,249,17.385,78.4867
2025-05-22T12:00,29.5,62,32.9,0.0,0.0,3,100,10.4,249,17.385,78.4867
2025-05-22T13:00,30.1,61,34.8,0.1,0.1,51,100,9.6,244,17.385,78.4867
2025-05-22T14:00,30.8,57,35.2,0.0,0.0,3,86,6.5,222,17.385,78.4867
2025-05-22T15:00,30.4,58,33.5,0.0,0.0,3,98,9.4,209,17.385,78.4867
2025-05-22T16:00,29.4,63,32.3,0.1,0.1,51,98,11.7,266,17.385,78.4867
2025-05-22T17:00,27.7,74,32.2,1.4,1.4,61,90,5.6,295,17.385,78.4867
2025-05-22T18:00,28.0,69,31.8,0.1,0.1,51,100,7.2,264,17.385,78.4867
2025-05-22T19:00,27.2,74,31.3,0.0,0.0,3,100,6.2,263,17.385,78.4867
2025-05-22T20:00,27.1,70,30.1,0.0,0.0,3,100,10.1,239,17.385,78.4867
2025-05-22T21:00,26.3,73,29.0,0.0,0.0,3,100,11.6,274,17.385,78.4867
2025-05-22T22:00,25.4,79,28.5,0.0,0.0,3,100,10.9,261,17.385,78.4867
2025-05-22T23:00,25.0,83,28.5,0.2,0.2,51,100,8.9,249,17.385,78.4867
2025-05-23T00:00,24.8,86,28.5,0.2,0.2,51,100,9.1,253,17.385,78.4867
2025-05-23T01:00,24.7,85,28.4,0.0,0.0,3,97,8.6,254,17.385,78.4867
2025-05-23T02:00,24.6,84,28.2,0.0,0.0,3,92,8.2,241,17.385,78.4867
2025-05-23T03:00,24.6,83,28.0,0.0,0.0,3,99,8.3,236,17.385,78.4867
2025-05-23T04:00,24.7,81,27.8,0.0,0.0,3,100,9.2,237,17.385,78.4867
2025-05-23T05:00,24.5,81,27.6,0.0,0.0,3,94,9.3,234,17.385,78.4867
2025-05-23T06:00,24.0,79,26.0,0.0,0.0,3,100,12.8,241,17.385,78.4867
2025-05-23T07:00,24.6,78,27.0,0.0,0.0,3,100,11.2,240,17.385,78.4867
2025-05-23T08:00,25.7,73,27.8,0.0,0.0,3,100,13.1,243,17.385,78.4867
2025-05-23T09:00,27.4,67,29.7,0.0,0.0,3,100,12.6,246,17.385,78.4867
2025-05-23T10:00,29.3,58,31.7,0.0,0.0,3,100,17.2,250,17.385,78.4867
2025-05-23T11:00,30.3,54,33.0,0.0,0.0,3,100,14.7,243,17.385,78.4867
2025-05-23T12:00,30.5,53,32.4,0.0,0.0,3,95,12.9,245,17.385,78.4867
2025-05-23T13:00,31.5,51,34.5,0.1,0.1,51,49,13.5,234,17.385,78.4867
2025-05-23T14:00,30.8,55,33.8,0.5,0.5,53,68,12.2,243,17.385,78.4867
2025-05-23T15:00,30.8,54,33.5,0.0,0.0,1,30,9.8,230,17.385,78.4867
2025-05-23T16:00,30.7,55,33.5,0.1,0.1,51,71,9.6,230,17.385,78.4867
2025-05-23T17:00,30.4,59,34.3,0.1,0.1,51,91,5.4,220,17.385,78.4867
2025-05-23T18:00,29.0,64,32.7,0.0,0.0,3,100,6.2,206,17.385,78.4867
2025-05-23T19:00,28.4,69,32.9,0.0,0.0,3,100,2.8,165,17.385,78.4867
2025-05-23T20:00,27.9,70,32.0,0.0,0.0,3,100,5.0,161,17.385,78.4867
2025-05-23T21:00,27.3,70,30.7,0.0,0.0,3,100,8.2,203,17.385,78.4867
2025-05-23T22:00,26.6,72,30.1,0.0,0.0,3,100,6.6,237,17.385,78.4867
2025-05-23T23:00,25.7,78,29.6,0.0,0.0,3,99,5.2,226,17.385,78.4867
2025-05-24T00:00,25.2,81,29.3,0.0,0.0,3,99,4.7,198,17.385,78.4867
2025-05-24T01:00,25.1,82,28.7,0.0,0.0,3,100,7.6,198,17.385,78.4867
2025-05-24T02:00,25.0,82,28.7,0.0,0.0,3,99,7.1,201,17.385,78.4867
2025-05-24T03:00,24.7,83,28.5,0.0,0.0,3,97,6.8,182,17.385,78.4867
2025-05-24T04:00,24.6,85,28.4,0.0,0.0,3,100,6.6,158,17.385,78.4867
2025-05-24T05:00,24.5,83,27.9,0.0,0.0,3,100,7.4,167,17.385,78.4867
2025-05-24T06:00,24.7,77,27.5,0.0,0.0,3,97,8.3,196,17.385,78.4867
2025-05-24T07:00,25.3,75,28.3,0.0,0.0,3,100,7.3,200,17.385,78.4867
2025-05-24T08:00,26.0,74,29.0,0.1,0.1,51,100,8.8,197,17.385,78.4867
2025-05-24T09:00,26.2,72,29.0,0.0,0.0,3,100,9.4,193,17.385,78.4867
2025-05-24T10:00,27.4,68,30.2,0.0,0.0,3,100,10.0,206,17.385,78.4867
2025-05-24T11:00,28.8,62,31.7,0.0,0.0,3,99,8.5,226,17.385,78.4867
2025-05-24T12:00,29.6,61,33.6,0.2,0.2,51,100,10.7,205,17.385,78.4867
2025-05-24T13:00,30.1,61,34.6,0.0,0.0,3,98,8.1,183,17.385,78.4867
2025-05-24T14:00,30.5,60,35.1,0.1,0.1,51,95,9.4,212,17.385,78.4867
2025-05-24T15:00,31.1,58,35.5,0.0,0.0,3,100,6.9,211,17.385,78.4867
2025-05-24T16:00,30.7,59,34.4,0.1,0.1,51,100,7.1,173,17.385,78.4867
2025-05-24T17:00,29.6,63,32.9,0.1,0.1,51,100,10.2,211,17.385,78.4867
2025-05-24T18:00,26.6,74,29.7,0.1,0.1,51,100,10.9,211,17.385,78.4867
2025-05-24T19:00,26.2,78,30.3,0.0,0.0,3,100,5.6,174,17.385,78.4867
2025-05-24T20:00,26.2,78,29.9,0.0,0.0,3,100,8.5,181,17.385,78.4867
2025-05-24T21:00,26.1,80,29.6,0.4,0.4,51,100,10.6,191,17.385,78.4867
2025-05-24T22:00,25.6,83,29.2,0.2,0.2,51,100,10.3,207,17.385,78.4867
2025-05-24T23:00,24.9,88,29.0,0.3,0.3,51,81,8.1,212,17.385,78.4867
2025-05-25T00:00,24.7,89,28.8,0.0,0.0,2,56,8.4,200,17.385,78.4867
2025-05-25T01:00,24.5,87,28.1,0.0,0.0,3,100,9.2,186,17.385,78.4867
2025-05-25T02:00,23.9,89,27.7,0.0,0.0,3,98,7.0,193,17.385,78.4867
2025-05-25T03:00,23.5,90,27.0,0.0,0.0,3,100,8.9,214,17.385,78.4867
2025-05-25T04:00,23.2,92,26.9,0.0,0.0,3,99,7.7,213,17.385,78.4867
2025-05-25T05:00,23.2,92,26.8,0.0,0.0,3,100,7.9,207,17.385,78.4867
2025-05-25T06:00,24.2,85,27.2,0.0,0.0,3,100,11.5,229,17.385,78.4867
2025-05-25T07:00,24.9,83,28.1,0.0,0.0,3,100,10.6,231,17.385,78.4867
2025-05-25T08:00,26.4,74,28.7,0.0,0.0,3,99,16.3,236,17.385,78.4867
2025-05-25T09:00,27.9,68,30.3,0.0,0.0,2,68,14.7,231,17.385,78.4867
2025-05-25T10:00,29.2,61,31.9,0.2,0.2,51,87,15.8,232,17.385,78.4867
2025-05-25T11:00,29.9,59,33.3,0.2,0.2,51,58,15.1,225,17.385,78.4867
2025-05-25T12:00,29.8,62,33.8,0.5,0.5,53,58,12.6,226,17.385,78.4867
2025-05-25T13:00,29.6,61,33.1,0.5,0.5,53,88,14.2,213,17.385,78.4867
2025-05-25T14:00,30.4,63,35.1,0.2,0.2,51,48,6.6,196,17.385,78.4867
2025-05-25T15:00,28.2,72,32.4,1.0,1.0,55,52,8.6,200,17.385,78.4867
2025-05-25T16:00,29.1,69,33.8,0.0,0.0,2,74,4.6,154,17.385,78.4867
2025-05-25T17:00,29.3,68,34.0,0.0,0.0,3,98,4.6,144,17.385,78.4867
2025-05-25T18:00,27.0,75,30.5,0.0,0.0,3,100,9.5,170,17.385,78.4867
2025-05-25T19:00,26.3,77,30.1,0.0,0.0,3,100,7.7,179,17.385,78.4867
2025-05-25T20:00,25.8,80,29.5,0.0,0.0,3,100,8.7,186,17.385,78.4867
2025-05-25T21:00,25.3,84,29.1,0.0,0.0,3,95,8.6,178,17.385,78.4867
2025-05-25T22:00,24.8,86,28.4,0.0,0.0,3,100,9.7,191,17.385,78.4867
2025-05-25T23:00,24.6,88,28.3,0.0,0.0,3,100,9.5,195,17.385,78.4867
2025-05-26T00:00,24.3,89,28.0,0.0,0.0,3,96,9.6,197,17.385,78.4867
2025-05-26T01:00,24.0,91,27.8,0.0,0.0,3,100,8.6,210,17.385,78.4867
2025-05-26T02:00,23.8,92,27.7,0.1,0.1,51,100,8.5,216,17.385,78.4867
2025-05-26T03:00,23.8,91,27.5,0.0,0.0,3,100,9.7,225,17.385,78.4867
2025-05-26T04:00,23.8,90,27.5,0.0,0.0,3,100,9.0,223,17.385,78.4867
2025-05-26T05:00,24.0,89,27.8,0.0,0.0,3,100,7.5,224,17.385,78.4867
2025-05-26T06:00,23.7,88,27.1,0.0,0.0,3,99,8.8,227,17.385,78.4867
2025-05-26T07:00,24.2,85,27.4,0.0,0.0,3,99,9.7,241,17.385,78.4867
2025-05-26T08:00,25.7,77,28.7,0.1,0.1,51,100,10.1,260,17.385,78.4867
2025-05-26T09:00,26.9,72,30.5,0.1,0.1,51,100,6.9,276,17.385,78.4867
2025-05-26T10:00,27.2,72,31.2,0.0,0.0,3,100,4.7,277,17.385,78.4867
2025-05-26T11:00,27.7,70,32.3,0.0,0.0,3,100,1.5,249,17.385,78.4867
2025-05-26T12:00,27.9,70,32.5,0.0,0.0,3,100,1.3,180,17.385,78.4867
2025-05-26T13:00,27.8,71,32.4,0.0,0.0,3,99,1.4,140,17.385,78.4867
2025-05-26T14:00,28.3,69,32.8,0.0,0.0,2,78,3.3,174,17.385,78.4867
2025-05-26T15:00,28.7,69,33.4,0.3,0.3,51,100,4.6,193,17.385,78.4867
2025-05-26T16:00,28.8,67,32.9,0.3,0.3,51,100,5.1,197,17.385,78.4867
2025-05-26T17:00,28.2,69,32.2,0.1,0.1,51,100,5.8,178,17.385,78.4867
2025-05-26T18:00,26.1,79,30.5,0.8,0.8,53,100,4.8,165,17.385,78.4867
2025-05-26T19:00,25.6,82,29.6,0.2,0.2,51,100,6.9,227,17.385,78.4867
2025-05-26T20:00,24.7,88,28.6,0.0,0.0,3,100,8.7,249,17.385,78.4867
2025-05-26T21:00,24.4,89,28.1,0.0,0.0,3,100,9.3,246,17.385,78.4867
2025-05-26T22:00,24.2,91,28.2,0.0,0.0,3,100,8.4,250,17.385,78.4867
2025-05-26T23:00,24.0,93,28.1,0.0,0.0,3,100,8.6,268,17.385,78.4867
2025-05-27T00:00,23.8,94,27.9,0.0,0.0,3,100,8.3,269,17.385,78.4867
2025-05-27T01:00,23.6,95,27.5,0.0,0.0,3,100,9.9,265,17.385,78.4867
2025-05-27T02:00,23.5,94,27.1,0.0,0.0,3,100,10.6,266,17.385,78.4867
2025-05-27T03:00,23.5,93,27.0,0.0,0.0,3,100,10.3,274,17.385,78.4867
2025-05-27T04:00,23.6,92,27.4,0.0,0.0,3,100,8.5,270,17.385,78.4867
2025-05-27T05:00,23.4,93,27.0,0.0,0.0,3,98,9.2,272,17.385,78.4867
2025-05-27T06:00,23.6,90,27.0,0.0,0.0,3,100,9.6,266,17.385,78.4867
2025-05-27T07:00,24.2,86,27.1,0.0,0.0,3,100,12.1,270,17.385,78.4867
2025-05-27T08:00,25.2,80,27.9,0.0,0.0,3,100,13.6,276,17.385,78.4867
2025-05-27T09:00,26.0,76,28.9,0.0,0.0,3,94,12.0,279,17.385,78.4867
2025-05-27T10:00,27.5,71,30.6,0.0,0.0,3,85,10.8,281,17.385,78.4867
2025-05-27T11:00,28.9,66,33.0,0.0,0.0,3,100,9.8,277,17.385,78.4867
2025-05-27T12:00,29.4,63,32.9,0.0,0.0,2,50,9.6,274,17.385,78.4867
2025-05-27T13:00,30.5,61,35.5,0.0,0.0,1,31,10.5,273,17.385,78.4867
2025-05-27T14:00,30.7,60,35.3,0.0,0.0,3,100,10.3,267,17.385,78.4867
2025-05-27T15:00,26.1,84,29.5,0.9,0.9,53,87,14.8,314,17.385,78.4867
2025-05-27T16:00,27.1,80,31.7,0.2,0.2,51,93,6.7,289,17.385,78.4867
2025-05-27T17:00,27.6,78,32.4,0.0,0.0,3,94,6.2,285,17.385,78.4867
2025-05-27T18:00,27.8,70,31.4,0.0,0.0,3,100,8.6,280,17.385,78.4867
2025-05-27T19:00,26.9,74,30.3,0.0,0.0,3,100,10.2,261,17.385,78.4867
2025-05-27T20:00,25.7,80,29.0,0.0,0.0,3,100,11.1,261,17.385,78.4867
2025-05-27T21:00,25.0,83,28.5,0.1,0.1,51,100,9.9,269,17.385,78.4867
2025-05-27T22:00,24.7,87,28.5,0.2,0.2,51,100,8.8,266,17.385,78.4867
2025-05-27T23:00,24.4,89,28.4,0.1,0.1,51,100,8.7,256,17.385,78.4867
2025-05-28T00:00,24.2,91,28.1,0.0,0.0,3,100,9.4,262,17.385,78.4867
2025-05-28T01:00,24.1,91,27.8,0.0,0.0,3,100,10.6,269,17.385,78.4867
2025-05-28T02:00,24.1,91,27.6,0.0,0.0,3,100,11.4,274,17.385,78.4867
2025-05-28T03:00,24.0,92,27.3,0.0,0.0,3,100,13.0,284,17.385,78.4867
2025-05-28T04:00,23.9,92,27.4,0.0,0.0,2,76,11.5,284,17.385,78.4867
2025-05-28T05:00,23.9,92,27.3,0.0,0.0,3,100,12.1,280,17.385,78.4867
2025-05-28T06:00,23.8,91,26.7,0.2,0.2,51,100,14.7,298,17.385,78.4867
2025-05-28T07:00,23.8,91,26.9,0.5,0.5,53,100,13.2,294,17.385,78.4867
2025-05-28T08:00,24.3,88,27.3,0.2,0.2,51,100,13.4,292,17.385,78.4867
2025-05-28T09:00,25.2,81,27.5,0.1,0.1,51,100,16.2,294,17.385,78.4867
2025-05-28T10:00,26.6,75,28.8,0.3,0.3,51,100,17.9,304,17.385,78.4867
2025-05-28T11:00,27.7,70,30.9,0.1,0.1,51,100,15.5,301,17.385,78.4867
2025-05-28T12:00,28.0,68,30.5,0.0,0.0,3,100,14.7,303,17.385,78.4867
2025-05-28T13:00,28.0,68,30.6,0.0,0.0,3,100,13.9,299,17.385,78.4867
2025-05-28T14:00,27.1,75,30.3,0.2,0.2,51,100,12.4,292,17.385,78.4867
2025-05-28T15:00,26.7,78,30.3,0.1,0.1,51,100,10.5,286,17.385,78.4867
2025-05-28T16:00,26.8,78,30.4,0.1,0.1,51,100,10.9,283,17.385,78.4867
2025-05-28T17:00,26.2,81,30.3,0.0,0.0,3,100,7.8,275,17.385,78.4867
2025-05-28T18:00,26.9,74,30.6,0.0,0.0,3,100,7.3,259,17.385,78.4867
2025-05-28T19:00,25.8,80,29.4,0.0,0.0,3,100,9.5,256,17.385,78.4867
2025-05-28T20:00,24.6,88,28.1,0.8,0.8,53,100,11.5,248,17.385,78.4867
2025-05-28T21:00,24.0,93,27.5,0.7,0.7,53,100,12.3,245,17.385,78.4867
2025-05-28T22:00,23.9,94,27.7,0.1,0.1,51,100,10.9,251,17.385,78.4867
2025-05-28T23:00,23.9,94,27.7,0.1,0.1,51,100,10.5,267,17.385,78.4867
2025-05-29T00:00,23.9,94,27.8,0.0,0.0,3,100,10.8,270,17.385,78.4867
2025-05-29T01:00,23.8,95,27.6,0.0,0.0,3,100,11.0,268,17.385,78.4867
2025-05-29T02:00,23.9,93,27.6,0.0,0.0,3,100,10.6,268,17.385,78.4867
2025-05-29T03:00,23.9,93,27.6,0.1,0.1,51,100,10.4,268,17.385,78.4867
2025-05-29T04:00,23.6,94,27.2,0.5,0.5,53,100,11.5,271,17.385,78.4867
2025-05-29T05:00,23.5,94,26.9,0.1,0.1,51,100,11.7,272,17.385,78.4867
2025-05-29T06:00,24.3,92,27.7,0.4,0.4,51,100,13.4,274,17.385,78.4867
2025-05-29T07:00,24.7,91,28.3,0.2,0.2,51,100,13.3,272,17.385,78.4867
2025-05-29T08:00,24.9,90,28.4,0.1,0.1,51,100,13.7,275,17.385,78.4867
2025-05-29T09:00,25.0,89,29.0,0.2,0.2,51,100,10.8,270,17.385,78.4867
2025-05-29T10:00,25.6,86,29.9,0.3,0.3,51,100,8.5,270,17.385,78.4867
2025-05-29T11:00,26.3,85,31.0,0.5,0.5,53,100,7.4,271,17.385,78.4867
2025-05-29T12:00,28.4,69,32.1,0.0,0.0,3,100,9.3,279,17.385,78.4867
2025-05-29T13:00,29.4,64,32.8,0.0,0.0,3,100,10.4,284,17.385,78.4867
2025-05-29T14:00,29.3,66,32.9,0.0,0.0,3,100,9.6,282,17.385,78.4867
2025-05-29T15:00,30.3,61,33.8,0.0,0.0,3,100,9.1,291,17.385,78.4867
2025-05-29T16:00,30.9,58,34.4,0.0,0.0,3,100,8.4,310,17.385,78.4867
2025-05-29T17:00,30.4,64,35.2,0.0,0.0,3,100,3.2,317,17.385,78.4867
2025-05-29T18:00,27.3,74,31.2,0.2,0.2,51,100,7.8,244,17.385,78.4867
2025-05-29T19:00,26.4,78,30.2,0.5,0.5,53,100,8.5,208,17.385,78.4867
2025-05-29T20:00,26.1,80,29.6,0.1,0.1,51,100,11.3,245,17.385,78.4867
2025-05-29T21:00,25.6,79,28.4,0.1,0.1,51,100,12.4,249,17.385,78.4867
2025-05-29T22:00,24.9,84,28.1,0.4,0.4,51,100,11.5,262,17.385,78.4867
2025-05-29T23:00,24.6,89,28.0,0.8,0.8,53,100,13.4,256,17.385,78.4867
2025-05-30T00:00,24.1,92,27.8,0.5,0.5,53,100,10.7,258,17.385,78.4867
2025-05-30T01:00,23.7,92,27.0,0.1,0.1,51,100,12.2,256,17.385,78.4867
2025-05-30T02:00,23.6,91,26.5,1.2,1.2,55,100,13.9,256,17.385,78.4867
2025-05-30T03:00,23.8,90,26.7,0.0,0.0,3,100,13.8,262,17.385,78.4867
2025-05-30T04:00,23.7,90,26.7,0.0,0.0,3,100,13.0,268,17.385,78.4867
2025-05-30T05:00,23.8,89,26.7,0.0,0.0,1,47,13.9,276,17.385,78.4867
2025-05-30T06:00,24.3,87,27.1,0.0,0.0,3,97,13.9,287,17.385,78.4867
2025-05-30T07:00,25.2,84,28.5,0.0,0.0,3,100,12.5,282,17.385,78.4867
2025-05-30T08:00,26.8,76,29.3,0.0,0.0,3,99,17.3,290,17.385,78.4867
2025-05-30T09:00,28.3,69,31.2,0.0,0.0,1,26,14.1,292,17.385,78.4867
2025-05-30T10:00,29.7,62,33.1,0.0,0.0,3,100,15.0,299,17.385,78.4867
2025-05-30T11:00,30.6,58,34.4,0.0,0.0,3,100,14.8,294,17.385,78.4867
2025-05-30T12:00,31.1,57,35.3,0.0,0.0,3,100,14.1,291,17.385,78.4867
2025-05-30T13:00,31.5,55,35.7,0.0,0.0,3,100,13.3,293,17.385,78.4867
2025-05-30T14:00,31.9,51,35.1,0.0,0.0,3,100,13.8,294,17.385,78.4867
2025-05-30T15:00,32.2,48,34.1,0.0,0.0,3,100,12.6,294,17.385,78.4867
2025-05-30T16:00,32.0,49,34.0,0.0,0.0,3,100,12.1,291,17.385,78.4867
2025-05-30T17:00,31.3,52,33.7,0.0,0.0,3,100,10.9,287,17.385,78.4867
2025-05-30T18:00,29.3,62,32.5,0.0,0.0,3,100,9.4,267,17.385,78.4867
2025-05-30T19:00,28.5,65,31.6,0.0,0.0,3,100,10.1,264,17.385,78.4867
2025-05-30T20:00,28.2,67,31.4,0.0,0.0,3,100,9.4,265,17.385,78.4867
2025-05-30T21:00,27.7,70,31.3,0.0,0.0,3,100,7.9,257,17.385,78.4867
2025-05-30T22:00,27.3,72,30.9,0.0,0.0,3,100,7.9,259,17.385,78.4867
2025-05-30T23:00,27.1,72,30.5,0.0,0.0,3,100,8.8,253,17.385,78.4867
2025-05-31T00:00,27.0,72,30.1,0.0,0.0,3,100,10.1,250,17.385,78.4867
2025-05-31T01:00,26.9,72,29.5,0.0,0.0,3,100,13.2,253,17.385,78.4867
2025-05-31T02:00,26.6,71,28.7,0.0,0.0,3,100,14.6,271,17.385,78.4867
2025-05-31T03:00,25.9,71,28.0,0.0,0.0,3,100,13.5,274,17.385,78.4867
2025-05-31T04:00,25.2,74,27.2,0.0,0.0,3,100,14.1,277,17.385,78.4867
2025-05-31T05:00,24.9,77,26.8,0.0,0.0,3,100,14.8,276,17.385,78.4867
2025-05-31T06:00,24.5,81,26.6,0.0,0.0,3,97,15.0,276,17.385,78.4867
2025-05-31T07:00,25.1,80,27.5,0.0,0.0,3,100,14.4,279,17.385,78.4867
2025-05-31T08:00,26.2,76,28.7,0.0,0.0,1,40,15.0,284,17.385,78.4867
2025-05-31T09:00,27.8,68,30.5,0.0,0.0,0,14,15.6,286,17.385,78.4867
2025-05-31T10:00,29.4,59,32.5,0.0,0.0,1,31,16.2,287,17.385,78.4867
2025-05-31T11:00,31.0,49,33.8,0.0,0.0,3,90,16.5,292,17.385,78.4867
2025-05-31T12:00,32.1,44,34.9,0.0,0.0,3,89,16.2,291,17.385,78.4867
2025-05-31T13:00,32.9,41,35.5,0.0,0.0,3,97,15.4,293,17.385,78.4867
2025-05-31T14:00,33.4,39,35.5,0.0,0.0,3,85,14.5,295,17.385,78.4867
2025-05-31T15:00,33.6,39,35.0,0.0,0.0,3,99,13.9,295,17.385,78.4867
2025-05-31T16:00,33.4,39,34.5,0.0,0.0,3,100,11.2,298,17.385,78.4867
2025-05-31T17:00,32.5,42,34.1,0.0,0.0,3,98,8.6,303,17.385,78.4867
2025-05-31T18:00,30.2,50,32.3,0.0,0.0,3,100,7.9,258,17.385,78.4867
2025-05-31T19:00,28.7,53,30.2,0.0,0.0,3,99,10.4,262,17.385,78.4867
2025-05-31T20:00,27.8,54,29.0,0.0,0.0,3,100,10.4,261,17.385,78.4867
2025-05-31T21:00,27.2,56,28.2,0.0,0.0,3,100,11.4,265,17.385,78.4867
2025-05-31T22:00,27.1,55,28.0,0.0,0.0,3,100,11.2,276,17.385,78.4867
2025-05-31T23:00,26.6,57,27.5,0.0,0.0,3,100,11.0,268,17.385,78.4867
2025-06-01T00:00,25.9,59,26.8,0.0,0.0,3,100,11.5,268,17.385,78.4867
2025-06-01T01:00,25.6,61,26.3,0.0,0.0,3,100,13.1,268,17.385,78.4867
2025-06-01T02:00,25.5,64,26.5,0.0,0.0,3,100,13.2,272,17.385,78.4867
2025-06-01T03:00,25.0,69,26.5,0.0,0.0,3,98,13.0,271,17.385,78.4867
2025-06-01T04:00,24.6,74,26.4,0.0,0.0,3,99,12.6,269,17.385,78.4867
2025-06-01T05:00,24.3,77,26.2,0.0,0.0,3,87,13.2,268,17.385,78.4867
2025-06-01T06:00,25.3,77,27.3,0.0,0.0,3,99,16.0,267,17.385,78.4867
2025-06-01T07:00,25.9,76,28.4,0.0,0.0,3,100,14.2,272,17.385,78.4867
2025-06-01T08:00,27.2,71,29.7,0.0,0.0,3,97,14.5,277,17.385,78.4867
2025-06-01T09:00,28.7,64,31.2,0.0,0.0,3,97,16.0,277,17.385,78.4867
2025-06-01T10:00,30.0,59,33.2,0.0,0.0,3,98,16.4,275,17.385,78.4867
2025-06-01T11:00,31.3,53,34.8,0.0,0.0,3,96,15.9,275,17.385,78.4867
2025-06-01T12:00,32.3,46,35.2,0.0,0.0,3,100,16.3,276,17.385,78.4867
2025-06-01T13:00,32.5,45,35.1,0.0,0.0,3,100,16.2,274,17.385,78.4867
2025-06-01T14:00,33.0,43,35.1,0.0,0.0,3,88,15.6,277,17.385,78.4867
2025-06-01T15:00,32.9,44,34.5,0.0,0.0,3,94,14.6,268,17.385,78.4867
2025-06-01T16:00,32.7,43,33.8,0.0,0.0,2,78,13.6,255,17.385,78.4867
2025-06-01T17:00,31.9,47,33.7,0.0,0.0,3,93,10.3,259,17.385,78.4867
2025-06-01T18:00,30.0,50,31.6,0.0,0.0,3,94,9.7,255,17.385,78.4867
2025-06-01T19:00,28.5,56,29.8,0.0,0.0,3,95,13.5,275,17.385,78.4867
2025-06-01T20:00,25.1,73,26.9,0.1,0.1,51,100,13.3,272,17.385,78.4867
2025-06-01T21:00,25.0,76,27.4,0.1,0.1,51,100,11.0,289,17.385,78.4867
2025-06-01T22:00,24.5,78,27.4,0.0,0.0,3,99,7.6,297,17.385,78.4867
2025-06-01T23:00,24.4,79,27.6,0.0,0.0,3,98,6.1,284,17.385,78.4867
2025-06-02T00:00,24.3,80,27.4,0.0,0.0,3,95,7.2,258,17.385,78.4867
2025-06-02T01:00,24.8,78,27.6,0.0,0.0,3,100,9.1,253,17.385,78.4867
2025-06-02T02:00,25.3,74,27.5,0.0,0.0,3,100,12.3,262,17.385,78.4867
2025-06-02T03:00,25.0,75,27.1,0.0,0.0,3,100,12.7,263,17.385,78.4867
2025-06-02T04:00,24.4,78,26.6,0.0,0.0,3,100,12.5,258,17.385,78.4867
2025-06-02T05:00,24.0,81,26.3,0.0,0.0,3,93,12.1,259,17.385,78.4867
2025-06-02T06:00,24.5,77,26.6,0.0,0.0,2,73,12.5,258,17.385,78.4867
2025-06-02T07:00,25.2,75,27.4,0.0,0.0,2,63,12.6,260,17.385,78.4867
2025-06-02T08:00,26.4,71,28.7,0.0,0.0,2,77,13.0,260,17.385,78.4867
2025-06-02T09:00,27.9,65,30.1,0.0,0.0,3,100,15.3,258,17.385,78.4867
2025-06-02T10:00,29.6,56,31.9,0.0,0.0,3,96,16.6,260,17.385,78.4867
2025-06-02T11:00,30.8,51,33.1,0.0,0.0,3,99,17.7,261,17.385,78.4867
2025-06-02T12:00,30.6,51,32.1,0.1,0.1,51,81,16.0,261,17.385,78.4867
2025-06-02T13:00,31.1,52,34.3,0.1,0.1,51,94,15.9,257,17.385,78.4867
2025-06-02T14:00,31.4,52,33.7,0.0,0.0,3,95,14.7,262,17.385,78.4867
2025-06-02T15:00,31.9,49,33.6,0.0,0.0,3,99,15.4,264,17.385,78.4867
2025-06-02T16:00,29.5,59,31.1,0.4,0.4,51,93,17.4,232,17.385,78.4867
2025-06-02T17:00,26.7,75,30.4,0.2,0.2,51,88,8.0,232,17.385,78.4867
2025-06-02T18:00,28.6,57,30.4,0.0,0.0,3,100,11.7,261,17.385,78.4867
2025-06-02T19:00,28.0,60,29.9,0.0,0.0,3,100,11.3,261,17.385,78.4867
2025-06-02T20:00,27.0,65,29.6,0.0,0.0,3,100,7.9,271,17.385,78.4867
2025-06-02T21:00,27.1,64,29.1,0.0,0.0,3,100,11.5,243,17.385,78.4867
2025-06-02T22:00,25.6,71,27.3,0.3,0.3,51,100,14.1,235,17.385,78.4867
2025-06-02T23:00,25.8,70,27.6,0.0,0.0,3,100,12.9,238,17.385,78.4867
2025-06-03T00:00,25.7,70,27.6,0.0,0.0,3,100,12.5,240,17.385,78.4867
2025-06-03T01:00,25.5,72,27.4,0.0,0.0,3,100,12.7,240,17.385,78.4867
2025-06-03T02:00,25.5,73,27.4,0.1,0.1,51,100,13.7,249,17.385,78.4867
2025-06-03T03:00,25.3,74,27.5,0.1,0.1,51,70,12.9,257,17.385,78.4867
2025-06-03T04:00,24.5,78,26.7,0.0,0.0,3,98,12.5,258,17.385,78.4867
2025-06-03T05:00,24.1,80,26.3,0.0,0.0,3,89,12.4,260,17.385,78.4867
2025-06-03T06:00,25.0,76,27.1,0.0,0.0,3,100,13.8,258,17.385,78.4867
2025-06-03T07:00,25.3,75,27.5,0.0,0.0,2,75,13.6,262,17.385,78.4867
2025-06-03T08:00,26.5,71,28.8,0.0,0.0,1,45,13.9,267,17.385,78.4867
2025-06-03T09:00,27.9,66,30.2,0.0,0.0,3,100,13.9,267,17.385,78.4867
2025-06-03T10:00,28.1,65,30.7,0.0,0.0,2,57,12.1,269,17.385,78.4867
2025-06-03T11:00,30.3,55,34.1,0.0,0.0,3,93,12.5,276,17.385,78.4867
2025-06-03T12:00,31.2,51,35.1,0.0,0.0,2,50,12.3,273,17.385,78.4867
2025-06-03T13:00,31.2,50,34.0,0.0,0.0,2,56,10.6,270,17.385,78.4867
2025-06-03T14:00,31.8,48,34.8,0.0,0.0,1,40,9.1,263,17.385,78.4867
2025-06-03T15:00,31.2,50,33.6,0.0,0.0,3,87,10.6,321,17.385,78.4867
2025-06-03T16:00,31.1,50,34.1,0.0,0.0,3,100,4.7,317,17.385,78.4867
2025-06-03T17:00,31.5,50,34.5,0.0,0.0,3,85,5.2,256,17.385,78.4867
2025-06-03T18:00,29.0,59,31.6,0.0,0.0,3,84,8.4,227,17.385,78.4867
2025-06-03T19:00,27.7,64,30.5,0.0,0.0,1,31,8.2,229,17.385,78.4867
2025-06-03T20:00,27.2,66,30.0,0.0,0.0,0,5,8.1,227,17.385,78.4867
2025-06-03T21:00,26.7,68,29.6,0.0,0.0,0,2,7.5,235,17.385,78.4867
2025-06-03T22:00,26.4,69,29.3,0.0,0.0,0,4,7.5,233,17.385,78.4867
2025-06-03T23:00,26.1,69,28.7,0.0,0.0,0,0,8.1,235,17.385,78.4867
2025-06-04T00:00,25.7,69,27.7,0.0,0.0,0,1,10.8,242,17.385,78.4867
2025-06-04T01:00,25.4,68,27.2,0.0,0.0,0,1,10.9,250,17.385,78.4867
2025-06-04T02:00,25.2,67,26.7,0.0,0.0,0,0,11.8,258,17.385,78.4867
2025-06-04T03:00,24.8,71,26.4,0.0,0.0,0,5,12.3,263,17.385,78.4867
2025-06-04T04:00,24.4,75,26.3,0.0,0.0,1,43,11.4,264,17.385,78.4867
2025-06-04T05:00,23.9,78,26.1,0.0,0.0,3,95,11.0,269,17.385,78.4867
2025-06-04T06:00,25.1,74,27.3,0.0,0.0,3,83,11.5,273,17.385,78.4867
2025-06-04T07:00,25.8,73,28.3,0.0,0.0,3,93,11.2,275,17.385,78.4867
2025-06-04T08:00,27.2,67,29.6,0.0,0.0,2,60,11.9,280,17.385,78.4867
2025-06-04T09:00,28.8,58,31.2,0.0,0.0,1,20,11.0,285,17.385,78.4867
2025-06-04T10:00,30.2,52,33.4,0.0,0.0,0,0,10.4,288,17.385,78.4867
2025-06-04T11:00,31.4,47,35.2,0.0,0.0,1,34,10.2,283,17.385,78.4867
2025-06-04T12:00,32.3,45,36.2,0.0,0.0,1,39,10.5,276,17.385,78.4867
2025-06-04T13:00,32.9,43,36.4,0.0,0.0,1,22,11.7,268,17.385,78.4867
2025-06-04T14:00,33.0,42,35.8,0.0,0.0,1,21,12.4,267,17.385,78.4867
2025-06-04T15:00,33.0,42,35.0,0.0,0.0,1,30,11.3,262,17.385,78.4867
2025-06-04T16:00,32.1,44,33.5,0.1,0.1,51,68,11.3,272,17.385,78.4867
2025-06-04T17:00,31.5,47,33.7,0.0,0.0,2,66,6.7,276,17.385,78.4867
2025-06-04T18:00,30.5,51,32.9,0.0,0.0,1,22,7.8,251,17.385,78.4867
2025-06-04T19:00,29.4,56,31.9,0.0,0.0,1,22,7.9,235,17.385,78.4867
2025-06-04T20:00,28.5,58,30.9,0.0,0.0,0,9,7.8,244,17.385,78.4867
2025-06-04T21:00,27.5,62,29.8,0.0,0.0,0,6,8.6,268,17.385,78.4867
2025-06-04T22:00,26.6,63,28.1,0.0,0.0,3,100,13.1,261,17.385,78.4867
2025-06-04T23:00,25.4,69,27.4,0.0,0.0,3,100,10.3,259,17.385,78.4867
2025-06-05T00:00,25.0,73,27.5,0.0,0.0,3,100,8.6,248,17.385,78.4867
2025-06-05T01:00,25.1,74,27.6,0.0,0.0,3,100,9.3,252,17.385,78.4867
2025-06-05T02:00,24.9,77,27.5,0.0,0.0,3,100,10.1,250,17.385,78.4867
2025-06-05T03:00,24.5,81,27.4,0.0,0.0,3,100,9.7,255,17.385,78.4867
2025-06-05T04:00,24.1,84,27.2,0.2,0.2,51,100,9.2,273,17.385,78.4867
2025-06-05T05:00,23.9,85,27.2,0.0,0.0,3,99,8.2,279,17.385,78.4867
2025-06-05T06:00,24.3,78,27.1,0.0,0.0,3,96,7.3,280,17.385,78.4867
2025-06-05T07:00,24.6,77,27.7,0.0,0.0,3,81,5.6,292,17.385,78.4867
2025-06-05T08:00,25.8,72,29.3,0.0,0.0,3,96,4.2,301,17.385,78.4867
2025-06-05T09:00,27.5,65,31.1,0.0,0.0,3,98,3.3,292,17.385,78.4867
2025-06-05T10:00,29.0,59,33.7,0.0,0.0,3,99,3.5,291,17.385,78.4867
2025-06-05T11:00,30.3,54,35.7,0.0,0.0,3,88,2.1,290,17.385,78.4867
2025-06-05T12:00,31.4,47,36.4,0.0,0.0,3,100,2.4,261,17.385,78.4867
2025-06-05T13:00,32.1,45,36.4,0.0,0.0,3,100,3.5,258,17.385,78.4867
2025-06-05T14:00,32.5,43,35.8,0.0,0.0,3,100,4.5,268,17.385,78.4867
2025-06-05T15:00,32.4,44,34.5,0.0,0.0,3,99,6.1,265,17.385,78.4867
2025-06-05T16:00,31.7,45,33.7,0.5,0.5,53,93,6.7,261,17.385,78.4867
2025-06-05T17:00,31.4,46,33.6,0.0,0.0,3,100,6.3,263,17.385,78.4867
2025-06-05T18:00,29.9,52,32.2,0.0,0.0,2,72,6.4,238,17.385,78.4867
2025-06-05T19:00,29.6,52,32.4,0.0,0.0,3,88,3.1,257,17.385,78.4867
2025-06-05T20:00,29.2,54,32.0,0.0,0.0,1,44,3.7,256,17.385,78.4867
2025-06-05T21:00,28.2,58,30.6,0.0,0.0,1,48,6.7,236,17.385,78.4867
2025-06-05T22:00,27.4,63,30.1,0.0,0.0,2,61,6.3,255,17.385,78.4867
2025-06-05T23:00,27.0,65,29.9,0.0,0.0,2,60,5.8,256,17.385,78.4867
2025-06-06T00:00,26.3,69,29.2,0.0,0.0,1,43,6.7,268,17.385,78.4867
2025-06-06T01:00,25.5,73,28.6,0.0,0.0,1,38,6.3,297,17.385,78.4867
2025-06-06T02:00,24.8,77,27.9,0.0,0.0,1,32,6.2,280,17.385,78.4867
2025-06-06T03:00,24.3,80,27.3,0.0,0.0,2,75,7.8,304,17.385,78.4867
2025-06-06T04:00,24.0,83,27.0,0.0,0.0,2,78,8.5,297,17.385,78.4867
2025-06-06T05:00,23.8,84,26.9,0.0,0.0,1,39,8.0,286,17.385,78.4867
2025-06-06T06:00,25.2,80,28.9,0.0,0.0,3,95,6.6,283,17.385,78.4867
2025-06-06T07:00,26.0,77,29.7,0.0,0.0,3,82,7.1,279,17.385,78.4867
2025-06-06T08:00,27.6,71,31.3,0.0,0.0,3,86,7.9,282,17.385,78.4867
2025-06-06T09:00,29.4,61,32.9,0.0,0.0,3,83,7.5,290,17.385,78.4867
2025-06-06T10:00,30.9,53,35.0,0.0,0.0,2,79,6.1,294,17.385,78.4867
2025-06-06T11:00,32.2,48,37.0,0.0,0.0,2,73,5.5,289,17.385,78.4867
2025-06-06T12:00,33.1,45,38.2,0.0,0.0,3,93,5.6,277,17.385,78.4867
2025-06-06T13:00,33.5,43,38.2,0.0,0.0,3,98,5.6,285,17.385,78.4867
2025-06-06T14:00,33.7,42,38.0,0.0,0.0,3,96,4.6,301,17.385,78.4867
2025-06-06T15:00,33.8,41,37.0,0.0,0.0,3,100,3.1,291,17.385,78.4867
2025-06-06T16:00,33.6,41,36.1,0.0,0.0,3,97,3.7,256,17.385,78.4867
2025-06-06T17:00,32.0,45,34.2,0.2,0.2,51,99,6.2,338,17.385,78.4867
2025-06-06T18:00,30.8,50,33.0,0.0,0.0,3,100,8.3,269,17.385,78.4867
2025-06-06T19:00,29.8,56,32.9,0.0,0.0,3,100,5.2,333,17.385,78.4867
2025-06-06T20:00,29.6,57,33.3,0.0,0.0,3,95,1.7,72,17.385,78.4867
2025-06-06T21:00,29.7,57,33.6,0.0,0.0,3,92,0.9,217,17.385,78.4867
2025-06-06T22:00,28.6,64,32.3,0.0,0.0,3,93,4.5,268,17.385,78.4867
2025-06-06T23:00,27.6,68,31.2,0.0,0.0,3,97,5.2,248,17.385,78.4867
2025-06-07T00:00,27.1,69,30.7,0.0,0.0,0,18,5.1,238,17.385,78.4867
2025-06-07T01:00,26.8,69,30.1,0.0,0.0,2,77,6.1,247,17.385,78.4867
2025-06-07T02:00,26.7,68,30.0,0.0,0.0,0,16,5.3,246,17.385,78.4867
2025-06-07T03:00,26.1,71,29.2,0.0,0.0,0,17,6.9,256,17.385,78.4867
2025-06-07T04:00,25.9,70,28.6,0.0,0.0,2,62,8.1,252,17.385,78.4867
2025-06-07T05:00,25.5,70,27.8,0.0,0.0,3,99,9.1,253,17.385,78.4867
2025-06-07T06:00,26.7,63,28.8,0.0,0.0,3,85,8.9,284,17.385,78.4867
2025-06-07T07:00,27.6,61,29.6,0.0,0.0,2,74,10.5,303,17.385,78.4867
2025-06-07T08:00,28.9,59,31.0,0.0,0.0,3,85,12.3,295,17.385,78.4867
2025-06-07T09:00,30.0,53,31.9,0.0,0.0,0,12,11.8,294,17.385,78.4867
2025-06-07T10:00,31.8,47,34.8,0.0,0.0,3,89,10.9,299,17.385,78.4867
2025-06-07T11:00,33.2,42,36.8,0.0,0.0,3,97,9.9,297,17.385,78.4867
2025-06-07T12:00,34.2,38,37.3,0.0,0.0,3,96,9.5,292,17.385,78.4867
2025-06-07T13:00,35.0,36,38.5,0.0,0.0,2,62,8.6,296,17.385,78.4867
2025-06-07T14:00,35.3,34,38.2,0.0,0.0,3,88,7.9,309,17.385,78.4867
2025-06-07T15:00,35.4,34,37.6,0.0,0.0,3,95,6.1,315,17.385,78.4867
2025-06-07T16:00,35.1,34,36.4,0.0,0.0,3,93,6.7,316,17.385,78.4867
2025-06-07T17:00,34.4,35,35.7,0.0,0.0,3,92,6.8,312,17.385,78.4867
2025-06-07T18:00,31.7,46,33.4,0.0,0.0,1,23,10.5,273,17.385,78.4867
2025-06-07T19:00,28.9,59,30.9,0.0,0.0,1,40,12.2,287,17.385,78.4867
2025-06-07T20:00,27.2,66,29.5,0.0,0.0,1,36,11.7,304,17.385,78.4867
2025-06-07T21:00,26.6,70,29.5,0.0,0.0,3,100,8.0,261,17.385,78.4867
2025-06-07T22:00,26.5,71,29.7,0.0,0.0,3,100,7.6,270,17.385,78.4867
2025-06-07T23:00,26.6,72,29.9,0.0,0.0,2,71,7.1,263,17.385,78.4867
2025-06-08T00:00,26.5,72,29.7,0.0,0.0,3,100,7.6,271,17.385,78.4867
2025-06-08T01:00,26.5,71,29.7,0.0,0.0,2,72,7.7,279,17.385,78.4867
2025-06-08T02:00,26.4,69,28.8,0.0,0.0,0,4,10.7,286,17.385,78.4867
2025-06-08T03:00,26.0,70,28.3,0.0,0.0,0,10,10.7,283,17.385,78.4867
2025-06-08T04:00,25.8,71,28.2,0.0,0.0,0,5,10.4,278,17.385,78.4867
2025-06-08T05:00,25.5,73,28.1,0.0,0.0,0,10,9.6,279,17.385,78.4867
2025-06-08T06:00,26.0,75,29.3,0.0,0.0,1,25,7.8,279,17.385,78.4867
2025-06-08T07:00,27.3,69,30.3,0.0,0.0,1,36,9.5,291,17.385,78.4867
2025-06-08T08:00,28.9,62,31.7,0.0,0.0,1,44,10.5,301,17.385,78.4867
2025-06-08T09:00,30.2,57,32.7,0.0,0.0,0,19,11.3,307,17.385,78.4867
2025-06-08T10:00,32.1,48,34.8,0.0,0.0,1,26,12.6,314,17.385,78.4867
2025-06-08T11:00,33.5,40,36.1,0.0,0.0,1,38,12.5,323,17.385,78.4867
2025-06-08T12:00,34.5,39,37.6,0.0,0.0,1,45,11.5,326,17.385,78.4867
2025-06-08T13:00,35.1,38,38.0,0.0,0.0,2,59,11.5,326,17.385,78.4867
2025-06-08T14:00,35.0,37,36.6,0.0,0.0,3,87,10.9,329,17.385,78.4867
2025-06-08T15:00,34.7,37,36.1,0.0,0.0,3,100,9.7,342,17.385,78.4867
2025-06-08T16:00,33.7,40,35.7,0.6,0.6,53,100,6.3,7,17.385,78.4867
2025-06-08T17:00,34.0,40,35.8,0.0,0.0,3,94,8.0,332,17.385,78.4867
2025-06-08T18:00,28.8,63,31.6,0.0,0.0,2,53,10.3,241,17.385,78.4867
2025-06-08T19:00,27.5,69,30.8,0.0,0.0,1,26,8.7,246,17.385,78.4867
2025-06-08T20:00,27.3,70,30.4,0.0,0.0,0,19,9.5,238,17.385,78.4867
2025-06-08T21:00,27.0,72,30.1,0.0,0.0,0,7,10.5,248,17.385,78.4867
2025-06-08T22:00,26.5,77,29.8,0.0,0.0,0,6,10.8,255,17.385,78.4867
2025-06-08T23:00,26.2,75,29.3,0.0,0.0,0,17,9.8,263,17.385,78.4867
2025-06-09T00:00,26.4,69,29.0,0.0,0.0,1,27,9.4,262,17.385,78.4867
2025-06-09T01:00,26.3,68,28.4,0.0,0.0,1,43,11.2,258,17.385,78.4867
2025-06-09T02:00,24.7,77,27.1,0.0,0.0,1,29,11.5,178,17.385,78.4867
2025-06-09T03:00,24.8,77,27.0,0.0,0.0,1,36,12.8,259,17.385,78.4867
2025-06-09T04:00,25.0,76,27.1,0.0,0.0,1,45,13.3,269,17.385,78.4867
2025-06-09T05:00,24.9,76,27.1,0.0,0.0,2,65,12.5,277,17.385,78.4867
2025-06-09T06:00,25.0,76,27.6,0.0,0.0,1,44,10.4,302,17.385,78.4867
2025-06-09T07:00,25.8,72,28.3,0.0,0.0,3,100,10.3,337,17.385,78.4867
2025-06-09T08:00,25.6,73,27.5,0.1,0.1,51,100,14.4,330,17.385,78.4867
2025-06-09T09:00,25.4,75,27.8,0.2,0.2,51,100,12.2,333,17.385,78.4867
2025-06-09T10:00,25.4,82,28.8,1.1,1.1,55,100,10.0,322,17.385,78.4867
2025-06-09T11:00,25.4,82,28.8,1.1,1.1,55,100,10.6,318,17.385,78.4867
2025-06-09T12:00,25.1,87,28.8,2.2,2.2,61,100,10.5,289,17.385,78.4867
2025-06-09T13:00,25.5,87,29.6,1.4,1.4,61,99,10.6,266,17.385,78.4867
2025-06-09T14:00,26.5,81,30.5,0.0,0.0,3,100,10.6,273,17.385,78.4867
2025-06-09T15:00,26.9,78,30.9,0.0,0.0,3,100,9.4,262,17.385,78.4867
2025-06-09T16:00,27.7,77,32.1,0.0,0.0,3,98,7.5,262,17.385,78.4867
2025-06-09T17:00,28.6,74,33.0,0.0,0.0,3,92,8.8,268,17.385,78.4867
2025-06-09T18:00,27.8,73,31.3,0.0,0.0,3,100,11.8,258,17.385,78.4867
2025-06-09T19:00,27.2,76,30.6,0.1,0.1,51,100,12.8,264,17.385,78.4867
2025-06-09T20:00,26.8,79,30.3,0.0,0.0,3,100,12.0,278,17.385,78.4867
2025-06-09T21:00,26.7,79,30.3,0.0,0.0,3,100,12.3,262,17.385,78.4867
2025-06-09T22:00,26.9,78,30.2,0.0,0.0,3,100,14.3,275,17.385,78.4867
2025-06-09T23:00,26.2,81,29.6,0.0,0.0,3,100,12.9,283,17.385,78.4867
2025-06-10T00:00,25.4,77,27.7,0.0,0.0,3,100,13.5,283,17.385,78.4867
2025-06-10T01:00,24.7,76,26.8,0.0,0.0,3,95,12.8,284,17.385,78.4867
2025-06-10T02:00,24.6,77,26.6,0.0,0.0,2,75,13.8,284,17.385,78.4867
2025-06-10T03:00,24.6,78,26.8,0.0,0.0,3,98,13.3,286,17.385,78.4867
2025-06-10T04:00,24.7,79,27.0,0.0,0.0,3,100,13.6,293,17.385,78.4867
2025-06-10T05:00,24.7,80,27.0,0.0,0.0,2,70,14.4,300,17.385,78.4867
2025-06-10T06:00,24.7,78,26.6,0.0,0.0,3,95,15.2,318,17.385,78.4867
2025-06-10T07:00,25.8,76,28.6,0.0,0.0,3,100,11.5,314,17.385,78.4867
2025-06-10T08:00,27.3,69,30.2,0.8,0.8,53,90,9.9,356,17.385,78.4867
2025-06-10T09:00,28.1,66,30.5,0.0,0.0,3,99,13.8,319,17.385,78.4867
2025-06-10T10:00,28.3,65,31.1,0.0,0.0,3,100,11.3,331,17.385,78.4867
2025-06-10T11:00,29.0,64,32.0,0.6,0.6,53,100,13.4,318,17.385,78.4867
2025-06-10T12:00,28.4,66,31.2,0.2,0.2,51,100,12.0,298,17.385,78.4867
2025-06-10T13:00,30.6,58,33.8,0.0,0.0,3,100,13.3,306,17.385,78.4867
2025-06-10T14:00,30.5,59,33.1,0.0,0.0,3,100,14.2,300,17.385,78.4867
2025-06-10T15:00,31.4,55,33.7,0.0,0.0,3,100,14.5,298,17.385,78.4867
2025-06-10T16:00,31.5,53,33.9,0.0,0.0,3,100,13.0,305,17.385,78.4867
2025-06-10T17:00,31.0,55,33.6,0.0,0.0,3,100,11.8,322,17.385,78.4867
2025-06-10T18:00,28.1,70,31.8,0.0,0.0,3,100,8.3,300,17.385,78.4867
2025-06-10T19:00,27.4,73,31.1,0.0,0.0,3,100,8.2,285,17.385,78.4867
2025-06-10T20:00,27.1,74,30.8,0.0,0.0,3,100,8.2,296,17.385,78.4867
2025-06-10T21:00,26.9,75,30.8,0.0,0.0,2,52,6.9,285,17.385,78.4867
2025-06-10T22:00,26.5,76,30.1,0.0,0.0,3,100,9.0,265,17.385,78.4867
2025-06-10T23:00,26.2,77,30.0,0.0,0.0,3,100,7.2,269,17.385,78.4867
2025-06-11T00:00,25.5,79,27.9,0.0,0.0,3,100,15.7,273,17.385,78.4867
2025-06-11T01:00,25.7,79,28.8,0.0,0.0,3,99,11.5,274,17.385,78.4867
2025-06-11T02:00,26.0,80,29.5,0.0,0.0,3,99,10.7,284,17.385,78.4867
2025-06-11T03:00,25.8,79,29.4,0.0,0.0,3,100,8.6,299,17.385,78.4867
2025-06-11T04:00,25.3,80,28.1,0.2,0.2,51,100,12.5,319,17.385,78.4867
2025-06-11T05:00,24.0,85,27.0,0.8,0.8,53,100,10.6,312,17.385,78.4867
2025-06-11T06:00,23.9,86,26.8,0.2,0.2,51,100,11.3,297,17.385,78.4867
2025-06-11T07:00,23.9,88,26.7,0.6,0.6,53,100,12.8,301,17.385,78.4867
2025-06-11T08:00,24.9,86,28.3,0.5,0.5,53,100,11.8,298,17.385,78.4867
2025-06-11T09:00,24.8,86,27.8,0.3,0.3,51,100,13.5,307,17.385,78.4867
2025-06-11T10:00,25.8,79,28.5,0.0,0.0,3,100,14.1,309,17.385,78.4867
2025-06-11T11:00,28.2,69,32.5,0.0,0.0,3,99,13.5,323,17.385,78.4867
2025-06-11T12:00,28.8,64,31.8,0.0,0.0,3,100,13.2,328,17.385,78.4867
2025-06-11T13:00,28.6,64,31.2,0.0,0.0,2,66,12.4,321,17.385,78.4867
2025-06-11T14:00,30.1,57,33.7,0.0,0.0,3,90,12.3,337,17.385,78.4867
2025-06-11T15:00,29.8,58,32.4,0.0,0.0,2,69,10.4,337,17.385,78.4867
2025-06-11T16:00,29.7,59,32.6,0.0,0.0,3,88,9.5,349,17.385,78.4867
2025-06-11T17:00,29.4,62,32.9,0.0,0.0,3,82,6.7,336,17.385,78.4867
2025-06-11T18:00,27.6,71,31.5,0.0,0.0,3,100,5.8,326,17.385,78.4867
2025-06-11T19:00,27.0,74,31.1,0.0,0.0,3,100,4.9,343,17.385,78.4867
2025-06-11T20:00,26.8,75,31.3,0.0,0.0,3,100,3.5,298,17.385,78.4867
2025-06-11T21:00,26.7,76,31.3,0.0,0.0,3,99,2.1,232,17.385,78.4867
2025-06-11T22:00,26.0,78,29.6,0.0,0.0,3,94,7.7,294,17.385,78.4867
2025-06-11T23:00,25.1,81,29.1,0.0,0.0,3,100,4.6,329,17.385,78.4867
2025-06-12T00:00,24.6,84,28.7,0.0,0.0,3,100,4.3,275,17.385,78.4867
2025-06-12T01:00,24.3,86,28.3,0.0,0.0,3,100,5.2,274,17.385,78.4867
2025-06-12T02:00,23.9,89,28.1,0.0,0.0,3,100,5.2,241,17.385,78.4867
2025-06-12T03:00,23.3,92,27.3,1.4,1.4,61,100,6.1,341,17.385,78.4867
2025-06-12T04:00,22.8,96,26.6,2.7,2.7,63,100,7.9,305,17.385,78.4867
2025-06-12T05:00,22.6,96,26.6,0.6,0.6,53,100,6.6,338,17.385,78.4867
2025-06-12T06:00,23.3,93,27.3,0.9,0.9,53,100,6.2,282,17.385,78.4867
2025-06-12T07:00,23.9,91,28.4,0.4,0.4,51,100,4.3,285,17.385,78.4867
2025-06-12T08:00,24.4,90,28.9,0.2,0.2,51,100,4.8,283,17.385,78.4867
2025-06-12T09:00,25.5,86,30.2,0.0,0.0,3,94,4.7,317,17.385,78.4867
2025-06-12T10:00,28.0,74,34.1,0.0,0.0,3,98,4.3,2,17.385,78.4867
2025-06-12T11:00,29.4,69,36.3,0.0,0.0,3,96,4.2,31,17.385,78.4867
2025-06-12T12:00,30.4,65,37.4,0.0,0.0,3,91,5.0,55,17.385,78.4867
2025-06-12T13:00,31.1,59,37.4,0.0,0.0,3,100,5.0,69,17.385,78.4867
2025-06-12T14:00,31.1,59,35.8,0.0,0.0,3,100,2.3,141,17.385,78.4867
2025-06-12T15:00,28.8,70,33.1,3.5,3.5,63,100,10.1,50,17.385,78.4867
2025-06-12T16:00,28.5,71,33.1,0.2,0.2,51,100,4.8,318,17.385,78.4867
2025-06-12T17:00,29.3,70,34.6,0.0,0.0,3,89,1.3,16,17.385,78.4867
2025-06-12T18:00,28.1,73,32.8,0.1,0.1,51,68,4.3,318,17.385,78.4867
2025-06-12T19:00,27.4,78,32.3,0.0,0.0,1,37,4.9,306,17.385,78.4867
2025-06-12T20:00,27.0,81,32.2,0.0,0.0,1,23,3.4,267,17.385,78.4867
2025-06-12T21:00,26.8,82,32.1,0.0,0.0,1,41,3.3,234,17.385,78.4867
2025-06-12T22:00,26.4,85,32.0,0.0,0.0,3,98,2.3,151,17.385,78.4867
2025-06-12T23:00,25.9,88,31.1,0.0,0.0,3,98,5.3,128,17.385,78.4867
2025-06-13T00:00,25.5,90,30.6,0.0,0.0,3,92,5.6,119,17.385,78.4867
2025-06-13T01:00,25.1,89,29.8,0.0,0.0,3,91,6.7,109,17.385,78.4867
2025-06-13T02:00,24.8,90,29.5,0.0,0.0,2,78,5.4,116,17.385,78.4867
2025-06-13T03:00,24.4,91,29.1,0.0,0.0,3,99,4.9,107,17.385,78.4867
2025-06-13T04:00,24.2,92,29.0,0.0,0.0,3,100,3.8,93,17.385,78.4867
2025-06-13T05:00,24.2,92,29.2,0.0,0.0,3,94,1.7,122,17.385,78.4867
2025-06-13T06:00,24.7,96,30.3,0.1,0.1,51,100,3.1,114,17.385,78.4867
2025-06-13T07:00,25.6,90,31.1,0.1,0.1,51,100,3.0,107,17.385,78.4867
2025-06-13T08:00,26.4,86,32.1,0.1,0.1,51,99,1.9,119,17.385,78.4867
2025-06-13T09:00,27.7,77,33.2,0.0,0.0,3,98,1.9,151,17.385,78.4867
2025-06-13T10:00,28.7,71,35.0,0.0,0.0,3,99,2.4,153,17.385,78.4867
2025-06-13T11:00,29.6,65,36.1,0.0,0.0,3,100,2.5,135,17.385,78.4867
2025-06-13T12:00,30.3,61,36.3,0.1,0.1,51,100,3.8,135,17.385,78.4867
2025-06-13T13:00,31.1,58,37.1,0.1,0.1,51,100,3.7,104,17.385,78.4867
2025-06-13T14:00,31.5,56,36.4,0.1,0.1,51,100,4.1,92,17.385,78.4867
2025-06-13T15:00,32.1,54,36.7,0.1,0.1,51,24,4.5,90,17.385,78.4867
2025-06-13T16:00,31.9,54,35.8,0.1,0.1,51,20,4.6,103,17.385,78.4867
2025-06-13T17:00,31.5,56,35.3,0.0,0.0,2,56,5.2,106,17.385,78.4867
2025-06-13T18:00,28.4,74,33.3,0.0,0.0,1,34,4.5,113,17.385,78.4867
2025-06-13T19:00,27.9,77,33.1,0.0,0.0,2,67,4.4,83,17.385,78.4867
2025-06-13T20:00,27.5,80,32.6,0.0,0.0,3,87,5.0,92,17.385,78.4867
2025-06-13T21:00,26.9,81,31.3,0.0,0.0,3,94,8.0,115,17.385,78.4867
2025-06-13T22:00,26.4,82,31.1,0.0,0.0,3,100,5.8,129,17.385,78.4867
2025-06-13T23:00,26.1,85,30.8,0.1,0.1,51,100,6.1,102,17.385,78.4867
2025-06-14T00:00,25.2,89,29.9,0.5,0.5,53,100,5.7,103,17.385,78.4867
2025-06-14T01:00,24.8,91,29.9,0.0,0.0,3,100,3.9,103,17.385,78.4867
2025-06-14T02:00,25.1,91,30.3,0.0,0.0,3,100,4.3,132,17.385,78.4867
2025-06-14T03:00,25.1,91,30.3,0.0,0.0,3,100,4.1,165,17.385,78.4867
2025-06-14T04:00,25.0,88,29.4,0.0,0.0,3,100,5.9,218,17.385,78.4867
2025-06-14T05:00,24.6,85,28.5,0.0,0.0,3,100,6.9,242,17.385,78.4867
2025-06-14T06:00,24.8,89,29.5,0.0,0.0,3,100,5.4,233,17.385,78.4867
2025-06-14T07:00,25.6,85,29.6,0.0,0.0,3,100,9.6,229,17.385,78.4867
2025-06-14T08:00,26.7,78,30.5,0.0,0.0,3,100,10.2,226,17.385,78.4867
2025-06-14T09:00,28.0,71,31.8,0.1,0.1,51,100,8.9,218,17.385,78.4867
2025-06-14T10:00,29.0,67,33.7,0.2,0.2,51,99,8.7,212,17.385,78.4867
2025-06-14T11:00,30.1,62,35.3,0.1,0.1,51,98,8.5,208,17.385,78.4867
2025-06-14T12:00,31.0,58,36.3,0.1,0.1,51,100,9.3,209,17.385,78.4867
2025-06-14T13:00,30.7,60,35.2,0.2,0.2,51,100,10.7,213,17.385,78.4867
2025-06-14T14:00,31.1,58,35.4,0.1,0.1,51,95,10.9,220,17.385,78.4867
2025-06-14T15:00,31.2,58,35.0,0.1,0.1,51,65,10.3,229,17.385,78.4867
2025-06-14T16:00,31.4,56,34.8,0.0,0.0,1,22,9.2,213,17.385,78.4867
2025-06-14T17:00,30.6,60,34.0,0.2,0.2,51,48,10.2,212,17.385,78.4867
2025-06-14T18:00,29.3,64,32.7,0.0,0.0,3,100,9.9,207,17.385,78.4867
2025-06-14T19:00,28.4,67,31.5,0.0,0.0,3,100,11.1,203,17.385,78.4867
2025-06-14T20:00,27.6,71,30.7,0.0,0.0,3,100,11.4,209,17.385,78.4867
2025-06-14T21:00,26.7,76,30.2,0.0,0.0,3,100,9.5,207,17.385,78.4867
2025-06-14T22:00,26.2,79,30.2,0.0,0.0,3,99,7.4,203,17.385,78.4867
2025-06-14T23:00,25.9,81,29.5,0.0,0.0,3,92,10.4,206,17.385,78.4867
2025-06-15T00:00,25.5,81,28.7,0.1,0.1,51,100,11.4,217,17.385,78.4867
2025-06-15T01:00,24.9,84,28.1,0.0,0.0,3,100,11.1,223,17.385,78.4867
2025-06-15T02:00,24.4,87,27.7,0.0,0.0,3,100,11.9,228,17.385,78.4867
2025-06-15T03:00,24.3,88,27.4,0.0,0.0,3,100,12.5,233,17.385,78.4867
2025-06-15T04:00,24.1,86,26.9,0.0,0.0,3,99,13.1,237,17.385,78.4867
2025-06-15T05:00,23.8,87,26.7,0.0,0.0,3,96,12.1,238,17.385,78.4867
2025-06-15T06:00,24.3,84,27.3,0.0,0.0,3,100,11.6,240,17.385,78.4867
2025-06-15T07:00,25.1,81,27.7,0.0,0.0,3,99,14.5,242,17.385,78.4867
2025-06-15T08:00,26.1,75,28.2,0.0,0.0,3,100,16.9,245,17.385,78.4867
2025-06-15T09:00,27.1,71,29.7,0.0,0.0,3,100,13.6,239,17.385,78.4867
2025-06-15T10:00,28.5,65,31.2,0.0,0.0,3,99,12.9,233,17.385,78.4867
2025-06-15T11:00,30.3,57,33.8,0.0,0.0,3,100,13.9,228,17.385,78.4867
2025-06-15T12:00,30.0,59,32.6,0.1,0.1,51,99,14.9,223,17.385,78.4867
2025-06-15T13:00,30.0,61,33.3,0.4,0.4,51,99,14.6,225,17.385,78.4867
2025-06-15T14:00,30.6,61,34.2,0.1,0.1,51,88,13.5,224,17.385,78.4867
2025-06-15T15:00,30.9,59,34.4,0.0,0.0,2,73,12.9,226,17.385,78.4867
2025-06-15T16:00,26.9,79,30.9,1.4,1.4,61,77,10.4,278,17.385,78.4867
2025-06-15T17:00,27.9,78,32.8,0.1,0.1,51,92,6.3,239,17.385,78.4867
2025-06-15T18:00,27.1,75,30.5,0.1,0.1,51,97,11.1,234,17.385,78.4867
2025-06-15T19:00,26.4,80,30.2,0.0,0.0,3,100,10.7,210,17.385,78.4867
2025-06-15T20:00,25.8,84,29.4,0.1,0.1,51,100,12.4,216,17.385,78.4867
2025-06-15T21:00,24.5,88,27.8,1.5,1.5,61,99,12.8,212,17.385,78.4867
2025-06-15T22:00,24.5,89,27.6,1.5,1.5,61,93,14.3,215,17.385,78.4867
2025-06-15T23:00,24.1,88,27.0,0.0,0.0,3,97,13.9,217,17.385,78.4867
2025-06-16T00:00,23.9,88,26.3,0.0,0.0,3,98,15.9,219,17.385,78.4867
2025-06-16T01:00,23.9,88,26.4,0.0,0.0,1,38,15.4,223,17.385,78.4867
2025-06-16T02:00,23.8,87,26.4,0.0,0.0,3,98,14.5,224,17.385,78.4867
2025-06-16T03:00,24.0,85,26.3,0.0,0.0,3,100,15.2,227,17.385,78.4867
2025-06-16T04:00,24.0,84,26.1,0.0,0.0,3,100,15.9,233,17.385,78.4867
2025-06-16T05:00,24.1,84,26.3,0.0,0.0,3,100,16.1,238,17.385,78.4867
2025-06-16T06:00,24.1,85,26.5,0.0,0.0,2,59,14.7,230,17.385,78.4867
2025-06-16T07:00,24.9,82,27.9,0.0,0.0,3,95,12.3,226,17.385,78.4867
2025-06-16T08:00,26.4,74,27.5,0.0,0.0,3,99,23.6,238,17.385,78.4867
2025-06-16T09:00,27.8,68,29.1,0.0,0.0,3,99,22.8,239,17.385,78.4867
2025-06-16T10:00,28.6,64,29.7,0.0,0.0,3,98,23.5,244,17.385,78.4867
2025-06-16T11:00,29.3,63,31.3,0.0,0.0,3,96,23.7,241,17.385,78.4867
2025-06-16T12:00,30.2,59,33.0,0.0,0.0,3,95,20.6,247,17.385,78.4867
2025-06-16T13:00,29.2,64,31.1,0.1,0.1,51,93,25.1,254,17.385,78.4867
2025-06-16T14:00,29.8,66,33.1,0.1,0.1,51,86,18.0,241,17.385,78.4867
2025-06-16T15:00,29.2,64,31.0,0.0,0.0,3,92,19.8,258,17.385,78.4867
2025-06-16T16:00,27.2,79,30.3,1.4,1.4,61,99,16.4,275,17.385,78.4867
2025-06-16T17:00,26.6,78,30.0,0.0,0.0,3,89,11.5,256,17.385,78.4867
2025-06-16T18:00,28.2,65,29.9,0.0,0.0,3,100,18.0,247,17.385,78.4867
2025-06-16T19:00,26.0,74,27.6,0.0,0.0,3,100,18.2,259,17.385,78.4867
2025-06-16T20:00,25.7,76,27.6,0.0,0.0,3,100,17.4,259,17.385,78.4867
2025-06-16T21:00,25.7,76,27.7,0.0,0.0,3,100,16.5,257,17.385,78.4867
2025-06-16T22:00,25.5,74,27.4,0.0,0.0,3,100,15.6,253,17.385,78.4867
2025-06-16T23:00,25.3,73,26.8,0.0,0.0,3,100,16.5,256,17.385,78.4867
2025-06-17T00:00,25.2,74,26.8,0.0,0.0,3,100,16.2,256,17.385,78.4867
2025-06-17T01:00,25.0,75,26.7,0.0,0.0,3,100,15.7,252,17.385,78.4867
2025-06-17T02:00,24.8,77,26.6,0.0,0.0,3,100,15.2,249,17.385,78.4867
2025-06-17T03:00,24.5,79,26.5,0.0,0.0,3,100,14.8,247,17.385,78.4867
2025-06-17T04:00,24.3,81,26.5,0.0,0.0,3,100,14.1,245,17.385,78.4867
2025-06-17T05:00,24.1,83,26.3,0.0,0.0,3,100,14.8,247,17.385,78.4867
2025-06-17T06:00,24.4,80,26.4,0.0,0.0,3,100,15.2,253,17.385,78.4867
2025-06-17T07:00,25.1,79,27.4,0.0,0.0,3,100,13.9,256,17.385,78.4867
2025-06-17T08:00,26.3,71,27.5,0.0,0.0,3,100,20.6,260,17.385,78.4867
2025-06-17T09:00,27.3,66,28.3,0.0,0.0,3,100,20.7,262,17.385,78.4867
2025-06-17T10:00,28.8,60,29.8,0.0,0.0,3,100,21.0,260,17.385,78.4867
2025-06-17T11:00,28.9,60,30.1,0.0,0.0,3,100,19.4,263,17.385,78.4867
2025-06-17T12:00,30.7,52,32.5,0.0,0.0,3,99,18.3,263,17.385,78.4867
2025-06-17T13:00,30.9,52,32.6,0.0,0.0,0,18,17.0,261,17.385,78.4867
2025-06-17T14:00,31.8,51,34.8,0.0,0.0,1,49,16.5,259,17.385,78.4867
2025-06-17T15:00,31.2,54,33.5,0.1,0.1,51,17,15.0,250,17.385,78.4867
2025-06-17T16:00,31.4,53,33.5,0.0,0.0,1,28,14.8,254,17.385,78.4867
2025-06-17T17:00,30.8,56,33.2,0.0,0.0,2,50,13.1,243,17.385,78.4867
2025-06-17T18:00,29.6,57,31.8,0.0,0.0,2,66,11.8,245,17.385,78.4867
2025-06-17T19:00,28.6,60,30.7,0.0,0.0,1,42,11.5,238,17.385,78.4867
2025-06-17T20:00,27.8,61,29.9,0.0,0.0,3,100,11.1,253,17.385,78.4867
2025-06-17T21:00,27.1,64,29.2,0.0,0.0,3,100,10.7,245,17.385,78.4867
2025-06-17T22:00,26.8,65,28.5,0.0,0.0,3,100,14.0,250,17.385,78.4867
2025-06-17T23:00,26.4,67,28.1,0.0,0.0,3,100,14.5,255,17.385,78.4867
2025-06-18T00:00,25.9,70,27.5,0.0,0.0,3,100,14.9,255,17.385,78.4867
2025-06-18T01:00,25.3,73,27.1,0.0,0.0,3,100,14.2,255,17.385,78.4867
2025-06-18T02:00,24.8,76,26.6,0.0,0.0,3,100,14.8,254,17.385,78.4867
2025-06-18T03:00,24.3,78,25.9,0.0,0.0,3,100,16.0,255,17.385,78.4867
2025-06-18T04:00,24.0,80,25.6,0.0,0.0,3,100,15.8,255,17.385,78.4867
2025-06-18T05:00,23.7,82,25.4,0.0,0.0,3,99,15.6,254,17.385,78.4867
2025-06-18T06:00,24.2,81,26.3,0.0,0.0,3,100,14.3,258,17.385,78.4867
2025-06-18T07:00,24.8,79,27.5,0.0,0.0,3,100,11.4,258,17.385,78.4867
2025-06-18T08:00,26.1,72,27.6,0.0,0.0,3,100,18.6,258,17.385,78.4867
2025-06-18T09:00,27.7,64,28.7,0.0,0.0,3,100,21.1,259,17.385,78.4867
2025-06-18T10:00,28.7,60,29.7,0.0,0.0,3,100,20.3,257,17.385,78.4867
2025-06-18T11:00,29.6,58,31.6,0.0,0.0,3,100,19.1,254,17.385,78.4867
2025-06-18T12:00,30.4,55,32.3,0.0,0.0,3,100,19.3,254,17.385,78.4867
2025-06-18T13:00,30.9,55,33.4,0.1,0.1,51,100,18.1,253,17.385,78.4867
2025-06-18T14:00,31.4,52,33.4,0.0,0.0,3,100,18.5,251,17.385,78.4867
2025-06-18T15:00,30.2,55,31.3,0.1,0.1,51,99,20.9,253,17.385,78.4867
2025-06-18T16:00,30.7,57,33.6,0.0,0.0,2,64,11.0,246,17.385,78.4867
2025-06-18T17:00,30.8,55,32.7,0.0,0.0,2,63,15.8,253,17.385,78.4867
2025-06-18T18:00,29.2,61,32.0,0.0,0.0,3,100,10.8,223,17.385,78.4867
2025-06-18T19:00,28.3,64,30.8,0.0,0.0,3,100,11.6,233,17.385,78.4867
2025-06-18T20:00,28.1,61,30.0,0.0,0.0,3,100,12.3,241,17.385,78.4867
2025-06-18T21:00,27.7,61,29.5,0.0,0.0,3,100,12.0,253,17.385,78.4867
2025-06-18T22:00,27.1,63,28.7,0.0,0.0,3,100,13.7,247,17.385,78.4867
2025-06-18T23:00,26.8,65,28.1,0.0,0.0,3,100,15.6,254,17.385,78.4867
2025-06-19T00:00,26.2,69,27.7,0.0,0.0,3,100,15.7,254,17.385,78.4867
2025-06-19T01:00,25.5,72,27.1,0.0,0.0,3,100,16.3,248,17.385,78.4867
2025-06-19T02:00,25.0,75,26.4,0.0,0.0,3,100,17.1,251,17.385,78.4867
2025-06-19T03:00,24.5,77,26.0,0.0,0.0,3,100,17.5,251,17.385,78.4867
2025-06-19T04:00,24.2,80,25.8,0.0,0.0,3,100,17.2,249,17.385,78.4867
2025-06-19T05:00,24.1,80,25.6,0.0,0.0,3,100,17.8,250,17.385,78.4867
2025-06-19T06:00,24.9,79,26.7,0.0,0.0,3,100,17.5,250,17.385,78.4867
2025-06-19T07:00,25.5,78,27.8,0.0,0.0,3,100,15.3,245,17.385,78.4867
2025-06-19T08:00,26.8,70,27.2,0.0,0.0,3,100,26.7,253,17.385,78.4867
2025-06-19T09:00,28.2,64,28.7,0.0,0.0,3,97,25.1,257,17.385,78.4867
2025-06-19T10:00,28.6,62,29.8,0.0,0.0,3,100,20.8,255,17.385,78.4867
2025-06-19T11:00,29.6,58,30.7,0.0,0.0,3,100,20.6,254,17.385,78.4867
2025-06-19T12:00,31.2,55,34.2,0.0,0.0,3,99,20.7,252,17.385,78.4867
2025-06-19T13:00,31.5,53,33.8,0.0,0.0,3,100,22.0,249,17.385,78.4867
2025-06-19T14:00,31.6,53,33.5,0.0,0.0,3,100,20.2,245,17.385,78.4867
2025-06-19T15:00,31.3,55,33.0,0.1,0.1,51,100,18.1,253,17.385,78.4867
2025-06-19T16:00,26.0,78,28.3,2.2,2.2,61,100,17.1,277,17.385,78.4867
2025-06-19T17:00,26.9,77,30.2,0.0,0.0,3,100,13.4,265,17.385,78.4867
2025-06-19T18:00,29.4,56,30.5,0.0,0.0,3,100,17.5,261,17.385,78.4867
2025-06-19T19:00,28.3,62,29.3,0.0,0.0,3,100,20.0,269,17.385,78.4867
2025-06-19T20:00,26.7,70,28.3,0.0,0.0,3,100,17.8,262,17.385,78.4867
2025-06-19T21:00,26.3,72,28.0,0.0,0.0,3,100,17.2,263,17.385,78.4867
2025-06-19T22:00,26.2,72,28.0,0.0,0.0,3,100,16.2,262,17.385,78.4867
2025-06-19T23:00,25.9,72,27.7,0.0,0.0,3,100,15.7,259,17.385,78.4867
2025-06-20T00:00,25.5,74,27.5,0.0,0.0,3,100,14.3,256,17.385,78.4867
2025-06-20T01:00,25.4,74,27.2,0.0,0.0,3,100,15.3,254,17.385,78.4867
2025-06-20T02:00,25.0,75,26.7,0.0,0.0,3,100,15.2,257,17.385,78.4867
2025-06-20T03:00,24.5,78,26.3,0.0,0.0,3,100,15.8,258,17.385,78.4867
2025-06-20T04:00,24.3,80,26.2,0.0,0.0,3,100,15.4,256,17.385,78.4867
2025-06-20T05:00,24.1,81,26.1,0.0,0.0,3,100,15.2,256,17.385,78.4867
2025-06-20T06:00,24.5,79,26.4,0.2,0.2,51,100,15.6,255,17.385,78.4867
2025-06-20T07:00,24.7,81,27.4,0.0,0.0,3,100,12.0,257,17.385,78.4867
2025-06-20T08:00,25.8,75,27.3,0.0,0.0,3,100,20.1,260,17.385,78.4867
2025-06-20T09:00,27.5,68,28.8,0.0,0.0,3,100,20.5,264,17.385,78.4867
2025-06-20T10:00,29.0,60,30.7,0.0,0.0,3,100,19.2,263,17.385,78.4867
2025-06-20T11:00,29.8,58,32.3,0.0,0.0,3,100,20.6,266,17.385,78.4867
2025-06-20T12:00,30.0,58,32.0,0.0,0.0,3,100,19.3,268,17.385,78.4867
2025-06-20T13:00,30.9,54,32.9,0.0,0.0,3,100,18.9,271,17.385,78.4867
2025-06-20T14:00,30.7,54,32.3,0.0,0.0,3,100,16.8,274,17.385,78.4867
2025-06-20T15:00,31.6,51,32.8,0.0,0.0,3,100,18.2,269,17.385,78.4867
2025-06-20T16:00,30.4,55,32.1,0.0,0.0,3,100,15.7,265,17.385,78.4867
2025-06-20T17:00,30.1,58,32.6,0.0,0.0,3,100,12.6,268,17.385,78.4867
2025-06-20T18:00,29.9,57,32.7,0.0,0.0,2,50,9.0,268,17.385,78.4867
2025-06-20T19:00,29.0,59,31.3,0.0,0.0,3,99,11.3,252,17.385,78.4867
2025-06-20T20:00,28.3,60,30.0,0.0,0.0,3,100,14.0,254,17.385,78.4867
2025-06-20T21:00,27.3,65,28.6,0.0,0.0,3,100,17.9,258,17.385,78.4867
2025-06-20T22:00,26.1,72,27.9,0.0,0.0,3,100,16.2,255,17.385,78.4867
2025-06-20T23:00,25.7,75,27.6,0.0,0.0,3,100,15.9,260,17.385,78.4867
2025-06-21T00:00,25.1,77,27.2,0.0,0.0,3,100,15.1,261,17.385,78.4867
2025-06-21T01:00,25.1,78,27.1,0.0,0.0,3,100,15.1,262,17.385,78.4867
2025-06-21T02:00,24.8,78,26.8,0.0,0.0,3,100,15.4,263,17.385,78.4867
2025-06-21T03:00,24.5,79,26.4,0.0,0.0,3,100,15.4,264,17.385,78.4867
2025-06-21T04:00,24.0,81,25.9,0.0,0.0,3,100,15.4,265,17.385,78.4867
2025-06-21T05:00,23.7,84,25.7,0.0,0.0,3,100,15.3,266,17.385,78.4867
2025-06-21T06:00,24.4,82,26.5,0.0,0.0,3,94,15.5,267,17.385,78.4867
2025-06-21T07:00,25.2,78,27.3,0.0,0.0,3,99,15.3,272,17.385,78.4867
2025-06-21T08:00,26.4,72,28.4,0.0,0.0,3,88,15.5,271,17.385,78.4867
2025-06-21T09:00,28.2,64,30.2,0.0,0.0,3,97,15.7,272,17.385,78.4867
2025-06-21T10:00,29.6,57,31.4,0.0,0.0,3,100,19.0,277,17.385,78.4867
2025-06-21T11:00,30.6,53,33.2,0.0,0.0,3,100,19.0,275,17.385,78.4867
2025-06-21T12:00,31.8,47,34.4,0.0,0.0,3,96,18.5,280,17.385,78.4867
2025-06-21T13:00,32.5,45,34.7,0.0,0.0,1,45,19.0,280,17.385,78.4867
2025-06-21T14:00,32.3,45,33.7,0.1,0.1,51,34,19.3,279,17.385,78.4867
2025-06-21T15:00,31.9,49,33.2,0.1,0.1,51,18,17.4,275,17.385,78.4867
2025-06-21T16:00,32.3,48,33.9,0.0,0.0,0,19,15.1,278,17.385,78.4867
2025-06-21T17:00,32.0,49,33.8,0.0,0.0,0,12,13.9,265,17.385,78.4867
2025-06-21T18:00,30.3,55,33.0,0.1,0.1,51,36,9.2,267,17.385,78.4867
2025-06-21T19:00,29.5,56,31.2,0.0,0.0,2,56,14.0,252,17.385,78.4867
2025-06-21T20:00,28.5,59,30.0,0.0,0.0,3,93,14.9,257,17.385,78.4867
2025-06-21T21:00,28.0,61,29.4,0.0,0.0,3,99,15.4,265,17.385,78.4867
2025-06-21T22:00,27.5,63,29.2,0.0,0.0,3,81,14.4,266,17.385,78.4867
2025-06-21T23:00,27.0,66,28.8,0.0,0.0,1,32,13.9,266,17.385,78.4867
2025-06-22T00:00,26.6,68,28.4,0.0,0.0,1,41,14.6,261,17.385,78.4867
2025-06-22T01:00,26.0,71,27.8,0.0,0.0,2,66,15.3,261,17.385,78.4867
2025-06-22T02:00,25.2,73,26.9,0.0,0.0,3,96,15.2,263,17.385,78.4867
2025-06-22T03:00,24.5,76,26.1,0.0,0.0,3,83,15.2,266,17.385,78.4867
2025-06-22T04:00,24.0,80,25.8,0.0,0.0,3,92,14.2,268,17.385,78.4867
2025-06-22T05:00,23.6,82,25.6,0.0,0.0,3,100,13.9,268,17.385,78.4867
2025-06-22T06:00,24.2,79,26.2,0.0,0.0,1,41,13.7,265,17.385,78.4867
2025-06-22T07:00,25.1,75,26.4,0.0,0.0,2,77,17.8,271,17.385,78.4867
2025-06-22T08:00,26.5,67,27.3,0.0,0.0,3,96,20.0,274,17.385,78.4867
2025-06-22T09:00,28.5,57,28.9,0.0,0.0,3,98,20.5,277,17.385,78.4867
2025-06-22T10:00,29.4,54,30.1,0.1,0.1,51,96,20.3,277,17.385,78.4867
2025-06-22T11:00,30.8,48,32.2,0.1,0.1,51,61,21.8,281,17.385,78.4867
2025-06-22T12:00,31.5,46,33.1,0.2,0.2,51,67,19.4,281,17.385,78.4867
2025-06-22T13:00,31.9,45,33.3,0.4,0.4,51,99,19.1,279,17.385,78.4867
2025-06-22T14:00,32.4,44,33.8,0.1,0.1,51,100,18.6,282,17.385,78.4867
2025-06-22T15:00,33.0,42,33.9,0.0,0.0,0,19,17.7,279,17.385,78.4867
2025-06-22T16:00,32.7,41,33.1,0.0,0.0,0,18,16.6,276,17.385,78.4867
2025-06-22T17:00,32.0,45,32.8,0.0,0.0,1,29,15.1,271,17.385,78.4867
2025-06-22T18:00,30.2,53,32.5,0.0,0.0,3,97,8.4,277,17.385,78.4867
2025-06-22T19:00,29.3,57,31.5,0.0,0.0,2,68,10.2,249,17.385,78.4867
2025-06-22T20:00,28.2,59,29.5,0.0,0.0,2,78,14.9,247,17.385,78.4867
2025-06-22T21:00,26.8,66,29.1,0.1,0.1,51,100,10.4,261,17.385,78.4867
2025-06-22T22:00,26.6,68,29.2,0.0,0.0,3,98,9.5,280,17.385,78.4867
2025-06-22T23:00,26.6,66,28.2,0.0,0.0,3,100,14.6,261,17.385,78.4867
2025-06-23T00:00,26.1,68,27.7,0.0,0.0,3,80,14.8,254,17.385,78.4867
2025-06-23T01:00,25.8,69,27.1,0.0,0.0,1,33,16.4,261,17.385,78.4867
2025-06-23T02:00,25.3,71,26.6,0.0,0.0,1,26,16.5,264,17.385,78.4867
2025-06-23T03:00,24.7,76,26.1,0.0,0.0,3,100,17.0,265,17.385,78.4867
2025-06-23T04:00,24.2,79,25.7,0.0,0.0,3,100,17.0,264,17.385,78.4867
2025-06-23T05:00,24.0,81,25.6,0.0,0.0,3,99,17.0,266,17.385,78.4867
2025-06-23T06:00,24.2,78,26.0,0.0,0.0,3,100,14.7,264,17.385,78.4867
2025-06-23T07:00,25.0,74,26.0,0.0,0.0,3,100,19.7,264,17.385,78.4867
2025-06-23T08:00,26.0,69,26.4,0.0,0.0,3,100,22.9,263,17.385,78.4867
2025-06-23T09:00,26.9,66,27.6,0.0,0.0,3,100,21.1,269,17.385,78.4867
2025-06-23T10:00,27.7,62,28.2,0.0,0.0,3,100,21.8,268,17.385,78.4867
2025-06-23T11:00,28.9,58,29.5,0.0,0.0,3,100,21.1,268,17.385,78.4867
2025-06-23T12:00,29.2,59,30.3,0.0,0.0,3,100,20.1,261,17.385,78.4867
2025-06-23T13:00,29.9,55,30.8,0.0,0.0,3,96,19.4,260,17.385,78.4867
2025-06-23T14:00,31.7,48,33.3,0.0,0.0,2,77,21.5,261,17.385,78.4867
2025-06-23T15:00,30.7,51,30.9,0.0,0.0,3,100,22.5,257,17.385,78.4867
2025-06-23T16:00,28.5,59,29.7,0.0,0.0,3,100,16.4,265,17.385,78.4867
2025-06-23T17:00,27.6,67,29.9,0.0,0.0,3,100,13.7,247,17.385,78.4867
2025-06-23T18:00,26.4,75,28.6,0.3,0.3,51,100,16.3,257,17.385,78.4867
2025-06-23T19:00,25.7,75,27.8,0.1,0.1,51,97,15.2,254,17.385,78.4867
2025-06-23T20:00,25.7,72,27.4,0.0,0.0,3,100,16.0,253,17.385,78.4867
2025-06-23T21:00,26.2,67,26.8,0.0,0.0,3,100,20.4,258,17.385,78.4867
2025-06-23T22:00,25.7,70,26.6,0.1,0.1,51,100,19.6,257,17.385,78.4867
2025-06-23T23:00,25.1,70,25.6,0.0,0.0,3,100,20.6,258,17.385,78.4867
2025-06-24T00:00,25.1,70,25.6,0.0,0.0,3,100,20.2,262,17.385,78.4867
2025-06-24T01:00,24.9,72,25.7,0.0,0.0,3,100,19.2,262,17.385,78.4867
2025-06-24T02:00,24.5,75,25.5,0.0,0.0,3,100,19.0,263,17.385,78.4867
2025-06-24T03:00,24.4,76,25.4,0.0,0.0,3,100,18.6,265,17.385,78.4867
2025-06-24T04:00,24.2,76,25.2,0.0,0.0,3,100,18.7,263,17.385,78.4867
2025-06-24T05:00,23.9,77,25.0,0.0,0.0,3,100,17.3,261,17.385,78.4867
2025-06-24T06:00,23.6,81,24.8,1.6,1.6,61,100,18.6,261,17.385,78.4867
2025-06-24T07:00,23.4,85,24.7,2.0,2.0,61,100,19.3,259,17.385,78.4867
2025-06-24T08:00,23.8,84,25.5,0.6,0.6,53,100,17.9,257,17.385,78.4867
2025-06-24T09:00,24.1,83,25.7,0.7,0.7,53,100,18.9,256,17.385,78.4867
2025-06-24T10:00,26.1,76,28.3,0.4,0.4,51,100,16.3,263,17.385,78.4867
2025-06-24T11:00,27.4,67,28.2,0.2,0.2,51,100,23.2,264,17.385,78.4867
2025-06-24T12:00,28.8,61,29.9,0.1,0.1,51,100,23.8,266,17.385,78.4867
2025-06-24T13:00,29.4,58,30.3,0.0,0.0,3,100,20.9,266,17.385,78.4867
2025-06-24T14:00,29.1,60,30.6,0.0,0.0,3,100,17.6,269,17.385,78.4867
2025-06-24T15:00,29.2,61,31.1,0.0,0.0,3,100,16.6,268,17.385,78.4867
2025-06-24T16:00,28.4,67,30.8,0.1,0.1,51,100,15.9,260,17.385,78.4867
2025-06-24T17:00,24.8,84,27.4,5.5,5.5,63,100,15.9,261,17.385,78.4867
2025-06-24T18:00,25.8,77,27.7,1.2,1.2,55,100,18.2,256,17.385,78.4867
2025-06-24T19:00,25.9,76,27.6,0.0,0.0,3,100,19.3,249,17.385,78.4867
2025-06-24T20:00,25.5,76,26.9,0.0,0.0,3,100,20.1,255,17.385,78.4867
2025-06-24T21:00,25.3,77,26.9,0.0,0.0,3,100,18.7,256,17.385,78.4867
2025-06-24T22:00,25.2,78,27.2,0.0,0.0,3,100,16.9,253,17.385,78.4867
2025-06-24T23:00,25.1,76,26.6,0.0,0.0,3,100,17.7,258,17.385,78.4867
2025-06-25T00:00,25.0,74,26.3,0.0,0.0,3,100,17.1,262,17.385,78.4867
2025-06-25T01:00,24.7,74,26.1,0.0,0.0,3,100,15.5,265,17.385,78.4867
2025-06-25T02:00,24.3,76,25.9,0.0,0.0,3,100,15.0,267,17.385,78.4867
2025-06-25T03:00,24.0,80,25.9,0.0,0.0,3,100,14.5,265,17.385,78.4867
2025-06-25T04:00,23.8,81,25.8,0.0,0.0,3,100,14.4,269,17.385,78.4867
2025-06-25T05:00,23.7,82,25.5,0.0,0.0,3,100,14.6,267,17.385,78.4867
2025-06-25T06:00,24.3,80,26.5,0.0,0.0,3,100,13.3,270,17.385,78.4867
2025-06-25T07:00,24.9,78,27.3,0.0,0.0,3,100,13.0,268,17.385,78.4867
2025-06-25T08:00,25.6,76,27.4,0.3,0.3,51,100,17.5,269,17.385,78.4867
2025-06-25T09:00,25.6,77,27.5,0.9,0.9,53,100,17.8,269,17.385,78.4867
2025-06-25T10:00,26.0,76,28.6,1.7,1.7,61,100,13.2,266,17.385,78.4867
2025-06-25T11:00,27.0,70,29.4,1.0,1.0,55,100,13.7,271,17.385,78.4867
2025-06-25T12:00,28.8,64,30.9,0.0,0.0,3,100,15.7,261,17.385,78.4867
2025-06-25T13:00,28.6,64,31.2,0.1,0.1,51,100,12.8,273,17.385,78.4867
2025-06-25T14:00,28.0,66,30.1,0.6,0.6,53,100,14.9,269,17.385,78.4867
2025-06-25T15:00,27.9,69,31.2,0.9,0.9,53,100,9.6,287,17.385,78.4867
2025-06-25T16:00,28.9,60,30.0,0.0,0.0,3,100,19.4,257,17.385,78.4867
2025-06-25T17:00,27.1,68,29.2,0.0,0.0,3,100,14.9,251,17.385,78.4867
2025-06-25T18:00,27.3,69,29.3,0.0,0.0,3,100,16.6,249,17.385,78.4867
2025-06-25T19:00,26.4,73,28.5,0.3,0.3,51,100,16.1,257,17.385,78.4867
2025-06-25T20:00,26.4,71,28.5,0.1,0.1,51,100,15.0,254,17.385,78.4867
2025-06-25T21:00,25.7,73,27.7,0.0,0.0,3,100,14.7,252,17.385,78.4867
2025-06-25T22:00,24.8,79,27.1,0.3,0.3,51,100,14.0,254,17.385,78.4867
2025-06-25T23:00,23.9,85,26.2,1.0,1.0,55,100,15.4,254,17.385,78.4867
2025-06-26T00:00,23.6,88,25.8,0.8,0.8,53,100,16.5,256,17.385,78.4867
2025-06-26T01:00,23.5,89,25.7,0.1,0.1,51,100,16.5,259,17.385,78.4867
2025-06-26T02:00,23.4,89,25.6,0.4,0.4,51,100,16.4,262,17.385,78.4867
2025-06-26T03:00,23.2,91,25.6,1.9,1.9,61,100,16.3,263,17.385,78.4867
2025-06-26T04:00,23.0,93,25.5,3.0,3.0,63,100,15.3,261,17.385,78.4867
2025-06-26T05:00,22.8,93,25.2,3.0,3.0,63,100,16.0,259,17.385,78.4867
2025-06-26T06:00,23.7,88,26.2,0.0,0.0,3,100,14.8,264,17.385,78.4867
2025-06-26T07:00,24.1,86,26.8,0.0,0.0,3,100,13.8,262,17.385,78.4867
2025-06-26T08:00,25.0,81,27.2,0.0,0.0,3,100,16.8,265,17.385,78.4867
2025-06-26T09:00,26.3,74,28.1,0.2,0.2,51,100,18.2,266,17.385,78.4867
2025-06-26T10:00,27.3,69,29.3,0.3,0.3,51,100,16.2,267,17.385,78.4867
2025-06-26T11:00,27.4,65,29.2,0.0,0.0,3,100,15.3,270,17.385,78.4867
2025-06-26T12:00,28.2,64,30.2,0.1,0.1,51,100,15.3,268,17.385,78.4867
2025-06-26T13:00,29.0,61,31.2,0.0,0.0,3,100,15.7,261,17.385,78.4867
2025-06-26T14:00,29.5,58,31.7,0.0,0.0,3,100,15.4,259,17.385,78.4867
2025-06-26T15:00,29.7,55,31.3,0.0,0.0,3,100,14.7,264,17.385,78.4867
2025-06-26T16:00,30.0,54,31.4,0.0,0.0,3,100,14.6,265,17.385,78.4867
2025-06-26T17:00,29.8,54,31.0,0.0,0.0,3,100,16.0,263,17.385,78.4867
2025-06-26T18:00,27.8,67,30.6,0.0,0.0,3,100,10.9,278,17.385,78.4867
2025-06-26T19:00,27.1,69,29.5,0.0,0.0,3,100,12.7,263,17.385,78.4867
2025-06-26T20:00,26.5,72,29.3,0.0,0.0,3,100,10.1,260,17.385,78.4867
2025-06-26T21:00,26.1,73,28.9,0.0,0.0,3,100,10.8,249,17.385,78.4867
2025-06-26T22:00,25.8,75,28.6,0.0,0.0,3,100,10.4,244,17.385,78.4867
2025-06-26T23:00,25.7,74,28.0,0.0,0.0,3,99,13.2,248,17.385,78.4867
2025-06-27T00:00,25.3,74,27.3,0.0,0.0,3,100,14.4,247,17.385,78.4867
2025-06-27T01:00,24.7,77,26.5,0.0,0.0,3,100,15.1,248,17.385,78.4867
2025-06-27T02:00,24.2,79,26.0,0.0,0.0,3,97,15.3,250,17.385,78.4867
2025-06-27T03:00,23.8,81,25.6,0.0,0.0,3,96,15.4,252,17.385,78.4867
2025-06-27T04:00,23.5,82,25.3,0.0,0.0,3,99,14.4,252,17.385,78.4867
2025-06-27T05:00,23.3,83,25.1,0.0,0.0,3,100,14.7,252,17.385,78.4867
2025-06-27T06:00,23.5,83,25.5,0.0,0.0,3,100,14.0,247,17.385,78.4867
2025-06-27T07:00,24.1,81,26.3,0.0,0.0,3,100,13.8,244,17.385,78.4867
2025-06-27T08:00,25.0,76,26.4,0.0,0.0,3,100,18.2,250,17.385,78.4867
2025-06-27T09:00,26.1,69,27.2,0.0,0.0,3,100,18.7,252,17.385,78.4867
2025-06-27T10:00,28.1,59,28.6,0.0,0.0,3,97,20.3,257,17.385,78.4867
2025-06-27T11:00,29.3,55,30.5,0.0,0.0,3,98,19.8,260,17.385,78.4867
2025-06-27T12:00,29.6,56,31.4,0.1,0.1,51,75,16.3,249,17.385,78.4867
2025-06-27T13:00,29.5,60,32.4,0.7,0.7,53,96,13.7,256,17.385,78.4867
2025-06-27T14:00,30.4,57,33.0,0.7,0.7,53,85,18.5,233,17.385,78.4867
2025-06-27T15:00,28.8,66,31.7,0.1,0.1,51,96,12.9,263,17.385,78.4867
2025-06-27T16:00,27.8,72,31.1,0.0,0.0,3,99,11.7,255,17.385,78.4867
2025-06-27T17:00,28.7,66,31.7,0.0,0.0,1,21,12.0,252,17.385,78.4867
2025-06-27T18:00,28.8,63,31.6,0.0,0.0,3,81,11.4,252,17.385,78.4867
2025-06-27T19:00,28.2,65,31.0,0.0,0.0,1,37,10.2,252,17.385,78.4867
2025-06-27T20:00,27.7,64,30.0,0.0,0.0,1,45,11.6,244,17.385,78.4867
2025-06-27T21:00,27.2,65,29.2,0.0,0.0,0,7,12.7,247,17.385,78.4867
2025-06-27T22:00,26.7,66,28.5,0.0,0.0,0,15,13.2,253,17.385,78.4867
2025-06-27T23:00,26.4,67,28.0,0.0,0.0,0,14,14.3,251,17.385,78.4867
2025-06-28T00:00,25.9,70,27.6,0.0,0.0,1,28,15.2,251,17.385,78.4867
2025-06-28T01:00,25.4,74,27.2,0.0,0.0,3,97,15.2,257,17.385,78.4867
2025-06-28T02:00,24.8,77,26.5,0.0,0.0,3,82,15.9,258,17.385,78.4867
2025-06-28T03:00,24.2,79,26.0,0.0,0.0,2,56,15.3,258,17.385,78.4867
2025-06-28T04:00,23.8,82,25.7,0.0,0.0,2,72,15.3,261,17.385,78.4867
2025-06-28T05:00,23.4,83,25.2,0.0,0.0,3,99,15.6,263,17.385,78.4867
2025-06-28T06:00,24.2,81,25.9,0.0,0.0,3,100,16.8,266,17.385,78.4867
2025-06-28T07:00,24.6,79,26.1,0.0,0.0,3,100,17.8,269,17.385,78.4867
2025-06-28T08:00,25.4,73,26.3,0.0,0.0,3,100,20.9,269,17.385,78.4867
2025-06-28T09:00,27.4,64,27.8,0.0,0.0,3,100,23.0,269,17.385,78.4867
2025-06-28T10:00,28.3,60,28.8,0.0,0.0,3,100,22.0,268,17.385,78.4867
2025-06-28T11:00,29.6,54,30.3,0.0,0.0,3,100,21.2,269,17.385,78.4867
2025-06-28T12:00,30.4,52,30.8,0.0,0.0,3,100,20.9,270,17.385,78.4867
2025-06-28T13:00,30.9,50,31.6,0.0,0.0,3,100,18.9,268,17.385,78.4867
2025-06-28T14:00,31.8,48,34.1,0.0,0.0,3,100,17.3,266,17.385,78.4867
2025-06-28T15:00,32.0,47,33.5,0.0,0.0,2,74,17.4,262,17.385,78.4867
2025-06-28T16:00,31.8,48,33.0,0.0,0.0,3,81,16.1,260,17.385,78.4867
2025-06-28T17:00,30.5,53,32.3,0.3,0.3,51,97,13.3,268,17.385,78.4867
2025-06-28T18:00,30.1,51,31.7,0.0,0.0,3,81,12.3,267,17.385,78.4867
2025-06-28T19:00,28.8,57,31.0,0.0,0.0,3,100,9.0,267,17.385,78.4867
2025-06-28T20:00,28.0,60,30.3,0.0,0.0,3,99,9.0,247,17.385,78.4867
2025-06-28T21:00,27.4,61,29.4,0.0,0.0,3,98,10.0,261,17.385,78.4867
2025-06-28T22:00,26.9,63,28.7,0.0,0.0,3,100,11.1,263,17.385,78.4867
2025-06-28T23:00,26.3,64,27.9,0.0,0.0,2,72,11.3,263,17.385,78.4867
2025-06-29T00:00,26.0,64,27.0,0.0,0.0,3,94,14.7,258,17.385,78.4867
2025-06-29T01:00,25.4,67,26.3,0.0,0.0,3,98,16.1,260,17.385,78.4867
2025-06-29T02:00,24.9,71,25.8,0.0,0.0,3,100,16.9,258,17.385,78.4867
2025-06-29T03:00,24.3,74,25.4,0.0,0.0,3,94,17.1,258,17.385,78.4867
2025-06-29T04:00,24.0,76,25.3,0.0,0.0,3,94,16.5,254,17.385,78.4867
2025-06-29T05:00,23.8,78,25.1,0.0,0.0,3,100,16.2,255,17.385,78.4867
2025-06-29T06:00,24.4,77,25.7,0.0,0.0,3,100,17.6,262,17.385,78.4867
2025-06-29T07:00,25.0,75,26.7,0.0,0.0,3,99,15.3,261,17.385,78.4867
2025-06-29T08:00,25.8,71,26.9,0.0,0.0,3,100,18.9,261,17.385,78.4867
2025-06-29T09:00,27.2,63,27.4,0.0,0.0,3,100,23.0,270,17.385,78.4867
2025-06-29T10:00,28.3,58,28.5,0.0,0.0,3,100,22.3,271,17.385,78.4867
2025-06-29T11:00,29.7,52,30.2,0.0,0.0,3,100,23.3,273,17.385,78.4867
2025-06-29T12:00,30.8,47,31.4,0.1,0.1,51,98,21.9,276,17.385,78.4867
2025-06-29T13:00,31.7,44,32.6,0.0,0.0,1,44,21.6,270,17.385,78.4867
2025-06-29T14:00,32.0,42,32.6,0.0,0.0,0,19,20.9,271,17.385,78.4867
2025-06-29T15:00,31.9,43,32.5,0.0,0.0,1,31,19.5,274,17.385,78.4867
2025-06-29T16:00,30.3,48,30.1,0.4,0.4,51,78,21.6,274,17.385,78.4867
2025-06-29T17:00,28.6,59,30.1,0.2,0.2,51,99,14.3,249,17.385,78.4867
2025-06-29T18:00,26.9,65,28.2,0.0,0.0,3,100,17.2,284,17.385,78.4867
2025-06-29T19:00,25.4,75,27.6,0.2,0.2,51,100,12.8,272,17.385,78.4867
2025-06-29T20:00,25.3,74,27.1,0.0,0.0,3,100,14.6,269,17.385,78.4867
2025-06-29T21:00,24.4,77,26.1,0.4,0.4,51,100,14.9,269,17.385,78.4867
2025-06-29T22:00,24.5,78,26.2,0.2,0.2,51,100,16.4,269,17.385,78.4867
2025-06-29T23:00,24.8,77,26.6,0.0,0.0,3,100,15.7,267,17.385,78.4867
2025-06-30T00:00,24.9,77,26.9,0.0,0.0,3,100,14.4,261,17.385,78.4867
2025-06-30T01:00,24.8,77,26.6,0.0,0.0,3,100,15.5,261,17.385,78.4867
2025-06-30T02:00,24.6,75,25.9,0.0,0.0,3,100,17.1,262,17.385,78.4867
2025-06-30T03:00,24.3,76,25.6,0.0,0.0,3,99,16.4,262,17.385,78.4867
2025-06-30T04:00,23.8,78,25.2,0.0,0.0,3,100,15.9,265,17.385,78.4867
2025-06-30T05:00,23.6,80,25.1,0.0,0.0,3,100,15.7,264,17.385,78.4867
2025-06-30T06:00,24.1,76,25.2,0.0,0.0,3,100,17.2,265,17.385,78.4867
2025-06-30T07:00,24.4,75,26.0,0.0,0.0,3,100,14.5,263,17.385,78.4867
2025-06-30T08:00,25.0,74,26.6,0.0,0.0,3,100,15.6,262,17.385,78.4867
2025-06-30T09:00,26.7,66,26.9,0.0,0.0,3,100,24.1,267,17.385,78.4867
2025-06-30T10:00,26.8,67,27.2,0.0,0.0,3,100,23.8,270,17.385,78.4867
2025-06-30T11:00,28.7,59,29.5,0.0,0.0,3,98,21.8,268,17.385,78.4867
2025-06-30T12:00,29.6,57,31.3,0.0,0.0,3,99,19.3,269,17.385,78.4867
2025-06-30T13:00,30.6,54,32.8,0.0,0.0,3,100,19.9,264,17.385,78.4867
2025-06-30T14:00,28.8,61,30.2,0.2,0.2,51,100,18.2,250,17.385,78.4867
2025-06-30T15:00,28.6,62,30.5,0.0,0.0,3,100,15.8,259,17.385,78.4867
2025-06-30T16:00,24.6,83,27.3,2.8,2.8,63,100,12.6,290,17.385,78.4867
2025-06-30T17:00,24.2,87,26.7,1.9,1.9,61,100,16.1,281,17.385,78.4867
2025-06-30T18:00,25.4,80,28.2,0.1,0.1,51,100,13.0,270,17.385,78.4867
2025-06-30T19:00,24.2,83,26.5,0.4,0.4,51,100,14.8,269,17.385,78.4867
2025-06-30T20:00,23.8,84,25.9,0.5,0.5,53,100,14.8,269,17.385,78.4867
2025-06-30T21:00,23.5,86,25.5,0.5,0.5,53,100,16.3,263,17.385,78.4867
2025-06-30T22:00,23.4,87,25.0,1.1,1.1,55,100,18.8,263,17.385,78.4867
2025-06-30T23:00,23.1,90,25.0,1.2,1.2,55,100,17.4,262,17.385,78.4867
2025-07-01T00:00,23.1,90,25.1,0.4,0.4,51,100,17.8,264,17.385,78.4867
2025-07-01T01:00,22.9,91,24.8,1.1,1.1,55,100,18.8,261,17.385,78.4867
2025-07-01T02:00,22.8,91,24.5,0.4,0.4,51,100,19.1,265,17.385,78.4867
2025-07-01T03:00,22.8,91,24.6,0.3,0.3,51,100,18.4,269,17.385,78.4867
2025-07-01T04:00,22.8,91,24.7,0.4,0.4,51,100,17.6,264,17.385,78.4867
2025-07-01T05:00,22.7,92,24.5,0.6,0.6,53,100,18.0,267,17.385,78.4867
2025-07-01T06:00,23.5,89,25.4,0.0,0.0,3,100,18.4,266,17.385,78.4867
2025-07-01T07:00,24.0,86,25.9,0.0,0.0,3,100,18.4,269,17.385,78.4867
2025-07-01T08:00,24.2,86,26.8,0.1,0.1,51,100,14.8,264,17.385,78.4867
2025-07-01T09:00,24.7,84,27.2,0.2,0.2,51,100,16.2,262,17.385,78.4867
2025-07-01T10:00,25.7,78,27.5,0.2,0.2,51,100,19.1,267,17.385,78.4867
2025-07-01T11:00,25.8,77,27.9,0.1,0.1,51,100,16.6,266,17.385,78.4867
2025-07-01T12:00,26.3,74,28.5,0.0,0.0,3,100,16.0,269,17.385,78.4867
2025-07-01T13:00,28.0,69,30.4,0.0,0.0,3,100,17.6,271,17.385,78.4867
2025-07-01T14:00,27.4,69,29.4,0.3,0.3,51,100,17.5,266,17.385,78.4867
2025-07-01T15:00,27.9,68,30.0,0.0,0.0,3,100,17.1,262,17.385,78.4867
2025-07-01T16:00,25.5,77,27.3,1.8,1.8,61,100,18.0,295,17.385,78.4867
2025-07-01T17:00,25.0,83,27.4,0.5,0.5,53,100,17.4,277,17.385,78.4867
2025-07-01T18:00,25.0,81,27.5,0.1,0.1,51,100,14.4,271,17.385,78.4867
2025-07-01T19:00,23.9,85,25.8,1.3,1.3,61,100,18.2,268,17.385,78.4867
2025-07-01T20:00,23.8,83,25.3,0.4,0.4,51,100,18.7,278,17.385,78.4867
2025-07-01T21:00,23.6,85,25.1,0.6,0.6,53,100,18.8,279,17.385,78.4867
2025-07-01T22:00,23.4,85,25.0,0.7,0.7,53,100,18.0,273,17.385,78.4867
2025-07-01T23:00,23.4,86,25.3,0.1,0.1,51,100,16.3,276,17.385,78.4867
2025-07-02T00:00,23.3,91,25.8,0.6,0.6,53,100,15.3,267,17.385,78.4867
2025-07-02T01:00,23.2,93,26.1,0.2,0.2,51,100,13.9,271,17.385,78.4867
2025-07-02T02:00,22.9,95,25.7,0.3,0.3,51,100,14.4,269,17.385,78.4867
2025-07-02T03:00,22.8,94,25.4,0.4,0.4,51,100,14.4,269,17.385,78.4867
2025-07-02T04:00,22.7,94,25.3,0.3,0.3,51,100,13.9,271,17.385,78.4867
2025-07-02T05:00,22.7,94,25.3,0.2,0.2,51,100,13.9,269,17.385,78.4867
2025-07-02T06:00,23.1,90,25.4,0.1,0.1,51,100,15.3,266,17.385,78.4867
2025-07-02T07:00,23.8,88,26.6,0.0,0.0,3,100,13.2,268,17.385,78.4867
2025-07-02T08:00,23.9,86,26.2,0.1,0.1,51,100,15.7,267,17.385,78.4867
2025-07-02T09:00,24.4,88,27.8,0.5,0.5,53,100,10.8,268,17.385,78.4867
2025-07-02T10:00,24.7,87,28.2,0.3,0.3,51,100,10.5,265,17.385,78.4867
2025-07-02T11:00,25.4,84,28.8,0.5,0.5,53,100,11.8,259,17.385,78.4867
2025-07-02T12:00,25.8,82,29.2,0.6,0.6,53,100,11.3,268,17.385,78.4867
2025-07-02T13:00,26.0,81,29.4,0.6,0.6,53,100,11.1,261,17.385,78.4867
2025-07-02T14:00,26.3,77,29.3,0.2,0.2,51,100,12.7,257,17.385,78.4867
2025-07-02T15:00,27.1,73,30.0,0.0,0.0,3,100,12.2,250,17.385,78.4867
2025-07-02T16:00,27.2,72,30.0,0.0,0.0,3,100,13.0,259,17.385,78.4867
2025-07-02T17:00,27.8,70,30.7,0.0,0.0,3,100,12.4,261,17.385,78.4867
2025-07-02T18:00,25.3,80,28.3,0.0,0.0,3,100,11.6,254,17.385,78.4867
2025-07-02T19:00,25.1,81,28.0,0.0,0.0,3,100,12.5,247,17.385,78.4867
2025-07-02T20:00,24.8,82,27.5,0.0,0.0,3,100,12.8,248,17.385,78.4867
2025-07-02T21:00,24.4,84,27.1,0.0,0.0,3,100,13.9,243,17.385,78.4867
2025-07-02T22:00,24.4,85,27.1,0.0,0.0,3,100,14.3,246,17.385,78.4867
2025-07-02T23:00,24.3,84,26.7,0.0,0.0,3,100,15.2,254,17.385,78.4867
2025-07-03T00:00,24.1,84,26.3,0.0,0.0,3,100,14.9,253,17.385,78.4867
2025-07-03T01:00,23.9,84,26.1,0.0,0.0,3,100,14.5,251,17.385,78.4867
2025-07-03T02:00,23.7,84,25.7,0.0,0.0,3,100,15.4,254,17.385,78.4867
2025-07-03T03:00,23.7,83,25.5,0.0,0.0,3,100,16.1,256,17.385,78.4867
2025-07-03T04:00,23.6,83,25.4,0.0,0.0,3,100,15.7,257,17.385,78.4867
2025-07-03T05:00,23.4,85,25.2,0.0,0.0,3,100,15.7,257,17.385,78.4867
2025-07-03T06:00,23.7,83,25.5,0.0,0.0,3,100,16.0,259,17.385,78.4867
2025-07-03T07:00,24.3,82,26.6,0.0,0.0,3,100,13.3,257,17.385,78.4867
2025-07-03T08:00,24.9,80,26.8,0.7,0.7,53,100,17.1,261,17.385,78.4867
2025-07-03T09:00,25.1,79,26.8,0.0,0.0,3,100,18.4,266,17.385,78.4867
2025-07-03T10:00,26.7,70,28.3,0.0,0.0,3,98,18.0,271,17.385,78.4867
2025-07-03T11:00,27.7,67,29.9,0.0,0.0,3,100,20.0,269,17.385,78.4867
2025-07-03T12:00,26.6,72,28.5,0.0,0.0,3,100,17.0,263,17.385,78.4867
2025-07-03T13:00,26.4,76,29.2,0.3,0.3,51,100,13.4,258,17.385,78.4867
2025-07-03T14:00,26.5,75,29.5,0.4,0.4,51,100,12.3,249,17.385,78.4867
2025-07-03T15:00,27.6,70,30.5,0.1,0.1,51,100,11.6,237,17.385,78.4867
2025-07-03T16:00,24.8,82,27.9,0.2,0.2,51,100,10.7,245,17.385,78.4867
2025-07-03T17:00,24.9,86,27.8,0.1,0.1,51,100,14.9,251,17.385,78.4867
2025-07-03T18:00,26.0,75,28.3,0.0,0.0,3,100,14.6,252,17.385,78.4867
2025-07-03T19:00,25.7,75,28.0,0.0,0.0,3,100,13.6,258,17.385,78.4867
2025-07-03T20:00,25.8,73,27.8,0.0,0.0,3,100,14.4,257,17.385,78.4867
2025-07-03T21:00,25.9,71,27.6,0.0,0.0,3,100,15.7,257,17.385,78.4867
2025-07-03T22:00,25.6,72,27.4,0.0,0.0,3,100,14.7,259,17.385,78.4867
2025-07-03T23:00,25.2,74,26.8,0.0,0.0,3,100,15.6,258,17.385,78.4867
2025-07-04T00:00,24.9,76,26.3,0.0,0.0,3,100,17.7,258,17.385,78.4867
2025-07-04T01:00,24.4,78,25.7,0.0,0.0,3,100,18.6,255,17.385,78.4867
2025-07-04T02:00,24.0,80,25.4,0.0,0.0,3,100,18.5,257,17.385,78.4867
2025-07-04T03:00,23.7,83,25.1,0.0,0.0,3,100,18.4,258,17.385,78.4867
2025-07-04T04:00,23.6,83,25.1,0.0,0.0,3,100,17.9,257,17.385,78.4867
2025-07-04T05:00,23.5,83,24.9,0.0,0.0,3,100,18.3,257,17.385,78.4867
2025-07-04T06:00,23.8,82,25.3,0.0,0.0,3,100,17.3,253,17.385,78.4867
2025-07-04T07:00,24.4,81,26.4,0.0,0.0,3,100,15.1,255,17.385,78.4867
2025-07-04T08:00,25.4,75,26.3,0.0,0.0,3,100,22.3,259,17.385,78.4867
2025-07-04T09:00,26.3,70,27.0,0.0,0.0,3,100,23.5,264,17.385,78.4867
2025-07-04T10:00,27.3,67,28.1,0.0,0.0,3,100,22.9,266,17.385,78.4867
2025-07-04T11:00,28.5,62,29.7,0.0,0.0,3,98,21.8,270,17.385,78.4867
2025-07-04T12:00,28.4,65,30.5,0.2,0.2,51,60,16.9,267,17.385,78.4867
2025-07-04T13:00,29.9,59,32.9,0.1,0.1,51,100,17.4,265,17.385,78.4867
2025-07-04T14:00,26.4,78,29.8,4.3,4.3,63,99,11.2,246,17.385,78.4867
2025-07-04T15:00,26.6,82,30.7,6.7,6.7,63,100,10.5,262,17.385,78.4867
2025-07-04T16:00,27.2,75,30.1,0.2,0.2,51,100,15.1,261,17.385,78.4867
2025-07-04T17:00,27.9,69,30.4,0.0,0.0,3,100,14.9,263,17.385,78.4867
2025-07-04T18:00,26.9,73,29.7,0.0,0.0,3,100,13.3,271,17.385,78.4867
2025-07-04T19:00,26.6,74,29.0,0.0,0.0,3,100,14.7,264,17.385,78.4867
2025-07-04T20:00,25.7,78,28.6,0.0,0.0,3,100,11.9,252,17.385,78.4867
2025-07-04T21:00,25.4,79,28.1,0.0,0.0,3,100,12.8,248,17.385,78.4867
2025-07-04T22:00,25.4,77,27.6,0.0,0.0,3,100,14.9,250,17.385,78.4867
2025-07-04T23:00,25.3,76,26.9,0.0,0.0,3,100,17.6,255,17.385,78.4867
2025-07-05T00:00,25.0,77,26.6,0.0,0.0,3,100,17.6,256,17.385,78.4867
2025-07-05T01:00,24.6,79,26.4,0.0,0.0,3,100,16.8,255,17.385,78.4867
2025-07-05T02:00,24.4,81,26.2,0.0,0.0,3,100,17.1,256,17.385,78.4867
2025-07-05T03:00,24.2,82,26.1,0.0,0.0,3,100,16.7,262,17.385,78.4867
2025-07-05T04:00,24.1,82,25.7,0.0,0.0,3,100,17.8,264,17.385,78.4867
2025-07-05T05:00,23.9,82,25.5,0.0,0.0,3,100,17.5,265,17.385,78.4867
2025-07-05T06:00,24.1,80,25.6,0.0,0.0,3,100,18.1,265,17.385,78.4867
2025-07-05T07:00,24.5,78,26.0,0.0,0.0,3,100,17.7,265,17.385,78.4867
2025-07-05T08:00,25.2,75,25.8,0.0,0.0,3,100,23.3,264,17.385,78.4867
2025-07-05T09:00,25.7,73,26.7,0.0,0.0,3,95,21.5,265,17.385,78.4867
2025-07-05T10:00,27.7,64,28.5,0.0,0.0,2,67,22.2,265,17.385,78.4867
2025-07-05T11:00,28.5,62,30.0,0.1,0.1,51,68,21.2,263,17.385,78.4867
2025-07-05T12:00,29.3,60,31.8,0.1,0.1,51,100,20.4,266,17.385,78.4867
2025-07-05T13:00,29.9,60,32.9,0.0,0.0,3,84,18.9,272,17.385,78.4867
2025-07-05T14:00,29.8,59,32.3,0.3,0.3,51,83,20.1,255,17.385,78.4867
2025-07-05T15:00,29.2,63,31.8,0.0,0.0,3,100,17.3,269,17.385,78.4867
2025-07-05T16:00,26.0,81,29.2,2.0,2.0,61,99,13.1,257,17.385,78.4867
2025-07-05T17:00,27.2,75,30.4,0.0,0.0,3,100,13.3,252,17.385,78.4867
2025-07-05T18:00,26.6,77,29.1,0.1,0.1,51,100,17.2,259,17.385,78.4867
2025-07-05T19:00,25.0,82,27.4,0.1,0.1,51,100,16.2,262,17.385,78.4867
2025-07-05T20:00,24.7,82,27.0,0.2,0.2,51,100,16.2,267,17.385,78.4867
2025-07-05T21:00,24.8,81,26.9,0.0,0.0,3,100,16.1,266,17.385,78.4867
2025-07-05T22:00,24.9,78,26.5,0.0,0.0,3,100,17.6,262,17.385,78.4867
2025-07-05T23:00,24.7,76,25.8,0.0,0.0,3,100,19.1,259,17.385,78.4867
2025-07-06T00:00,24.4,76,25.6,0.0,0.0,3,100,18.1,259,17.385,78.4867
2025-07-06T01:00,24.2,77,25.3,0.0,0.0,3,100,18.3,260,17.385,78.4867
2025-07-06T02:00,23.9,79,25.0,0.0,0.0,3,100,19.6,263,17.385,78.4867
2025-07-06T03:00,23.7,81,24.7,0.0,0.0,3,100,20.0,265,17.385,78.4867
2025-07-06T04:00,23.5,82,24.6,0.0,0.0,3,100,19.1,265,17.385,78.4867
2025-07-06T05:00,23.4,83,24.7,0.0,0.0,3,100,18.6,266,17.385,78.4867
2025-07-06T06:00,24.0,79,25.3,0.0,0.0,3,100,17.9,267,17.385,78.4867
2025-07-06T07:00,24.4,78,25.7,0.0,0.0,3,100,18.0,267,17.385,78.4867
2025-07-06T08:00,24.9,77,26.7,0.0,0.0,3,100,16.2,262,17.385,78.4867
2025-07-06T09:00,26.1,70,26.8,0.0,0.0,3,100,22.3,269,17.385,78.4867
2025-07-06T10:00,27.6,63,28.0,0.0,0.0,3,100,22.9,270,17.385,78.4867
2025-07-06T11:00,28.4,59,29.0,0.0,0.0,3,94,21.3,272,17.385,78.4867
2025-07-06T12:00,29.6,55,30.9,0.1,0.1,51,32,22.6,275,17.385,78.4867
2025-07-06T13:00,30.6,54,32.8,0.0,0.0,3,91,21.5,273,17.385,78.4867
2025-07-06T14:00,30.8,54,32.8,0.0,0.0,3,97,20.7,272,17.385,78.4867
2025-07-06T15:00,30.5,55,32.6,0.0,0.0,3,100,15.5,274,17.385,78.4867
2025-07-06T16:00,27.4,72,30.7,1.7,1.7,61,100,10.1,317,17.385,78.4867
2025-07-06T17:00,28.4,66,31.3,0.6,0.6,53,100,11.7,245,17.385,78.4867
2025-07-06T18:00,28.2,61,30.0,0.0,0.0,3,100,14.0,261,17.385,78.4867
2025-07-06T19:00,27.3,66,29.4,0.0,0.0,3,100,13.1,254,17.385,78.4867
2025-07-06T20:00,27.0,67,28.9,0.0,0.0,3,100,14.7,251,17.385,78.4867
2025-07-06T21:00,27.1,64,28.4,0.0,0.0,3,100,16.3,253,17.385,78.4867
2025-07-06T22:00,26.7,65,27.6,0.0,0.0,3,100,18.4,259,17.385,78.4867
2025-07-06T23:00,26.1,68,27.0,0.0,0.0,3,100,19.7,258,17.385,78.4867
2025-07-07T00:00,25.4,72,26.3,0.0,0.0,3,100,19.8,258,17.385,78.4867
2025-07-07T01:00,24.6,76,25.6,0.2,0.2,51,100,19.4,263,17.385,78.4867
2025-07-07T02:00,23.9,80,24.9,0.3,0.3,51,100,19.8,262,17.385,78.4867
2025-07-07T03:00,23.5,82,24.5,0.2,0.2,51,100,20.5,263,17.385,78.4867
2025-07-07T04:00,23.3,84,24.4,0.2,0.2,51,100,20.1,263,17.385,78.4867
2025-07-07T05:00,23.2,85,24.4,0.1,0.1,51,100,20.3,264,17.385,78.4867
2025-07-07T06:00,23.3,89,25.1,0.5,0.5,53,100,18.8,266,17.385,78.4867
2025-07-07T07:00,23.6,89,25.7,0.2,0.2,51,100,18.0,267,17.385,78.4867
2025-07-07T08:00,24.3,84,26.6,0.2,0.2,51,100,15.7,269,17.385,78.4867
2025-07-07T09:00,24.0,85,26.2,0.5,0.5,53,100,15.9,276,17.385,78.4867
2025-07-07T10:00,26.1,75,27.7,0.3,0.3,51,100,20.0,275,17.385,78.4867
2025-07-07T11:00,26.9,71,28.4,0.1,0.1,51,100,20.7,273,17.385,78.4867
2025-07-07T12:00,27.2,69,28.9,0.0,0.0,3,100,18.5,281,17.385,78.4867
2025-07-07T13:00,28.0,63,29.7,0.0,0.0,3,100,18.8,284,17.385,78.4867
2025-07-07T14:00,27.5,69,29.8,0.0,0.0,3,100,15.0,287,17.385,78.4867
2025-07-07T15:00,28.9,61,30.5,0.1,0.1,51,100,19.4,286,17.385,78.4867
2025-07-07T16:00,28.1,62,29.2,0.0,0.0,3,100,19.1,272,17.385,78.4867
2025-07-07T17:00,26.3,72,28.1,0.1,0.1,51,100,17.1,274,17.385,78.4867
2025-07-07T18:00,26.2,76,29.0,0.0,0.0,3,100,12.8,289,17.385,78.4867
2025-07-07T19:00,26.3,76,29.0,0.0,0.0,3,100,13.3,272,17.385,78.4867
2025-07-07T20:00,26.2,74,28.5,0.0,0.0,3,100,14.5,275,17.385,78.4867
2025-07-07T21:00,25.4,77,27.7,0.0,0.0,3,100,14.2,285,17.385,78.4867
2025-07-07T22:00,24.9,77,26.8,0.0,0.0,3,100,15.2,280,17.385,78.4867
2025-07-07T23:00,24.6,77,26.4,0.0,0.0,3,100,15.2,274,17.385,78.4867
2025-07-08T00:00,24.5,77,26.2,0.0,0.0,3,100,15.1,270,17.385,78.4867
2025-07-08T01:00,24.1,79,25.9,0.0,0.0,3,100,14.9,271,17.385,78.4867
2025-07-08T02:00,23.8,80,25.3,0.0,0.0,3,100,16.7,269,17.385,78.4867
2025-07-08T03:00,23.6,81,25.1,0.0,0.0,3,100,16.4,268,17.385,78.4867
2025-07-08T04:00,23.4,83,25.1,0.0,0.0,3,100,16.1,264,17.385,78.4867
2025-07-08T05:00,23.3,84,25.0,0.0,0.0,3,100,15.6,262,17.385,78.4867
2025-07-08T06:00,23.9,80,25.6,0.0,0.0,3,100,16.2,268,17.385,78.4867
2025-07-08T07:00,24.5,79,26.5,0.0,0.0,3,100,14.4,266,17.385,78.4867
2025-07-08T08:00,25.9,72,26.7,0.0,0.0,3,100,22.3,268,17.385,78.4867
2025-07-08T09:00,27.1,66,27.7,0.2,0.2,51,100,22.6,274,17.385,78.4867
2025-07-08T10:00,28.1,62,29.2,0.1,0.1,51,100,21.7,276,17.385,78.4867
2025-07-08T11:00,28.9,61,31.2,0.1,0.1,51,100,20.9,281,17.385,78.4867
2025-07-08T12:00,29.2,60,31.2,0.1,0.1,51,99,22.2,284,17.385,78.4867
2025-07-08T13:00,29.5,58,31.4,0.1,0.1,51,100,22.8,288,17.385,78.4867
2025-07-08T14:00,29.8,58,31.8,0.1,0.1,51,100,19.6,288,17.385,78.4867
2025-07-08T15:00,27.8,66,29.6,0.4,0.4,51,100,16.9,309,17.385,78.4867
2025-07-08T16:00,26.5,72,28.6,0.5,0.5,53,100,15.2,283,17.385,78.4867
2025-07-08T17:00,26.3,76,29.7,0.0,0.0,3,100,9.4,277,17.385,78.4867
2025-07-08T18:00,25.7,77,28.8,0.0,0.0,3,100,10.6,268,17.385,78.4867
2025-07-08T19:00,25.2,80,27.8,0.1,0.1,51,100,13.2,276,17.385,78.4867
2025-07-08T20:00,25.3,77,27.4,0.0,0.0,3,100,14.9,271,17.385,78.4867
2025-07-08T21:00,25.2,76,27.2,0.0,0.0,3,100,14.6,261,17.385,78.4867
2025-07-08T22:00,24.4,81,26.6,0.0,0.0,3,100,13.7,259,17.385,78.4867
2025-07-08T23:00,24.1,81,26.4,0.0,0.0,3,100,13.4,264,17.385,78.4867
2025-07-09T00:00,23.9,83,26.3,0.0,0.0,3,100,12.8,260,17.385,78.4867
2025-07-09T01:00,23.8,84,26.3,0.0,0.0,3,100,12.7,262,17.385,78.4867
2025-07-09T02:00,23.9,84,26.4,0.0,0.0,3,100,12.7,263,17.385,78.4867
2025-07-09T03:00,23.9,84,26.3,0.0,0.0,3,100,13.1,261,17.385,78.4867
2025-07-09T04:00,23.8,82,25.9,0.0,0.0,3,100,14.0,261,17.385,78.4867
2025-07-09T05:00,23.7,83,25.7,0.0,0.0,3,100,14.3,263,17.385,78.4867
2025-07-09T06:00,23.8,83,25.9,0.0,0.0,3,100,14.4,267,17.385,78.4867
2025-07-09T07:00,24.1,83,26.7,0.0,0.0,3,100,12.5,266,17.385,78.4867
2025-07-09T08:00,24.8,80,27.0,0.0,0.0,3,100,15.8,269,17.385,78.4867
2025-07-09T09:00,26.1,73,27.6,0.1,0.1,51,100,19.1,278,17.385,78.4867
2025-07-09T10:00,27.8,64,29.1,0.1,0.1,51,100,20.8,282,17.385,78.4867
2025-07-09T11:00,28.5,61,30.3,0.1,0.1,51,100,20.6,284,17.385,78.4867
2025-07-09T12:00,28.8,60,30.4,0.0,0.0,3,100,18.0,286,17.385,78.4867
2025-07-09T13:00,29.6,55,31.3,0.0,0.0,3,100,19.1,286,17.385,78.4867
2025-07-09T14:00,29.5,54,30.5,0.0,0.0,3,100,19.9,286,17.385,78.4867
2025-07-09T15:00,29.8,51,30.5,0.0,0.0,3,100,18.2,286,17.385,78.4867
2025-07-09T16:00,29.9,53,30.7,0.1,0.1,51,100,17.7,287,17.385,78.4867
2025-07-09T17:00,29.8,52,30.7,0.0,0.0,3,100,16.4,285,17.385,78.4867
2025-07-09T18:00,26.9,70,29.9,0.0,0.0,3,100,8.6,311,17.385,78.4867
2025-07-09T19:00,25.6,77,28.3,0.1,0.1,51,100,12.7,308,17.385,78.4867
2025-07-09T20:00,24.6,82,27.4,0.1,0.1,51,100,11.7,291,17.385,78.4867
2025-07-09T21:00,24.1,85,27.3,0.0,0.0,3,100,9.7,281,17.385,78.4867
2025-07-09T22:00,24.0,87,27.3,0.0,0.0,3,100,9.0,275,17.385,78.4867
2025-07-09T23:00,23.9,87,27.2,0.0,0.0,3,100,9.7,274,17.385,78.4867
2025-07-10T00:00,23.8,86,26.7,0.0,0.0,3,100,11.2,285,17.385,78.4867
2025-07-10T01:00,23.5,88,26.5,0.0,0.0,3,100,10.7,277,17.385,78.4867
2025-07-10T02:00,23.4,88,26.3,0.0,0.0,3,100,11.0,271,17.385,78.4867
2025-07-10T03:00,23.3,88,26.1,0.0,0.0,3,100,11.5,267,17.385,78.4867
2025-07-10T04:00,23.1,88,25.7,0.0,0.0,3,100,12.1,265,17.385,78.4867
2025-07-10T05:00,22.9,89,25.4,0.0,0.0,3,100,12.8,265,17.385,78.4867
2025-07-10T06:00,23.6,87,26.4,0.0,0.0,3,100,12.6,271,17.385,78.4867
2025-07-10T07:00,24.3,84,26.8,0.0,0.0,3,100,13.6,275,17.385,78.4867
2025-07-10T08:00,25.8,75,27.7,0.2,0.2,51,100,16.8,288,17.385,78.4867
2025-07-10T09:00,26.8,69,28.6,0.1,0.1,51,100,16.3,299,17.385,78.4867
2025-07-10T10:00,28.5,61,31.1,0.0,0.0,3,100,15.1,305,17.385,78.4867
2025-07-10T11:00,29.5,56,32.5,0.0,0.0,3,100,15.1,310,17.385,78.4867
2025-07-10T12:00,30.4,52,33.5,0.0,0.0,3,99,15.5,310,17.385,78.4867
2025-07-10T13:00,30.9,49,33.8,0.0,0.0,3,100,15.4,306,17.385,78.4867
2025-07-10T14:00,31.4,47,33.7,0.1,0.1,51,99,15.9,309,17.385,78.4867
2025-07-10T15:00,31.3,47,32.6,0.1,0.1,51,100,15.6,308,17.385,78.4867
2025-07-10T16:00,31.0,48,31.9,0.1,0.1,51,99,14.8,303,17.385,78.4867
2025-07-10T17:00,30.1,52,31.3,0.1,0.1,51,99,14.6,315,17.385,78.4867
2025-07-10T18:00,28.5,60,31.1,0.0,0.0,3,91,7.9,336,17.385,78.4867
2025-07-10T19:00,27.7,65,30.9,0.0,0.0,3,100,5.5,347,17.385,78.4867
2025-07-10T20:00,27.3,68,30.8,0.0,0.0,3,83,4.8,340,17.385,78.4867
2025-07-10T21:00,26.6,72,30.4,0.0,0.0,3,97,4.5,313,17.385,78.4867
2025-07-10T22:00,25.8,75,29.3,0.0,0.0,3,100,6.0,297,17.385,78.4867
2025-07-10T23:00,25.1,79,28.7,0.0,0.0,3,100,6.0,261,17.385,78.4867
2025-07-11T00:00,24.5,83,28.2,0.0,0.0,3,94,5.7,252,17.385,78.4867
2025-07-11T01:00,24.1,85,27.8,0.0,0.0,3,93,5.7,257,17.385,78.4867
2025-07-11T02:00,23.8,86,27.4,0.0,0.0,3,99,6.0,260,17.385,78.4867
2025-07-11T03:00,23.5,87,27.0,0.0,0.0,3,100,6.9,261,17.385,78.4867
2025-07-11T04:00,23.4,86,26.5,0.0,0.0,3,100,8.6,254,17.385,78.4867
2025-07-11T05:00,23.5,84,26.2,0.0,0.0,3,100,9.6,258,17.385,78.4867
2025-07-11T06:00,24.7,78,27.2,0.0,0.0,3,99,11.4,273,17.385,78.4867
2025-07-11T07:00,25.6,76,28.4,0.0,0.0,3,99,10.3,275,17.385,78.4867
2025-07-11T08:00,27.0,70,29.7,0.0,0.0,3,93,12.0,282,17.385,78.4867
2025-07-11T09:00,28.4,64,30.8,0.0,0.0,3,99,13.1,297,17.385,78.4867
2025-07-11T10:00,29.6,59,33.1,0.0,0.0,3,99,13.0,301,17.385,78.4867
2025-07-11T11:00,30.3,57,34.1,0.0,0.0,3,96,12.7,297,17.385,78.4867
2025-07-11T12:00,31.0,54,35.0,0.0,0.0,3,100,13.0,296,17.385,78.4867
2025-07-11T13:00,31.6,50,35.5,0.0,0.0,3,100,12.8,298,17.385,78.4867
2025-07-11T14:00,31.4,50,34.0,0.1,0.1,51,100,12.4,298,17.385,78.4867
2025-07-11T15:00,31.6,49,33.8,0.2,0.2,51,100,12.7,293,17.385,78.4867
2025-07-11T16:00,31.3,51,33.2,0.0,0.0,3,99,12.2,298,17.385,78.4867
2025-07-11T17:00,30.7,52,32.6,0.0,0.0,3,98,11.5,290,17.385,78.4867
2025-07-11T18:00,29.3,59,31.9,0.0,0.0,3,98,9.5,309,17.385,78.4867
2025-07-11T19:00,28.3,64,31.6,0.0,0.0,2,76,6.7,301,17.385,78.4867
2025-07-11T20:00,27.6,68,31.2,0.0,0.0,1,25,6.2,285,17.385,78.4867
2025-07-11T21:00,26.8,72,30.3,0.0,0.0,1,23,7.3,279,17.385,78.4867
2025-07-11T22:00,26.2,76,29.7,0.0,0.0,1,45,7.6,248,17.385,78.4867
2025-07-11T23:00,25.7,77,28.8,0.0,0.0,1,43,9.9,261,17.385,78.4867
2025-07-12T00:00,25.1,79,28.0,0.0,0.0,0,16,10.7,254,17.385,78.4867
2025-07-12T01:00,24.7,80,27.4,0.0,0.0,2,73,11.4,263,17.385,78.4867
2025-07-12T02:00,24.6,80,27.2,0.0,0.0,2,76,11.7,266,17.385,78.4867
2025-07-12T03:00,24.2,82,26.8,0.0,0.0,3,93,12.3,273,17.385,78.4867
2025-07-12T04:00,24.0,84,26.7,0.0,0.0,3,93,11.4,282,17.385,78.4867
2025-07-12T05:00,23.7,85,26.4,0.0,0.0,3,100,11.8,282,17.385,78.4867
2025-07-12T06:00,25.1,78,27.7,0.0,0.0,3,89,11.9,281,17.385,78.4867
2025-07-12T07:00,25.8,75,28.4,0.0,0.0,3,96,12.2,284,17.385,78.4867
2025-07-12T08:00,26.9,68,28.9,0.0,0.0,3,97,14.5,287,17.385,78.4867
2025-07-12T09:00,28.3,62,30.3,0.0,0.0,3,92,14.2,292,17.385,78.4867
2025-07-12T10:00,29.5,57,32.3,0.0,0.0,1,37,14.9,295,17.385,78.4867
2025-07-12T11:00,30.7,52,33.7,0.0,0.0,2,73,15.2,297,17.385,78.4867
2025-07-12T12:00,31.8,46,34.8,0.0,0.0,2,78,15.6,296,17.385,78.4867
2025-07-12T13:00,32.2,44,34.2,0.1,0.1,51,99,16.2,296,17.385,78.4867
2025-07-12T14:00,31.1,49,33.1,0.5,0.5,53,79,15.7,292,17.385,78.4867
2025-07-12T15:00,31.6,49,33.4,0.2,0.2,51,98,14.7,298,17.385,78.4867
2025-07-12T16:00,29.9,58,32.2,0.5,0.5,53,98,13.0,268,17.385,78.4867
2025-07-12T17:00,29.9,60,32.7,0.0,0.0,3,99,11.2,272,17.385,78.4867
2025-07-12T18:00,28.6,67,32.4,0.0,0.0,3,100,7.1,249,17.385,78.4867
2025-07-12T19:00,28.2,69,32.0,0.0,0.0,3,100,7.5,246,17.385,78.4867
2025-07-12T20:00,27.7,72,31.5,0.0,0.0,3,100,8.3,246,17.385,78.4867
2025-07-12T21:00,27.1,72,30.3,0.0,0.0,3,99,9.9,248,17.385,78.4867
2025-07-12T22:00,26.6,72,29.3,0.0,0.0,3,99,11.7,259,17.385,78.4867
2025-07-12T23:00,26.5,72,29.0,0.0,0.0,3,97,12.3,260,17.385,78.4867
2025-07-13T00:00,26.0,74,28.7,0.0,0.0,3,100,11.8,261,17.385,78.4867
2025-07-13T01:00,25.8,75,28.1,0.0,0.0,3,100,13.4,265,17.385,78.4867
2025-07-13T02:00,25.5,75,27.7,0.0,0.0,3,99,13.5,272,17.385,78.4867
2025-07-13T03:00,25.1,77,27.4,0.0,0.0,3,97,12.8,274,17.385,78.4867
2025-07-13T04:00,24.7,78,27.1,0.0,0.0,3,98,12.3,278,17.385,78.4867
2025-07-13T05:00,24.4,79,26.7,0.0,0.0,2,76,12.3,280,17.385,78.4867
2025-07-13T06:00,24.9,75,26.9,0.0,0.0,3,99,13.1,279,17.385,78.4867
2025-07-13T07:00,25.5,73,27.5,0.0,0.0,3,100,13.9,280,17.385,78.4867
2025-07-13T08:00,26.4,69,28.3,0.0,0.0,3,100,14.6,279,17.385,78.4867
2025-07-13T09:00,27.8,64,29.6,0.0,0.0,3,100,15.0,277,17.385,78.4867
2025-07-13T10:00,29.2,57,31.0,0.0,0.0,3,100,16.9,284,17.385,78.4867
2025-07-13T11:00,30.3,52,32.3,0.0,0.0,3,100,16.2,285,17.385,78.4867
2025-07-13T12:00,30.8,50,32.7,0.0,0.0,3,100,15.2,284,17.385,78.4867
2025-07-13T13:00,31.3,48,33.2,0.0,0.0,3,100,14.8,283,17.385,78.4867
2025-07-13T14:00,31.8,46,33.6,0.0,0.0,3,100,15.0,280,17.385,78.4867
2025-07-13T15:00,32.0,46,33.5,0.0,0.0,3,100,14.8,273,17.385,78.4867
2025-07-13T16:00,31.7,48,33.1,0.0,0.0,3,100,14.1,273,17.385,78.4867
2025-07-13T17:00,31.1,50,32.5,0.0,0.0,3,100,14.4,273,17.385,78.4867
2025-07-13T18:00,30.1,54,32.2,0.0,0.0,3,100,11.2,248,17.385,78.4867
2025-07-13T19:00,28.9,61,31.8,0.0,0.0,3,100,8.1,242,17.385,78.4867
2025-07-13T20:00,28.5,62,31.4,0.0,0.0,3,100,8.8,247,17.385,78.4867
2025-07-13T21:00,27.9,65,30.7,0.0,0.0,3,100,9.5,233,17.385,78.4867
2025-07-13T22:00,27.4,65,29.6,0.0,0.0,3,99,12.3,245,17.385,78.4867
2025-07-13T23:00,27.1,65,28.7,0.0,0.0,3,99,14.5,256,17.385,78.4867
2025-07-14T00:00,26.6,67,28.1,0.0,0.0,3,92,15.4,263,17.385,78.4867
2025-07-14T01:00,26.0,71,27.8,0.0,0.0,1,47,15.2,265,17.385,78.4867
2025-07-14T02:00,25.6,74,27.7,0.0,0.0,3,100,13.7,266,17.385,78.4867
2025-07-14T03:00,25.1,76,27.3,0.0,0.0,3,100,13.4,265,17.385,78.4867
2025-07-14T04:00,24.6,78,26.7,0.0,0.0,3,98,13.7,265,17.385,78.4867
2025-07-14T05:00,24.2,80,26.3,0.0,0.0,0,19,13.2,268,17.385,78.4867
2025-07-14T06:00,24.6,78,27.0,0.0,0.0,0,6,11.1,263,17.385,78.4867
2025-07-14T07:00,25.4,74,27.3,0.0,0.0,0,16,15.1,269,17.385,78.4867
2025-07-14T08:00,26.9,66,28.2,0.0,0.0,1,47,18.0,272,17.385,78.4867
2025-07-14T09:00,28.5,58,29.2,0.0,0.0,3,95,19.4,271,17.385,78.4867
2025-07-14T10:00,29.8,53,31.2,0.0,0.0,3,100,18.6,268,17.385,78.4867
2025-07-14T11:00,30.5,51,31.5,0.0,0.0,2,68,17.5,270,17.385,78.4867
2025-07-14T12:00,31.8,45,33.7,0.2,0.2,51,98,17.5,272,17.385,78.4867
2025-07-14T13:00,32.1,46,34.0,0.2,0.2,51,92,16.6,265,17.385,78.4867
2025-07-14T14:00,31.2,52,33.5,0.4,0.4,51,93,16.4,274,17.385,78.4867
2025-07-14T15:00,32.3,48,34.4,0.0,0.0,3,100,15.1,270,17.385,78.4867
2025-07-14T16:00,31.7,50,33.2,0.1,0.1,51,100,15.1,262,17.385,78.4867
2025-07-14T17:00,31.3,50,32.6,0.0,0.0,3,100,15.7,267,17.385,78.4867
2025-07-14T18:00,30.4,52,32.0,0.0,0.0,3,100,13.5,254,17.385,78.4867
2025-07-14T19:00,29.5,56,31.6,0.0,0.0,3,100,11.1,250,17.385,78.4867
2025-07-14T20:00,28.4,61,29.8,0.1,0.1,51,99,16.7,243,17.385,78.4867
2025-07-14T21:00,27.0,67,29.3,0.2,0.2,51,100,12.1,250,17.385,78.4867
2025-07-14T22:00,26.7,68,28.6,0.0,0.0,3,100,14.0,261,17.385,78.4867
2025-07-14T23:00,26.2,70,28.2,0.0,0.0,3,100,13.7,254,17.385,78.4867
2025-07-15T00:00,25.7,72,27.8,0.0,0.0,3,100,13.1,252,17.385,78.4867
2025-07-15T01:00,25.5,75,27.4,0.0,0.0,3,100,14.9,255,17.385,78.4867
2025-07-15T02:00,25.0,77,27.0,0.0,0.0,3,100,14.9,255,17.385,78.4867
2025-07-15T03:00,24.6,78,26.5,0.0,0.0,3,100,15.2,259,17.385,78.4867
2025-07-15T04:00,24.3,80,26.2,0.0,0.0,3,100,15.5,262,17.385,78.4867
2025-07-15T05:00,24.0,81,25.9,0.0,0.0,3,99,15.4,263,17.385,78.4867
2025-07-15T06:00,24.4,80,26.6,0.0,0.0,3,100,14.2,262,17.385,78.4867
2025-07-15T07:00,25.0,78,27.2,0.0,0.0,3,100,14.3,264,17.385,78.4867
2025-07-15T08:00,26.6,70,27.8,0.0,0.0,3,100,20.0,267,17.385,78.4867
2025-07-15T09:00,28.1,63,29.3,0.0,0.0,3,100,19.1,267,17.385,78.4867
2025-07-15T10:00,28.4,63,30.0,0.0,0.0,3,100,17.6,264,17.385,78.4867
2025-07-15T11:00,29.7,58,31.8,0.0,0.0,2,79,15.4,265,17.385,78.4867
2025-07-15T12:00,31.2,53,34.7,0.3,0.3,51,100,14.2,261,17.385,78.4867
2025-07-15T13:00,28.1,68,31.4,0.6,0.6,53,100,9.5,271,17.385,78.4867
2025-07-15T14:00,28.8,68,32.3,0.6,0.6,53,100,10.4,270,17.385,78.4867
2025-07-15T15:00,28.1,71,30.9,1.1,1.1,55,100,15.3,254,17.385,78.4867
2025-07-15T16:00,29.0,66,31.7,0.0,0.0,3,100,14.9,259,17.385,78.4867
2025-07-15T17:00,27.5,73,30.7,0.1,0.1,51,100,12.4,254,17.385,78.4867
2025-07-15T18:00,28.9,64,32.1,0.0,0.0,3,100,9.0,255,17.385,78.4867
2025-07-15T19:00,28.2,68,31.6,0.0,0.0,3,100,10.0,242,17.385,78.4867
2025-07-15T20:00,27.4,72,31.0,0.0,0.0,3,100,8.7,243,17.385,78.4867
2025-07-15T21:00,26.7,74,29.8,0.0,0.0,3,100,10.6,242,17.385,78.4867
2025-07-15T22:00,26.3,75,29.2,0.0,0.0,3,100,12.0,254,17.385,78.4867
2025-07-15T23:00,25.8,78,28.9,0.0,0.0,3,100,11.2,255,17.385,78.4867
2025-07-16T00:00,25.4,79,28.2,0.0,0.0,3,100,13.0,260,17.385,78.4867
2025-07-16T01:00,25.2,79,27.7,0.0,0.0,3,100,13.4,262,17.385,78.4867
2025-07-16T02:00,24.9,80,27.3,0.0,0.0,3,100,13.3,267,17.385,78.4867
2025-07-16T03:00,24.5,82,27.0,0.0,0.0,3,100,12.9,264,17.385,78.4867
2025-07-16T04:00,24.1,85,26.8,0.0,0.0,3,100,12.5,265,17.385,78.4867
2025-07-16T05:00,23.8,86,26.5,0.0,0.0,3,100,12.6,268,17.385,78.4867
2025-07-16T06:00,24.7,84,27.9,0.0,0.0,3,91,10.6,266,17.385,78.4867
2025-07-16T07:00,25.6,78,28.3,0.0,0.0,3,100,13.2,273,17.385,78.4867
2025-07-16T08:00,27.2,69,29.5,0.0,0.0,3,100,14.2,285,17.385,78.4867
2025-07-16T09:00,28.8,61,30.8,0.0,0.0,3,100,13.8,291,17.385,78.4867
2025-07-16T10:00,30.2,55,33.3,0.0,0.0,3,100,12.3,288,17.385,78.4867
2025-07-16T11:00,31.0,52,33.8,0.1,0.1,51,100,12.8,286,17.385,78.4867
2025-07-16T12:00,32.0,48,35.6,0.2,0.2,51,100,13.3,288,17.385,78.4867
2025-07-16T13:00,32.2,48,35.4,0.6,0.6,53,100,11.9,301,17.385,78.4867
2025-07-16T14:00,30.9,52,33.3,0.9,0.9,53,100,12.6,295,17.385,78.4867
2025-07-16T15:00,29.4,64,33.8,2.3,2.3,61,100,3.5,261,17.385,78.4867
2025-07-16T16:00,30.1,59,33.5,0.0,0.0,3,100,7.5,300,17.385,78.4867
2025-07-16T17:00,29.4,61,32.5,0.2,0.2,51,100,8.2,285,17.385,78.4867
2025-07-16T18:00,28.7,66,32.8,0.0,0.0,3,98,4.3,303,17.385,78.4867
2025-07-16T19:00,28.4,68,32.6,0.0,0.0,3,100,3.9,283,17.385,78.4867
2025-07-16T20:00,28.0,70,32.2,0.0,0.0,3,100,4.4,305,17.385,78.4867
2025-07-16T21:00,27.7,72,32.2,0.0,0.0,3,100,3.5,305,17.385,78.4867
2025-07-16T22:00,27.2,74,31.6,0.0,0.0,3,100,4.0,280,17.385,78.4867
2025-07-16T23:00,26.7,77,31.2,0.0,0.0,3,100,3.9,283,17.385,78.4867
2025-07-17T00:00,26.3,79,30.8,0.0,0.0,3,100,4.0,270,17.385,78.4867
2025-07-17T01:00,24.6,85,28.1,0.1,0.1,51,100,8.7,238,17.385,78.4867
2025-07-17T02:00,24.4,86,28.5,0.2,0.2,51,100,4.9,216,17.385,78.4867
2025-07-17T03:00,23.1,95,26.9,3.0,3.0,63,100,8.4,195,17.385,78.4867
2025-07-17T04:00,23.3,95,27.1,0.3,0.3,51,100,8.7,232,17.385,78.4867
2025-07-17T05:00,22.8,95,26.5,2.1,2.1,61,100,8.4,250,17.385,78.4867
2025-07-17T06:00,24.6,86,28.6,0.0,0.0,3,100,7.0,274,17.385,78.4867
2025-07-17T07:00,25.4,82,29.1,0.0,0.0,3,100,8.8,279,17.385,78.4867
2025-07-17T08:00,26.6,77,30.0,0.0,0.0,3,100,10.7,284,17.385,78.4867
2025-07-17T09:00,28.0,69,31.4,0.0,0.0,3,100,9.6,290,17.385,78.4867
2025-07-17T10:00,29.3,64,33.6,0.0,0.0,3,100,7.9,286,17.385,78.4867
2025-07-17T11:00,30.0,62,35.3,0.0,0.0,3,100,6.5,289,17.385,78.4867
2025-07-17T12:00,30.9,60,37.1,0.0,0.0,3,100,5.9,288,17.385,78.4867
2025-07-17T13:00,31.3,59,37.5,0.0,0.0,3,100,4.9,270,17.385,78.4867
2025-07-17T14:00,31.2,59,36.6,0.2,0.2,51,100,6.0,254,17.385,78.4867
2025-07-17T15:00,30.1,61,34.7,0.3,0.3,51,100,1.9,163,17.385,78.4867
2025-07-17T16:00,28.2,70,31.2,0.4,0.4,51,100,12.8,298,17.385,78.4867
2025-07-17T17:00,27.9,72,32.3,0.1,0.1,51,100,4.7,286,17.385,78.4867
2025-07-17T18:00,27.4,77,32.0,0.0,0.0,3,100,5.6,318,17.385,78.4867
2025-07-17T19:00,27.0,79,31.8,0.0,0.0,3,100,4.6,318,17.385,78.4867
2025-07-17T20:00,26.7,82,31.5,0.3,0.3,51,100,5.4,345,17.385,78.4867
2025-07-17T21:00,26.7,83,32.1,0.0,0.0,3,100,2.0,360,17.385,78.4867
2025-07-17T22:00,26.4,85,31.7,0.0,0.0,3,100,3.4,354,17.385,78.4867
2025-07-17T23:00,26.1,87,31.8,0.0,0.0,3,100,1.4,270,17.385,78.4867
2025-07-18T00:00,25.8,90,31.3,0.0,0.0,3,100,3.1,144,17.385,78.4867
2025-07-18T01:00,25.4,91,31.0,0.1,0.1,51,100,2.9,79,17.385,78.4867
2025-07-18T02:00,24.0,92,28.3,1.3,1.3,61,100,5.8,182,17.385,78.4867
2025-07-18T03:00,23.2,94,26.8,3.6,3.6,63,100,9.9,272,17.385,78.4867
2025-07-18T04:00,23.0,94,26.5,0.4,0.4,51,100,9.3,280,17.385,78.4867
2025-07-18T05:00,22.7,95,27.0,0.4,0.4,51,100,4.0,270,17.385,78.4867
2025-07-18T06:00,23.8,91,28.0,0.0,0.0,3,100,5.2,239,17.385,78.4867
2025-07-18T07:00,24.3,88,28.4,0.0,0.0,3,100,6.2,248,17.385,78.4867
2025-07-18T08:00,25.4,81,29.0,0.0,0.0,3,100,8.3,264,17.385,78.4867
2025-07-18T09:00,26.8,75,30.6,0.0,0.0,3,100,8.3,274,17.385,78.4867
2025-07-18T10:00,28.2,68,32.7,0.1,0.1,51,100,7.2,295,17.385,78.4867
2025-07-18T11:00,29.2,66,34.8,0.1,0.1,51,100,6.3,301,17.385,78.4867
2025-07-18T12:00,30.0,64,35.7,0.0,0.0,3,100,5.7,298,17.385,78.4867
2025-07-18T13:00,30.7,61,36.5,0.0,0.0,3,100,6.1,298,17.385,78.4867
2025-07-18T14:00,31.1,57,35.9,0.0,0.0,3,100,7.3,277,17.385,78.4867
2025-07-18T15:00,29.2,67,34.0,2.7,2.7,63,100,1.9,221,17.385,78.4867
2025-07-18T16:00,28.2,71,32.6,2.5,2.5,63,99,5.7,49,17.385,78.4867
2025-07-18T17:00,27.7,72,32.2,0.8,0.8,53,100,3.4,295,17.385,78.4867
2025-07-18T18:00,24.6,88,28.9,0.4,0.4,51,100,6.3,305,17.385,78.4867
2025-07-18T19:00,24.4,90,28.6,0.1,0.1,51,91,7.0,299,17.385,78.4867
2025-07-18T20:00,24.1,91,27.9,0.0,0.0,1,35,9.0,305,17.385,78.4867
2025-07-18T21:00,23.9,92,28.0,0.0,0.0,3,81,7.9,305,17.385,78.4867
2025-07-18T22:00,23.8,94,27.8,0.0,0.0,3,100,8.3,292,17.385,78.4867
2025-07-18T23:00,23.8,93,28.1,0.0,0.0,3,100,5.8,265,17.385,78.4867
2025-07-19T00:00,23.4,93,27.0,0.0,0.0,3,99,9.3,262,17.385,78.4867
2025-07-19T01:00,23.2,94,26.8,0.0,0.0,3,95,8.8,279,17.385,78.4867
2025-07-19T02:00,23.0,94,26.5,0.0,0.0,3,90,9.1,263,17.385,78.4867
2025-07-19T03:00,22.8,94,26.4,0.0,0.0,2,79,7.7,282,17.385,78.4867
2025-07-19T04:00,22.6,95,26.1,0.0,0.0,3,99,8.4,285,17.385,78.4867
2025-07-19T05:00,22.5,95,26.0,0.0,0.0,1,24,8.7,283,17.385,78.4867
2025-07-19T06:00,23.5,93,27.3,0.0,0.0,2,53,9.2,281,17.385,78.4867
2025-07-19T07:00,24.4,91,28.7,0.0,0.0,1,37,7.0,283,17.385,78.4867
2025-07-19T08:00,25.7,84,29.8,0.0,0.0,1,25,8.7,284,17.385,78.4867
2025-07-19T09:00,27.4,74,31.3,0.0,0.0,1,25,9.5,302,17.385,78.4867
2025-07-19T10:00,28.6,67,33.2,0.0,0.0,0,17,8.3,319,17.385,78.4867
2025-07-19T11:00,29.2,65,34.6,0.1,0.1,51,26,7.7,330,17.385,78.4867
2025-07-19T12:00,29.8,66,36.1,0.1,0.1,51,61,6.2,319,17.385,78.4867
2025-07-19T13:00,30.2,62,36.0,0.1,0.1,51,100,4.4,305,17.385,78.4867
2025-07-19T14:00,28.5,68,31.9,1.8,1.8,61,100,9.8,334,17.385,78.4867
2025-07-19T15:00,26.4,83,31.6,2.4,2.4,61,81,2.7,274,17.385,78.4867
2025-07-19T16:00,26.7,81,31.9,0.0,0.0,3,94,2.3,198,17.385,78.4867
2025-07-19T17:00,25.1,84,29.1,3.9,3.9,63,90,6.6,311,17.385,78.4867
2025-07-19T18:00,26.8,79,30.9,0.1,0.1,51,50,7.9,297,17.385,78.4867
2025-07-19T19:00,26.1,81,30.5,0.0,0.0,3,100,6.1,302,17.385,78.4867
2025-07-19T20:00,25.7,84,30.1,0.0,0.0,3,100,5.9,305,17.385,78.4867
2025-07-19T21:00,25.3,86,29.8,0.0,0.0,3,100,6.2,285,17.385,78.4867
2025-07-19T22:00,25.1,87,29.4,0.0,0.0,3,100,6.1,272,17.385,78.4867
2025-07-19T23:00,24.8,86,29.0,0.0,0.0,3,100,6.5,272,17.385,78.4867
2025-07-20T00:00,24.6,85,28.6,0.0,0.0,3,100,6.6,254,17.385,78.4867
2025-07-20T01:00,24.5,84,27.7,0.0,0.0,3,100,10.4,247,17.385,78.4867
2025-07-20T02:00,24.2,83,27.0,0.0,0.0,3,100,11.8,263,17.385,78.4867
2025-07-20T03:00,23.9,84,26.6,0.0,0.0,3,100,11.4,275,17.385,78.4867
2025-07-20T04:00,23.8,85,26.5,0.0,0.0,3,100,11.5,284,17.385,78.4867
2025-07-20T05:00,23.8,85,26.5,0.0,0.0,3,100,11.1,287,17.385,78.4867
2025-07-20T06:00,24.7,81,27.5,0.0,0.0,3,100,11.4,293,17.385,78.4867
2025-07-20T07:00,25.1,81,28.5,0.0,0.0,3,100,9.0,292,17.385,78.4867
2025-07-20T08:00,26.1,77,29.2,0.0,0.0,3,100,11.4,296,17.385,78.4867
2025-07-20T09:00,26.7,75,29.9,0.0,0.0,3,100,11.1,302,17.385,78.4867
2025-07-20T10:00,27.8,70,31.1,0.0,0.0,3,100,10.2,311,17.385,78.4867
2025-07-20T11:00,27.8,69,31.1,0.0,0.0,3,100,9.3,316,17.385,78.4867
2025-07-20T12:00,28.7,66,32.9,0.0,0.0,3,95,9.8,316,17.385,78.4867
2025-07-20T13:00,29.3,66,34.8,0.1,0.1,51,100,9.7,320,17.385,78.4867
2025-07-20T14:00,29.5,66,34.9,0.1,0.1,51,99,8.4,315,17.385,78.4867
2025-07-20T15:00,29.3,66,33.8,0.0,0.0,3,100,8.8,316,17.385,78.4867
2025-07-20T16:00,28.9,68,33.0,0.0,0.0,3,100,6.3,329,17.385,78.4867
2025-07-20T17:00,28.0,70,32.0,0.7,0.7,53,100,6.4,310,17.385,78.4867
2025-07-20T18:00,28.2,68,32.5,0.0,0.0,3,100,3.1,211,17.385,78.4867
2025-07-20T19:00,26.8,78,31.5,0.0,0.0,3,100,3.7,157,17.385,78.4867
2025-07-20T20:00,25.5,86,30.3,0.0,0.0,3,100,4.8,158,17.385,78.4867
2025-07-20T21:00,25.0,91,30.0,0.1,0.1,51,100,5.0,150,17.385,78.4867
2025-07-20T22:00,24.1,91,28.2,1.0,1.0,55,100,7.2,180,17.385,78.4867
2025-07-20T23:00,23.7,94,27.9,0.1,0.1,51,100,7.4,223,17.385,78.4867
2025-07-21T00:00,23.7,90,27.4,0.1,0.1,51,100,8.3,222,17.385,78.4867
2025-07-21T01:00,23.9,91,27.6,0.1,0.1,51,100,9.5,245,17.385,78.4867
2025-07-21T02:00,23.8,90,27.1,0.1,0.1,51,100,10.9,257,17.385,78.4867
2025-07-21T03:00,23.6,91,26.7,0.0,0.0,3,100,11.7,265,17.385,78.4867
2025-07-21T04:00,23.5,92,26.7,0.0,0.0,3,100,11.2,272,17.385,78.4867
2025-07-21T05:00,23.5,91,26.8,0.0,0.0,3,100,11.0,273,17.385,78.4867
2025-07-21T06:00,24.6,86,27.8,0.0,0.0,3,100,11.8,278,17.385,78.4867
2025-07-21T07:00,24.9,86,28.6,0.0,0.0,3,100,9.5,284,17.385,78.4867
2025-07-21T08:00,25.8,80,28.8,0.0,0.0,3,100,13.4,294,17.385,78.4867
2025-07-21T09:00,26.5,77,29.7,0.0,0.0,3,100,12.5,303,17.385,78.4867
2025-07-21T10:00,28.0,71,32.3,0.0,0.0,3,96,11.2,303,17.385,78.4867
2025-07-21T11:00,28.9,67,33.4,0.0,0.0,3,100,12.3,307,17.385,78.4867
2025-07-21T12:00,29.6,66,34.8,0.0,0.0,3,100,11.3,303,17.385,78.4867
2025-07-21T13:00,29.9,66,35.1,0.1,0.1,51,100,11.0,302,17.385,78.4867
2025-07-21T14:00,29.8,65,33.8,0.1,0.1,51,100,11.1,302,17.385,78.4867
2025-07-21T15:00,30.3,60,34.2,0.0,0.0,3,100,9.4,296,17.385,78.4867
2025-07-21T16:00,28.1,69,31.4,1.2,1.2,55,100,11.0,311,17.385,78.4867
2025-07-21T17:00,27.2,77,31.8,0.1,0.1,51,100,4.8,250,17.385,78.4867
2025-07-21T18:00,27.2,74,31.0,0.0,0.0,3,100,8.4,289,17.385,78.4867
2025-07-21T19:00,26.4,78,30.5,0.0,0.0,3,100,6.3,265,17.385,78.4867
2025-07-21T20:00,25.9,81,30.0,0.0,0.0,3,100,6.4,248,17.385,78.4867
2025-07-21T21:00,25.6,84,29.9,0.4,0.4,51,100,6.3,270,17.385,78.4867
2025-07-21T22:00,25.0,86,28.8,0.6,0.6,53,100,9.2,242,17.385,78.4867
2025-07-21T23:00,24.2,89,27.3,0.2,0.2,51,100,13.1,245,17.385,78.4867
2025-07-22T00:00,23.5,91,26.5,0.0,0.0,3,100,12.7,263,17.385,78.4867
2025-07-22T01:00,23.2,93,26.0,0.0,0.0,3,98,14.0,271,17.385,78.4867
2025-07-22T02:00,23.1,92,26.0,0.0,0.0,3,98,13.0,276,17.385,78.4867
2025-07-22T03:00,23.1,92,25.9,0.0,0.0,3,96,13.6,277,17.385,78.4867
2025-07-22T04:00,23.0,92,26.1,0.0,0.0,3,99,11.3,284,17.385,78.4867
2025-07-22T05:00,23.0,92,25.7,0.0,0.0,3,93,13.7,284,17.385,78.4867
2025-07-22T06:00,23.6,91,26.5,0.0,0.0,3,100,13.8,283,17.385,78.4867
2025-07-22T07:00,24.4,89,27.4,0.1,0.1,51,100,14.5,289,17.385,78.4867
2025-07-22T08:00,25.0,84,27.5,0.1,0.1,51,100,16.7,295,17.385,78.4867
2025-07-22T09:00,26.1,79,28.8,0.2,0.2,51,100,15.2,296,17.385,78.4867
2025-07-22T10:00,27.2,75,30.1,0.1,0.1,51,95,15.0,293,17.385,78.4867
2025-07-22T11:00,28.3,70,31.4,0.1,0.1,51,100,15.0,297,17.385,78.4867
2025-07-22T12:00,29.0,66,31.9,0.1,0.1,51,100,12.8,290,17.385,78.4867
2025-07-22T13:00,25.8,79,28.9,4.2,4.2,63,81,12.3,302,17.385,78.4867
2025-07-22T14:00,27.3,73,30.2,0.2,0.2,51,99,14.9,293,17.385,78.4867
2025-07-22T15:00,27.7,75,31.4,0.1,0.1,51,99,12.8,279,17.385,78.4867
2025-07-22T16:00,27.8,73,31.2,0.1,0.1,51,100,12.3,275,17.385,78.4867
2025-07-22T17:00,26.0,82,29.8,0.2,0.2,51,100,10.1,290,17.385,78.4867
2025-07-22T18:00,25.8,85,30.4,0.0,0.0,3,100,6.5,273,17.385,78.4867
2025-07-22T19:00,25.6,87,30.1,0.0,0.0,3,100,7.6,256,17.385,78.4867
2025-07-22T20:00,25.4,87,29.8,0.0,0.0,3,100,7.2,274,17.385,78.4867
2025-07-22T21:00,25.3,87,29.5,0.0,0.0,3,100,8.5,271,17.385,78.4867
2025-07-22T22:00,24.4,86,27.3,0.0,0.0,3,100,13.2,264,17.385,78.4867
2025-07-22T23:00,24.0,89,27.1,0.0,0.0,3,100,12.4,257,17.385,78.4867
2025-07-23T00:00,23.8,89,26.4,0.1,0.1,51,100,15.5,261,17.385,78.4867
2025-07-23T01:00,23.3,92,26.0,0.1,0.1,51,100,14.2,269,17.385,78.4867
2025-07-23T02:00,23.1,93,25.8,0.1,0.1,51,100,14.9,272,17.385,78.4867
2025-07-23T03:00,23.0,92,25.3,0.2,0.2,51,100,16.6,274,17.385,78.4867
2025-07-23T04:00,23.1,92,25.4,0.2,0.2,51,100,16.5,281,17.385,78.4867
2025-07-23T05:00,23.1,92,25.6,0.1,0.1,51,100,15.5,285,17.385,78.4867
2025-07-23T06:00,23.1,95,26.0,0.9,0.9,53,100,15.2,275,17.385,78.4867
2025-07-23T07:00,23.3,93,25.9,0.7,0.7,53,100,16.2,274,17.385,78.4867
2025-07-23T08:00,23.8,92,26.5,0.6,0.6,53,100,16.1,280,17.385,78.4867
2025-07-23T09:00,24.0,90,26.9,0.7,0.7,53,100,14.9,279,17.385,78.4867
2025-07-23T10:00,24.5,88,27.5,0.6,0.6,53,100,14.4,278,17.385,78.4867
2025-07-23T11:00,25.1,84,27.8,0.3,0.3,51,100,16.0,278,17.385,78.4867
2025-07-23T12:00,25.6,81,28.0,0.3,0.3,51,100,17.4,275,17.385,78.4867
2025-07-23T13:00,27.2,75,30.5,0.3,0.3,51,100,19.0,282,17.385,78.4867
2025-07-23T14:00,27.2,77,30.3,0.1,0.1,51,100,15.5,272,17.385,78.4867
2025-07-23T15:00,27.2,73,29.5,0.1,0.1,51,100,16.8,273,17.385,78.4867
2025-07-23T16:00,27.6,70,29.6,0.3,0.3,51,100,17.5,279,17.385,78.4867
2025-07-23T17:00,24.6,83,27.5,1.5,1.5,61,100,12.3,273,17.385,78.4867
2025-07-23T18:00,24.7,88,27.9,0.0,0.0,3,100,13.9,257,17.385,78.4867
2025-07-23T19:00,24.1,89,27.3,0.2,0.2,51,100,11.9,274,17.385,78.4867
2025-07-23T20:00,23.7,91,26.9,0.3,0.3,51,100,12.3,264,17.385,78.4867
2025-07-23T21:00,23.6,93,27.0,0.2,0.2,51,100,11.9,269,17.385,78.4867
2025-07-23T22:00,23.7,92,26.8,0.1,0.1,51,100,13.5,272,17.385,78.4867
2025-07-23T23:00,23.7,92,26.5,0.1,0.1,51,100,15.1,278,17.385,78.4867
2025-07-24T00:00,23.6,92,26.1,0.2,0.2,51,100,16.8,279,17.385,78.4867
2025-07-24T01:00,23.4,91,25.8,0.2,0.2,51,100,17.2,281,17.385,78.4867
2025-07-24T02:00,23.4,90,25.4,0.2,0.2,51,100,18.0,281,17.385,78.4867
2025-07-24T03:00,23.2,90,25.2,0.1,0.1,51,100,17.3,279,17.385,78.4867
2025-07-24T04:00,23.0,91,25.0,0.2,0.2,51,100,17.0,277,17.385,78.4867
2025-07-24T05:00,22.8,91,24.8,0.3,0.3,51,100,17.6,276,17.385,78.4867
2025-07-24T06:00,22.9,89,24.8,0.0,0.0,3,100,16.7,277,17.385,78.4867
2025-07-24T07:00,23.4,88,25.8,0.0,0.0,3,100,13.7,279,17.385,78.4867
2025-07-24T08:00,23.7,87,25.8,0.3,0.3,51,100,16.3,280,17.385,78.4867
2025-07-24T09:00,23.6,89,26.3,0.4,0.4,51,100,13.3,273,17.385,78.4867
2025-07-24T10:00,24.3,84,26.5,0.1,0.1,51,100,16.6,274,17.385,78.4867
2025-07-24T11:00,25.5,77,27.3,0.3,0.3,51,100,17.9,280,17.385,78.4867
2025-07-24T12:00,25.7,78,27.8,0.3,0.3,51,100,17.1,278,17.385,78.4867
2025-07-24T13:00,25.4,78,27.7,0.5,0.5,53,100,15.0,276,17.385,78.4867
2025-07-24T14:00,25.5,80,28.1,0.6,0.6,53,100,14.3,264,17.385,78.4867
2025-07-24T15:00,24.5,86,27.2,1.2,1.2,55,100,14.7,258,17.385,78.4867
2025-07-24T16:00,24.3,90,27.2,0.9,0.9,53,100,15.4,260,17.385,78.4867
2025-07-24T17:00,24.0,90,26.8,0.8,0.8,53,100,15.3,261,17.385,78.4867
2025-07-24T18:00,23.9,89,26.6,0.5,0.5,53,100,15.3,270,17.385,78.4867
2025-07-24T19:00,23.8,89,26.6,0.2,0.2,51,100,13.5,268,17.385,78.4867
2025-07-24T20:00,23.8,90,26.7,0.2,0.2,51,100,13.7,268,17.385,78.4867
2025-07-24T21:00,23.7,90,26.4,0.3,0.3,51,100,15.0,265,17.385,78.4867
2025-07-24T22:00,23.5,91,26.1,0.5,0.5,53,100,15.5,260,17.385,78.4867
2025-07-24T23:00,23.3,90,25.7,0.2,0.2,51,100,15.6,263,17.385,78.4867
2025-07-25T00:00,23.2,90,25.4,0.0,0.0,3,100,16.3,263,17.385,78.4867
2025-07-25T01:00,23.1,90,25.3,0.0,0.0,3,100,16.1,263,17.385,78.4867
2025-07-25T02:00,23.1,89,25.0,0.0,0.0,3,100,17.4,263,17.385,78.4867
2025-07-25T03:00,22.9,89,24.7,0.0,0.0,3,100,18.1,265,17.385,78.4867
2025-07-25T04:00,22.9,90,24.7,0.0,0.0,3,100,17.8,269,17.385,78.4867
2025-07-25T05:00,22.9,90,24.7,0.0,0.0,3,100,17.5,270,17.385,78.4867
2025-07-25T06:00,23.2,88,25.6,0.0,0.0,3,100,14.2,267,17.385,78.4867
2025-07-25T07:00,23.6,88,26.2,0.1,0.1,51,100,13.3,268,17.385,78.4867
2025-07-25T08:00,24.4,83,25.9,0.2,0.2,51,100,20.9,270,17.385,78.4867
2025-07-25T09:00,25.0,82,27.2,0.3,0.3,51,100,17.1,270,17.385,78.4867
2025-07-25T10:00,25.4,81,28.0,0.3,0.3,51,100,15.1,267,17.385,78.4867
2025-07-25T11:00,25.9,78,28.2,0.3,0.3,51,100,17.3,272,17.385,78.4867
2025-07-25T12:00,26.6,78,29.2,0.3,0.3,51,100,17.1,271,17.385,78.4867
2025-07-25T13:00,25.6,81,28.0,2.2,2.2,61,100,17.5,272,17.385,78.4867
2025-07-25T14:00,24.6,88,27.5,1.3,1.3,61,100,16.0,269,17.385,78.4867
2025-07-25T15:00,24.9,89,27.8,0.4,0.4,51,100,17.0,275,17.385,78.4867
2025-07-25T16:00,24.6,89,27.4,0.6,0.6,53,100,16.6,271,17.385,78.4867
2025-07-25T17:00,24.4,88,26.9,0.6,0.6,53,100,16.7,270,17.385,78.4867
2025-07-25T18:00,24.3,90,27.2,3.6,3.6,63,100,15.6,262,17.385,78.4867
2025-07-25T19:00,23.8,92,26.7,0.6,0.6,53,100,15.6,256,17.385,78.4867
2025-07-25T20:00,23.4,95,26.5,0.8,0.8,53,100,14.6,257,17.385,78.4867
2025-07-25T21:00,23.4,93,25.9,0.5,0.5,53,100,17.2,260,17.385,78.4867
2025-07-25T22:00,23.4,92,25.6,1.8,1.8,61,100,18.2,261,17.385,78.4867
2025-07-25T23:00,23.1,93,25.3,1.0,1.0,55,100,18.3,263,17.385,78.4867
2025-07-26T00:00,22.9,94,24.9,1.0,1.0,55,100,19.7,261,17.385,78.4867
2025-07-26T01:00,22.7,94,24.3,1.2,1.2,55,100,20.8,260,17.385,78.4867
2025-07-26T02:00,22.6,94,24.2,1.5,1.5,61,100,20.7,262,17.385,78.4867
2025-07-26T03:00,22.6,94,24.2,2.0,2.0,61,100,21.0,261,17.385,78.4867
2025-07-26T04:00,22.7,93,24.2,1.1,1.1,55,100,21.7,259,17.385,78.4867
2025-07-26T05:00,22.7,92,24.0,0.5,0.5,53,100,22.6,261,17.385,78.4867
2025-07-26T06:00,23.2,92,25.2,0.3,0.3,51,100,18.9,262,17.385,78.4867
2025-07-26T07:00,23.6,90,25.5,0.3,0.3,51,100,20.1,263,17.385,78.4867
2025-07-26T08:00,23.8,89,25.7,0.5,0.5,53,100,20.4,260,17.385,78.4867
2025-07-26T09:00,23.9,89,25.6,1.1,1.1,55,100,21.3,256,17.385,78.4867
2025-07-26T10:00,23.5,93,25.4,3.1,3.1,63,100,21.4,257,17.385,78.4867
2025-07-26T11:00,23.4,94,25.4,2.8,2.8,63,100,20.4,260,17.385,78.4867
2025-07-26T12:00,23.5,93,25.7,2.0,2.0,61,100,20.3,263,17.385,78.4867
2025-07-26T13:00,24.2,89,25.9,1.7,1.7,61,100,22.8,265,17.385,78.4867
2025-07-26T14:00,24.2,88,25.9,1.6,1.6,61,100,22.2,262,17.385,78.4867
2025-07-26T15:00,24.1,89,26.2,1.1,1.1,55,100,20.4,266,17.385,78.4867
2025-07-26T16:00,24.5,87,26.5,0.6,0.6,53,100,20.2,266,17.385,78.4867
2025-07-26T17:00,24.3,88,26.5,0.3,0.3,51,100,19.2,264,17.385,78.4867
2025-07-26T18:00,24.1,88,26.4,0.1,0.1,51,100,17.4,256,17.385,78.4867
2025-07-26T19:00,24.0,88,26.2,0.1,0.1,51,100,18.1,257,17.385,78.4867
2025-07-26T20:00,24.0,88,26.1,0.1,0.1,51,100,18.1,255,17.385,78.4867
2025-07-26T21:00,23.8,88,25.8,0.1,0.1,51,100,17.9,253,17.385,78.4867
2025-07-26T22:00,23.6,89,25.6,0.2,0.2,51,100,18.0,254,17.385,78.4867
2025-07-26T23:00,23.3,90,25.5,0.2,0.2,51,100,16.9,255,17.385,78.4867
2025-07-27T00:00,23.3,90,25.2,0.4,0.4,51,100,18.4,250,17.385,78.4867
2025-07-27T01:00,23.1,90,24.9,0.1,0.1,51,100,19.0,255,17.385,78.4867
2025-07-27T02:00,23.2,88,24.7,0.0,0.0,3,97,20.4,261,17.385,78.4867
2025-07-27T03:00,23.1,87,24.3,0.0,0.0,3,100,20.8,258,17.385,78.4867
2025-07-27T04:00,23.1,86,24.2,0.0,0.0,3,100,20.8,258,17.385,78.4867
2025-07-27T05:00,23.0,85,24.0,0.0,0.0,3,89,20.8,261,17.385,78.4867
2025-07-27T06:00,23.3,83,24.2,0.0,0.0,3,93,21.3,259,17.385,78.4867
2025-07-27T07:00,23.8,81,24.8,0.0,0.0,3,99,20.4,260,17.385,78.4867
2025-07-27T08:00,24.8,77,25.2,0.0,0.0,3,100,25.0,260,17.385,78.4867
2025-07-27T09:00,26.2,69,26.1,0.0,0.0,3,100,27.1,265,17.385,78.4867
2025-07-27T10:00,26.7,69,27.3,0.0,0.0,3,99,23.4,263,17.385,78.4867
2025-07-27T11:00,27.9,64,29.4,0.0,0.0,3,100,25.9,263,17.385,78.4867
2025-07-27T12:00,28.6,61,30.6,0.0,0.0,3,100,22.0,265,17.385,78.4867
2025-07-27T13:00,29.1,59,30.9,0.1,0.1,51,57,23.2,268,17.385,78.4867
2025-07-27T14:00,29.0,60,30.8,0.1,0.1,51,80,22.8,265,17.385,78.4867
2025-07-27T15:00,29.3,61,30.7,0.0,0.0,2,61,19.9,264,17.385,78.4867
2025-07-27T16:00,28.5,65,30.6,0.1,0.1,51,77,16.9,269,17.385,78.4867
2025-07-27T17:00,28.0,65,29.5,0.1,0.1,51,87,19.2,263,17.385,78.4867
2025-07-27T18:00,27.0,66,28.8,0.0,0.0,3,85,14.9,262,17.385,78.4867
2025-07-27T19:00,26.4,67,28.0,0.0,0.0,3,95,14.4,255,17.385,78.4867
2025-07-27T20:00,26.0,68,27.2,0.0,0.0,3,94,16.3,251,17.385,78.4867
2025-07-27T21:00,25.7,70,26.8,0.0,0.0,3,100,17.8,257,17.385,78.4867
2025-07-27T22:00,25.3,72,26.2,0.0,0.0,3,97,19.6,257,17.385,78.4867
2025-07-27T23:00,24.7,74,25.4,0.0,0.0,3,84,19.9,261,17.385,78.4867
2025-07-28T00:00,24.0,77,24.8,0.0,0.0,3,100,19.6,260,17.385,78.4867
2025-07-28T01:00,23.4,80,24.1,0.0,0.0,3,100,20.1,261,17.385,78.4867
2025-07-28T02:00,23.0,82,23.7,0.0,0.0,3,100,20.0,262,17.385,78.4867
2025-07-28T03:00,22.9,82,23.7,0.0,0.0,3,96,19.4,263,17.385,78.4867
2025-07-28T04:00,22.8,83,23.7,0.0,0.0,3,95,19.1,261,17.385,78.4867
2025-07-28T05:00,22.6,84,23.5,0.0,0.0,3,98,18.6,264,17.385,78.4867
2025-07-28T06:00,23.2,82,24.1,0.0,0.0,3,100,19.7,266,17.385,78.4867
2025-07-28T07:00,23.8,81,25.2,0.0,0.0,3,100,17.9,264,17.385,78.4867
2025-07-28T08:00,25.0,74,24.9,0.0,0.0,3,100,26.6,268,17.385,78.4867
2025-07-28T09:00,26.1,70,26.0,0.0,0.0,3,100,27.2,273,17.385,78.4867
2025-07-28T10:00,26.9,67,27.7,0.0,0.0,3,100,22.0,271,17.385,78.4867
2025-07-28T11:00,27.9,62,28.5,0.0,0.0,3,100,23.0,276,17.385,78.4867
2025-07-28T12:00,28.5,60,29.3,0.0,0.0,3,100,22.8,275,17.385,78.4867
2025-07-28T13:00,29.1,58,30.4,0.0,0.0,3,100,23.2,277,17.385,78.4867
2025-07-28T14:00,29.4,57,30.5,0.0,0.0,3,100,20.4,273,17.385,78.4867
2025-07-28T15:00,29.9,55,30.9,0.0,0.0,3,99,21.3,272,17.385,78.4867
2025-07-28T16:00,29.7,56,30.7,0.0,0.0,3,100,18.5,270,17.385,78.4867
2025-07-28T17:00,28.9,60,30.6,0.0,0.0,3,100,16.0,269,17.385,78.4867
2025-07-28T18:00,27.4,66,29.1,0.0,0.0,3,100,15.5,260,17.385,78.4867
2025-07-28T19:00,26.3,70,27.9,0.0,0.0,3,100,16.6,257,17.385,78.4867
2025-07-28T20:00,26.0,70,27.7,0.0,0.0,3,100,15.1,270,17.385,78.4867
2025-07-28T21:00,25.9,69,27.5,0.0,0.0,3,100,14.6,275,17.385,78.4867
2025-07-28T22:00,25.5,71,27.4,0.0,0.0,3,100,11.9,268,17.385,78.4867
2025-07-28T23:00,25.2,71,26.6,0.0,0.0,3,100,14.7,262,17.385,78.4867
2025-07-29T00:00,24.6,71,25.5,0.0,0.0,3,100,16.8,260,17.385,78.4867
2025-07-29T01:00,24.0,74,24.9,0.0,0.0,3,100,17.1,258,17.385,78.4867
2025-07-29T02:00,23.5,77,24.4,0.0,0.0,3,100,17.4,259,17.385,78.4867
2025-07-29T03:00,23.2,81,24.2,0.0,0.0,3,100,18.0,259,17.385,78.4867
2025-07-29T04:00,23.2,82,24.2,0.0,0.0,3,100,18.5,260,17.385,78.4867
2025-07-29T05:00,23.2,82,24.4,0.0,0.0,3,100,17.7,261,17.385,78.4867
2025-07-29T06:00,23.4,82,24.6,0.0,0.0,3,99,19.2,263,17.385,78.4867
2025-07-29T07:00,24.1,80,25.8,0.0,0.0,3,99,16.0,263,17.385,78.4867
2025-07-29T08:00,25.2,74,25.4,0.0,0.0,3,99,25.3,266,17.385,78.4867
2025-07-29T09:00,26.5,66,26.2,0.0,0.0,3,100,27.2,274,17.385,78.4867
2025-07-29T10:00,27.8,63,28.7,0.0,0.0,3,99,23.4,273,17.385,78.4867
2025-07-29T11:00,27.9,63,28.8,0.0,0.0,3,98,22.1,276,17.385,78.4867
2025-07-29T12:00,28.5,60,29.8,0.1,0.1,51,100,25.3,279,17.385,78.4867
2025-07-29T13:00,29.2,57,30.4,0.1,0.1,51,100,25.4,280,17.385,78.4867
2025-07-29T14:00,29.6,55,30.4,0.2,0.2,51,100,25.6,280,17.385,78.4867
2025-07-29T15:00,29.4,59,30.7,0.1,0.1,51,100,21.2,283,17.385,78.4867
2025-07-29T16:00,29.0,60,30.2,0.0,0.0,3,100,19.5,274,17.385,78.4867
2025-07-29T17:00,28.0,65,30.1,0.0,0.0,3,100,15.3,268,17.385,78.4867
2025-07-29T18:00,26.4,75,29.4,0.0,0.0,3,100,11.3,263,17.385,78.4867
2025-07-29T19:00,25.8,76,28.4,0.0,0.0,3,100,12.7,255,17.385,78.4867
2025-07-29T20:00,25.7,74,27.9,0.0,0.0,3,100,13.6,258,17.385,78.4867
2025-07-29T21:00,25.6,74,27.8,0.0,0.0,3,100,13.4,263,17.385,78.4867
2025-07-29T22:00,25.5,73,27.5,0.0,0.0,3,100,14.1,255,17.385,78.4867
2025-07-29T23:00,25.2,73,26.8,0.0,0.0,3,100,15.2,260,17.385,78.4867
2025-07-30T00:00,24.7,75,26.4,0.0,0.0,3,100,14.4,257,17.385,78.4867
2025-07-30T01:00,24.1,77,25.6,0.0,0.0,3,100,16.0,259,17.385,78.4867
2025-07-30T02:00,23.7,80,25.2,0.0,0.0,3,100,15.4,259,17.385,78.4867
2025-07-30T03:00,23.3,82,25.1,0.0,0.0,3,100,14.7,262,17.385,78.4867
2025-07-30T04:00,23.3,84,25.1,0.0,0.0,3,98,14.8,261,17.385,78.4867
2025-07-30T05:00,23.2,85,25.1,0.0,0.0,3,92,15.1,258,17.385,78.4867
2025-07-30T06:00,23.4,84,25.2,0.0,0.0,3,99,15.9,258,17.385,78.4867
2025-07-30T07:00,23.9,84,26.2,0.0,0.0,3,100,13.6,259,17.385,78.4867
2025-07-30T08:00,25.0,78,26.1,0.0,0.0,3,99,21.1,262,17.385,78.4867
2025-07-30T09:00,26.2,72,27.5,0.2,0.2,51,100,20.3,264,17.385,78.4867
2025-07-30T10:00,27.0,69,28.4,0.1,0.1,51,100,21.2,270,17.385,78.4867
2025-07-30T11:00,27.5,69,29.1,0.2,0.2,51,99,22.1,271,17.385,78.4867
2025-07-30T12:00,28.5,66,31.4,0.2,0.2,51,99,19.2,278,17.385,78.4867
2025-07-30T13:00,28.3,62,29.9,0.3,0.3,51,98,21.5,276,17.385,78.4867
2025-07-30T14:00,27.6,73,31.9,1.0,1.0,55,90,14.3,285,17.385,78.4867
2025-07-30T15:00,27.7,70,30.3,0.1,0.1,51,99,18.2,265,17.385,78.4867
2025-07-30T16:00,27.6,69,29.4,0.0,0.0,1,48,18.0,263,17.385,78.4867
2025-07-30T17:00,26.6,75,29.3,0.4,0.4,51,79,14.0,258,17.385,78.4867
2025-07-30T18:00,25.5,79,28.3,0.0,0.0,3,100,12.3,264,17.385,78.4867
2025-07-30T19:00,24.5,83,27.3,0.2,0.2,51,100,12.5,263,17.385,78.4867
2025-07-30T20:00,24.3,85,27.1,0.2,0.2,51,100,13.0,268,17.385,78.4867
2025-07-30T21:00,24.4,86,27.4,0.0,0.0,3,100,12.1,267,17.385,78.4867
2025-07-30T22:00,24.5,85,27.5,0.0,0.0,3,100,11.9,266,17.385,78.4867
2025-07-30T23:00,24.5,84,27.5,0.0,0.0,3,100,11.1,261,17.385,78.4867
2025-07-31T00:00,24.5,83,27.3,0.0,0.0,3,99,11.7,260,17.385,78.4867
2025-07-31T01:00,24.3,82,26.8,0.0,0.0,2,73,13.0,259,17.385,78.4867
2025-07-31T02:00,24.0,82,26.2,0.0,0.0,2,63,13.8,257,17.385,78.4867
2025-07-31T03:00,23.6,81,25.5,0.0,0.0,2,70,13.9,260,17.385,78.4867
2025-07-31T04:00,23.3,82,25.1,0.0,0.0,3,100,14.2,261,17.385,78.4867
2025-07-31T05:00,23.0,84,24.8,0.0,0.0,3,100,14.3,264,17.385,78.4867
2025-07-31T06:00,23.7,82,25.6,0.0,0.0,3,100,15.0,266,17.385,78.4867
2025-07-31T07:00,24.2,82,26.6,0.0,0.0,3,100,13.4,265,17.385,78.4867
2025-07-31T08:00,24.8,79,26.5,0.0,0.0,3,100,17.6,270,17.385,78.4867
2025-07-31T09:00,25.6,75,27.0,0.0,0.0,3,100,19.7,276,17.385,78.4867
2025-07-31T10:00,27.1,68,28.6,0.0,0.0,3,99,18.3,277,17.385,78.4867
2025-07-31T11:00,28.1,64,30.3,0.0,0.0,3,100,20.6,282,17.385,78.4867
2025-07-31T12:00,27.9,67,30.4,0.1,0.1,51,100,17.0,280,17.385,78.4867
2025-07-31T13:00,28.6,63,31.6,0.3,0.3,51,100,16.9,281,17.385,78.4867
2025-07-31T14:00,29.2,61,31.4,0.1,0.1,51,100,17.0,283,17.385,78.4867
2025-07-31T15:00,29.1,63,31.6,0.4,0.4,51,92,14.6,284,17.385,78.4867
2025-07-31T16:00,29.3,62,31.7,0.1,0.1,51,45,14.9,279,17.385,78.4867
2025-07-31T17:00,28.9,65,31.7,0.0,0.0,2,67,12.8,268,17.385,78.4867
2025-07-31T18:00,27.3,70,30.3,0.0,0.0,0,14,10.7,258,17.385,78.4867
2025-07-31T19:00,26.4,73,29.6,0.0,0.0,2,50,8.7,264,17.385,78.4867
2025-07-31T20:00,25.8,76,28.9,0.0,0.0,2,67,8.8,261,17.385,78.4867
2025-07-31T21:00,25.3,78,28.3,0.0,0.0,1,34,9.7,258,17.385,78.4867
2025-07-31T22:00,25.2,79,28.0,0.0,0.0,3,100,11.6,266,17.385,78.4867
2025-07-31T23:00,25.1,78,27.8,0.0,0.0,2,76,10.9,264,17.385,78.4867
2025-08-01T00:00,24.7,79,27.4,0.0,0.0,3,97,10.9,263,17.385,78.4867
2025-08-01T01:00,24.5,81,27.1,0.0,0.0,3,97,11.7,266,17.385,78.4867
2025-08-01T02:00,24.2,82,26.6,0.0,0.0,3,98,12.8,268,17.385,78.4867
2025-08-01T03:00,23.8,84,26.2,0.0,0.0,3,100,13.0,269,17.385,78.4867
2025-08-01T04:00,23.6,84,25.9,0.0,0.0,3,100,13.1,271,17.385,78.4867
2025-08-01T05:00,23.3,84,25.5,0.0,0.0,3,100,12.5,274,17.385,78.4867
2025-08-01T06:00,23.6,85,26.1,0.0,0.0,3,100,12.5,276,17.385,78.4867
2025-08-01T07:00,24.2,84,27.0,0.0,0.0,3,100,12.0,278,17.385,78.4867
2025-08-01T08:00,25.5,77,27.3,0.0,0.0,3,100,18.2,287,17.385,78.4867
2025-08-01T09:00,26.5,72,28.5,0.0,0.0,3,100,16.3,288,17.385,78.4867
2025-08-01T10:00,27.5,68,29.5,0.0,0.0,3,100,16.5,294,17.385,78.4867
2025-08-01T11:00,28.3,65,30.8,0.0,0.0,3,100,15.9,295,17.385,78.4867
2025-08-01T12:00,29.3,61,32.8,0.0,0.0,3,100,13.2,292,17.385,78.4867
2025-08-01T13:00,29.5,59,31.8,0.0,0.0,3,97,13.9,295,17.385,78.4867
2025-08-01T14:00,30.3,56,33.8,0.0,0.0,3,100,13.4,288,17.385,78.4867
2025-08-01T15:00,29.9,57,32.3,0.0,0.0,3,99,13.6,285,17.385,78.4867
2025-08-01T16:00,29.8,58,32.1,0.0,0.0,3,100,12.1,285,17.385,78.4867
2025-08-01T17:00,29.4,60,32.2,0.0,0.0,3,94,10.3,282,17.385,78.4867
2025-08-01T18:00,27.9,67,31.1,0.0,0.0,3,100,8.7,275,17.385,78.4867
2025-08-01T19:00,26.8,73,30.3,0.0,0.0,3,100,7.6,263,17.385,78.4867
2025-08-01T20:00,26.1,77,29.7,0.0,0.0,3,98,7.3,261,17.385,78.4867
2025-08-01T21:00,25.6,79,29.3,0.0,0.0,3,95,6.8,259,17.385,78.4867
2025-08-01T22:00,25.3,80,28.8,0.0,0.0,2,76,7.4,266,17.385,78.4867
2025-08-01T23:00,25.0,80,28.4,0.0,0.0,1,44,7.6,265,17.385,78.4867
2025-08-02T00:00,24.6,81,27.8,0.0,0.0,2,57,8.3,265,17.385,78.4867
2025-08-02T01:00,24.4,81,27.4,0.0,0.0,2,77,8.8,269,17.385,78.4867
2025-08-02T02:00,24.3,81,27.0,0.0,0.0,3,95,10.9,264,17.385,78.4867
2025-08-02T03:00,24.1,82,26.6,0.0,0.0,3,99,11.7,273,17.385,78.4867
2025-08-02T04:00,23.8,83,26.4,0.0,0.0,3,99,11.7,279,17.385,78.4867
2025-08-02T05:00,23.6,84,26.2,0.0,0.0,3,100,11.5,287,17.385,78.4867
2025-08-02T06:00,24.1,84,27.0,0.0,0.0,3,100,10.6,294,17.385,78.4867
2025-08-02T07:00,24.8,83,28.3,0.0,0.0,3,99,8.7,297,17.385,78.4867
2025-08-02T08:00,26.0,78,29.3,0.0,0.0,3,100,10.0,298,17.385,78.4867
2025-08-02T09:00,27.2,70,30.3,0.0,0.0,3,100,10.8,308,17.385,78.4867
2025-08-02T10:00,28.3,65,32.1,0.0,0.0,3,100,11.2,307,17.385,78.4867
2025-08-02T11:00,29.2,59,33.1,0.0,0.0,3,100,11.9,302,17.385,78.4867
2025-08-02T12:00,29.7,56,33.6,0.0,0.0,3,100,11.1,300,17.385,78.4867
2025-08-02T13:00,30.4,54,34.8,0.1,0.1,51,100,9.7,298,17.385,78.4867
2025-08-02T14:00,30.8,52,34.6,0.1,0.1,51,100,9.5,295,17.385,78.4867
2025-08-02T15:00,30.6,53,33.7,0.0,0.0,3,100,9.3,292,17.385,78.4867
2025-08-02T16:00,30.4,54,33.1,0.0,0.0,3,100,8.2,296,17.385,78.4867
2025-08-02T17:00,30.0,56,33.0,0.0,0.0,3,99,6.7,306,17.385,78.4867
2025-08-02T18:00,29.0,61,32.6,0.0,0.0,0,14,4.6,279,17.385,78.4867
2025-08-02T19:00,28.3,66,32.3,0.0,0.0,2,73,3.0,287,17.385,78.4867
2025-08-02T20:00,27.5,70,31.5,0.0,0.0,1,49,4.2,335,17.385,78.4867
2025-08-02T21:00,26.6,76,31.1,0.0,0.0,0,7,3.1,310,17.385,78.4867
2025-08-02T22:00,25.9,82,30.9,0.0,0.0,3,90,1.9,287,17.385,78.4867
2025-08-02T23:00,25.4,82,29.9,0.0,0.0,0,16,3.6,233,17.385,78.4867
2025-08-03T00:00,24.7,85,28.9,0.0,0.0,1,44,5.4,233,17.385,78.4867
2025-08-03T01:00,24.4,86,28.7,0.0,0.0,2,76,4.0,262,17.385,78.4867
2025-08-03T02:00,23.9,88,28.0,0.0,0.0,2,55,5.2,243,17.385,78.4867
2025-08-03T03:00,23.8,86,27.1,0.0,0.0,3,100,8.8,247,17.385,78.4867
2025-08-03T04:00,23.7,85,26.8,0.0,0.0,3,99,8.5,265,17.385,78.4867
2025-08-03T05:00,23.4,87,26.5,0.0,0.0,3,97,9.2,277,17.385,78.4867
2025-08-03T06:00,24.3,83,27.4,0.0,0.0,3,99,9.0,286,17.385,78.4867
2025-08-03T07:00,25.2,82,28.9,0.0,0.0,3,100,7.6,277,17.385,78.4867
2025-08-03T08:00,26.5,78,30.3,0.0,0.0,3,99,8.9,288,17.385,78.4867
2025-08-03T09:00,27.7,74,31.9,0.0,0.0,3,99,8.6,300,17.385,78.4867
2025-08-03T10:00,28.4,70,32.8,0.1,0.1,51,100,8.9,308,17.385,78.4867
2025-08-03T11:00,29.1,67,34.1,0.1,0.1,51,99,7.0,305,17.385,78.4867
2025-08-03T12:00,30.2,63,36.4,0.0,0.0,3,92,6.9,307,17.385,78.4867
2025-08-03T13:00,30.6,61,36.8,0.0,0.0,3,97,6.8,302,17.385,78.4867
2025-08-03T14:00,30.3,62,36.0,0.2,0.2,51,100,6.6,303,17.385,78.4867
2025-08-03T15:00,30.7,60,35.4,0.0,0.0,3,100,5.5,289,17.385,78.4867
2025-08-03T16:00,29.0,66,32.9,0.2,0.2,51,44,6.8,302,17.385,78.4867
2025-08-03T17:00,29.3,67,33.9,0.0,0.0,1,34,3.8,315,17.385,78.4867
2025-08-03T18:00,28.2,73,32.7,0.0,0.0,2,54,6.1,246,17.385,78.4867
2025-08-03T19:00,27.5,77,32.1,0.0,0.0,3,89,5.9,293,17.385,78.4867
2025-08-03T20:00,26.6,80,31.1,0.0,0.0,3,98,6.7,324,17.385,78.4867
2025-08-03T21:00,26.1,82,30.5,0.0,0.0,3,100,5.9,325,17.385,78.4867
2025-08-03T22:00,25.7,84,30.3,0.0,0.0,3,100,4.9,306,17.385,78.4867
2025-08-03T23:00,25.2,87,29.9,0.0,0.0,3,100,5.0,314,17.385,78.4867
2025-08-04T00:00,24.8,88,29.4,0.0,0.0,3,100,5.0,314,17.385,78.4867
2025-08-04T01:00,24.5,89,29.2,0.0,0.0,3,95,4.1,311,17.385,78.4867
2025-08-04T02:00,24.3,91,29.0,0.0,0.0,3,100,3.4,286,17.385,78.4867
2025-08-04T03:00,24.0,92,28.7,0.0,0.0,3,100,3.2,267,17.385,78.4867
2025-08-04T04:00,23.7,95,28.7,0.0,0.0,3,99,1.8,204,17.385,78.4867
2025-08-04T05:00,23.4,97,28.6,0.0,0.0,3,99,1.2,129,17.385,78.4867
2025-08-04T06:00,25.1,92,30.8,0.0,0.0,3,100,1.8,276,17.385,78.4867
2025-08-04T07:00,25.9,88,31.7,0.0,0.0,3,100,1.5,225,17.385,78.4867
2025-08-04T08:00,27.3,79,32.4,0.0,0.0,3,100,3.9,242,17.385,78.4867
2025-08-04T09:00,28.4,67,32.4,0.1,0.1,51,99,5.0,270,17.385,78.4867
2025-08-04T10:00,29.5,61,34.1,0.0,0.0,3,100,6.2,291,17.385,78.4867
2025-08-04T11:00,30.3,58,35.6,0.0,0.0,3,100,5.4,296,17.385,78.4867
2025-08-04T12:00,30.6,58,35.8,0.1,0.1,51,100,4.3,312,17.385,78.4867
2025-08-04T13:00,31.1,57,37.0,0.1,0.1,51,100,2.7,307,17.385,78.4867
2025-08-04T14:00,30.5,58,34.4,0.0,0.0,3,100,4.2,290,17.385,78.4867
2025-08-04T15:00,27.2,75,31.7,3.5,3.5,63,100,4.0,72,17.385,78.4867
2025-08-04T16:00,27.8,72,32.0,0.2,0.2,51,100,6.2,21,17.385,78.4867
2025-08-04T17:00,27.4,74,32.3,0.0,0.0,3,100,1.6,186,17.385,78.4867
2025-08-04T18:00,25.1,87,29.7,0.1,0.1,51,99,5.2,344,17.385,78.4867
2025-08-04T19:00,24.9,88,29.4,0.0,0.0,3,100,4.9,324,17.385,78.4867
2025-08-04T20:00,24.9,88,29.6,0.0,0.0,3,100,3.8,289,17.385,78.4867
2025-08-04T21:00,24.7,90,29.3,0.0,0.0,3,100,5.9,308,17.385,78.4867
2025-08-04T22:00,24.6,91,29.7,0.0,0.0,3,100,3.0,335,17.385,78.4867
2025-08-04T23:00,24.5,92,29.6,0.0,0.0,3,100,3.4,286,17.385,78.4867
2025-08-05T00:00,24.3,93,29.3,0.0,0.0,3,100,3.9,313,17.385,78.4867
2025-08-05T01:00,24.1,92,28.8,0.0,0.0,3,100,3.7,331,17.385,78.4867
2025-08-05T02:00,24.0,91,28.5,0.0,0.0,3,100,3.8,343,17.385,78.4867
2025-08-05T03:00,23.8,91,28.4,0.0,0.0,3,100,3.3,311,17.385,78.4867
2025-08-05T04:00,23.8,91,28.3,0.0,0.0,3,100,3.2,289,17.385,78.4867
2025-08-05T05:00,23.6,93,28.3,0.0,0.0,3,100,2.0,297,17.385,78.4867
2025-08-05T06:00,24.7,91,29.9,0.0,0.0,3,97,2.3,86,17.385,78.4867
2025-08-05T07:00,25.9,85,31.2,0.0,0.0,3,100,1.3,90,17.385,78.4867
2025-08-05T08:00,27.5,76,32.3,0.0,0.0,3,100,3.7,101,17.385,78.4867
2025-08-05T09:00,28.3,72,33.1,0.1,0.1,51,100,3.8,169,17.385,78.4867
2025-08-05T10:00,26.1,76,29.9,3.4,3.4,63,100,6.8,177,17.385,78.4867
2025-08-05T11:00,25.5,81,29.8,2.3,2.3,61,100,4.2,12,17.385,78.4867
2025-08-05T12:00,27.3,76,33.0,0.0,0.0,3,98,2.3,342,17.385,78.4867
2025-08-05T13:00,28.9,69,36.1,0.4,0.4,51,97,0.8,135,17.385,78.4867
2025-08-05T14:00,29.2,66,34.6,0.2,0.2,51,98,1.9,22,17.385,78.4867
2025-08-05T15:00,29.6,65,35.0,0.1,0.1,51,98,0.9,349,17.385,78.4867
2025-08-05T16:00,29.1,66,33.4,0.1,0.1,51,75,4.3,48,17.385,78.4867
2025-08-05T17:00,29.0,67,33.3,0.0,0.0,3,100,4.7,50,17.385,78.4867
2025-08-05T18:00,29.3,65,33.9,0.0,0.0,3,93,1.9,304,17.385,78.4867
2025-08-05T19:00,28.1,74,33.0,0.0,0.0,3,95,3.2,333,17.385,78.4867
2025-08-05T20:00,27.2,79,31.8,0.0,0.0,1,41,6.9,23,17.385,78.4867
2025-08-05T21:00,26.4,81,30.8,0.0,0.0,1,35,7.3,44,17.385,78.4867
2025-08-05T22:00,26.1,83,30.7,0.0,0.0,3,96,5.3,52,17.385,78.4867
2025-08-05T23:00,25.8,85,30.4,0.0,0.0,3,93,6.0,63,17.385,78.4867
2025-08-06T00:00,25.4,85,29.3,0.1,0.1,51,100,9.6,93,17.385,78.4867
2025-08-06T01:00,24.5,88,28.6,0.0,0.0,1,42,6.7,90,17.385,78.4867
2025-08-06T02:00,23.5,93,28.0,1.5,1.5,61,97,4.0,252,17.385,78.4867
2025-08-06T03:00,23.1,94,27.1,3.1,3.1,63,100,6.7,128,17.385,78.4867
2025-08-06T04:00,23.0,95,27.8,0.2,0.2,51,100,0.9,259,17.385,78.4867
2025-08-06T05:00,22.8,96,27.5,0.1,0.1,51,99,1.8,114,17.385,78.4867
2025-08-06T06:00,24.0,92,28.7,0.0,0.0,3,98,3.9,164,17.385,78.4867
2025-08-06T07:00,24.8,88,29.6,0.0,0.0,0,7,3.4,180,17.385,78.4867
2025-08-06T08:00,26.2,81,30.9,0.0,0.0,0,15,3.5,231,17.385,78.4867
2025-08-06T09:00,27.4,75,32.0,0.0,0.0,2,60,4.2,211,17.385,78.4867
2025-08-06T10:00,28.7,69,34.7,0.0,0.0,3,99,3.0,213,17.385,78.4867
2025-08-06T11:00,29.8,66,37.0,0.0,0.0,3,100,0.4,207,17.385,78.4867
2025-08-06T12:00,30.4,64,38.1,0.0,0.0,3,99,0.0,270,17.385,78.4867
2025-08-06T13:00,31.1,59,37.9,0.0,0.0,3,99,2.7,118,17.385,78.4867
2025-08-06T14:00,31.5,56,36.7,0.1,0.1,51,59,5.8,124,17.385,78.4867
2025-08-06T15:00,30.8,57,35.4,0.2,0.2,51,92,3.0,104,17.385,78.4867
2025-08-06T16:00,27.8,70,31.6,1.5,1.5,61,94,6.3,2,17.385,78.4867
2025-08-06T17:00,27.4,74,32.0,0.2,0.2,51,74,2.8,18,17.385,78.4867
2025-08-06T18:00,27.6,75,32.0,0.0,0.0,1,22,6.3,342,17.385,78.4867
2025-08-06T19:00,26.6,80,31.4,0.0,0.0,1,38,3.4,3,17.385,78.4867
2025-08-06T20:00,26.2,84,31.2,0.0,0.0,0,16,4.2,301,17.385,78.4867
2025-08-06T21:00,26.0,85,31.1,0.0,0.0,1,22,3.2,326,17.385,78.4867
2025-08-06T22:00,25.8,86,31.1,0.0,0.0,2,54,2.8,333,17.385,78.4867
2025-08-06T23:00,25.6,87,30.8,0.0,0.0,3,96,2.7,332,17.385,78.4867
2025-08-07T00:00,25.2,89,30.4,0.0,0.0,3,95,3.4,344,17.385,78.4867
2025-08-07T01:00,25.0,90,30.2,0.0,0.0,3,96,2.8,333,17.385,78.4867
2025-08-07T02:00,24.7,93,30.2,0.0,0.0,3,91,1.8,354,17.385,78.4867
2025-08-07T03:00,24.6,94,30.3,0.0,0.0,3,100,0.4,243,17.385,78.4867
2025-08-07T04:00,24.4,95,29.9,0.0,0.0,3,100,2.1,250,17.385,78.4867
2025-08-07T05:00,24.3,95,29.6,0.0,0.0,3,100,2.8,285,17.385,78.4867
2025-08-07T06:00,25.6,88,30.7,0.0,0.0,3,100,3.5,215,17.385,78.4867
2025-08-07T07:00,26.1,87,31.8,0.0,0.0,3,100,1.0,121,17.385,78.4867
2025-08-07T08:00,25.7,79,29.3,3.2,3.2,63,100,7.6,83,17.385,78.4867
2025-08-07T09:00,25.1,86,29.6,0.2,0.2,51,100,4.9,82,17.385,78.4867
2025-08-07T10:00,27.1,79,32.3,0.1,0.1,51,100,2.3,129,17.385,78.4867
2025-08-07T11:00,28.4,72,34.3,0.0,0.0,3,100,1.8,156,17.385,78.4867
2025-08-07T12:00,29.3,66,35.0,0.0,0.0,3,100,2.4,261,17.385,78.4867
2025-08-07T13:00,29.6,63,34.1,0.0,0.0,3,100,2.3,288,17.385,78.4867
2025-08-07T14:00,30.0,62,34.7,0.0,0.0,3,100,3.4,3,17.385,78.4867
2025-08-07T15:00,30.0,62,34.3,0.0,0.0,3,100,4.4,348,17.385,78.4867
2025-08-07T16:00,29.2,64,33.3,0.4,0.4,51,100,4.3,360,17.385,78.4867
2025-08-07T17:00,27.0,76,31.3,2.1,2.1,61,100,5.1,343,17.385,78.4867
2025-08-07T18:00,25.3,83,29.8,1.2,1.2,55,100,2.8,310,17.385,78.4867
2025-08-07T19:00,24.2,92,29.0,2.4,2.4,61,100,3.6,323,17.385,78.4867
2025-08-07T20:00,24.2,94,29.6,4.6,4.6,63,100,0.7,14,17.385,78.4867
2025-08-07T21:00,24.3,95,29.7,4.0,4.0,63,100,2.3,331,17.385,78.4867
2025-08-07T22:00,24.3,96,29.7,3.1,3.1,63,100,2.8,320,17.385,78.4867
2025-08-07T23:00,24.1,96,29.0,2.4,2.4,61,100,5.5,281,17.385,78.4867
2025-08-08T00:00,24.0,94,28.6,2.1,2.1,61,100,5.8,275,17.385,78.4867
2025-08-08T01:00,23.8,94,28.7,1.1,1.1,55,100,2.5,249,17.385,78.4867
2025-08-08T02:00,23.7,90,28.5,0.3,0.3,51,100,0.9,90,17.385,78.4867
2025-08-08T03:00,23.1,92,27.5,0.0,0.0,3,100,2.2,166,17.385,78.4867
2025-08-08T04:00,23.2,92,27.7,0.0,0.0,3,100,2.2,275,17.385,78.4867
2025-08-08T05:00,23.4,92,27.5,0.0,0.0,3,100,5.4,268,17.385,78.4867
2025-08-08T06:00,22.5,91,26.3,0.1,0.1,51,100,3.2,267,17.385,78.4867
2025-08-08T07:00,23.1,90,26.9,0.0,0.0,3,100,5.8,292,17.385,78.4867
2025-08-08T08:00,24.7,85,28.8,0.0,0.0,3,100,5.5,261,17.385,78.4867
2025-08-08T09:00,26.2,78,30.1,0.0,0.0,3,100,6.9,276,17.385,78.4867
2025-08-08T10:00,27.6,73,32.7,0.0,0.0,3,100,7.2,298,17.385,78.4867
2025-08-08T11:00,28.3,69,33.7,0.0,0.0,3,100,7.0,305,17.385,78.4867
2025-08-08T12:00,28.5,69,33.4,0.0,0.0,3,100,6.7,314,17.385,78.4867
2025-08-08T13:00,29.2,67,35.5,0.0,0.0,3,100,5.4,312,17.385,78.4867
2025-08-08T14:00,29.5,65,35.1,0.0,0.0,3,100,5.1,315,17.385,78.4867
2025-08-08T15:00,29.3,65,33.7,0.0,0.0,3,100,3.5,321,17.385,78.4867
2025-08-08T16:00,29.2,66,33.6,0.0,0.0,3,100,4.3,345,17.385,78.4867
2025-08-08T17:00,27.4,73,31.6,0.3,0.3,51,100,5.4,48,17.385,78.4867
2025-08-08T18:00,28.0,68,32.1,0.0,0.0,3,100,3.4,252,17.385,78.4867
2025-08-08T19:00,27.0,75,31.5,0.0,0.0,3,100,3.5,249,17.385,78.4867
2025-08-08T20:00,26.7,78,31.6,0.0,0.0,3,100,1.9,241,17.385,78.4867
2025-08-08T21:00,26.1,81,30.6,0.0,0.0,3,100,4.7,254,17.385,78.4867
2025-08-08T22:00,25.5,84,29.8,0.0,0.0,3,100,6.3,270,17.385,78.4867
2025-08-08T23:00,25.1,86,29.6,0.0,0.0,3,100,5.0,270,17.385,78.4867
2025-08-09T00:00,24.7,89,29.5,0.0,0.0,3,100,2.9,266,17.385,78.4867
2025-08-09T01:00,24.4,90,29.3,0.0,0.0,3,100,2.3,309,17.385,78.4867
2025-08-09T02:00,24.0,92,28.8,0.0,0.0,3,100,3.4,288,17.385,78.4867
2025-08-09T03:00,23.9,93,28.6,0.0,0.0,3,100,3.6,307,17.385,78.4867
2025-08-09T04:00,22.1,97,25.9,0.9,0.9,53,100,6.3,3,17.385,78.4867
2025-08-09T05:00,21.8,95,25.4,0.7,0.7,53,100,5.1,337,17.385,78.4867
2025-08-09T06:00,22.2,96,25.6,1.5,1.5,61,100,8.0,337,17.385,78.4867
2025-08-09T07:00,22.8,93,26.7,0.4,0.4,51,100,5.3,288,17.385,78.4867
2025-08-09T08:00,23.0,93,26.4,0.4,0.4,51,100,9.8,278,17.385,78.4867
2025-08-09T09:00,23.7,87,26.9,0.7,0.7,53,100,8.9,302,17.385,78.4867
2025-08-09T10:00,23.9,88,27.8,0.3,0.3,51,100,6.3,297,17.385,78.4867
2025-08-09T11:00,24.8,83,28.6,0.1,0.1,51,100,6.2,303,17.385,78.4867
2025-08-09T12:00,26.1,79,30.6,0.0,0.0,3,100,4.9,298,17.385,78.4867
2025-08-09T13:00,27.2,74,32.7,0.1,0.1,51,92,4.6,301,17.385,78.4867
2025-08-09T14:00,28.1,70,33.9,0.1,0.1,51,100,3.8,301,17.385,78.4867
2025-08-09T15:00,27.9,71,32.3,0.0,0.0,3,100,6.4,320,17.385,78.4867
2025-08-09T16:00,28.1,67,31.9,0.0,0.0,1,38,5.9,313,17.385,78.4867
2025-08-09T17:00,27.8,68,31.5,0.0,0.0,2,59,6.0,299,17.385,78.4867
2025-08-09T18:00,26.0,80,30.1,0.0,0.0,3,100,7.0,282,17.385,78.4867
2025-08-09T19:00,25.4,83,29.5,0.0,0.0,3,100,7.1,294,17.385,78.4867
2025-08-09T20:00,25.0,86,29.3,0.0,0.0,3,100,6.7,273,17.385,78.4867
2025-08-09T21:00,24.5,89,28.6,0.1,0.1,51,100,7.6,288,17.385,78.4867
2025-08-09T22:00,24.2,89,28.4,0.1,0.1,51,100,5.6,270,17.385,78.4867
2025-08-09T23:00,23.8,90,27.8,0.0,0.0,3,100,7.0,271,17.385,78.4867
2025-08-10T00:00,23.7,91,27.7,0.0,0.0,3,100,6.4,281,17.385,78.4867
2025-08-10T01:00,23.4,93,27.4,0.0,0.0,3,100,7.0,260,17.385,78.4867
2025-08-10T02:00,23.2,95,27.2,0.0,0.0,3,100,7.5,262,17.385,78.4867
2025-08-10T03:00,23.0,96,26.9,0.0,0.0,2,79,7.4,273,17.385,78.4867
2025-08-10T04:00,22.8,96,26.4,0.0,0.0,3,100,9.2,287,17.385,78.4867
2025-08-10T05:00,22.8,94,26.5,0.0,0.0,3,94,7.5,287,17.385,78.4867
2025-08-10T06:00,22.8,95,26.4,0.1,0.1,51,99,9.0,282,17.385,78.4867
2025-08-10T07:00,23.6,90,26.7,0.0,0.0,3,100,11.7,299,17.385,78.4867
2025-08-10T08:00,24.3,85,27.5,0.0,0.0,3,100,10.7,310,17.385,78.4867
2025-08-10T09:00,25.9,77,29.0,0.0,0.0,3,100,10.7,306,17.385,78.4867
2025-08-10T10:00,26.9,74,30.5,0.1,0.1,51,99,8.9,313,17.385,78.4867
2025-08-10T11:00,28.0,71,33.4,0.1,0.1,51,100,7.3,314,17.385,78.4867
2025-08-10T12:00,28.3,71,33.7,0.3,0.3,51,100,6.2,308,17.385,78.4867
2025-08-10T13:00,27.6,73,32.0,6.6,6.6,63,100,4.3,303,17.385,78.4867
2025-08-10T14:00,28.5,67,33.4,0.2,0.2,51,100,5.0,229,17.385,78.4867
2025-08-10T15:00,26.2,77,29.7,1.5,1.5,61,100,9.4,240,17.385,78.4867
2025-08-10T16:00,24.8,82,28.4,4.9,4.9,63,100,7.4,302,17.385,78.4867
2025-08-10T17:00,24.7,84,28.9,0.1,0.1,51,99,4.3,294,17.385,78.4867
2025-08-10T18:00,24.5,86,28.9,0.1,0.1,51,100,3.4,47,17.385,78.4867
2025-08-10T19:00,24.4,88,28.8,0.1,0.1,51,100,4.6,283,17.385,78.4867
2025-08-10T20:00,24.0,91,28.3,0.4,0.4,51,100,5.9,259,17.385,78.4867
2025-08-10T21:00,23.8,93,28.4,0.4,0.4,51,95,4.0,249,17.385,78.4867
2025-08-10T22:00,23.7,93,28.0,0.1,0.1,51,44,5.6,253,17.385,78.4867
2025-08-10T23:00,23.3,95,27.3,0.0,0.0,2,68,7.8,261,17.385,78.4867
2025-08-11T00:00,23.1,93,26.4,0.0,0.0,3,83,10.3,254,17.385,78.4867
2025-08-11T01:00,22.5,95,25.9,0.0,0.0,2,67,9.4,266,17.385,78.4867
2025-08-11T02:00,22.5,95,25.9,0.0,0.0,1,42,8.5,283,17.385,78.4867
2025-08-11T03:00,22.4,95,25.9,0.0,0.0,1,44,8.1,274,17.385,78.4867
2025-08-11T04:00,22.3,95,25.5,0.0,0.0,1,39,9.5,270,17.385,78.4867
2025-08-11T05:00,22.3,95,25.4,0.0,0.0,2,61,9.9,268,17.385,78.4867
2025-08-11T06:00,22.8,93,25.6,0.1,0.1,51,100,12.5,282,17.385,78.4867
2025-08-11T07:00,23.3,91,26.6,0.1,0.1,51,100,10.4,290,17.385,78.4867
2025-08-11T08:00,24.7,82,27.3,0.0,0.0,3,100,14.1,304,17.385,78.4867
2025-08-11T09:00,25.8,78,28.9,0.1,0.1,51,96,11.8,304,17.385,78.4867
2025-08-11T10:00,27.2,76,31.7,0.1,0.1,51,99,11.3,304,17.385,78.4867
2025-08-11T11:00,28.1,72,33.0,0.2,0.2,51,100,10.7,305,17.385,78.4867
2025-08-11T12:00,28.6,69,33.5,0.3,0.3,51,100,10.4,306,17.385,78.4867
2025-08-11T13:00,28.5,66,32.1,0.2,0.2,51,99,10.6,293,17.385,78.4867
2025-08-11T14:00,27.9,71,31.3,0.0,0.0,3,93,9.8,316,17.385,78.4867
2025-08-11T15:00,27.5,72,31.1,2.4,2.4,61,94,8.6,293,17.385,78.4867
2025-08-11T16:00,26.0,79,30.5,3.8,3.8,63,87,2.9,266,17.385,78.4867
2025-08-11T17:00,25.0,82,28.4,0.4,0.4,51,74,8.6,272,17.385,78.4867
2025-08-11T18:00,25.1,85,28.9,0.8,0.8,53,100,9.4,281,17.385,78.4867
2025-08-11T19:00,24.6,87,28.2,0.0,0.0,3,100,9.9,280,17.385,78.4867
2025-08-11T20:00,24.5,88,28.3,0.2,0.2,51,100,8.6,259,17.385,78.4867
2025-08-11T21:00,23.9,89,27.5,1.0,1.0,55,100,9.3,260,17.385,78.4867
2025-08-11T22:00,23.6,90,26.9,0.0,0.0,3,95,9.9,260,17.385,78.4867
2025-08-11T23:00,23.2,90,26.1,0.0,0.0,1,46,12.1,263,17.385,78.4867
2025-08-12T00:00,22.5,94,24.9,0.0,0.0,3,94,14.9,262,17.385,78.4867
2025-08-12T01:00,22.4,93,25.1,0.0,0.0,3,81,12.1,277,17.385,78.4867
2025-08-12T02:00,22.5,92,25.2,0.0,0.0,3,96,11.9,284,17.385,78.4867
2025-08-12T03:00,22.4,92,25.1,0.0,0.0,3,91,12.0,292,17.385,78.4867
2025-08-12T04:00,22.3,93,25.1,0.0,0.0,3,100,10.6,294,17.385,78.4867
2025-08-12T05:00,22.2,93,25.0,0.0,0.0,3,98,11.5,292,17.385,78.4867
2025-08-12T06:00,22.6,95,25.3,0.4,0.4,51,100,13.5,295,17.385,78.4867
2025-08-12T07:00,22.9,93,25.8,0.9,0.9,53,100,12.9,291,17.385,78.4867
2025-08-12T08:00,23.4,92,26.7,0.4,0.4,51,99,11.1,300,17.385,78.4867
2025-08-12T09:00,24.5,86,27.5,0.1,0.1,51,99,13.3,303,17.385,78.4867
2025-08-12T10:00,26.5,75,29.8,0.1,0.1,51,99,15.2,312,17.385,78.4867
2025-08-12T11:00,27.5,70,31.3,0.0,0.0,2,64,14.8,318,17.385,78.4867
2025-08-12T12:00,28.2,68,32.6,0.0,0.0,3,85,14.0,313,17.385,78.4867
2025-08-12T13:00,28.5,68,32.4,0.1,0.1,51,75,14.7,312,17.385,78.4867
2025-08-12T14:00,28.5,70,33.5,1.2,1.2,55,100,9.8,290,17.385,78.4867
2025-08-12T15:00,27.5,72,31.2,0.4,0.4,51,100,7.6,284,17.385,78.4867
2025-08-12T16:00,26.6,75,30.2,0.8,0.8,53,99,7.5,287,17.385,78.4867
2025-08-12T17:00,26.6,76,30.3,0.0,0.0,3,100,8.4,261,17.385,78.4867
2025-08-12T18:00,26.4,78,30.0,0.0,0.0,3,99,9.0,273,17.385,78.4867
2025-08-12T19:00,25.6,81,29.2,0.0,0.0,3,100,8.9,263,17.385,78.4867
2025-08-12T20:00,25.0,83,28.4,0.0,0.0,3,100,9.6,257,17.385,78.4867
2025-08-12T21:00,24.8,84,28.2,0.0,0.0,3,100,9.7,269,17.385,78.4867
2025-08-12T22:00,24.5,85,27.9,0.0,0.0,3,100,10.2,263,17.385,78.4867
2025-08-12T23:00,24.2,85,26.5,0.0,0.0,3,100,16.4,262,17.385,78.4867
2025-08-13T00:00,23.0,89,25.3,0.0,0.0,3,100,14.3,274,17.385,78.4867
2025-08-13T01:00,22.5,90,24.8,0.2,0.2,51,100,13.2,292,17.385,78.4867
2025-08-13T02:00,22.4,91,24.7,0.3,0.3,51,100,13.7,293,17.385,78.4867
2025-08-13T03:00,22.3,92,24.6,0.2,0.2,51,100,14.2,288,17.385,78.4867
2025-08-13T04:00,22.3,93,25.0,0.0,0.0,3,100,11.5,292,17.385,78.4867
2025-08-13T05:00,22.2,93,24.8,0.1,0.1,51,100,12.3,284,17.385,78.4867
2025-08-13T06:00,22.7,94,25.8,0.1,0.1,51,100,11.4,286,17.385,78.4867
2025-08-13T07:00,23.2,92,26.3,0.0,0.0,3,100,11.8,286,17.385,78.4867
2025-08-13T08:00,23.8,89,26.9,0.1,0.1,51,100,12.2,289,17.385,78.4867
2025-08-13T09:00,25.6,84,28.8,0.1,0.1,51,100,14.1,289,17.385,78.4867
2025-08-13T10:00,25.5,80,28.2,0.1,0.1,51,100,13.7,308,17.385,78.4867
2025-08-13T11:00,25.4,79,27.9,1.0,1.0,55,100,15.0,299,17.385,78.4867
2025-08-13T12:00,25.2,80,27.4,0.5,0.5,53,100,16.5,300,17.385,78.4867
2025-08-13T13:00,26.1,80,30.0,0.7,0.7,53,100,13.6,296,17.385,78.4867
2025-08-13T14:00,25.7,78,27.8,0.3,0.3,51,100,17.3,289,17.385,78.4867
2025-08-13T15:00,26.3,79,29.1,0.2,0.2,51,100,15.6,291,17.385,78.4867
2025-08-13T16:00,25.9,79,29.1,0.1,0.1,51,100,11.8,296,17.385,78.4867
2025-08-13T17:00,25.8,79,29.1,0.7,0.7,53,100,9.7,281,17.385,78.4867
2025-08-13T18:00,23.0,92,26.2,2.3,2.3,61,100,10.6,271,17.385,78.4867
2025-08-13T19:00,22.7,94,26.2,0.7,0.7,53,100,8.4,247,17.385,78.4867
2025-08-13T20:00,22.9,94,26.3,0.2,0.2,51,100,9.6,266,17.385,78.4867
2025-08-13T21:00,22.9,94,26.4,0.6,0.6,53,100,9.3,257,17.385,78.4867
2025-08-13T22:00,22.6,96,26.2,1.5,1.5,61,100,9.0,269,17.385,78.4867
2025-08-13T23:00,22.4,96,25.8,1.8,1.8,61,100,9.9,266,17.385,78.4867
2025-08-14T00:00,22.4,97,26.1,1.5,1.5,61,100,7.3,260,17.385,78.4867
2025-08-14T01:00,22.3,97,25.5,1.5,1.5,61,100,10.3,272,17.385,78.4867
2025-08-14T02:00,22.1,96,25.3,1.1,1.1,55,100,9.9,272,17.385,78.4867
2025-08-14T03:00,22.0,96,24.9,0.5,0.5,53,100,11.9,273,17.385,78.4867
2025-08-14T04:00,22.0,96,24.8,0.9,0.9,53,100,12.3,276,17.385,78.4867
2025-08-14T05:00,21.9,96,24.7,2.2,2.2,61,100,11.7,271,17.385,78.4867
2025-08-14T06:00,22.2,95,25.1,0.0,0.0,3,100,11.6,265,17.385,78.4867
2025-08-14T07:00,22.7,92,25.2,0.0,0.0,3,100,14.2,267,17.385,78.4867
2025-08-14T08:00,23.3,89,25.8,0.0,0.0,3,100,13.7,270,17.385,78.4867
2025-08-14T09:00,23.6,88,26.5,0.0,0.0,3,100,11.8,276,17.385,78.4867
2025-08-14T10:00,24.0,85,26.5,0.1,0.1,51,100,13.8,279,17.385,78.4867
2025-08-14T11:00,24.6,82,27.1,0.0,0.0,3,100,13.5,280,17.385,78.4867
2025-08-14T12:00,25.9,76,28.3,0.1,0.1,51,100,13.7,283,17.385,78.4867
2025-08-14T13:00,26.7,72,30.0,0.1,0.1,51,100,13.6,275,17.385,78.4867
2025-08-14T14:00,27.3,68,30.2,0.0,0.0,3,100,13.0,274,17.385,78.4867
2025-08-14T15:00,27.4,67,29.7,0.0,0.0,3,100,13.1,271,17.385,78.4867
2025-08-14T16:00,27.2,68,29.4,0.0,0.0,3,100,13.3,268,17.385,78.4867
2025-08-14T17:00,26.3,76,29.4,0.2,0.2,51,100,11.2,260,17.385,78.4867
2025-08-14T18:00,25.3,80,28.5,0.0,0.0,3,100,9.8,275,17.385,78.4867
2025-08-14T19:00,24.7,83,28.2,0.0,0.0,3,100,8.3,256,17.385,78.4867
2025-08-14T20:00,24.4,85,27.8,0.0,0.0,3,100,9.4,258,17.385,78.4867
2025-08-14T21:00,24.0,86,27.0,0.2,0.2,51,100,11.1,248,17.385,78.4867
2025-08-14T22:00,23.3,89,26.1,0.2,0.2,51,100,12.1,265,17.385,78.4867
2025-08-14T23:00,22.9,90,25.6,0.2,0.2,51,100,12.6,260,17.385,78.4867
2025-08-15T00:00,22.7,92,25.2,0.7,0.7,53,100,13.3,268,17.385,78.4867
2025-08-15T01:00,22.5,93,24.8,0.2,0.2,51,100,15.4,263,17.385,78.4867
2025-08-15T02:00,22.3,94,24.6,0.1,0.1,51,100,14.8,269,17.385,78.4867
2025-08-15T03:00,22.5,93,24.8,0.1,0.1,51,100,15.3,269,17.385,78.4867
2025-08-15T04:00,22.6,92,24.9,0.0,0.0,3,100,15.3,271,17.385,78.4867
2025-08-15T05:00,22.7,92,25.0,0.0,0.0,3,100,15.0,275,17.385,78.4867
2025-08-15T06:00,22.5,93,25.0,0.0,0.0,3,100,13.6,277,17.385,78.4867
2025-08-15T07:00,23.2,91,26.1,0.0,0.0,3,100,12.3,273,17.385,78.4867
2025-08-15T08:00,24.0,85,25.9,0.0,0.0,3,100,18.1,276,17.385,78.4867
2025-08-15T09:00,25.2,79,27.2,0.2,0.2,51,100,17.4,281,17.385,78.4867
2025-08-15T10:00,26.0,75,28.0,0.2,0.2,51,100,17.5,285,17.385,78.4867
2025-08-15T11:00,26.2,75,28.4,0.3,0.3,51,100,15.9,290,17.385,78.4867
2025-08-15T12:00,26.8,76,29.8,0.1,0.1,51,100,13.5,289,17.385,78.4867
2025-08-15T13:00,27.6,72,30.7,0.1,0.1,51,100,12.8,281,17.385,78.4867
2025-08-15T14:00,24.9,84,27.8,1.5,1.5,61,100,13.1,312,17.385,78.4867
2025-08-15T15:00,26.6,79,30.2,0.1,0.1,51,100,11.8,276,17.385,78.4867
2025-08-15T16:00,26.3,75,29.1,0.3,0.3,51,100,12.6,279,17.385,78.4867
2025-08-15T17:00,26.2,78,29.4,0.0,0.0,3,100,11.6,276,17.385,78.4867
2025-08-15T18:00,26.1,79,29.8,0.0,0.0,3,100,9.1,278,17.385,78.4867
2025-08-15T19:00,24.4,85,28.2,0.6,0.6,53,100,6.8,270,17.385,78.4867
2025-08-15T20:00,24.6,86,28.3,0.1,0.1,51,100,8.5,274,17.385,78.4867
2025-08-15T21:00,23.9,89,26.9,0.2,0.2,51,100,13.6,259,17.385,78.4867
2025-08-15T22:00,22.9,91,25.4,0.0,0.0,3,100,14.5,263,17.385,78.4867
2025-08-15T23:00,22.6,94,25.3,0.0,0.0,3,100,13.1,268,17.385,78.4867
2025-08-16T00:00,22.6,94,25.3,0.0,0.0,3,100,13.3,272,17.385,78.4867
2025-08-16T01:00,22.6,93,25.1,0.0,0.0,3,100,14.2,278,17.385,78.4867
2025-08-16T02:00,22.5,93,24.7,0.0,0.0,3,100,15.7,275,17.385,78.4867
2025-08-16T03:00,22.6,92,24.8,0.0,0.0,3,100,15.1,278,17.385,78.4867
2025-08-16T04:00,22.8,91,24.9,0.0,0.0,3,100,15.7,279,17.385,78.4867
2025-08-16T05:00,22.9,90,25.0,0.1,0.1,51,100,15.6,286,17.385,78.4867
2025-08-16T06:00,23.1,91,25.5,0.1,0.1,51,100,15.5,283,17.385,78.4867
2025-08-16T07:00,23.3,91,25.9,0.1,0.1,51,100,15.0,283,17.385,78.4867
2025-08-16T08:00,23.8,89,26.5,0.1,0.1,51,100,14.3,281,17.385,78.4867
2025-08-16T09:00,24.2,87,26.4,0.2,0.2,51,100,17.6,284,17.385,78.4867
2025-08-16T10:00,24.6,84,26.3,0.3,0.3,51,100,20.1,297,17.385,78.4867
2025-08-16T11:00,25.2,80,26.9,0.2,0.2,51,100,20.4,293,17.385,78.4867
2025-08-16T12:00,26.3,75,27.8,0.1,0.1,51,100,21.2,295,17.385,78.4867
2025-08-16T13:00,26.2,77,28.3,0.3,0.3,51,100,18.2,297,17.385,78.4867
2025-08-16T14:00,26.6,75,28.9,0.2,0.2,51,99,18.4,294,17.385,78.4867
2025-08-16T15:00,26.9,73,29.2,0.2,0.2,51,99,18.9,294,17.385,78.4867
2025-08-16T16:00,26.5,75,28.8,0.1,0.1,51,100,16.9,290,17.385,78.4867
2025-08-16T17:00,25.5,81,28.6,0.0,0.0,3,100,12.6,281,17.385,78.4867
2025-08-16T18:00,24.7,84,27.8,0.0,0.0,3,100,11.6,262,17.385,78.4867
2025-08-16T19:00,24.1,87,27.2,0.0,0.0,3,100,11.5,267,17.385,78.4867
2025-08-16T20:00,23.9,88,27.0,0.0,0.0,3,100,11.0,273,17.385,78.4867
2025-08-16T21:00,23.7,89,26.8,0.0,0.0,3,99,11.7,270,17.385,78.4867
2025-08-16T22:00,23.5,89,26.5,0.0,0.0,3,99,11.2,268,17.385,78.4867
2025-08-16T23:00,23.4,90,26.2,0.0,0.0,3,100,12.5,264,17.385,78.4867
2025-08-17T00:00,23.3,91,25.8,0.0,0.0,3,100,15.0,260,17.385,78.4867
2025-08-17T01:00,22.9,90,25.3,0.0,0.0,3,100,14.3,264,17.385,78.4867
2025-08-17T02:00,22.6,91,24.9,0.0,0.0,3,100,14.6,271,17.385,78.4867
2025-08-17T03:00,22.6,90,24.9,0.0,0.0,3,99,13.9,275,17.385,78.4867
2025-08-17T04:00,22.6,91,25.0,0.0,0.0,3,100,13.0,276,17.385,78.4867
2025-08-17T05:00,22.5,91,24.9,0.0,0.0,3,100,13.4,275,17.385,78.4867
2025-08-17T06:00,22.8,90,25.4,0.0,0.0,3,100,12.6,272,17.385,78.4867
2025-08-17T07:00,23.4,89,26.4,0.1,0.1,51,100,10.3,272,17.385,78.4867
2025-08-17T08:00,23.6,88,26.6,0.1,0.1,51,100,10.8,274,17.385,78.4867
2025-08-17T09:00,23.9,86,26.5,0.1,0.1,51,100,13.9,269,17.385,78.4867
2025-08-17T10:00,24.3,84,26.7,0.4,0.4,51,100,15.0,265,17.385,78.4867
2025-08-17T11:00,25.1,81,27.4,0.4,0.4,51,100,15.7,271,17.385,78.4867
2025-08-17T12:00,24.7,83,27.3,0.6,0.6,53,100,14.5,264,17.385,78.4867
2025-08-17T13:00,25.6,80,28.1,0.1,0.1,51,100,15.3,268,17.385,78.4867
2025-08-17T14:00,26.6,79,29.8,0.1,0.1,51,100,15.1,273,17.385,78.4867
2025-08-17T15:00,26.6,76,28.9,0.7,0.7,53,100,17.4,259,17.385,78.4867
2025-08-17T16:00,24.3,89,28.1,0.5,0.5,53,100,8.7,266,17.385,78.4867
2025-08-17T17:00,24.4,90,28.0,0.1,0.1,51,100,10.8,259,17.385,78.4867
2025-08-17T18:00,24.1,88,27.4,1.6,1.6,61,100,11.0,259,17.385,78.4867
2025-08-17T19:00,23.8,90,27.3,0.1,0.1,51,100,10.1,250,17.385,78.4867
2025-08-17T20:00,23.7,90,27.1,0.0,0.0,3,100,10.3,247,17.385,78.4867
2025-08-17T21:00,23.5,91,26.8,0.1,0.1,51,100,10.6,247,17.385,78.4867
2025-08-17T22:00,23.0,92,25.5,1.0,1.0,55,100,15.1,245,17.385,78.4867
2025-08-17T23:00,22.7,95,25.4,1.5,1.5,61,100,14.8,257,17.385,78.4867
2025-08-18T00:00,22.6,95,24.5,1.4,1.4,61,100,19.3,268,17.385,78.4867
2025-08-18T01:00,22.6,94,24.6,1.1,1.1,55,100,18.0,278,17.385,78.4867
2025-08-18T02:00,22.6,94,24.7,0.5,0.5,53,100,17.2,280,17.385,78.4867
2025-08-18T03:00,22.5,94,24.6,0.5,0.5,53,100,17.6,276,17.385,78.4867
2025-08-18T04:00,22.4,94,24.0,1.3,1.3,61,100,20.2,278,17.385,78.4867
2025-08-18T05:00,22.4,95,24.4,1.8,1.8,61,100,18.0,272,17.385,78.4867
2025-08-18T06:00,22.6,91,24.5,0.0,0.0,3,100,17.4,277,17.385,78.4867
2025-08-18T07:00,22.9,90,24.9,0.0,0.0,3,100,16.3,275,17.385,78.4867
2025-08-18T08:00,23.6,87,25.1,1.1,1.1,55,100,20.5,277,17.385,78.4867
2025-08-18T09:00,24.1,85,26.1,0.1,0.1,51,100,17.6,276,17.385,78.4867
2025-08-18T10:00,24.3,84,26.3,0.5,0.5,53,100,17.2,275,17.385,78.4867
2025-08-18T11:00,24.5,82,26.3,0.3,0.3,51,100,18.2,271,17.385,78.4867
2025-08-18T12:00,24.7,81,26.8,0.3,0.3,51,100,16.4,274,17.385,78.4867
2025-08-18T13:00,24.9,81,26.8,0.3,0.3,51,100,18.6,274,17.385,78.4867
2025-08-18T14:00,25.7,79,27.4,0.2,0.2,51,100,20.9,266,17.385,78.4867
2025-08-18T15:00,25.1,80,26.6,0.2,0.2,51,100,20.2,269,17.385,78.4867
2025-08-18T16:00,25.4,80,27.6,0.1,0.1,51,100,18.0,261,17.385,78.4867
2025-08-18T17:00,23.8,88,25.3,1.2,1.2,55,100,22.1,270,17.385,78.4867
2025-08-18T18:00,23.8,87,25.5,0.2,0.2,51,100,19.3,267,17.385,78.4867
2025-08-18T19:00,23.6,87,25.1,0.3,0.3,51,100,20.4,267,17.385,78.4867
2025-08-18T20:00,23.5,88,25.0,0.5,0.5,53,100,20.7,270,17.385,78.4867
2025-08-18T21:00,23.3,89,24.8,0.5,0.5,53,100,20.9,272,17.385,78.4867
2025-08-18T22:00,23.0,91,24.2,1.2,1.2,55,100,22.9,270,17.385,78.4867
2025-08-18T23:00,22.6,94,23.9,2.0,2.0,61,100,23.4,270,17.385,78.4867
2025-08-19T00:00,22.4,94,23.8,1.4,1.4,61,100,22.3,270,17.385,78.4867
2025-08-19T01:00,22.5,93,23.7,0.6,0.6,53,100,22.3,269,17.385,78.4867
2025-08-19T02:00,22.3,92,23.5,0.2,0.2,51,100,21.6,269,17.385,78.4867
2025-08-19T03:00,22.3,91,23.5,0.2,0.2,51,100,21.1,271,17.385,78.4867
2025-08-19T04:00,22.3,91,23.5,0.2,0.2,51,100,20.5,271,17.385,78.4867
2025-08-19T05:00,22.1,92,23.4,1.1,1.1,55,100,19.4,269,17.385,78.4867
2025-08-19T06:00,22.2,93,23.7,0.3,0.3,51,100,18.9,266,17.385,78.4867
2025-08-19T07:00,22.4,91,23.9,0.3,0.3,51,100,18.8,265,17.385,78.4867
2025-08-19T08:00,23.4,87,24.7,0.2,0.2,51,100,21.2,270,17.385,78.4867
2025-08-19T09:00,24.6,81,26.1,0.1,0.1,51,100,19.8,267,17.385,78.4867
2025-08-19T10:00,25.6,74,26.4,0.2,0.2,51,100,23.0,269,17.385,78.4867
2025-08-19T11:00,26.7,73,28.7,0.5,0.5,53,100,21.5,267,17.385,78.4867
2025-08-19T12:00,25.9,79,29.2,1.1,1.1,55,100,17.1,262,17.385,78.4867
2025-08-19T13:00,26.9,69,27.6,0.1,0.1,51,100,25.5,261,17.385,78.4867
2025-08-19T14:00,24.7,83,26.4,0.5,0.5,53,100,20.3,253,17.385,78.4867
2025-08-19T15:00,25.2,80,26.3,0.2,0.2,51,100,24.2,257,17.385,78.4867
2025-08-19T16:00,24.6,82,26.1,0.1,0.1,51,100,20.7,257,17.385,78.4867
2025-08-19T17:00,24.0,85,26.0,0.1,0.1,51,100,18.0,256,17.385,78.4867
2025-08-19T18:00,23.9,85,25.5,0.0,0.0,3,98,19.7,258,17.385,78.4867
2025-08-19T19:00,23.8,84,25.3,0.0,0.0,3,100,19.9,260,17.385,78.4867
2025-08-19T20:00,23.9,84,25.3,0.0,0.0,3,100,19.9,261,17.385,78.4867
2025-08-19T21:00,23.7,84,25.0,0.0,0.0,3,100,20.4,261,17.385,78.4867
2025-08-19T22:00,23.5,84,24.6,0.0,0.0,3,95,21.1,263,17.385,78.4867
2025-08-19T23:00,23.2,84,24.3,0.0,0.0,3,99,19.9,264,17.385,78.4867
2025-08-20T00:00,23.0,85,24.3,0.0,0.0,3,100,18.7,262,17.385,78.4867
2025-08-20T01:00,22.8,87,24.3,0.1,0.1,51,100,18.1,264,17.385,78.4867
2025-08-20T02:00,22.7,88,24.2,0.1,0.1,51,100,18.1,263,17.385,78.4867
2025-08-20T03:00,22.8,88,24.5,0.0,0.0,3,100,17.0,265,17.385,78.4867
2025-08-20T04:00,22.8,88,24.4,0.2,0.2,51,100,17.3,261,17.385,78.4867
2025-08-20T05:00,22.8,88,24.4,0.0,0.0,3,99,17.6,259,17.385,78.4867
2025-08-20T06:00,22.9,88,25.0,0.0,0.0,1,40,15.1,261,17.385,78.4867
2025-08-20T07:00,23.6,87,26.0,0.0,0.0,3,98,14.2,249,17.385,78.4867
2025-08-20T08:00,24.1,85,26.1,0.3,0.3,51,99,17.8,256,17.385,78.4867
2025-08-20T09:00,24.4,85,26.6,0.7,0.7,53,97,17.3,253,17.385,78.4867
2025-08-20T10:00,25.6,78,27.2,0.1,0.1,51,100,20.8,258,17.385,78.4867
2025-08-20T11:00,25.7,79,27.4,0.3,0.3,51,100,21.0,258,17.385,78.4867
2025-08-20T12:00,26.1,77,27.8,0.2,0.2,51,99,21.3,257,17.385,78.4867
2025-08-20T13:00,26.4,75,27.8,0.1,0.1,51,94,21.8,254,17.385,78.4867
2025-08-20T14:00,27.5,74,30.6,0.1,0.1,51,99,18.8,255,17.385,78.4867
2025-08-20T15:00,27.1,75,29.9,0.0,0.0,3,99,16.6,252,17.385,78.4867
2025-08-20T16:00,26.7,75,29.3,0.0,0.0,3,100,15.3,252,17.385,78.4867
2025-08-20T17:00,26.3,79,29.7,0.2,0.2,51,100,11.8,251,17.385,78.4867
2025-08-20T18:00,25.5,81,28.5,0.0,0.0,3,100,13.1,247,17.385,78.4867
2025-08-20T19:00,25.4,80,27.9,0.0,0.0,3,100,14.6,248,17.385,78.4867
2025-08-20T20:00,24.9,82,27.4,0.1,0.1,51,100,14.7,247,17.385,78.4867
2025-08-20T21:00,24.3,85,26.9,0.2,0.2,51,99,14.2,248,17.385,78.4867
2025-08-20T22:00,24.2,85,26.9,0.1,0.1,51,93,13.7,251,17.385,78.4867
2025-08-20T23:00,24.0,85,26.4,0.0,0.0,2,52,14.3,251,17.385,78.4867
2025-08-21T00:00,23.8,84,25.8,0.0,0.0,2,76,15.8,253,17.385,78.4867
2025-08-21T01:00,23.6,84,25.4,0.0,0.0,1,46,16.1,254,17.385,78.4867
2025-08-21T02:00,23.2,85,25.1,0.0,0.0,3,99,15.4,259,17.385,78.4867
2025-08-21T03:00,23.0,86,24.7,0.0,0.0,3,99,15.8,262,17.385,78.4867
2025-08-21T04:00,22.7,87,24.5,0.0,0.0,3,100,15.2,263,17.385,78.4867
2025-08-21T05:00,22.4,88,24.2,0.0,0.0,3,100,15.1,261,17.385,78.4867
2025-08-21T06:00,23.0,86,24.9,0.0,0.0,3,99,15.0,256,17.385,78.4867
2025-08-21T07:00,23.7,85,26.2,0.0,0.0,3,100,12.6,256,17.385,78.4867
2025-08-21T08:00,24.9,78,26.2,0.0,0.0,3,100,20.6,261,17.385,78.4867
2025-08-21T09:00,26.2,72,27.3,0.0,0.0,3,100,20.8,265,17.385,78.4867
2025-08-21T10:00,27.3,68,29.3,0.0,0.0,3,99,18.8,267,17.385,78.4867
2025-08-21T11:00,27.8,68,30.2,0.0,0.0,3,100,16.4,266,17.385,78.4867
2025-08-21T12:00,28.6,64,31.5,0.0,0.0,3,100,15.8,263,17.385,78.4867
2025-08-21T13:00,29.0,62,31.2,0.0,0.0,3,100,17.0,263,17.385,78.4867
2025-08-21T14:00,29.4,61,32.5,0.0,0.0,3,100,17.0,263,17.385,78.4867
2025-08-21T15:00,29.3,62,31.8,0.0,0.0,3,99,16.0,262,17.385,78.4867
2025-08-21T16:00,29.0,64,31.3,0.1,0.1,51,91,14.9,257,17.385,78.4867
2025-08-21T17:00,28.8,65,31.8,0.0,0.0,3,100,10.9,264,17.385,78.4867
2025-08-21T18:00,27.2,72,30.5,0.0,0.0,3,100,10.0,253,17.385,78.4867
2025-08-21T19:00,26.3,76,29.7,0.0,0.0,3,100,9.3,248,17.385,78.4867
2025-08-21T20:00,25.8,78,29.2,0.0,0.0,3,100,8.8,251,17.385,78.4867
2025-08-21T21:00,25.3,80,28.6,0.0,0.0,3,99,8.8,244,17.385,78.4867
2025-08-21T22:00,25.0,80,28.1,0.0,0.0,3,100,9.2,253,17.385,78.4867
2025-08-21T23:00,24.9,79,27.7,0.0,0.0,3,100,10.3,254,17.385,78.4867
2025-08-22T00:00,24.7,79,27.3,0.0,0.0,3,100,11.7,256,17.385,78.4867
2025-08-22T01:00,24.3,81,26.7,0.0,0.0,3,100,13.0,260,17.385,78.4867
2025-08-22T02:00,24.0,82,26.2,0.0,0.0,3,100,13.6,263,17.385,78.4867
2025-08-22T03:00,23.5,83,25.6,0.0,0.0,3,100,13.8,263,17.385,78.4867
2025-08-22T04:00,23.1,84,25.0,0.0,0.0,3,100,14.0,269,17.385,78.4867
2025-08-22T05:00,22.7,86,24.5,0.0,0.0,3,100,14.6,271,17.385,78.4867
2025-08-22T06:00,23.1,86,25.1,0.0,0.0,3,100,14.6,269,17.385,78.4867
2025-08-22T07:00,23.5,85,25.8,0.0,0.0,3,100,14.1,268,17.385,78.4867
2025-08-22T08:00,24.4,80,25.9,0.0,0.0,3,100,18.5,271,17.385,78.4867
2025-08-22T09:00,25.5,73,26.8,0.0,0.0,3,100,19.1,273,17.385,78.4867
2025-08-22T10:00,27.1,66,28.3,0.0,0.0,3,100,18.9,274,17.385,78.4867
2025-08-22T11:00,28.2,62,30.1,0.0,0.0,3,100,19.1,274,17.385,78.4867
2025-08-22T12:00,28.4,62,30.5,0.0,0.0,3,100,16.8,274,17.385,78.4867
2025-08-22T13:00,28.6,63,31.7,0.1,0.1,51,100,15.5,273,17.385,78.4867
2025-08-22T14:00,28.9,61,31.6,0.0,0.0,3,100,14.1,274,17.385,78.4867
2025-08-22T15:00,28.6,64,31.1,0.0,0.0,3,100,14.2,267,17.385,78.4867
2025-08-22T16:00,28.3,66,31.1,0.0,0.0,3,100,12.2,262,17.385,78.4867
2025-08-22T17:00,27.8,70,31.2,0.0,0.0,3,100,9.1,261,17.385,78.4867
2025-08-22T18:00,26.1,76,29.0,0.0,0.0,3,100,11.4,257,17.385,78.4867
2025-08-22T19:00,25.5,79,28.7,0.0,0.0,3,100,10.2,256,17.385,78.4867
2025-08-22T20:00,25.2,79,28.0,0.0,0.0,3,100,11.0,268,17.385,78.4867
2025-08-22T21:00,24.9,79,27.7,0.0,0.0,3,100,10.4,260,17.385,78.4867
2025-08-22T22:00,24.5,81,27.6,0.0,0.0,3,100,9.3,261,17.385,78.4867
2025-08-22T23:00,24.5,81,27.1,0.0,0.0,3,100,11.6,262,17.385,78.4867
2025-08-23T00:00,24.6,77,26.6,0.0,0.0,3,100,13.7,260,17.385,78.4867
2025-08-23T01:00,24.1,79,26.0,0.0,0.0,3,100,13.8,263,17.385,78.4867
2025-08-23T02:00,23.6,81,25.6,0.0,0.0,3,100,13.5,269,17.385,78.4867
2025-08-23T03:00,23.1,83,25.0,0.0,0.0,3,100,13.7,267,17.385,78.4867
2025-08-23T04:00,22.7,85,24.6,0.0,0.0,3,100,13.5,266,17.385,78.4867
2025-08-23T05:00,22.4,86,24.2,0.0,0.0,3,100,13.9,265,17.385,78.4867
2025-08-23T06:00,22.4,86,24.0,0.0,0.0,3,99,15.4,263,17.385,78.4867
2025-08-23T07:00,23.0,84,24.5,0.0,0.0,3,100,17.0,265,17.385,78.4867
2025-08-23T08:00,24.3,77,25.0,0.0,0.0,3,100,20.9,267,17.385,78.4867
2025-08-23T09:00,25.4,71,26.1,0.0,0.0,3,100,20.7,268,17.385,78.4867
2025-08-23T10:00,26.7,65,27.5,0.0,0.0,3,100,20.9,271,17.385,78.4867
2025-08-23T11:00,28.0,60,29.7,0.0,0.0,3,100,20.6,275,17.385,78.4867
2025-08-23T12:00,28.2,63,31.3,0.0,0.0,3,100,16.4,268,17.385,78.4867
2025-08-23T13:00,28.7,62,31.6,0.0,0.0,3,100,15.7,269,17.385,78.4867
2025-08-23T14:00,28.8,62,31.5,0.0,0.0,3,100,15.1,269,17.385,78.4867
2025-08-23T15:00,27.4,67,29.9,0.1,0.1,51,100,15.3,274,17.385,78.4867
2025-08-23T16:00,28.0,67,30.7,0.0,0.0,3,100,12.3,262,17.385,78.4867
2025-08-23T17:00,27.0,71,29.4,0.0,0.0,3,100,13.9,259,17.385,78.4867
2025-08-23T18:00,26.2,74,28.6,0.0,0.0,3,99,13.2,256,17.385,78.4867
2025-08-23T19:00,25.0,75,26.5,0.0,0.0,3,100,16.6,254,17.385,78.4867
2025-08-23T20:00,24.5,77,26.5,0.0,0.0,3,100,13.2,260,17.385,78.4867
2025-08-23T21:00,24.4,78,26.5,0.0,0.0,3,100,13.1,263,17.385,78.4867
2025-08-23T22:00,24.5,78,26.5,0.0,0.0,3,100,14.3,265,17.385,78.4867
2025-08-23T23:00,24.5,78,26.6,0.0,0.0,3,100,13.9,260,17.385,78.4867
2025-08-24T00:00,24.3,80,26.4,0.0,0.0,3,100,13.9,259,17.385,78.4867
2025-08-24T01:00,24.0,80,26.0,0.0,0.0,3,100,14.2,262,17.385,78.4867
2025-08-24T02:00,23.6,81,25.4,0.0,0.0,3,100,14.7,263,17.385,78.4867
2025-08-24T03:00,23.2,81,24.8,0.0,0.0,3,97,14.5,264,17.385,78.4867
2025-08-24T04:00,22.6,83,24.2,0.0,0.0,2,68,13.9,266,17.385,78.4867
2025-08-24T05:00,22.2,85,23.9,0.0,0.0,1,41,12.7,263,17.385,78.4867
2025-08-24T06:00,22.6,82,24.0,0.0,0.0,3,98,14.6,266,17.385,78.4867
2025-08-24T07:00,23.1,81,24.9,0.0,0.0,3,100,13.0,265,17.385,78.4867
2025-08-24T08:00,24.1,79,26.0,0.0,0.0,3,100,14.3,264,17.385,78.4867
2025-08-24T09:00,25.3,74,27.1,0.0,0.0,3,100,15.4,263,17.385,78.4867
2025-08-24T10:00,26.8,66,28.3,0.0,0.0,3,100,21.1,274,17.385,78.4867
2025-08-24T11:00,28.1,59,30.0,0.0,0.0,3,99,20.8,276,17.385,78.4867
2025-08-24T12:00,28.1,61,29.9,0.0,0.0,3,96,20.9,272,17.385,78.4867
2025-08-24T13:00,28.9,58,31.5,0.1,0.1,51,100,17.7,272,17.385,78.4867
2025-08-24T14:00,29.2,56,31.4,0.0,0.0,3,100,17.6,269,17.385,78.4867
2025-08-24T15:00,29.0,57,30.6,0.0,0.0,3,100,17.7,268,17.385,78.4867
2025-08-24T16:00,28.7,60,30.4,0.0,0.0,3,100,15.6,263,17.385,78.4867
2025-08-24T17:00,28.1,63,30.1,0.0,0.0,3,100,13.6,255,17.385,78.4867
2025-08-24T18:00,26.4,70,28.7,0.0,0.0,3,100,12.2,257,17.385,78.4867
2025-08-24T19:00,25.9,71,28.0,0.0,0.0,3,100,12.4,256,17.385,78.4867
2025-08-24T20:00,25.6,72,27.8,0.0,0.0,3,100,11.9,252,17.385,78.4867
2025-08-24T21:00,25.3,73,27.7,0.0,0.0,3,100,10.5,257,17.385,78.4867
2025-08-24T22:00,25.0,75,27.5,0.0,0.0,3,98,10.3,257,17.385,78.4867
2025-08-24T23:00,24.7,75,26.7,0.0,0.0,3,100,12.4,257,17.385,78.4867
2025-08-25T00:00,24.5,73,25.9,0.0,0.0,3,100,14.9,262,17.385,78.4867
2025-08-25T01:00,23.9,75,25.2,0.0,0.0,3,100,14.8,264,17.385,78.4867
2025-08-25T02:00,23.3,77,24.4,0.0,0.0,3,100,14.8,266,17.385,78.4867
2025-08-25T03:00,22.7,79,23.8,0.0,0.0,2,57,14.6,268,17.385,78.4867
2025-08-25T04:00,22.3,82,23.5,0.0,0.0,2,68,14.6,269,17.385,78.4867
2025-08-25T05:00,21.9,85,23.3,0.0,0.0,3,96,13.9,269,17.385,78.4867
2025-08-25T06:00,22.5,83,23.9,0.0,0.0,3,100,14.9,269,17.385,78.4867
2025-08-25T07:00,22.9,83,24.9,0.0,0.0,3,100,12.1,266,17.385,78.4867
2025-08-25T08:00,24.3,76,25.0,0.0,0.0,3,100,20.3,271,17.385,78.4867
2025-08-25T09:00,26.0,67,26.7,0.0,0.0,3,98,19.8,273,17.385,78.4867
2025-08-25T10:00,27.6,60,28.9,0.0,0.0,3,96,21.0,276,17.385,78.4867
2025-08-25T11:00,27.7,64,29.6,0.0,0.0,3,100,19.7,275,17.385,78.4867
2025-08-25T12:00,28.4,59,30.2,0.0,0.0,3,99,18.0,277,17.385,78.4867
2025-08-25T13:00,29.4,55,32.2,0.1,0.1,51,99,17.3,278,17.385,78.4867
2025-08-25T14:00,29.2,55,30.8,0.0,0.0,3,98,16.6,276,17.385,78.4867
2025-08-25T15:00,29.2,57,31.2,0.0,0.0,3,98,15.9,265,17.385,78.4867
2025-08-25T16:00,28.7,60,30.6,0.0,0.0,1,28,14.1,267,17.385,78.4867
2025-08-25T17:00,28.2,64,30.6,0.0,0.0,3,100,11.8,264,17.385,78.4867
2025-08-25T18:00,27.0,69,29.9,0.0,0.0,2,58,9.1,277,17.385,78.4867
2025-08-25T19:00,26.1,73,28.9,0.0,0.0,2,56,9.9,271,17.385,78.4867
2025-08-25T20:00,25.3,76,28.4,0.0,0.0,3,98,8.1,269,17.385,78.4867
2025-08-25T21:00,25.0,79,28.0,0.0,0.0,3,94,9.4,273,17.385,78.4867
2025-08-25T22:00,24.8,79,27.5,0.0,0.0,3,100,10.3,275,17.385,78.4867
2025-08-25T23:00,24.5,78,27.0,0.0,0.0,3,100,10.6,272,17.385,78.4867
2025-08-26T00:00,24.0,80,26.3,0.0,0.0,3,94,11.4,273,17.385,78.4867
2025-08-26T01:00,23.8,80,25.9,0.0,0.0,3,100,12.3,276,17.385,78.4867
2025-08-26T02:00,23.8,80,26.0,0.0,0.0,3,100,12.3,273,17.385,78.4867
2025-08-26T03:00,23.6,82,25.9,0.0,0.0,3,93,11.3,269,17.385,78.4867
2025-08-26T04:00,23.2,84,25.4,0.0,0.0,1,49,12.1,263,17.385,78.4867
2025-08-26T05:00,22.8,86,24.9,0.0,0.0,3,95,12.8,270,17.385,78.4867
2025-08-26T06:00,23.3,83,25.4,0.0,0.0,3,100,13.2,266,17.385,78.4867
2025-08-26T07:00,23.7,82,25.8,0.0,0.0,3,98,13.2,273,17.385,78.4867
2025-08-26T08:00,24.7,77,26.2,0.0,0.0,2,78,18.3,276,17.385,78.4867
2025-08-26T09:00,25.3,77,27.4,0.1,0.1,51,100,14.9,282,17.385,78.4867
2025-08-26T10:00,25.0,80,28.0,2.1,2.1,61,100,10.8,275,17.385,78.4867
2025-08-26T11:00,24.6,84,27.7,3.1,3.1,63,100,10.8,272,17.385,78.4867
2025-08-26T12:00,24.9,88,28.4,1.1,1.1,55,100,12.6,279,17.385,78.4867
2025-08-26T13:00,26.0,80,29.5,0.4,0.4,51,100,10.3,277,17.385,78.4867
2025-08-26T14:00,26.6,78,30.6,0.3,0.3,51,100,8.1,264,17.385,78.4867
2025-08-26T15:00,26.7,75,29.5,2.7,2.7,63,100,14.0,263,17.385,78.4867
2025-08-26T16:00,24.6,88,28.6,5.1,5.1,63,100,7.2,270,17.385,78.4867
2025-08-26T17:00,23.6,93,27.4,1.2,1.2,55,100,9.7,260,17.385,78.4867
2025-08-26T18:00,24.5,88,28.2,1.8,1.8,61,100,9.8,276,17.385,78.4867
2025-08-26T19:00,23.9,91,27.8,0.9,0.9,53,100,8.8,279,17.385,78.4867
2025-08-26T20:00,23.5,92,27.0,0.0,0.0,3,100,9.9,268,17.385,78.4867
2025-08-26T21:00,23.4,92,27.0,0.2,0.2,51,100,8.5,271,17.385,78.4867
2025-08-26T22:00,22.9,94,26.0,0.3,0.3,51,100,11.8,257,17.385,78.4867
2025-08-26T23:00,22.7,94,25.7,0.5,0.5,53,100,12.1,258,17.385,78.4867
2025-08-27T00:00,22.4,96,25.0,1.9,1.9,61,100,14.0,263,17.385,78.4867
2025-08-27T01:00,22.3,96,24.7,1.4,1.4,61,100,15.2,275,17.385,78.4867
2025-08-27T02:00,22.3,96,25.0,0.7,0.7,53,100,13.2,276,17.385,78.4867
2025-08-27T03:00,22.3,95,24.4,0.6,0.6,53,100,17.0,280,17.385,78.4867
2025-08-27T04:00,22.2,94,24.5,0.3,0.3,51,100,15.2,283,17.385,78.4867
2025-08-27T05:00,22.3,94,24.8,0.3,0.3,51,100,13.8,282,17.385,78.4867
2025-08-27T06:00,22.5,95,24.7,1.7,1.7,61,100,16.5,290,17.385,78.4867
2025-08-27T07:00,22.5,95,25.1,2.5,2.5,63,100,14.1,287,17.385,78.4867
2025-08-27T08:00,22.7,95,25.2,2.2,2.2,61,100,15.3,286,17.385,78.4867
2025-08-27T09:00,22.9,94,25.5,3.8,3.8,63,100,15.5,288,17.385,78.4867
2025-08-27T10:00,23.1,94,25.9,2.0,2.0,61,100,14.3,289,17.385,78.4867
2025-08-27T11:00,22.9,95,25.9,2.3,2.3,61,100,13.3,280,17.385,78.4867
2025-08-27T12:00,24.0,89,26.6,1.8,1.8,61,100,15.9,286,17.385,78.4867
2025-08-27T13:00,24.1,89,27.1,0.6,0.6,53,100,13.5,282,17.385,78.4867
2025-08-27T14:00,25.5,82,28.6,0.3,0.3,51,100,13.1,286,17.385,78.4867
2025-08-27T15:00,26.7,78,30.2,0.2,0.2,51,100,12.0,289,17.385,78.4867
2025-08-27T16:00,26.6,77,30.1,0.9,0.9,53,100,9.8,290,17.385,78.4867
2025-08-27T17:00,23.8,88,27.4,0.6,0.6,53,100,7.3,286,17.385,78.4867
2025-08-27T18:00,24.0,86,27.1,0.0,0.0,3,100,10.5,264,17.385,78.4867
2025-08-27T19:00,23.6,89,26.6,0.0,0.0,3,100,11.7,261,17.385,78.4867
2025-08-27T20:00,23.1,90,26.1,0.1,0.1,51,100,10.6,272,17.385,78.4867
2025-08-27T21:00,22.9,91,25.8,0.4,0.4,51,100,11.3,269,17.385,78.4867
2025-08-27T22:00,22.6,94,25.5,0.4,0.4,51,100,12.2,248,17.385,78.4867
2025-08-27T23:00,22.4,95,25.1,0.8,0.8,53,100,13.2,253,17.385,78.4867
2025-08-28T00:00,22.1,96,24.6,1.7,1.7,61,100,14.0,254,17.385,78.4867
2025-08-28T01:00,22.0,96,24.6,1.0,1.0,55,100,13.1,257,17.385,78.4867
2025-08-28T02:00,21.9,96,24.3,1.9,1.9,61,100,14.1,266,17.385,78.4867
2025-08-28T03:00,21.8,96,24.5,2.1,2.1,61,100,11.9,259,17.385,78.4867
2025-08-28T04:00,21.9,96,24.5,2.1,2.1,61,100,12.6,266,17.385,78.4867
2025-08-28T05:00,21.9,96,24.4,1.1,1.1,55,100,12.8,266,17.385,78.4867
2025-08-28T06:00,22.6,94,25.0,0.5,0.5,53,100,15.2,286,17.385,78.4867
2025-08-28T07:00,22.9,93,25.7,0.3,0.3,51,100,13.1,277,17.385,78.4867
2025-08-28T08:00,23.3,92,26.4,0.2,0.2,51,100,12.4,272,17.385,78.4867
2025-08-28T09:00,24.1,89,26.7,0.7,0.7,53,100,15.9,275,17.385,78.4867
2025-08-28T10:00,23.9,89,26.6,0.5,0.5,53,100,15.1,269,17.385,78.4867
2025-08-28T11:00,24.5,85,26.7,0.6,0.6,53,100,17.6,278,17.385,78.4867
2025-08-28T12:00,24.8,84,27.3,0.9,0.9,53,100,16.2,278,17.385,78.4867
2025-08-28T13:00,26.0,80,29.1,0.4,0.4,51,92,17.0,275,17.385,78.4867
2025-08-28T14:00,26.4,75,29.6,0.3,0.3,51,76,19.3,279,17.385,78.4867
2025-08-28T15:00,26.5,78,29.8,0.3,0.3,51,40,15.3,274,17.385,78.4867
2025-08-28T16:00,26.3,78,29.2,0.1,0.1,51,100,14.5,278,17.385,78.4867
2025-08-28T17:00,25.5,81,28.5,0.2,0.2,51,86,12.2,272,17.385,78.4867
2025-08-28T18:00,24.4,84,27.2,0.0,0.0,3,100,12.2,262,17.385,78.4867
2025-08-28T19:00,23.9,88,26.9,0.0,0.0,3,96,11.8,261,17.385,78.4867
2025-08-28T20:00,23.3,90,26.4,0.0,0.0,3,100,11.4,259,17.385,78.4867
2025-08-28T21:00,23.3,92,26.3,0.0,0.0,3,100,12.1,264,17.385,78.4867
2025-08-28T22:00,22.9,93,25.9,0.4,0.4,51,100,11.9,265,17.385,78.4867
2025-08-28T23:00,22.5,94,25.5,2.3,2.3,61,100,11.8,259,17.385,78.4867
2025-08-29T00:00,22.2,96,25.1,0.7,0.7,53,100,11.6,264,17.385,78.4867
2025-08-29T01:00,22.2,96,24.7,0.3,0.3,51,100,14.0,246,17.385,78.4867
2025-08-29T02:00,22.0,95,24.3,0.0,0.0,3,96,14.7,247,17.385,78.4867
2025-08-29T03:00,21.8,94,24.0,0.0,0.0,2,77,14.1,248,17.385,78.4867
2025-08-29T04:00,21.8,95,24.0,0.0,0.0,3,100,13.9,249,17.385,78.4867
2025-08-29T05:00,22.1,93,24.4,0.0,0.0,3,100,13.9,247,17.385,78.4867
2025-08-29T06:00,23.0,90,25.4,0.1,0.1,51,100,14.0,255,17.385,78.4867
2025-08-29T07:00,23.0,91,25.7,0.0,0.0,3,100,12.9,254,17.385,78.4867
2025-08-29T08:00,23.7,87,26.0,0.0,0.0,3,96,14.9,251,17.385,78.4867
2025-08-29T09:00,25.3,79,27.1,0.0,0.0,3,97,18.2,256,17.385,78.4867
2025-08-29T10:00,26.2,73,28.4,0.0,0.0,3,100,17.5,256,17.385,78.4867
2025-08-29T11:00,27.2,69,30.0,0.0,0.0,3,94,16.8,257,17.385,78.4867
2025-08-29T12:00,28.1,65,31.6,0.0,0.0,1,47,14.4,254,17.385,78.4867
2025-08-29T13:00,28.6,62,32.1,0.2,0.2,51,89,15.1,258,17.385,78.4867
2025-08-29T14:00,28.6,64,31.5,0.3,0.3,51,45,13.0,253,17.385,78.4867
2025-08-29T15:00,28.1,66,30.8,0.1,0.1,51,75,13.2,253,17.385,78.4867
2025-08-29T16:00,28.3,66,31.1,0.0,0.0,1,25,11.6,248,17.385,78.4867
2025-08-29T17:00,27.5,71,30.5,0.0,0.0,3,96,11.5,253,17.385,78.4867
2025-08-29T18:00,25.9,78,29.2,0.0,0.0,3,85,10.2,247,17.385,78.4867
2025-08-29T19:00,25.4,81,28.9,0.0,0.0,3,96,8.9,252,17.385,78.4867
2025-08-29T20:00,25.0,82,28.3,0.0,0.0,3,100,10.0,257,17.385,78.4867
2025-08-29T21:00,24.5,84,27.9,0.0,0.0,2,58,9.0,248,17.385,78.4867
2025-08-29T22:00,24.0,85,26.8,0.0,0.0,2,72,11.6,246,17.385,78.4867
2025-08-29T23:00,23.8,87,26.8,0.0,0.0,2,62,10.9,246,17.385,78.4867
2025-08-30T00:00,23.8,87,26.8,0.0,0.0,3,96,11.5,245,17.385,78.4867
2025-08-30T01:00,23.7,86,26.4,0.0,0.0,3,99,12.4,248,17.385,78.4867
2025-08-30T02:00,23.3,87,25.9,0.0,0.0,3,100,11.6,246,17.385,78.4867
2025-08-30T03:00,22.9,89,25.6,0.0,0.0,3,100,10.9,251,17.385,78.4867
2025-08-30T04:00,22.6,89,25.3,0.0,0.0,3,100,10.9,248,17.385,78.4867
2025-08-30T05:00,22.5,90,25.0,0.0,0.0,3,100,11.4,246,17.385,78.4867
2025-08-30T06:00,23.0,88,25.4,0.0,0.0,3,83,12.6,251,17.385,78.4867
2025-08-30T07:00,23.7,86,26.4,0.0,0.0,3,99,11.7,249,17.385,78.4867
2025-08-30T08:00,25.0,78,26.7,0.0,0.0,3,100,17.8,259,17.385,78.4867
2025-08-30T09:00,26.1,74,28.1,0.0,0.0,3,100,16.4,266,17.385,78.4867
2025-08-30T10:00,27.1,71,29.7,0.0,0.0,3,100,12.8,265,17.385,78.4867
2025-08-30T11:00,27.9,68,30.8,0.0,0.0,3,100,12.7,264,17.385,78.4867
2025-08-30T12:00,28.9,64,32.9,0.1,0.1,51,100,12.6,269,17.385,78.4867
2025-08-30T13:00,29.5,60,33.8,0.1,0.1,51,98,12.6,272,17.385,78.4867
2025-08-30T14:00,29.6,62,33.7,0.1,0.1,51,100,11.0,272,17.385,78.4867
2025-08-30T15:00,29.4,63,32.7,0.1,0.1,51,81,10.8,255,17.385,78.4867
2025-08-30T16:00,29.2,64,32.3,0.0,0.0,3,100,10.8,255,17.385,78.4867
2025-08-30T17:00,28.7,68,32.5,0.0,0.0,3,99,8.6,259,17.385,78.4867
2025-08-30T18:00,27.5,72,31.8,0.0,0.0,2,76,4.0,252,17.385,78.4867
2025-08-30T19:00,26.7,76,30.9,0.0,0.0,2,71,5.6,230,17.385,78.4867
2025-08-30T20:00,25.9,80,29.6,0.0,0.0,2,76,8.2,237,17.385,78.4867
2025-08-30T21:00,25.2,81,28.5,0.0,0.0,3,99,10.5,233,17.385,78.4867
2025-08-30T22:00,24.5,85,27.8,0.0,0.0,3,99,10.3,241,17.385,78.4867
2025-08-30T23:00,24.0,86,27.0,0.0,0.0,3,100,11.4,251,17.385,78.4867
2025-08-31T00:00,23.8,86,26.6,0.0,0.0,3,99,11.8,253,17.385,78.4867
2025-08-31T01:00,23.7,87,26.5,0.0,0.0,3,99,12.1,253,17.385,78.4867
2025-08-31T02:00,23.4,89,26.2,0.0,0.0,3,97,12.5,258,17.385,78.4867
2025-08-31T03:00,23.2,90,26.0,0.0,0.0,3,91,12.3,263,17.385,78.4867
2025-08-31T04:00,23.0,91,25.9,0.0,0.0,1,47,11.6,264,17.385,78.4867
2025-08-31T05:00,22.9,92,25.7,0.0,0.0,2,58,11.9,271,17.385,78.4867
2025-08-31T06:00,23.4,89,26.1,0.0,0.0,1,36,12.8,269,17.385,78.4867
2025-08-31T07:00,24.0,87,26.9,0.0,0.0,2,53,12.1,272,17.385,78.4867
2025-08-31T08:00,25.2,81,27.8,0.0,0.0,3,97,14.8,280,17.385,78.4867
2025-08-31T09:00,25.6,79,28.0,0.3,0.3,51,100,14.9,285,17.385,78.4867
2025-08-31T10:00,25.3,81,27.8,0.1,0.1,51,100,15.3,285,17.385,78.4867
2025-08-31T11:00,26.3,76,28.6,0.1,0.1,51,88,16.2,285,17.385,78.4867
2025-08-31T12:00,27.0,78,31.1,0.2,0.2,51,90,13.5,280,17.385,78.4867
2025-08-31T13:00,28.0,74,32.8,0.4,0.4,51,100,14.4,279,17.385,78.4867
2025-08-31T14:00,27.1,76,30.6,0.8,0.8,53,100,11.8,286,17.385,78.4867
2025-08-31T15:00,25.6,84,29.7,0.2,0.2,51,100,7.8,274,17.385,78.4867
2025-08-31T16:00,27.0,77,30.6,0.1,0.1,51,100,11.6,276,17.385,78.4867
2025-08-31T17:00,27.0,79,31.0,0.0,0.0,3,100,9.8,265,17.385,78.4867
2025-08-31T18:00,26.4,82,30.7,0.0,0.0,3,100,8.1,270,17.385,78.4867
2025-08-31T19:00,25.7,85,29.9,0.0,0.0,3,100,8.4,279,17.385,78.4867
2025-08-31T20:00,25.4,86,29.6,0.0,0.0,3,100,8.6,259,17.385,78.4867
2025-08-31T21:00,24.7,89,28.2,0.5,0.5,53,100,12.7,281,17.385,78.4867
2025-08-31T22:00,23.7,91,27.1,0.1,0.1,51,100,11.2,271,17.385,78.4867
2025-08-31T23:00,23.4,90,26.4,0.1,0.1,51,100,12.1,275,17.385,78.4867
2025-09-01T00:00,23.3,90,26.1,0.1,0.1,51,100,12.7,278,17.385,78.4867
2025-09-01T01:00,23.1,91,25.6,0.1,0.1,51,100,14.3,275,17.385,78.4867
2025-09-01T02:00,22.9,92,25.5,0.1,0.1,51,100,13.8,278,17.385,78.4867
2025-09-01T03:00,23.0,92,25.6,0.3,0.3,51,100,13.8,283,17.385,78.4867
2025-09-01T04:00,22.8,93,25.3,0.4,0.4,51,100,15.3,285,17.385,78.4867
2025-09-01T05:00,22.7,93,25.1,0.2,0.2,51,100,15.5,288,17.385,78.4867
2025-09-01T06:00,23.2,91,25.9,0.0,0.0,3,100,13.6,281,17.385,78.4867
2025-09-01T07:00,23.6,90,26.6,0.0,0.0,3,100,12.6,283,17.385,78.4867
2025-09-01T08:00,23.9,88,27.0,0.0,0.0,3,100,11.2,276,17.385,78.4867
2025-09-01T09:00,25.1,80,27.1,0.1,0.1,51,100,18.3,285,17.385,78.4867
2025-09-01T10:00,26.0,76,28.3,0.1,0.1,51,100,15.6,286,17.385,78.4867
2025-09-01T11:00,27.1,70,29.1,0.0,0.0,3,100,16.1,288,17.385,78.4867
2025-09-01T12:00,27.9,66,30.1,0.1,0.1,51,100,17.2,290,17.385,78.4867
2025-09-01T13:00,27.8,68,30.2,0.1,0.1,51,100,14.7,289,17.385,78.4867
2025-09-01T14:00,27.3,73,30.6,0.6,0.6,53,100,10.6,259,17.385,78.4867
2025-09-01T15:00,26.7,74,29.6,1.5,1.5,61,100,11.9,273,17.385,78.4867
2025-09-01T16:00,27.0,74,30.4,0.1,0.1,51,100,9.9,273,17.385,78.4867
2025-09-01T17:00,23.9,89,27.4,4.5,4.5,63,100,9.7,281,17.385,78.4867
2025-09-01T18:00,25.5,79,28.8,0.0,0.0,3,100,9.3,299,17.385,78.4867
2025-09-01T19:00,24.7,84,28.3,0.1,0.1,51,100,8.2,302,17.385,78.4867
2025-09-01T20:00,24.5,86,28.1,0.2,0.2,51,100,9.2,287,17.385,78.4867
2025-09-01T21:00,24.6,85,28.0,0.0,0.0,3,100,10.0,283,17.385,78.4867
2025-09-01T22:00,24.5,84,27.2,0.0,0.0,3,100,13.6,290,17.385,78.4867
2025-09-01T23:00,23.7,87,26.4,0.1,0.1,51,100,12.5,288,17.385,78.4867
2025-09-02T00:00,23.7,85,26.0,0.0,0.0,3,100,14.5,275,17.385,78.4867
2025-09-02T01:00,23.3,86,25.7,0.0,0.0,3,100,13.1,278,17.385,78.4867
2025-09-02T02:00,23.1,87,25.4,0.0,0.0,3,100,14.2,279,17.385,78.4867
2025-09-02T03:00,23.0,88,25.0,0.0,0.0,3,100,15.5,279,17.385,78.4867
2025-09-02T04:00,22.9,88,24.9,0.0,0.0,3,100,16.0,281,17.385,78.4867
2025-09-02T05:00,22.7,88,24.7,0.0,0.0,3,100,15.5,283,17.385,78.4867
2025-09-02T06:00,22.9,90,24.8,0.1,0.1,51,100,17.2,283,17.385,78.4867
2025-09-02T07:00,23.3,89,25.6,0.1,0.1,51,100,14.9,285,17.385,78.4867
2025-09-02T08:00,23.9,86,25.9,0.1,0.1,51,100,17.9,289,17.385,78.4867
2025-09-02T09:00,24.8,80,26.1,0.1,0.1,51,100,21.0,290,17.385,78.4867
2025-09-02T10:00,26.1,77,28.8,0.1,0.1,51,100,17.6,293,17.385,78.4867
2025-09-02T11:00,25.8,76,27.9,0.2,0.2,51,100,16.5,297,17.385,78.4867
2025-09-02T12:00,27.0,73,29.5,0.1,0.1,51,100,15.5,299,17.385,78.4867
2025-09-02T13:00,27.0,70,29.1,0.2,0.2,51,100,15.6,311,17.385,78.4867
2025-09-02T14:00,26.6,72,28.7,1.4,1.4,61,100,15.8,317,17.385,78.4867
2025-09-02T15:00,25.6,80,29.0,0.1,0.1,51,100,9.4,302,17.385,78.4867
2025-09-02T16:00,25.1,82,28.4,0.4,0.4,51,100,9.8,284,17.385,78.4867
2025-09-02T17:00,24.5,85,27.8,0.0,0.0,3,100,10.1,264,17.385,78.4867
2025-09-02T18:00,24.7,85,28.4,0.0,0.0,3,100,8.5,266,17.385,78.4867
2025-09-02T19:00,24.5,87,28.2,0.9,0.9,53,100,8.2,279,17.385,78.4867
2025-09-02T20:00,24.0,90,27.4,0.0,0.0,3,100,11.3,277,17.385,78.4867
2025-09-02T21:00,23.7,91,27.2,0.1,0.1,51,100,9.6,275,17.385,78.4867
2025-09-02T22:00,23.3,92,26.6,0.4,0.4,51,100,10.5,262,17.385,78.4867
2025-09-02T23:00,23.0,93,25.8,0.2,0.2,51,99,13.5,261,17.385,78.4867
2025-09-03T00:00,22.6,93,25.2,0.1,0.1,51,100,13.9,268,17.385,78.4867
2025-09-03T01:00,22.4,93,24.9,0.0,0.0,3,100,13.7,274,17.385,78.4867
2025-09-03T02:00,22.3,93,24.6,0.0,0.0,3,100,14.3,280,17.385,78.4867
2025-09-03T03:00,22.2,92,24.4,0.0,0.0,3,100,14.2,286,17.385,78.4867
2025-09-03T04:00,22.2,91,24.4,0.0,0.0,3,99,13.9,284,17.385,78.4867
2025-09-03T05:00,22.3,91,24.4,0.0,0.0,3,100,14.3,285,17.385,78.4867
2025-09-03T06:00,22.9,90,25.4,0.0,0.0,3,100,13.4,290,17.385,78.4867
2025-09-03T07:00,23.5,89,26.5,0.0,0.0,3,100,11.3,284,17.385,78.4867
2025-09-03T08:00,24.2,85,26.7,0.0,0.0,3,100,14.9,291,17.385,78.4867
2025-09-03T09:00,25.0,79,27.2,0.0,0.0,3,100,15.4,294,17.385,78.4867
2025-09-03T10:00,26.4,71,28.3,0.0,0.0,3,100,15.2,299,17.385,78.4867
2025-09-03T11:00,26.8,67,28.6,0.0,0.0,3,100,14.5,301,17.385,78.4867
2025-09-03T12:00,27.3,64,29.0,0.0,0.0,3,100,13.8,301,17.385,78.4867
2025-09-03T13:00,28.0,60,29.4,0.0,0.0,3,100,15.3,300,17.385,78.4867
2025-09-03T14:00,28.8,57,31.1,0.0,0.0,3,100,16.7,299,17.385,78.4867
2025-09-03T15:00,28.4,59,29.7,0.0,0.0,3,100,15.6,305,17.385,78.4867
2025-09-03T16:00,27.7,63,29.4,0.0,0.0,3,100,14.2,302,17.385,78.4867
2025-09-03T17:00,26.8,70,29.2,0.0,0.0,3,100,12.2,303,17.385,78.4867
2025-09-03T18:00,26.6,69,29.5,0.0,0.0,3,100,8.3,304,17.385,78.4867
2025-09-03T19:00,25.6,75,29.0,0.0,0.0,3,100,6.0,309,17.385,78.4867
2025-09-03T20:00,25.0,78,28.7,0.0,0.0,3,100,4.6,279,17.385,78.4867
2025-09-03T21:00,24.4,82,28.0,0.0,0.0,3,100,6.0,253,17.385,78.4867
2025-09-03T22:00,23.8,86,27.1,0.1,0.1,51,100,8.3,268,17.385,78.4867
2025-09-03T23:00,23.5,87,27.0,0.0,0.0,3,100,6.5,270,17.385,78.4867
2025-09-04T00:00,23.1,89,26.6,0.0,0.0,3,100,6.9,240,17.385,78.4867
2025-09-04T01:00,22.8,91,25.9,0.1,0.1,51,100,9.5,271,17.385,78.4867
2025-09-04T02:00,22.8,90,26.1,0.0,0.0,3,100,8.1,253,17.385,78.4867
2025-09-04T03:00,22.4,92,25.2,0.0,0.0,3,100,10.6,259,17.385,78.4867
2025-09-04T04:00,22.5,90,24.9,0.1,0.1,51,100,12.5,264,17.385,78.4867
2025-09-04T05:00,22.1,91,24.7,0.1,0.1,51,100,10.3,270,17.385,78.4867
2025-09-04T06:00,22.6,92,25.1,0.0,0.0,3,100,13.7,256,17.385,78.4867
2025-09-04T07:00,23.1,90,25.7,0.0,0.0,3,100,12.9,261,17.385,78.4867
2025-09-04T08:00,23.8,85,26.0,0.0,0.0,3,100,15.3,267,17.385,78.4867
2025-09-04T09:00,25.2,76,27.0,0.0,0.0,3,100,16.2,278,17.385,78.4867
2025-09-04T10:00,26.8,69,29.6,0.0,0.0,3,100,14.5,276,17.385,78.4867
2025-09-04T11:00,27.8,63,30.7,0.0,0.0,3,100,17.2,277,17.385,78.4867
2025-09-04T12:00,28.8,58,31.7,0.0,0.0,3,100,17.5,274,17.385,78.4867
2025-09-04T13:00,29.3,55,31.7,0.0,0.0,3,99,18.0,273,17.385,78.4867
2025-09-04T14:00,29.4,55,31.2,0.0,0.0,3,99,18.7,273,17.385,78.4867
2025-09-04T15:00,28.9,59,30.7,0.0,0.0,3,99,15.1,267,17.385,78.4867
2025-09-04T16:00,28.9,59,30.6,0.0,0.0,3,100,14.8,264,17.385,78.4867
2025-09-04T17:00,28.1,64,30.7,0.0,0.0,3,98,10.8,265,17.385,78.4867
2025-09-04T18:00,26.6,69,29.4,0.0,0.0,3,100,9.0,250,17.385,78.4867
2025-09-04T19:00,25.8,73,28.9,0.0,0.0,3,100,7.6,251,17.385,78.4867
2025-09-04T20:00,25.2,77,28.5,0.0,0.0,3,100,6.6,225,17.385,78.4867
2025-09-04T21:00,24.6,80,27.9,0.0,0.0,3,100,7.2,235,17.385,78.4867
2025-09-04T22:00,24.4,80,27.2,0.0,0.0,3,100,9.2,247,17.385,78.4867
2025-09-04T23:00,24.0,81,26.6,0.0,0.0,3,99,9.8,238,17.385,78.4867
2025-09-05T00:00,23.6,82,25.9,0.0,0.0,3,99,11.2,242,17.385,78.4867
2025-09-05T01:00,23.3,83,25.8,0.0,0.0,3,100,10.7,241,17.385,78.4867
2025-09-05T02:00,23.0,85,25.4,0.0,0.0,3,100,10.9,251,17.385,78.4867
2025-09-05T03:00,22.8,85,25.2,0.0,0.0,3,99,11.1,254,17.385,78.4867
2025-09-05T04:00,22.5,87,24.8,0.0,0.0,3,97,11.0,256,17.385,78.4867
2025-09-05T05:00,22.2,89,24.7,0.0,0.0,3,95,9.9,255,17.385,78.4867
2025-09-05T06:00,22.8,89,25.4,0.0,0.0,0,11,11.2,249,17.385,78.4867
2025-09-05T07:00,23.4,87,26.2,0.0,0.0,2,78,10.7,241,17.385,78.4867
2025-09-05T08:00,24.8,79,26.7,0.0,0.0,3,93,15.8,251,17.385,78.4867
2025-09-05T09:00,25.9,73,28.0,0.0,0.0,3,87,14.5,253,17.385,78.4867
2025-09-05T10:00,27.1,67,29.7,0.1,0.1,51,19,14.5,256,17.385,78.4867
2025-09-05T11:00,28.3,61,31.7,0.1,0.1,51,26,14.8,257,17.385,78.4867
2025-09-05T12:00,28.9,59,32.3,0.1,0.1,51,35,14.7,255,17.385,78.4867
2025-09-05T13:00,29.1,58,32.0,0.1,0.1,51,90,14.7,264,17.385,78.4867
2025-09-05T14:00,28.9,61,31.8,0.1,0.1,51,70,14.1,259,17.385,78.4867
2025-09-05T15:00,28.8,62,31.2,0.1,0.1,51,42,13.1,258,17.385,78.4867
2025-09-05T16:00,28.7,63,31.2,0.0,0.0,2,57,12.3,259,17.385,78.4867
2025-09-05T17:00,28.3,66,31.5,0.0,0.0,2,59,9.1,256,17.385,78.4867
2025-09-05T18:00,26.8,72,29.9,0.0,0.0,0,12,9.3,236,17.385,78.4867
2025-09-05T19:00,26.0,75,29.2,0.0,0.0,0,6,8.1,242,17.385,78.4867
2025-09-05T20:00,25.3,79,28.8,0.0,0.0,1,46,6.9,245,17.385,78.4867
2025-09-05T21:00,24.7,82,28.2,0.0,0.0,2,63,7.1,234,17.385,78.4867
2025-09-05T22:00,24.2,84,27.6,0.0,0.0,1,46,7.5,243,17.385,78.4867
2025-09-05T23:00,23.9,84,27.0,0.0,0.0,1,21,8.5,245,17.385,78.4867
2025-09-06T00:00,23.7,84,26.5,0.0,0.0,0,19,10.0,247,17.385,78.4867
2025-09-06T01:00,23.6,84,26.1,0.0,0.0,0,7,11.6,254,17.385,78.4867
2025-09-06T02:00,23.3,84,25.4,0.0,0.0,0,12,13.3,261,17.385,78.4867
2025-09-06T03:00,23.2,84,25.6,0.0,0.0,0,14,11.5,266,17.385,78.4867
2025-09-06T04:00,23.0,87,25.7,0.0,0.0,0,9,10.5,263,17.385,78.4867
2025-09-06T05:00,22.8,89,25.6,0.0,0.0,0,14,9.6,262,17.385,78.4867
2025-09-06T06:00,23.4,84,25.8,0.0,0.0,3,100,11.5,261,17.385,78.4867
2025-09-06T07:00,23.6,84,26.5,0.0,0.0,3,97,9.3,262,17.385,78.4867
2025-09-06T08:00,24.7,81,27.7,0.0,0.0,1,32,10.2,262,17.385,78.4867
2025-09-06T09:00,26.1,76,29.2,0.0,0.0,0,16,10.6,268,17.385,78.4867
2025-09-06T10:00,27.5,69,31.2,0.0,0.0,2,54,13.9,272,17.385,78.4867
2025-09-06T11:00,28.3,66,32.4,0.0,0.0,2,51,11.2,272,17.385,78.4867
2025-09-06T12:00,28.7,65,33.5,0.0,0.0,3,100,10.8,269,17.385,78.4867
2025-09-06T13:00,28.4,67,32.3,0.0,0.0,2,78,10.0,262,17.385,78.4867
2025-09-06T14:00,28.9,66,33.0,0.0,0.0,3,82,9.9,267,17.385,78.4867
2025-09-06T15:00,28.7,66,32.0,0.1,0.1,51,35,10.5,266,17.385,78.4867
2025-09-06T16:00,28.3,67,31.4,0.1,0.1,51,9,10.8,260,17.385,78.4867
2025-09-06T17:00,27.8,69,31.1,0.0,0.0,2,72,10.1,259,17.385,78.4867
2025-09-06T18:00,26.7,75,30.6,0.0,0.0,2,57,6.7,262,17.385,78.4867
2025-09-06T19:00,26.1,80,30.3,0.0,0.0,1,23,6.3,263,17.385,78.4867
2025-09-06T20:00,25.5,83,29.7,0.0,0.0,1,24,6.1,256,17.385,78.4867
2025-09-06T21:00,24.9,85,29.0,0.0,0.0,0,16,6.1,258,17.385,78.4867
2025-09-06T22:00,24.5,87,28.6,0.0,0.0,0,10,5.6,270,17.385,78.4867
2025-09-06T23:00,24.2,88,28.2,0.0,0.0,2,64,6.0,277,17.385,78.4867
2025-09-07T00:00,23.9,88,27.8,0.0,0.0,2,67,6.1,268,17.385,78.4867
2025-09-07T01:00,23.5,89,27.1,0.0,0.0,3,92,7.0,266,17.385,78.4867
2025-09-07T02:00,23.3,89,26.6,0.0,0.0,3,80,8.3,271,17.385,78.4867
2025-09-07T03:00,23.3,87,26.1,0.0,0.0,3,99,10.5,274,17.385,78.4867
2025-09-07T04:00,23.1,85,25.6,0.0,0.0,3,83,10.6,271,17.385,78.4867
2025-09-07T05:00,22.6,86,25.1,0.0,0.0,3,90,9.7,272,17.385,78.4867
2025-09-07T06:00,22.9,83,25.0,0.0,0.0,3,99,11.2,271,17.385,78.4867
2025-09-07T07:00,23.3,80,25.5,0.0,0.0,3,100,9.9,273,17.385,78.4867
2025-09-07T08:00,24.4,76,26.6,0.0,0.0,3,91,10.3,276,17.385,78.4867
2025-09-07T09:00,25.8,70,28.3,0.0,0.0,0,12,10.7,279,17.385,78.4867
2025-09-07T10:00,27.1,64,30.6,0.0,0.0,0,9,10.4,281,17.385,78.4867
2025-09-07T11:00,28.1,60,32.5,0.0,0.0,1,24,9.6,275,17.385,78.4867
2025-09-07T12:00,28.9,58,33.4,0.0,0.0,2,78,11.3,271,17.385,78.4867
2025-09-07T13:00,29.3,56,32.9,0.0,0.0,2,51,13.6,265,17.385,78.4867
2025-09-07T14:00,29.3,55,32.0,0.0,0.0,3,98,13.6,262,17.385,78.4867
2025-09-07T15:00,29.0,54,30.3,0.0,0.0,3,100,12.9,257,17.385,78.4867
2025-09-07T16:00,28.7,56,30.3,0.0,0.0,3,100,11.9,255,17.385,78.4867
2025-09-07T17:00,28.0,59,29.9,0.0,0.0,3,100,10.3,270,17.385,78.4867
2025-09-07T18:00,26.9,66,30.1,0.0,0.0,3,100,4.6,249,17.385,78.4867
2025-09-07T19:00,26.0,71,29.2,0.0,0.0,3,100,5.7,261,17.385,78.4867
2025-09-07T20:00,25.4,74,28.6,0.0,0.0,3,100,5.6,276,17.385,78.4867
2025-09-07T21:00,24.8,75,27.8,0.0,0.0,3,100,6.6,257,17.385,78.4867
2025-09-07T22:00,24.2,79,27.2,0.0,0.0,3,100,6.5,256,17.385,78.4867
2025-09-07T23:00,23.8,81,26.8,0.0,0.0,3,100,6.4,260,17.385,78.4867
2025-09-08T00:00,23.3,84,26.4,0.0,0.0,3,100,6.5,267,17.385,78.4867
2025-09-08T01:00,22.9,86,26.0,0.0,0.0,3,100,6.7,261,17.385,78.4867
2025-09-08T02:00,22.9,87,25.9,0.0,0.0,3,100,7.4,271,17.385,78.4867
2025-09-08T03:00,22.9,87,25.9,0.0,0.0,3,100,8.1,283,17.385,78.4867
2025-09-08T04:00,22.9,87,25.8,0.0,0.0,3,100,8.0,286,17.385,78.4867
2025-09-08T05:00,22.7,88,25.6,0.0,0.0,3,100,8.6,290,17.385,78.4867
2025-09-08T06:00,23.6,86,26.8,0.0,0.0,3,99,8.4,290,17.385,78.4867
2025-09-08T07:00,24.2,85,27.7,0.0,0.0,3,99,7.1,277,17.385,78.4867
2025-09-08T08:00,25.4,79,28.7,0.0,0.0,3,100,9.1,278,17.385,78.4867
2025-09-08T09:00,26.7,73,30.0,0.0,0.0,3,99,8.4,285,17.385,78.4867
2025-09-08T10:00,27.9,67,32.1,0.0,0.0,3,88,8.0,295,17.385,78.4867
2025-09-08T11:00,29.0,62,34.0,0.1,0.1,51,30,7.3,295,17.385,78.4867
2025-09-08T12:00,29.6,58,34.8,0.1,0.1,51,31,6.8,292,17.385,78.4867
2025-09-08T13:00,30.0,56,34.9,0.1,0.1,51,28,6.6,283,17.385,78.4867
2025-09-08T14:00,30.0,55,33.9,0.1,0.1,51,42,7.9,273,17.385,78.4867
2025-09-08T15:00,29.7,56,32.3,0.1,0.1,51,30,9.5,270,17.385,78.4867
2025-09-08T16:00,29.4,56,31.8,0.0,0.0,1,26,9.2,274,17.385,78.4867
2025-09-08T17:00,28.9,58,31.3,0.0,0.0,0,14,9.7,269,17.385,78.4867
2025-09-08T18:00,28.1,64,31.1,0.0,0.0,0,14,7.6,252,17.385,78.4867
2025-09-08T19:00,26.9,70,30.2,0.0,0.0,2,66,7.1,249,17.385,78.4867
2025-09-08T20:00,26.1,73,29.5,0.0,0.0,3,83,6.1,256,17.385,78.4867
2025-09-08T21:00,25.7,73,28.8,0.0,0.0,2,69,6.7,275,17.385,78.4867
2025-09-08T22:00,24.9,75,27.9,0.0,0.0,3,82,6.2,287,17.385,78.4867
2025-09-08T23:00,24.3,77,27.3,0.0,0.0,2,54,5.2,301,17.385,78.4867
2025-09-09T00:00,23.7,80,26.8,0.0,0.0,3,94,5.0,285,17.385,78.4867
2025-09-09T01:00,23.5,81,26.6,0.0,0.0,3,100,4.9,276,17.385,78.4867
2025-09-09T02:00,23.2,83,26.5,0.0,0.0,3,92,4.5,284,17.385,78.4867
2025-09-09T03:00,22.8,85,25.9,0.0,0.0,3,87,5.9,282,17.385,78.4867
2025-09-09T04:00,22.4,86,25.1,0.0,0.0,3,81,7.2,267,17.385,78.4867
2025-09-09T05:00,22.2,85,24.9,0.0,0.0,3,85,6.3,268,17.385,78.4867
2025-09-09T06:00,23.2,84,26.4,0.0,0.0,1,23,5.2,282,17.385,78.4867
2025-09-09T07:00,24.1,82,28.1,0.0,0.0,0,15,2.5,266,17.385,78.4867
2025-09-09T08:00,26.1,76,30.3,0.0,0.0,0,18,3.0,287,17.385,78.4867
2025-09-09T09:00,27.9,67,32.1,0.0,0.0,2,55,3.7,313,17.385,78.4867
2025-09-09T10:00,29.4,57,34.0,0.0,0.0,3,94,4.0,324,17.385,78.4867
2025-09-09T11:00,30.4,52,35.6,0.0,0.0,3,84,3.0,322,17.385,78.4867
2025-09-09T12:00,31.2,47,36.2,0.1,0.1,51,99,3.6,311,17.385,78.4867
2025-09-09T13:00,31.8,44,36.0,0.2,0.2,51,100,5.5,297,17.385,78.4867
2025-09-09T14:00,31.8,44,35.1,0.2,0.2,51,100,6.3,290,17.385,78.4867
2025-09-09T15:00,31.5,45,33.8,0.3,0.3,51,100,7.7,288,17.385,78.4867
2025-09-09T16:00,30.5,52,32.8,0.1,0.1,51,100,8.5,287,17.385,78.4867
2025-09-09T17:00,30.1,54,32.6,0.0,0.0,3,100,8.7,294,17.385,78.4867
2025-09-09T18:00,29.9,51,31.9,0.0,0.0,3,100,8.0,310,17.385,78.4867
2025-09-09T19:00,29.1,56,31.7,0.0,0.0,3,100,7.0,337,17.385,78.4867
2025-09-09T20:00,28.1,64,31.0,0.0,0.0,3,83,8.5,359,17.385,78.4867
2025-09-09T21:00,27.1,70,30.9,0.0,0.0,3,98,3.8,289,17.385,78.4867
2025-09-09T22:00,26.5,74,30.4,0.0,0.0,3,100,4.8,255,17.385,78.4867
2025-09-09T23:00,26.1,77,30.1,0.0,0.0,3,100,4.9,270,17.385,78.4867
2025-09-10T00:00,25.7,79,29.9,0.0,0.0,3,90,3.4,328,17.385,78.4867
2025-09-10T01:00,25.4,80,29.9,0.0,0.0,3,100,1.2,231,17.385,78.4867
2025-09-10T02:00,25.1,82,29.3,0.0,0.0,2,66,4.1,241,17.385,78.4867
2025-09-10T03:00,24.7,85,29.0,0.0,0.0,1,42,3.8,267,17.385,78.4867
2025-09-10T04:00,23.9,86,27.0,0.1,0.1,51,99,9.7,304,17.385,78.4867
2025-09-10T05:00,22.9,90,26.0,0.0,0.0,2,73,9.4,324,17.385,78.4867
2025-09-10T06:00,22.7,90,26.0,5.4,5.4,63,100,6.9,186,17.385,78.4867
2025-09-10T07:00,22.6,94,26.7,2.3,2.3,61,100,4.0,69,17.385,78.4867
2025-09-10T08:00,24.9,85,29.3,0.4,0.4,51,100,4.5,317,17.385,78.4867
2025-09-10T09:00,26.6,78,31.0,0.0,0.0,3,100,5.4,320,17.385,78.4867
2025-09-10T10:00,28.5,70,33.8,0.1,0.1,51,100,6.2,316,17.385,78.4867
2025-09-10T11:00,29.3,66,35.0,0.0,0.0,3,100,7.3,318,17.385,78.4867
2025-09-10T12:00,29.9,64,35.8,0.1,0.1,51,100,6.3,325,17.385,78.4867
2025-09-10T13:00,30.7,59,36.2,0.1,0.1,51,100,6.7,316,17.385,78.4867
2025-09-10T14:00,27.1,73,30.4,2.6,2.6,63,100,10.4,312,17.385,78.4867
2025-09-10T15:00,27.2,75,31.4,1.0,1.0,55,100,5.8,351,17.385,78.4867
2025-09-10T16:00,27.6,75,32.2,0.1,0.1,51,100,5.1,315,17.385,78.4867
2025-09-10T17:00,27.5,74,31.4,0.0,0.0,3,100,8.4,326,17.385,78.4867
2025-09-10T18:00,26.7,75,30.4,0.0,0.0,3,100,7.5,300,17.385,78.4867
2025-09-10T19:00,26.4,79,30.2,0.0,0.0,3,100,8.4,310,17.385,78.4867
2025-09-10T20:00,26.1,81,30.2,0.0,0.0,3,100,7.5,305,17.385,78.4867
2025-09-10T21:00,25.6,84,29.8,0.0,0.0,3,98,6.7,308,17.385,78.4867
2025-09-10T22:00,25.0,86,29.2,0.0,0.0,2,75,7.4,304,17.385,78.4867
2025-09-10T23:00,24.6,88,28.4,0.0,0.0,0,16,9.0,305,17.385,78.4867
2025-09-11T00:00,24.3,87,27.9,0.0,0.0,3,99,8.7,300,17.385,78.4867
2025-09-11T01:00,24.0,89,27.6,0.0,0.0,3,99,8.3,304,17.385,78.4867
2025-09-11T02:00,23.7,89,27.3,0.0,0.0,3,100,8.4,305,17.385,78.4867
2025-09-11T03:00,23.5,90,26.8,0.0,0.0,3,100,10.0,304,17.385,78.4867
2025-09-11T04:00,23.4,90,26.7,0.0,0.0,3,100,10.2,300,17.385,78.4867
2025-09-11T05:00,23.6,89,26.6,0.0,0.0,3,100,11.7,308,17.385,78.4867
2025-09-11T06:00,23.7,90,27.4,0.2,0.2,51,100,8.4,315,17.385,78.4867
2025-09-11T07:00,23.9,87,27.1,0.0,0.0,3,100,10.6,309,17.385,78.4867
2025-09-11T08:00,25.0,81,27.8,0.0,0.0,3,100,12.1,325,17.385,78.4867
2025-09-11T09:00,24.1,84,26.9,0.9,0.9,53,100,11.6,328,17.385,78.4867
2025-09-11T10:00,26.1,75,28.5,0.4,0.4,51,100,14.3,319,17.385,78.4867
2025-09-11T11:00,24.3,88,27.8,6.9,6.9,63,100,9.4,320,17.385,78.4867
2025-09-11T12:00,26.7,77,30.4,0.3,0.3,51,100,9.1,322,17.385,78.4867
2025-09-11T13:00,25.7,76,28.2,1.2,1.2,55,100,14.7,332,17.385,78.4867
2025-09-11T14:00,25.5,80,28.9,0.5,0.5,53,100,9.8,305,17.385,78.4867
2025-09-11T15:00,26.2,79,29.6,0.2,0.2,51,100,11.1,318,17.385,78.4867
2025-09-11T16:00,24.3,88,27.8,3.5,3.5,63,100,10.0,321,17.385,78.4867
2025-09-11T17:00,24.0,91,27.6,0.4,0.4,51,100,10.2,311,17.385,78.4867
2025-09-11T18:00,23.5,94,27.1,3.4,3.4,63,100,10.5,309,17.385,78.4867
2025-09-11T19:00,23.5,94,26.8,1.7,1.7,61,100,13.0,315,17.385,78.4867
2025-09-11T20:00,23.5,92,26.6,0.7,0.7,53,100,12.6,319,17.385,78.4867
2025-09-11T21:00,23.3,93,26.5,0.2,0.2,51,100,12.0,315,17.385,78.4867
2025-09-11T22:00,23.0,94,26.3,0.0,0.0,3,100,10.6,304,17.385,78.4867
2025-09-11T23:00,22.7,94,26.0,0.0,0.0,3,100,9.5,303,17.385,78.4867
2025-09-12T00:00,22.4,95,25.7,0.0,0.0,3,100,9.3,297,17.385,78.4867
2025-09-12T01:00,22.3,95,25.5,0.0,0.0,3,100,9.4,294,17.385,78.4867
2025-09-12T02:00,22.3,95,25.5,0.0,0.0,3,100,9.7,294,17.385,78.4867
2025-09-12T03:00,22.3,95,25.3,0.0,0.0,3,100,11.3,292,17.385,78.4867
2025-09-12T04:00,21.9,96,25.6,1.4,1.4,61,100,5.0,272,17.385,78.4867
2025-09-12T05:00,22.0,96,25.1,1.0,1.0,55,100,9.3,288,17.385,78.4867
2025-09-12T06:00,22.6,94,25.8,0.0,0.0,3,100,10.1,309,17.385,78.4867
2025-09-12T07:00,23.4,90,26.5,0.0,0.0,3,100,10.9,314,17.385,78.4867
2025-09-12T08:00,24.2,85,27.0,0.1,0.1,51,100,12.4,326,17.385,78.4867
2025-09-12T09:00,24.8,84,27.8,0.1,0.1,51,100,12.8,329,17.385,78.4867
2025-09-12T10:00,25.7,80,28.9,0.0,0.0,3,100,10.7,331,17.385,78.4867
2025-09-12T11:00,24.7,79,27.2,0.1,0.1,51,100,11.9,340,17.385,78.4867
2025-09-12T12:00,24.7,83,28.2,2.9,2.9,63,100,7.5,340,17.385,78.4867
2025-09-12T13:00,25.0,84,28.7,0.3,0.3,51,100,8.2,331,17.385,78.4867
2025-09-12T14:00,25.6,80,29.4,0.1,0.1,51,100,7.7,336,17.385,78.4867
2025-09-12T15:00,25.7,81,29.4,0.2,0.2,51,100,8.3,327,17.385,78.4867
2025-09-12T16:00,25.5,82,29.3,0.2,0.2,51,100,8.4,318,17.385,78.4867
2025-09-12T17:00,25.2,84,29.2,0.0,0.0,3,100,7.6,298,17.385,78.4867
2025-09-12T18:00,24.4,90,28.9,0.0,0.0,3,100,4.8,304,17.385,78.4867
2025-09-12T19:00,24.5,91,28.8,0.1,0.1,51,100,7.5,320,17.385,78.4867
2025-09-12T20:00,24.0,90,27.7,0.1,0.1,51,100,8.6,303,17.385,78.4867
2025-09-12T21:00,23.2,93,26.7,0.0,0.0,3,100,9.2,293,17.385,78.4867
2025-09-12T22:00,23.1,94,27.1,0.0,0.0,3,100,6.1,310,17.385,78.4867
2025-09-12T23:00,22.9,94,26.8,0.0,0.0,3,100,6.4,297,17.385,78.4867
2025-09-13T00:00,22.8,95,26.5,0.0,0.0,3,100,8.0,298,17.385,78.4867
2025-09-13T01:00,22.7,96,26.5,0.0,0.0,3,100,7.4,304,17.385,78.4867
2025-09-13T02:00,22.8,96,26.4,0.0,0.0,3,100,8.7,313,17.385,78.4867
2025-09-13T03:00,22.8,95,26.6,0.0,0.0,3,100,7.6,313,17.385,78.4867
2025-09-13T04:00,22.8,96,26.6,0.0,0.0,3,100,7.6,313,17.385,78.4867
2025-09-13T05:00,22.8,96,26.5,0.0,0.0,3,100,8.4,317,17.385,78.4867
2025-09-13T06:00,22.5,94,26.0,0.1,0.1,51,100,7.7,339,17.385,78.4867
2025-09-13T07:00,23.3,91,27.1,0.0,0.0,3,100,6.6,319,17.385,78.4867
2025-09-13T08:00,24.6,85,28.2,0.0,0.0,3,100,9.0,338,17.385,78.4867
2025-09-13T09:00,25.4,81,29.1,0.1,0.1,51,100,7.5,340,17.385,78.4867
2025-09-13T10:00,26.7,78,31.2,0.2,0.2,51,100,4.2,340,17.385,78.4867
2025-09-13T11:00,27.2,74,31.9,0.1,0.1,51,100,1.7,328,17.385,78.4867
2025-09-13T12:00,26.7,77,31.6,0.6,0.6,53,100,1.5,284,17.385,78.4867
2025-09-13T13:00,23.8,90,27.3,3.2,3.2,63,100,9.6,352,17.385,78.4867
2025-09-13T14:00,24.6,84,29.1,0.7,0.7,53,100,1.6,297,17.385,78.4867
2025-09-13T15:00,24.7,87,29.6,0.6,0.6,53,100,0.5,180,17.385,78.4867
2025-09-13T16:00,25.5,85,30.5,0.1,0.1,51,100,2.0,275,17.385,78.4867
2025-09-13T17:00,25.3,84,29.9,0.1,0.1,51,100,3.1,267,17.385,78.4867
2025-09-13T18:00,24.4,89,28.8,1.1,1.1,55,100,4.7,274,17.385,78.4867
2025-09-13T19:00,23.9,94,28.3,0.7,0.7,53,100,6.4,252,17.385,78.4867
2025-09-13T20:00,23.6,95,27.9,1.6,1.6,61,100,6.8,270,17.385,78.4867
2025-09-13T21:00,23.4,96,27.6,1.3,1.3,61,100,7.9,282,17.385,78.4867
2025-09-13T22:00,23.3,96,27.3,0.9,0.9,53,100,7.8,289,17.385,78.4867
2025-09-13T23:00,23.1,95,27.0,0.1,0.1,51,99,7.8,277,17.385,78.4867
2025-09-14T00:00,22.4,97,25.9,0.0,0.0,3,100,9.4,247,17.385,78.4867
2025-09-14T01:00,21.9,98,25.9,0.0,0.0,3,100,4.7,230,17.385,78.4867
2025-09-14T02:00,21.7,98,25.5,2.3,2.3,61,100,5.6,248,17.385,78.4867
2025-09-14T03:00,21.9,98,25.7,1.4,1.4,61,79,5.5,226,17.385,78.4867
2025-09-14T04:00,21.9,98,25.3,0.1,0.1,51,46,8.1,249,17.385,78.4867
2025-09-14T05:00,21.9,98,25.4,0.0,0.0,2,65,7.8,266,17.385,78.4867
2025-09-14T06:00,23.0,94,26.7,0.2,0.2,51,84,8.5,264,17.385,78.4867
2025-09-14T07:00,22.9,93,26.4,0.1,0.1,51,84,8.9,278,17.385,78.4867
2025-09-14T08:00,24.3,85,27.5,0.0,0.0,3,100,10.1,281,17.385,78.4867
2025-09-14T09:00,25.9,78,29.4,0.0,0.0,3,99,8.9,279,17.385,78.4867
2025-09-14T10:00,26.9,73,30.5,0.1,0.1,51,54,7.8,289,17.385,78.4867
2025-09-14T11:00,28.2,69,33.6,0.1,0.1,51,57,6.9,293,17.385,78.4867
2025-09-14T12:00,28.6,72,35.0,0.3,0.3,51,70,6.6,303,17.385,78.4867
2025-09-14T13:00,28.8,72,35.0,0.0,0.0,2,61,4.6,301,17.385,78.4867
2025-09-14T14:00,29.3,70,36.1,0.0,0.0,1,36,2.3,288,17.385,78.4867
2025-09-14T15:00,29.3,69,34.8,0.0,0.0,0,18,2.6,245,17.385,78.4867
2025-09-14T16:00,28.4,70,32.8,0.5,0.5,53,88,4.9,216,17.385,78.4867
2025-09-14T17:00,26.1,80,30.8,0.9,0.9,53,91,2.2,215,17.385,78.4867
2025-09-14T18:00,26.6,81,31.5,0.0,0.0,3,97,4.3,225,17.385,78.4867
2025-09-14T19:00,26.3,84,31.2,0.0,0.0,3,100,5.0,221,17.385,78.4867
2025-09-14T20:00,25.1,88,29.9,0.7,0.7,53,99,3.9,283,17.385,78.4867
2025-09-14T21:00,24.0,92,28.3,0.5,0.5,53,99,6.0,327,17.385,78.4867
2025-09-14T22:00,23.3,95,28.0,0.0,0.0,3,100,3.0,308,17.385,78.4867
2025-09-14T23:00,23.0,96,27.7,0.0,0.0,3,100,1.9,209,17.385,78.4867
2025-09-15T00:00,22.9,97,27.6,0.0,0.0,3,100,3.2,227,17.385,78.4867
2025-09-15T01:00,23.1,97,27.3,0.0,0.0,3,100,7.1,227,17.385,78.4867
2025-09-15T02:00,22.9,94,26.2,0.0,0.0,3,100,10.5,246,17.385,78.4867
2025-09-15T03:00,22.6,94,25.9,0.0,0.0,3,100,9.6,257,17.385,78.4867
2025-09-15T04:00,22.7,94,26.3,0.0,0.0,3,100,7.9,253,17.385,78.4867
2025-09-15T05:00,22.9,93,26.3,0.0,0.0,3,100,8.7,264,17.385,78.4867
2025-09-15T06:00,23.5,93,27.1,0.0,0.0,3,100,10.4,250,17.385,78.4867
2025-09-15T07:00,24.0,90,27.3,0.0,0.0,3,100,11.9,250,17.385,78.4867
2025-09-15T08:00,25.0,84,28.0,0.0,0.0,3,100,13.4,244,17.385,78.4867
2025-09-15T09:00,26.1,79,29.4,0.1,0.1,51,100,11.4,247,17.385,78.4867
2025-09-15T10:00,27.3,74,31.1,0.0,0.0,3,100,11.0,245,17.385,78.4867
2025-09-15T11:00,28.0,71,32.2,0.0,0.0,3,100,10.6,246,17.385,78.4867
2025-09-15T12:00,28.5,70,33.2,0.0,0.0,3,100,9.3,246,17.385,78.4867
2025-09-15T13:00,28.7,68,32.5,0.1,0.1,51,100,10.6,240,17.385,78.4867
2025-09-15T14:00,28.7,67,31.9,0.0,0.0,3,100,12.6,244,17.385,78.4867
2025-09-15T15:00,28.9,66,32.0,0.0,0.0,3,99,12.0,253,17.385,78.4867
2025-09-15T16:00,25.9,81,29.4,1.8,1.8,61,100,11.3,270,17.385,78.4867
2025-09-15T17:00,25.5,86,30.4,0.6,0.6,53,100,4.3,270,17.385,78.4867
2025-09-15T18:00,26.2,81,30.6,0.0,0.0,3,100,6.8,258,17.385,78.4867
2025-09-15T19:00,25.7,84,30.2,0.0,0.0,3,100,6.3,243,17.385,78.4867
2025-09-15T20:00,25.3,86,30.0,0.0,0.0,3,100,4.6,234,17.385,78.4867
2025-09-15T21:00,24.4,89,28.7,1.9,1.9,61,100,5.9,305,17.385,78.4867
2025-09-15T22:00,23.8,92,28.4,0.0,0.0,3,100,3.8,270,17.385,78.4867
2025-09-15T23:00,23.6,93,28.0,0.0,0.0,3,100,4.5,263,17.385,78.4867
2025-09-16T00:00,23.4,94,27.6,0.0,0.0,3,100,6.5,256,17.385,78.4867
2025-09-16T01:00,23.0,96,27.9,0.0,0.0,3,100,1.5,249,17.385,78.4867
2025-09-16T02:00,23.1,96,27.4,0.0,0.0,3,100,6.0,241,17.385,78.4867
2025-09-16T03:00,22.9,97,27.0,0.0,0.0,3,100,6.7,265,17.385,78.4867
2025-09-16T04:00,22.9,96,27.0,0.0,0.0,3,100,5.9,272,17.385,78.4867
2025-09-16T05:00,22.9,95,26.9,0.0,0.0,3,100,6.3,267,17.385,78.4867
2025-09-16T06:00,23.2,95,27.3,0.0,0.0,3,98,6.4,248,17.385,78.4867
2025-09-16T07:00,24.0,91,27.8,0.0,0.0,3,94,8.9,242,17.385,78.4867
2025-09-16T08:00,24.8,86,28.5,0.1,0.1,51,100,10.1,246,17.385,78.4867
2025-09-16T09:00,26.0,79,29.7,0.1,0.1,51,100,8.5,246,17.385,78.4867
2025-09-16T10:00,27.5,72,31.6,0.1,0.1,51,100,8.9,245,17.385,78.4867
2025-09-16T11:00,28.0,70,32.7,0.2,0.2,51,100,8.8,251,17.385,78.4867
2025-09-16T12:00,28.5,71,33.4,0.1,0.1,51,100,7.0,257,17.385,78.4867
2025-09-16T13:00,28.9,68,33.8,0.1,0.1,51,100,6.8,238,17.385,78.4867
2025-09-16T14:00,29.4,66,33.8,0.1,0.1,51,93,5.6,225,17.385,78.4867
2025-09-16T15:00,25.8,80,29.5,5.3,5.3,63,100,8.7,240,17.385,78.4867
2025-09-16T16:00,25.2,84,30.2,1.5,1.5,61,100,0.8,225,17.385,78.4867
2025-09-16T17:00,25.5,83,30.3,0.0,0.0,3,100,2.5,270,17.385,78.4867
2025-09-16T18:00,26.2,81,30.7,0.0,0.0,3,100,5.0,249,17.385,78.4867
2025-09-16T19:00,25.7,85,30.3,0.0,0.0,3,100,5.4,228,17.385,78.4867
2025-09-16T20:00,25.1,88,29.6,0.0,0.0,3,100,6.2,244,17.385,78.4867
2025-09-16T21:00,24.6,90,29.3,0.0,0.0,3,100,4.9,253,17.385,78.4867
2025-09-16T22:00,24.2,92,28.8,0.0,0.0,3,85,5.5,261,17.385,78.4867
2025-09-16T23:00,23.9,94,28.5,0.0,0.0,3,96,5.0,257,17.385,78.4867
2025-09-17T00:00,23.5,96,28.1,0.0,0.0,3,100,4.3,255,17.385,78.4867
2025-09-17T01:00,23.1,97,27.5,0.0,0.0,3,95,5.2,254,17.385,78.4867
2025-09-17T02:00,22.8,97,27.0,0.0,0.0,3,98,5.9,247,17.385,78.4867
2025-09-17T03:00,22.6,97,26.6,0.0,0.0,3,100,6.7,262,17.385,78.4867
2025-09-17T04:00,22.5,97,26.4,0.0,0.0,3,100,7.2,283,17.385,78.4867
2025-09-17T05:00,22.8,95,26.7,0.0,0.0,3,100,6.4,278,17.385,78.4867
2025-09-17T06:00,23.3,93,27.5,0.0,0.0,3,100,4.7,261,17.385,78.4867
2025-09-17T07:00,23.9,92,28.6,0.0,0.0,3,100,3.1,257,17.385,78.4867
2025-09-17T08:00,25.0,86,29.7,0.0,0.0,3,100,3.6,273,17.385,78.4867
2025-09-17T09:00,26.2,82,31.1,0.1,0.1,51,96,3.4,288,17.385,78.4867
2025-09-17T10:00,27.4,76,33.0,0.1,0.1,51,76,2.6,309,17.385,78.4867
2025-09-17T11:00,28.0,74,34.0,0.1,0.1,51,100,1.4,320,17.385,78.4867
2025-09-17T12:00,28.6,70,34.4,0.1,0.1,51,100,0.6,236,17.385,78.4867
2025-09-17T13:00,28.6,68,33.3,0.0,0.0,3,99,1.6,180,17.385,78.4867
2025-09-17T14:00,28.8,68,33.6,0.0,0.0,2,56,0.7,284,17.385,78.4867
2025-09-17T15:00,27.2,75,31.4,0.6,0.6,53,100,6.1,152,17.385,78.4867
2025-09-17T16:00,26.4,79,30.7,0.1,0.1,51,85,6.5,157,17.385,78.4867
2025-09-17T17:00,26.0,82,31.0,0.1,0.1,51,79,2.0,225,17.385,78.4867
2025-09-17T18:00,26.1,84,30.9,0.0,0.0,3,100,4.7,173,17.385,78.4867
2025-09-17T19:00,25.9,86,30.9,0.0,0.0,3,100,4.0,201,17.385,78.4867
2025-09-17T20:00,25.7,87,30.8,0.0,0.0,3,100,3.2,199,17.385,78.4867
2025-09-17T21:00,25.4,88,30.3,0.0,0.0,1,28,4.5,166,17.385,78.4867
2025-09-17T22:00,24.8,89,29.6,0.0,0.0,2,71,4.2,190,17.385,78.4867
2025-09-17T23:00,24.5,90,29.2,0.0,0.0,3,100,4.5,178,17.385,78.4867
2025-09-18T00:00,24.1,91,28.7,0.0,0.0,3,100,4.3,182,17.385,78.4867
2025-09-18T01:00,22.8,93,26.6,0.7,0.7,53,100,5.5,144,17.385,78.4867
2025-09-18T02:00,22.6,93,25.6,0.8,0.8,53,99,10.0,203,17.385,78.4867
2025-09-18T03:00,22.1,95,25.4,0.0,0.0,3,98,8.6,221,17.385,78.4867
2025-09-18T04:00,22.0,96,25.7,0.0,0.0,3,98,5.5,221,17.385,78.4867
2025-09-18T05:00,21.9,96,25.6,0.0,0.0,3,99,5.6,248,17.385,78.4867
2025-09-18T06:00,23.3,96,28.0,0.0,0.0,2,57,3.0,245,17.385,78.4867
2025-09-18T07:00,24.2,93,29.1,0.0,0.0,2,50,4.2,250,17.385,78.4867
2025-09-18T08:00,25.4,86,30.1,0.0,0.0,2,78,5.0,249,17.385,78.4867
2025-09-18T09:00,26.7,79,31.5,0.0,0.0,1,48,4.2,245,17.385,78.4867
2025-09-18T10:00,28.0,71,33.6,0.1,0.1,51,64,4.4,218,17.385,78.4867
2025-09-18T11:00,28.8,67,34.9,0.1,0.1,51,94,5.1,222,17.385,78.4867
2025-09-18T12:00,29.4,66,35.7,0.0,0.0,1,34,4.1,218,17.385,78.4867
2025-09-18T13:00,30.0,65,37.0,0.0,0.0,1,22,3.9,208,17.385,78.4867
2025-09-18T14:00,29.8,66,36.1,0.0,0.0,3,88,2.9,210,17.385,78.4867
2025-09-18T15:00,29.4,67,34.3,0.0,0.0,3,100,2.4,222,17.385,78.4867
2025-09-18T16:00,28.5,72,33.5,0.3,0.3,51,39,3.1,208,17.385,78.4867
2025-09-18T17:00,26.8,80,31.7,3.5,3.5,63,40,4.1,124,17.385,78.4867
2025-09-18T18:00,26.8,81,31.8,0.0,0.0,3,91,4.4,189,17.385,78.4867
2025-09-18T19:00,26.4,84,31.5,0.3,0.3,51,89,3.9,158,17.385,78.4867
2025-09-18T20:00,26.1,86,31.5,0.0,0.0,3,100,3.0,142,17.385,78.4867
2025-09-18T21:00,25.2,91,30.0,0.0,0.0,3,94,6.4,82,17.385,78.4867
2025-09-18T22:00,24.5,93,29.2,0.0,0.0,3,94,6.2,102,17.385,78.4867
2025-09-18T23:00,23.8,96,28.2,0.5,0.5,53,70,7.1,195,17.385,78.4867
2025-09-19T00:00,22.5,95,25.9,6.2,6.2,63,100,9.1,231,17.385,78.4867
2025-09-19T01:00,22.6,96,26.3,0.0,0.0,3,100,7.0,241,17.385,78.4867
2025-09-19T02:00,22.5,96,26.2,0.0,0.0,3,100,7.7,242,17.385,78.4867
2025-09-19T03:00,22.7,96,26.5,0.0,0.0,3,100,6.9,242,17.385,78.4867
2025-09-19T04:00,22.2,96,25.7,0.0,0.0,3,100,8.1,253,17.385,78.4867
2025-09-19T05:00,22.0,97,25.7,0.0,0.0,3,100,5.8,256,17.385,78.4867
2025-09-19T06:00,23.1,96,27.0,0.0,0.0,3,97,8.4,242,17.385,78.4867
2025-09-19T07:00,24.0,91,27.5,0.0,0.0,3,100,11.2,249,17.385,78.4867
2025-09-19T08:00,25.2,83,28.7,0.0,0.0,3,99,9.8,252,17.385,78.4867
2025-09-19T09:00,26.7,75,30.4,0.0,0.0,3,100,8.5,253,17.385,78.4867
2025-09-19T10:00,27.8,71,32.5,0.1,0.1,51,99,6.5,246,17.385,78.4867
2025-09-19T11:00,28.8,65,34.4,0.1,0.1,51,80,5.4,244,17.385,78.4867
2025-09-19T12:00,29.6,63,35.7,0.0,0.0,2,53,4.6,239,17.385,78.4867
2025-09-19T13:00,30.1,60,36.0,0.0,0.0,0,18,4.1,241,17.385,78.4867
2025-09-19T14:00,30.3,59,35.8,0.1,0.1,51,18,3.2,236,17.385,78.4867
2025-09-19T15:00,29.5,63,33.6,0.0,0.0,1,26,6.5,231,17.385,78.4867
2025-09-19T16:00,28.6,68,32.6,0.1,0.1,51,18,6.5,231,17.385,78.4867
2025-09-19T17:00,28.3,69,32.9,0.0,0.0,1,26,2.3,231,17.385,78.4867
2025-09-19T18:00,27.7,75,32.4,0.0,0.0,1,38,4.9,262,17.385,78.4867
2025-09-19T19:00,26.9,80,31.5,0.4,0.4,51,73,6.3,297,17.385,78.4867
2025-09-19T20:00,24.6,90,29.2,2.8,2.8,63,93,5.2,119,17.385,78.4867
2025-09-19T21:00,23.3,94,27.4,4.7,4.7,63,97,6.7,87,17.385,78.4867
2025-09-19T22:00,22.3,98,26.1,1.6,1.6,61,89,7.2,166,17.385,78.4867
2025-09-19T23:00,22.4,97,26.1,0.1,0.1,51,80,7.6,243,17.385,78.4867
2025-09-20T00:00,22.6,94,26.3,0.0,0.0,2,58,6.4,238,17.385,78.4867
2025-09-20T01:00,22.2,96,25.4,0.0,0.0,2,53,10.3,276,17.385,78.4867
2025-09-20T02:00,22.1,96,25.3,0.0,0.0,3,89,8.7,264,17.385,78.4867
2025-09-20T03:00,21.9,96,24.9,0.0,0.0,3,100,10.3,274,17.385,78.4867
2025-09-20T04:00,22.2,95,25.4,0.0,0.0,3,100,9.7,272,17.385,78.4867
2025-09-20T05:00,22.4,94,25.7,0.0,0.0,1,29,8.5,275,17.385,78.4867
2025-09-20T06:00,23.5,94,27.3,0.0,0.0,3,91,9.1,291,17.385,78.4867
2025-09-20T07:00,24.3,90,27.8,0.0,0.0,3,92,11.6,300,17.385,78.4867
2025-09-20T08:00,25.2,85,28.7,0.0,0.0,3,99,11.5,302,17.385,78.4867
2025-09-20T09:00,26.8,77,30.4,0.0,0.0,3,100,10.5,299,17.385,78.4867
2025-09-20T10:00,27.8,72,31.6,0.0,0.0,3,99,10.1,297,17.385,78.4867
2025-09-20T11:00,28.6,69,33.6,0.0,0.0,3,85,7.7,301,17.385,78.4867
2025-09-20T12:00,29.6,64,35.9,0.1,0.1,51,74,6.1,298,17.385,78.4867
2025-09-20T13:00,30.0,64,36.0,0.0,0.0,3,93,6.3,307,17.385,78.4867
2025-09-20T14:00,30.0,64,35.5,0.0,0.0,1,31,6.7,304,17.385,78.4867
2025-09-20T15:00,29.1,68,33.5,0.4,0.4,51,33,8.2,308,17.385,78.4867
2025-09-20T16:00,29.0,68,33.5,0.3,0.3,51,64,4.5,275,17.385,78.4867
2025-09-20T17:00,28.5,68,32.5,0.7,0.7,53,88,5.8,272,17.385,78.4867
2025-09-20T18:00,26.7,80,31.2,0.0,0.0,2,74,7.1,306,17.385,78.4867
2025-09-20T19:00,25.9,84,30.2,0.0,0.0,3,87,7.2,295,17.385,78.4867
2025-09-20T20:00,25.3,85,29.7,0.0,0.0,3,100,6.2,291,17.385,78.4867
2025-09-20T21:00,25.0,87,29.7,0.0,0.0,3,100,3.3,54,17.385,78.4867
2025-09-20T22:00,24.4,89,29.1,0.1,0.1,51,100,2.9,137,17.385,78.4867
2025-09-20T23:00,23.6,95,28.7,0.6,0.6,53,100,1.3,98,17.385,78.4867
2025-09-21T00:00,23.6,95,28.1,0.1,0.1,51,100,5.1,260,17.385,78.4867
2025-09-21T01:00,23.4,92,26.8,0.7,0.7,53,100,11.0,296,17.385,78.4867
2025-09-21T02:00,22.9,93,26.2,0.1,0.1,51,100,10.1,295,17.385,78.4867
2025-09-21T03:00,22.5,93,25.7,0.1,0.1,51,100,9.4,300,17.385,78.4867
2025-09-21T04:00,22.5,94,25.5,0.0,0.0,2,65,10.3,306,17.385,78.4867
2025-09-21T05:00,22.4,95,25.6,0.0,0.0,3,92,10.0,311,17.385,78.4867
2025-09-21T06:00,23.1,92,26.6,0.0,0.0,3,98,8.8,293,17.385,78.4867
2025-09-21T07:00,23.6,92,27.7,0.0,0.0,3,88,6.6,283,17.385,78.4867
2025-09-21T08:00,25.2,82,28.5,0.0,0.0,3,100,11.3,312,17.385,78.4867
2025-09-21T09:00,26.1,79,29.5,0.0,0.0,3,98,11.6,321,17.385,78.4867
2025-09-21T10:00,27.4,74,31.3,0.0,0.0,3,100,10.8,322,17.385,78.4867
2025-09-21T11:00,28.2,69,31.7,0.0,0.0,3,100,9.8,322,17.385,78.4867
2025-09-21T12:00,29.1,65,34.2,0.1,0.1,51,100,8.2,324,17.385,78.4867
2025-09-21T13:00,29.7,66,35.8,0.2,0.2,51,91,6.5,318,17.385,78.4867
2025-09-21T14:00,29.7,66,34.9,0.0,0.0,1,28,6.5,300,17.385,78.4867
2025-09-21T15:00,29.3,69,34.1,0.0,0.0,2,59,7.0,283,17.385,78.4867
2025-09-21T16:00,28.1,71,32.2,0.9,0.9,53,99,6.8,235,17.385,78.4867
2025-09-21T17:00,27.5,75,32.1,0.6,0.6,53,100,3.8,295,17.385,78.4867
2025-09-21T18:00,25.9,85,30.6,0.7,0.7,53,100,5.3,252,17.385,78.4867
2025-09-21T19:00,25.5,88,30.4,1.7,1.7,61,100,5.2,264,17.385,78.4867
2025-09-21T20:00,25.2,93,30.8,1.2,1.2,55,100,2.7,266,17.385,78.4867
2025-09-21T21:00,23.8,95,28.0,0.7,0.7,53,100,8.1,271,17.385,78.4867
2025-09-21T22:00,23.3,97,27.6,1.0,1.0,55,100,7.5,281,17.385,78.4867
2025-09-21T23:00,23.1,95,27.0,1.2,1.2,55,100,7.8,263,17.385,78.4867
2025-09-22T00:00,23.0,95,26.9,1.1,1.1,55,100,7.9,254,17.385,78.4867
2025-09-22T01:00,22.9,95,26.2,0.2,0.2,51,100,10.3,265,17.385,78.4867
2025-09-22T02:00,22.6,96,25.9,0.0,0.0,3,100,10.5,273,17.385,78.4867
2025-09-22T03:00,22.5,96,25.5,0.0,0.0,3,100,11.7,290,17.385,78.4867
2025-09-22T04:00,22.4,96,25.5,0.1,0.1,51,100,11.0,296,17.385,78.4867
2025-09-22T05:00,22.5,95,25.7,0.0,0.0,3,98,10.1,297,17.385,78.4867
2025-09-22T06:00,22.8,95,26.0,0.0,0.0,3,100,11.1,300,17.385,78.4867
2025-09-22T07:00,23.8,91,27.1,0.0,0.0,3,100,11.6,309,17.385,78.4867
2025-09-22T08:00,24.5,88,28.0,0.1,0.1,51,100,11.2,315,17.385,78.4867
2025-09-22T09:00,25.7,82,29.2,0.1,0.1,51,100,11.1,316,17.385,78.4867
2025-09-22T10:00,26.9,75,30.4,0.0,0.0,3,100,9.6,317,17.385,78.4867
2025-09-22T11:00,27.8,71,32.4,0.2,0.2,51,100,9.7,321,17.385,78.4867
2025-09-22T12:00,28.2,71,33.2,0.1,0.1,51,100,8.8,316,17.385,78.4867
2025-09-22T13:00,28.2,70,32.3,0.0,0.0,3,100,8.4,317,17.385,78.4867
2025-09-22T14:00,28.4,69,32.3,0.0,0.0,3,100,7.7,300,17.385,78.4867
2025-09-22T15:00,26.0,79,30.0,0.5,0.5,53,100,6.1,34,17.385,78.4867
2025-09-22T16:00,26.1,80,30.8,0.1,0.1,51,100,2.5,4,17.385,78.4867
2025-09-22T17:00,26.3,80,31.1,0.0,0.0,3,100,2.9,330,17.385,78.4867
2025-09-22T18:00,24.3,93,29.0,1.0,1.0,55,100,5.9,360,17.385,78.4867
2025-09-22T19:00,24.2,94,28.9,0.9,0.9,53,100,5.1,328,17.385,78.4867
2025-09-22T20:00,24.1,94,28.8,0.5,0.5,53,100,5.9,297,17.385,78.4867
2025-09-22T21:00,24.0,96,28.5,0.3,0.3,51,100,7.0,283,17.385,78.4867
2025-09-22T22:00,23.8,96,28.1,0.5,0.5,53,100,8.4,285,17.385,78.4867
2025-09-22T23:00,23.6,96,27.8,1.1,1.1,55,100,8.7,294,17.385,78.4867
2025-09-23T00:00,23.3,96,27.3,1.4,1.4,61,100,8.8,293,17.385,78.4867
2025-09-23T01:00,23.1,96,27.0,1.2,1.2,55,100,8.4,295,17.385,78.4867
2025-09-23T02:00,23.0,97,26.8,1.6,1.6,61,100,8.8,279,17.385,78.4867
2025-09-23T03:00,22.9,97,26.6,2.0,2.0,61,100,9.1,284,17.385,78.4867
2025-09-23T04:00,22.8,96,26.2,1.7,1.7,61,100,11.0,284,17.385,78.4867
2025-09-23T05:00,22.7,96,26.0,0.9,0.9,53,100,10.8,285,17.385,78.4867
2025-09-23T06:00,23.0,96,26.3,0.0,0.0,3,100,12.0,283,17.385,78.4867
2025-09-23T07:00,23.4,93,26.6,0.0,0.0,3,100,12.6,287,17.385,78.4867
2025-09-23T08:00,24.6,85,27.0,0.0,0.0,3,100,16.8,298,17.385,78.4867
2025-09-23T09:00,26.0,76,28.5,0.1,0.1,51,100,14.1,305,17.385,78.4867
2025-09-23T10:00,26.8,77,30.3,0.0,0.0,3,100,11.5,311,17.385,78.4867
2025-09-23T11:00,27.2,76,31.1,0.0,0.0,3,98,10.4,315,17.385,78.4867
2025-09-23T12:00,28.0,74,33.1,0.0,0.0,3,96,9.7,315,17.385,78.4867
2025-09-23T13:00,28.5,70,33.8,0.0,0.0,3,100,9.1,322,17.385,78.4867
2025-09-23T14:00,28.7,69,33.1,0.2,0.2,51,100,9.2,298,17.385,78.4867
2025-09-23T15:00,25.8,78,28.7,0.5,0.5,53,100,12.2,269,17.385,78.4867
2025-09-23T16:00,25.9,78,29.1,0.1,0.1,51,100,10.8,288,17.385,78.4867
2025-09-23T17:00,24.5,84,27.7,0.1,0.1,51,100,10.1,290,17.385,78.4867
2025-09-23T18:00,24.1,88,27.6,0.4,0.4,51,100,9.6,266,17.385,78.4867
2025-09-23T19:00,23.9,90,27.3,0.0,0.0,3,100,10.8,270,17.385,78.4867
2025-09-23T20:00,23.8,90,27.0,0.0,0.0,3,100,11.3,277,17.385,78.4867
2025-09-23T21:00,23.7,90,26.8,0.0,0.0,3,100,11.4,286,17.385,78.4867
2025-09-23T22:00,23.6,91,26.7,0.0,0.0,3,100,11.8,286,17.385,78.4867
2025-09-23T23:00,23.5,91,26.6,0.0,0.0,3,100,11.6,288,17.385,78.4867
2025-09-24T00:00,23.4,90,26.4,0.0,0.0,3,100,11.7,290,17.385,78.4867
2025-09-24T01:00,23.2,90,26.1,0.0,0.0,3,100,11.8,287,17.385,78.4867
2025-09-24T02:00,23.1,91,26.0,0.0,0.0,3,85,11.7,284,17.385,78.4867
2025-09-24T03:00,22.7,91,25.4,0.0,0.0,2,72,12.1,293,17.385,78.4867
2025-09-24T04:00,22.5,91,25.0,0.0,0.0,3,97,12.6,295,17.385,78.4867
2025-09-24T05:00,22.5,91,24.9,0.0,0.0,3,100,13.1,295,17.385,78.4867
2025-09-24T06:00,22.7,90,24.9,0.0,0.0,3,100,14.0,298,17.385,78.4867
2025-09-24T07:00,23.0,89,25.5,0.0,0.0,3,100,13.4,299,17.385,78.4867
2025-09-24T08:00,23.9,83,25.6,0.0,0.0,3,100,17.3,306,17.385,78.4867
2025-09-24T09:00,25.5,74,26.9,0.0,0.0,3,100,19.1,311,17.385,78.4867
2025-09-24T10:00,26.7,69,28.7,0.0,0.0,3,100,17.7,316,17.385,78.4867
2025-09-24T11:00,27.1,66,28.8,0.0,0.0,3,100,16.0,314,17.385,78.4867
2025-09-24T12:00,27.9,64,30.5,0.0,0.0,3,100,14.6,315,17.385,78.4867
2025-09-24T13:00,28.3,64,31.8,0.0,0.0,3,100,13.5,307,17.385,78.4867
2025-09-24T14:00,28.3,65,31.3,0.0,0.0,3,100,13.5,308,17.385,78.4867
2025-09-24T15:00,28.2,65,30.7,0.0,0.0,3,97,12.9,298,17.385,78.4867
2025-09-24T16:00,28.0,65,30.4,0.0,0.0,3,100,12.6,292,17.385,78.4867
2025-09-24T17:00,27.4,70,30.4,0.0,0.0,3,100,10.1,294,17.385,78.4867
2025-09-24T18:00,25.4,81,28.9,0.0,0.0,3,98,8.5,277,17.385,78.4867
2025-09-24T19:00,24.9,84,28.4,0.0,0.0,3,100,9.1,263,17.385,78.4867
2025-09-24T20:00,24.3,83,27.4,0.0,0.0,3,100,10.0,264,17.385,78.4867
2025-09-24T21:00,23.9,84,26.8,0.0,0.0,1,29,9.8,275,17.385,78.4867
2025-09-24T22:00,23.6,85,26.4,0.0,0.0,2,64,10.1,274,17.385,78.4867
2025-09-24T23:00,23.5,86,26.4,0.0,0.0,3,85,10.3,281,17.385,78.4867
2025-09-25T00:00,23.4,87,26.2,0.0,0.0,3,100,11.1,284,17.385,78.4867
2025-09-25T01:00,23.3,86,25.6,0.1,0.1,51,100,12.9,293,17.385,78.4867
2025-09-25T02:00,22.9,88,25.6,0.2,0.2,51,100,10.3,295,17.385,78.4867
2025-09-25T03:00,23.0,87,25.0,0.1,0.1,51,100,14.9,291,17.385,78.4867
2025-09-25T04:00,22.6,85,24.3,0.0,0.0,3,100,14.7,295,17.385,78.4867
2025-09-25T05:00,22.6,86,24.4,0.0,0.0,3,100,14.3,293,17.385,78.4867
2025-09-25T06:00,23.4,85,25.6,0.0,0.0,3,100,14.0,296,17.385,78.4867
2025-09-25T07:00,23.6,84,25.8,0.0,0.0,3,100,13.4,302,17.385,78.4867
2025-09-25T08:00,23.8,84,26.1,0.0,0.0,3,100,13.4,309,17.385,78.4867
2025-09-25T09:00,24.0,84,26.6,0.1,0.1,51,100,12.7,297,17.385,78.4867
2025-09-25T10:00,24.3,82,26.3,0.0,0.0,3,100,15.4,303,17.385,78.4867
2025-09-25T11:00,25.3,75,26.9,0.0,0.0,3,100,17.7,307,17.385,78.4867
2025-09-25T12:00,25.7,72,27.0,0.0,0.0,3,100,18.0,311,17.385,78.4867
2025-09-25T13:00,25.1,76,26.5,0.3,0.3,51,100,18.0,310,17.385,78.4867
2025-09-25T14:00,24.9,78,26.6,0.5,0.5,53,100,17.0,306,17.385,78.4867
2025-09-25T15:00,24.6,81,26.8,0.5,0.5,53,100,15.2,301,17.385,78.4867
2025-09-25T16:00,24.1,85,26.6,0.6,0.6,53,100,14.4,301,17.385,78.4867
2025-09-25T17:00,23.8,86,26.2,0.2,0.2,51,100,14.2,296,17.385,78.4867
2025-09-25T18:00,23.2,87,25.3,0.1,0.1,51,100,15.0,308,17.385,78.4867
2025-09-25T19:00,23.0,86,25.0,0.4,0.4,51,100,14.2,309,17.385,78.4867
2025-09-25T20:00,22.7,86,24.7,0.7,0.7,53,100,13.7,308,17.385,78.4867
2025-09-25T21:00,22.4,88,24.5,0.9,0.9,53,100,12.9,297,17.385,78.4867
2025-09-25T22:00,22.4,89,24.4,0.7,0.7,53,100,14.3,289,17.385,78.4867
2025-09-25T23:00,22.2,88,23.8,0.6,0.6,53,100,15.9,292,17.385,78.4867
2025-09-26T00:00,22.0,88,23.3,0.7,0.7,53,100,17.8,301,17.385,78.4867
2025-09-26T01:00,21.9,89,23.3,1.0,1.0,55,100,16.7,290,17.385,78.4867
2025-09-26T02:00,22.2,91,24.0,0.0,0.0,3,98,15.8,287,17.385,78.4867
2025-09-26T03:00,22.1,90,23.9,0.1,0.1,51,100,15.3,285,17.385,78.4867
2025-09-26T04:00,22.2,90,24.1,0.2,0.2,51,100,14.9,289,17.385,78.4867
2025-09-26T05:00,22.0,91,23.9,0.7,0.7,53,100,14.7,288,17.385,78.4867
2025-09-26T06:00,21.7,92,23.6,0.4,0.4,51,100,14.2,296,17.385,78.4867
2025-09-26T07:00,21.9,93,24.4,0.6,0.6,53,100,11.8,299,17.385,78.4867
2025-09-26T08:00,22.9,89,25.3,0.0,0.0,3,100,13.2,307,17.385,78.4867
2025-09-26T09:00,24.2,84,27.4,0.1,0.1,51,97,8.6,323,17.385,78.4867
2025-09-26T10:00,26.3,79,30.5,0.1,0.1,51,100,8.5,339,17.385,78.4867
2025-09-26T11:00,26.1,78,29.5,2.4,2.4,61,100,10.3,15,17.385,78.4867
2025-09-26T12:00,27.7,75,32.8,0.4,0.4,51,100,6.6,334,17.385,78.4867
2025-09-26T13:00,25.0,84,29.0,5.6,5.6,63,100,6.6,35,17.385,78.4867
2025-09-26T14:00,24.7,85,28.6,3.7,3.7,63,99,6.8,302,17.385,78.4867
2025-09-26T15:00,25.3,84,29.7,0.2,0.2,51,100,4.2,324,17.385,78.4867
2025-09-26T16:00,25.4,85,29.9,0.1,0.1,51,100,5.4,290,17.385,78.4867
2025-09-26T17:00,25.4,86,29.7,0.1,0.1,51,100,7.7,291,17.385,78.4867
2025-09-26T18:00,24.5,91,28.8,0.0,0.0,3,100,7.1,285,17.385,78.4867
2025-09-26T19:00,23.8,90,27.0,0.1,0.1,51,100,12.0,286,17.385,78.4867
2025-09-26T20:00,23.0,94,26.6,0.2,0.2,51,100,8.8,296,17.385,78.4867
2025-09-26T21:00,22.8,94,25.9,0.1,0.1,51,100,11.3,303,17.385,78.4867
2025-09-26T22:00,22.6,95,25.9,0.0,0.0,3,100,10.4,281,17.385,78.4867
2025-09-26T23:00,22.6,96,25.9,0.1,0.1,51,100,10.0,284,17.385,78.4867
2025-09-27T00:00,22.6,96,26.1,0.2,0.2,51,100,9.9,285,17.385,78.4867
2025-09-27T01:00,22.6,96,26.1,0.1,0.1,51,100,9.7,281,17.385,78.4867
2025-09-27T02:00,22.5,96,25.8,0.3,0.3,51,100,10.4,279,17.385,78.4867
2025-09-27T03:00,22.4,96,25.6,0.5,0.5,53,100,10.5,287,17.385,78.4867
2025-09-27T04:00,22.3,96,25.2,0.5,0.5,53,100,11.6,296,17.385,78.4867
2025-09-27T05:00,22.0,96,24.7,0.5,0.5,53,100,12.1,285,17.385,78.4867
2025-09-27T06:00,22.3,97,25.6,0.6,0.6,53,100,9.5,261,17.385,78.4867
2025-09-27T07:00,22.6,97,26.1,0.8,0.8,53,100,9.9,261,17.385,78.4867
2025-09-27T08:00,23.2,95,26.6,0.7,0.7,53,100,11.6,266,17.385,78.4867
2025-09-27T09:00,23.9,90,27.0,0.7,0.7,53,100,13.3,278,17.385,78.4867
2025-09-27T10:00,23.8,91,26.7,1.1,1.1,55,100,14.5,287,17.385,78.4867
2025-09-27T11:00,24.3,88,27.3,1.2,1.2,55,100,13.9,287,17.385,78.4867
2025-09-27T12:00,24.7,86,27.7,1.0,1.0,55,100,13.8,282,17.385,78.4867
2025-09-27T13:00,24.5,91,28.3,0.9,0.9,53,100,11.0,269,17.385,78.4867
2025-09-27T14:00,25.0,88,28.5,0.5,0.5,53,100,12.6,274,17.385,78.4867
2025-09-27T15:00,24.9,88,28.6,0.4,0.4,51,100,10.8,275,17.385,78.4867
2025-09-27T16:00,25.1,86,28.8,0.2,0.2,51,100,10.0,255,17.385,78.4867
2025-09-27T17:00,24.7,86,28.0,0.1,0.1,51,100,11.2,254,17.385,78.4867
2025-09-27T18:00,23.5,88,25.9,0.0,0.0,3,100,14.4,254,17.385,78.4867
2025-09-27T19:00,23.3,90,25.9,0.0,0.0,3,100,14.1,256,17.385,78.4867
2025-09-27T20:00,23.2,90,25.9,0.0,0.0,3,100,13.5,258,17.385,78.4867
2025-09-27T21:00,23.2,90,25.8,0.1,0.1,51,100,13.5,254,17.385,78.4867
2025-09-27T22:00,22.9,92,25.6,0.1,0.1,51,100,12.8,256,17.385,78.4867
2025-09-27T23:00,22.7,92,25.2,0.0,0.0,3,100,13.8,250,17.385,78.4867
2025-09-28T00:00,22.6,90,24.6,0.0,0.0,3,100,15.4,252,17.385,78.4867
2025-09-28T01:00,22.2,89,24.0,0.0,0.0,3,100,15.1,253,17.385,78.4867
2025-09-28T02:00,21.8,89,23.5,0.0,0.0,3,100,13.9,250,17.385,78.4867
2025-09-28T03:00,21.8,88,23.6,0.0,0.0,3,100,13.2,248,17.385,78.4867
2025-09-28T04:00,21.9,87,23.6,0.0,0.0,3,100,13.1,243,17.385,78.4867
2025-09-28T05:00,21.7,88,23.5,0.0,0.0,3,82,13.1,241,17.385,78.4867
2025-09-28T06:00,21.9,87,23.6,0.0,0.0,3,100,13.0,246,17.385,78.4867
2025-09-28T07:00,22.5,86,24.7,0.0,0.0,3,100,11.0,242,17.385,78.4867
2025-09-28T08:00,23.8,79,24.8,0.0,0.0,3,95,19.2,244,17.385,78.4867
2025-09-28T09:00,24.8,74,25.8,0.0,0.0,3,86,19.1,251,17.385,78.4867
2025-09-28T10:00,25.3,72,26.7,0.0,0.0,3,100,16.6,246,17.385,78.4867
2025-09-28T11:00,25.1,73,26.5,0.0,0.0,3,100,16.1,243,17.385,78.4867
2025-09-28T12:00,24.9,76,27.2,0.0,0.0,3,90,11.2,235,17.385,78.4867
2025-09-28T13:00,26.7,68,29.3,0.2,0.2,51,73,14.8,256,17.385,78.4867
2025-09-28T14:00,27.1,74,30.3,0.2,0.2,51,58,14.0,244,17.385,78.4867
2025-09-28T15:00,26.4,76,29.5,0.8,0.8,53,14,11.2,240,17.385,78.4867
2025-09-28T16:00,26.9,75,30.3,0.0,0.0,0,15,10.2,240,17.385,78.4867
2025-09-28T17:00,24.3,85,26.9,1.7,1.7,61,95,14.1,259,17.385,78.4867
2025-09-28T18:00,25.2,78,28.8,0.0,0.0,3,98,5.8,240,17.385,78.4867
2025-09-28T19:00,24.1,84,27.1,0.3,0.3,51,100,10.2,212,17.385,78.4867
2025-09-28T20:00,23.4,88,26.5,0.1,0.1,51,96,9.4,204,17.385,78.4867
2025-09-28T21:00,23.3,89,26.8,0.0,0.0,3,96,7.1,189,17.385,78.4867
2025-09-28T22:00,22.9,91,26.3,0.0,0.0,3,100,7.6,202,17.385,78.4867
2025-09-28T23:00,22.7,91,26.0,0.0,0.0,3,95,8.4,220,17.385,78.4867
2025-09-29T00:00,22.5,93,25.7,0.0,0.0,3,84,9.3,223,17.385,78.4867
2025-09-29T01:00,22.5,93,25.6,0.0,0.0,0,11,9.9,232,17.385,78.4867
2025-09-29T02:00,22.4,93,25.4,0.0,0.0,2,62,10.1,241,17.385,78.4867
2025-09-29T03:00,22.3,90,24.9,0.0,0.0,0,1,10.1,254,17.385,78.4867
2025-09-29T04:00,22.0,88,24.1,0.0,0.0,0,3,10.7,261,17.385,78.4867
2025-09-29T05:00,21.6,88,23.7,0.0,0.0,0,6,10.0,262,17.385,78.4867
2025-09-29T06:00,22.1,85,24.2,0.0,0.0,1,23,10.1,264,17.385,78.4867
2025-09-29T07:00,22.8,84,25.3,0.0,0.0,1,31,8.9,261,17.385,78.4867
2025-09-29T08:00,24.2,78,26.0,0.0,0.0,2,56,14.7,263,17.385,78.4867
2025-09-29T09:00,25.7,71,27.6,0.0,0.0,1,36,12.6,267,17.385,78.4867
2025-09-29T10:00,26.8,67,29.9,0.0,0.0,1,27,12.1,267,17.385,78.4867
2025-09-29T11:00,27.9,61,31.1,0.0,0.0,2,66,14.1,268,17.385,78.4867
2025-09-29T12:00,28.4,59,31.3,0.0,0.0,3,98,14.0,277,17.385,78.4867
2025-09-29T13:00,29.0,57,31.9,0.0,0.0,3,94,14.1,285,17.385,78.4867
2025-09-29T14:00,29.1,55,31.1,0.0,0.0,3,100,14.8,284,17.385,78.4867
2025-09-29T15:00,29.2,55,30.8,0.0,0.0,3,100,12.4,289,17.385,78.4867
2025-09-29T16:00,29.0,56,31.1,0.0,0.0,3,91,9.6,296,17.385,78.4867
2025-09-29T17:00,28.2,63,31.3,0.0,0.0,3,99,6.1,256,17.385,78.4867
2025-09-29T18:00,26.5,71,30.4,0.0,0.0,3,98,2.5,291,17.385,78.4867
2025-09-29T19:00,25.6,75,29.2,0.0,0.0,3,100,4.3,248,17.385,78.4867
2025-09-29T20:00,24.7,80,27.6,0.0,0.0,3,81,10.3,229,17.385,78.4867
2025-09-29T21:00,23.5,88,26.6,0.0,0.0,3,84,9.7,239,17.385,78.4867
2025-09-29T22:00,23.0,91,26.2,0.0,0.0,3,100,10.1,241,17.385,78.4867
2025-09-29T23:00,22.9,91,25.7,0.0,0.0,3,100,11.1,243,17.385,78.4867
2025-09-30T00:00,22.9,90,25.7,0.0,0.0,3,100,11.4,252,17.385,78.4867
2025-09-30T01:00,22.9,91,25.6,0.0,0.0,3,100,12.4,256,17.385,78.4867
2025-09-30T02:00,22.7,92,25.4,0.0,0.0,3,100,12.3,265,17.385,78.4867
2025-09-30T03:00,22.5,92,25.1,0.0,0.0,3,100,12.1,272,17.385,78.4867
2025-09-30T04:00,22.3,92,24.8,0.0,0.0,3,98,12.0,277,17.385,78.4867
2025-09-30T05:00,22.1,91,24.5,0.0,0.0,3,96,11.5,279,17.385,78.4867
2025-09-30T06:00,22.6,88,24.9,0.0,0.0,0,4,12.2,279,17.385,78.4867
2025-09-30T07:00,23.3,86,26.2,0.0,0.0,0,14,9.7,280,17.385,78.4867
2025-09-30T08:00,24.5,82,27.5,0.0,0.0,1,28,10.4,285,17.385,78.4867
2025-09-30T09:00,25.8,77,28.9,0.0,0.0,2,55,10.3,282,17.385,78.4867
2025-09-30T10:00,26.8,72,30.1,0.1,0.1,51,84,10.2,280,17.385,78.4867
2025-09-30T11:00,27.3,69,30.1,0.0,0.0,2,79,11.3,279,17.385,78.4867
2025-09-30T12:00,28.2,67,32.4,0.0,0.0,1,49,13.3,280,17.385,78.4867
2025-09-30T13:00,28.3,67,32.3,0.0,0.0,1,32,13.6,285,17.385,78.4867
2025-09-30T14:00,28.4,63,31.5,0.0,0.0,0,17,13.0,284,17.385,78.4867
2025-09-30T15:00,28.4,62,30.8,0.0,0.0,1,20,13.0,281,17.385,78.4867
2025-09-30T16:00,27.9,63,29.9,0.0,0.0,3,96,13.0,276,17.385,78.4867
2025-09-30T17:00,26.9,72,30.2,0.0,0.0,3,100,8.5,269,17.385,78.4867
2025-09-30T18:00,26.1,78,30.0,0.0,0.0,3,100,7.1,277,17.385,78.4867
2025-09-30T19:00,25.7,79,29.5,0.0,0.0,3,100,7.1,276,17.385,78.4867
2025-09-30T20:00,25.3,80,28.8,0.0,0.0,3,100,8.0,275,17.385,78.4867
2025-09-30T21:00,24.9,81,28.2,0.0,0.0,3,100,8.1,266,17.385,78.4867
2025-09-30T22:00,24.4,81,27.4,0.0,0.0,3,100,9.4,274,17.385,78.4867
2025-09-30T23:00,24.2,80,26.7,0.0,0.0,3,99,11.7,274,17.385,78.4867
2025-10-01T00:00,23.8,81,25.6,0.0,0.0,1,45,15.3,274,17.385,78.4867
2025-10-01T01:00,23.4,81,25.2,0.0,0.0,3,98,13.9,280,17.385,78.4867
2025-10-01T02:00,23.1,83,25.1,0.0,0.0,3,98,12.4,283,17.385,78.4867
2025-10-01T03:00,22.7,86,24.9,0.0,0.0,3,100,11.7,284,17.385,78.4867
2025-10-01T04:00,22.4,88,24.7,0.0,0.0,3,100,11.9,285,17.385,78.4867
2025-10-01T05:00,22.6,87,24.9,0.0,0.0,3,100,11.6,288,17.385,78.4867
2025-10-01T06:00,22.5,87,24.9,0.0,0.0,3,100,11.3,290,17.385,78.4867
2025-10-01T07:00,23.1,87,26.0,0.0,0.0,1,48,9.0,286,17.385,78.4867
2025-10-01T08:00,24.5,82,27.5,0.0,0.0,2,67,9.8,288,17.385,78.4867
2025-10-01T09:00,26.0,76,29.0,0.0,0.0,3,91,11.0,289,17.385,78.4867
2025-10-01T10:00,27.2,68,30.8,0.0,0.0,3,100,12.8,292,17.385,78.4867
2025-10-01T11:00,28.2,62,31.2,0.0,0.0,3,98,16.4,293,17.385,78.4867
2025-10-01T12:00,28.6,59,31.5,0.1,0.1,51,98,14.9,289,17.385,78.4867
2025-10-01T13:00,28.8,60,32.0,0.1,0.1,51,100,14.0,286,17.385,78.4867
2025-10-01T14:00,29.0,60,32.2,0.0,0.0,3,100,12.7,286,17.385,78.4867
2025-10-01T15:00,29.2,57,31.4,0.0,0.0,3,100,11.7,290,17.385,78.4867
2025-10-01T16:00,28.7,58,30.9,0.0,0.0,3,100,9.9,280,17.385,78.4867
2025-10-01T17:00,27.4,67,30.4,0.0,0.0,3,100,7.5,260,17.385,78.4867
2025-10-01T18:00,26.4,73,29.7,0.0,0.0,3,100,7.4,257,17.385,78.4867
2025-10-01T19:00,25.5,78,28.8,0.0,0.0,3,100,8.1,265,17.385,78.4867
2025-10-01T20:00,25.1,80,28.4,0.0,0.0,3,100,8.3,270,17.385,78.4867
2025-10-01T21:00,24.7,81,28.0,0.0,0.0,3,100,8.0,278,17.385,78.4867
2025-10-01T22:00,24.4,82,27.3,0.0,0.0,3,100,10.3,276,17.385,78.4867
2025-10-01T23:00,24.0,85,27.2,0.0,0.0,3,100,9.2,274,17.385,78.4867
2025-10-02T00:00,24.2,84,27.1,0.0,0.0,3,100,10.8,268,17.385,78.4867
2025-10-02T01:00,23.7,85,26.4,0.0,0.0,3,100,11.2,266,17.385,78.4867
2025-10-02T02:00,23.2,86,25.7,0.0,0.0,3,100,11.2,274,17.385,78.4867
2025-10-02T03:00,23.0,85,25.2,0.0,0.0,3,100,12.5,274,17.385,78.4867
2025-10-02T04:00,23.0,85,24.9,0.0,0.0,3,100,13.5,279,17.385,78.4867
2025-10-02T05:00,23.3,86,25.7,0.0,0.0,3,100,13.3,279,17.385,78.4867
2025-10-02T06:00,23.3,86,25.7,0.0,0.0,3,100,12.5,281,17.385,78.4867
2025-10-02T07:00,23.5,85,26.3,0.0,0.0,3,100,10.5,282,17.385,78.4867
2025-10-02T08:00,24.1,84,27.0,0.0,0.0,3,100,10.7,284,17.385,78.4867
2025-10-02T09:00,24.8,80,27.7,0.0,0.0,3,100,10.7,284,17.385,78.4867
2025-10-02T10:00,25.9,76,29.1,0.0,0.0,3,100,8.8,285,17.385,78.4867
2025-10-02T11:00,27.1,67,29.3,0.0,0.0,3,100,13.0,294,17.385,78.4867
2025-10-02T12:00,27.4,65,29.7,0.0,0.0,3,100,11.6,302,17.385,78.4867
2025-10-02T13:00,27.8,64,30.3,0.0,0.0,3,100,11.8,301,17.385,78.4867
2025-10-02T14:00,27.9,63,30.1,0.0,0.0,3,100,11.8,289,17.385,78.4867
2025-10-02T15:00,27.6,64,29.9,0.0,0.0,3,100,10.7,290,17.385,78.4867
2025-10-02T16:00,27.3,66,29.9,0.0,0.0,3,100,10.0,290,17.385,78.4867
2025-10-02T17:00,26.8,73,30.1,0.0,0.0,3,100,8.8,290,17.385,78.4867
2025-10-02T18:00,25.9,78,29.5,0.0,0.0,3,100,7.4,283,17.385,78.4867
2025-10-02T19:00,25.3,81,29.0,0.0,0.0,3,100,7.4,276,17.385,78.4867
2025-10-02T20:00,24.9,83,28.5,0.0,0.0,3,100,8.0,276,17.385,78.4867
2025-10-02T21:00,24.6,84,27.9,0.0,0.0,3,100,9.0,275,17.385,78.4867
2025-10-02T22:00,24.2,85,27.6,0.0,0.0,3,100,8.5,272,17.385,78.4867
2025-10-02T23:00,23.9,87,27.4,0.0,0.0,3,100,7.6,278,17.385,78.4867
2025-10-03T00:00,23.6,88,26.9,0.0,0.0,3,100,8.5,263,17.385,78.4867
2025-10-03T01:00,23.4,89,26.7,0.0,0.0,3,100,9.0,264,17.385,78.4867
2025-10-03T02:00,23.3,89,26.3,0.0,0.0,3,100,10.3,269,17.385,78.4867
2025-10-03T03:00,23.1,88,26.0,0.0,0.0,3,100,10.3,275,17.385,78.4867
2025-10-03T04:00,23.0,86,25.5,0.0,0.0,3,100,11.4,282,17.385,78.4867
2025-10-03T05:00,23.0,88,25.6,0.0,0.0,3,100,11.8,276,17.385,78.4867
2025-10-03T06:00,23.1,86,25.6,0.0,0.0,3,100,11.9,273,17.385,78.4867
2025-10-03T07:00,23.8,85,26.8,0.0,0.0,3,100,9.2,271,17.385,78.4867
2025-10-03T08:00,25.0,81,27.8,0.0,0.0,3,100,12.2,278,17.385,78.4867
2025-10-03T09:00,26.6,72,28.7,0.0,0.0,3,100,15.4,291,17.385,78.4867
2025-10-03T10:00,27.6,66,30.3,0.0,0.0,3,100,15.9,295,17.385,78.4867
2025-10-03T11:00,28.1,64,31.5,0.0,0.0,3,100,14.6,294,17.385,78.4867
2025-10-03T12:00,28.9,60,32.1,0.0,0.0,3,99,14.2,294,17.385,78.4867
2025-10-03T13:00,29.5,57,32.9,0.0,0.0,3,100,13.4,290,17.385,78.4867
2025-10-03T14:00,29.7,55,32.5,0.0,0.0,3,100,12.7,291,17.385,78.4867
2025-10-03T15:00,29.7,54,31.6,0.0,0.0,3,99,11.6,289,17.385,78.4867
2025-10-03T16:00,29.0,57,31.1,0.0,0.0,3,100,10.2,283,17.385,78.4867
2025-10-03T17:00,27.4,69,30.6,0.0,0.0,3,99,8.6,269,17.385,78.4867
2025-10-03T18:00,26.5,75,30.0,0.0,0.0,3,99,7.6,289,17.385,78.4867
2025-10-03T19:00,25.9,78,29.5,0.0,0.0,3,98,7.4,284,17.385,78.4867
2025-10-03T20:00,25.4,81,29.2,0.0,0.0,3,100,7.6,275,17.385,78.4867
2025-10-03T21:00,25.0,84,28.7,0.0,0.0,3,100,8.3,271,17.385,78.4867
2025-10-03T22:00,24.6,83,28.0,0.0,0.0,3,100,9.0,267,17.385,78.4867
2025-10-03T23:00,24.6,83,28.0,0.0,0.0,3,99,8.9,278,17.385,78.4867
2025-10-04T00:00,24.4,84,27.8,0.0,0.0,3,100,8.9,283,17.385,78.4867
2025-10-04T01:00,24.1,85,27.4,0.0,0.0,3,100,9.4,269,17.385,78.4867
2025-10-04T02:00,24.0,86,27.2,0.0,0.0,3,100,9.2,273,17.385,78.4867
2025-10-04T03:00,23.7,86,26.9,0.0,0.0,3,100,9.3,278,17.385,78.4867
2025-10-04T04:00,23.7,86,26.6,0.0,0.0,3,100,10.4,272,17.385,78.4867
2025-10-04T05:00,23.6,87,26.4,0.0,0.0,3,99,11.6,274,17.385,78.4867
2025-10-04T06:00,23.6,88,26.6,0.0,0.0,3,100,11.1,277,17.385,78.4867
2025-10-04T07:00,24.3,86,27.8,0.0,0.0,3,94,8.7,276,17.385,78.4867
2025-10-04T08:00,25.6,81,29.1,0.0,0.0,3,100,10.4,285,17.385,78.4867
2025-10-04T09:00,27.0,74,30.2,0.0,0.0,3,100,11.6,296,17.385,78.4867
2025-10-04T10:00,28.2,70,32.6,0.0,0.0,3,100,10.7,290,17.385,78.4867
2025-10-04T11:00,28.5,69,33.4,0.2,0.2,51,100,11.0,281,17.385,78.4867
2025-10-04T12:00,29.3,65,34.0,0.0,0.0,3,89,10.6,280,17.385,78.4867
2025-10-04T13:00,29.7,60,33.6,0.1,0.1,51,100,11.6,274,17.385,78.4867
2025-10-04T14:00,27.8,70,31.1,0.5,0.5,53,80,10.1,276,17.385,78.4867
2025-10-04T15:00,28.8,66,32.3,0.0,0.0,3,100,8.7,263,17.385,78.4867
2025-10-04T16:00,28.1,66,31.1,0.0,0.0,3,99,10.0,284,17.385,78.4867
2025-10-04T17:00,27.4,73,31.4,0.0,0.0,3,100,7.0,302,17.385,78.4867
2025-10-04T18:00,26.5,78,30.5,0.0,0.0,3,100,8.2,303,17.385,78.4867
2025-10-04T19:00,26.0,80,30.0,0.0,0.0,3,100,7.5,300,17.385,78.4867
2025-10-04T20:00,25.6,83,29.9,0.0,0.0,3,100,6.3,301,17.385,78.4867
2025-10-04T21:00,25.2,86,29.4,0.0,0.0,3,100,6.5,283,17.385,78.4867
2025-10-04T22:00,24.8,87,29.1,0.0,0.0,3,100,6.0,275,17.385,78.4867
2025-10-04T23:00,24.4,88,28.7,0.0,0.0,3,100,5.4,274,17.385,78.4867
2025-10-05T00:00,24.2,88,28.3,0.0,0.0,3,100,5.6,277,17.385,78.4867
2025-10-05T01:00,23.9,88,27.9,0.0,0.0,3,88,5.9,281,17.385,78.4867
2025-10-05T02:00,23.6,89,27.5,0.0,0.0,2,52,5.9,281,17.385,78.4867
2025-10-05T03:00,23.4,89,27.1,0.0,0.0,3,86,5.8,279,17.385,78.4867
2025-10-05T04:00,23.1,90,26.5,0.0,0.0,3,85,7.1,276,17.385,78.4867
2025-10-05T05:00,22.3,88,24.8,0.0,0.0,3,100,9.7,289,17.385,78.4867
2025-10-05T06:00,22.6,90,25.6,1.0,1.0,55,100,8.9,315,17.385,78.4867
2025-10-05T07:00,23.2,90,26.3,0.2,0.2,51,100,10.4,300,17.385,78.4867
2025-10-05T08:00,24.2,84,26.9,0.0,0.0,3,98,12.4,289,17.385,78.4867
2025-10-05T09:00,26.1,75,29.0,0.0,0.0,3,100,10.7,292,17.385,78.4867
2025-10-05T10:00,26.9,73,30.8,0.1,0.1,51,100,7.5,305,17.385,78.4867
2025-10-05T11:00,27.6,71,32.6,0.0,0.0,3,99,8.9,308,17.385,78.4867
2025-10-05T12:00,28.7,67,34.2,0.0,0.0,3,100,8.9,304,17.385,78.4867
2025-10-05T13:00,29.2,63,34.2,0.1,0.1,51,100,8.9,302,17.385,78.4867
2025-10-05T14:00,29.6,60,33.6,0.0,0.0,3,100,7.6,306,17.385,78.4867
2025-10-05T15:00,28.9,62,32.1,0.0,0.0,2,73,7.6,308,17.385,78.4867
2025-10-05T16:00,28.2,66,31.5,0.8,0.8,53,84,7.2,283,17.385,78.4867
2025-10-05T17:00,26.3,75,30.6,0.1,0.1,51,100,3.0,284,17.385,78.4867
2025-10-05T18:00,25.6,82,29.8,0.0,0.0,3,100,5.0,268,17.385,78.4867
2025-10-05T19:00,25.2,84,29.7,0.0,0.0,3,100,4.2,301,17.385,78.4867
2025-10-05T20:00,24.8,87,29.3,0.0,0.0,3,100,4.3,268,17.385,78.4867
2025-10-05T21:00,24.5,88,29.3,0.0,0.0,3,100,2.6,321,17.385,78.4867
2025-10-05T22:00,24.2,90,28.9,0.0,0.0,3,96,2.7,290,17.385,78.4867
2025-10-05T23:00,24.3,89,28.6,0.0,0.0,3,100,5.4,310,17.385,78.4867
2025-10-06T00:00,24.2,88,28.3,0.0,0.0,3,100,5.5,314,17.385,78.4867
2025-10-06T01:00,23.7,89,27.7,0.0,0.0,3,91,5.9,301,17.385,78.4867
2025-10-06T02:00,23.4,90,27.1,0.0,0.0,3,100,6.6,296,17.385,78.4867
2025-10-06T03:00,23.0,92,26.7,0.0,0.0,3,93,6.4,280,17.385,78.4867
2025-10-06T04:00,22.3,93,24.9,0.0,0.0,3,100,12.1,293,17.385,78.4867
2025-10-06T05:00,21.7,96,24.5,0.1,0.1,51,100,10.5,267,17.385,78.4867
2025-10-06T06:00,21.5,95,24.3,0.2,0.2,51,100,9.3,311,17.385,78.4867
2025-10-06T07:00,22.1,90,24.7,0.0,0.0,3,100,9.6,304,17.385,78.4867
2025-10-06T08:00,23.0,85,25.4,0.0,0.0,2,66,10.9,287,17.385,78.4867
2025-10-06T09:00,25.1,77,27.5,0.0,0.0,3,86,12.2,298,17.385,78.4867
2025-10-06T10:00,26.2,72,29.1,0.0,0.0,3,94,11.6,316,17.385,78.4867
2025-10-06T11:00,27.7,65,31.3,0.0,0.0,1,48,10.0,306,17.385,78.4867
2025-10-06T12:00,28.8,59,32.8,0.0,0.0,3,98,8.5,305,17.385,78.4867
2025-10-06T13:00,29.0,57,31.8,0.0,0.0,3,100,9.1,309,17.385,78.4867
2025-10-06T14:00,28.9,58,31.5,0.0,0.0,3,99,7.8,310,17.385,78.4867
2025-10-06T15:00,29.6,55,32.5,0.0,0.0,3,99,5.7,314,17.385,78.4867
2025-10-06T16:00,27.2,67,29.8,0.1,0.1,51,98,10.8,314,17.385,78.4867
2025-10-06T17:00,26.2,74,29.5,0.0,0.0,3,84,7.4,338,17.385,78.4867
2025-10-06T18:00,24.1,85,27.6,3.2,3.2,63,98,6.7,211,17.385,78.4867
2025-10-06T19:00,23.0,93,27.1,4.8,4.8,63,98,4.8,193,17.385,78.4867
2025-10-06T20:00,22.9,94,27.2,1.8,1.8,61,82,3.5,215,17.385,78.4867
2025-10-06T21:00,22.8,96,27.0,0.0,0.0,2,70,4.8,283,17.385,78.4867
2025-10-06T22:00,22.4,97,26.5,0.0,0.0,3,86,5.5,212,17.385,78.4867
2025-10-06T23:00,21.6,93,25.2,0.0,0.0,3,100,3.4,227,17.385,78.4867
2025-10-07T00:00,22.2,90,25.3,0.0,0.0,3,100,6.3,283,17.385,78.4867
2025-10-07T01:00,22.1,91,25.2,0.0,0.0,3,99,6.5,309,17.385,78.4867
2025-10-07T02:00,22.0,93,24.8,0.0,0.0,3,100,9.5,302,17.385,78.4867
2025-10-07T03:00,21.8,94,25.0,0.0,0.0,3,100,7.1,315,17.385,78.4867
2025-10-07T04:00,21.9,93,25.2,0.0,0.0,3,100,6.0,321,17.385,78.4867
2025-10-07T05:00,21.9,93,25.3,0.0,0.0,1,38,5.2,311,17.385,78.4867
2025-10-07T06:00,22.0,93,25.7,0.0,0.0,1,30,2.9,277,17.385,78.4867
2025-10-07T07:00,22.9,89,26.8,0.0,0.0,1,21,3.2,289,17.385,78.4867
2025-10-07T08:00,24.8,81,28.7,0.0,0.0,1,22,4.7,302,17.385,78.4867
2025-10-07T09:00,26.8,72,30.5,0.0,0.0,0,5,5.9,315,17.385,78.4867
2025-10-07T10:00,28.2,66,32.8,0.1,0.1,51,19,6.6,327,17.385,78.4867
2025-10-07T11:00,28.2,67,33.4,0.1,0.1,51,100,6.8,343,17.385,78.4867
2025-10-07T12:00,25.8,73,28.9,1.6,1.6,61,76,9.1,9,17.385,78.4867
2025-10-07T13:00,26.6,71,30.2,0.3,0.3,51,26,5.0,289,17.385,78.4867
2025-10-07T14:00,28.3,63,33.0,0.0,0.0,1,36,4.1,15,17.385,78.4867
2025-10-07T15:00,28.5,64,32.4,0.0,0.0,1,43,4.0,339,17.385,78.4867
2025-10-07T16:00,26.6,74,30.1,1.3,1.3,61,57,8.0,312,17.385,78.4867
2025-10-07T17:00,25.6,80,29.6,0.0,0.0,3,91,5.4,307,17.385,78.4867
2025-10-07T18:00,25.2,81,29.6,0.0,0.0,3,95,2.6,282,17.385,78.4867
2025-10-07T19:00,25.1,81,29.5,0.0,0.0,3,99,2.7,270,17.385,78.4867
2025-10-07T20:00,24.7,84,29.0,0.0,0.0,2,63,4.2,290,17.385,78.4867
2025-10-07T21:00,24.4,86,28.7,0.0,0.0,0,6,3.6,330,17.385,78.4867
2025-10-07T22:00,23.9,90,28.2,0.0,0.0,0,2,4.5,320,17.385,78.4867
2025-10-07T23:00,23.9,94,28.7,0.0,0.0,2,74,3.9,336,17.385,78.4867
2025-10-08T00:00,24.2,91,28.9,0.0,0.0,2,76,3.9,344,17.385,78.4867
2025-10-08T01:00,23.9,91,28.6,0.0,0.0,2,62,3.3,306,17.385,78.4867
2025-10-08T02:00,23.5,92,27.8,0.0,0.0,2,79,5.0,334,17.385,78.4867
2025-10-08T03:00,23.2,93,27.5,0.0,0.0,0,16,4.8,323,17.385,78.4867
2025-10-08T04:00,23.0,94,27.4,0.0,0.0,0,5,3.5,325,17.385,78.4867
2025-10-08T05:00,22.7,90,26.4,0.0,0.0,1,48,3.8,329,17.385,78.4867
2025-10-08T06:00,23.2,88,26.8,0.0,0.0,2,70,5.7,328,17.385,78.4867
2025-10-08T07:00,24.2,87,28.7,0.0,0.0,2,66,2.8,325,17.385,78.4867
2025-10-08T08:00,26.2,77,30.6,0.0,0.0,3,98,3.4,3,17.385,78.4867
2025-10-08T09:00,27.7,64,31.1,0.0,0.0,1,30,5.2,29,17.385,78.4867
2025-10-08T10:00,28.6,59,32.7,0.0,0.0,0,11,4.1,38,17.385,78.4867
2025-10-08T11:00,29.3,55,34.0,0.0,0.0,0,19,3.3,29,17.385,78.4867
2025-10-08T12:00,29.8,53,34.6,0.0,0.0,0,16,3.1,24,17.385,78.4867
2025-10-08T13:00,30.3,50,35.0,0.0,0.0,0,19,2.4,13,17.385,78.4867
2025-10-08T14:00,30.4,48,34.0,0.1,0.1,51,16,3.1,350,17.385,78.4867
2025-10-08T15:00,30.3,49,32.8,0.1,0.1,51,18,4.1,331,17.385,78.4867
2025-10-08T16:00,29.7,50,31.8,0.1,0.1,51,26,6.1,328,17.385,78.4867
2025-10-08T17:00,27.7,65,31.2,0.0,0.0,2,73,3.4,16,17.385,78.4867
2025-10-08T18:00,25.1,78,28.1,0.2,0.2,51,99,9.5,260,17.385,78.4867
2025-10-08T19:00,24.4,80,27.5,0.2,0.2,51,99,7.0,3,17.385,78.4867
2025-10-08T20:00,24.2,82,27.8,0.0,0.0,3,99,4.9,360,17.385,78.4867
2025-10-08T21:00,24.2,84,28.3,0.0,0.0,3,100,2.7,4,17.385,78.4867
2025-10-08T22:00,24.0,86,28.4,0.0,0.0,3,100,1.9,73,17.385,78.4867
2025-10-08T23:00,22.9,90,26.7,0.0,0.0,3,100,3.8,121,17.385,78.4867
2025-10-09T00:00,22.8,94,26.8,0.1,0.1,51,100,5.0,139,17.385,78.4867
2025-10-09T01:00,22.5,95,27.1,0.0,0.0,3,100,0.4,333,17.385,78.4867
2025-10-09T02:00,22.3,95,26.8,0.0,0.0,3,100,0.9,360,17.385,78.4867
2025-10-09T03:00,22.0,96,26.2,0.0,0.0,3,100,2.2,279,17.385,78.4867
2025-10-09T04:00,22.0,96,26.0,0.0,0.0,3,100,3.2,286,17.385,78.4867
2025-10-09T05:00,23.3,89,26.6,0.0,0.0,2,63,8.2,310,17.385,78.4867
2025-10-09T06:00,23.4,86,26.9,0.1,0.1,51,47,5.9,340,17.385,78.4867
2025-10-09T07:00,24.2,85,28.5,0.0,0.0,0,5,3.1,332,17.385,78.4867
2025-10-09T08:00,25.8,78,30.1,0.0,0.0,1,33,3.0,343,17.385,78.4867
2025-10-09T09:00,27.1,70,31.0,0.0,0.0,0,18,4.4,12,17.385,78.4867
2025-10-09T10:00,27.7,66,31.9,0.2,0.2,51,51,5.8,20,17.385,78.4867
2025-10-09T11:00,28.0,67,33.0,0.1,0.1,51,52,5.3,35,17.385,78.4867
2025-10-09T12:00,28.6,64,33.5,0.2,0.2,51,33,5.4,20,17.385,78.4867
2025-10-09T13:00,28.8,61,33.1,0.3,0.3,51,78,6.3,7,17.385,78.4867
2025-10-09T14:00,29.2,61,33.5,0.0,0.0,2,57,5.5,351,17.385,78.4867
2025-10-09T15:00,29.2,59,32.3,0.0,0.0,1,29,7.2,342,17.385,78.4867
2025-10-09T16:00,28.6,61,31.3,0.1,0.1,51,30,8.4,350,17.385,78.4867
2025-10-09T17:00,28.6,58,31.3,0.0,0.0,1,43,6.7,16,17.385,78.4867
2025-10-09T18:00,27.7,64,30.7,0.0,0.0,3,96,6.3,5,17.385,78.4867
2025-10-09T19:00,26.7,69,29.6,0.0,0.0,3,98,7.9,12,17.385,78.4867
2025-10-09T20:00,25.9,72,28.8,0.0,0.0,2,69,7.8,15,17.385,78.4867
2025-10-09T21:00,25.5,74,28.6,0.0,0.0,2,77,6.6,11,17.385,78.4867
2025-10-09T22:00,25.1,76,28.4,0.0,0.0,0,14,5.2,31,17.385,78.4867
2025-10-09T23:00,24.9,75,28.1,0.0,0.0,1,38,4.8,37,17.385,78.4867
2025-10-10T00:00,24.8,74,27.6,0.0,0.0,2,66,6.1,28,17.385,78.4867
2025-10-10T01:00,24.3,75,27.2,0.0,0.0,1,48,5.2,25,17.385,78.4867
2025-10-10T02:00,23.9,75,26.6,0.0,0.0,1,46,5.6,15,17.385,78.4867
2025-10-10T03:00,23.3,77,25.7,0.0,0.0,3,99,6.8,358,17.385,78.4867
2025-10-10T04:00,22.8,78,25.0,0.0,0.0,3,91,6.7,336,17.385,78.4867
2025-10-10T05:00,22.8,76,25.1,0.0,0.0,3,98,5.4,358,17.385,78.4867
2025-10-10T06:00,23.3,74,25.5,0.0,0.0,3,100,6.0,355,17.385,78.4867
2025-10-10T07:00,23.8,75,26.5,0.0,0.0,3,99,4.8,315,17.385,78.4867
2025-10-10T08:00,25.4,68,28.1,0.0,0.0,2,70,4.5,337,17.385,78.4867
2025-10-10T09:00,27.4,55,29.5,0.0,0.0,3,98,4.7,4,17.385,78.4867
2025-10-10T10:00,28.7,47,31.4,0.0,0.0,1,24,5.2,2,17.385,78.4867
2025-10-10T11:00,29.4,45,32.5,0.0,0.0,3,83,6.2,350,17.385,78.4867
2025-10-10T12:00,30.2,42,33.6,0.0,0.0,3,100,5.6,338,17.385,78.4867
2025-10-10T13:00,30.6,41,33.5,0.0,0.0,3,98,6.7,326,17.385,78.4867
2025-10-10T14:00,30.7,40,32.6,0.0,0.0,3,100,7.9,325,17.385,78.4867
2025-10-10T15:00,30.5,40,31.1,0.0,0.0,3,100,8.9,322,17.385,78.4867
2025-10-10T16:00,29.9,42,30.3,0.0,0.0,3,99,9.7,332,17.385,78.4867
2025-10-10T17:00,29.1,47,30.2,0.0,0.0,3,89,8.1,359,17.385,78.4867
2025-10-10T18:00,27.9,53,29.5,0.0,0.0,3,100,7.6,355,17.385,78.4867
2025-10-10T19:00,26.9,57,28.4,0.0,0.0,3,100,7.8,356,17.385,78.4867
2025-10-10T20:00,25.5,60,27.0,0.0,0.0,3,95,7.1,341,17.385,78.4867
2025-10-10T21:00,24.4,64,26.0,0.0,0.0,3,85,6.7,344,17.385,78.4867
2025-10-10T22:00,24.0,66,25.8,0.0,0.0,3,91,6.0,353,17.385,78.4867
2025-10-10T23:00,23.3,72,25.5,0.0,0.0,1,29,4.4,330,17.385,78.4867
2025-10-11T00:00,23.5,72,25.6,0.0,0.0,3,88,5.7,328,17.385,78.4867
2025-10-11T01:00,23.0,72,24.9,0.0,0.0,3,100,6.1,330,17.385,78.4867
2025-10-11T02:00,22.5,72,24.4,0.0,0.0,3,91,4.4,339,17.385,78.4867
2025-10-11T03:00,22.0,72,23.7,0.0,0.0,2,55,4.9,321,17.385,78.4867
2025-10-11T04:00,21.8,70,22.9,0.0,0.0,2,59,6.6,327,17.385,78.4867
2025-10-11T05:00,22.0,71,23.1,0.0,0.0,0,1,7.5,352,17.385,78.4867
2025-10-11T06:00,22.0,71,23.1,0.0,0.0,3,88,7.6,348,17.385,78.4867
2025-10-11T07:00,22.9,70,24.6,0.0,0.0,3,100,5.6,354,17.385,78.4867
2025-10-11T08:00,24.6,67,26.7,0.0,0.0,3,100,5.2,6,17.385,78.4867
2025-10-11T09:00,26.7,58,28.5,0.0,0.0,3,100,6.8,18,17.385,78.4867
2025-10-11T10:00,28.4,48,30.0,0.0,0.0,3,100,8.6,8,17.385,78.4867
2025-10-11T11:00,29.6,46,32.0,0.0,0.0,3,82,10.1,360,17.385,78.4867
2025-10-11T12:00,30.3,44,32.9,0.0,0.0,2,67,11.0,358,17.385,78.4867
2025-10-11T13:00,30.8,41,33.1,0.0,0.0,2,66,10.9,348,17.385,78.4867
2025-10-11T14:00,30.8,40,32.3,0.0,0.0,1,48,11.8,348,17.385,78.4867
2025-10-11T15:00,30.6,40,30.8,0.0,0.0,3,98,12.3,350,17.385,78.4867
2025-10-11T16:00,29.8,43,29.9,0.0,0.0,3,100,12.9,352,17.385,78.4867
2025-10-11T17:00,28.8,44,29.0,0.0,0.0,1,34,10.5,357,17.385,78.4867
2025-10-11T18:00,28.0,48,28.9,0.0,0.0,3,100,7.8,9,17.385,78.4867
2025-10-11T19:00,27.0,52,28.0,0.0,0.0,3,100,8.1,5,17.385,78.4867
2025-10-11T20:00,26.3,54,27.2,0.0,0.0,3,100,7.6,8,17.385,78.4867
2025-10-11T21:00,25.6,57,26.8,0.0,0.0,3,100,6.7,9,17.385,78.4867
2025-10-11T22:00,25.0,60,26.4,0.0,0.0,3,80,6.6,16,17.385,78.4867
2025-10-11T23:00,24.2,66,25.9,0.0,0.0,2,74,5.6,22,17.385,78.4867
2025-10-12T00:00,24.1,65,25.6,0.0,0.0,3,98,6.8,29,17.385,78.4867
2025-10-12T01:00,23.8,64,25.0,0.0,0.0,1,47,6.8,32,17.385,78.4867
2025-10-12T02:00,23.2,65,24.4,0.0,0.0,0,5,6.6,37,17.385,78.4867
2025-10-12T03:00,22.7,68,24.0,0.0,0.0,0,0,6.2,38,17.385,78.4867
2025-10-12T04:00,22.3,71,23.8,0.0,0.0,0,3,5.9,38,17.385,78.4867
2025-10-12T05:00,22.5,75,24.3,0.0,0.0,2,57,7.5,44,17.385,78.4867
2025-10-12T06:00,22.6,76,24.5,0.0,0.0,0,0,7.1,36,17.385,78.4867
2025-10-12T07:00,23.5,74,25.9,0.0,0.0,0,0,4.8,25,17.385,78.4867
2025-10-12T08:00,25.4,68,27.7,0.0,0.0,0,0,6.9,33,17.385,78.4867
2025-10-12T09:00,27.3,55,28.8,0.0,0.0,0,0,9.1,27,17.385,78.4867
2025-10-12T10:00,28.7,48,30.9,0.0,0.0,1,29,9.4,35,17.385,78.4867
2025-10-12T11:00,29.8,45,32.7,0.0,0.0,3,100,8.7,45,17.385,78.4867
2025-10-12T12:00,30.8,41,33.6,0.0,0.0,3,96,8.4,40,17.385,78.4867
2025-10-12T13:00,31.3,40,34.0,0.0,0.0,3,100,8.3,33,17.385,78.4867
2025-10-12T14:00,31.4,40,33.3,0.0,0.0,3,100,8.7,27,17.385,78.4867
2025-10-12T15:00,31.1,41,32.0,0.0,0.0,3,100,8.4,20,17.385,78.4867
2025-10-12T16:00,30.7,42,31.5,0.0,0.0,3,100,8.8,23,17.385,78.4867
2025-10-12T17:00,30.0,44,30.9,0.0,0.0,3,90,8.4,25,17.385,78.4867
2025-10-12T18:00,29.3,46,30.4,0.0,0.0,2,63,8.1,29,17.385,78.4867
2025-10-12T19:00,28.4,53,30.0,0.0,0.0,1,39,8.1,31,17.385,78.4867
2025-10-12T20:00,27.6,57,29.4,0.0,0.0,0,4,8.4,19,17.385,78.4867
2025-10-12T21:00,26.9,59,28.7,0.0,0.0,0,4,8.3,27,17.385,78.4867
2025-10-12T22:00,26.4,60,28.2,0.0,0.0,2,63,7.3,17,17.385,78.4867
2025-10-12T23:00,25.5,65,27.9,0.0,0.0,3,89,5.2,31,17.385,78.4867
2025-10-13T00:00,25.4,66,28.3,0.0,0.0,1,46,1.8,101,17.385,78.4867
2025-10-13T01:00,24.9,68,28.0,0.0,0.0,1,23,0.6,252,17.385,78.4867
2025-10-13T02:00,24.5,69,27.4,0.0,0.0,1,47,2.1,329,17.385,78.4867
2025-10-13T03:00,24.1,71,26.8,0.0,0.0,3,99,2.8,333,17.385,78.4867
2025-10-13T04:00,23.7,73,26.2,0.0,0.0,3,85,4.4,328,17.385,78.4867
2025-10-13T05:00,23.7,75,26.3,0.0,0.0,3,100,5.2,2,17.385,78.4867
2025-10-13T06:00,23.8,75,26.6,0.0,0.0,3,100,3.9,16,17.385,78.4867
2025-10-13T07:00,24.1,74,26.9,0.0,0.0,3,100,4.1,23,17.385,78.4867
2025-10-13T08:00,24.5,73,27.2,0.0,0.0,3,100,5.6,25,17.385,78.4867
2025-10-13T09:00,24.6,74,27.3,0.0,0.0,3,100,6.6,35,17.385,78.4867
2025-10-13T10:00,25.2,72,27.6,0.0,0.0,3,100,8.4,28,17.385,78.4867
2025-10-13T11:00,26.2,71,29.2,0.0,0.0,3,100,7.2,27,17.385,78.4867
2025-10-13T12:00,26.8,66,29.2,0.0,0.0,3,100,9.8,23,17.385,78.4867
2025-10-13T13:00,27.3,61,29.4,0.0,0.0,3,100,9.3,18,17.385,78.4867
2025-10-13T14:00,27.8,58,29.7,0.0,0.0,3,100,9.5,15,17.385,78.4867
2025-10-13T15:00,28.1,56,29.8,0.0,0.0,3,92,10.4,23,17.385,78.4867
2025-10-13T16:00,28.1,57,30.0,0.0,0.0,3,100,9.2,26,17.385,78.4867
2025-10-13T17:00,27.7,60,29.8,0.2,0.2,51,93,9.8,14,17.385,78.4867
2025-10-13T18:00,26.9,66,29.5,0.0,0.0,3,100,8.5,24,17.385,78.4867
2025-10-13T19:00,26.1,72,29.1,0.0,0.0,3,100,8.2,38,17.385,78.4867
2025-10-13T20:00,25.3,77,28.5,0.0,0.0,3,91,7.3,31,17.385,78.4867
2025-10-13T21:00,24.7,80,28.0,0.0,0.0,3,100,6.8,40,17.385,78.4867
2025-10-13T22:00,24.4,82,28.1,0.0,0.0,3,100,5.3,62,17.385,78.4867
2025-10-13T23:00,24.1,85,27.9,0.0,0.0,0,5,5.3,57,17.385,78.4867
2025-10-14T00:00,23.9,86,27.8,0.0,0.0,0,17,5.4,60,17.385,78.4867
2025-10-14T01:00,23.5,89,27.3,0.0,0.0,2,66,6.1,50,17.385,78.4867
2025-10-14T02:00,23.2,91,26.9,0.0,0.0,3,80,6.3,72,17.385,78.4867
2025-10-14T03:00,22.9,93,26.7,0.0,0.0,2,72,5.9,63,17.385,78.4867
2025-10-14T04:00,22.5,95,26.4,0.0,0.0,1,35,4.7,62,17.385,78.4867
2025-10-14T05:00,22.5,95,26.4,0.0,0.0,2,71,5.4,56,17.385,78.4867
2025-10-14T06:00,22.9,93,26.6,0.0,0.0,3,84,6.4,79,17.385,78.4867
2025-10-14T07:00,23.5,90,26.9,0.0,0.0,2,73,8.4,79,17.385,78.4867
2025-10-14T08:00,24.5,82,27.5,0.1,0.1,51,45,10.3,79,17.385,78.4867
2025-10-14T09:00,25.8,75,28.6,0.1,0.1,51,29,10.5,83,17.385,78.4867
2025-10-14T10:00,27.0,68,30.0,0.1,0.1,51,24,11.2,86,17.385,78.4867
2025-10-14T11:00,27.9,64,31.2,0.1,0.1,51,30,12.2,98,17.385,78.4867
2025-10-14T12:00,28.5,65,32.6,0.1,0.1,51,17,11.8,97,17.385,78.4867
2025-10-14T13:00,28.9,63,33.1,0.1,0.1,51,100,10.0,96,17.385,78.4867
2025-10-14T14:00,26.8,72,29.7,0.8,0.8,53,94,10.7,95,17.385,78.4867
2025-10-14T15:00,27.9,68,31.0,0.0,0.0,3,100,10.4,104,17.385,78.4867
2025-10-14T16:00,26.3,74,29.0,0.2,0.2,51,89,12.5,97,17.385,78.4867
2025-10-14T17:00,26.3,75,29.8,0.5,0.5,53,55,8.1,94,17.385,78.4867
2025-10-14T18:00,25.5,80,29.0,0.0,0.0,2,67,8.5,89,17.385,78.4867
2025-10-14T19:00,24.8,84,28.7,0.0,0.0,1,34,6.9,96,17.385,78.4867
2025-10-14T20:00,24.3,89,28.4,0.0,0.0,1,22,6.8,93,17.385,78.4867
2025-10-14T21:00,23.9,91,27.9,0.0,0.0,0,6,7.0,86,17.385,78.4867
2025-10-14T22:00,23.4,94,27.6,0.0,0.0,1,29,6.0,97,17.385,78.4867
2025-10-14T23:00,22.6,97,26.7,0.0,0.0,2,55,6.2,97,17.385,78.4867
2025-10-15T00:00,22.7,96,26.6,0.0,0.0,3,100,7.2,112,17.385,78.4867
2025-10-15T01:00,22.7,96,26.5,0.0,0.0,3,99,7.1,111,17.385,78.4867
2025-10-15T02:00,22.7,96,26.7,0.0,0.0,3,100,6.0,107,17.385,78.4867
2025-10-15T03:00,22.6,96,26.4,0.0,0.0,3,100,7.1,106,17.385,78.4867
2025-10-15T04:00,22.4,97,26.1,0.0,0.0,2,70,7.6,97,17.385,78.4867
2025-10-15T05:00,22.3,98,25.7,0.0,0.0,3,98,10.1,110,17.385,78.4867
2025-10-15T06:00,22.3,97,25.8,0.0,0.0,3,95,9.0,103,17.385,78.4867
2025-10-15T07:00,23.0,92,25.9,0.0,0.0,1,45,11.5,107,17.385,78.4867
2025-10-15T08:00,24.7,80,27.3,0.0,0.0,1,28,11.9,104,17.385,78.4867
2025-10-15T09:00,26.1,70,28.6,0.0,0.0,0,2,10.3,106,17.385,78.4867
2025-10-15T10:00,27.6,61,30.4,0.0,0.0,0,2,12.1,107,17.385,78.4867
2025-10-15T11:00,29.0,54,32.3,0.0,0.0,0,7,11.4,106,17.385,78.4867
2025-10-15T12:00,29.5,51,32.6,0.0,0.0,1,20,11.1,103,17.385,78.4867
2025-10-15T13:00,29.6,50,32.2,0.2,0.2,51,25,11.2,100,17.385,78.4867
2025-10-15T14:00,29.7,52,32.2,0.3,0.3,51,24,10.0,96,17.385,78.4867
2025-10-15T15:00,29.4,54,31.1,0.1,0.1,51,16,11.1,97,17.385,78.4867
2025-10-15T16:00,28.6,56,30.0,0.1,0.1,51,32,13.0,84,17.385,78.4867
2025-10-15T17:00,28.2,59,30.1,0.0,0.0,1,22,10.9,78,17.385,78.4867
2025-10-15T18:00,27.3,65,29.8,0.0,0.0,1,45,9.6,77,17.385,78.4867
2025-10-15T19:00,26.5,70,29.5,0.0,0.0,0,9,8.1,86,17.385,78.4867
2025-10-15T20:00,25.8,75,29.0,0.0,0.0,0,11,7.2,91,17.385,78.4867
2025-10-15T21:00,25.2,78,28.6,0.0,0.0,0,8,6.5,95,17.385,78.4867
2025-10-15T22:00,24.7,80,28.2,0.0,0.0,3,86,5.9,108,17.385,78.4867
2025-10-15T23:00,24.5,83,28.3,0.0,0.0,0,2,5.4,110,17.385,78.4867
2025-10-16T00:00,24.2,85,28.1,0.0,0.0,0,1,5.0,111,17.385,78.4867
2025-10-16T01:00,23.9,86,27.9,0.0,0.0,2,52,4.4,120,17.385,78.4867
2025-10-16T02:00,23.6,88,27.6,0.0,0.0,1,34,4.5,104,17.385,78.4867
2025-10-16T03:00,23.3,90,27.3,0.0,0.0,0,1,4.7,99,17.385,78.4867
2025-10-16T04:00,22.9,91,26.7,0.0,0.0,0,0,5.6,90,17.385,78.4867
2025-10-16T05:00,22.6,93,26.4,0.0,0.0,0,0,4.7,92,17.385,78.4867
2025-10-16T06:00,23.0,90,26.7,0.0,0.0,0,0,5.2,68,17.385,78.4867
2025-10-16T07:00,24.0,82,27.5,0.0,0.0,0,0,5.5,73,17.385,78.4867
2025-10-16T08:00,25.8,69,28.3,0.0,0.0,1,20,8.1,86,17.385,78.4867
2025-10-16T09:00,27.4,61,29.4,0.0,0.0,0,9,10.1,91,17.385,78.4867
2025-10-16T10:00,28.8,54,31.2,0.0,0.0,0,10,12.2,90,17.385,78.4867
2025-10-16T11:00,29.6,50,31.9,0.0,0.0,0,17,13.7,91,17.385,78.4867
2025-10-16T12:00,30.5,46,32.8,0.0,0.0,0,16,13.7,91,17.385,78.4867
2025-10-16T13:00,30.9,45,33.0,0.0,0.0,0,10,13.9,94,17.385,78.4867
2025-10-16T14:00,31.0,44,32.5,0.0,0.0,0,14,12.6,90,17.385,78.4867
2025-10-16T15:00,30.7,44,31.4,0.0,0.0,0,12,12.3,84,17.385,78.4867
2025-10-16T16:00,30.1,47,31.0,0.0,0.0,0,17,12.5,86,17.385,78.4867
2025-10-16T17:00,29.4,49,30.6,0.0,0.0,0,7,10.3,88,17.385,78.4867
2025-10-16T18:00,28.9,52,30.5,0.0,0.0,0,5,8.8,91,17.385,78.4867
2025-10-16T19:00,28.1,55,30.0,0.0,0.0,2,54,7.9,103,17.385,78.4867
2025-10-16T20:00,27.5,59,29.7,0.0,0.0,3,97,7.6,89,17.385,78.4867
2025-10-16T21:00,26.6,64,28.9,0.0,0.0,3,99,7.6,109,17.385,78.4867
2025-10-16T22:00,25.7,69,28.5,0.0,0.0,3,100,5.8,126,17.385,78.4867
2025-10-16T23:00,25.2,73,28.1,0.0,0.0,3,95,6.4,115,17.385,78.4867
2025-10-17T00:00,24.7,76,27.6,0.0,0.0,2,67,6.5,114,17.385,78.4867
2025-10-17T01:00,23.9,80,27.1,0.0,0.0,3,96,5.3,102,17.385,78.4867
2025-10-17T02:00,23.4,84,26.9,0.0,0.0,3,89,4.3,105,17.385,78.4867
2025-10-17T03:00,23.0,87,26.6,0.0,0.0,3,96,4.1,88,17.385,78.4867
2025-10-17T04:00,22.7,89,26.3,0.0,0.0,3,98,4.6,51,17.385,78.4867
2025-10-17T05:00,23.2,86,26.5,0.0,0.0,0,1,6.3,110,17.385,78.4867
2025-10-17T06:00,23.2,87,26.6,0.0,0.0,0,2,6.9,99,17.385,78.4867
2025-10-17T07:00,24.3,82,27.1,0.0,0.0,1,38,10.6,101,17.385,78.4867
2025-10-17T08:00,25.8,73,28.5,0.0,0.0,1,31,10.2,99,17.385,78.4867
2025-10-17T09:00,27.4,64,29.8,0.0,0.0,0,11,9.5,89,17.385,78.4867
2025-10-17T10:00,29.0,55,31.6,0.0,0.0,0,7,11.0,87,17.385,78.4867
2025-10-17T11:00,30.0,49,32.7,0.0,0.0,0,13,12.0,76,17.385,78.4867
2025-10-17T12:00,30.8,46,33.1,0.0,0.0,0,15,13.2,78,17.385,78.4867
2025-10-17T13:00,31.2,44,33.2,0.1,0.1,51,16,13.3,80,17.385,78.4867
2025-10-17T14:00,30.9,45,32.4,0.2,0.2,51,31,13.8,78,17.385,78.4867
2025-10-17T15:00,30.6,47,31.5,0.2,0.2,51,47,14.0,72,17.385,78.4867
2025-10-17T16:00,30.1,48,30.9,0.1,0.1,51,69,13.9,71,17.385,78.4867
2025-10-17T17:00,29.0,51,29.8,0.1,0.1,51,30,13.6,64,17.385,78.4867
2025-10-17T18:00,28.8,51,29.9,0.0,0.0,3,95,10.9,71,17.385,78.4867
2025-10-17T19:00,28.4,53,29.9,0.0,0.0,3,99,9.0,87,17.385,78.4867
2025-10-17T20:00,27.5,60,29.9,0.0,0.0,2,59,6.5,104,17.385,78.4867
2025-10-17T21:00,26.7,64,29.4,0.0,0.0,1,31,5.8,86,17.385,78.4867
2025-10-17T22:00,26.0,67,28.8,0.0,0.0,1,30,5.3,78,17.385,78.4867
2025-10-17T23:00,25.5,69,28.1,0.0,0.0,0,2,5.8,74,17.385,78.4867
2025-10-18T00:00,25.1,69,27.7,0.0,0.0,0,12,5.0,90,17.385,78.4867
2025-10-18T01:00,24.6,71,27.1,0.0,0.0,1,45,5.2,86,17.385,78.4867
2025-10-18T02:00,24.0,73,26.5,0.0,0.0,3,98,5.8,86,17.385,78.4867
2025-10-18T03:00,23.6,76,26.2,0.0,0.0,3,98,5.0,88,17.385,78.4867
2025-10-18T04:00,23.0,81,25.9,0.0,0.0,3,98,5.0,103,17.385,78.4867
2025-10-18T05:00,22.6,90,26.1,0.0,0.0,0,7,5.2,117,17.385,78.4867
2025-10-18T06:00,22.9,88,26.5,0.0,0.0,0,0,4.1,103,17.385,78.4867
2025-10-18T07:00,23.8,79,27.0,0.0,0.0,0,0,3.8,90,17.385,78.4867
2025-10-18T08:00,25.5,68,28.1,0.0,0.0,0,0,5.1,100,17.385,78.4867
2025-10-18T09:00,27.2,60,29.5,0.0,0.0,0,3,6.0,99,17.385,78.4867
2025-10-18T10:00,28.9,51,31.6,0.0,0.0,0,16,7.7,87,17.385,78.4867
2025-10-18T11:00,30.1,47,33.0,0.0,0.0,0,15,9.7,80,17.385,78.4867
2025-10-18T12:00,31.1,42,33.5,0.0,0.0,0,9,9.7,79,17.385,78.4867
2025-10-18T13:00,31.6,40,33.9,0.0,0.0,0,9,9.6,81,17.385,78.4867
2025-10-18T14:00,31.7,39,33.3,0.0,0.0,1,40,9.8,73,17.385,78.4867
2025-10-18T15:00,31.4,39,32.0,0.0,0.0,0,16,9.7,66,17.385,78.4867
2025-10-18T16:00,30.8,42,31.5,0.0,0.0,0,9,10.2,64,17.385,78.4867
2025-10-18T17:00,29.4,46,30.1,0.0,0.0,0,4,11.2,53,17.385,78.4867
2025-10-18T18:00,29.0,49,30.2,0.0,0.0,0,5,8.6,49,17.385,78.4867
2025-10-18T19:00,28.4,51,29.8,0.0,0.0,0,9,8.5,48,17.385,78.4867
2025-10-18T20:00,27.5,55,28.9,0.0,0.0,0,14,8.8,51,17.385,78.4867
2025-10-18T21:00,26.6,57,27.9,0.0,0.0,0,2,8.9,65,17.385,78.4867
2025-10-18T22:00,26.0,59,27.6,0.0,0.0,0,1,6.9,70,17.385,78.4867
2025-10-18T23:00,25.5,63,27.4,0.0,0.0,0,0,6.7,52,17.385,78.4867
2025-10-19T00:00,25.3,64,27.2,0.0,0.0,0,1,6.4,61,17.385,78.4867
2025-10-19T01:00,24.8,66,26.7,0.0,0.0,0,1,6.3,51,17.385,78.4867
2025-10-19T02:00,24.1,69,26.0,0.0,0.0,0,0,6.5,87,17.385,78.4867
2025-10-19T03:00,23.5,72,25.6,0.0,0.0,0,1,5.8,70,17.385,78.4867
2025-10-19T04:00,23.0,74,25.2,0.0,0.0,0,0,5.7,49,17.385,78.4867
2025-10-19T05:00,22.5,85,25.3,0.0,0.0,1,27,6.1,78,17.385,78.4867
2025-10-19T06:00,22.6,87,25.8,0.0,0.0,2,67,5.4,69,17.385,78.4867
2025-10-19T07:00,23.2,86,26.5,0.0,0.0,3,100,6.6,81,17.385,78.4867
2025-10-19T08:00,24.8,76,28.1,0.0,0.0,3,100,4.9,84,17.385,78.4867
2025-10-19T09:00,27.0,61,29.4,0.0,0.0,1,28,6.0,73,17.385,78.4867
2025-10-19T10:00,28.9,51,31.4,0.0,0.0,0,13,8.7,72,17.385,78.4867
2025-10-19T11:00,29.9,50,33.2,0.0,0.0,0,9,10.3,77,17.385,78.4867
2025-10-19T12:00,30.7,48,33.9,0.0,0.0,1,28,11.3,77,17.385,78.4867
2025-10-19T13:00,31.1,46,33.9,0.0,0.0,0,15,10.6,71,17.385,78.4867
2025-10-19T14:00,30.9,46,32.9,0.1,0.1,51,25,10.3,68,17.385,78.4867
2025-10-19T15:00,30.8,46,32.0,0.3,0.3,51,36,10.2,66,17.385,78.4867
2025-10-19T16:00,27.9,60,29.6,0.7,0.7,53,60,13.0,88,17.385,78.4867
2025-10-19T17:00,28.3,57,29.5,0.1,0.1,51,35,13.8,78,17.385,78.4867
2025-10-19T18:00,26.4,71,29.2,0.1,0.1,51,32,9.5,101,17.385,78.4867
2025-10-19T19:00,25.9,74,29.2,0.0,0.0,0,5,6.9,84,17.385,78.4867
2025-10-19T20:00,25.4,78,28.8,0.0,0.0,1,36,8.1,94,17.385,78.4867
2025-10-19T21:00,24.8,83,28.4,0.0,0.0,0,12,8.0,96,17.385,78.4867
2025-10-19T22:00,24.2,86,27.9,0.0,0.0,1,25,6.9,107,17.385,78.4867
2025-10-19T23:00,22.7,93,25.6,0.0,0.0,2,71,12.3,111,17.385,78.4867
2025-10-20T00:00,23.0,90,26.5,0.5,0.5,53,66,7.1,111,17.385,78.4867
2025-10-20T01:00,23.0,91,27.0,0.0,0.0,1,33,4.0,100,17.385,78.4867
2025-10-20T02:00,22.9,91,26.8,0.0,0.0,1,30,4.6,108,17.385,78.4867
2025-10-20T03:00,22.7,92,26.7,0.0,0.0,1,31,4.2,100,17.385,78.4867
2025-10-20T04:00,22.6,93,26.7,0.0,0.0,3,95,3.4,74,17.385,78.4867
2025-10-20T05:00,22.8,95,27.0,0.0,0.0,3,88,4.4,78,17.385,78.4867
2025-10-20T06:00,22.9,93,26.9,0.0,0.0,3,95,5.2,102,17.385,78.4867
2025-10-20T07:00,23.5,88,27.2,0.0,0.0,1,31,5.8,104,17.385,78.4867
2025-10-20T08:00,25.2,75,28.3,0.0,0.0,0,16,6.5,103,17.385,78.4867
2025-10-20T09:00,27.1,64,29.6,0.0,0.0,0,19,7.9,102,17.385,78.4867
2025-10-20T10:00,28.5,58,31.8,0.0,0.0,1,20,8.0,98,17.385,78.4867
2025-10-20T11:00,29.3,56,33.3,0.0,0.0,3,89,7.2,103,17.385,78.4867
2025-10-20T12:00,29.8,55,33.1,0.0,0.0,3,100,8.2,104,17.385,78.4867
2025-10-20T13:00,29.5,55,31.8,0.0,0.0,3,97,8.3,88,17.385,78.4867
2025-10-20T14:00,29.1,57,31.8,0.2,0.2,51,100,8.7,95,17.385,78.4867
2025-10-20T15:00,27.0,70,30.5,8.3,8.3,65,92,5.8,178,17.385,78.4867
2025-10-20T16:00,26.1,73,29.3,1.7,1.7,61,96,7.6,85,17.385,78.4867
2025-10-20T17:00,27.4,64,30.3,0.1,0.1,51,92,6.3,114,17.385,78.4867
2025-10-20T18:00,27.0,66,29.8,0.0,0.0,2,69,7.5,117,17.385,78.4867
2025-10-20T19:00,26.7,67,29.6,0.0,0.0,3,100,6.3,108,17.385,78.4867
2025-10-20T20:00,26.5,67,29.1,0.0,0.0,3,100,7.9,107,17.385,78.4867
2025-10-20T21:00,26.0,68,28.3,0.0,0.0,3,98,9.2,106,17.385,78.4867
2025-10-20T22:00,24.9,76,27.7,0.0,0.0,3,99,8.4,125,17.385,78.4867
2025-10-20T23:00,24.4,83,27.5,0.0,0.0,3,100,9.4,102,17.385,78.4867
2025-10-21T00:00,23.9,84,26.9,0.0,0.0,3,100,9.2,92,17.385,78.4867
2025-10-21T01:00,23.6,85,26.7,0.0,0.0,3,98,8.0,104,17.385,78.4867
2025-10-21T02:00,23.3,88,26.7,0.0,0.0,3,89,7.2,109,17.385,78.4867
2025-10-21T03:00,23.0,90,26.7,0.0,0.0,3,97,5.6,105,17.385,78.4867
2025-10-21T04:00,22.8,92,26.6,0.0,0.0,1,49,4.9,100,17.385,78.4867
2025-10-21T05:00,22.9,93,26.8,0.0,0.0,3,100,5.8,116,17.385,78.4867
2025-10-21T06:00,23.0,92,26.7,0.0,0.0,3,95,7.2,108,17.385,78.4867
2025-10-21T07:00,23.8,85,26.7,0.0,0.0,2,71,10.0,99,17.385,78.4867
2025-10-21T08:00,25.3,75,27.8,0.0,0.0,1,35,11.1,97,17.385,78.4867
2025-10-21T09:00,26.6,67,28.6,0.1,0.1,51,23,12.3,97,17.385,78.4867
2025-10-21T10:00,28.2,58,30.1,0.1,0.1,51,29,14.1,97,17.385,78.4867
2025-10-21T11:00,28.7,54,30.6,0.5,0.5,53,55,14.7,101,17.385,78.4867
2025-10-21T12:00,29.0,58,31.8,0.4,0.4,51,57,12.1,92,17.385,78.4867
2025-10-21T13:00,30.4,52,33.3,0.0,0.0,3,99,10.8,85,17.385,78.4867
2025-10-21T14:00,28.0,60,29.4,0.7,0.7,53,99,14.7,112,17.385,78.4867
2025-10-21T15:00,27.1,64,29.1,0.3,0.3,51,53,11.7,72,17.385,78.4867
2025-10-21T16:00,27.1,67,30.0,0.1,0.1,51,51,7.9,107,17.385,78.4867
2025-10-21T17:00,26.5,74,30.0,0.0,0.0,3,95,8.0,108,17.385,78.4867
2025-10-21T18:00,26.1,75,29.2,0.0,0.0,3,98,9.3,106,17.385,78.4867
2025-10-21T19:00,25.6,78,28.9,0.0,0.0,3,100,8.9,108,17.385,78.4867
2025-10-21T20:00,25.1,82,28.6,0.0,0.0,3,100,8.3,103,17.385,78.4867
2025-10-21T21:00,24.4,86,28.1,0.0,0.0,3,92,8.1,103,17.385,78.4867
2025-10-21T22:00,23.8,90,27.8,0.0,0.0,3,91,6.3,95,17.385,78.4867
2025-10-21T23:00,23.4,87,26.7,0.0,0.0,3,98,7.3,110,17.385,78.4867
2025-10-22T00:00,23.3,87,26.4,0.0,0.0,2,70,8.7,104,17.385,78.4867
2025-10-22T01:00,23.2,88,26.3,0.0,0.0,3,100,8.3,96,17.385,78.4867
2025-10-22T02:00,23.0,90,26.3,0.0,0.0,3,100,7.8,99,17.385,78.4867
2025-10-22T03:00,22.7,91,26.1,0.0,0.0,3,100,7.5,101,17.385,78.4867
2025-10-22T04:00,22.6,91,26.0,0.0,0.0,2,75,7.4,94,17.385,78.4867
2025-10-22T05:00,22.8,96,26.6,0.0,0.0,3,100,7.7,89,17.385,78.4867
2025-10-22T06:00,23.0,94,26.7,0.0,0.0,2,57,8.5,88,17.385,78.4867
2025-10-22T07:00,24.0,88,26.8,0.0,0.0,3,98,13.5,92,17.385,78.4867
2025-10-22T08:00,25.6,77,27.9,0.0,0.0,3,84,14.5,96,17.385,78.4867
2025-10-22T09:00,27.4,66,29.6,0.0,0.0,3,100,13.0,92,17.385,78.4867
2025-10-22T10:00,28.5,59,30.3,0.0,0.0,3,92,15.5,95,17.385,78.4867
2025-10-22T11:00,28.4,60,31.0,0.2,0.2,51,100,14.2,93,17.385,78.4867
2025-10-22T12:00,29.8,57,33.4,0.0,0.0,3,100,12.8,96,17.385,78.4867
2025-10-22T13:00,29.4,57,31.3,0.8,0.8,53,100,14.1,104,17.385,78.4867
2025-10-22T14:00,25.9,77,29.1,2.9,2.9,63,100,10.3,103,17.385,78.4867
2025-10-22T15:00,25.2,82,28.7,0.5,0.5,53,100,8.9,115,17.385,78.4867
2025-10-22T16:00,25.4,81,28.6,0.1,0.1,51,100,10.6,86,17.385,78.4867
2025-10-22T17:00,26.3,77,29.3,0.0,0.0,3,100,12.1,88,17.385,78.4867
2025-10-22T18:00,25.7,81,28.8,0.0,0.0,3,100,12.8,90,17.385,78.4867
2025-10-22T19:00,25.2,81,28.3,0.1,0.1,51,100,11.6,95,17.385,78.4867
2025-10-22T20:00,24.6,84,27.6,0.1,0.1,51,100,11.8,107,17.385,78.4867
2025-10-22T21:00,23.8,88,26.7,0.1,0.1,51,100,12.2,109,17.385,78.4867
2025-10-22T22:00,23.4,90,26.5,0.2,0.2,51,100,11.0,111,17.385,78.4867
2025-10-22T23:00,23.0,93,26.2,0.1,0.1,51,100,10.7,110,17.385,78.4867
2025-10-23T00:00,23.0,92,26.2,0.0,0.0,3,99,10.4,107,17.385,78.4867
2025-10-23T01:00,22.7,94,25.8,0.0,0.0,3,100,10.9,99,17.385,78.4867
2025-10-23T02:00,22.9,93,26.1,0.0,0.0,3,100,10.4,100,17.385,78.4867
2025-10-23T03:00,22.8,92,25.7,0.1,0.1,51,100,11.1,99,17.385,78.4867
2025-10-23T04:00,22.5,94,25.6,0.0,0.0,3,100,10.0,104,17.385,78.4867
2025-10-23T05:00,22.7,97,25.9,0.1,0.1,51,100,11.9,91,17.385,78.4867
2025-10-23T06:00,23.1,93,25.6,0.3,0.3,51,100,15.8,88,17.385,78.4867
2025-10-23T07:00,23.2,91,25.8,0.4,0.4,51,100,14.2,91,17.385,78.4867
2025-10-23T08:00,23.8,87,26.2,0.4,0.4,51,100,14.9,91,17.385,78.4867
2025-10-23T09:00,24.6,84,26.9,0.5,0.5,53,100,16.8,93,17.385,78.4867
2025-10-23T10:00,24.3,85,26.5,0.3,0.3,51,100,17.3,86,17.385,78.4867
2025-10-23T11:00,26.4,75,28.5,0.3,0.3,51,91,17.2,96,17.385,78.4867
2025-10-23T12:00,26.7,70,29.0,0.3,0.3,51,100,16.8,92,17.385,78.4867
2025-10-23T13:00,25.3,80,27.8,0.7,0.7,53,100,15.6,109,17.385,78.4867
2025-10-23T14:00,24.5,84,27.0,0.4,0.4,51,100,15.4,95,17.385,78.4867
2025-10-23T15:00,25.0,81,27.7,0.2,0.2,51,100,13.9,88,17.385,78.4867
2025-10-23T16:00,24.7,83,27.3,0.0,0.0,3,100,14.1,97,17.385,78.4867
2025-10-23T17:00,23.3,91,26.7,1.2,1.2,55,100,9.0,100,17.385,78.4867
2025-10-23T18:00,23.0,94,26.4,0.1,0.1,51,100,9.4,101,17.385,78.4867
2025-10-23T19:00,23.0,95,26.7,0.0,0.0,3,100,9.4,97,17.385,78.4867
2025-10-23T20:00,23.0,97,26.9,0.0,0.0,3,100,8.8,99,17.385,78.4867
2025-10-23T21:00,23.1,96,26.8,0.0,0.0,3,100,10.2,107,17.385,78.4867
2025-10-23T22:00,23.1,96,26.9,0.1,0.1,51,100,9.3,109,17.385,78.4867
2025-10-23T23:00,22.5,98,25.6,0.1,0.1,51,100,12.2,107,17.385,78.4867
2025-10-24T00:00,22.5,97,25.8,0.1,0.1,51,99,10.8,114,17.385,78.4867
2025-10-24T01:00,22.5,96,25.9,0.1,0.1,51,98,9.2,123,17.385,78.4867
2025-10-24T02:00,22.1,97,25.6,0.1,0.1,51,98,8.6,110,17.385,78.4867
2025-10-24T03:00,22.0,97,25.4,0.0,0.0,3,100,8.6,112,17.385,78.4867
2025-10-24T04:00,22.0,97,25.4,0.0,0.0,3,100,8.5,111,17.385,78.4867
2025-10-24T05:00,22.0,98,25.7,0.1,0.1,51,99,7.0,100,17.385,78.4867
2025-10-24T06:00,22.1,97,25.6,0.3,0.3,51,98,7.5,110,17.385,78.4867
2025-10-24T07:00,22.8,90,26.0,0.3,0.3,51,100,8.4,99,17.385,78.4867
2025-10-24T08:00,23.9,88,27.5,0.1,0.1,51,100,8.3,92,17.385,78.4867
2025-10-24T09:00,24.9,83,28.4,0.1,0.1,51,100,8.7,95,17.385,78.4867
2025-10-24T10:00,25.2,81,28.9,0.2,0.2,51,100,7.8,103,17.385,78.4867
2025-10-24T11:00,25.7,76,29.2,8.1,8.1,65,100,6.5,95,17.385,78.4867
2025-10-24T12:00,23.6,86,26.6,0.8,0.8,53,100,9.0,120,17.385,78.4867
2025-10-24T13:00,24.5,83,28.5,0.2,0.2,51,100,3.9,124,17.385,78.4867
2025-10-24T14:00,25.5,80,29.3,0.0,0.0,3,100,6.2,120,17.385,78.4867
2025-10-24T15:00,24.8,80,27.7,0.3,0.3,51,100,10.3,105,17.385,78.4867
2025-10-24T16:00,24.0,86,27.3,0.1,0.1,51,100,8.4,113,17.385,78.4867
2025-10-24T17:00,23.9,88,27.6,0.3,0.3,51,100,7.4,93,17.385,78.4867
2025-10-24T18:00,23.1,92,26.5,0.3,0.3,51,100,9.3,108,17.385,78.4867
2025-10-24T19:00,22.8,96,26.3,0.4,0.4,51,100,9.4,122,17.385,78.4867
2025-10-24T20:00,22.4,97,26.2,0.1,0.1,51,100,6.8,117,17.385,78.4867
2025-10-24T21:00,22.4,96,26.3,0.0,0.0,3,99,6.5,113,17.385,78.4867
2025-10-24T22:00,22.1,98,25.9,0.0,0.0,3,100,6.0,127,17.385,78.4867
2025-10-24T23:00,21.9,98,25.7,0.0,0.0,3,100,6.2,126,17.385,78.4867
2025-10-25T00:00,22.1,98,25.6,0.0,0.0,3,100,8.4,118,17.385,78.4867
2025-10-25T01:00,22.1,96,25.5,0.0,0.0,3,97,8.8,121,17.385,78.4867
2025-10-25T02:00,21.8,98,25.3,0.0,0.0,2,70,7.6,115,17.385,78.4867
2025-10-25T03:00,21.7,98,25.2,0.0,0.0,3,98,7.0,122,17.385,78.4867
2025-10-25T04:00,21.6,98,25.2,0.0,0.0,3,100,6.4,135,17.385,78.4867
2025-10-25T05:00,21.6,97,25.2,0.0,0.0,1,47,5.4,116,17.385,78.4867
2025-10-25T06:00,21.7,97,25.2,0.0,0.0,2,66,6.7,128,17.385,78.4867
2025-10-25T07:00,22.4,92,26.0,0.1,0.1,51,46,6.0,136,17.385,78.4867
2025-10-25T08:00,23.4,86,26.6,0.0,0.0,1,35,7.8,136,17.385,78.4867
2025-10-25T09:00,24.9,78,28.1,0.1,0.1,51,55,6.9,141,17.385,78.4867
2025-10-25T10:00,25.9,76,29.9,0.2,0.2,51,81,5.9,135,17.385,78.4867
2025-10-25T11:00,27.0,71,31.7,0.1,0.1,51,100,2.8,105,17.385,78.4867
2025-10-25T12:00,26.6,70,30.0,2.0,2.0,61,100,5.5,113,17.385,78.4867
2025-10-25T13:00,23.3,89,26.8,13.6,13.6,65,100,7.3,132,17.385,78.4867
2025-10-25T14:00,24.0,85,27.6,1.1,1.1,55,94,5.9,232,17.385,78.4867
2025-10-25T15:00,24.2,86,28.4,0.6,0.6,53,100,3.9,112,17.385,78.4867
2025-10-25T16:00,24.3,83,28.0,0.2,0.2,51,100,5.7,114,17.385,78.4867
2025-10-25T17:00,24.4,84,28.4,0.1,0.1,51,98,4.1,105,17.385,78.4867
2025-10-25T18:00,24.0,86,27.9,0.0,0.0,3,100,4.6,111,17.385,78.4867
2025-10-25T19:00,23.4,91,27.3,1.4,1.4,61,100,5.8,110,17.385,78.4867
2025-10-25T20:00,23.1,92,27.1,0.2,0.2,51,100,4.8,105,17.385,78.4867
2025-10-25T21:00,22.8,93,26.6,0.3,0.3,51,100,6.6,112,17.385,78.4867
2025-10-25T22:00,22.6,93,25.9,0.2,0.2,51,100,8.1,118,17.385,78.4867
2025-10-25T23:00,23.0,94,26.4,0.2,0.2,51,100,10.0,113,17.385,78.4867
2025-10-26T00:00,22.8,95,26.3,0.1,0.1,51,24,8.9,114,17.385,78.4867
2025-10-26T01:00,22.3,98,26.1,0.0,0.0,2,66,7.0,113,17.385,78.4867
2025-10-26T02:00,22.0,99,25.9,0.0,0.0,3,94,6.5,104,17.385,78.4867
2025-10-26T03:00,21.8,99,25.4,0.0,0.0,2,75,8.0,113,17.385,78.4867
2025-10-26T04:00,21.6,100,25.2,0.0,0.0,3,100,7.2,117,17.385,78.4867
2025-10-26T05:00,21.6,100,25.2,0.0,0.0,3,100,6.7,114,17.385,78.4867
2025-10-26T06:00,21.6,99,25.1,0.0,0.0,3,100,7.7,118,17.385,78.4867
2025-10-26T07:00,22.0,96,25.3,0.0,0.0,3,95,8.8,121,17.385,78.4867
2025-10-26T08:00,23.6,86,26.4,0.0,0.0,3,89,10.9,123,17.385,78.4867
2025-10-26T09:00,25.2,77,27.9,0.0,0.0,3,100,10.5,123,17.385,78.4867
2025-10-26T10:00,25.9,75,28.8,0.1,0.1,51,95,9.7,119,17.385,78.4867
2025-10-26T11:00,26.1,75,29.6,0.1,0.1,51,28,7.7,118,17.385,78.4867
2025-10-26T12:00,27.3,72,31.9,0.2,0.2,51,64,8.2,113,17.385,78.4867
2025-10-26T13:00,28.0,68,32.5,0.0,0.0,1,45,6.4,108,17.385,78.4867
2025-10-26T14:00,27.7,68,31.5,0.1,0.1,51,37,6.3,110,17.385,78.4867
2025-10-26T15:00,27.5,70,30.9,0.1,0.1,51,27,7.9,110,17.385,78.4867
2025-10-26T16:00,26.7,72,30.1,0.3,0.3,51,57,7.8,132,17.385,78.4867
2025-10-26T17:00,26.4,74,30.2,0.0,0.0,0,12,4.8,119,17.385,78.4867
2025-10-26T18:00,25.8,78,29.9,0.0,0.0,1,41,3.4,74,17.385,78.4867
2025-10-26T19:00,25.4,79,29.3,0.0,0.0,3,80,4.5,97,17.385,78.4867
2025-10-26T20:00,24.8,80,28.4,0.0,0.0,2,70,5.8,110,17.385,78.4867
2025-10-26T21:00,24.2,82,27.9,0.0,0.0,2,70,4.5,124,17.385,78.4867
2025-10-26T22:00,23.7,85,27.0,0.0,0.0,3,100,7.1,128,17.385,78.4867
2025-10-26T23:00,23.3,88,26.9,0.0,0.0,3,100,5.4,124,17.385,78.4867
2025-10-27T00:00,22.8,91,27.3,0.0,0.0,3,100,0.4,297,17.385,78.4867
2025-10-27T01:00,22.6,92,26.6,0.0,0.0,3,99,3.2,106,17.385,78.4867
2025-10-27T02:00,22.2,93,25.7,0.0,0.0,3,100,5.5,126,17.385,78.4867
2025-10-27T03:00,21.8,94,25.6,0.0,0.0,3,100,2.6,168,17.385,78.4867
2025-10-27T04:00,21.5,96,25.5,0.0,0.0,3,100,2.1,149,17.385,78.4867
2025-10-27T05:00,21.3,97,25.2,0.0,0.0,3,100,2.2,132,17.385,78.4867
2025-10-27T06:00,21.3,97,25.2,0.0,0.0,3,100,2.8,153,17.385,78.4867
2025-10-27T07:00,22.3,95,26.3,0.0,0.0,3,100,3.5,145,17.385,78.4867
2025-10-27T08:00,24.1,89,28.6,0.0,0.0,3,100,3.3,151,17.385,78.4867
2025-10-27T09:00,26.0,77,30.0,0.0,0.0,3,100,4.5,143,17.385,78.4867
2025-10-27T10:00,27.4,68,31.6,0.1,0.1,51,100,5.6,132,17.385,78.4867
2025-10-27T11:00,28.2,63,31.7,0.0,0.0,2,61,7.0,111,17.385,78.4867
2025-10-27T12:00,28.6,60,32.8,0.1,0.1,51,100,6.8,102,17.385,78.4867
2025-10-27T13:00,28.8,58,32.6,0.0,0.0,3,100,6.2,97,17.385,78.4867
2025-10-27T14:00,28.6,59,31.5,0.0,0.0,3,100,5.6,88,17.385,78.4867
2025-10-27T15:00,28.8,58,31.6,0.0,0.0,3,88,6.3,108,17.385,78.4867
2025-10-27T16:00,28.3,60,31.3,0.0,0.0,3,100,4.9,94,17.385,78.4867
2025-10-27T17:00,27.0,67,29.9,0.0,0.0,3,100,7.0,119,17.385,78.4867
2025-10-27T18:00,25.7,75,29.1,0.0,0.0,3,100,6.3,127,17.385,78.4867
2025-10-27T19:00,25.4,79,29.6,0.0,0.0,3,100,2.0,117,17.385,78.4867
2025-10-27T20:00,25.4,78,29.5,0.0,0.0,3,100,2.7,148,17.385,78.4867
2025-10-27T21:00,24.9,80,29.0,0.4,0.4,51,100,2.6,254,17.385,78.4867
2025-10-27T22:00,23.8,89,27.7,1.2,1.2,55,100,6.1,284,17.385,78.4867
2025-10-27T23:00,22.4,94,26.1,0.5,0.5,53,100,5.9,250,17.385,78.4867
2025-10-28T00:00,22.7,97,26.7,0.6,0.6,53,100,6.8,281,17.385,78.4867
2025-10-28T01:00,22.6,94,26.0,0.4,0.4,51,100,8.8,290,17.385,78.4867
2025-10-28T02:00,22.4,93,25.4,0.3,0.3,51,100,10.0,300,17.385,78.4867
2025-10-28T03:00,22.2,93,25.0,0.1,0.1,51,100,10.2,304,17.385,78.4867
2025-10-28T04:00,22.2,92,25.0,0.1,0.1,51,100,10.2,302,17.385,78.4867
2025-10-28T05:00,22.4,93,25.5,1.0,1.0,55,100,9.9,328,17.385,78.4867
2025-10-28T06:00,22.6,93,25.6,0.9,0.9,53,100,10.4,330,17.385,78.4867
2025-10-28T07:00,22.7,92,25.9,0.1,0.1,51,100,9.3,336,17.385,78.4867
2025-10-28T08:00,23.1,92,26.5,0.0,0.0,3,100,8.9,324,17.385,78.4867
2025-10-28T09:00,23.6,90,27.1,0.0,0.0,3,100,9.0,331,17.385,78.4867
2025-10-28T10:00,24.0,88,27.4,0.0,0.0,3,100,9.8,328,17.385,78.4867
2025-10-28T11:00,25.4,78,28.5,0.0,0.0,3,100,12.0,347,17.385,78.4867
2025-10-28T12:00,26.1,74,28.5,0.0,0.0,3,100,13.1,328,17.385,78.4867
2025-10-28T13:00,27.8,67,30.8,0.0,0.0,3,100,14.5,328,17.385,78.4867
2025-10-28T14:00,27.1,67,29.3,0.6,0.6,53,100,12.8,336,17.385,78.4867
2025-10-28T15:00,25.1,82,27.9,1.3,1.3,61,100,13.6,298,17.385,78.4867
2025-10-28T16:00,24.3,85,27.2,2.0,2.0,61,100,12.0,324,17.385,78.4867
2025-10-28T17:00,23.5,91,26.7,1.6,1.6,61,100,11.3,324,17.385,78.4867
2025-10-28T18:00,22.9,93,25.9,0.7,0.7,53,100,11.9,308,17.385,78.4867
2025-10-28T19:00,22.8,94,25.4,0.2,0.2,51,100,14.1,309,17.385,78.4867
2025-10-28T20:00,22.5,95,24.8,0.0,0.0,3,100,16.2,302,17.385,78.4867
2025-10-28T21:00,22.4,94,24.8,0.1,0.1,51,100,14.5,305,17.385,78.4867
2025-10-28T22:00,22.0,95,24.5,2.6,2.6,63,100,13.4,307,17.385,78.4867
2025-10-28T23:00,22.8,94,25.5,4.2,4.2,63,100,14.4,313,17.385,78.4867
2025-10-29T00:00,22.5,95,24.9,0.9,0.9,53,100,15.2,311,17.385,78.4867
2025-10-29T01:00,22.0,96,24.4,0.7,0.7,53,100,14.8,317,17.385,78.4867
2025-10-29T02:00,22.0,96,24.8,2.5,2.5,63,100,11.8,313,17.385,78.4867
2025-10-29T03:00,22.0,97,25.1,2.6,2.6,63,100,10.5,299,17.385,78.4867
2025-10-29T04:00,22.0,97,24.6,2.0,2.0,61,100,14.1,310,17.385,78.4867
2025-10-29T05:00,22.1,96,24.6,1.6,1.6,61,100,14.2,309,17.385,78.4867
2025-10-29T06:00,22.0,97,24.8,1.6,1.6,61,100,12.7,297,17.385,78.4867
2025-10-29T07:00,22.1,98,24.8,1.8,1.8,61,100,13.8,286,17.385,78.4867
2025-10-29T08:00,21.9,98,24.5,1.4,1.4,61,100,14.2,286,17.385,78.4867
2025-10-29T09:00,22.0,97,24.3,2.3,2.3,61,100,16.1,283,17.385,78.4867
2025-10-29T10:00,22.2,96,24.4,2.6,2.6,63,100,16.5,284,17.385,78.4867
2025-10-29T11:00,21.7,95,23.7,1.0,1.0,55,100,15.7,261,17.385,78.4867
2025-10-29T12:00,21.7,96,24.0,2.4,2.4,61,100,14.1,257,17.385,78.4867
2025-10-29T13:00,22.2,92,23.7,1.0,1.0,55,100,18.2,271,17.385,78.4867
2025-10-29T14:00,22.3,91,23.9,0.9,0.9,53,100,17.6,262,17.385,78.4867
2025-10-29T15:00,22.6,90,24.2,1.1,1.1,55,100,18.2,261,17.385,78.4867
2025-10-29T16:00,22.8,90,24.6,0.2,0.2,51,100,17.8,262,17.385,78.4867
2025-10-29T17:00,23.0,86,24.7,0.1,0.1,51,100,16.7,263,17.385,78.4867
2025-10-29T18:00,23.1,84,24.7,0.0,0.0,3,100,16.0,262,17.385,78.4867
2025-10-29T19:00,23.5,79,24.9,0.0,0.0,3,100,15.3,267,17.385,78.4867
2025-10-29T20:00,23.8,77,25.1,0.0,0.0,3,100,15.0,267,17.385,78.4867
2025-10-29T21:00,23.6,78,25.3,0.0,0.0,3,100,13.1,270,17.385,78.4867
2025-10-29T22:00,23.7,80,25.5,0.0,0.0,3,100,13.3,262,17.385,78.4867
2025-10-29T23:00,23.5,86,25.5,0.0,0.0,3,100,15.3,242,17.385,78.4867
2025-10-30T00:00,22.9,85,24.1,0.2,0.2,51,100,19.5,251,17.385,78.4867
2025-10-30T01:00,22.8,86,24.5,0.0,0.0,3,100,16.2,247,17.385,78.4867
2025-10-30T02:00,22.7,86,24.2,0.0,0.0,3,100,16.3,245,17.385,78.4867
2025-10-30T03:00,22.4,86,23.8,0.0,0.0,3,100,16.2,246,17.385,78.4867
2025-10-30T04:00,22.3,87,23.9,0.0,0.0,3,100,15.2,248,17.385,78.4867
2025-10-30T05:00,22.8,89,24.8,0.0,0.0,3,100,15.9,248,17.385,78.4867
2025-10-30T06:00,22.8,88,24.8,0.0,0.0,3,100,14.8,247,17.385,78.4867
2025-10-30T07:00,23.1,85,25.1,0.0,0.0,3,100,14.7,246,17.385,78.4867
2025-10-30T08:00,23.9,81,25.9,0.0,0.0,3,100,14.5,243,17.385,78.4867
2025-10-30T09:00,24.7,77,26.5,0.0,0.0,3,100,15.4,243,17.385,78.4867
2025-10-30T10:00,25.7,70,26.8,0.0,0.0,3,99,17.6,250,17.385,78.4867
2025-10-30T11:00,26.9,63,27.9,0.0,0.0,2,72,17.5,256,17.385,78.4867
2025-10-30T12:00,27.8,60,30.0,0.0,0.0,3,100,16.7,250,17.385,78.4867
2025-10-30T13:00,28.1,59,30.3,0.0,0.0,3,98,15.8,251,17.385,78.4867
2025-10-30T14:00,28.4,55,29.7,0.0,0.0,3,91,16.3,254,17.385,78.4867
2025-10-30T15:00,28.1,57,29.1,0.0,0.0,3,91,15.9,242,17.385,78.4867
2025-10-30T16:00,27.5,62,29.3,0.0,0.0,3,97,12.7,245,17.385,78.4867
2025-10-30T17:00,26.2,65,28.3,0.0,0.0,3,100,9.2,253,17.385,78.4867
2025-10-30T18:00,25.5,70,28.1,0.0,0.0,3,100,7.3,250,17.385,78.4867
2025-10-30T19:00,25.2,73,28.1,0.0,0.0,3,100,6.1,251,17.385,78.4867
2025-10-30T20:00,24.9,74,27.8,0.0,0.0,3,96,6.3,243,17.385,78.4867
2025-10-30T21:00,24.5,74,27.1,0.0,0.0,2,70,7.1,223,17.385,78.4867
2025-10-30T22:00,23.7,74,25.9,0.0,0.0,2,51,7.3,216,17.385,78.4867
2025-10-30T23:00,23.4,68,24.4,0.0,0.0,3,100,10.2,239,17.385,78.4867
2025-10-31T00:00,23.0,67,23.5,0.0,0.0,3,100,11.4,244,17.385,78.4867
2025-10-31T01:00,22.4,67,22.8,0.0,0.0,0,11,11.3,248,17.385,78.4867
2025-10-31T02:00,21.8,69,22.3,0.0,0.0,3,97,10.1,251,17.385,78.4867
2025-10-31T03:00,21.4,72,22.1,0.0,0.0,2,54,9.3,254,17.385,78.4867
2025-10-31T04:00,20.9,75,21.9,0.0,0.0,0,1,8.6,258,17.385,78.4867
2025-10-31T05:00,21.1,82,22.4,0.0,0.0,0,8,10.5,253,17.385,78.4867
2025-10-31T06:00,21.0,82,22.3,0.0,0.0,0,1,10.7,247,17.385,78.4867
2025-10-31T07:00,21.8,82,23.6,0.0,0.0,0,0,9.2,247,17.385,78.4867
2025-10-31T08:00,23.4,78,25.6,0.0,0.0,0,3,8.5,245,17.385,78.4867
2025-10-31T09:00,25.0,72,27.0,0.0,0.0,1,39,10.8,240,17.385,78.4867
2025-10-31T10:00,26.4,66,29.2,0.0,0.0,1,41,11.5,243,17.385,78.4867
2025-10-31T11:00,27.4,61,30.2,0.0,0.0,1,24,14.3,245,17.385,78.4867
2025-10-31T12:00,28.0,58,30.6,0.0,0.0,1,28,12.8,248,17.385,78.4867
2025-10-31T13:00,28.4,56,30.8,0.0,0.0,2,66,12.0,253,17.385,78.4867
2025-10-31T14:00,28.5,55,30.2,0.0,0.0,3,95,11.5,253,17.385,78.4867
2025-10-31T15:00,28.1,56,29.6,0.0,0.0,3,85,10.8,255,17.385,78.4867
2025-10-31T16:00,27.7,59,29.9,0.0,0.0,3,90,8.0,256,17.385,78.4867
2025-10-31T17:00,26.2,70,29.0,0.0,0.0,1,43,8.0,224,17.385,78.4867
2025-10-31T18:00,25.3,73,28.1,0.0,0.0,0,5,8.1,223,17.385,78.4867
2025-10-31T19:00,24.9,74,27.8,0.0,0.0,3,97,6.8,235,17.385,78.4867
2025-10-31T20:00,24.2,79,27.3,0.0,0.0,3,92,6.0,219,17.385,78.4867
2025-10-31T21:00,23.4,83,26.7,0.0,0.0,3,92,5.6,213,17.385,78.4867
2025-10-31T22:00,23.1,84,26.4,0.0,0.0,3,92,5.0,229,17.385,78.4867
2025-10-31T23:00,22.9,85,26.1,0.0,0.0,3,97,4.5,227,17.385,78.4867
2025-11-01T00:00,22.9,85,25.8,0.0,0.0,3,80,6.4,234,17.385,78.4867
2025-11-01T01:00,22.5,86,25.4,0.0,0.0,3,98,6.8,241,17.385,78.4867
2025-11-01T02:00,22.3,87,25.2,0.0,0.0,3,86,6.6,253,17.385,78.4867
2025-11-01T03:00,22.1,88,24.9,0.0,0.0,2,79,6.9,265,17.385,78.4867
2025-11-01T04:00,22.0,88,24.8,0.0,0.0,3,86,6.9,264,17.385,78.4867
2025-11-01T05:00,22.3,90,25.7,0.0,0.0,2,73,5.3,260,17.385,78.4867
2025-11-01T06:00,22.6,90,26.0,0.1,0.1,51,73,5.5,221,17.385,78.4867
2025-11-01T07:00,23.2,89,27.1,0.0,0.0,3,91,4.0,212,17.385,78.4867
2025-11-01T08:00,24.8,83,29.0,0.0,0.0,3,83,4.2,239,17.385,78.4867
2025-11-01T09:00,26.5,77,30.5,0.0,0.0,2,66,6.3,255,17.385,78.4867
2025-11-01T10:00,27.5,73,32.2,0.0,0.0,3,94,6.5,262,17.385,78.4867
2025-11-01T11:00,27.7,70,32.5,0.0,0.0,3,95,8.8,258,17.385,78.4867
2025-11-01T12:00,28.4,66,33.0,0.0,0.0,3,94,8.0,262,17.385,78.4867
2025-11-01T13:00,28.5,64,32.4,0.0,0.0,3,95,7.9,266,17.385,78.4867
2025-11-01T14:00,28.7,63,32.1,0.0,0.0,3,100,9.0,268,17.385,78.4867
2025-11-01T15:00,28.6,64,31.8,0.0,0.0,1,30,8.5,265,17.385,78.4867
2025-11-01T16:00,28.2,66,31.4,0.0,0.0,0,12,8.3,264,17.385,78.4867
2025-11-01T17:00,26.5,80,31.8,0.0,0.0,3,86,0.5,135,17.385,78.4867
2025-11-01T18:00,26.3,79,31.1,0.0,0.0,3,100,2.1,218,17.385,78.4867
2025-11-01T19:00,25.7,84,30.7,0.0,0.0,3,90,1.9,287,17.385,78.4867
2025-11-01T20:00,25.2,86,30.3,0.0,0.0,3,94,0.6,326,17.385,78.4867
2025-11-01T21:00,24.5,89,29.5,0.0,0.0,3,80,1.2,141,17.385,78.4867
2025-11-01T22:00,23.9,91,28.8,0.0,0.0,0,1,1.4,203,17.385,78.4867
2025-11-01T23:00,23.5,94,28.5,0.0,0.0,1,20,1.0,239,17.385,78.4867
2025-11-02T00:00,23.7,93,28.4,0.0,0.0,0,10,3.5,282,17.385,78.4867
2025-11-02T01:00,23.5,89,27.2,0.1,0.1,51,23,6.8,310,17.385,78.4867
2025-11-02T02:00,23.3,87,26.7,0.0,0.0,3,95,6.6,307,17.385,78.4867
2025-11-02T03:00,23.3,87,26.6,0.0,0.0,3,83,6.9,295,17.385,78.4867
2025-11-02T04:00,23.0,88,26.3,0.0,0.0,3,88,7.2,302,17.385,78.4867
2025-11-02T05:00,23.1,87,25.5,0.0,0.0,1,46,12.1,302,17.385,78.4867
2025-11-02T06:00,22.5,84,24.7,0.0,0.0,1,26,9.7,304,17.385,78.4867
2025-11-02T07:00,23.5,85,26.9,0.0,0.0,0,18,5.4,272,17.385,78.4867
2025-11-02T08:00,25.1,82,29.0,0.0,0.0,1,21,6.0,279,17.385,78.4867
2025-11-02T09:00,26.4,78,30.3,0.0,0.0,2,75,8.0,295,17.385,78.4867
2025-11-02T10:00,27.7,74,32.5,0.0,0.0,3,95,8.8,301,17.385,78.4867
2025-11-02T11:00,27.8,71,32.5,0.0,0.0,2,62,8.6,301,17.385,78.4867
2025-11-02T12:00,28.6,68,33.4,0.1,0.1,51,88,9.7,301,17.385,78.4867
2025-11-02T13:00,29.1,61,32.7,0.0,0.0,3,99,9.1,300,17.385,78.4867
2025-11-02T14:00,28.3,63,30.8,0.1,0.1,51,55,10.9,297,17.385,78.4867
2025-11-02T15:00,26.0,74,28.3,0.1,0.1,51,38,13.8,290,17.385,78.4867
2025-11-02T16:00,25.6,77,29.1,0.0,0.0,1,31,7.4,299,17.385,78.4867
2025-11-02T17:00,25.4,78,28.4,0.0,0.0,2,78,10.3,297,17.385,78.4867
2025-11-02T18:00,24.7,81,27.9,0.0,0.0,1,28,8.3,292,17.385,78.4867
2025-11-02T19:00,24.3,84,27.6,0.0,0.0,0,16,8.5,287,17.385,78.4867
2025-11-02T20:00,24.1,86,27.7,0.0,0.0,0,13,7.9,281,17.385,78.4867
2025-11-02T21:00,23.8,88,27.5,0.0,0.0,2,75,7.1,285,17.385,78.4867
2025-11-02T22:00,23.5,89,27.2,0.0,0.0,2,74,7.0,293,17.385,78.4867
2025-11-02T23:00,23.9,90,27.5,0.0,0.0,3,85,8.9,297,17.385,78.4867
2025-11-03T00:00,23.8,90,27.4,0.0,0.0,3,100,8.3,303,17.385,78.4867
2025-11-03T01:00,23.6,90,27.2,0.0,0.0,3,98,8.0,301,17.385,78.4867
2025-11-03T02:00,23.3,90,26.9,0.0,0.0,2,58,7.5,312,17.385,78.4867
2025-11-03T03:00,23.2,91,26.7,0.0,0.0,2,55,7.5,318,17.385,78.4867
2025-11-03T04:00,23.1,91,26.6,0.0,0.0,2,73,7.7,323,17.385,78.4867
2025-11-03T05:00,23.4,91,27.0,0.0,0.0,0,4,8.3,312,17.385,78.4867
2025-11-03T06:00,22.7,94,25.8,0.0,0.0,1,42,10.9,253,17.385,78.4867
2025-11-03T07:00,22.4,91,25.2,0.3,0.3,51,95,10.3,293,17.385,78.4867
2025-11-03T08:00,23.8,86,26.4,0.1,0.1,51,100,12.6,313,17.385,78.4867
2025-11-03T09:00,25.1,81,28.2,0.0,0.0,3,96,10.9,333,17.385,78.4867
2025-11-03T10:00,26.7,74,30.4,0.0,0.0,3,95,7.5,336,17.385,78.4867
2025-11-03T11:00,27.7,72,32.7,0.1,0.1,51,20,6.6,339,17.385,78.4867
2025-11-03T12:00,28.5,67,33.4,0.0,0.0,3,100,7.4,338,17.385,78.4867
2025-11-03T13:00,28.8,64,33.0,0.0,0.0,3,100,7.0,339,17.385,78.4867
2025-11-03T14:00,28.6,63,31.9,0.0,0.0,3,97,6.4,331,17.385,78.4867
2025-11-03T15:00,28.6,64,32.1,0.0,0.0,3,92,6.4,317,17.385,78.4867
2025-11-03T16:00,28.3,64,31.6,0.0,0.0,3,85,6.8,325,17.385,78.4867
2025-11-03T17:00,27.2,73,31.8,0.0,0.0,2,65,1.2,63,17.385,78.4867
2025-11-03T18:00,26.7,77,31.5,0.0,0.0,1,45,2.0,315,17.385,78.4867
2025-11-03T19:00,26.3,80,31.2,0.0,0.0,2,63,2.2,261,17.385,78.4867
2025-11-03T20:00,25.1,86,29.6,0.3,0.3,51,100,5.1,252,17.385,78.4867
2025-11-03T21:00,24.8,87,29.5,0.0,0.0,3,99,3.4,252,17.385,78.4867
2025-11-03T22:00,24.3,89,28.6,0.0,0.0,3,100,5.8,272,17.385,78.4867
2025-11-03T23:00,23.5,93,28.0,0.2,0.2,51,100,3.3,209,17.385,78.4867
2025-11-04T00:00,23.0,96,27.8,0.0,0.0,3,100,2.7,233,17.385,78.4867
2025-11-04T01:00,23.2,94,27.3,0.0,0.0,3,100,6.5,256,17.385,78.4867
2025-11-04T02:00,22.9,92,26.6,0.0,0.0,3,99,6.6,281,17.385,78.4867
2025-11-04T03:00,22.6,92,26.1,0.0,0.0,3,100,7.0,280,17.385,78.4867
2025-11-04T04:00,22.3,93,25.2,0.0,0.0,3,100,10.1,311,17.385,78.4867
2025-11-04T05:00,22.5,96,27.1,0.2,0.2,51,70,1.3,16,17.385,78.4867
2025-11-04T06:00,22.3,96,26.2,0.0,0.0,3,99,5.8,270,17.385,78.4867
2025-11-04T07:00,22.8,93,26.4,0.0,0.0,3,98,7.2,305,17.385,78.4867
2025-11-04T08:00,24.0,86,27.7,0.0,0.0,3,100,6.7,306,17.385,78.4867
2025-11-04T09:00,25.9,77,29.5,0.0,0.0,3,100,7.7,324,17.385,78.4867
2025-11-04T10:00,27.1,73,31.4,0.0,0.0,0,13,7.3,330,17.385,78.4867
2025-11-04T11:00,27.4,69,31.5,0.1,0.1,51,100,9.5,335,17.385,78.4867
2025-11-04T12:00,27.8,65,30.8,0.1,0.1,51,100,8.4,325,17.385,78.4867
2025-11-04T13:00,27.8,66,31.2,0.1,0.1,51,100,6.7,324,17.385,78.4867
2025-11-04T14:00,28.2,63,31.8,0.1,0.1,51,100,6.4,338,17.385,78.4867
2025-11-04T15:00,27.2,64,29.6,0.2,0.2,51,100,9.3,314,17.385,78.4867
2025-11-04T16:00,25.9,73,29.2,0.8,0.8,53,100,6.4,310,17.385,78.4867
2025-11-04T17:00,23.3,88,27.0,0.0,0.0,3,100,4.7,310,17.385,78.4867
2025-11-04T18:00,23.4,89,27.5,0.0,0.0,3,99,3.6,270,17.385,78.4867
2025-11-04T19:00,23.3,90,27.3,0.0,0.0,3,84,5.1,287,17.385,78.4867
2025-11-04T20:00,23.2,91,27.0,0.0,0.0,3,100,6.1,294,17.385,78.4867
2025-11-04T21:00,22.9,92,26.5,0.0,0.0,2,66,6.5,284,17.385,78.4867
2025-11-04T22:00,22.6,93,26.2,0.0,0.0,0,4,6.2,285,17.385,78.4867
2025-11-04T23:00,22.9,98,27.5,0.0,0.0,1,21,3.8,287,17.385,78.4867
2025-11-05T00:00,23.0,97,27.6,0.0,0.0,1,33,3.9,292,17.385,78.4867
2025-11-05T01:00,22.7,98,27.1,0.0,0.0,3,98,4.4,291,17.385,78.4867
2025-11-05T02:00,22.2,99,26.3,0.0,0.0,3,100,5.6,291,17.385,78.4867
2025-11-05T03:00,22.0,98,26.0,0.0,0.0,3,98,4.6,315,17.385,78.4867
2025-11-05T04:00,21.7,99,25.6,0.0,0.0,3,87,5.3,327,17.385,78.4867
2025-11-05T05:00,22.2,95,25.9,0.0,0.0,2,77,5.0,319,17.385,78.4867
2025-11-05T06:00,22.6,93,26.3,0.0,0.0,2,52,5.7,323,17.385,78.4867
2025-11-05T07:00,23.4,92,27.8,0.0,0.0,2,58,3.1,310,17.385,78.4867
2025-11-05T08:00,25.1,84,29.6,0.0,0.0,2,59,3.4,335,17.385,78.4867
2025-11-05T09:00,26.7,70,30.1,0.0,0.0,2,72,5.8,4,17.385,78.4867
2025-11-05T10:00,27.6,62,30.9,0.0,0.0,1,41,6.4,10,17.385,78.4867
2025-11-05T11:00,28.0,53,30.4,0.0,0.0,1,42,7.0,1,17.385,78.4867
2025-11-05T12:00,28.6,50,30.9,0.0,0.0,1,24,6.1,348,17.385,78.4867
2025-11-05T13:00,29.2,47,31.8,0.0,0.0,0,15,6.1,348,17.385,78.4867
2025-11-05T14:00,29.7,46,31.9,0.0,0.0,3,95,5.5,324,17.385,78.4867
2025-11-05T15:00,29.2,47,30.1,0.0,0.0,2,70,9.7,313,17.385,78.4867
2025-11-05T16:00,28.2,53,29.6,0.0,0.0,3,99,9.3,319,17.385,78.4867
2025-11-05T17:00,27.1,61,29.8,0.0,0.0,2,78,4.5,355,17.385,78.4867
2025-11-05T18:00,26.2,65,28.4,0.0,0.0,3,80,7.4,354,17.385,78.4867
2025-11-05T19:00,25.5,67,27.9,0.0,0.0,1,35,6.5,19,17.385,78.4867
2025-11-05T20:00,24.8,69,27.0,0.0,0.0,1,24,6.7,27,17.385,78.4867
2025-11-05T21:00,24.1,72,26.3,0.0,0.0,0,17,6.6,17,17.385,78.4867
2025-11-05T22:00,23.5,74,25.7,0.0,0.0,0,14,6.1,19,17.385,78.4867
2025-11-05T23:00,23.1,81,26.3,0.0,0.0,1,34,3.6,3,17.385,78.4867
2025-11-06T00:00,23.1,81,25.8,0.0,0.0,1,35,6.1,357,17.385,78.4867
2025-11-06T01:00,22.7,81,25.4,0.0,0.0,1,20,5.8,356,17.385,78.4867
2025-11-06T02:00,22.4,81,25.0,0.0,0.0,0,13,5.6,358,17.385,78.4867
2025-11-06T03:00,22.0,82,24.6,0.0,0.0,0,10,4.6,347,17.385,78.4867
2025-11-06T04:00,21.7,83,24.2,0.0,0.0,0,4,4.5,337,17.385,78.4867
2025-11-06T05:00,21.9,84,24.6,0.0,0.0,0,7,4.5,2,17.385,78.4867
2025-11-06T06:00,22.6,80,25.0,0.0,0.0,1,34,6.0,353,17.385,78.4867
2025-11-06T07:00,23.3,79,26.0,0.0,0.0,3,100,5.9,348,17.385,78.4867
2025-11-06T08:00,24.9,70,27.7,0.0,0.0,3,81,4.0,10,17.385,78.4867
2025-11-06T09:00,26.3,59,28.2,0.0,0.0,3,93,6.5,23,17.385,78.4867
2025-11-06T10:00,27.2,50,28.0,0.0,0.0,2,73,8.5,32,17.385,78.4867
2025-11-06T11:00,28.1,47,28.9,0.0,0.0,2,59,8.5,28,17.385,78.4867
2025-11-06T12:00,28.6,46,30.2,0.0,0.0,3,100,8.1,21,17.385,78.4867
2025-11-06T13:00,28.3,47,29.4,0.0,0.0,3,92,6.3,15,17.385,78.4867
2025-11-06T14:00,28.7,45,29.5,0.0,0.0,3,98,7.7,9,17.385,78.4867
2025-11-06T15:00,28.0,47,28.7,0.0,0.0,3,99,8.3,18,17.385,78.4867
2025-11-06T16:00,27.9,48,29.1,0.0,0.0,3,83,5.6,2,17.385,78.4867
2025-11-06T17:00,26.9,56,28.8,0.0,0.0,2,66,4.9,343,17.385,78.4867
2025-11-06T18:00,26.0,59,27.7,0.0,0.0,1,27,6.7,6,17.385,78.4867
2025-11-06T19:00,25.3,61,26.8,0.0,0.0,0,19,7.3,30,17.385,78.4867
2025-11-06T20:00,24.4,65,26.0,0.0,0.0,0,12,7.1,38,17.385,78.4867
2025-11-06T21:00,23.7,69,25.4,0.0,0.0,0,3,6.6,33,17.385,78.4867
2025-11-06T22:00,23.1,72,25.1,0.0,0.0,0,2,5.1,32,17.385,78.4867
2025-11-06T23:00,22.8,76,25.0,0.0,0.0,0,15,5.5,44,17.385,78.4867
2025-11-07T00:00,23.0,74,24.9,0.0,0.0,0,1,6.7,38,17.385,78.4867
2025-11-07T01:00,22.7,75,24.7,0.0,0.0,0,0,6.2,30,17.385,78.4867
2025-11-07T02:00,22.3,76,24.5,0.0,0.0,0,10,4.8,37,17.385,78.4867
2025-11-07T03:00,21.8,81,24.3,0.0,0.0,0,2,3.2,34,17.385,78.4867
2025-11-07T04:00,21.6,80,23.9,0.0,0.0,1,25,3.6,3,17.385,78.4867
2025-11-07T05:00,22.0,78,23.8,0.0,0.0,0,2,7.2,18,17.385,78.4867
2025-11-07T06:00,22.1,78,23.8,0.0,0.0,0,2,8.0,16,17.385,78.4867
2025-11-07T07:00,22.8,77,24.7,0.0,0.0,0,2,7.7,9,17.385,78.4867
2025-11-07T08:00,24.5,68,26.5,0.0,0.0,0,0,6.4,25,17.385,78.4867
2025-11-07T09:00,26.4,55,27.3,0.0,0.0,0,0,9.3,36,17.385,78.4867
2025-11-07T10:00,27.6,45,28.6,0.0,0.0,0,0,9.3,29,17.385,78.4867
2025-11-07T11:00,28.4,41,29.8,0.0,0.0,3,94,9.7,16,17.385,78.4867
2025-11-07T12:00,29.1,39,30.7,0.0,0.0,3,82,9.1,7,17.385,78.4867
2025-11-07T13:00,29.3,38,30.3,0.0,0.0,3,88,9.5,359,17.385,78.4867
2025-11-07T14:00,29.5,37,30.0,0.0,0.0,1,20,9.4,355,17.385,78.4867
2025-11-07T15:00,29.3,36,28.8,0.0,0.0,1,37,9.4,352,17.385,78.4867
2025-11-07T16:00,28.6,38,28.1,0.0,0.0,1,20,9.9,355,17.385,78.4867
2025-11-07T17:00,27.2,45,27.5,0.0,0.0,3,89,7.0,350,17.385,78.4867
2025-11-07T18:00,26.0,49,26.2,0.0,0.0,2,76,8.4,7,17.385,78.4867
2025-11-07T19:00,24.8,53,25.1,0.0,0.0,3,92,7.4,4,17.385,78.4867
2025-11-07T20:00,23.5,57,23.9,0.0,0.0,2,66,6.9,337,17.385,78.4867
2025-11-07T21:00,23.0,56,23.0,0.0,0.0,0,13,7.9,344,17.385,78.4867
2025-11-07T22:00,22.4,57,22.4,0.0,0.0,1,34,7.9,349,17.385,78.4867
2025-11-07T23:00,21.8,63,22.3,0.0,0.0,0,5,6.7,354,17.385,78.4867
2025-11-08T00:00,21.7,64,22.0,0.0,0.0,0,6,7.6,7,17.385,78.4867
2025-11-08T01:00,21.5,65,21.8,0.0,0.0,0,7,7.9,357,17.385,78.4867
2025-11-08T02:00,21.0,66,21.3,0.0,0.0,1,33,7.8,5,17.385,78.4867
2025-11-08T03:00,20.7,66,20.9,0.0,0.0,0,2,7.8,5,17.385,78.4867
2025-11-08T04:00,20.6,65,20.6,0.0,0.0,3,85,7.6,7,17.385,78.4867
2025-11-08T05:00,20.3,69,20.7,0.0,0.0,0,5,6.8,358,17.385,78.4867
2025-11-08T06:00,20.7,65,20.7,0.0,0.0,0,0,8.3,360,17.385,78.4867
2025-11-08T07:00,21.5,63,21.7,0.0,0.0,0,0,8.1,356,17.385,78.4867
2025-11-08T08:00,23.3,60,24.2,0.0,0.0,0,1,5.5,351,17.385,78.4867
2025-11-08T09:00,25.6,48,25.6,0.0,0.0,0,5,8.2,9,17.385,78.4867
2025-11-08T10:00,27.1,37,27.1,0.0,0.0,0,0,8.9,9,17.385,78.4867
2025-11-08T11:00,27.7,31,28.0,0.0,0.0,0,0,7.3,353,17.385,78.4867
2025-11-08T12:00,28.4,28,28.9,0.0,0.0,0,5,6.2,353,17.385,78.4867
2025-11-08T13:00,28.8,26,29.0,0.0,0.0,3,88,6.0,350,17.385,78.4867
2025-11-08T14:00,28.9,27,28.5,0.0,0.0,0,1,6.3,345,17.385,78.4867
2025-11-08T15:00,28.6,30,27.3,0.0,0.0,0,0,6.6,347,17.385,78.4867
2025-11-08T16:00,27.9,32,26.7,0.0,0.0,0,2,7.6,4,17.385,78.4867
2025-11-08T17:00,26.9,34,25.9,0.0,0.0,0,3,7.0,4,17.385,78.4867
2025-11-08T18:00,26.0,39,25.2,0.0,0.0,0,1,7.6,355,17.385,78.4867
2025-11-08T19:00,25.0,44,24.6,0.0,0.0,0,6,6.4,349,17.385,78.4867
2025-11-08T20:00,23.8,51,24.1,0.0,0.0,0,2,4.7,351,17.385,78.4867
2025-11-08T21:00,22.8,59,23.5,0.0,0.0,0,0,4.2,313,17.385,78.4867
2025-11-08T22:00,21.9,65,22.9,0.0,0.0,0,0,4.4,302,17.385,78.4867
2025-11-08T23:00,21.1,72,22.7,0.0,0.0,0,0,2.5,339,17.385,78.4867
2025-11-09T00:00,21.2,65,22.1,0.0,0.0,0,0,3.8,335,17.385,78.4867
2025-11-09T01:00,20.7,65,21.3,0.0,0.0,0,0,4.2,324,17.385,78.4867
2025-11-09T02:00,20.2,65,20.6,0.0,0.0,0,0,4.4,339,17.385,78.4867
2025-11-09T03:00,19.3,68,19.3,0.0,0.0,0,0,6.6,317,17.385,78.4867
2025-11-09T04:00,18.6,74,19.0,0.0,0.0,0,0,5.3,327,17.385,78.4867
2025-11-09T05:00,18.3,83,19.5,0.0,0.0,0,0,4.1,322,17.385,78.4867
2025-11-09T06:00,18.6,83,19.7,0.0,0.0,0,0,5.1,318,17.385,78.4867
2025-11-09T07:00,19.6,79,20.8,0.0,0.0,0,0,5.0,289,17.385,78.4867
2025-11-09T08:00,22.2,63,23.3,0.0,0.0,0,0,3.3,338,17.385,78.4867
2025-11-09T09:00,24.7,44,24.1,0.0,0.0,0,0,7.4,14,17.385,78.4867
2025-11-09T10:00,26.0,37,25.7,0.0,0.0,0,0,8.3,22,17.385,78.4867
2025-11-09T11:00,26.7,35,27.2,0.0,0.0,0,0,8.1,28,17.385,78.4867
2025-11-09T12:00,27.6,34,28.4,0.0,0.0,0,0,7.6,31,17.385,78.4867
2025-11-09T13:00,27.9,34,28.7,0.0,0.0,0,0,7.0,29,17.385,78.4867
2025-11-09T14:00,28.0,34,28.2,0.0,0.0,0,1,7.0,21,17.385,78.4867
2025-11-09T15:00,27.8,35,26.9,0.0,0.0,0,2,7.6,18,17.385,78.4867
2025-11-09T16:00,27.1,37,26.3,0.0,0.0,0,4,7.9,17,17.385,78.4867
2025-11-09T17:00,26.2,40,25.6,0.0,0.0,0,10,7.2,22,17.385,78.4867
2025-11-09T18:00,25.5,43,25.1,0.0,0.0,0,11,7.1,21,17.385,78.4867
2025-11-09T19:00,24.7,47,24.6,0.0,0.0,0,5,6.5,32,17.385,78.4867
2025-11-09T20:00,23.8,51,23.8,0.0,0.0,0,7,6.5,51,17.385,78.4867
2025-11-09T21:00,23.0,53,23.1,0.0,0.0,0,0,5.4,48,17.385,78.4867
2025-11-09T22:00,22.3,55,22.4,0.0,0.0,0,0,5.1,36,17.385,78.4867
2025-11-09T23:00,21.0,65,21.9,0.0,0.0,0,0,3.0,38,17.385,78.4867
2025-11-10T00:00,21.1,63,21.7,0.0,0.0,0,0,3.4,58,17.385,78.4867
2025-11-10T01:00,20.6,69,21.8,0.0,0.0,0,0,2.3,342,17.385,78.4867
2025-11-10T02:00,20.1,66,20.5,0.0,0.0,0,0,4.7,317,17.385,78.4867
2025-11-10T03:00,19.1,66,19.0,0.0,0.0,0,0,6.5,328,17.385,78.4867
2025-11-10T04:00,19.0,64,18.8,0.0,0.0,0,2,4.9,327,17.385,78.4867
2025-11-10T05:00,18.0,71,18.0,0.0,0.0,0,0,4.8,333,17.385,78.4867
2025-11-10T06:00,18.1,72,18.3,0.0,0.0,0,0,4.5,346,17.385,78.4867
2025-11-10T07:00,18.9,69,19.3,0.0,0.0,0,0,3.6,342,17.385,78.4867
2025-11-10T08:00,21.6,57,22.0,0.0,0.0,0,0,3.1,31,17.385,78.4867
2025-11-10T09:00,24.2,44,23.6,0.0,0.0,0,0,6.2,30,17.385,78.4867
2025-11-10T10:00,25.7,39,26.1,0.0,0.0,0,0,5.3,18,17.385,78.4867
2025-11-10T11:00,26.6,37,27.8,0.0,0.0,0,0,4.3,2,17.385,78.4867
2025-11-10T12:00,27.7,35,29.5,0.0,0.0,0,0,3.4,344,17.385,78.4867
2025-11-10T13:00,28.4,34,30.0,0.0,0.0,0,0,3.2,317,17.385,78.4867
2025-11-10T14:00,28.8,34,29.6,0.0,0.0,0,0,3.7,299,17.385,78.4867
2025-11-10T15:00,28.7,34,28.5,0.0,0.0,0,2,4.3,298,17.385,78.4867
2025-11-10T16:00,28.1,36,27.9,0.0,0.0,0,5,5.2,299,17.385,78.4867
2025-11-10T17:00,26.6,39,26.2,0.0,0.0,0,0,5.9,333,17.385,78.4867
2025-11-10T18:00,25.9,41,25.7,0.0,0.0,0,0,4.4,305,17.385,78.4867
2025-11-10T19:00,25.1,44,25.2,0.0,0.0,0,0,3.1,306,17.385,78.4867
2025-11-10T20:00,24.2,47,24.4,0.0,0.0,1,34,3.1,59,17.385,78.4867
2025-11-10T21:00,23.7,48,23.6,0.0,0.0,0,0,4.8,63,17.385,78.4867
2025-11-10T22:00,23.0,50,22.9,0.0,0.0,0,0,4.8,42,17.385,78.4867
2025-11-10T23:00,22.1,54,22.2,0.0,0.0,0,0,4.2,40,17.385,78.4867
2025-11-11T00:00,21.4,56,21.4,0.0,0.0,0,2,4.5,23,17.385,78.4867
2025-11-11T01:00,21.1,59,21.4,0.0,0.0,0,5,3.5,12,17.385,78.4867
2025-11-11T02:00,20.6,63,21.1,0.0,0.0,0,17,4.0,355,17.385,78.4867
2025-11-11T03:00,20.2,66,20.6,0.0,0.0,0,5,5.1,4,17.385,78.4867
2025-11-11T04:00,19.8,61,19.6,0.0,0.0,0,0,5.4,2,17.385,78.4867
2025-11-11T05:00,19.2,69,19.7,0.0,0.0,0,0,3.4,6,17.385,78.4867
2025-11-11T06:00,19.7,64,20.1,0.0,0.0,0,2,3.4,344,17.385,78.4867
2025-11-11T07:00,20.3,63,20.8,0.0,0.0,0,0,2.9,292,17.385,78.4867
2025-11-11T08:00,22.5,54,23.0,0.0,0.0,0,0,2.3,331,17.385,78.4867
2025-11-11T09:00,25.1,42,24.9,0.0,0.0,0,0,4.1,13,17.385,78.4867
2025-11-11T10:00,26.8,38,27.4,0.0,0.0,0,0,4.1,13,17.385,78.4867
2025-11-11T11:00,27.6,38,29.2,0.0,0.0,0,3,3.7,349,17.385,78.4867
2025-11-11T12:00,28.5,36,30.5,0.0,0.0,0,5,3.8,343,17.385,78.4867
2025-11-11T13:00,29.1,36,30.7,0.0,0.0,0,4,4.7,344,17.385,78.4867
2025-11-11T14:00,29.3,35,30.1,0.0,0.0,0,5,5.7,351,17.385,78.4867
2025-11-11T15:00,29.2,36,28.9,0.0,0.0,1,20,6.9,346,17.385,78.4867
2025-11-11T16:00,28.6,37,27.9,0.0,0.0,0,9,9.7,341,17.385,78.4867
2025-11-11T17:00,27.2,39,26.6,0.0,0.0,1,20,8.6,360,17.385,78.4867
2025-11-11T18:00,26.5,41,25.9,0.0,0.0,0,8,8.5,4,17.385,78.4867
2025-11-11T19:00,25.6,43,25.2,0.0,0.0,0,8,7.3,33,17.385,78.4867
2025-11-11T20:00,24.4,47,24.1,0.0,0.0,0,0,6.8,42,17.385,78.4867
2025-11-11T21:00,23.5,50,23.4,0.0,0.0,0,0,5.3,28,17.385,78.4867
2025-11-11T22:00,22.9,51,22.8,0.0,0.0,0,0,4.8,22,17.385,78.4867
2025-11-11T23:00,22.1,56,22.5,0.0,0.0,0,0,3.1,13,17.385,78.4867
2025-11-12T00:00,21.7,56,21.7,0.0,0.0,0,0,4.7,9,17.385,78.4867
2025-11-12T01:00,21.1,59,21.4,0.0,0.0,0,0,3.8,355,17.385,78.4867
2025-11-12T02:00,20.6,62,20.8,0.0,0.0,0,0,4.8,22,17.385,78.4867
2025-11-12T03:00,20.2,61,20.2,0.0,0.0,0,0,5.1,18,17.385,78.4867
2025-11-12T04:00,19.8,62,19.8,0.0,0.0,0,0,5.2,16,17.385,78.4867
2025-11-12T05:00,19.3,66,19.6,0.0,0.0,0,0,4.0,21,17.385,78.4867
2025-11-12T06:00,19.6,63,19.4,0.0,0.0,0,0,6.1,23,17.385,78.4867
2025-11-12T07:00,20.4,60,20.1,0.0,0.0,0,0,6.4,27,17.385,78.4867
2025-11-12T08:00,22.5,51,22.3,0.0,0.0,0,0,5.2,29,17.385,78.4867
2025-11-12T09:00,24.9,42,24.1,0.0,0.0,0,0,7.1,30,17.385,78.4867
2025-11-12T10:00,26.7,36,26.5,0.0,0.0,0,0,8.0,27,17.385,78.4867
2025-11-12T11:00,27.8,35,28.7,0.0,0.0,0,0,6.8,35,17.385,78.4867
2025-11-12T12:00,28.8,34,30.1,0.0,0.0,0,0,6.0,33,17.385,78.4867
2025-11-12T13:00,29.3,33,30.4,0.0,0.0,0,0,6.0,29,17.385,78.4867
2025-11-12T14:00,29.5,32,29.8,0.0,0.0,0,0,6.5,23,17.385,78.4867
2025-11-12T15:00,29.3,33,28.5,0.0,0.0,0,0,7.6,18,17.385,78.4867
2025-11-12T16:00,28.5,35,27.7,0.0,0.0,0,0,8.4,19,17.385,78.4867
2025-11-12T17:00,27.3,38,26.6,0.0,0.0,0,0,8.3,27,17.385,78.4867
2025-11-12T18:00,26.1,42,25.4,0.0,0.0,0,0,9.3,29,17.385,78.4867
2025-11-12T19:00,24.9,44,24.1,0.0,0.0,0,0,9.3,32,17.385,78.4867
2025-11-12T20:00,23.9,47,23.2,0.0,0.0,0,0,8.1,35,17.385,78.4867
2025-11-12T21:00,23.1,50,22.6,0.0,0.0,0,0,7.7,37,17.385,78.4867
2025-11-12T22:00,22.5,52,22.1,0.0,0.0,0,0,6.8,50,17.385,78.4867
2025-11-12T23:00,21.5,56,21.6,0.0,0.0,0,0,4.2,50,17.385,78.4867
2025-11-13T00:00,21.0,57,20.9,0.0,0.0,0,0,5.1,32,17.385,78.4867
2025-11-13T01:00,20.4,58,20.1,0.0,0.0,0,0,5.7,9,17.385,78.4867
2025-11-13T02:00,19.9,59,19.5,0.0,0.0,0,0,5.8,14,17.385,78.4867
2025-11-13T03:00,19.5,59,19.0,0.0,0.0,0,0,6.1,19,17.385,78.4867
2025-11-13T04:00,19.2,61,18.7,0.0,0.0,0,0,5.9,14,17.385,78.4867
2025-11-13T05:00,18.7,63,18.4,0.0,0.0,0,0,5.4,8,17.385,78.4867
2025-11-13T06:00,19.2,61,18.7,0.0,0.0,0,0,6.2,7,17.385,78.4867
2025-11-13T07:00,20.0,59,19.6,0.0,0.0,0,0,5.9,346,17.385,78.4867
2025-11-13T08:00,22.2,51,21.9,0.0,0.0,0,0,5.1,8,17.385,78.4867
2025-11-13T09:00,24.8,38,23.7,0.0,0.0,0,0,6.7,20,17.385,78.4867
2025-11-13T10:00,26.5,32,25.9,0.0,0.0,0,0,7.2,27,17.385,78.4867
2025-11-13T11:00,27.6,31,28.0,0.0,0.0,0,0,6.3,20,17.385,78.4867
2025-11-13T12:00,28.4,30,29.1,0.0,0.0,0,0,6.1,12,17.385,78.4867
2025-11-13T13:00,28.9,28,29.3,0.0,0.0,0,1,6.1,5,17.385,78.4867
2025-11-13T14:00,29.0,27,28.5,0.0,0.0,0,0,7.0,360,17.385,78.4867
2025-11-13T15:00,28.6,28,26.9,0.0,0.0,0,0,8.3,6,17.385,78.4867
2025-11-13T16:00,27.7,30,25.9,0.0,0.0,0,0,9.5,10,17.385,78.4867
2025-11-13T17:00,26.4,32,24.6,0.0,0.0,0,0,8.9,7,17.385,78.4867
2025-11-13T18:00,25.1,37,23.5,0.0,0.0,0,0,9.8,8,17.385,78.4867
2025-11-13T19:00,23.8,41,22.2,0.0,0.0,0,0,9.7,27,17.385,78.4867
2025-11-13T20:00,22.7,43,21.2,0.0,0.0,0,0,9.3,37,17.385,78.4867
2025-11-13T21:00,21.9,46,20.6,0.0,0.0,0,0,8.3,34,17.385,78.4867
2025-11-13T22:00,21.2,49,20.2,0.0,0.0,0,0,7.4,45,17.385,78.4867
2025-11-13T23:00,20.3,55,19.7,0.0,0.0,0,0,6.0,41,17.385,78.4867
2025-11-14T00:00,20.0,56,19.3,0.0,0.0,0,0,6.3,27,17.385,78.4867
2025-11-14T01:00,19.4,58,18.7,0.0,0.0,0,0,6.3,18,17.385,78.4867
2025-11-14T02:00,18.7,59,18.0,0.0,0.0,0,0,5.5,17,17.385,78.4867
2025-11-14T03:00,18.0,61,17.3,0.0,0.0,0,0,5.6,15,17.385,78.4867
2025-11-14T04:00,17.3,65,16.7,0.0,0.0,0,0,5.0,13,17.385,78.4867
2025-11-14T05:00,16.4,72,16.0,0.0,0.0,0,0,4.7,7,17.385,78.4867
2025-11-14T06:00,17.2,66,16.7,0.0,0.0,0,0,5.2,14,17.385,78.4867
2025-11-14T07:00,18.0,67,17.8,0.0,0.0,0,0,5.0,26,17.385,78.4867
2025-11-14T08:00,20.2,58,20.2,0.0,0.0,0,0,3.3,61,17.385,78.4867
2025-11-14T09:00,22.7,48,22.2,0.0,0.0,0,4,5.2,68,17.385,78.4867
2025-11-14T10:00,24.4,40,24.6,0.0,0.0,0,0,5.9,67,17.385,78.4867
2025-11-14T11:00,25.7,37,26.7,0.0,0.0,0,0,4.6,54,17.385,78.4867
2025-11-14T12:00,26.9,35,28.2,0.0,0.0,0,0,4.5,56,17.385,78.4867
2025-11-14T13:00,27.7,33,28.6,0.0,0.0,0,3,5.2,65,17.385,78.4867
2025-11-14T14:00,28.2,31,28.2,0.0,0.0,0,0,6.0,65,17.385,78.4867
2025-11-14T15:00,28.1,31,26.8,0.0,0.0,0,0,7.4,61,17.385,78.4867
2025-11-14T16:00,27.5,32,26.0,0.0,0.0,0,0,8.8,59,17.385,78.4867
2025-11-14T17:00,26.5,34,25.2,0.0,0.0,0,0,7.9,63,17.385,78.4867
2025-11-14T18:00,25.3,39,24.1,0.0,0.0,0,0,8.8,49,17.385,78.4867
2025-11-14T19:00,24.0,45,23.1,0.0,0.0,0,0,8.9,48,17.385,78.4867
2025-11-14T20:00,22.9,49,22.3,0.0,0.0,0,0,7.8,58,17.385,78.4867
2025-11-14T21:00,22.0,53,21.6,0.0,0.0,0,0,6.7,63,17.385,78.4867
2025-11-14T22:00,21.2,56,21.1,0.0,0.0,0,0,5.3,66,17.385,78.4867
2025-11-14T23:00,19.9,69,20.6,0.0,0.0,0,0,3.7,35,17.385,78.4867
2025-11-15T00:00,20.0,64,20.2,0.0,0.0,0,0,4.6,31,17.385,78.4867
2025-11-15T01:00,19.1,75,20.4,0.0,0.0,0,0,1.5,104,17.385,78.4867
2025-11-15T02:00,18.5,77,19.8,0.0,0.0,0,4,0.9,169,17.385,78.4867
2025-11-15T03:00,18.1,79,19.3,0.0,0.0,1,22,1.4,310,17.385,78.4867
2025-11-15T04:00,17.6,78,18.2,0.0,0.0,1,35,3.9,307,17.385,78.4867
2025-11-15T05:00,16.7,76,17.1,0.0,0.0,0,0,2.8,342,17.385,78.4867
2025-11-15T06:00,17.4,74,17.9,0.0,0.0,0,0,2.2,346,17.385,78.4867
2025-11-15T07:00,18.3,65,18.3,0.0,0.0,0,0,2.9,68,17.385,78.4867
2025-11-15T08:00,20.5,54,20.3,0.0,0.0,0,0,2.7,67,17.385,78.4867
2025-11-15T09:00,23.0,44,22.3,0.0,0.0,0,0,5.0,71,17.385,78.4867
2025-11-15T10:00,24.5,40,24.6,0.0,0.0,0,0,6.3,72,17.385,78.4867
2025-11-15T11:00,25.8,37,26.6,0.0,0.0,0,0,5.8,90,17.385,78.4867
2025-11-15T12:00,26.8,34,27.8,0.0,0.0,0,0,5.6,90,17.385,78.4867
2025-11-15T13:00,27.5,32,28.1,0.0,0.0,0,0,6.0,93,17.385,78.4867
2025-11-15T14:00,27.8,30,27.4,0.0,0.0,0,0,7.1,97,17.385,78.4867
2025-11-15T15:00,27.7,30,26.1,0.0,0.0,0,0,7.6,89,17.385,78.4867
2025-11-15T16:00,27.1,31,25.5,0.0,0.0,0,0,8.3,88,17.385,78.4867
2025-11-15T17:00,26.2,34,24.7,0.0,0.0,0,0,8.3,101,17.385,78.4867
2025-11-15T18:00,25.3,37,23.9,0.0,0.0,0,0,8.4,109,17.385,78.4867
2025-11-15T19:00,24.2,41,23.2,0.0,0.0,0,0,6.8,101,17.385,78.4867
2025-11-15T20:00,23.0,45,22.2,0.0,0.0,0,0,6.4,50,17.385,78.4867
2025-11-15T21:00,22.1,50,21.4,0.0,0.0,1,45,7.4,49,17.385,78.4867
2025-11-15T22:00,21.3,53,20.8,0.0,0.0,0,0,6.3,59,17.385,78.4867
2025-11-15T23:00,20.1,61,20.2,0.0,0.0,0,0,4.0,36,17.385,78.4867
2025-11-16T00:00,19.9,60,19.8,0.0,0.0,0,5,4.2,47,17.385,78.4867
2025-11-16T01:00,19.2,64,19.5,0.0,0.0,1,31,3.0,52,17.385,78.4867
2025-11-16T02:00,18.5,69,18.9,0.0,0.0,0,17,2.9,47,17.385,78.4867
2025-11-16T03:00,18.2,68,18.3,0.0,0.0,2,67,3.7,29,17.385,78.4867
2025-11-16T04:00,18.2,63,17.7,0.0,0.0,3,100,5.5,19,17.385,78.4867
2025-11-16T05:00,17.1,70,16.8,0.0,0.0,2,64,4.7,40,17.385,78.4867
2025-11-16T06:00,18.0,63,17.4,0.0,0.0,3,96,6.1,30,17.385,78.4867
2025-11-16T07:00,19.0,60,18.3,0.0,0.0,3,98,6.7,14,17.385,78.4867
2025-11-16T08:00,21.0,52,20.5,0.0,0.0,3,100,4.4,38,17.385,78.4867
2025-11-16T09:00,23.4,41,22.2,0.0,0.0,1,38,7.1,56,17.385,78.4867
2025-11-16T10:00,24.8,36,24.2,0.0,0.0,2,58,8.2,54,17.385,78.4867
2025-11-16T11:00,25.9,34,26.1,0.0,0.0,1,38,7.3,50,17.385,78.4867
2025-11-16T12:00,27.0,31,27.3,0.0,0.0,1,20,7.7,49,17.385,78.4867
2025-11-16T13:00,27.6,29,27.5,0.0,0.0,0,0,7.7,49,17.385,78.4867
2025-11-16T14:00,27.9,28,27.0,0.0,0.0,0,0,8.1,47,17.385,78.4867
2025-11-16T15:00,27.6,28,25.6,0.0,0.0,0,0,9.0,38,17.385,78.4867
2025-11-16T16:00,26.8,30,24.8,0.0,0.0,0,0,9.7,34,17.385,78.4867
2025-11-16T17:00,25.8,34,24.2,0.0,0.0,0,0,9.0,33,17.385,78.4867
2025-11-16T18:00,24.6,39,23.1,0.0,0.0,0,0,9.8,28,17.385,78.4867
2025-11-16T19:00,23.4,43,21.9,0.0,0.0,0,0,9.8,28,17.385,78.4867
2025-11-16T20:00,22.3,46,21.0,0.0,0.0,0,0,9.4,29,17.385,78.4867
2025-11-16T21:00,21.4,49,20.1,0.0,0.0,0,0,9.3,37,17.385,78.4867
2025-11-16T22:00,20.6,51,19.3,0.0,0.0,0,0,8.5,29,17.385,78.4867
2025-11-16T23:00,19.8,54,18.9,0.0,0.0,0,0,6.4,36,17.385,78.4867
2025-11-17T00:00,19.5,54,18.5,0.0,0.0,0,0,7.2,27,17.385,78.4867
2025-11-17T01:00,18.8,55,17.6,0.0,0.0,0,1,8.0,23,17.385,78.4867
2025-11-17T02:00,18.3,56,16.9,0.0,0.0,0,0,8.2,19,17.385,78.4867
2025-11-17T03:00,17.9,57,16.6,0.0,0.0,0,0,7.2,18,17.385,78.4867
2025-11-17T04:00,17.5,59,16.2,0.0,0.0,0,0,7.5,15,17.385,78.4867
2025-11-17T05:00,17.4,61,16.0,0.0,0.0,0,0,9.2,26,17.385,78.4867
2025-11-17T06:00,17.7,61,16.2,0.0,0.0,0,0,10.0,26,17.385,78.4867
2025-11-17T07:00,18.4,59,17.0,0.0,0.0,0,0,9.5,29,17.385,78.4867
2025-11-17T08:00,20.5,50,19.2,0.0,0.0,0,0,8.4,35,17.385,78.4867
2025-11-17T09:00,23.2,39,21.2,0.0,0.0,0,0,10.7,42,17.385,78.4867
2025-11-17T10:00,24.7,33,23.4,0.0,0.0,0,0,10.0,56,17.385,78.4867
2025-11-17T11:00,25.8,32,25.6,0.0,0.0,0,0,8.0,63,17.385,78.4867
2025-11-17T12:00,26.8,30,26.9,0.0,0.0,0,5,7.1,60,17.385,78.4867
2025-11-17T13:00,27.5,29,27.5,0.0,0.0,1,26,6.8,61,17.385,78.4867
2025-11-17T14:00,27.7,30,27.1,0.0,0.0,0,10,7.5,70,17.385,78.4867
2025-11-17T15:00,27.5,30,25.9,0.0,0.0,1,28,8.3,74,17.385,78.4867
2025-11-17T16:00,26.9,32,25.3,0.0,0.0,0,8,8.9,77,17.385,78.4867
2025-11-17T17:00,26.1,34,24.5,0.0,0.0,1,40,8.7,83,17.385,78.4867
2025-11-17T18:00,25.3,37,23.9,0.0,0.0,0,2,8.4,74,17.385,78.4867
2025-11-17T19:00,24.2,41,23.0,0.0,0.0,1,23,7.9,63,17.385,78.4867
2025-11-17T20:00,22.8,47,21.9,0.0,0.0,0,1,7.6,45,17.385,78.4867
2025-11-17T21:00,21.7,50,20.8,0.0,0.0,0,13,7.6,38,17.385,78.4867
2025-11-17T22:00,20.8,52,19.7,0.0,0.0,3,81,8.1,31,17.385,78.4867
2025-11-17T23:00,19.9,54,18.8,0.0,0.0,2,73,8.5,25,17.385,78.4867
2025-11-18T00:00,19.7,53,18.4,0.0,0.0,3,97,8.9,21,17.385,78.4867
2025-11-18T01:00,19.4,53,18.0,0.0,0.0,3,95,8.5,24,17.385,78.4867
2025-11-18T02:00,18.9,52,17.5,0.0,0.0,2,71,7.8,23,17.385,78.4867
2025-11-18T03:00,18.3,53,16.8,0.0,0.0,2,50,7.7,30,17.385,78.4867
2025-11-18T04:00,17.8,54,16.3,0.0,0.0,3,95,7.3,25,17.385,78.4867
2025-11-18T05:00,17.3,54,15.8,0.0,0.0,3,83,6.3,24,17.385,78.4867
2025-11-18T06:00,17.6,53,16.0,0.0,0.0,1,38,7.0,29,17.385,78.4867
2025-11-18T07:00,18.3,52,17.0,0.0,0.0,0,2,5.8,34,17.385,78.4867
2025-11-18T08:00,20.4,47,19.3,0.0,0.0,0,0,4.6,39,17.385,78.4867
2025-11-18T09:00,23.0,40,21.7,0.0,0.0,0,0,6.2,41,17.385,78.4867
2025-11-18T10:00,24.9,36,24.6,0.0,0.0,0,0,5.7,46,17.385,78.4867
2025-11-18T11:00,26.3,37,27.5,0.0,0.0,0,0,4.0,72,17.385,78.4867
2025-11-18T12:00,27.7,34,29.4,0.0,0.0,0,0,2.7,62,17.385,78.4867
2025-11-18T13:00,28.6,32,30.1,0.0,0.0,0,0,1.5,30,17.385,78.4867
2025-11-18T14:00,29.1,30,29.8,0.0,0.0,0,0,1.6,333,17.385,78.4867
2025-11-18T15:00,29.1,31,28.7,0.0,0.0,0,0,3.1,347,17.385,78.4867
2025-11-18T16:00,28.6,33,28.0,0.0,0.0,0,0,4.7,351,17.385,78.4867
2025-11-18T17:00,27.3,37,27.0,0.0,0.0,0,0,5.0,360,17.385,78.4867
2025-11-18T18:00,26.3,41,26.2,0.0,0.0,0,0,4.9,10,17.385,78.4867
2025-11-18T19:00,25.2,45,25.0,0.0,0.0,0,0,6.0,46,17.385,78.4867
2025-11-18T20:00,24.0,49,23.8,0.0,0.0,0,0,6.6,69,17.385,78.4867
2025-11-18T21:00,22.9,52,22.9,0.0,0.0,0,0,5.8,64,17.385,78.4867
2025-11-18T22:00,22.1,55,22.2,0.0,0.0,0,0,5.0,77,17.385,78.4867
2025-11-18T23:00,21.0,60,21.0,0.0,0.0,0,0,5.5,99,17.385,78.4867
2025-11-19T00:00,20.4,61,20.4,0.0,0.0,0,0,5.2,74,17.385,78.4867
2025-11-19T01:00,19.9,63,20.0,0.0,0.0,0,0,5.1,39,17.385,78.4867
2025-11-19T02:00,19.4,64,19.4,0.0,0.0,0,0,4.8,34,17.385,78.4867
2025-11-19T03:00,19.0,65,19.0,0.0,0.0,0,0,4.3,28,17.385,78.4867
2025-11-19T04:00,18.5,66,18.5,0.0,0.0,0,0,4.0,69,17.385,78.4867
2025-11-19T05:00,18.0,68,18.0,0.0,0.0,0,0,3.4,32,17.385,78.4867
2025-11-19T06:00,17.4,69,17.4,0.0,0.0,0,0,4.0,360,17.385,78.4867
2025-11-19T07:00,18.1,67,18.1,0.0,0.0,0,0,3.7,349,17.385,78.4867
2025-11-19T08:00,20.7,54,20.6,0.0,0.0,0,0,2.1,38,17.385,78.4867
2025-11-19T09:00,23.5,42,22.8,0.0,0.0,0,0,4.3,57,17.385,78.4867
2025-11-19T10:00,25.1,38,25.7,0.0,0.0,0,0,2.6,39,17.385,78.4867
2025-11-19T11:00,26.2,38,27.8,0.0,0.0,0,0,2.1,345,17.385,78.4867
2025-11-19T12:00,27.8,33,29.4,0.0,0.0,0,0,2.3,342,17.385,78.4867
2025-11-19T13:00,28.7,31,29.8,0.0,0.0,0,0,3.4,335,17.385,78.4867
2025-11-19T14:00,29.0,30,29.0,0.0,0.0,0,0,5.5,337,17.385,78.4867
2025-11-19T15:00,28.8,31,27.7,0.0,0.0,0,0,7.2,346,17.385,78.4867
2025-11-19T16:00,28.1,32,26.8,0.0,0.0,0,0,8.3,360,17.385,78.4867
2025-11-19T17:00,27.0,36,26.0,0.0,0.0,0,0,8.2,9,17.385,78.4867
2025-11-19T18:00,26.0,39,25.1,0.0,0.0,0,0,8.2,14,17.385,78.4867
2025-11-19T19:00,24.9,41,24.1,0.0,0.0,0,0,7.2,12,17.385,78.4867
2025-11-19T20:00,23.5,45,22.7,0.0,0.0,0,0,7.0,46,17.385,78.4867
2025-11-19T21:00,22.6,48,22.1,0.0,0.0,0,0,5.2,41,17.385,78.4867
2025-11-19T22:00,21.9,50,21.5,0.0,0.0,0,0,4.1,45,17.385,78.4867
2025-11-19T23:00,20.5,61,20.9,0.0,0.0,0,0,3.0,52,17.385,78.4867
2025-11-20T00:00,20.3,55,19.8,0.0,0.0,0,0,4.8,75,17.385,78.4867
2025-11-20T01:00,19.6,56,19.1,0.0,0.0,0,0,4.8,63,17.385,78.4867
2025-11-20T02:00,19.1,58,18.7,0.0,0.0,0,0,4.2,43,17.385,78.4867
2025-11-20T03:00,18.2,68,18.5,0.0,0.0,0,0,2.5,21,17.385,78.4867
2025-11-20T04:00,17.7,69,17.8,0.0,0.0,0,0,2.7,323,17.385,78.4867
2025-11-20T05:00,16.6,76,16.7,0.0,0.0,0,0,3.9,336,17.385,78.4867
2025-11-20T06:00,17.2,69,16.8,0.0,0.0,0,0,5.1,343,17.385,78.4867
2025-11-20T07:00,17.9,66,17.5,0.0,0.0,0,0,5.5,343,17.385,78.4867
2025-11-20T08:00,20.4,54,20.1,0.0,0.0,0,0,3.3,6,17.385,78.4867
2025-11-20T09:00,23.1,44,22.4,0.0,0.0,0,0,4.8,56,17.385,78.4867
2025-11-20T10:00,24.9,39,25.1,0.0,0.0,0,0,5.1,73,17.385,78.4867
2025-11-20T11:00,26.2,36,27.0,0.0,0.0,0,0,5.2,63,17.385,78.4867
2025-11-20T12:00,27.6,33,28.7,0.0,0.0,0,0,5.1,63,17.385,78.4867
2025-11-20T13:00,28.6,31,29.3,0.0,0.0,0,0,5.5,77,17.385,78.4867
2025-11-20T14:00,28.9,31,28.9,0.0,0.0,0,0,6.4,82,17.385,78.4867
2025-11-20T15:00,28.9,31,27.9,0.0,0.0,0,0,7.0,77,17.385,78.4867
2025-11-20T16:00,28.3,33,27.3,0.0,0.0,0,0,8.1,78,17.385,78.4867
2025-11-20T17:00,27.4,35,26.4,0.0,0.0,0,0,8.0,76,17.385,78.4867
2025-11-20T18:00,26.5,38,25.6,0.0,0.0,0,0,8.7,72,17.385,78.4867
2025-11-20T19:00,25.4,43,24.6,0.0,0.0,0,0,8.6,61,17.385,78.4867
2025-11-20T20:00,24.1,47,23.5,0.0,0.0,0,0,8.1,62,17.385,78.4867
2025-11-20T21:00,23.1,50,22.6,0.0,0.0,0,0,8.0,65,17.385,78.4867
2025-11-20T22:00,22.2,53,21.8,0.0,0.0,0,0,7.5,53,17.385,78.4867
2025-11-20T23:00,21.2,58,21.1,0.0,0.0,0,0,6.0,51,17.385,78.4867
2025-11-21T00:00,20.6,60,20.6,0.0,0.0,0,0,5.9,72,17.385,78.4867
2025-11-21T01:00,20.2,62,20.3,0.0,0.0,0,0,4.7,58,17.385,78.4867
2025-11-21T02:00,19.9,63,20.1,0.0,0.0,0,0,3.9,37,17.385,78.4867
2025-11-21T03:00,19.6,65,20.0,0.0,0.0,0,0,3.3,22,17.385,78.4867
2025-11-21T04:00,19.2,68,19.6,0.0,0.0,0,0,3.4,25,17.385,78.4867
2025-11-21T05:00,18.5,71,18.9,0.0,0.0,0,0,4.2,47,17.385,78.4867
2025-11-21T06:00,19.3,66,19.3,0.0,0.0,1,20,5.4,50,17.385,78.4867
2025-11-21T07:00,20.2,64,20.3,0.0,0.0,3,83,5.9,59,17.385,78.4867
2025-11-21T08:00,22.1,58,22.5,0.0,0.0,1,48,4.8,65,17.385,78.4867
2025-11-21T09:00,24.0,62,25.2,0.0,0.0,1,35,6.5,82,17.385,78.4867
2025-11-21T10:00,25.9,60,27.1,0.0,0.0,1,44,10.8,108,17.385,78.4867
2025-11-21T11:00,26.9,53,28.3,0.0,0.0,1,43,9.8,116,17.385,78.4867
2025-11-21T12:00,28.5,46,30.6,0.0,0.0,1,31,6.8,102,17.385,78.4867
2025-11-21T13:00,29.4,43,31.3,0.0,0.0,1,29,5.9,90,17.385,78.4867
2025-11-21T14:00,29.7,41,31.0,0.0,0.0,2,63,6.0,87,17.385,78.4867
2025-11-21T15:00,29.6,42,30.3,0.0,0.0,3,100,6.9,83,17.385,78.4867
2025-11-21T16:00,29.0,43,29.5,0.0,0.0,3,99,8.3,86,17.385,78.4867
2025-11-21T17:00,28.5,46,29.2,0.0,0.0,1,27,8.3,91,17.385,78.4867
2025-11-21T18:00,27.9,48,28.5,0.0,0.0,1,29,8.8,92,17.385,78.4867
2025-11-21T19:00,27.0,51,28.0,0.0,0.0,2,52,7.7,99,17.385,78.4867
2025-11-21T20:00,26.1,54,27.2,0.0,0.0,2,77,6.3,97,17.385,78.4867
2025-11-21T21:00,25.0,60,26.2,0.0,0.0,1,40,7.4,41,17.385,78.4867
2025-11-21T22:00,24.4,63,25.8,0.0,0.0,0,12,6.3,59,17.385,78.4867
2025-11-21T23:00,23.4,70,25.4,0.0,0.0,0,18,4.1,49,17.385,78.4867
2025-11-22T00:00,22.7,72,24.6,0.0,0.0,0,11,4.9,107,17.385,78.4867
2025-11-22T01:00,21.9,76,23.5,0.0,0.0,0,2,6.7,109,17.385,78.4867
2025-11-22T02:00,21.4,78,23.1,0.0,0.0,0,3,6.3,66,17.385,78.4867
2025-11-22T03:00,21.2,79,23.0,0.0,0.0,0,7,5.8,83,17.385,78.4867
2025-11-22T04:00,20.8,81,22.7,0.0,0.0,0,7,5.2,86,17.385,78.4867
2025-11-22T05:00,20.8,84,22.7,0.0,0.0,0,12,6.7,99,17.385,78.4867
2025-11-22T06:00,20.8,85,22.8,0.0,0.0,0,8,6.4,98,17.385,78.4867
2025-11-22T07:00,21.4,83,23.7,0.0,0.0,0,3,5.5,99,17.385,78.4867
2025-11-22T08:00,23.0,77,25.5,0.0,0.0,0,2,5.1,107,17.385,78.4867
2025-11-22T09:00,25.1,68,26.9,0.0,0.0,1,31,9.7,109,17.385,78.4867
2025-11-22T10:00,26.9,59,28.6,0.0,0.0,1,44,10.3,109,17.385,78.4867
2025-11-22T11:00,27.5,57,30.0,0.0,0.0,1,34,7.7,106,17.385,78.4867
2025-11-22T12:00,29.3,49,32.2,0.0,0.0,1,39,5.5,99,17.385,78.4867
2025-11-22T13:00,30.2,44,32.6,0.0,0.0,1,45,5.2,102,17.385,78.4867
2025-11-22T14:00,30.5,42,31.9,0.0,0.0,2,52,5.7,108,17.385,78.4867
2025-11-22T15:00,30.4,41,31.2,0.0,0.0,3,96,7.5,111,17.385,78.4867
2025-11-22T16:00,30.0,42,30.6,0.0,0.0,3,100,8.6,101,17.385,78.4867
2025-11-22T17:00,28.9,44,29.6,0.0,0.0,3,100,7.4,104,17.385,78.4867
2025-11-22T18:00,28.0,48,28.5,0.0,0.0,3,100,10.5,110,17.385,78.4867
2025-11-22T19:00,26.7,54,27.8,0.0,0.0,3,100,8.5,136,17.385,78.4867
2025-11-22T20:00,25.8,59,27.3,0.0,0.0,3,98,6.9,143,17.385,78.4867
2025-11-22T21:00,25.1,62,26.8,0.0,0.0,3,100,6.1,150,17.385,78.4867
2025-11-22T22:00,24.3,66,26.4,0.0,0.0,3,99,3.7,145,17.385,78.4867
2025-11-22T23:00,23.7,71,26.0,0.0,0.0,3,87,4.2,144,17.385,78.4867
2025-11-23T00:00,23.4,73,25.8,0.0,0.0,2,55,4.1,119,17.385,78.4867
2025-11-23T01:00,22.8,76,25.3,0.0,0.0,3,99,3.1,62,17.385,78.4867
2025-11-23T02:00,22.3,78,24.7,0.0,0.0,3,100,3.9,22,17.385,78.4867
2025-11-23T03:00,21.9,80,24.4,0.0,0.0,3,100,3.0,65,17.385,78.4867
2025-11-23T04:00,21.4,81,23.9,0.0,0.0,3,100,3.1,87,17.385,78.4867
2025-11-23T05:00,21.0,87,23.3,0.0,0.0,3,95,6.1,102,17.385,78.4867
2025-11-23T06:00,21.2,88,23.7,0.0,0.0,2,70,5.4,90,17.385,78.4867
2025-11-23T07:00,21.6,87,24.6,0.0,0.0,3,99,3.4,87,17.385,78.4867
2025-11-23T08:00,23.2,81,26.4,0.0,0.0,3,98,3.8,98,17.385,78.4867
2025-11-23T09:00,25.1,70,27.6,0.0,0.0,0,10,6.3,97,17.385,78.4867
2025-11-23T10:00,26.8,58,29.3,0.0,0.0,1,45,6.7,96,17.385,78.4867
2025-11-23T11:00,28.3,49,31.0,0.0,0.0,0,14,4.9,96,17.385,78.4867
2025-11-23T12:00,29.6,43,32.4,0.0,0.0,0,5,4.1,103,17.385,78.4867
2025-11-23T13:00,30.8,38,33.2,0.0,0.0,1,23,3.6,120,17.385,78.4867
2025-11-23T14:00,31.2,36,32.3,0.0,0.0,1,27,4.3,88,17.385,78.4867
2025-11-23T15:00,31.1,35,31.3,0.0,0.0,1,26,7.1,69,17.385,78.4867
2025-11-23T16:00,30.6,36,30.5,0.0,0.0,1,47,8.8,55,17.385,78.4867
2025-11-23T17:00,28.8,43,29.3,0.0,0.0,1,34,8.6,75,17.385,78.4867
2025-11-23T18:00,28.5,44,28.9,0.0,0.0,3,98,8.7,85,17.385,78.4867
2025-11-23T19:00,27.4,50,28.2,0.0,0.0,3,93,8.3,110,17.385,78.4867
2025-11-23T20:00,26.3,57,27.9,0.0,0.0,3,94,6.1,120,17.385,78.4867
2025-11-23T21:00,25.5,61,27.2,0.0,0.0,3,91,5.9,63,17.385,78.4867
2025-11-23T22:00,24.8,61,26.1,0.0,0.0,3,84,6.9,59,17.385,78.4867
2025-11-23T23:00,24.1,64,25.5,0.0,0.0,3,91,6.6,79,17.385,78.4867
2025-11-24T00:00,23.6,63,24.6,0.0,0.0,0,16,6.7,99,17.385,78.4867
2025-11-24T01:00,23.0,65,24.0,0.0,0.0,1,43,7.4,103,17.385,78.4867
2025-11-24T02:00,22.7,64,23.6,0.0,0.0,1,44,6.5,88,17.385,78.4867
2025-11-24T03:00,22.3,65,23.3,0.0,0.0,3,85,5.1,96,17.385,78.4867
2025-11-24T04:00,21.8,66,22.7,0.0,0.0,3,100,5.6,86,17.385,78.4867
2025-11-24T05:00,21.5,75,22.9,0.0,0.0,1,27,6.5,95,17.385,78.4867
2025-11-24T06:00,21.3,75,22.7,0.0,0.0,0,0,6.5,96,17.385,78.4867
2025-11-24T07:00,21.5,75,23.3,0.0,0.0,0,10,4.3,95,17.385,78.4867
2025-11-24T08:00,22.9,74,25.2,0.0,0.0,3,98,4.1,92,17.385,78.4867
2025-11-24T09:00,24.8,68,27.0,0.0,0.0,3,98,5.9,104,17.385,78.4867
2025-11-24T10:00,26.8,56,28.9,0.0,0.0,3,99,6.6,103,17.385,78.4867
2025-11-24T11:00,28.0,46,29.9,0.0,0.0,3,100,6.9,76,17.385,78.4867
2025-11-24T12:00,29.1,41,30.7,0.0,0.0,3,85,6.9,70,17.385,78.4867
2025-11-24T13:00,29.7,38,31.1,0.0,0.0,0,15,7.1,75,17.385,78.4867
2025-11-24T14:00,30.1,36,30.6,0.0,0.0,0,9,7.9,79,17.385,78.4867
2025-11-24T15:00,30.2,32,29.4,0.0,0.0,1,42,8.9,81,17.385,78.4867
2025-11-24T16:00,29.6,33,28.6,0.0,0.0,0,2,9.7,72,17.385,78.4867
2025-11-24T17:00,28.4,36,27.7,0.0,0.0,0,4,8.2,82,17.385,78.4867
2025-11-24T18:00,27.7,40,27.3,0.0,0.0,0,3,8.9,84,17.385,78.4867
2025-11-24T19:00,26.8,42,26.5,0.0,0.0,0,11,8.5,102,17.385,78.4867
2025-11-24T20:00,25.9,44,25.6,0.0,0.0,1,45,7.2,91,17.385,78.4867
2025-11-24T21:00,24.7,48,24.6,0.0,0.0,2,50,6.8,73,17.385,78.4867
2025-11-24T22:00,23.9,52,24.0,0.0,0.0,0,5,6.3,59,17.385,78.4867
2025-11-24T23:00,23.0,57,23.4,0.0,0.0,1,43,5.7,53,17.385,78.4867
2025-11-25T00:00,22.4,59,22.7,0.0,0.0,3,88,6.3,103,17.385,78.4867
2025-11-25T01:00,21.7,62,22.1,0.0,0.0,0,0,6.1,93,17.385,78.4867
2025-11-25T02:00,21.5,64,21.9,0.0,0.0,0,0,6.4,54,17.385,78.4867
2025-11-25T03:00,21.0,66,21.2,0.0,0.0,0,0,7.9,89,17.385,78.4867
2025-11-25T04:00,20.2,70,20.6,0.0,0.0,0,13,7.3,99,17.385,78.4867
2025-11-25T05:00,19.6,79,20.5,0.0,0.0,3,100,7.2,108,17.385,78.4867
2025-11-25T06:00,20.0,90,22.0,0.0,0.0,3,100,7.0,116,17.385,78.4867
2025-11-25T07:00,20.3,92,22.3,0.0,0.0,3,95,9.1,112,17.385,78.4867
2025-11-25T08:00,22.0,80,23.7,0.0,0.0,1,31,8.8,105,17.385,78.4867
2025-11-25T09:00,23.9,68,25.4,0.0,0.0,0,12,8.2,105,17.385,78.4867
2025-11-25T10:00,25.5,57,27.1,0.0,0.0,0,3,7.3,107,17.385,78.4867
2025-11-25T11:00,26.9,50,28.8,0.0,0.0,0,4,8.1,93,17.385,78.4867
2025-11-25T12:00,28.2,44,30.1,0.0,0.0,0,3,8.4,83,17.385,78.4867
2025-11-25T13:00,28.9,41,30.2,0.0,0.0,0,12,9.2,83,17.385,78.4867
2025-11-25T14:00,29.3,38,29.8,0.0,0.0,0,15,9.4,82,17.385,78.4867
2025-11-25T15:00,29.1,39,28.8,0.0,0.0,0,2,9.6,82,17.385,78.4867
2025-11-25T16:00,28.6,40,28.3,0.0,0.0,0,1,9.2,83,17.385,78.4867
2025-11-25T17:00,27.3,42,26.9,0.0,0.0,0,0,9.7,86,17.385,78.4867
2025-11-25T18:00,26.9,43,26.5,0.0,0.0,0,5,9.1,81,17.385,78.4867
2025-11-25T19:00,26.1,46,26.0,0.0,0.0,0,15,8.3,92,17.385,78.4867
2025-11-25T20:00,25.3,49,25.6,0.0,0.0,0,11,6.5,120,17.385,78.4867
2025-11-25T21:00,24.6,52,25.3,0.0,0.0,0,1,4.4,120,17.385,78.4867
2025-11-25T22:00,23.9,56,24.7,0.0,0.0,1,23,3.9,127,17.385,78.4867
2025-11-25T23:00,22.7,65,24.3,0.0,0.0,0,18,2.6,102,17.385,78.4867
2025-11-26T00:00,22.3,67,23.9,0.0,0.0,1,27,2.5,82,17.385,78.4867
2025-11-26T01:00,21.9,69,23.5,0.0,0.0,0,0,3.0,57,17.385,78.4867
2025-11-26T02:00,21.4,72,23.0,0.0,0.0,0,0,3.4,43,17.385,78.4867
2025-11-26T03:00,20.8,75,22.2,0.0,0.0,0,0,4.6,81,17.385,78.4867
2025-11-26T04:00,20.2,79,21.7,0.0,0.0,0,0,4.7,86,17.385,78.4867
2025-11-26T05:00,19.1,84,20.6,0.0,0.0,1,24,4.9,82,17.385,78.4867
2025-11-26T06:00,19.1,88,20.7,0.0,0.0,3,100,5.6,90,17.385,78.4867
2025-11-26T07:00,19.3,93,21.5,0.0,0.0,3,100,5.4,111,17.385,78.4867
2025-11-26T08:00,19.9,90,22.1,0.0,0.0,3,86,5.5,109,17.385,78.4867
2025-11-26T09:00,22.5,73,24.1,0.0,0.0,0,11,6.8,107,17.385,78.4867
2025-11-26T10:00,24.8,60,26.7,0.0,0.0,3,90,5.8,95,17.385,78.4867
2025-11-26T11:00,26.4,51,28.1,0.0,0.0,0,9,8.8,92,17.385,78.4867
2025-11-26T12:00,27.8,44,29.5,0.0,0.0,2,53,9.2,88,17.385,78.4867
2025-11-26T13:00,28.6,40,29.7,0.0,0.0,3,95,9.4,87,17.385,78.4867
2025-11-26T14:00,29.0,37,29.0,0.0,0.0,3,91,10.4,89,17.385,78.4867
2025-11-26T15:00,29.0,35,28.0,0.0,0.0,1,30,11.0,86,17.385,78.4867
2025-11-26T16:00,28.4,36,27.4,0.0,0.0,0,8,11.0,86,17.385,78.4867
2025-11-26T17:00,27.2,43,26.7,0.0,0.0,0,8,11.3,103,17.385,78.4867
2025-11-26T18:00,26.7,45,26.3,0.0,0.0,0,3,10.7,106,17.385,78.4867
2025-11-26T19:00,25.9,47,25.8,0.0,0.0,0,1,9.2,94,17.385,78.4867
2025-11-26T20:00,25.1,50,25.4,0.0,0.0,0,0,6.9,107,17.385,78.4867
2025-11-26T21:00,24.3,55,25.0,0.0,0.0,0,18,5.3,114,17.385,78.4867
2025-11-26T22:00,23.4,61,24.2,0.0,0.0,1,34,7.0,111,17.385,78.4867
2025-11-26T23:00,22.7,66,24.0,0.0,0.0,0,6,5.3,78,17.385,78.4867
2025-11-27T00:00,22.3,68,23.6,0.0,0.0,0,0,5.4,50,17.385,78.4867
2025-11-27T01:00,21.6,72,23.1,0.0,0.0,0,0,4.8,53,17.385,78.4867
2025-11-27T02:00,20.8,76,22.0,0.0,0.0,0,0,6.3,95,17.385,78.4867
2025-11-27T03:00,20.0,80,21.3,0.0,0.0,0,0,5.8,86,17.385,78.4867
2025-11-27T04:00,19.4,84,21.0,0.0,0.0,0,0,4.5,90,17.385,78.4867
2025-11-27T05:00,18.7,89,20.7,0.0,0.0,3,100,2.9,86,17.385,78.4867
2025-11-27T06:00,18.8,92,20.9,0.0,0.0,3,100,4.2,110,17.385,78.4867
2025-11-27T07:00,19.2,92,21.3,0.0,0.0,1,42,4.6,132,17.385,78.4867
2025-11-27T08:00,20.7,82,22.9,0.0,0.0,0,10,2.8,108,17.385,78.4867
2025-11-27T09:00,22.9,69,24.6,0.0,0.0,0,0,4.6,99,17.385,78.4867
2025-11-27T10:00,24.9,57,26.5,0.0,0.0,0,0,6.7,92,17.385,78.4867
2025-11-27T11:00,26.2,51,27.8,0.0,0.0,0,0,9.4,79,17.385,78.4867
2025-11-27T12:00,27.5,46,29.1,0.0,0.0,0,0,9.3,74,17.385,78.4867
2025-11-27T13:00,28.3,42,29.6,0.0,0.0,0,5,9.3,74,17.385,78.4867
2025-11-27T14:00,28.5,41,29.0,0.0,0.0,0,5,9.7,72,17.385,78.4867
2025-11-27T15:00,28.5,40,28.2,0.0,0.0,0,10,9.7,68,17.385,78.4867
2025-11-27T16:00,28.0,41,27.6,0.0,0.0,0,13,9.8,76,17.385,78.4867
2025-11-27T17:00,26.9,45,26.6,0.0,0.0,1,24,11.0,84,17.385,78.4867
2025-11-27T18:00,26.4,47,26.3,0.0,0.0,0,1,9.8,83,17.385,78.4867
2025-11-27T19:00,25.5,50,25.6,0.0,0.0,1,36,8.6,70,17.385,78.4867
2025-11-27T20:00,24.3,53,24.1,0.0,0.0,3,88,10.2,42,17.385,78.4867
2025-11-27T21:00,23.2,59,23.2,0.0,0.0,3,91,11.1,43,17.385,78.4867
2025-11-27T22:00,22.5,63,22.8,0.0,0.0,3,91,9.7,34,17.385,78.4867
2025-11-27T23:00,21.7,68,22.4,0.0,0.0,3,81,8.1,25,17.385,78.4867
2025-11-28T00:00,21.4,69,21.8,0.0,0.0,3,81,9.5,27,17.385,78.4867
2025-11-28T01:00,20.8,71,21.3,0.0,0.0,2,64,8.7,30,17.385,78.4867
2025-11-28T02:00,20.2,72,20.6,0.0,0.0,3,96,8.8,33,17.385,78.4867
2025-11-28T03:00,19.8,73,20.1,0.0,0.0,3,97,8.9,36,17.385,78.4867
2025-11-28T04:00,19.5,73,19.8,0.0,0.0,2,75,8.2,38,17.385,78.4867
2025-11-28T05:00,19.2,74,19.4,0.0,0.0,2,77,8.7,30,17.385,78.4867
2025-11-28T06:00,19.3,73,19.4,0.0,0.0,1,47,9.2,31,17.385,78.4867
2025-11-28T07:00,19.9,71,20.2,0.0,0.0,2,62,7.8,40,17.385,78.4867
2025-11-28T08:00,21.5,63,21.8,0.0,0.0,2,79,6.9,51,17.385,78.4867
2025-11-28T09:00,23.4,54,23.1,0.0,0.0,0,16,9.6,49,17.385,78.4867
2025-11-28T10:00,25.0,46,24.8,0.0,0.0,0,16,10.3,61,17.385,78.4867
2025-11-28T11:00,26.0,42,26.5,0.0,0.0,3,98,9.7,43,17.385,78.4867
2025-11-28T12:00,27.2,37,27.7,0.0,0.0,2,77,9.3,46,17.385,78.4867
2025-11-28T13:00,27.9,34,27.9,0.0,0.0,3,95,9.3,40,17.385,78.4867
2025-11-28T14:00,28.1,31,27.1,0.0,0.0,1,34,9.9,32,17.385,78.4867
2025-11-28T15:00,27.9,30,26.0,0.0,0.0,3,98,10.6,26,17.385,78.4867
2025-11-28T16:00,27.1,31,25.0,0.0,0.0,3,100,11.1,27,17.385,78.4867
2025-11-28T17:00,26.1,37,24.6,0.0,0.0,3,87,10.4,37,17.385,78.4867
2025-11-28T18:00,25.3,38,23.9,0.0,0.0,1,48,9.7,45,17.385,78.4867
2025-11-28T19:00,24.1,41,22.6,0.0,0.0,2,77,9.7,51,17.385,78.4867
2025-11-28T20:00,22.9,43,21.5,0.0,0.0,3,93,9.0,57,17.385,78.4867
2025-11-28T21:00,21.9,45,20.4,0.0,0.0,3,95,9.2,59,17.385,78.4867
2025-11-28T22:00,21.0,47,19.5,0.0,0.0,3,99,8.7,47,17.385,78.4867
2025-11-28T23:00,20.1,52,18.9,0.0,0.0,3,100,8.3,46,17.385,78.4867
2025-11-29T00:00,19.5,55,18.4,0.0,0.0,3,100,7.9,51,17.385,78.4867
2025-11-29T01:00,18.9,59,17.9,0.0,0.0,3,100,7.7,36,17.385,78.4867
2025-11-29T02:00,18.4,61,17.4,0.0,0.0,3,95,7.7,41,17.385,78.4867
2025-11-29T03:00,18.0,62,17.1,0.0,0.0,3,99,7.3,44,17.385,78.4867
2025-11-29T04:00,17.7,63,16.7,0.0,0.0,3,100,7.8,34,17.385,78.4867
2025-11-29T05:00,17.2,65,16.3,0.0,0.0,3,100,7.3,44,17.385,78.4867
2025-11-29T06:00,17.3,64,16.3,0.0,0.0,3,100,7.6,34,17.385,78.4867
2025-11-29T07:00,17.9,63,17.1,0.0,0.0,3,100,6.5,39,17.385,78.4867
2025-11-29T08:00,19.6,56,19.1,0.0,0.0,3,100,4.5,37,17.385,78.4867
2025-11-29T09:00,22.3,46,21.5,0.0,0.0,3,100,5.0,60,17.385,78.4867
2025-11-29T10:00,24.1,40,23.5,0.0,0.0,3,100,6.5,76,17.385,78.4867
2025-11-29T11:00,24.9,40,24.7,0.0,0.0,3,100,6.3,77,17.385,78.4867
2025-11-29T12:00,25.9,39,26.0,0.0,0.0,3,100,5.7,77,17.385,78.4867
2025-11-29T13:00,26.7,37,26.9,0.0,0.0,3,100,5.6,73,17.385,78.4867
2025-11-29T14:00,27.0,36,26.4,0.0,0.0,3,100,5.6,83,17.385,78.4867
2025-11-29T15:00,26.9,37,26.2,0.0,0.0,3,98,6.6,81,17.385,78.4867
2025-11-29T16:00,26.5,38,25.7,0.0,0.0,3,100,7.8,71,17.385,78.4867
2025-11-29T17:00,25.6,42,24.9,0.0,0.0,3,95,8.2,81,17.385,78.4867
2025-11-29T18:00,25.1,45,24.5,0.0,0.0,3,100,8.4,75,17.385,78.4867
2025-11-29T19:00,23.9,50,23.3,0.0,0.0,3,100,9.5,53,17.385,78.4867
2025-11-29T20:00,22.8,53,22.3,0.0,0.0,3,87,9.0,38,17.385,78.4867
2025-11-29T21:00,22.0,55,21.4,0.0,0.0,3,100,9.8,30,17.385,78.4867
2025-11-29T22:00,21.5,57,21.0,0.0,0.0,3,100,8.7,27,17.385,78.4867
2025-11-29T23:00,20.8,60,20.4,0.0,0.0,3,100,7.8,29,17.385,78.4867
2025-11-30T00:00,20.4,60,19.9,0.0,0.0,3,100,8.5,24,17.385,78.4867
2025-11-30T01:00,20.1,60,19.6,0.0,0.0,3,100,8.0,25,17.385,78.4867
2025-11-30T02:00,19.6,60,18.9,0.0,0.0,3,100,7.7,24,17.385,78.4867
2025-11-30T03:00,19.5,59,18.9,0.0,0.0,3,100,6.7,34,17.385,78.4867
2025-11-30T04:00,19.5,59,18.9,0.0,0.0,3,100,6.2,41,17.385,78.4867
2025-11-30T05:00,19.2,61,18.7,0.0,0.0,3,100,6.3,51,17.385,78.4867
2025-11-30T06:00,19.4,61,19.1,0.0,0.0,3,100,5.4,64,17.385,78.4867
2025-11-30T07:00,19.5,61,19.4,0.0,0.0,3,94,4.6,59,17.385,78.4867
2025-11-30T08:00,21.0,55,20.8,0.0,0.0,1,41,4.5,40,17.385,78.4867
2025-11-30T09:00,23.4,47,22.9,0.0,0.0,2,79,6.2,44,17.385,78.4867
2025-11-30T10:00,25.1,43,25.0,0.0,0.0,2,62,6.8,65,17.385,78.4867
2025-11-30T11:00,26.1,44,27.0,0.0,0.0,3,100,7.1,74,17.385,78.4867
2025-11-30T12:00,26.1,44,26.2,0.0,0.0,3,97,5.5,77,17.385,78.4867
2025-11-30T13:00,26.9,42,26.9,0.0,0.0,3,100,6.5,90,17.385,78.4867
2025-11-30T14:00,26.6,42,26.6,0.0,0.0,2,77,5.8,86,17.385,78.4867
2025-11-30T15:00,26.5,43,26.1,0.0,0.0,3,100,8.3,76,17.385,78.4867
2025-11-30T16:00,25.6,47,25.3,0.0,0.0,3,100,9.6,70,17.385,78.4867
2025-11-30T17:00,25.0,50,25.1,0.0,0.0,3,100,7.1,63,17.385,78.4867
2025-11-30T18:00,24.7,51,24.9,0.0,0.0,3,93,7.4,58,17.385,78.4867
2025-11-30T19:00,24.0,55,24.0,0.0,0.0,3,80,9.1,56,17.385,78.4867
2025-11-30T20:00,23.1,58,23.3,0.0,0.0,2,79,8.4,62,17.385,78.4867
2025-11-30T21:00,22.1,63,22.3,0.0,0.0,2,71,9.4,58,17.385,78.4867
2025-11-30T22:00,21.6,65,22.0,0.0,0.0,3,99,7.5,55,17.385,78.4867
2025-11-30T23:00,21.6,65,22.3,0.0,0.0,3,100,5.8,36,17.385,78.4867
2025-12-01T00:00,21.5,66,22.3,0.0,0.0,2,78,5.4,50,17.385,78.4867
2025-12-01T01:00,20.9,69,21.6,0.0,0.0,2,51,7.0,77,17.385,78.4867
2025-12-01T02:00,20.3,73,21.2,0.0,0.0,3,100,5.9,55,17.385,78.4867
2025-12-01T03:00,20.0,75,21.0,0.0,0.0,3,100,5.8,54,17.385,78.4867
2025-12-01T04:00,19.8,76,20.6,0.0,0.0,3,100,6.4,68,17.385,78.4867
2025-12-01T05:00,19.6,78,20.5,0.0,0.0,2,62,6.6,73,17.385,78.4867
2025-12-01T06:00,19.5,75,20.2,0.0,0.0,3,92,5.9,38,17.385,78.4867
2025-12-01T07:00,19.7,72,20.5,0.2,0.2,51,63,4.1,41,17.385,78.4867
2025-12-01T08:00,20.7,65,21.1,0.0,0.0,3,89,5.6,59,17.385,78.4867
2025-12-01T09:00,22.3,57,22.7,0.0,0.0,3,96,4.4,71,17.385,78.4867
2025-12-01T10:00,23.5,53,23.8,0.0,0.0,2,50,5.3,55,17.385,78.4867
2025-12-01T11:00,25.4,51,26.6,0.0,0.0,0,17,6.5,58,17.385,78.4867
2025-12-01T12:00,26.5,49,28.2,0.0,0.0,0,4,7.2,78,17.385,78.4867
2025-12-01T13:00,27.2,47,28.9,0.0,0.0,0,3,7.0,89,17.385,78.4867
2025-12-01T14:00,28.0,43,29.0,0.0,0.0,1,24,6.1,92,17.385,78.4867
2025-12-01T15:00,28.3,40,28.5,0.0,0.0,1,27,6.0,93,17.385,78.4867
2025-12-01T16:00,28.2,39,28.0,0.0,0.0,1,34,7.7,78,17.385,78.4867
2025-12-01T17:00,27.0,47,27.2,0.0,0.0,2,59,9.0,92,17.385,78.4867
2025-12-01T18:00,26.0,52,26.2,0.0,0.0,0,2,10.1,102,17.385,78.4867
2025-12-01T19:00,25.0,55,25.7,0.0,0.0,0,0,8.0,96,17.385,78.4867
2025-12-01T20:00,24.3,58,25.2,0.0,0.0,0,0,6.7,84,17.385,78.4867
2025-12-01T21:00,23.6,60,24.4,0.0,0.0,0,0,7.0,69,17.385,78.4867
2025-12-01T22:00,22.8,63,23.6,0.0,0.0,0,0,6.6,64,17.385,78.4867
2025-12-01T23:00,21.8,70,22.9,0.0,0.0,0,0,6.1,87,17.385,78.4867
2025-12-02T00:00,21.4,71,22.6,0.0,0.0,0,0,6.2,83,17.385,78.4867
2025-12-02T01:00,20.8,74,22.0,0.0,0.0,0,0,5.9,90,17.385,78.4867
2025-12-02T02:00,20.3,77,21.6,0.0,0.0,0,2,5.8,85,17.385,78.4867
2025-12-02T03:00,19.9,80,21.4,0.0,0.0,0,10,4.9,82,17.385,78.4867
2025-12-02T04:00,19.6,83,21.3,0.0,0.0,1,35,4.1,77,17.385,78.4867
2025-12-02T05:00,19.0,87,21.0,0.0,0.0,0,5,2.4,36,17.385,78.4867
2025-12-02T06:00,19.3,85,21.3,0.0,0.0,0,0,2.7,82,17.385,78.4867
2025-12-02T07:00,19.8,84,22.1,0.0,0.0,0,0,1.0,45,17.385,78.4867
2025-12-02T08:00,21.6,76,23.8,0.0,0.0,0,0,2.7,70,17.385,78.4867
2025-12-02T09:00,23.6,65,25.2,0.0,0.0,0,0,5.1,63,17.385,78.4867
2025-12-02T10:00,25.4,56,27.0,0.0,0.0,0,2,6.5,60,17.385,78.4867
2025-12-02T11:00,27.4,48,29.1,0.0,0.0,2,55,7.8,46,17.385,78.4867
2025-12-02T12:00,28.8,43,30.2,0.0,0.0,3,100,7.6,54,17.385,78.4867
2025-12-02T13:00,28.8,43,29.1,0.0,0.0,3,98,9.0,64,17.385,78.4867
2025-12-02T14:00,28.8,43,29.1,0.0,0.0,3,99,9.0,67,17.385,78.4867
2025-12-02T15:00,28.5,43,28.7,0.0,0.0,3,99,9.2,67,17.385,78.4867
2025-12-02T16:00,28.3,43,28.5,0.0,0.0,3,100,8.3,72,17.385,78.4867
2025-12-02T17:00,27.2,47,27.1,0.0,0.0,3,100,11.0,49,17.385,78.4867
2025-12-02T18:00,26.5,48,26.2,0.0,0.0,3,100,12.4,50,17.385,78.4867
2025-12-02T19:00,25.5,52,25.3,0.0,0.0,0,14,11.8,52,17.385,78.4867
2025-12-02T20:00,24.3,56,24.4,0.0,0.0,1,37,10.5,61,17.385,78.4867
2025-12-02T21:00,23.7,58,24.1,0.0,0.0,3,100,8.6,68,17.385,78.4867
2025-12-02T22:00,23.9,56,24.3,0.0,0.0,3,100,7.6,68,17.385,78.4867
2025-12-02T23:00,22.9,60,23.4,0.0,0.0,0,1,7.0,55,17.385,78.4867
2025-12-03T00:00,22.4,60,22.8,0.0,0.0,0,13,6.4,63,17.385,78.4867
2025-12-03T01:00,21.9,60,22.1,0.0,0.0,0,1,6.8,58,17.385,78.4867
2025-12-03T02:00,21.3,61,21.4,0.0,0.0,1,20,7.2,84,17.385,78.4867
2025-12-03T03:00,20.9,63,20.9,0.0,0.0,1,21,7.8,86,17.385,78.4867
2025-12-03T04:00,20.6,65,20.6,0.0,0.0,0,0,7.7,72,17.385,78.4867
2025-12-03T05:00,20.5,69,20.9,0.0,0.0,0,11,7.3,70,17.385,78.4867
2025-12-03T06:00,20.3,70,20.6,0.0,0.0,0,0,7.9,77,17.385,78.4867
2025-12-03T07:00,20.3,70,20.7,0.0,0.0,0,0,7.4,84,17.385,78.4867
2025-12-03T08:00,21.6,67,22.4,0.0,0.0,0,1,6.1,67,17.385,78.4867
2025-12-03T09:00,23.2,65,24.3,0.0,0.0,0,16,7.2,84,17.385,78.4867
2025-12-03T10:00,24.9,58,26.2,0.0,0.0,0,16,7.6,82,17.385,78.4867
2025-12-03T11:00,26.5,54,28.4,0.0,0.0,0,14,8.5,72,17.385,78.4867
2025-12-03T12:00,28.2,47,30.0,0.0,0.0,2,52,8.2,61,17.385,78.4867
2025-12-03T13:00,28.5,46,29.5,0.0,0.0,2,59,8.2,71,17.385,78.4867
2025-12-03T14:00,28.2,47,28.6,0.0,0.0,1,34,10.2,73,17.385,78.4867
2025-12-03T15:00,28.0,46,28.5,0.0,0.0,1,35,8.7,72,17.385,78.4867
2025-12-03T16:00,27.9,46,28.5,0.0,0.0,3,100,8.3,92,17.385,78.4867
2025-12-03T17:00,26.7,49,27.1,0.0,0.0,1,41,8.7,63,17.385,78.4867
2025-12-03T18:00,26.5,50,26.8,0.0,0.0,0,10,8.9,54,17.385,78.4867
2025-12-03T19:00,25.8,52,26.3,0.0,0.0,3,91,8.9,56,17.385,78.4867
2025-12-03T20:00,25.0,56,25.7,0.0,0.0,2,71,8.2,75,17.385,78.4867
2025-12-03T21:00,24.1,61,24.8,0.0,0.0,0,14,8.7,63,17.385,78.4867
2025-12-03T22:00,23.1,65,23.7,0.0,0.0,2,65,9.9,65,17.385,78.4867
2025-12-03T23:00,22.5,70,23.5,0.0,0.0,3,92,8.6,79,17.385,78.4867
2025-12-04T00:00,22.1,76,23.8,0.0,0.0,2,71,6.9,70,17.385,78.4867
2025-12-04T01:00,21.7,78,23.5,0.0,0.0,3,100,6.2,64,17.385,78.4867
2025-12-04T02:00,21.4,78,23.1,0.0,0.0,3,95,6.2,69,17.385,78.4867
2025-12-04T03:00,21.1,79,22.8,0.0,0.0,2,77,6.0,69,17.385,78.4867
2025-12-04T04:00,20.8,80,22.4,0.0,0.0,3,92,6.2,73,17.385,78.4867
2025-12-04T05:00,21.0,69,21.7,0.0,0.0,3,94,7.2,68,17.385,78.4867
2025-12-04T06:00,20.9,67,21.3,0.0,0.0,2,64,7.3,65,17.385,78.4867
2025-12-04T07:00,21.1,65,21.5,0.0,0.0,1,22,6.6,74,17.385,78.4867
2025-12-04T08:00,22.4,60,22.6,0.0,0.0,1,45,7.7,81,17.385,78.4867
2025-12-04T09:00,23.8,63,24.9,0.0,0.0,3,93,7.6,87,17.385,78.4867
2025-12-04T10:00,25.7,59,26.8,0.0,0.0,2,52,9.4,91,17.385,78.4867
2025-12-04T11:00,26.5,57,28.0,0.0,0.0,3,100,7.1,84,17.385,78.4867
2025-12-04T12:00,26.8,57,28.3,0.0,0.0,1,25,7.4,77,17.385,78.4867
2025-12-04T13:00,27.8,52,29.3,0.1,0.1,51,25,7.4,76,17.385,78.4867
2025-12-04T14:00,28.4,50,30.1,0.0,0.0,1,34,6.7,74,17.385,78.4867
2025-12-04T15:00,28.3,50,29.6,0.0,0.0,1,36,7.1,69,17.385,78.4867
2025-12-04T16:00,27.7,51,28.8,0.0,0.0,2,55,8.3,89,17.385,78.4867
2025-12-04T17:00,27.2,51,28.2,0.0,0.0,2,73,7.1,99,17.385,78.4867
2025-12-04T18:00,26.8,53,27.9,0.0,0.0,2,65,6.9,113,17.385,78.4867
2025-12-04T19:00,26.1,56,27.5,0.0,0.0,1,47,6.7,87,17.385,78.4867
2025-12-04T20:00,25.3,58,26.5,0.0,0.0,1,42,7.3,81,17.385,78.4867
2025-12-04T21:00,24.6,58,25.1,0.0,0.0,3,100,9.3,77,17.385,78.4867
2025-12-04T22:00,23.6,61,24.3,0.0,0.0,3,99,8.4,70,17.385,78.4867
2025-12-04T23:00,22.5,69,23.7,0.0,0.0,3,99,7.0,77,17.385,78.4867
2025-12-05T00:00,22.1,70,23.3,0.0,0.0,3,96,6.5,71,17.385,78.4867
2025-12-05T01:00,21.6,71,22.7,0.0,0.0,3,100,6.6,55,17.385,78.4867
2025-12-05T02:00,21.3,70,22.2,0.0,0.0,3,80,6.3,53,17.385,78.4867
2025-12-05T03:00,20.8,69,21.3,0.0,0.0,2,50,6.8,55,17.385,78.4867
2025-12-05T04:00,20.4,64,20.4,0.0,0.0,3,98,6.9,65,17.385,78.4867
2025-12-05T05:00,19.7,66,19.7,0.0,0.0,3,92,7.2,72,17.385,78.4867
2025-12-05T06:00,19.7,62,19.4,0.0,0.0,3,90,7.3,67,17.385,78.4867
2025-12-05T07:00,20.0,57,19.4,0.0,0.0,3,93,6.1,62,17.385,78.4867
2025-12-05T08:00,21.6,48,20.8,0.0,0.0,3,92,5.7,66,17.385,78.4867
2025-12-05T09:00,23.7,41,22.6,0.0,0.0,3,100,6.9,70,17.385,78.4867
2025-12-05T10:00,25.4,39,24.3,0.0,0.0,3,98,8.4,70,17.385,78.4867
2025-12-05T11:00,26.6,42,26.8,0.0,0.0,3,99,9.7,61,17.385,78.4867
2025-12-05T12:00,27.5,40,28.1,0.0,0.0,3,100,9.2,57,17.385,78.4867
2025-12-05T13:00,28.0,39,28.4,0.0,0.0,1,45,9.0,57,17.385,78.4867
2025-12-05T14:00,28.2,38,28.1,0.0,0.0,3,100,9.6,60,17.385,78.4867
2025-12-05T15:00,27.9,38,27.2,0.0,0.0,3,100,10.1,55,17.385,78.4867
2025-12-05T16:00,27.2,40,26.4,0.0,0.0,3,100,10.8,47,17.385,78.4867
2025-12-05T17:00,26.5,42,25.5,0.0,0.0,3,100,11.6,48,17.385,78.4867
2025-12-05T18:00,25.7,43,24.7,0.0,0.0,3,100,10.9,45,17.385,78.4867
2025-12-05T19:00,24.6,46,23.8,0.0,0.0,3,94,10.6,48,17.385,78.4867
2025-12-05T20:00,23.6,49,22.9,0.0,0.0,0,7,9.6,40,17.385,78.4867
2025-12-05T21:00,22.7,52,22.1,0.0,0.0,0,0,9.1,30,17.385,78.4867
2025-12-05T22:00,21.8,55,21.3,0.0,0.0,0,0,7.9,33,17.385,78.4867
2025-12-05T23:00,20.8,60,20.6,0.0,0.0,0,5,6.9,39,17.385,78.4867
2025-12-06T00:00,20.4,60,20.1,0.0,0.0,0,9,7.5,44,17.385,78.4867
2025-12-06T01:00,19.9,61,19.4,0.0,0.0,0,0,8.1,43,17.385,78.4867
2025-12-06T02:00,19.5,60,18.7,0.0,0.0,1,25,8.3,46,17.385,78.4867
2025-12-06T03:00,19.1,59,18.2,0.0,0.0,2,65,8.4,37,17.385,78.4867
2025-12-06T04:00,18.7,60,17.7,0.0,0.0,1,28,7.8,40,17.385,78.4867
2025-12-06T05:00,18.0,64,17.4,0.0,0.0,0,0,6.5,87,17.385,78.4867
2025-12-06T06:00,17.9,66,17.5,0.0,0.0,0,0,5.4,69,17.385,78.4867
2025-12-06T07:00,18.1,66,17.9,0.0,0.0,0,0,4.4,78,17.385,78.4867
2025-12-06T08:00,19.8,57,19.4,0.0,0.0,0,0,4.3,66,17.385,78.4867
2025-12-06T09:00,22.1,47,21.3,0.0,0.0,0,0,5.5,71,17.385,78.4867
2025-12-06T10:00,24.3,39,23.7,0.0,0.0,0,5,6.1,62,17.385,78.4867
2025-12-06T11:00,25.8,37,26.1,0.0,0.0,0,0,6.0,65,17.385,78.4867
2025-12-06T12:00,27.1,34,27.7,0.0,0.0,1,38,5.8,68,17.385,78.4867
2025-12-06T13:00,28.0,32,28.3,0.0,0.0,2,71,5.8,70,17.385,78.4867
2025-12-06T14:00,28.3,32,28.0,0.0,0.0,2,54,6.2,75,17.385,78.4867
2025-12-06T15:00,28.3,32,27.3,0.0,0.0,2,74,6.9,70,17.385,78.4867
2025-12-06T16:00,27.7,34,26.6,0.0,0.0,3,98,7.9,66,17.385,78.4867
2025-12-06T17:00,26.9,37,25.9,0.0,0.0,3,96,8.7,73,17.385,78.4867
2025-12-06T18:00,26.1,41,25.3,0.0,0.0,3,100,8.9,61,17.385,78.4867
2025-12-06T19:00,24.9,46,24.3,0.0,0.0,3,100,9.2,48,17.385,78.4867
2025-12-06T20:00,23.8,49,23.3,0.0,0.0,3,100,8.3,51,17.385,78.4867
2025-12-06T21:00,22.9,51,22.7,0.0,0.0,3,100,6.6,73,17.385,78.4867
2025-12-06T22:00,22.3,53,22.0,0.0,0.0,3,100,6.2,80,17.385,78.4867
2025-12-06T23:00,21.5,57,21.4,0.0,0.0,3,100,5.4,70,17.385,78.4867
2025-12-07T00:00,21.0,58,20.8,0.0,0.0,3,100,5.9,59,17.385,78.4867
2025-12-07T01:00,20.4,59,20.2,0.0,0.0,3,100,5.8,56,17.385,78.4867
2025-12-07T02:00,20.0,59,19.6,0.0,0.0,3,100,6.6,53,17.385,78.4867
2025-12-07T03:00,19.5,60,18.9,0.0,0.0,3,100,7.2,53,17.385,78.4867
2025-12-07T04:00,19.2,61,18.6,0.0,0.0,3,100,7.3,54,17.385,78.4867
2025-12-07T05:00,18.9,62,18.5,0.0,0.0,1,42,5.9,55,17.385,78.4867
2025-12-07T06:00,18.8,63,18.3,0.0,0.0,3,89,6.4,54,17.385,78.4867
2025-12-07T07:00,19.1,62,18.8,0.0,0.0,3,100,5.4,56,17.385,78.4867
2025-12-07T08:00,20.6,56,20.3,0.0,0.0,3,99,4.4,60,17.385,78.4867
2025-12-07T09:00,23.1,45,22.3,0.0,0.0,0,10,6.3,70,17.385,78.4867
2025-12-07T10:00,25.1,39,24.4,0.0,0.0,3,100,7.7,72,17.385,78.4867
2025-12-07T11:00,26.7,38,27.1,0.0,0.0,3,99,6.9,57,17.385,78.4867
2025-12-07T12:00,28.1,33,28.6,0.0,0.0,2,54,6.3,55,17.385,78.4867
2025-12-07T13:00,28.9,30,28.9,0.0,0.0,1,41,7.1,54,17.385,78.4867
2025-12-07T14:00,29.1,29,28.3,0.0,0.0,2,77,7.9,51,17.385,78.4867
2025-12-07T15:00,29.0,28,27.3,0.0,0.0,3,98,8.5,42,17.385,78.4867
2025-12-07T16:00,28.3,28,26.2,0.0,0.0,1,35,10.2,42,17.385,78.4867
2025-12-07T17:00,27.2,30,25.2,0.0,0.0,1,34,10.6,51,17.385,78.4867
2025-12-07T18:00,26.0,35,24.3,0.0,0.0,0,5,10.4,51,17.385,78.4867
2025-12-07T19:00,24.6,39,23.1,0.0,0.0,0,0,9.8,49,17.385,78.4867
2025-12-07T20:00,23.6,41,22.1,0.0,0.0,0,0,9.3,43,17.385,78.4867
2025-12-07T21:00,22.7,43,21.3,0.0,0.0,0,0,8.5,46,17.385,78.4867
2025-12-07T22:00,21.8,44,20.6,0.0,0.0,0,1,6.7,74,17.385,78.4867
2025-12-07T23:00,20.5,48,19.5,0.0,0.0,0,0,5.0,92,17.385,78.4867
2025-12-08T00:00,19.9,50,18.9,0.0,0.0,0,0,5.4,86,17.385,78.4867
2025-12-08T01:00,19.3,52,18.4,0.0,0.0,0,0,4.6,64,17.385,78.4867
2025-12-08T02:00,18.9,54,18.1,0.0,0.0,0,0,4.1,29,17.385,78.4867
2025-12-08T03:00,18.4,56,17.5,0.0,0.0,0,0,4.7,358,17.385,78.4867
2025-12-08T04:00,17.9,57,17.0,0.0,0.0,0,0,4.9,354,17.385,78.4867
2025-12-08T05:00,17.3,60,16.5,0.0,0.0,0,0,4.9,4,17.385,78.4867
2025-12-08T06:00,17.4,59,16.3,0.0,0.0,0,1,6.3,358,17.385,78.4867
2025-12-08T07:00,17.7,59,16.7,0.0,0.0,0,2,6.4,352,17.385,78.4867
2025-12-08T08:00,19.9,50,19.0,0.0,0.0,0,7,4.0,5,17.385,78.4867
2025-12-08T09:00,22.9,39,21.7,0.0,0.0,1,21,4.3,33,17.385,78.4867
2025-12-08T10:00,25.1,32,23.8,0.0,0.0,1,32,6.3,53,17.385,78.4867
2025-12-08T11:00,26.8,28,26.0,0.0,0.0,1,34,7.1,49,17.385,78.4867
2025-12-08T12:00,28.0,25,27.3,0.0,0.0,1,38,8.1,47,17.385,78.4867
2025-12-08T13:00,28.7,23,27.4,0.0,0.0,2,64,8.9,47,17.385,78.4867
2025-12-08T14:00,28.9,22,26.8,0.0,0.0,1,48,9.8,47,17.385,78.4867
2025-12-08T15:00,28.4,23,25.7,0.0,0.0,2,54,10.4,44,17.385,78.4867
2025-12-08T16:00,27.6,24,24.8,0.0,0.0,2,77,11.1,42,17.385,78.4867
2025-12-08T17:00,26.3,29,23.9,0.0,0.0,2,61,10.2,44,17.385,78.4867
2025-12-08T18:00,25.2,32,22.9,0.0,0.0,0,0,10.2,42,17.385,78.4867
2025-12-08T19:00,23.8,34,21.5,0.0,0.0,0,1,10.1,39,17.385,78.4867
2025-12-08T20:00,22.7,35,20.3,0.0,0.0,0,1,9.8,43,17.385,78.4867
2025-12-08T21:00,21.9,35,19.5,0.0,0.0,0,10,9.0,44,17.385,78.4867
2025-12-08T22:00,21.0,37,18.7,0.0,0.0,1,25,7.8,44,17.385,78.4867
2025-12-08T23:00,19.9,40,17.9,0.0,0.0,0,5,6.9,47,17.385,78.4867
2025-12-09T00:00,19.4,42,17.2,0.0,0.0,1,21,8.0,54,17.385,78.4867
2025-12-09T01:00,19.0,44,17.1,0.0,0.0,1,25,6.9,53,17.385,78.4867
2025-12-09T02:00,18.7,47,17.0,0.0,0.0,0,1,6.4,40,17.385,78.4867
2025-12-09T03:00,18.3,50,16.6,0.0,0.0,0,5,7.0,40,17.385,78.4867
2025-12-09T04:00,18.0,52,16.3,0.0,0.0,0,0,7.8,32,17.385,78.4867
2025-12-09T05:00,17.5,56,16.2,0.0,0.0,0,0,6.5,34,17.385,78.4867
2025-12-09T06:00,17.9,53,16.3,0.0,0.0,0,0,7.5,27,17.385,78.4867
2025-12-09T07:00,18.4,49,16.6,0.0,0.0,0,0,7.7,28,17.385,78.4867
2025-12-09T08:00,20.5,41,19.0,0.0,0.0,0,0,4.8,34,17.385,78.4867
2025-12-09T09:00,23.4,32,21.5,0.0,0.0,0,0,5.9,52,17.385,78.4867
2025-12-09T10:00,25.9,23,23.4,0.0,0.0,0,9,10.0,56,17.385,78.4867
2025-12-09T11:00,27.4,18,24.9,0.0,0.0,0,0,11.8,64,17.385,78.4867
2025-12-09T12:00,28.4,17,26.0,0.0,0.0,0,0,12.3,65,17.385,78.4867
2025-12-09T13:00,28.8,17,26.3,0.0,0.0,0,0,12.5,60,17.385,78.4867
2025-12-09T14:00,28.7,18,25.7,0.0,0.0,0,0,12.8,51,17.385,78.4867
2025-12-09T15:00,28.1,20,24.5,0.0,0.0,0,0,13.2,45,17.385,78.4867
2025-12-09T16:00,27.0,23,23.6,0.0,0.0,0,0,13.5,42,17.385,78.4867
2025-12-09T17:00,26.0,26,23.2,0.0,0.0,0,0,10.9,39,17.385,78.4867
2025-12-09T18:00,24.8,29,22.3,0.0,0.0,0,0,10.1,40,17.385,78.4867
2025-12-09T19:00,23.6,32,21.3,0.0,0.0,0,0,8.9,40,17.385,78.4867
2025-12-09T20:00,22.5,34,20.1,0.0,0.0,0,0,9.2,31,17.385,78.4867
2025-12-09T21:00,21.7,36,19.3,0.0,0.0,0,0,9.7,31,17.385,78.4867
2025-12-09T22:00,21.1,38,18.8,0.0,0.0,0,0,9.3,37,17.385,78.4867
2025-12-09T23:00,20.5,41,18.5,0.0,0.0,0,0,7.6,36,17.385,78.4867
2025-12-10T00:00,20.1,43,18.2,0.0,0.0,0,0,7.8,37,17.385,78.4867
2025-12-10T01:00,19.5,46,17.7,0.0,0.0,0,0,7.5,33,17.385,78.4867
2025-12-10T02:00,19.0,47,17.3,0.0,0.0,0,0,7.1,36,17.385,78.4867
2025-12-10T03:00,18.7,48,17.0,0.0,0.0,0,0,6.9,33,17.385,78.4867
2025-12-10T04:00,18.2,48,16.4,0.0,0.0,0,0,7.2,32,17.385,78.4867
2025-12-10T05:00,17.6,50,15.9,0.0,0.0,0,0,6.4,36,17.385,78.4867
2025-12-10T06:00,17.7,49,15.8,0.0,0.0,0,0,7.0,44,17.385,78.4867
2025-12-10T07:00,18.1,46,16.0,0.0,0.0,0,0,8.2,36,17.385,78.4867
2025-12-10T08:00,20.0,41,18.1,0.0,0.0,0,0,6.2,54,17.385,78.4867
2025-12-10T09:00,22.7,35,20.6,0.0,0.0,0,0,7.7,51,17.385,78.4867
2025-12-10T10:00,25.0,29,22.8,0.0,0.0,0,0,11.3,59,17.385,78.4867
2025-12-10T11:00,26.7,24,24.6,0.0,0.0,0,0,12.3,63,17.385,78.4867
2025-12-10T12:00,27.7,21,25.9,0.0,0.0,0,0,11.5,63,17.385,78.4867
2025-12-10T13:00,28.3,19,26.4,0.0,0.0,0,0,10.5,63,17.385,78.4867
2025-12-10T14:00,28.6,18,26.1,0.0,0.0,0,0,10.3,59,17.385,78.4867
2025-12-10T15:00,28.4,19,25.1,0.0,0.0,0,0,10.5,52,17.385,78.4867
2025-12-10T16:00,27.5,21,24.2,0.0,0.0,0,0,11.3,43,17.385,78.4867
2025-12-10T17:00,26.3,25,23.5,0.0,0.0,0,9,10.2,37,17.385,78.4867
2025-12-10T18:00,25.1,29,22.6,0.0,0.0,1,41,9.8,36,17.385,78.4867
2025-12-10T19:00,23.7,32,21.3,0.0,0.0,2,54,9.5,36,17.385,78.4867
2025-12-10T20:00,22.6,35,20.4,0.0,0.0,1,47,8.8,33,17.385,78.4867
2025-12-10T21:00,21.7,37,19.6,0.0,0.0,1,33,7.9,27,17.385,78.4867
2025-12-10T22:00,21.0,38,18.8,0.0,0.0,1,48,8.4,28,17.385,78.4867
2025-12-10T23:00,20.1,42,18.0,0.0,0.0,0,0,8.1,31,17.385,78.4867
2025-12-11T00:00,19.5,42,17.3,0.0,0.0,0,0,8.6,30,17.385,78.4867
2025-12-11T01:00,18.9,43,16.7,0.0,0.0,0,1,8.3,27,17.385,78.4867
2025-12-11T02:00,18.4,46,16.4,0.0,0.0,0,10,8.0,28,17.385,78.4867
2025-12-11T03:00,18.0,48,16.0,0.0,0.0,2,56,7.7,24,17.385,78.4867
2025-12-11T04:00,17.4,50,15.6,0.0,0.0,2,63,7.2,13,17.385,78.4867
2025-12-11T05:00,16.9,54,15.3,0.0,0.0,1,46,6.2,12,17.385,78.4867
2025-12-11T06:00,16.8,52,15.1,0.0,0.0,0,7,6.0,17,17.385,78.4867
2025-12-11T07:00,17.3,48,15.3,0.0,0.0,0,0,6.6,16,17.385,78.4867
2025-12-11T08:00,19.2,40,17.5,0.0,0.0,0,0,4.0,39,17.385,78.4867
2025-12-11T09:00,22.0,30,19.8,0.0,0.0,0,0,5.0,49,17.385,78.4867
2025-12-11T10:00,24.4,21,22.0,0.0,0.0,0,0,6.9,51,17.385,78.4867
2025-12-11T11:00,26.2,18,24.4,0.0,0.0,0,0,7.0,55,17.385,78.4867
2025-12-11T12:00,27.3,16,25.7,0.0,0.0,0,0,6.8,55,17.385,78.4867
2025-12-11T13:00,28.0,15,26.1,0.0,0.0,0,0,6.8,53,17.385,78.4867
2025-12-11T14:00,28.3,13,25.7,0.0,0.0,0,0,6.8,48,17.385,78.4867
2025-12-11T15:00,28.1,13,24.5,0.0,0.0,0,0,6.9,49,17.385,78.4867
2025-12-11T16:00,27.5,14,23.9,0.0,0.0,0,0,7.7,41,17.385,78.4867
2025-12-11T17:00,26.3,17,22.8,0.0,0.0,0,0,7.9,47,17.385,78.4867
2025-12-11T18:00,25.1,21,21.8,0.0,0.0,0,0,9.1,39,17.385,78.4867
2025-12-11T19:00,23.5,26,20.4,0.0,0.0,0,0,9.9,38,17.385,78.4867
2025-12-11T20:00,22.3,29,19.4,0.0,0.0,0,0,9.1,34,17.385,78.4867
2025-12-11T21:00,21.2,32,18.4,0.0,0.0,0,0,8.8,26,17.385,78.4867
2025-12-11T22:00,20.4,34,17.8,0.0,0.0,0,0,8.5,27,17.385,78.4867
2025-12-11T23:00,19.3,40,17.1,0.0,0.0,0,0,6.9,28,17.385,78.4867
2025-12-12T00:00,18.9,42,16.7,0.0,0.0,0,0,7.3,33,17.385,78.4867
2025-12-12T01:00,18.4,43,16.4,0.0,0.0,0,0,6.1,32,17.385,78.4867
2025-12-12T02:00,17.7,46,16.1,0.0,0.0,0,0,4.0,36,17.385,78.4867
2025-12-12T03:00,16.9,54,16.0,0.0,0.0,0,0,1.7,32,17.385,78.4867
2025-12-12T04:00,16.5,56,15.7,0.0,0.0,0,0,0.9,307,17.385,78.4867
2025-12-12T05:00,15.2,59,14.0,0.0,0.0,0,0,3.4,328,17.385,78.4867
2025-12-12T06:00,15.9,53,14.3,0.0,0.0,0,0,4.5,331,17.385,78.4867
2025-12-12T07:00,16.3,52,14.6,0.0,0.0,0,0,5.3,352,17.385,78.4867
2025-12-12T08:00,18.7,44,17.4,0.0,0.0,0,0,2.6,39,17.385,78.4867
2025-12-12T09:00,21.9,34,20.1,0.0,0.0,0,0,3.9,53,17.385,78.4867
2025-12-12T10:00,24.2,26,22.3,0.0,0.0,0,0,6.3,51,17.385,78.4867
2025-12-12T11:00,25.7,22,24.4,0.0,0.0,0,0,6.2,41,17.385,78.4867
2025-12-12T12:00,27.1,18,25.8,0.0,0.0,0,0,6.4,36,17.385,78.4867
2025-12-12T13:00,27.9,17,26.3,0.0,0.0,0,0,6.4,40,17.385,78.4867
2025-12-12T14:00,28.2,17,26.1,0.0,0.0,0,0,6.3,51,17.385,78.4867
2025-12-12T15:00,28.0,17,25.0,0.0,0.0,0,0,6.8,61,17.385,78.4867
2025-12-12T16:00,27.5,19,24.4,0.0,0.0,0,0,7.8,61,17.385,78.4867
2025-12-12T17:00,26.6,21,23.7,0.0,0.0,0,0,7.4,61,17.385,78.4867
2025-12-12T18:00,25.4,24,22.5,0.0,0.0,0,0,8.6,51,17.385,78.4867
2025-12-12T19:00,24.0,29,21.4,0.0,0.0,0,0,8.6,49,17.385,78.4867
2025-12-12T20:00,22.8,33,20.4,0.0,0.0,0,0,8.8,43,17.385,78.4867
2025-12-12T21:00,21.8,36,19.5,0.0,0.0,0,0,8.5,48,17.385,78.4867
2025-12-12T22:00,20.9,38,18.8,0.0,0.0,0,0,7.7,49,17.385,78.4867
2025-12-12T23:00,20.1,42,18.5,0.0,0.0,0,0,5.1,54,17.385,78.4867
2025-12-13T00:00,19.4,44,17.9,0.0,0.0,0,0,4.6,54,17.385,78.4867
2025-12-13T01:00,18.3,54,17.7,0.0,0.0,0,0,2.4,42,17.385,78.4867
2025-12-13T02:00,17.8,58,17.5,0.0,0.0,0,0,0.9,360,17.385,78.4867
2025-12-13T03:00,17.2,59,16.7,0.0,0.0,0,0,1.0,329,17.385,78.4867
2025-12-13T04:00,16.5,61,16.1,0.0,0.0,0,0,1.0,338,17.385,78.4867
2025-12-13T05:00,15.1,73,15.0,0.0,0.0,0,0,1.8,336,17.385,78.4867
2025-12-13T06:00,15.4,69,15.1,0.0,0.0,0,0,1.5,346,17.385,78.4867
2025-12-13T07:00,16.3,61,15.5,0.0,0.0,0,0,2.9,349,17.385,78.4867
2025-12-13T08:00,18.9,49,17.9,0.0,0.0,0,0,2.5,21,17.385,78.4867
2025-12-13T09:00,21.7,39,20.5,0.0,0.0,0,0,3.2,90,17.385,78.4867
2025-12-13T10:00,23.8,33,22.6,0.0,0.0,0,0,5.1,94,17.385,78.4867
2025-12-13T11:00,25.1,29,24.8,0.0,0.0,0,0,4.3,90,17.385,78.4867
2025-12-13T12:00,26.7,26,26.7,0.0,0.0,0,0,3.2,71,17.385,78.4867
2025-12-13T13:00,27.7,24,27.5,0.0,0.0,0,0,3.6,60,17.385,78.4867
2025-12-13T14:00,28.2,23,27.2,0.0,0.0,0,0,4.3,57,17.385,78.4867
2025-12-13T15:00,28.3,23,26.3,0.0,0.0,0,0,5.3,57,17.385,78.4867
2025-12-13T16:00,27.8,24,25.5,0.0,0.0,0,0,7.5,55,17.385,78.4867
2025-12-13T17:00,27.1,26,25.0,0.0,0.0,0,0,7.5,55,17.385,78.4867
2025-12-13T18:00,26.1,30,24.1,0.0,0.0,0,0,7.9,45,17.385,78.4867
2025-12-13T19:00,24.6,35,22.7,0.0,0.0,0,0,9.2,50,17.385,78.4867
2025-12-13T20:00,23.3,39,21.6,0.0,0.0,0,0,8.2,54,17.385,78.4867
2025-12-13T21:00,22.4,40,20.9,0.0,0.0,0,0,7.4,51,17.385,78.4867
2025-12-13T22:00,21.7,42,20.0,0.0,0.0,0,0,8.2,54,17.385,78.4867
2025-12-13T23:00,20.5,48,19.2,0.0,0.0,0,0,6.6,69,17.385,78.4867
2025-12-14T00:00,19.8,50,18.7,0.0,0.0,0,0,6.5,67,17.385,78.4867
2025-12-14T01:00,19.2,52,18.1,0.0,0.0,0,0,5.9,59,17.385,78.4867
2025-12-14T02:00,18.7,55,18.0,0.0,0.0,0,0,3.6,84,17.385,78.4867
2025-12-14T03:00,17.8,61,17.4,0.0,0.0,0,0,3.0,76,17.385,78.4867
2025-12-14T04:00,17.6,60,16.7,0.0,0.0,0,0,5.8,90,17.385,78.4867
2025-12-14T05:00,16.4,67,15.9,0.0,0.0,0,0,4.0,85,17.385,78.4867
2025-12-14T06:00,16.6,66,16.0,0.0,0.0,0,0,3.9,74,17.385,78.4867
2025-12-14T07:00,16.6,67,16.1,0.0,0.0,0,0,3.8,79,17.385,78.4867
2025-12-14T08:00,18.7,59,18.5,0.0,0.0,0,0,2.3,86,17.385,78.4867
2025-12-14T09:00,21.4,53,21.3,0.0,0.0,0,0,3.1,103,17.385,78.4867
2025-12-14T10:00,23.5,46,23.6,0.0,0.0,0,0,4.9,100,17.385,78.4867
2025-12-14T11:00,25.3,35,25.5,0.0,0.0,0,0,4.9,88,17.385,78.4867
2025-12-14T12:00,26.8,29,27.0,0.0,0.0,0,3,4.7,74,17.385,78.4867
2025-12-14T13:00,27.7,26,27.4,0.0,0.0,0,0,5.2,65,17.385,78.4867
2025-12-14T14:00,28.2,25,27.1,0.0,0.0,0,0,5.8,64,17.385,78.4867
2025-12-14T15:00,28.3,25,26.2,0.0,0.0,0,12,7.2,68,17.385,78.4867
2025-12-14T16:00,27.7,26,25.5,0.0,0.0,3,86,8.5,65,17.385,78.4867
2025-12-14T17:00,26.7,29,24.9,0.0,0.0,3,88,7.0,72,17.385,78.4867
2025-12-14T18:00,25.9,31,24.2,0.0,0.0,1,39,7.5,66,17.385,78.4867
2025-12-14T19:00,24.8,36,23.3,0.0,0.0,0,0,7.5,63,17.385,78.4867
2025-12-14T20:00,23.6,41,22.4,0.0,0.0,0,0,7.5,53,17.385,78.4867
2025-12-14T21:00,22.4,46,21.6,0.0,0.0,0,0,6.1,67,17.385,78.4867
2025-12-14T22:00,21.6,49,21.0,0.0,0.0,0,0,4.2,100,17.385,78.4867
2025-12-14T23:00,20.3,55,19.9,0.0,0.0,0,0,4.6,101,17.385,78.4867
2025-12-15T00:00,19.9,56,19.5,0.0,0.0,0,0,4.6,77,17.385,78.4867
2025-12-15T01:00,19.2,59,18.8,0.0,0.0,0,0,4.5,47,17.385,78.4867
2025-12-15T02:00,18.6,60,18.1,0.0,0.0,0,0,4.8,34,17.385,78.4867
2025-12-15T03:00,18.1,60,17.4,0.0,0.0,0,0,5.1,45,17.385,78.4867
2025-12-15T04:00,17.7,60,17.1,0.0,0.0,0,0,3.9,66,17.385,78.4867
2025-12-15T05:00,16.7,70,16.6,0.0,0.0,0,0,3.3,61,17.385,78.4867
2025-12-15T06:00,17.3,65,16.7,0.0,0.0,0,19,5.2,88,17.385,78.4867
2025-12-15T07:00,17.3,66,16.7,0.0,0.0,1,20,5.2,84,17.385,78.4867
2025-12-15T08:00,18.8,62,18.5,0.0,0.0,0,11,4.0,80,17.385,78.4867
2025-12-15T09:00,21.0,58,21.0,0.0,0.0,0,0,4.5,95,17.385,78.4867
2025-12-15T10:00,23.1,51,23.4,0.0,0.0,0,0,5.8,99,17.385,78.4867
2025-12-15T11:00,24.6,43,25.3,0.0,0.0,0,11,5.6,92,17.385,78.4867
2025-12-15T12:00,26.0,37,26.9,0.0,0.0,0,0,5.0,88,17.385,78.4867
2025-12-15T13:00,27.0,33,27.4,0.0,0.0,0,0,5.1,84,17.385,78.4867
2025-12-15T14:00,27.6,29,27.1,0.0,0.0,0,0,5.5,81,17.385,78.4867
2025-12-15T15:00,27.7,29,26.2,0.0,0.0,0,0,6.6,74,17.385,78.4867
2025-12-15T16:00,27.1,31,25.5,0.0,0.0,0,0,8.3,74,17.385,78.4867
2025-12-15T17:00,25.9,35,24.5,0.0,0.0,0,0,7.9,78,17.385,78.4867
2025-12-15T18:00,25.3,38,24.1,0.0,0.0,0,0,7.9,69,17.385,78.4867
2025-12-15T19:00,24.3,41,23.1,0.0,0.0,0,0,8.3,77,17.385,78.4867
2025-12-15T20:00,23.0,46,22.1,0.0,0.0,0,0,7.9,70,17.385,78.4867
2025-12-15T21:00,21.7,53,21.2,0.0,0.0,0,0,6.8,68,17.385,78.4867
2025-12-15T22:00,20.8,57,20.6,0.0,0.0,0,0,5.6,86,17.385,78.4867
2025-12-15T23:00,19.8,60,19.5,0.0,0.0,0,0,5.8,74,17.385,78.4867
2025-12-16T00:00,19.5,60,19.1,0.0,0.0,0,0,5.8,64,17.385,78.4867
2025-12-16T01:00,18.9,62,18.5,0.0,0.0,0,0,5.7,66,17.385,78.4867
2025-12-16T02:00,18.3,64,17.9,0.0,0.0,0,0,5.4,64,17.385,78.4867
2025-12-16T03:00,17.9,65,17.5,0.0,0.0,0,0,4.9,57,17.385,78.4867
2025-12-16T04:00,17.6,66,17.1,0.0,0.0,3,83,6.0,44,17.385,78.4867
2025-12-16T05:00,17.0,70,16.8,0.0,0.0,1,26,4.3,45,17.385,78.4867
2025-12-16T06:00,17.2,69,16.8,0.0,0.0,0,0,5.9,55,17.385,78.4867
2025-12-16T07:00,17.3,69,16.9,0.0,0.0,0,0,6.3,85,17.385,78.4867
2025-12-16T08:00,18.9,62,18.7,0.0,0.0,0,0,4.6,77,17.385,78.4867
2025-12-16T09:00,21.1,53,20.5,0.0,0.0,0,0,6.5,82,17.385,78.4867
2025-12-16T10:00,23.2,45,22.6,0.0,0.0,0,0,8.0,84,17.385,78.4867
2025-12-16T11:00,24.8,38,24.7,0.0,0.0,0,0,7.6,89,17.385,78.4867
2025-12-16T12:00,26.4,31,26.3,0.0,0.0,0,0,7.2,96,17.385,78.4867
2025-12-16T13:00,27.3,29,27.0,0.0,0.0,0,0,7.1,100,17.385,78.4867
2025-12-16T14:00,27.8,28,27.0,0.0,0.0,0,0,6.5,104,17.385,78.4867
2025-12-16T15:00,27.9,28,26.3,0.0,0.0,0,0,6.4,108,17.385,78.4867
2025-12-16T16:00,27.4,29,25.8,0.0,0.0,0,0,7.1,106,17.385,78.4867
2025-12-16T17:00,26.1,36,24.9,0.0,0.0,0,0,7.7,106,17.385,78.4867
2025-12-16T18:00,25.3,40,24.4,0.0,0.0,0,0,7.9,111,17.385,78.4867
2025-12-16T19:00,24.1,48,23.6,0.0,0.0,0,0,7.8,132,17.385,78.4867
2025-12-16T20:00,22.9,55,22.9,0.0,0.0,0,0,6.7,142,17.385,78.4867
2025-12-16T21:00,22.0,60,22.4,0.0,0.0,0,0,5.5,134,17.385,78.4867
2025-12-16T22:00,21.1,64,21.7,0.0,0.0,0,9,4.2,144,17.385,78.4867
2025-12-16T23:00,19.7,75,21.2,0.0,0.0,2,52,1.6,186,17.385,78.4867
2025-12-17T00:00,19.8,76,21.4,0.0,0.0,2,52,0.9,270,17.385,78.4867
2025-12-17T01:00,19.4,74,20.3,0.0,0.0,2,56,3.7,349,17.385,78.4867
2025-12-17T02:00,18.8,76,19.4,0.0,0.0,0,2,5.6,7,17.385,78.4867
2025-12-17T03:00,18.3,76,18.8,0.0,0.0,0,0,5.5,9,17.385,78.4867
2025-12-17T04:00,18.0,74,18.1,0.0,0.0,0,0,5.7,18,17.385,78.4867
2025-12-17T05:00,17.7,74,18.0,0.0,0.0,0,0,5.0,30,17.385,78.4867
2025-12-17T06:00,18.0,69,17.7,0.0,0.0,0,0,6.2,33,17.385,78.4867
2025-12-17T07:00,18.2,67,17.8,0.0,0.0,0,0,6.8,40,17.385,78.4867
2025-12-17T08:00,20.3,58,20.2,0.0,0.0,0,0,4.5,40,17.385,78.4867
2025-12-17T09:00,23.0,46,22.3,0.0,0.0,0,5,6.0,44,17.385,78.4867
2025-12-17T10:00,24.8,39,24.3,0.0,0.0,0,14,5.9,52,17.385,78.4867
2025-12-17T11:00,26.0,36,26.4,0.0,0.0,0,0,4.9,62,17.385,78.4867
2025-12-17T12:00,27.5,30,28.0,0.0,0.0,0,0,4.3,73,17.385,78.4867
2025-12-17T13:00,28.6,26,28.6,0.0,0.0,0,13,4.5,74,17.385,78.4867
2025-12-17T14:00,29.2,24,28.4,0.0,0.0,0,2,4.8,70,17.385,78.4867
2025-12-17T15:00,29.2,23,27.3,0.0,0.0,0,0,5.9,67,17.385,78.4867
2025-12-17T16:00,28.7,24,26.5,0.0,0.0,0,0,8.0,59,17.385,78.4867
2025-12-17T17:00,27.5,28,25.6,0.0,0.0,0,1,7.8,56,17.385,78.4867
2025-12-17T18:00,26.3,32,24.7,0.0,0.0,0,0,8.1,47,17.385,78.4867
2025-12-17T19:00,24.8,38,23.3,0.0,0.0,0,0,9.2,40,17.385,78.4867
2025-12-17T20:00,23.3,43,22.1,0.0,0.0,0,0,8.3,42,17.385,78.4867
2025-12-17T21:00,22.2,46,21.1,0.0,0.0,0,0,7.8,44,17.385,78.4867
2025-12-17T22:00,21.6,47,20.5,0.0,0.0,0,0,7.0,40,17.385,78.4867
2025-12-17T23:00,19.9,56,19.6,0.0,0.0,0,0,3.8,41,17.385,78.4867
2025-12-18T00:00,20.0,54,19.4,0.0,0.0,0,0,4.7,40,17.385,78.4867
2025-12-18T01:00,19.3,56,18.8,0.0,0.0,0,0,4.1,34,17.385,78.4867
2025-12-18T02:00,18.5,60,18.2,0.0,0.0,0,0,3.3,22,17.385,78.4867
2025-12-18T03:00,17.9,64,17.6,0.0,0.0,0,0,3.8,11,17.385,78.4867
2025-12-18T04:00,17.4,65,16.8,0.0,0.0,0,0,5.2,6,17.385,78.4867
2025-12-18T05:00,17.2,62,16.1,0.0,0.0,0,0,7.1,16,17.385,78.4867
2025-12-18T06:00,17.3,58,15.8,0.0,0.0,0,0,8.2,19,17.385,78.4867
2025-12-18T07:00,17.6,57,16.1,0.0,0.0,0,0,8.4,23,17.385,78.4867
2025-12-18T08:00,19.5,52,18.4,0.0,0.0,0,0,5.7,28,17.385,78.4867
2025-12-18T09:00,22.3,43,21.2,0.0,0.0,0,0,5.1,45,17.385,78.4867
2025-12-18T10:00,24.9,33,23.6,0.0,0.0,0,0,7.3,46,17.385,78.4867
2025-12-18T11:00,26.6,27,25.5,0.0,0.0,0,0,9.1,56,17.385,78.4867
2025-12-18T12:00,28.0,22,26.7,0.0,0.0,0,0,8.9,48,17.385,78.4867
2025-12-18T13:00,28.7,19,27.0,0.0,0.0,0,0,8.9,42,17.385,78.4867
2025-12-18T14:00,29.0,18,26.6,0.0,0.0,0,0,9.1,36,17.385,78.4867
2025-12-18T15:00,28.7,17,25.3,0.0,0.0,0,0,9.6,30,17.385,78.4867
2025-12-18T16:00,27.9,18,24.5,0.0,0.0,0,0,10.3,27,17.385,78.4867
2025-12-18T17:00,26.9,22,24.1,0.0,0.0,0,0,8.4,25,17.385,78.4867
2025-12-18T18:00,25.7,27,23.3,0.0,0.0,0,0,8.3,24,17.385,78.4867
2025-12-18T19:00,24.5,31,22.4,0.0,0.0,0,0,7.5,30,17.385,78.4867
2025-12-18T20:00,23.3,35,21.5,0.0,0.0,0,0,7.0,44,17.385,78.4867
2025-12-18T21:00,22.4,37,20.5,0.0,0.0,0,1,7.3,30,17.385,78.4867
2025-12-18T22:00,21.7,38,19.8,0.0,0.0,0,18,7.0,23,17.385,78.4867
2025-12-18T23:00,20.4,44,18.9,0.0,0.0,1,26,6.5,23,17.385,78.4867
2025-12-19T00:00,19.7,47,18.0,0.0,0.0,0,9,8.1,29,17.385,78.4867
2025-12-19T01:00,19.1,49,17.3,0.0,0.0,0,14,8.6,26,17.385,78.4867
2025-12-19T02:00,18.5,51,16.7,0.0,0.0,3,90,8.6,20,17.385,78.4867
2025-12-19T03:00,18.1,52,16.3,0.0,0.0,3,97,9.0,15,17.385,78.4867
2025-12-19T04:00,17.9,50,15.8,0.0,0.0,3,93,9.2,16,17.385,78.4867
2025-12-19T05:00,17.4,50,15.6,0.0,0.0,3,95,6.8,27,17.385,78.4867
2025-12-19T06:00,17.5,48,15.4,0.0,0.0,3,99,8.1,24,17.385,78.4867
2025-12-19T07:00,17.8,46,15.6,0.0,0.0,2,70,8.6,26,17.385,78.4867
2025-12-19T08:00,19.7,42,17.8,0.0,0.0,0,10,6.2,30,17.385,78.4867
2025-12-19T09:00,22.2,34,20.0,0.0,0.0,1,26,7.8,38,17.385,78.4867
2025-12-19T10:00,24.0,27,21.5,0.0,0.0,0,0,10.3,33,17.385,78.4867
2025-12-19T11:00,25.4,23,23.4,0.0,0.0,0,0,10.2,34,17.385,78.4867
2025-12-19T12:00,26.6,20,24.8,0.0,0.0,0,0,10.0,33,17.385,78.4867
2025-12-19T13:00,27.2,20,25.3,0.0,0.0,0,0,10.2,32,17.385,78.4867
2025-12-19T14:00,27.5,20,25.2,0.0,0.0,0,0,9.6,33,17.385,78.4867
2025-12-19T15:00,27.3,21,24.2,0.0,0.0,0,0,9.6,34,17.385,78.4867
2025-12-19T16:00,26.6,23,23.6,0.0,0.0,0,5,9.9,35,17.385,78.4867
2025-12-19T17:00,25.9,26,23.4,0.0,0.0,0,6,8.5,36,17.385,78.4867
2025-12-19T18:00,24.8,30,22.6,0.0,0.0,0,1,7.8,37,17.385,78.4867
2025-12-19T19:00,23.6,33,21.6,0.0,0.0,1,20,7.4,43,17.385,78.4867
2025-12-19T20:00,22.5,36,20.6,0.0,0.0,1,45,7.4,56,17.385,78.4867
2025-12-19T21:00,21.6,39,19.8,0.0,0.0,3,100,6.9,49,17.385,78.4867
2025-12-19T22:00,20.8,41,19.1,0.0,0.0,3,91,6.9,23,17.385,78.4867
2025-12-19T23:00,19.4,49,18.4,0.0,0.0,3,100,3.9,22,17.385,78.4867
2025-12-20T00:00,19.5,46,18.0,0.0,0.0,1,32,6.2,33,17.385,78.4867
2025-12-20T01:00,18.9,47,17.2,0.0,0.0,2,61,6.9,25,17.385,78.4867
2025-12-20T02:00,18.1,50,16.4,0.0,0.0,0,10,6.9,9,17.385,78.4867
2025-12-20T03:00,17.4,53,16.0,0.0,0.0,0,4,5.6,353,17.385,78.4867
2025-12-20T04:00,16.8,56,15.6,0.0,0.0,0,0,4.3,345,17.385,78.4867
2025-12-20T05:00,15.9,62,14.9,0.0,0.0,0,0,3.6,357,17.385,78.4867
2025-12-20T06:00,16.1,60,15.1,0.0,0.0,0,0,3.3,351,17.385,78.4867
2025-12-20T07:00,16.7,56,15.4,0.0,0.0,0,0,5.0,19,17.385,78.4867
2025-12-20T08:00,18.6,49,17.4,0.0,0.0,0,2,3.6,37,17.385,78.4867
2025-12-20T09:00,21.1,40,19.4,0.0,0.0,1,22,6.5,39,17.385,78.4867
2025-12-20T10:00,23.1,33,21.4,0.0,0.0,1,28,8.0,48,17.385,78.4867
2025-12-20T11:00,24.7,30,23.6,0.0,0.0,1,29,8.7,47,17.385,78.4867
2025-12-20T12:00,26.1,26,25.2,0.0,0.0,1,45,8.4,48,17.385,78.4867
2025-12-20T13:00,27.0,25,25.9,0.0,0.0,2,55,8.4,48,17.385,78.4867
2025-12-20T14:00,27.3,24,25.7,0.0,0.0,2,62,8.5,54,17.385,78.4867
2025-12-20T15:00,27.2,24,24.7,0.0,0.0,3,98,8.9,56,17.385,78.4867
2025-12-20T16:00,26.5,26,23.9,0.0,0.0,3,100,9.8,58,17.385,78.4867
2025-12-20T17:00,25.7,29,23.5,0.0,0.0,2,77,8.8,62,17.385,78.4867
2025-12-20T18:00,24.7,33,22.7,0.0,0.0,1,45,8.6,60,17.385,78.4867
2025-12-20T19:00,23.3,38,21.5,0.0,0.0,0,1,8.9,54,17.385,78.4867
2025-12-20T20:00,22.3,42,20.7,0.0,0.0,0,3,8.0,52,17.385,78.4867
2025-12-20T21:00,21.3,45,19.8,0.0,0.0,0,13,7.9,43,17.385,78.4867
2025-12-20T22:00,20.6,48,19.4,0.0,0.0,0,2,7.1,45,17.385,78.4867
2025-12-20T23:00,19.2,55,18.6,0.0,0.0,0,2,3.9,53,17.385,78.4867
2025-12-21T00:00,18.8,62,18.9,0.0,0.0,0,16,1.9,68,17.385,78.4867
2025-12-21T01:00,17.9,62,18.0,0.0,0.0,0,14,0.6,198,17.385,78.4867
2025-12-21T02:00,17.0,69,17.2,0.0,0.0,1,41,1.5,256,17.385,78.4867
2025-12-21T03:00,16.2,78,16.4,0.0,0.0,1,27,3.2,304,17.385,78.4867
2025-12-21T04:00,15.8,78,15.9,0.0,0.0,0,0,3.9,317,17.385,78.4867
2025-12-21T05:00,14.8,83,15.2,0.0,0.0,0,1,1.4,310,17.385,78.4867
2025-12-21T06:00,14.9,83,15.4,0.0,0.0,0,0,1.3,286,17.385,78.4867
2025-12-21T07:00,15.1,85,15.7,0.0,0.0,0,0,1.7,342,17.385,78.4867
2025-12-21T08:00,18.0,65,18.0,0.0,0.0,0,4,2.8,55,17.385,78.4867
2025-12-21T09:00,21.1,47,20.2,0.0,0.0,0,19,5.4,76,17.385,78.4867
2025-12-21T10:00,23.1,42,22.3,0.0,0.0,1,21,6.8,79,17.385,78.4867
2025-12-21T11:00,24.5,38,24.3,0.0,0.0,2,70,7.2,93,17.385,78.4867
2025-12-21T12:00,25.8,34,25.8,0.0,0.0,3,80,7.4,94,17.385,78.4867
2025-12-21T13:00,26.6,33,26.3,0.0,0.0,3,83,7.9,94,17.385,78.4867
2025-12-21T14:00,27.0,32,26.2,0.0,0.0,3,86,8.1,94,17.385,78.4867
2025-12-21T15:00,26.9,33,25.5,0.0,0.0,3,90,7.9,93,17.385,78.4867
2025-12-21T16:00,26.2,35,24.9,0.0,0.0,3,94,8.3,91,17.385,78.4867
2025-12-21T17:00,25.3,38,24.1,0.0,0.0,2,62,8.3,89,17.385,78.4867
2025-12-21T18:00,24.7,41,23.7,0.0,0.0,1,36,7.6,87,17.385,78.4867
2025-12-21T19:00,23.7,46,23.0,0.0,0.0,3,98,7.0,103,17.385,78.4867
2025-12-21T20:00,22.6,51,22.5,0.0,0.0,3,95,5.0,125,17.385,78.4867
2025-12-21T21:00,21.6,56,21.9,0.0,0.0,3,98,2.8,72,17.385,78.4867
2025-12-21T22:00,20.8,58,20.8,0.0,0.0,3,100,4.8,29,17.385,78.4867
2025-12-21T23:00,20.1,60,20.2,0.0,0.0,3,100,3.5,24,17.385,78.4867
2025-12-22T00:00,19.7,59,19.3,0.0,0.0,3,100,5.5,27,17.385,78.4867
2025-12-22T01:00,19.2,59,18.6,0.0,0.0,3,100,6.1,14,17.385,78.4867
2025-12-22T02:00,19.0,59,18.2,0.0,0.0,3,100,6.6,11,17.385,78.4867
2025-12-22T03:00,18.8,58,18.1,0.0,0.0,0,10,5.9,20,17.385,78.4867
2025-12-22T04:00,18.5,57,17.7,0.0,0.0,0,1,5.4,30,17.385,78.4867
2025-12-22T05:00,17.0,69,17.0,0.0,0.0,0,0,2.1,59,17.385,78.4867
2025-12-22T06:00,17.3,69,17.5,0.0,0.0,0,0,2.0,45,17.385,78.4867
2025-12-22T07:00,17.4,67,17.1,0.0,0.0,0,1,3.7,43,17.385,78.4867
2025-12-22T08:00,19.1,58,18.9,0.0,0.0,0,0,2.7,53,17.385,78.4867
2025-12-22T09:00,21.3,50,20.7,0.0,0.0,0,0,4.7,74,17.385,78.4867
2025-12-22T10:00,23.2,44,22.7,0.0,0.0,0,0,6.3,75,17.385,78.4867
2025-12-22T11:00,24.6,41,24.9,0.0,0.0,0,0,6.2,82,17.385,78.4867
2025-12-22T12:00,26.0,36,26.4,0.0,0.0,0,0,6.4,80,17.385,78.4867
2025-12-22T13:00,26.9,34,27.1,0.0,0.0,1,24,6.4,79,17.385,78.4867
2025-12-22T14:00,27.4,32,27.0,0.0,0.0,2,51,6.9,76,17.385,78.4867
2025-12-22T15:00,27.5,31,26.1,0.0,0.0,2,54,7.6,72,17.385,78.4867
2025-12-22T16:00,27.1,31,25.5,0.0,0.0,1,41,8.3,66,17.385,78.4867
2025-12-22T17:00,25.9,34,24.4,0.0,0.0,0,0,7.9,57,17.385,78.4867
2025-12-22T18:00,25.2,35,23.7,0.0,0.0,0,8,7.5,53,17.385,78.4867
2025-12-22T19:00,24.1,37,22.6,0.0,0.0,1,45,7.6,45,17.385,78.4867
2025-12-22T20:00,23.1,40,21.8,0.0,0.0,3,98,6.5,46,17.385,78.4867
2025-12-22T21:00,22.2,42,21.1,0.0,0.0,3,100,5.3,35,17.385,78.4867
2025-12-22T22:00,21.6,44,20.5,0.0,0.0,3,81,5.1,58,17.385,78.4867
2025-12-22T23:00,20.1,54,20.0,0.0,0.0,0,5,1.8,114,17.385,78.4867
2025-12-23T00:00,19.5,55,19.2,0.0,0.0,3,100,1.9,139,17.385,78.4867
2025-12-23T01:00,18.4,65,18.8,0.0,0.0,3,96,0.6,214,17.385,78.4867
2025-12-23T02:00,17.7,65,17.8,0.0,0.0,3,93,1.4,293,17.385,78.4867
2025-12-23T03:00,16.8,74,17.2,0.0,0.0,3,98,1.5,291,17.385,78.4867
2025-12-23T04:00,16.4,76,16.5,0.0,0.0,3,99,3.3,306,17.385,78.4867
2025-12-23T05:00,15.6,77,15.7,0.0,0.0,3,95,1.9,299,17.385,78.4867
2025-12-23T06:00,16.2,72,16.1,0.0,0.0,3,97,2.4,297,17.385,78.4867
2025-12-23T07:00,16.5,69,16.2,0.0,0.0,3,100,3.7,331,17.385,78.4867
2025-12-23T08:00,19.0,57,18.7,0.0,0.0,3,100,2.3,58,17.385,78.4867
2025-12-23T09:00,21.6,45,20.7,0.0,0.0,3,99,4.9,80,17.385,78.4867
2025-12-23T10:00,23.4,39,22.5,0.0,0.0,3,93,6.4,74,17.385,78.4867
2025-12-23T11:00,24.9,36,24.8,0.0,0.0,3,100,6.4,65,17.385,78.4867
2025-12-23T12:00,26.3,33,26.4,0.0,0.0,3,96,6.4,61,17.385,78.4867
2025-12-23T13:00,27.1,30,26.9,0.0,0.0,3,80,6.9,59,17.385,78.4867
2025-12-23T14:00,27.5,30,26.6,0.0,0.0,3,87,7.9,55,17.385,78.4867
2025-12-23T15:00,27.4,29,25.6,0.0,0.0,3,100,8.6,53,17.385,78.4867
2025-12-23T16:00,26.8,30,24.9,0.0,0.0,3,100,9.1,52,17.385,78.4867
2025-12-23T17:00,25.8,32,23.7,0.0,0.0,1,32,10.1,50,17.385,78.4867
2025-12-23T18:00,24.9,34,22.9,0.0,0.0,1,24,9.7,47,17.385,78.4867
2025-12-23T19:00,23.6,38,21.9,0.0,0.0,3,98,8.7,48,17.385,78.4867
2025-12-23T20:00,22.5,42,21.1,0.0,0.0,3,88,7.4,41,17.385,78.4867
2025-12-23T21:00,21.6,46,20.4,0.0,0.0,0,5,7.1,38,17.385,78.4867
2025-12-23T22:00,21.3,47,20.3,0.0,0.0,1,48,6.3,35,17.385,78.4867
2025-12-23T23:00,20.4,52,19.8,0.0,0.0,0,1,4.5,40,17.385,78.4867
2025-12-24T00:00,20.0,54,19.4,0.0,0.0,0,3,4.6,51,17.385,78.4867
2025-12-24T01:00,19.3,57,18.6,0.0,0.0,0,0,5.1,51,17.385,78.4867
2025-12-24T02:00,18.8,58,18.0,0.0,0.0,1,25,5.6,50,17.385,78.4867
2025-12-24T03:00,18.2,59,17.5,0.0,0.0,0,0,5.0,46,17.385,78.4867
2025-12-24T04:00,17.7,61,17.0,0.0,0.0,0,0,5.2,29,17.385,78.4867
2025-12-24T05:00,17.1,65,16.5,0.0,0.0,0,0,4.7,43,17.385,78.4867
2025-12-24T06:00,17.4,65,16.8,0.0,0.0,2,50,5.1,48,17.385,78.4867
2025-12-24T07:00,17.6,65,17.0,0.0,0.0,3,90,5.8,60,17.385,78.4867
2025-12-24T08:00,19.3,58,19.0,0.0,0.0,0,0,3.6,87,17.385,78.4867
2025-12-24T09:00,21.8,49,21.3,0.0,0.0,0,0,4.5,92,17.385,78.4867
2025-12-24T10:00,23.7,41,22.8,0.0,0.0,0,5,8.0,85,17.385,78.4867
2025-12-24T11:00,24.8,37,24.6,0.0,0.0,1,38,7.8,86,17.385,78.4867
2025-12-24T12:00,26.0,34,26.1,0.0,0.0,1,28,6.7,87,17.385,78.4867
2025-12-24T13:00,26.7,32,26.6,0.0,0.0,0,16,6.7,84,17.385,78.4867
2025-12-24T14:00,27.1,31,26.3,0.0,0.0,1,27,7.6,89,17.385,78.4867
2025-12-24T15:00,26.9,32,25.3,0.0,0.0,3,92,8.3,94,17.385,78.4867
2025-12-24T16:00,26.3,34,24.8,0.0,0.0,3,88,8.6,98,17.385,78.4867
2025-12-24T17:00,25.4,35,23.9,0.0,0.0,0,2,8.1,108,17.385,78.4867
2025-12-24T18:00,24.6,38,23.4,0.0,0.0,0,0,7.1,106,17.385,78.4867
2025-12-24T19:00,23.7,41,22.6,0.0,0.0,0,0,6.9,62,17.385,78.4867
2025-12-24T20:00,22.5,47,21.4,0.0,0.0,2,68,8.1,59,17.385,78.4867
2025-12-24T21:00,21.5,50,20.5,0.0,0.0,3,98,7.4,64,17.385,78.4867
2025-12-24T22:00,20.7,51,19.6,0.0,0.0,2,57,7.6,56,17.385,78.4867
2025-12-24T23:00,20.2,53,19.3,0.0,0.0,0,9,6.6,53,17.385,78.4867
2025-12-25T00:00,19.7,54,18.8,0.0,0.0,3,99,6.9,39,17.385,78.4867
2025-12-25T01:00,19.4,56,18.5,0.0,0.0,3,98,6.2,41,17.385,78.4867
2025-12-25T02:00,19.0,58,18.3,0.0,0.0,3,100,5.5,41,17.385,78.4867
2025-12-25T03:00,18.5,59,17.9,0.0,0.0,3,98,4.9,39,17.385,78.4867
2025-12-25T04:00,18.2,59,17.3,0.0,0.0,2,65,5.8,26,17.385,78.4867
2025-12-25T05:00,16.7,73,17.1,0.0,0.0,0,5,1.0,22,17.385,78.4867
2025-12-25T06:00,16.9,70,17.0,0.0,0.0,0,0,2.2,48,17.385,78.4867
2025-12-25T07:00,17.0,68,16.5,0.0,0.0,0,0,5.0,88,17.385,78.4867
2025-12-25T08:00,18.9,58,18.6,0.0,0.0,0,0,2.5,90,17.385,78.4867
2025-12-25T09:00,21.4,45,20.6,0.0,0.0,0,0,4.2,95,17.385,78.4867
2025-12-25T10:00,23.4,38,22.3,0.0,0.0,0,0,6.7,92,17.385,78.4867
2025-12-25T11:00,24.5,34,24.0,0.0,0.0,0,0,6.8,115,17.385,78.4867
2025-12-25T12:00,25.6,31,25.6,0.0,0.0,0,0,5.7,122,17.385,78.4867
2025-12-25T13:00,26.3,30,26.2,0.0,0.0,0,0,5.4,127,17.385,78.4867
2025-12-25T14:00,26.8,29,26.0,0.0,0.0,0,0,5.5,126,17.385,78.4867
2025-12-25T15:00,26.8,28,25.1,0.0,0.0,0,0,5.7,122,17.385,78.4867
2025-12-25T16:00,26.3,30,24.6,0.0,0.0,0,0,6.9,110,17.385,78.4867
2025-12-25T17:00,25.6,33,24.0,0.0,0.0,0,0,7.4,103,17.385,78.4867
2025-12-25T18:00,24.9,36,23.4,0.0,0.0,0,0,7.7,90,17.385,78.4867
2025-12-25T19:00,24.1,41,22.9,0.0,0.0,0,0,8.3,84,17.385,78.4867
2025-12-25T20:00,22.9,45,21.7,0.0,0.0,0,0,8.3,91,17.385,78.4867
2025-12-25T21:00,21.7,48,20.8,0.0,0.0,0,0,6.7,90,17.385,78.4867
2025-12-25T22:00,21.0,51,20.2,0.0,0.0,0,0,6.2,98,17.385,78.4867
2025-12-25T23:00,20.0,56,19.6,0.0,0.0,0,0,4.1,92,17.385,78.4867
2025-12-26T00:00,19.3,57,18.8,0.0,0.0,0,0,5.0,88,17.385,78.4867
2025-12-26T01:00,18.8,60,18.4,0.0,0.0,0,0,3.8,71,17.385,78.4867
2025-12-26T02:00,18.0,64,17.9,0.0,0.0,0,0,2.7,70,17.385,78.4867
2025-12-26T03:00,17.2,70,17.4,0.0,0.0,0,7,2.4,42,17.385,78.4867
2025-12-26T04:00,16.8,74,17.4,0.0,0.0,0,0,0.9,349,17.385,78.4867
2025-12-26T05:00,16.2,76,16.5,0.0,0.0,0,0,1.4,50,17.385,78.4867
2025-12-26T06:00,16.5,76,17.0,0.0,0.0,0,0,1.7,58,17.385,78.4867
2025-12-26T07:00,16.8,72,17.0,0.0,0.0,0,0,2.5,86,17.385,78.4867
2025-12-26T08:00,18.7,62,18.7,0.0,0.0,0,0,2.1,121,17.385,78.4867
2025-12-26T09:00,21.3,50,20.7,0.0,0.0,0,0,4.7,94,17.385,78.4867
2025-12-26T10:00,23.2,39,22.3,0.0,0.0,0,0,5.4,92,17.385,78.4867
2025-12-26T11:00,24.1,36,24.1,0.0,0.0,0,0,4.5,90,17.385,78.4867
2025-12-26T12:00,25.4,33,25.7,0.0,0.0,0,0,4.9,90,17.385,78.4867
2025-12-26T13:00,26.2,32,26.4,0.0,0.0,0,0,5.2,86,17.385,78.4867
2025-12-26T14:00,26.6,32,26.1,0.0,0.0,0,0,6.3,83,17.385,78.4867
2025-12-26T15:00,26.5,34,25.2,0.0,0.0,0,0,7.7,81,17.385,78.4867
2025-12-26T16:00,25.9,36,24.6,0.0,0.0,0,0,8.7,83,17.385,78.4867
2025-12-26T17:00,25.1,39,24.0,0.0,0.0,0,0,8.2,76,17.385,78.4867
2025-12-26T18:00,24.4,42,23.5,0.0,0.0,0,0,7.5,73,17.385,78.4867
2025-12-26T19:00,23.4,46,22.7,0.0,0.0,0,0,7.1,83,17.385,78.4867
2025-12-26T20:00,22.3,50,21.7,0.0,0.0,0,0,7.0,69,17.385,78.4867
2025-12-26T21:00,21.4,52,20.8,0.0,0.0,0,0,6.4,80,17.385,78.4867
2025-12-26T22:00,20.5,54,19.9,0.0,0.0,0,0,5.9,92,17.385,78.4867
2025-12-26T23:00,19.6,58,19.2,0.0,0.0,0,0,4.6,79,17.385,78.4867
2025-12-27T00:00,19.2,60,18.9,0.0,0.0,0,0,4.4,102,17.385,78.4867
2025-12-27T01:00,18.7,62,18.6,0.0,0.0,0,0,3.3,99,17.385,78.4867
2025-12-27T02:00,18.1,69,18.5,0.0,0.0,0,0,1.6,96,17.385,78.4867
2025-12-27T03:00,17.7,72,18.3,0.0,0.0,0,0,1.1,360,17.385,78.4867
2025-12-27T04:00,17.2,72,17.6,0.0,0.0,0,0,1.8,336,17.385,78.4867
2025-12-27T05:00,16.2,81,17.0,0.0,0.0,0,0,0.8,315,17.385,78.4867
2025-12-27T06:00,16.5,83,17.5,0.0,0.0,0,1,0.4,297,17.385,78.4867
2025-12-27T07:00,16.5,80,16.8,0.0,0.0,0,0,4.3,138,17.385,78.4867
2025-12-27T08:00,18.5,67,19.1,0.0,0.0,0,0,0.6,18,17.385,78.4867
2025-12-27T09:00,21.2,51,21.1,0.0,0.0,0,0,1.8,84,17.385,78.4867
2025-12-27T10:00,22.9,43,22.7,0.0,0.0,0,0,3.4,93,17.385,78.4867
2025-12-27T11:00,23.8,39,24.3,0.0,0.0,0,0,3.3,119,17.385,78.4867
2025-12-27T12:00,25.3,34,25.9,0.0,0.0,0,0,3.2,117,17.385,78.4867
2025-12-27T13:00,26.2,31,26.5,0.0,0.0,0,0,3.6,110,17.385,78.4867
2025-12-27T14:00,26.8,29,26.3,0.0,0.0,0,0,4.8,101,17.385,78.4867
2025-12-27T15:00,26.9,28,25.2,0.0,0.0,0,0,6.3,93,17.385,78.4867
2025-12-27T16:00,26.4,30,24.5,0.0,0.0,0,0,7.8,85,17.385,78.4867
2025-12-27T17:00,25.4,35,23.9,0.0,0.0,0,0,8.0,80,17.385,78.4867
2025-12-27T18:00,24.7,39,23.5,0.0,0.0,0,0,7.7,72,17.385,78.4867
2025-12-27T19:00,23.7,43,22.8,0.0,0.0,0,0,7.6,72,17.385,78.4867
2025-12-27T20:00,22.5,48,21.6,0.0,0.0,0,0,7.8,67,17.385,78.4867
2025-12-27T21:00,21.3,53,20.7,0.0,0.0,0,0,7.1,84,17.385,78.4867
2025-12-27T22:00,20.5,56,19.8,0.0,0.0,0,0,7.2,104,17.385,78.4867
2025-12-27T23:00,19.4,60,19.1,0.0,0.0,0,0,4.9,80,17.385,78.4867
2025-12-28T00:00,19.0,62,18.7,0.0,0.0,0,0,4.7,86,17.385,78.4867
2025-12-28T01:00,18.5,64,18.6,0.0,0.0,0,0,2.4,48,17.385,78.4867
2025-12-28T02:00,17.8,74,18.7,0.0,0.0,0,0,0.4,243,17.385,78.4867
2025-12-28T03:00,17.5,70,17.7,0.0,0.0,0,0,2.7,328,17.385,78.4867
2025-12-28T04:00,17.1,71,17.0,0.0,0.0,0,0,4.2,342,17.385,78.4867
2025-12-28T05:00,16.2,77,16.5,0.0,0.0,0,0,2.4,333,17.385,78.4867
2025-12-28T06:00,16.7,72,16.9,0.0,0.0,0,0,2.3,309,17.385,78.4867
2025-12-28T07:00,16.8,72,17.0,0.0,0.0,0,2,2.7,340,17.385,78.4867
2025-12-28T08:00,18.9,60,18.8,0.0,0.0,0,0,2.7,82,17.385,78.4867
2025-12-28T09:00,21.3,48,20.6,0.0,0.0,0,0,4.5,95,17.385,78.4867
2025-12-28T10:00,22.9,43,22.2,0.0,0.0,0,0,6.5,95,17.385,78.4867
2025-12-28T11:00,24.0,39,24.0,0.0,0.0,0,0,6.0,106,17.385,78.4867
2025-12-28T12:00,25.3,35,25.7,0.0,0.0,0,0,5.0,105,17.385,78.4867
2025-12-28T13:00,26.2,33,26.5,0.0,0.0,0,0,5.0,103,17.385,78.4867
2025-12-28T14:00,26.8,31,26.2,0.0,0.0,0,0,5.8,99,17.385,78.4867
2025-12-28T15:00,26.8,30,25.3,0.0,0.0,0,0,6.5,92,17.385,78.4867
2025-12-28T16:00,26.4,32,24.8,0.0,0.0,0,0,7.7,81,17.385,78.4867
2025-12-28T17:00,25.2,37,23.8,0.0,0.0,0,0,8.0,76,17.385,78.4867
2025-12-28T18:00,24.6,39,23.4,0.0,0.0,0,0,7.5,75,17.385,78.4867
2025-12-28T19:00,23.9,42,22.9,0.0,0.0,0,0,6.9,83,17.385,78.4867
2025-12-28T20:00,22.6,47,21.8,0.0,0.0,0,0,7.2,63,17.385,78.4867
2025-12-28T21:00,21.4,53,20.9,0.0,0.0,0,0,6.3,77,17.385,78.4867
2025-12-28T22:00,20.6,55,20.1,0.0,0.0,0,0,6.0,97,17.385,78.4867
2025-12-28T23:00,19.6,60,19.3,0.0,0.0,0,0,4.7,72,17.385,78.4867
2025-12-29T00:00,19.3,61,19.0,0.0,0.0,0,0,5.1,98,17.385,78.4867
2025-12-29T01:00,18.6,63,18.5,0.0,0.0,0,0,3.6,72,17.385,78.4867
2025-12-29T02:00,17.9,68,18.2,0.0,0.0,0,0,2.3,51,17.385,78.4867
2025-12-29T03:00,17.7,68,17.6,0.0,0.0,0,0,4.1,360,17.385,78.4867
2025-12-29T04:00,17.1,71,17.3,0.0,0.0,0,0,2.9,11,17.385,78.4867
2025-12-29T05:00,16.5,74,16.6,0.0,0.0,0,0,3.1,24,17.385,78.4867
2025-12-29T06:00,16.8,72,16.8,0.0,0.0,0,0,3.0,33,17.385,78.4867
2025-12-29T07:00,17.1,69,16.8,0.0,0.0,0,0,4.4,78,17.385,78.4867
2025-12-29T08:00,18.7,60,18.3,0.0,0.0,0,0,3.9,74,17.385,78.4867
2025-12-29T09:00,20.8,51,20.1,0.0,0.0,0,0,5.4,86,17.385,78.4867
2025-12-29T10:00,22.7,42,21.6,0.0,0.0,0,0,7.8,82,17.385,78.4867
2025-12-29T11:00,23.8,38,23.6,0.0,0.0,0,5,6.5,87,17.385,78.4867
2025-12-29T12:00,25.0,34,25.2,0.0,0.0,0,0,5.6,84,17.385,78.4867
2025-12-29T13:00,26.0,31,26.0,0.0,0.0,0,6,5.2,84,17.385,78.4867
2025-12-29T14:00,26.5,29,25.8,0.0,0.0,1,20,6.0,83,17.385,78.4867
2025-12-29T15:00,26.6,29,24.9,0.0,0.0,2,68,6.7,90,17.385,78.4867
2025-12-29T16:00,26.1,31,24.3,0.0,0.0,3,84,7.2,90,17.385,78.4867
2025-12-29T17:00,25.3,34,23.8,0.0,0.0,0,5,6.7,87,17.385,78.4867
2025-12-29T18:00,24.5,38,23.1,0.0,0.0,0,0,7.6,90,17.385,78.4867
2025-12-29T19:00,23.7,43,22.6,0.0,0.0,0,0,8.0,98,17.385,78.4867
2025-12-29T20:00,22.9,47,22.1,0.0,0.0,3,84,7.2,84,17.385,78.4867
2025-12-29T21:00,21.4,53,20.8,0.0,0.0,3,80,6.7,71,17.385,78.4867
2025-12-29T22:00,20.5,55,20.0,0.0,0.0,0,0,5.7,99,17.385,78.4867
2025-12-29T23:00,19.7,59,19.5,0.0,0.0,0,13,4.6,108,17.385,78.4867
2025-12-30T00:00,19.0,61,18.7,0.0,0.0,2,59,4.9,90,17.385,78.4867
2025-12-30T01:00,18.5,64,18.4,0.0,0.0,3,100,3.6,37,17.385,78.4867
2025-12-30T02:00,17.8,72,18.4,0.0,0.0,3,94,1.5,346,17.385,78.4867
2025-12-30T03:00,17.3,71,17.5,0.0,0.0,3,88,2.4,306,17.385,78.4867
2025-12-30T04:00,16.6,76,16.9,0.0,0.0,3,92,2.5,291,17.385,78.4867
2025-12-30T05:00,16.1,78,16.6,0.0,0.0,3,84,1.7,328,17.385,78.4867
2025-12-30T06:00,16.5,76,16.8,0.0,0.0,3,84,2.2,325,17.385,78.4867
2025-12-30T07:00,16.5,75,16.7,0.0,0.0,3,83,3.1,306,17.385,78.4867
2025-12-30T08:00,18.9,63,19.1,0.0,0.0,3,85,1.7,311,17.385,78.4867
2025-12-30T09:00,21.7,49,21.4,0.0,0.0,2,70,2.9,47,17.385,78.4867
2025-12-30T10:00,23.4,45,23.5,0.0,0.0,2,61,3.1,80,17.385,78.4867
2025-12-30T11:00,24.3,41,25.3,0.0,0.0,3,86,1.8,84,17.385,78.4867
2025-12-30T12:00,26.1,36,27.5,0.0,0.0,2,62,1.2,129,17.385,78.4867
2025-12-30T13:00,27.1,33,28.2,0.0,0.0,2,58,1.3,180,17.385,78.4867
2025-12-30T14:00,27.7,31,28.1,0.0,0.0,1,42,2.0,185,17.385,78.4867
2025-12-30T15:00,28.0,30,27.2,0.0,0.0,2,73,3.4,177,17.385,78.4867
2025-12-30T16:00,27.5,31,26.6,0.0,0.0,2,68,4.7,176,17.385,78.4867
2025-12-30T17:00,26.5,34,25.5,0.0,0.0,3,92,5.1,198,17.385,78.4867
2025-12-30T18:00,25.4,37,24.7,0.0,0.0,3,84,3.6,252,17.385,78.4867
2025-12-30T19:00,24.5,38,24.0,0.0,0.0,2,73,1.9,292,17.385,78.4867
2025-12-30T20:00,23.8,40,23.5,0.0,0.0,1,33,1.2,141,17.385,78.4867
2025-12-30T21:00,22.7,45,22.0,0.0,0.0,0,5,4.6,135,17.385,78.4867
2025-12-30T22:00,21.8,49,21.4,0.0,0.0,0,0,3.8,121,17.385,78.4867
2025-12-30T23:00,20.2,61,20.6,0.0,0.0,0,0,2.4,138,17.385,78.4867
2025-12-31T00:00,19.9,59,20.1,0.0,0.0,0,0,2.5,120,17.385,78.4867
2025-12-31T01:00,19.1,68,19.8,0.0,0.0,0,0,1.3,106,17.385,78.4867
2025-12-31T02:00,18.5,67,18.8,0.0,0.0,0,0,2.6,106,17.385,78.4867
2025-12-31T03:00,17.9,73,18.4,0.0,0.0,0,0,2.6,106,17.385,78.4867
2025-12-31T04:00,17.5,75,18.1,0.0,0.0,0,0,2.0,170,17.385,78.4867
2025-12-31T05:00,16.7,80,17.6,0.0,0.0,0,0,1.0,202,17.385,78.4867
2025-12-31T06:00,16.8,78,17.3,0.0,0.0,0,0,3.2,153,17.385,78.4867
2025-12-31T07:00,17.2,75,17.3,0.0,0.0,1,42,4.6,149,17.385,78.4867
2025-12-31T08:00,19.3,65,19.7,0.0,0.0,3,88,2.2,132,17.385,78.4867
2025-12-31T09:00,22.2,53,22.6,0.0,0.0,0,0,2.4,132,17.385,78.4867
2025-12-31T10:00,24.4,46,24.8,0.0,0.0,0,0,3.1,159,17.385,78.4867
2025-12-31T11:00,25.5,39,26.4,0.0,0.0,0,0,2.7,208,17.385,78.4867
2025-12-31T12:00,27.0,33,27.8,0.0,0.0,0,0,3.4,227,17.385,78.4867
2025-12-31T13:00,27.8,30,28.1,0.0,0.0,0,0,4.8,233,17.385,78.4867
2025-12-31T14:00,28.3,28,27.6,0.0,0.0,0,0,6.4,234,17.385,78.4867
2025-12-31T15:00,28.3,27,26.5,0.0,0.0,0,0,7.9,237,17.385,78.4867
2025-12-31T16:00,27.9,27,25.9,0.0,0.0,0,0,8.3,243,17.385,78.4867
2025-12-31T17:00,27.1,33,25.8,0.0,0.0,0,0,8.2,234,17.385,78.4867
2025-12-31T18:00,26.4,37,25.7,0.0,0.0,0,1,5.5,257,17.385,78.4867
2025-12-31T19:00,25.7,39,25.3,0.0,0.0,0,19,4.1,41,17.385,78.4867
2025-12-31T20:00,24.3,49,23.8,0.0,0.0,1,47,9.4,82,17.385,78.4867
2025-12-31T21:00,23.0,57,23.2,0.0,0.0,1,49,7.9,133,17.385,78.4867
2025-12-31T22:00,22.3,61,22.5,0.0,0.0,2,63,8.2,151,17.385,78.4867
2025-12-31T23:00,21.4,66,22.1,0.0,0.0,2,52,6.4,140,17.385,78.4867
