time,temperature_2m,relative_humidity_2m,apparent_temperature,precipitation,rain,weather_code,cloud_cover,wind_speed_10m,wind_direction_10m,latitude,longitude
2025-01-01T00:00,25.8,65,27.9,0.0,0.0,0,0,7.0,29,19.076,72.8777
2025-01-01T01:00,25.4,68,27.6,0.0,0.0,0,0,8.7,7,19.076,72.8777
2025-01-01T02:00,25.2,69,27.3,0.0,0.0,0,0,9.0,5,19.076,72.8777
2025-01-01T03:00,24.8,70,27.0,0.0,0.0,0,0,7.3,25,19.076,72.8777
2025-01-01T04:00,24.2,71,26.4,0.0,0.0,0,0,6.6,45,19.076,72.8777
2025-01-01T05:00,23.7,73,25.9,0.0,0.0,0,0,6.2,41,19.076,72.8777
2025-01-01T06:00,22.8,78,25.0,0.0,0.0,0,0,6.7,27,19.076,72.8777
2025-01-01T07:00,22.4,78,24.4,0.0,0.0,0,0,6.9,37,19.076,72.8777
2025-01-01T08:00,23.5,72,25.6,0.0,0.0,0,0,6.0,49,19.076,72.8777
2025-01-01T09:00,26.1,60,28.1,0.0,0.0,0,0,4.8,59,19.076,72.8777
2025-01-01T10:00,28.8,49,30.7,0.0,0.0,0,0,3.7,61,19.076,72.8777
2025-01-01T11:00,31.0,41,33.5,0.0,0.0,0,0,1.1,18,19.076,72.8777
2025-01-01T12:00,32.0,38,34.5,0.0,0.0,0,0,3.3,299,19.076,72.8777
2025-01-01T13:00,32.4,37,34.5,0.0,0.0,0,0,6.6,296,19.076,72.8777
2025-01-01T14:00,31.8,42,33.7,0.0,0.0,0,0,9.6,290,19.076,72.8777
2025-01-01T15:00,30.6,50,32.2,0.0,0.0,0,0,11.4,297,19.076,72.8777
2025-01-01T16:00,29.0,56,30.7,0.0,0.0,0,0,12.9,306,19.076,72.8777
2025-01-01T17:00,27.6,59,29.1,0.0,0.0,0,0,11.7,317,19.076,72.8777
2025-01-01T18:00,26.4,71,28.8,0.0,0.0,0,0,12.1,319,19.076,72.8777
2025-01-01T19:00,26.0,74,28.4,0.0,0.0,0,0,12.9,333,19.076,72.8777
2025-01-01T20:00,26.0,69,27.9,0.0,0.0,0,0,12.9,345,19.076,72.8777
2025-01-01T21:00,26.3,60,27.4,0.0,0.0,0,0,12.0,352,19.076,72.8777
2025-01-01T22:00,26.1,59,27.3,0.0,0.0,0,0,10.3,360,19.076,72.8777
2025-01-01T23:00,25.7,61,26.9,0.0,0.0,0,0,9.7,1,19.076,72.8777
2025-01-02T00:00,25.2,62,26.7,0.0,0.0,0,0,7.8,15,19.076,72.8777
2025-01-02T01:00,24.4,65,26.6,0.0,0.0,0,0,3.6,37,19.076,72.8777
2025-01-02T02:00,23.6,70,26.0,0.0,0.0,0,6,2.7,28,19.076,72.8777
2025-01-02T03:00,23.3,71,25.3,0.0,0.0,0,15,4.8,13,19.076,72.8777
2025-01-02T04:00,22.6,75,24.6,0.0,0.0,0,0,6.4,29,19.076,72.8777
2025-01-02T05:00,22.0,79,23.9,0.0,0.0,0,0,7.1,34,19.076,72.8777
2025-01-02T06:00,21.4,81,23.2,0.0,0.0,0,0,7.7,41,19.076,72.8777
2025-01-02T07:00,21.3,82,23.1,0.0,0.0,0,0,7.6,52,19.076,72.8777
2025-01-02T08:00,22.7,76,24.6,0.0,0.0,0,0,7.1,45,19.076,72.8777
2025-01-02T09:00,25.4,63,27.5,0.0,0.0,0,0,4.7,58,19.076,72.8777
2025-01-02T10:00,28.5,49,30.2,0.0,0.0,0,0,4.3,62,19.076,72.8777
2025-01-02T11:00,30.9,40,32.8,0.0,0.0,0,0,3.3,41,19.076,72.8777
2025-01-02T12:00,32.3,34,34.3,0.0,0.0,0,0,3.6,327,19.076,72.8777
2025-01-02T13:00,32.8,33,34.4,0.0,0.0,0,0,6.2,311,19.076,72.8777
2025-01-02T14:00,32.5,38,34.0,0.0,0.0,0,0,9.2,305,19.076,72.8777
2025-01-02T15:00,31.6,43,32.5,0.0,0.0,0,0,12.0,313,19.076,72.8777
2025-01-02T16:00,30.3,50,31.6,0.0,0.0,0,0,12.7,316,19.076,72.8777
2025-01-02T17:00,29.0,50,29.8,0.0,0.0,0,0,13.2,329,19.076,72.8777
2025-01-02T18:00,27.3,62,28.8,0.0,0.0,0,0,13.2,330,19.076,72.8777
2025-01-02T19:00,26.9,61,28.0,0.0,0.0,0,0,14.7,343,19.076,72.8777
2025-01-02T20:00,27.2,52,27.3,0.0,0.0,0,0,15.1,352,19.076,72.8777
2025-01-02T21:00,27.0,52,27.2,0.0,0.0,0,0,13.7,359,19.076,72.8777
2025-01-02T22:00,26.6,54,27.1,0.0,0.0,0,0,11.7,3,19.076,72.8777
2025-01-02T23:00,26.1,55,27.2,0.0,0.0,0,0,7.3,28,19.076,72.8777
2025-01-03T00:00,25.0,59,26.4,0.0,0.0,0,0,5.5,32,19.076,72.8777
2025-01-03T01:00,24.1,62,25.5,0.0,0.0,0,11,5.6,63,19.076,72.8777
2025-01-03T02:00,23.3,65,24.5,0.0,0.0,0,3,6.3,55,19.076,72.8777
2025-01-03T03:00,22.6,66,23.7,0.0,0.0,1,25,6.0,51,19.076,72.8777
2025-01-03T04:00,22.1,67,23.2,0.0,0.0,2,75,5.4,56,19.076,72.8777
2025-01-03T05:00,21.7,68,22.8,0.0,0.0,3,84,5.0,60,19.076,72.8777
2025-01-03T06:00,21.5,67,22.3,0.0,0.0,0,14,5.6,94,19.076,72.8777
2025-01-03T07:00,21.2,68,22.0,0.0,0.0,0,12,5.7,81,19.076,72.8777
2025-01-03T08:00,22.3,63,22.8,0.0,0.0,0,13,7.8,68,19.076,72.8777
2025-01-03T09:00,25.5,51,26.0,0.0,0.0,0,11,6.1,85,19.076,72.8777
2025-01-03T10:00,28.9,38,29.0,0.0,0.0,0,9,6.0,93,19.076,72.8777
2025-01-03T11:00,31.3,31,31.6,0.0,0.0,0,10,5.8,94,19.076,72.8777
2025-01-03T12:00,33.0,26,34.0,0.0,0.0,0,1,2.0,63,19.076,72.8777
2025-01-03T13:00,33.4,25,34.1,0.0,0.0,2,52,4.3,292,19.076,72.8777
2025-01-03T14:00,32.6,33,33.2,0.0,0.0,0,2,10.0,284,19.076,72.8777
2025-01-03T15:00,31.5,38,31.9,0.0,0.0,1,23,10.6,291,19.076,72.8777
2025-01-03T16:00,30.6,41,30.9,0.0,0.0,0,5,11.0,300,19.076,72.8777
2025-01-03T17:00,28.8,48,29.7,0.0,0.0,0,11,10.2,311,19.076,72.8777
2025-01-03T18:00,27.1,62,28.8,0.0,0.0,0,19,11.5,318,19.076,72.8777
2025-01-03T19:00,25.7,67,27.4,0.0,0.0,3,93,12.3,339,19.076,72.8777
2025-01-03T20:00,26.0,55,26.1,0.0,0.0,2,73,13.7,350,19.076,72.8777
2025-01-03T21:00,26.2,46,25.5,0.0,0.0,3,88,12.5,356,19.076,72.8777
2025-01-03T22:00,25.7,47,25.2,0.0,0.0,2,65,10.6,360,19.076,72.8777
2025-01-03T23:00,24.8,50,24.9,0.0,0.0,1,33,6.4,36,19.076,72.8777
2025-01-04T00:00,23.7,53,24.2,0.0,0.0,2,75,4.3,68,19.076,72.8777
2025-01-04T01:00,22.9,55,23.4,0.0,0.0,3,90,3.7,55,19.076,72.8777
2025-01-04T02:00,22.2,59,23.0,0.0,0.0,2,79,2.2,48,19.076,72.8777
2025-01-04T03:00,21.4,62,22.3,0.0,0.0,2,56,1.3,352,19.076,72.8777
2025-01-04T04:00,20.6,64,21.3,0.0,0.0,3,92,2.3,360,19.076,72.8777
2025-01-04T05:00,20.1,63,20.5,0.0,0.0,0,5,3.4,16,19.076,72.8777
2025-01-04T06:00,19.3,62,19.4,0.0,0.0,0,0,3.7,35,19.076,72.8777
2025-01-04T07:00,19.3,62,19.0,0.0,0.0,0,0,6.2,54,19.076,72.8777
2025-01-04T08:00,21.1,54,20.3,0.0,0.0,0,0,8.3,56,19.076,72.8777
2025-01-04T09:00,24.4,44,23.6,0.0,0.0,0,0,7.6,56,19.076,72.8777
2025-01-04T10:00,28.6,29,27.5,0.0,0.0,0,0,5.1,82,19.076,72.8777
2025-01-04T11:00,31.5,21,30.2,0.0,0.0,0,0,6.2,100,19.076,72.8777
2025-01-04T12:00,32.9,16,32.3,0.0,0.0,0,0,3.0,166,19.076,72.8777
2025-01-04T13:00,32.9,18,32.1,0.0,0.0,0,0,6.3,257,19.076,72.8777
2025-01-04T14:00,31.0,33,30.8,0.0,0.0,0,0,11.9,275,19.076,72.8777
2025-01-04T15:00,30.0,32,28.9,0.0,0.0,0,0,10.9,287,19.076,72.8777
2025-01-04T16:00,29.6,32,28.7,0.0,0.0,0,0,8.3,297,19.076,72.8777
2025-01-04T17:00,28.4,39,28.1,0.0,0.0,0,0,8.7,308,19.076,72.8777
2025-01-04T18:00,26.5,54,27.4,0.0,0.0,0,0,8.7,322,19.076,72.8777
2025-01-04T19:00,25.7,60,27.0,0.0,0.0,0,0,8.7,328,19.076,72.8777
2025-01-04T20:00,24.9,63,26.4,0.0,0.0,0,0,7.3,353,19.076,72.8777
2025-01-04T21:00,24.3,58,25.5,0.0,0.0,0,9,4.2,40,19.076,72.8777
2025-01-04T22:00,23.6,57,24.5,0.0,0.0,2,77,3.5,28,19.076,72.8777
2025-01-04T23:00,23.4,57,24.5,0.0,0.0,0,8,2.3,328,19.076,72.8777
2025-01-05T00:00,22.7,61,23.8,0.0,0.0,0,7,3.1,306,19.076,72.8777
2025-01-05T01:00,22.3,65,23.7,0.0,0.0,0,12,3.1,310,19.076,72.8777
2025-01-05T02:00,22.0,67,23.4,0.0,0.0,0,1,3.8,335,19.076,72.8777
2025-01-05T03:00,21.6,69,22.9,0.0,0.0,0,0,4.4,351,19.076,72.8777
2025-01-05T04:00,21.6,71,22.8,0.0,0.0,0,9,6.2,339,19.076,72.8777
2025-01-05T05:00,21.3,73,22.6,0.0,0.0,2,72,5.4,6,19.076,72.8777
2025-01-05T06:00,21.5,72,22.9,0.0,0.0,3,83,5.6,4,19.076,72.8777
2025-01-05T07:00,21.3,73,22.6,0.0,0.0,1,27,5.6,358,19.076,72.8777
2025-01-05T08:00,22.4,65,23.3,0.0,0.0,2,51,6.4,8,19.076,72.8777
2025-01-05T09:00,24.4,50,24.6,0.0,0.0,2,78,5.0,19,19.076,72.8777
2025-01-05T10:00,26.3,43,26.3,0.0,0.0,3,100,5.2,346,19.076,72.8777
2025-01-05T11:00,26.9,41,27.0,0.0,0.0,2,62,4.9,324,19.076,72.8777
2025-01-05T12:00,28.4,39,28.5,0.0,0.0,1,49,5.5,322,19.076,72.8777
2025-01-05T13:00,29.1,41,29.7,0.0,0.0,1,40,8.0,301,19.076,72.8777
2025-01-05T14:00,29.2,47,30.5,0.0,0.0,3,93,10.6,305,19.076,72.8777
2025-01-05T15:00,27.8,58,29.2,0.0,0.0,3,87,11.8,310,19.076,72.8777
2025-01-05T16:00,26.6,65,28.2,0.0,0.0,1,47,13.0,314,19.076,72.8777
2025-01-05T17:00,25.4,67,26.7,0.0,0.0,1,41,13.5,323,19.076,72.8777
2025-01-05T18:00,24.8,72,26.5,0.0,0.0,3,99,12.6,323,19.076,72.8777
2025-01-05T19:00,24.5,75,26.7,0.0,0.0,3,100,11.1,331,19.076,72.8777
2025-01-05T20:00,24.3,76,26.5,0.0,0.0,3,100,10.6,345,19.076,72.8777
2025-01-05T21:00,24.3,71,25.8,0.0,0.0,3,100,11.4,342,19.076,72.8777
2025-01-05T22:00,24.2,65,25.2,0.0,0.0,3,100,10.8,350,19.076,72.8777
2025-01-05T23:00,23.6,66,24.4,0.0,0.0,0,14,11.1,351,19.076,72.8777
2025-01-06T00:00,22.7,72,23.9,0.0,0.0,0,4,10.1,350,19.076,72.8777
2025-01-06T01:00,22.1,78,23.6,0.0,0.0,0,0,10.1,349,19.076,72.8777
2025-01-06T02:00,21.8,82,23.4,0.0,0.0,0,16,10.2,351,19.076,72.8777
2025-01-06T03:00,21.5,80,22.9,0.0,0.0,0,3,9.9,356,19.076,72.8777
2025-01-06T04:00,21.2,76,22.1,0.0,0.0,0,0,9.9,356,19.076,72.8777
2025-01-06T05:00,21.1,69,21.0,0.0,0.0,0,0,12.1,353,19.076,72.8777
2025-01-06T06:00,20.4,65,19.6,0.0,0.0,0,0,12.8,357,19.076,72.8777
2025-01-06T07:00,20.0,66,19.4,0.0,0.0,0,0,11.0,6,19.076,72.8777
2025-01-06T08:00,21.0,63,20.6,0.0,0.0,0,0,10.1,3,19.076,72.8777
2025-01-06T09:00,22.8,56,22.3,0.0,0.0,0,0,10.4,2,19.076,72.8777
2025-01-06T10:00,25.1,48,24.6,0.0,0.0,0,0,10.4,360,19.076,72.8777
2025-01-06T11:00,27.3,41,27.1,0.0,0.0,0,0,11.1,351,19.076,72.8777
2025-01-06T12:00,29.0,35,28.9,0.0,0.0,0,0,11.7,347,19.076,72.8777
2025-01-06T13:00,29.9,32,29.6,0.0,0.0,0,0,12.4,339,19.076,72.8777
2025-01-06T14:00,29.8,34,29.0,0.0,0.0,0,0,14.7,329,19.076,72.8777
2025-01-06T15:00,28.8,41,27.8,0.0,0.0,0,0,16.5,326,19.076,72.8777
2025-01-06T16:00,27.4,51,27.2,0.0,0.0,0,0,16.4,327,19.076,72.8777
2025-01-06T17:00,26.0,58,26.3,0.0,0.0,0,0,15.0,330,19.076,72.8777
2025-01-06T18:00,24.2,67,24.8,0.0,0.0,0,0,14.7,335,19.076,72.8777
2025-01-06T19:00,23.5,64,23.6,0.0,0.0,0,0,14.8,344,19.076,72.8777
2025-01-06T20:00,23.0,61,22.6,0.0,0.0,0,0,14.0,351,19.076,72.8777
2025-01-06T21:00,22.5,59,22.0,0.0,0.0,0,0,12.9,354,19.076,72.8777
2025-01-06T22:00,21.8,60,21.2,0.0,0.0,0,0,12.1,356,19.076,72.8777
2025-01-06T23:00,21.3,59,20.3,0.0,0.0,0,0,12.9,354,19.076,72.8777
2025-01-07T00:00,20.9,56,19.7,0.0,0.0,0,0,12.1,354,19.076,72.8777
2025-01-07T01:00,20.6,54,19.3,0.0,0.0,0,0,10.6,358,19.076,72.8777
2025-01-07T02:00,20.2,54,19.0,0.0,0.0,0,0,9.2,357,19.076,72.8777
2025-01-07T03:00,19.9,54,18.8,0.0,0.0,0,0,8.3,1,19.076,72.8777
2025-01-07T04:00,19.6,56,18.5,0.0,0.0,0,0,8.1,360,19.076,72.8777
2025-01-07T05:00,19.3,57,18.3,0.0,0.0,0,0,7.9,3,19.076,72.8777
2025-01-07T06:00,18.7,64,18.2,0.0,0.0,0,0,6.9,9,19.076,72.8777
2025-01-07T07:00,18.5,66,18.1,0.0,0.0,0,0,6.6,17,19.076,72.8777
2025-01-07T08:00,19.7,62,19.5,0.0,0.0,0,0,6.1,30,19.076,72.8777
2025-01-07T09:00,22.3,55,22.4,0.0,0.0,0,0,5.1,32,19.076,72.8777
2025-01-07T10:00,25.4,48,25.7,0.0,0.0,0,0,5.6,22,19.076,72.8777
2025-01-07T11:00,28.2,41,29.1,0.0,0.0,0,0,5.5,17,19.076,72.8777
2025-01-07T12:00,30.3,35,31.5,0.0,0.0,0,0,4.9,2,19.076,72.8777
2025-01-07T13:00,31.4,32,32.6,0.0,0.0,0,0,4.9,332,19.076,72.8777
2025-01-07T14:00,31.4,34,32.1,0.0,0.0,0,0,8.3,309,19.076,72.8777
2025-01-07T15:00,30.1,45,30.8,0.0,0.0,0,0,11.9,308,19.076,72.8777
2025-01-07T16:00,29.0,53,30.2,0.0,0.0,0,0,12.8,310,19.076,72.8777
2025-01-07T17:00,27.4,66,29.8,0.0,0.0,0,0,11.9,311,19.076,72.8777
2025-01-07T18:00,26.6,73,29.3,0.0,0.0,0,0,12.2,329,19.076,72.8777
2025-01-07T19:00,26.1,64,27.5,0.0,0.0,0,2,12.2,346,19.076,72.8777
2025-01-07T20:00,26.1,53,25.7,0.0,0.0,0,0,16.6,358,19.076,72.8777
2025-01-07T21:00,25.6,47,24.7,0.0,0.0,0,1,14.3,6,19.076,72.8777
2025-01-07T22:00,25.0,49,24.3,0.0,0.0,0,14,12.5,23,19.076,72.8777
2025-01-07T23:00,24.5,51,24.0,0.0,0.0,2,59,11.7,38,19.076,72.8777
2025-01-08T00:00,24.1,53,23.7,0.0,0.0,3,86,11.3,46,19.076,72.8777
2025-01-08T01:00,23.6,56,23.2,0.0,0.0,3,82,11.6,48,19.076,72.8777
2025-01-08T02:00,23.0,58,22.7,0.0,0.0,1,30,11.2,49,19.076,72.8777
2025-01-08T03:00,22.3,61,22.1,0.0,0.0,1,47,10.5,55,19.076,72.8777
2025-01-08T04:00,21.7,63,21.7,0.0,0.0,1,32,9.4,50,19.076,72.8777
2025-01-08T05:00,21.2,65,21.4,0.0,0.0,2,50,8.4,53,19.076,72.8777
2025-01-08T06:00,20.5,68,20.9,0.0,0.0,2,72,7.1,49,19.076,72.8777
2025-01-08T07:00,20.0,70,20.6,0.0,0.0,0,3,5.9,47,19.076,72.8777
2025-01-08T08:00,20.9,67,21.8,0.0,0.0,0,0,3.7,39,19.076,72.8777
2025-01-08T09:00,23.3,58,24.3,0.0,0.0,0,0,3.3,29,19.076,72.8777
2025-01-08T10:00,26.4,47,27.3,0.0,0.0,0,0,3.1,10,19.076,72.8777
2025-01-08T11:00,29.0,39,30.4,0.0,0.0,0,0,2.0,350,19.076,72.8777
2025-01-08T12:00,30.4,36,32.2,0.0,0.0,0,0,3.3,306,19.076,72.8777
2025-01-08T13:00,30.6,38,32.0,0.0,0.0,0,10,8.6,296,19.076,72.8777
2025-01-08T14:00,30.0,43,31.2,0.0,0.0,1,35,11.0,295,19.076,72.8777
2025-01-08T15:00,29.3,45,29.9,0.0,0.0,1,20,11.5,301,19.076,72.8777
2025-01-08T16:00,28.4,46,28.7,0.0,0.0,0,13,11.5,310,19.076,72.8777
2025-01-08T17:00,27.2,49,27.6,0.0,0.0,0,15,10.1,321,19.076,72.8777
2025-01-08T18:00,25.8,61,27.0,0.0,0.0,0,14,10.0,327,19.076,72.8777
2025-01-08T19:00,25.2,64,26.5,0.0,0.0,0,14,10.4,340,19.076,72.8777
2025-01-08T20:00,25.1,60,25.9,0.0,0.0,0,16,10.9,348,19.076,72.8777
2025-01-08T21:00,25.2,53,25.4,0.0,0.0,1,25,10.0,15,19.076,72.8777
2025-01-08T22:00,25.3,47,24.9,0.0,0.0,3,80,9.7,25,19.076,72.8777
2025-01-08T23:00,25.1,43,24.2,0.0,0.0,3,87,9.5,27,19.076,72.8777
2025-01-09T00:00,24.2,44,23.3,0.0,0.0,3,95,8.2,40,19.076,72.8777
2025-01-09T01:00,23.2,48,22.5,0.0,0.0,2,65,8.6,70,19.076,72.8777
2025-01-09T02:00,22.4,52,21.9,0.0,0.0,3,93,7.2,55,19.076,72.8777
2025-01-09T03:00,21.8,54,21.5,0.0,0.0,1,37,6.4,74,19.076,72.8777
2025-01-09T04:00,21.4,55,20.9,0.0,0.0,2,61,7.5,73,19.076,72.8777
2025-01-09T05:00,20.9,56,20.3,0.0,0.0,0,10,7.6,56,19.076,72.8777
2025-01-09T06:00,20.6,58,19.8,0.0,0.0,1,43,9.0,57,19.076,72.8777
2025-01-09T07:00,20.4,58,19.5,0.0,0.0,1,27,9.6,57,19.076,72.8777
2025-01-09T08:00,21.5,54,20.4,0.0,0.0,1,41,10.4,54,19.076,72.8777
2025-01-09T09:00,24.2,46,23.3,0.0,0.0,1,40,9.0,67,19.076,72.8777
2025-01-09T10:00,27.3,35,26.2,0.0,0.0,1,46,8.9,72,19.076,72.8777
2025-01-09T11:00,29.7,31,29.3,0.0,0.0,3,82,7.6,89,19.076,72.8777
2025-01-09T12:00,31.5,27,31.9,0.0,0.0,3,99,4.8,110,19.076,72.8777
2025-01-09T13:00,32.0,25,33.0,0.0,0.0,3,83,1.9,253,19.076,72.8777
2025-01-09T14:00,32.0,26,32.0,0.0,0.0,1,22,6.1,267,19.076,72.8777
2025-01-09T15:00,31.4,29,30.6,0.0,0.0,0,6,9.2,273,19.076,72.8777
2025-01-09T16:00,30.1,35,29.3,0.0,0.0,0,3,11.2,292,19.076,72.8777
2025-01-09T17:00,28.5,39,27.9,0.0,0.0,0,4,10.4,307,19.076,72.8777
2025-01-09T18:00,26.8,51,27.2,0.0,0.0,0,6,10.7,325,19.076,72.8777
2025-01-09T19:00,25.6,59,26.3,0.0,0.0,0,0,11.4,336,19.076,72.8777
2025-01-09T20:00,25.1,59,25.6,0.0,0.0,0,3,11.8,336,19.076,72.8777
2025-01-09T21:00,25.1,53,25.1,0.0,0.0,0,0,10.4,346,19.076,72.8777
2025-01-09T22:00,24.4,54,24.8,0.0,0.0,0,11,7.0,21,19.076,72.8777
2025-01-09T23:00,23.5,56,24.1,0.0,0.0,0,16,4.9,36,19.076,72.8777
2025-01-10T00:00,22.9,56,23.5,0.0,0.0,2,57,4.2,47,19.076,72.8777
2025-01-10T01:00,22.5,56,22.9,0.0,0.0,3,91,4.1,49,19.076,72.8777
2025-01-10T02:00,22.2,57,22.4,0.0,0.0,3,98,5.4,53,19.076,72.8777
2025-01-10T03:00,21.6,58,21.7,0.0,0.0,3,90,5.7,53,19.076,72.8777
2025-01-10T04:00,20.8,61,21.0,0.0,0.0,3,91,5.4,48,19.076,72.8777
2025-01-10T05:00,20.4,63,20.6,0.0,0.0,3,98,4.9,54,19.076,72.8777
2025-01-10T06:00,21.1,56,20.6,0.0,0.0,3,88,7.2,77,19.076,72.8777
2025-01-10T07:00,20.5,57,20.0,0.0,0.0,0,8,6.6,73,19.076,72.8777
2025-01-10T08:00,21.6,54,21.2,0.0,0.0,0,6,6.6,73,19.076,72.8777
2025-01-10T09:00,24.3,47,24.1,0.0,0.0,0,18,5.5,73,19.076,72.8777
2025-01-10T10:00,27.2,38,27.0,0.0,0.0,1,22,4.7,86,19.076,72.8777
2025-01-10T11:00,29.4,33,29.9,0.0,0.0,1,32,3.3,103,19.076,72.8777
2025-01-10T12:00,30.8,29,31.9,0.0,0.0,2,59,2.3,176,19.076,72.8777
2025-01-10T13:00,31.3,28,32.1,0.0,0.0,2,79,4.6,239,19.076,72.8777
2025-01-10T14:00,31.1,29,31.1,0.0,0.0,3,99,7.8,262,19.076,72.8777
2025-01-10T15:00,30.4,32,29.6,0.0,0.0,3,99,9.4,274,19.076,72.8777
2025-01-10T16:00,29.5,34,28.7,0.0,0.0,2,73,9.1,280,19.076,72.8777
2025-01-10T17:00,28.1,38,27.5,0.0,0.0,1,33,9.6,286,19.076,72.8777
2025-01-10T18:00,26.3,54,27.1,0.0,0.0,3,82,8.7,302,19.076,72.8777
2025-01-10T19:00,25.7,62,27.2,0.0,0.0,3,81,9.1,309,19.076,72.8777
2025-01-10T20:00,25.3,66,27.0,0.0,0.0,3,90,9.2,305,19.076,72.8777
2025-01-10T21:00,24.7,71,27.5,0.0,0.0,2,73,3.5,325,19.076,72.8777
2025-01-10T22:00,24.0,72,26.6,0.0,0.0,2,71,3.7,101,19.076,72.8777
2025-01-10T23:00,23.5,69,25.1,0.0,0.0,1,24,7.0,87,19.076,72.8777
2025-01-11T00:00,22.8,70,25.0,0.0,0.0,0,2,1.9,34,19.076,72.8777
2025-01-11T01:00,22.2,70,24.1,0.0,0.0,0,1,2.2,24,19.076,72.8777
2025-01-11T02:00,21.8,69,23.3,0.0,0.0,0,0,3.0,38,19.076,72.8777
2025-01-11T03:00,21.4,68,22.7,0.0,0.0,0,0,3.1,40,19.076,72.8777
2025-01-11T04:00,20.9,69,22.1,0.0,0.0,0,3,3.0,33,19.076,72.8777
2025-01-11T05:00,20.5,70,21.6,0.0,0.0,3,88,3.2,16,19.076,72.8777
2025-01-11T06:00,20.8,71,21.9,0.0,0.0,0,0,4.7,28,19.076,72.8777
2025-01-11T07:00,20.7,72,21.9,0.0,0.0,3,88,4.8,27,19.076,72.8777
2025-01-11T08:00,22.2,67,23.3,0.0,0.0,3,99,5.9,23,19.076,72.8777
2025-01-11T09:00,24.3,60,25.5,0.0,0.0,3,100,6.0,5,19.076,72.8777
2025-01-11T10:00,26.5,49,26.9,0.0,0.0,3,100,8.3,349,19.076,72.8777
2025-01-11T11:00,27.9,43,28.3,0.0,0.0,2,54,8.8,334,19.076,72.8777
2025-01-11T12:00,28.6,44,29.7,0.0,0.0,0,2,10.3,319,19.076,72.8777
2025-01-11T13:00,28.3,50,29.8,0.0,0.0,0,0,12.9,310,19.076,72.8777
2025-01-11T14:00,28.0,49,28.7,0.0,0.0,0,0,14.4,312,19.076,72.8777
2025-01-11T15:00,27.6,46,27.1,0.0,0.0,0,3,15.2,317,19.076,72.8777
2025-01-11T16:00,27.1,46,26.3,0.0,0.0,2,64,14.8,322,19.076,72.8777
2025-01-11T17:00,25.9,52,25.6,0.0,0.0,3,100,13.8,327,19.076,72.8777
2025-01-11T18:00,24.4,68,25.5,0.0,0.0,3,100,12.2,327,19.076,72.8777
2025-01-11T19:00,23.7,76,25.4,0.0,0.0,3,96,12.4,332,19.076,72.8777
2025-01-11T20:00,23.4,77,25.1,0.0,0.0,3,100,12.2,336,19.076,72.8777
2025-01-11T21:00,23.1,77,24.7,0.0,0.0,3,100,12.1,335,19.076,72.8777
2025-01-11T22:00,22.9,75,24.4,0.0,0.0,3,100,10.7,344,19.076,72.8777
2025-01-11T23:00,22.5,78,24.3,0.0,0.0,3,100,8.6,358,19.076,72.8777
2025-01-12T00:00,21.9,80,23.9,0.0,0.0,3,93,6.9,23,19.076,72.8777
2025-01-12T01:00,21.3,79,23.0,0.0,0.0,0,6,6.4,45,19.076,72.8777
2025-01-12T02:00,20.7,77,22.1,0.0,0.0,0,0,6.1,32,19.076,72.8777
2025-01-12T03:00,20.6,76,21.4,0.0,0.0,0,0,8.8,5,19.076,72.8777
2025-01-12T04:00,20.8,76,21.6,0.0,0.0,0,0,9.6,4,19.076,72.8777
2025-01-12T05:00,20.9,75,21.7,0.0,0.0,0,0,9.4,1,19.076,72.8777
2025-01-12T06:00,20.8,79,21.7,0.0,0.0,0,0,10.9,348,19.076,72.8777
2025-01-12T07:00,20.8,76,21.2,0.0,0.0,0,0,12.1,349,19.076,72.8777
2025-01-12T08:00,21.6,69,22.2,0.0,0.0,0,0,9.4,360,19.076,72.8777
2025-01-12T09:00,23.4,58,23.8,0.0,0.0,0,0,7.5,17,19.076,72.8777
2025-01-12T10:00,25.7,49,26.1,0.0,0.0,0,0,6.3,15,19.076,72.8777
2025-01-12T11:00,28.1,41,28.7,0.0,0.0,0,0,6.7,355,19.076,72.8777
2025-01-12T12:00,29.5,36,30.2,0.0,0.0,0,0,8.4,332,19.076,72.8777
2025-01-12T13:00,30.0,37,30.6,0.0,0.0,0,0,10.9,320,19.076,72.8777
2025-01-12T14:00,29.7,42,30.1,0.0,0.0,0,0,13.8,313,19.076,72.8777
2025-01-12T15:00,29.0,46,29.0,0.0,0.0,0,0,15.2,317,19.076,72.8777
2025-01-12T16:00,28.2,48,27.9,0.0,0.0,0,0,15.7,321,19.076,72.8777
2025-01-12T17:00,26.8,53,27.0,0.0,0.0,0,0,14.4,324,19.076,72.8777
2025-01-12T18:00,25.1,67,26.3,0.0,0.0,0,0,13.8,327,19.076,72.8777
2025-01-12T19:00,24.5,68,25.6,0.0,0.0,0,0,13.6,338,19.076,72.8777
2025-01-12T20:00,24.6,58,24.6,0.0,0.0,0,0,13.8,354,19.076,72.8777
2025-01-12T21:00,24.3,53,23.9,0.0,0.0,0,0,12.4,360,19.076,72.8777
2025-01-12T22:00,24.1,52,23.4,0.0,0.0,0,0,12.1,3,19.076,72.8777
2025-01-12T23:00,23.7,50,22.9,0.0,0.0,0,0,10.9,6,19.076,72.8777
2025-01-13T00:00,23.3,50,22.7,0.0,0.0,0,0,8.6,10,19.076,72.8777
2025-01-13T01:00,23.0,53,23.0,0.0,0.0,0,1,6.3,37,19.076,72.8777
2025-01-13T02:00,22.5,58,22.9,0.0,0.0,0,0,5.7,37,19.076,72.8777
2025-01-13T03:00,22.2,62,22.7,0.0,0.0,0,0,6.4,45,19.076,72.8777
2025-01-13T04:00,22.0,66,22.7,0.0,0.0,0,0,7.3,50,19.076,72.8777
2025-01-13T05:00,22.1,67,22.7,0.0,0.0,0,0,8.5,62,19.076,72.8777
2025-01-13T06:00,22.3,66,22.6,0.0,0.0,0,0,11.0,60,19.076,72.8777
2025-01-13T07:00,22.1,67,22.4,0.0,0.0,0,0,11.2,53,19.076,72.8777
2025-01-13T08:00,23.1,64,23.6,0.0,0.0,0,0,10.3,59,19.076,72.8777
2025-01-13T09:00,25.4,56,26.0,0.0,0.0,0,0,10.3,61,19.076,72.8777
2025-01-13T10:00,28.2,47,28.7,0.0,0.0,0,0,10.2,64,19.076,72.8777
2025-01-13T11:00,30.4,41,31.3,0.0,0.0,0,0,10.1,80,19.076,72.8777
2025-01-13T12:00,32.0,37,33.9,0.0,0.0,0,0,6.2,78,19.076,72.8777
2025-01-13T13:00,32.7,35,35.5,0.0,0.0,0,2,1.3,315,19.076,72.8777
2025-01-13T14:00,32.4,37,33.8,0.0,0.0,0,0,9.4,294,19.076,72.8777
2025-01-13T15:00,30.6,48,31.8,0.0,0.0,0,0,13.4,302,19.076,72.8777
2025-01-13T16:00,29.3,52,30.4,0.0,0.0,0,0,14.0,313,19.076,72.8777
2025-01-13T17:00,28.2,55,29.4,0.0,0.0,0,0,12.2,326,19.076,72.8777
2025-01-13T18:00,26.5,67,28.6,0.0,0.0,0,0,11.5,329,19.076,72.8777
2025-01-13T19:00,25.9,67,27.5,0.0,0.0,0,0,12.9,339,19.076,72.8777
2025-01-13T20:00,25.7,63,26.9,0.0,0.0,0,0,11.8,353,19.076,72.8777
2025-01-13T21:00,25.7,59,26.4,0.0,0.0,0,0,12.1,1,19.076,72.8777
2025-01-13T22:00,25.7,54,26.5,0.0,0.0,0,0,7.4,22,19.076,72.8777
2025-01-13T23:00,24.8,59,26.8,0.0,0.0,0,0,1.0,68,19.076,72.8777
2025-01-14T00:00,24.0,60,25.7,0.0,0.0,0,0,2.3,331,19.076,72.8777
2025-01-14T01:00,23.6,60,24.9,0.0,0.0,0,0,3.4,25,19.076,72.8777
2025-01-14T02:00,22.9,63,24.2,0.0,0.0,0,0,2.9,30,19.076,72.8777
2025-01-14T03:00,22.4,64,23.6,0.0,0.0,0,0,3.4,58,19.076,72.8777
2025-01-14T04:00,22.1,63,23.1,0.0,0.0,0,0,4.1,52,19.076,72.8777
2025-01-14T05:00,21.6,66,22.7,0.0,0.0,0,0,3.6,70,19.076,72.8777
2025-01-14T06:00,22.3,65,23.2,0.0,0.0,0,1,6.7,87,19.076,72.8777
2025-01-14T07:00,22.6,64,23.3,0.0,0.0,0,14,7.4,86,19.076,72.8777
2025-01-14T08:00,24.1,58,24.8,0.0,0.0,0,9,7.5,80,19.076,72.8777
2025-01-14T09:00,26.7,51,27.7,0.0,0.0,0,1,6.1,78,19.076,72.8777
2025-01-14T10:00,29.3,42,29.9,0.0,0.0,0,0,7.4,103,19.076,72.8777
2025-01-14T11:00,31.5,36,32.4,0.0,0.0,0,0,7.7,129,19.076,72.8777
2025-01-14T12:00,32.6,33,33.8,0.0,0.0,0,2,8.0,171,19.076,72.8777
2025-01-14T13:00,32.9,33,34.3,0.0,0.0,0,1,8.2,216,19.076,72.8777
2025-01-14T14:00,32.1,37,33.2,0.0,0.0,0,0,10.0,247,19.076,72.8777
2025-01-14T15:00,30.6,45,31.6,0.0,0.0,0,0,11.0,269,19.076,72.8777
2025-01-14T16:00,29.2,52,30.7,0.0,0.0,0,0,10.4,284,19.076,72.8777
2025-01-14T17:00,28.0,57,29.8,0.0,0.0,0,0,9.4,301,19.076,72.8777
2025-01-14T18:00,26.3,68,28.3,0.0,0.0,0,0,12.0,317,19.076,72.8777
2025-01-14T19:00,25.3,72,27.3,0.0,0.0,0,0,11.8,327,19.076,72.8777
2025-01-14T20:00,24.7,74,27.1,0.0,0.0,0,1,9.3,352,19.076,72.8777
2025-01-14T21:00,24.6,69,26.7,0.0,0.0,0,1,7.7,36,19.076,72.8777
2025-01-14T22:00,24.6,67,26.6,0.0,0.0,0,3,6.6,45,19.076,72.8777
2025-01-14T23:00,24.5,67,26.5,0.0,0.0,0,11,5.7,53,19.076,72.8777
2025-01-15T00:00,24.0,69,26.4,0.0,0.0,0,9,3.0,33,19.076,72.8777
2025-01-15T01:00,23.7,70,26.0,0.0,0.0,0,2,3.1,69,19.076,72.8777
2025-01-15T02:00,23.3,71,25.6,0.0,0.0,3,93,3.1,80,19.076,72.8777
2025-01-15T03:00,23.0,72,25.2,0.0,0.0,3,97,3.3,77,19.076,72.8777
2025-01-15T04:00,22.7,74,25.1,0.0,0.0,2,71,2.7,67,19.076,72.8777
2025-01-15T05:00,22.6,75,25.1,0.0,0.0,0,5,2.2,104,19.076,72.8777
2025-01-15T06:00,21.9,77,24.2,0.0,0.0,3,81,2.5,352,19.076,72.8777
2025-01-15T07:00,22.1,78,24.3,0.0,0.0,2,54,5.2,348,19.076,72.8777
2025-01-15T08:00,23.4,74,25.6,0.0,0.0,0,0,6.4,350,19.076,72.8777
2025-01-15T09:00,25.6,65,28.0,0.0,0.0,0,2,4.8,347,19.076,72.8777
2025-01-15T10:00,27.7,54,30.0,0.0,0.0,0,1,3.0,343,19.076,72.8777
2025-01-15T11:00,29.3,49,31.9,0.0,0.0,0,16,3.4,302,19.076,72.8777
2025-01-15T12:00,30.2,47,32.9,0.0,0.0,0,8,6.2,282,19.076,72.8777
2025-01-15T13:00,29.6,52,32.0,0.0,0.0,0,9,11.7,293,19.076,72.8777
2025-01-15T14:00,28.6,55,30.4,0.0,0.0,0,0,14.3,305,19.076,72.8777
2025-01-15T15:00,27.9,57,28.8,0.0,0.0,0,0,16.0,315,19.076,72.8777
2025-01-15T16:00,27.1,61,28.1,0.0,0.0,0,0,15.7,322,19.076,72.8777
2025-01-15T17:00,26.1,67,27.7,0.0,0.0,0,1,13.4,327,19.076,72.8777
2025-01-15T18:00,24.7,75,26.7,0.0,0.0,0,0,12.5,323,19.076,72.8777
2025-01-15T19:00,24.0,80,26.3,0.0,0.0,0,0,12.0,330,19.076,72.8777
2025-01-15T20:00,23.8,78,26.0,0.0,0.0,0,0,10.3,354,19.076,72.8777
2025-01-15T21:00,23.6,72,25.5,0.0,0.0,0,0,8.1,31,19.076,72.8777
2025-01-15T22:00,23.4,71,25.1,0.0,0.0,0,0,6.8,37,19.076,72.8777
2025-01-15T23:00,23.2,70,24.9,0.0,0.0,0,4,6.1,40,19.076,72.8777
2025-01-16T00:00,22.9,70,24.7,0.0,0.0,0,8,5.3,12,19.076,72.8777
2025-01-16T01:00,22.6,71,24.0,0.0,0.0,0,0,7.6,346,19.076,72.8777
2025-01-16T02:00,22.2,74,23.4,0.0,0.0,0,0,10.0,340,19.076,72.8777
2025-01-16T03:00,21.8,75,22.7,0.0,0.0,0,0,11.2,348,19.076,72.8777
2025-01-16T04:00,21.4,75,22.2,0.0,0.0,0,0,11.2,360,19.076,72.8777
2025-01-16T05:00,21.0,76,21.8,0.0,0.0,0,0,10.2,9,19.076,72.8777
2025-01-16T06:00,20.4,79,21.3,0.0,0.0,0,0,9.9,358,19.076,72.8777
2025-01-16T07:00,20.2,80,20.9,0.0,0.0,0,0,11.0,359,19.076,72.8777
2025-01-16T08:00,21.3,74,22.1,0.0,0.0,0,14,10.3,359,19.076,72.8777
2025-01-16T09:00,23.5,65,24.6,0.0,0.0,0,17,7.9,4,19.076,72.8777
2025-01-16T10:00,26.0,57,27.3,0.0,0.0,1,32,7.2,1,19.076,72.8777
2025-01-16T11:00,28.3,50,29.9,0.0,0.0,0,1,8.3,347,19.076,72.8777
2025-01-16T12:00,29.6,46,31.4,0.0,0.0,0,1,10.5,329,19.076,72.8777
2025-01-16T13:00,29.7,47,31.3,0.0,0.0,0,13,14.2,320,19.076,72.8777
2025-01-16T14:00,29.2,51,30.4,0.0,0.0,1,21,16.3,319,19.076,72.8777
2025-01-16T15:00,28.6,55,29.4,0.0,0.0,1,21,16.9,321,19.076,72.8777
2025-01-16T16:00,27.7,60,28.8,0.0,0.0,0,0,16.4,324,19.076,72.8777
2025-01-16T17:00,26.5,65,27.8,0.0,0.0,1,39,15.5,332,19.076,72.8777
2025-01-16T18:00,24.9,74,26.7,0.0,0.0,1,29,14.1,330,19.076,72.8777
2025-01-16T19:00,24.3,76,26.2,0.0,0.0,2,61,12.7,342,19.076,72.8777
2025-01-16T20:00,24.3,69,25.5,0.0,0.0,3,94,13.0,350,19.076,72.8777
2025-01-16T21:00,24.4,64,25.0,0.0,0.0,1,34,12.6,1,19.076,72.8777
2025-01-16T22:00,24.3,63,25.1,0.0,0.0,0,11,10.7,9,19.076,72.8777
2025-01-16T23:00,24.1,63,24.7,0.0,0.0,2,60,11.2,4,19.076,72.8777
2025-01-17T00:00,23.8,63,24.4,0.0,0.0,3,91,10.4,10,19.076,72.8777
2025-01-17T01:00,23.6,63,24.3,0.0,0.0,3,97,9.1,8,19.076,72.8777
2025-01-17T02:00,23.3,64,24.4,0.0,0.0,0,11,7.1,7,19.076,72.8777
2025-01-17T03:00,23.1,66,23.8,0.0,0.0,1,25,9.4,356,19.076,72.8777
2025-01-17T04:00,23.1,66,24.1,0.0,0.0,1,25,8.9,40,19.076,72.8777
2025-01-17T05:00,23.2,67,24.1,0.0,0.0,2,65,10.1,50,19.076,72.8777
2025-01-17T06:00,23.0,71,24.3,0.0,0.0,1,22,8.7,50,19.076,72.8777
2025-01-17T07:00,22.9,71,24.1,0.0,0.0,0,0,9.6,64,19.076,72.8777
2025-01-17T08:00,23.9,67,25.3,0.0,0.0,0,0,9.1,63,19.076,72.8777
2025-01-17T09:00,26.2,59,27.9,0.0,0.0,0,2,6.6,73,19.076,72.8777
2025-01-17T10:00,29.1,47,30.5,0.0,0.0,0,3,6.2,83,19.076,72.8777
2025-01-17T11:00,31.2,40,33.0,0.0,0.0,0,0,5.4,96,19.076,72.8777
2025-01-17T12:00,32.7,35,35.3,0.0,0.0,0,0,2.2,189,19.076,72.8777
2025-01-17T13:00,33.4,32,35.5,0.0,0.0,0,0,4.0,273,19.076,72.8777
2025-01-17T14:00,32.4,40,34.0,0.0,0.0,1,22,10.7,287,19.076,72.8777
2025-01-17T15:00,30.7,49,32.1,0.0,0.0,0,9,12.5,302,19.076,72.8777
2025-01-17T16:00,29.3,54,30.5,0.0,0.0,0,0,14.9,311,19.076,72.8777
2025-01-17T17:00,27.7,57,28.8,0.0,0.0,0,1,13.5,329,19.076,72.8777
2025-01-17T18:00,26.2,69,28.3,0.0,0.0,0,0,11.3,317,19.076,72.8777
2025-01-17T19:00,25.4,75,28.2,0.0,0.0,0,0,9.1,319,19.076,72.8777
2025-01-17T20:00,25.4,73,27.9,0.0,0.0,0,0,9.9,338,19.076,72.8777
2025-01-17T21:00,25.1,72,26.9,0.0,0.0,0,0,12.7,348,19.076,72.8777
2025-01-17T22:00,25.2,66,26.9,0.0,0.0,0,0,9.6,5,19.076,72.8777
2025-01-17T23:00,25.4,62,26.8,0.0,0.0,0,0,8.5,52,19.076,72.8777
2025-01-18T00:00,25.4,59,26.6,0.0,0.0,0,0,7.2,78,19.076,72.8777
2025-01-18T01:00,24.5,60,25.9,0.0,0.0,0,0,5.1,63,19.076,72.8777
2025-01-18T02:00,23.8,60,25.0,0.0,0.0,0,0,5.2,63,19.076,72.8777
2025-01-18T03:00,23.6,58,24.2,0.0,0.0,0,0,6.9,73,19.076,72.8777
2025-01-18T04:00,23.4,57,23.7,0.0,0.0,0,0,7.5,69,19.076,72.8777
2025-01-18T05:00,23.1,57,23.4,0.0,0.0,0,0,6.9,62,19.076,72.8777
2025-01-18T06:00,22.5,60,23.0,0.0,0.0,0,0,5.6,73,19.076,72.8777
2025-01-18T07:00,22.2,59,22.4,0.0,0.0,0,0,7.0,78,19.076,72.8777
2025-01-18T08:00,23.9,52,23.6,0.0,0.0,0,0,9.2,79,19.076,72.8777
2025-01-18T09:00,26.6,42,26.2,0.0,0.0,0,0,8.1,84,19.076,72.8777
2025-01-18T10:00,29.3,34,28.2,0.0,0.0,0,0,11.4,87,19.076,72.8777
2025-01-18T11:00,31.7,28,30.8,0.0,0.0,0,0,11.7,94,19.076,72.8777
2025-01-18T12:00,33.4,23,32.8,0.0,0.0,0,0,10.3,93,19.076,72.8777
2025-01-18T13:00,34.0,21,34.4,0.0,0.0,0,0,4.6,51,19.076,72.8777
2025-01-18T14:00,33.7,21,33.6,0.0,0.0,0,0,5.2,326,19.076,72.8777
2025-01-18T15:00,33.3,23,32.5,0.0,0.0,0,0,6.7,304,19.076,72.8777
2025-01-18T16:00,32.9,25,31.8,0.0,0.0,0,0,7.6,297,19.076,72.8777
2025-01-18T17:00,31.4,32,30.9,0.0,0.0,0,0,10.0,309,19.076,72.8777
2025-01-18T18:00,27.2,63,28.6,0.0,0.0,0,0,14.9,332,19.076,72.8777
2025-01-18T19:00,26.1,61,26.8,0.0,0.0,0,0,14.0,342,19.076,72.8777
2025-01-18T20:00,25.8,60,26.5,0.0,0.0,0,0,13.7,339,19.076,72.8777
2025-01-18T21:00,25.9,51,25.8,0.0,0.0,0,0,12.2,344,19.076,72.8777
2025-01-18T22:00,25.2,54,25.7,0.0,0.0,0,0,8.0,5,19.076,72.8777
2025-01-18T23:00,24.7,56,25.5,0.0,0.0,0,0,6.1,2,19.076,72.8777
2025-01-19T00:00,24.0,57,24.9,0.0,0.0,0,0,5.0,30,19.076,72.8777
2025-01-19T01:00,23.6,57,24.3,0.0,0.0,0,0,4.7,62,19.076,72.8777
2025-01-19T02:00,23.3,56,23.7,0.0,0.0,0,0,5.6,75,19.076,72.8777
2025-01-19T03:00,22.5,57,23.0,0.0,0.0,0,0,4.1,67,19.076,72.8777
2025-01-19T04:00,21.9,58,22.3,0.0,0.0,0,0,3.9,68,19.076,72.8777
2025-01-19T05:00,21.5,58,21.5,0.0,0.0,0,0,5.6,57,19.076,72.8777
2025-01-19T06:00,21.3,59,21.2,0.0,0.0,0,0,7.0,67,19.076,72.8777
2025-01-19T07:00,21.0,60,20.9,0.0,0.0,0,0,6.9,70,19.076,72.8777
2025-01-19T08:00,22.3,55,22.0,0.0,0.0,0,0,7.6,76,19.076,72.8777
2025-01-19T09:00,25.2,46,25.2,0.0,0.0,0,0,6.2,78,19.076,72.8777
2025-01-19T10:00,28.7,36,28.6,0.0,0.0,0,0,5.1,100,19.076,72.8777
2025-01-19T11:00,31.0,31,31.6,0.0,0.0,0,0,4.2,100,19.076,72.8777
2025-01-19T12:00,32.9,26,34.5,0.0,0.0,0,0,0.4,270,19.076,72.8777
2025-01-19T13:00,33.2,25,34.0,0.0,0.0,0,0,4.2,282,19.076,72.8777
2025-01-19T14:00,33.1,26,33.0,0.0,0.0,0,0,9.4,281,19.076,72.8777
2025-01-19T15:00,31.9,32,31.2,0.0,0.0,0,0,12.8,285,19.076,72.8777
2025-01-19T16:00,30.7,35,30.0,0.0,0.0,0,0,12.3,297,19.076,72.8777
2025-01-19T17:00,29.0,42,28.9,0.0,0.0,0,0,11.5,315,19.076,72.8777
2025-01-19T18:00,27.3,53,27.9,0.0,0.0,0,0,11.5,330,19.076,72.8777
2025-01-19T19:00,26.7,55,27.3,0.0,0.0,0,0,12.6,332,19.076,72.8777
2025-01-19T20:00,26.4,49,26.1,0.0,0.0,0,0,13.1,341,19.076,72.8777
2025-01-19T21:00,26.1,46,25.5,0.0,0.0,0,0,11.7,350,19.076,72.8777
2025-01-19T22:00,25.6,46,25.3,0.0,0.0,0,0,8.7,4,19.076,72.8777
2025-01-19T23:00,24.8,46,24.9,0.0,0.0,0,0,4.5,5,19.076,72.8777
2025-01-20T00:00,24.5,46,24.4,0.0,0.0,0,0,5.1,356,19.076,72.8777
2025-01-20T01:00,23.6,50,23.8,0.0,0.0,0,1,3.5,15,19.076,72.8777
2025-01-20T02:00,23.0,51,23.2,0.0,0.0,0,11,3.6,357,19.076,72.8777
2025-01-20T03:00,22.3,54,22.5,0.0,0.0,0,0,3.7,14,19.076,72.8777
2025-01-20T04:00,21.8,56,22.1,0.0,0.0,0,0,3.4,32,19.076,72.8777
2025-01-20T05:00,21.3,58,21.6,0.0,0.0,0,2,3.6,33,19.076,72.8777
2025-01-20T06:00,21.2,60,21.6,0.0,0.0,0,16,3.7,47,19.076,72.8777
2025-01-20T07:00,20.9,62,21.4,0.0,0.0,3,80,4.3,45,19.076,72.8777
2025-01-20T08:00,22.2,58,22.5,0.0,0.0,2,75,6.0,49,19.076,72.8777
2025-01-20T09:00,25.1,49,25.5,0.0,0.0,2,60,4.8,63,19.076,72.8777
2025-01-20T10:00,28.6,38,29.0,0.0,0.0,2,75,3.4,74,19.076,72.8777
2025-01-20T11:00,31.2,29,31.9,0.0,0.0,1,24,2.2,55,19.076,72.8777
2025-01-20T12:00,32.7,26,34.0,0.0,0.0,1,42,1.0,301,19.076,72.8777
2025-01-20T13:00,33.2,25,33.9,0.0,0.0,0,0,5.2,274,19.076,72.8777
2025-01-20T14:00,32.6,30,33.0,0.0,0.0,0,0,10.2,278,19.076,72.8777
2025-01-20T15:00,31.6,33,31.2,0.0,0.0,0,0,12.3,291,19.076,72.8777
2025-01-20T16:00,30.5,35,29.9,0.0,0.0,0,0,11.5,305,19.076,72.8777
2025-01-20T17:00,29.1,41,29.0,0.0,0.0,0,0,11.0,319,19.076,72.8777
2025-01-20T18:00,27.5,53,28.4,0.0,0.0,0,0,10.4,330,19.076,72.8777
2025-01-20T19:00,26.9,53,27.3,0.0,0.0,0,0,12.4,338,19.076,72.8777
2025-01-20T20:00,26.4,49,26.1,0.0,0.0,0,0,12.8,343,19.076,72.8777
2025-01-20T21:00,26.0,48,25.5,0.0,0.0,0,0,12.2,352,19.076,72.8777
2025-01-20T22:00,25.7,48,25.4,0.0,0.0,0,0,10.6,1,19.076,72.8777
2025-01-20T23:00,25.3,47,25.2,0.0,0.0,0,0,6.9,17,19.076,72.8777
2025-01-21T00:00,24.5,47,24.5,0.0,0.0,0,0,5.4,8,19.076,72.8777
2025-01-21T01:00,24.2,48,24.1,0.0,0.0,0,0,5.9,337,19.076,72.8777
2025-01-21T02:00,23.3,53,23.7,0.0,0.0,0,0,4.3,355,19.076,72.8777
2025-01-21T03:00,22.4,56,22.9,0.0,0.0,0,0,3.4,25,19.076,72.8777
2025-01-21T04:00,21.9,58,22.4,0.0,0.0,0,0,3.4,354,19.076,72.8777
2025-01-21T05:00,21.3,60,21.8,0.0,0.0,0,0,4.0,355,19.076,72.8777
2025-01-21T06:00,21.3,68,22.1,0.0,0.0,0,0,5.5,349,19.076,72.8777
2025-01-21T07:00,20.9,69,21.7,0.0,0.0,0,0,5.9,2,19.076,72.8777
2025-01-21T08:00,22.2,63,23.0,0.0,0.0,0,0,5.1,45,19.076,72.8777
2025-01-21T09:00,24.6,53,25.5,0.0,0.0,0,0,3.6,60,19.076,72.8777
2025-01-21T10:00,27.8,43,28.7,0.0,0.0,0,0,2.3,23,19.076,72.8777
2025-01-21T11:00,30.1,35,31.5,0.0,0.0,0,0,1.9,319,19.076,72.8777
2025-01-21T12:00,31.4,32,32.9,0.0,0.0,0,0,4.3,294,19.076,72.8777
2025-01-21T13:00,31.3,36,32.7,0.0,0.0,0,0,9.4,296,19.076,72.8777
2025-01-21T14:00,31.0,40,32.3,0.0,0.0,0,0,10.8,296,19.076,72.8777
2025-01-21T15:00,30.7,39,31.3,0.0,0.0,0,0,10.6,298,19.076,72.8777
2025-01-21T16:00,30.0,40,30.0,0.0,0.0,0,0,11.0,305,19.076,72.8777
2025-01-21T17:00,28.6,44,28.5,0.0,0.0,0,0,11.9,319,19.076,72.8777
2025-01-21T18:00,26.6,62,28.3,0.0,0.0,0,0,10.2,328,19.076,72.8777
2025-01-21T19:00,26.0,62,27.2,0.0,0.0,0,0,12.0,338,19.076,72.8777
2025-01-21T20:00,25.7,58,26.3,0.0,0.0,0,0,11.8,344,19.076,72.8777
2025-01-21T21:00,25.3,58,25.9,0.0,0.0,0,0,10.6,351,19.076,72.8777
2025-01-21T22:00,25.0,54,25.5,0.0,0.0,0,0,7.6,7,19.076,72.8777
2025-01-21T23:00,24.4,53,25.1,0.0,0.0,0,0,4.2,12,19.076,72.8777
2025-01-22T00:00,24.3,52,24.5,0.0,0.0,0,0,6.0,351,19.076,72.8777
2025-01-22T01:00,23.8,53,23.9,0.0,0.0,0,0,7.6,348,19.076,72.8777
2025-01-22T02:00,23.3,55,23.5,0.0,0.0,0,0,6.7,352,19.076,72.8777
2025-01-22T03:00,22.8,57,23.1,0.0,0.0,0,0,6.3,345,19.076,72.8777
2025-01-22T04:00,22.2,59,22.6,0.0,0.0,0,0,5.9,360,19.076,72.8777
2025-01-22T05:00,21.3,62,21.9,0.0,0.0,0,14,4.0,10,19.076,72.8777
2025-01-22T06:00,20.6,70,21.8,0.0,0.0,0,1,2.9,22,19.076,72.8777
2025-01-22T07:00,20.4,71,21.6,0.0,0.0,0,0,2.8,11,19.076,72.8777
2025-01-22T08:00,22.3,62,23.3,0.0,0.0,0,0,3.1,24,19.076,72.8777
2025-01-22T09:00,24.9,53,25.9,0.0,0.0,0,0,3.1,353,19.076,72.8777
2025-01-22T10:00,27.7,45,28.6,0.0,0.0,0,0,3.9,338,19.076,72.8777
2025-01-22T11:00,29.8,39,31.3,0.0,0.0,0,0,3.8,319,19.076,72.8777
2025-01-22T12:00,31.1,36,32.9,0.0,0.0,0,0,5.6,301,19.076,72.8777
2025-01-22T13:00,31.4,38,33.3,0.0,0.0,0,0,8.1,295,19.076,72.8777
2025-01-22T14:00,30.9,42,32.6,0.0,0.0,0,0,10.6,300,19.076,72.8777
2025-01-22T15:00,29.7,46,30.5,0.0,0.0,0,0,13.5,312,19.076,72.8777
2025-01-22T16:00,28.5,49,28.7,0.0,0.0,0,0,15.0,322,19.076,72.8777
2025-01-22T17:00,27.3,57,28.1,0.0,0.0,0,0,14.2,328,19.076,72.8777
2025-01-22T18:00,26.1,64,27.2,0.0,0.0,0,0,14.0,331,19.076,72.8777
2025-01-22T19:00,25.8,59,26.2,0.0,0.0,0,0,14.1,339,19.076,72.8777
2025-01-22T20:00,25.7,54,25.4,0.0,0.0,0,0,14.5,346,19.076,72.8777
2025-01-22T21:00,25.3,51,25.0,0.0,0.0,0,0,12.1,357,19.076,72.8777
2025-01-22T22:00,25.0,50,24.8,0.0,0.0,0,0,9.9,4,19.076,72.8777
2025-01-22T23:00,24.6,50,24.4,0.0,0.0,0,0,9.4,11,19.076,72.8777
2025-01-23T00:00,24.2,52,23.9,0.0,0.0,0,13,9.9,360,19.076,72.8777
2025-01-23T01:00,23.9,53,23.6,0.0,0.0,0,0,10.4,360,19.076,72.8777
2025-01-23T02:00,23.7,55,23.5,0.0,0.0,0,0,10.1,354,19.076,72.8777
2025-01-23T03:00,23.4,56,23.1,0.0,0.0,0,0,11.1,348,19.076,72.8777
2025-01-23T04:00,22.9,58,22.4,0.0,0.0,1,41,12.5,348,19.076,72.8777
2025-01-23T05:00,22.6,58,21.9,0.0,0.0,1,26,13.1,353,19.076,72.8777
2025-01-23T06:00,22.1,61,21.7,0.0,0.0,2,76,11.4,355,19.076,72.8777
2025-01-23T07:00,21.7,61,21.2,0.0,0.0,2,50,11.5,357,19.076,72.8777
2025-01-23T08:00,22.6,56,22.1,0.0,0.0,1,36,10.4,360,19.076,72.8777
2025-01-23T09:00,24.6,47,23.7,0.0,0.0,0,0,11.0,357,19.076,72.8777
2025-01-23T10:00,26.9,39,25.7,0.0,0.0,0,0,11.6,352,19.076,72.8777
2025-01-23T11:00,28.9,34,28.0,0.0,0.0,0,0,12.6,343,19.076,72.8777
2025-01-23T12:00,30.1,32,29.6,0.0,0.0,0,0,14.1,337,19.076,72.8777
2025-01-23T13:00,30.5,33,30.1,0.0,0.0,0,0,15.6,327,19.076,72.8777
2025-01-23T14:00,29.9,38,29.7,0.0,0.0,0,0,17.0,321,19.076,72.8777
2025-01-23T15:00,29.0,45,28.8,0.0,0.0,0,0,17.6,323,19.076,72.8777
2025-01-23T16:00,28.2,49,27.9,0.0,0.0,0,0,16.6,326,19.076,72.8777
2025-01-23T17:00,26.6,56,26.8,0.0,0.0,0,0,14.8,329,19.076,72.8777
2025-01-23T18:00,25.1,64,25.9,0.0,0.0,0,0,13.4,331,19.076,72.8777
2025-01-23T19:00,24.7,59,24.7,0.0,0.0,0,0,14.4,345,19.076,72.8777
2025-01-23T20:00,24.7,52,24.0,0.0,0.0,0,0,14.3,355,19.076,72.8777
2025-01-23T21:00,24.5,47,23.4,0.0,0.0,0,0,12.8,358,19.076,72.8777
2025-01-23T22:00,24.2,46,22.9,0.0,0.0,0,0,12.2,359,19.076,72.8777
2025-01-23T23:00,23.9,45,22.4,0.0,0.0,0,0,12.3,3,19.076,72.8777
2025-01-24T00:00,23.6,43,21.9,0.0,0.0,0,0,12.1,360,19.076,72.8777
2025-01-24T01:00,23.2,42,21.3,0.0,0.0,0,0,12.1,360,19.076,72.8777
2025-01-24T02:00,23.0,42,21.3,0.0,0.0,0,0,10.6,357,19.076,72.8777
2025-01-24T03:00,22.6,44,21.1,0.0,0.0,0,0,9.6,354,19.076,72.8777
2025-01-24T04:00,22.2,46,20.8,0.0,0.0,0,0,9.4,355,19.076,72.8777
2025-01-24T05:00,21.8,47,20.6,0.0,0.0,0,0,8.1,357,19.076,72.8777
2025-01-24T06:00,20.7,55,20.1,0.0,0.0,1,42,6.5,360,19.076,72.8777
2025-01-24T07:00,20.4,57,20.0,0.0,0.0,2,64,6.1,5,19.076,72.8777
2025-01-24T08:00,21.6,54,21.3,0.0,0.0,0,4,6.0,17,19.076,72.8777
2025-01-24T09:00,24.3,48,24.4,0.0,0.0,0,0,4.7,23,19.076,72.8777
2025-01-24T10:00,27.4,44,28.1,0.0,0.0,0,2,3.7,11,19.076,72.8777
2025-01-24T11:00,30.1,39,31.8,0.0,0.0,0,6,2.7,340,19.076,72.8777
2025-01-24T12:00,31.5,37,33.7,0.0,0.0,0,6,4.5,293,19.076,72.8777
2025-01-24T13:00,31.7,38,34.0,0.0,0.0,0,6,7.4,284,19.076,72.8777
2025-01-24T14:00,31.5,40,33.4,0.0,0.0,0,11,8.9,288,19.076,72.8777
2025-01-24T15:00,31.0,40,32.0,0.0,0.0,0,9,9.4,294,19.076,72.8777
2025-01-24T16:00,30.1,43,30.9,0.0,0.0,0,5,9.0,303,19.076,72.8777
2025-01-24T17:00,28.7,47,29.4,0.0,0.0,0,1,9.5,316,19.076,72.8777
2025-01-24T18:00,27.0,57,28.3,0.0,0.0,0,0,9.9,325,19.076,72.8777
2025-01-24T19:00,26.0,65,28.0,0.0,0.0,0,1,9.4,336,19.076,72.8777
2025-01-24T20:00,25.7,65,27.6,0.0,0.0,0,2,8.5,1,19.076,72.8777
2025-01-24T21:00,25.8,60,27.4,0.0,0.0,0,3,6.5,13,19.076,72.8777
2025-01-24T22:00,25.6,58,27.2,0.0,0.0,1,22,5.1,18,19.076,72.8777
2025-01-24T23:00,25.0,60,26.9,0.0,0.0,0,10,3.4,43,19.076,72.8777
2025-01-25T00:00,24.9,62,27.2,0.0,0.0,0,1,1.5,353,19.076,72.8777
2025-01-25T01:00,24.3,64,26.5,0.0,0.0,0,1,1.9,343,19.076,72.8777
2025-01-25T02:00,23.7,68,26.0,0.0,0.0,0,17,2.0,360,19.076,72.8777
2025-01-25T03:00,23.3,68,25.2,0.0,0.0,0,9,3.6,354,19.076,72.8777
2025-01-25T04:00,23.0,69,24.7,0.0,0.0,2,61,4.4,9,19.076,72.8777
2025-01-25T05:00,22.6,69,24.2,0.0,0.0,3,92,5.0,21,19.076,72.8777
2025-01-25T06:00,22.2,71,23.8,0.0,0.0,1,40,5.3,38,19.076,72.8777
2025-01-25T07:00,22.0,73,23.7,0.0,0.0,0,5,4.9,54,19.076,72.8777
2025-01-25T08:00,23.6,67,25.3,0.0,0.0,0,1,5.3,57,19.076,72.8777
2025-01-25T09:00,26.5,56,28.5,0.0,0.0,0,3,3.4,72,19.076,72.8777
2025-01-25T10:00,29.9,45,31.7,0.0,0.0,0,0,2.7,127,19.076,72.8777
2025-01-25T11:00,32.4,36,34.4,0.0,0.0,0,0,3.1,187,19.076,72.8777
2025-01-25T12:00,33.2,33,35.3,0.0,0.0,0,0,5.7,252,19.076,72.8777
2025-01-25T13:00,32.8,37,35.0,0.0,0.0,0,0,8.3,266,19.076,72.8777
2025-01-25T14:00,32.2,39,34.1,0.0,0.0,0,0,9.2,276,19.076,72.8777
2025-01-25T15:00,31.4,42,32.8,0.0,0.0,0,0,10.0,291,19.076,72.8777
2025-01-25T16:00,30.5,44,31.2,0.0,0.0,0,0,10.5,299,19.076,72.8777
2025-01-25T17:00,29.0,49,29.9,0.0,0.0,0,0,10.8,317,19.076,72.8777
2025-01-25T18:00,27.3,60,29.2,0.0,0.0,0,0,9.9,328,19.076,72.8777
2025-01-25T19:00,26.1,70,28.4,0.0,0.0,0,0,10.6,336,19.076,72.8777
2025-01-25T20:00,25.7,68,27.6,0.0,0.0,0,0,10.9,341,19.076,72.8777
2025-01-25T21:00,25.7,62,27.2,0.0,0.0,0,0,9.2,16,19.076,72.8777
2025-01-25T22:00,25.9,58,27.2,0.0,0.0,0,0,7.2,32,19.076,72.8777
2025-01-25T23:00,25.7,58,27.1,0.0,0.0,0,0,6.3,31,19.076,72.8777
2025-01-26T00:00,25.0,60,26.7,0.0,0.0,0,0,4.8,25,19.076,72.8777
2025-01-26T01:00,24.4,62,25.9,0.0,0.0,0,0,5.2,360,19.076,72.8777
2025-01-26T02:00,24.2,63,25.6,0.0,0.0,0,0,6.0,7,19.076,72.8777
2025-01-26T03:00,23.9,64,25.3,0.0,0.0,0,0,6.2,12,19.076,72.8777
2025-01-26T04:00,23.6,66,24.8,0.0,0.0,0,0,8.2,351,19.076,72.8777
2025-01-26T05:00,23.1,69,24.5,0.0,0.0,0,0,7.7,3,19.076,72.8777
2025-01-26T06:00,22.0,77,23.8,0.0,0.0,0,0,7.1,10,19.076,72.8777
2025-01-26T07:00,21.8,78,23.7,0.0,0.0,0,0,6.2,30,19.076,72.8777
2025-01-26T08:00,23.4,71,25.3,0.0,0.0,0,0,6.2,57,19.076,72.8777
2025-01-26T09:00,26.4,59,28.6,0.0,0.0,0,0,4.1,38,19.076,72.8777
2025-01-26T10:00,30.0,47,32.1,0.0,0.0,0,0,3.5,35,19.076,72.8777
2025-01-26T11:00,32.7,38,35.5,0.0,0.0,0,0,0.8,315,19.076,72.8777
2025-01-26T12:00,33.5,35,36.2,0.0,0.0,0,0,4.9,276,19.076,72.8777
2025-01-26T13:00,33.1,41,36.1,0.0,0.0,0,3,9.3,278,19.076,72.8777
2025-01-26T14:00,32.4,43,35.0,0.0,0.0,1,25,10.3,283,19.076,72.8777
2025-01-26T15:00,31.8,41,33.2,0.0,0.0,0,12,10.5,292,19.076,72.8777
2025-01-26T16:00,31.0,42,31.8,0.0,0.0,0,1,10.2,304,19.076,72.8777
2025-01-26T17:00,29.3,51,30.7,0.0,0.0,0,5,11.2,314,19.076,72.8777
2025-01-26T18:00,27.2,67,29.7,0.0,0.0,1,45,11.2,322,19.076,72.8777
2025-01-26T19:00,26.0,76,29.2,0.0,0.0,0,15,10.2,323,19.076,72.8777
2025-01-26T20:00,25.5,78,28.8,0.0,0.0,0,4,8.4,335,19.076,72.8777
2025-01-26T21:00,25.9,65,28.0,0.0,0.0,0,0,7.6,15,19.076,72.8777
2025-01-26T22:00,26.1,58,27.8,0.0,0.0,0,0,6.4,8,19.076,72.8777
2025-01-26T23:00,25.8,58,27.5,0.0,0.0,0,0,4.7,2,19.076,72.8777
2025-01-27T00:00,25.3,59,27.0,0.0,0.0,0,0,4.2,342,19.076,72.8777
2025-01-27T01:00,25.0,59,26.4,0.0,0.0,0,0,5.2,333,19.076,72.8777
2025-01-27T02:00,24.4,62,25.6,0.0,0.0,0,0,7.4,337,19.076,72.8777
2025-01-27T03:00,23.8,65,25.0,0.0,0.0,0,0,8.2,351,19.076,72.8777
2025-01-27T04:00,23.3,66,24.8,0.0,0.0,0,0,6.0,3,19.076,72.8777
2025-01-27T05:00,22.8,68,24.3,0.0,0.0,0,0,5.1,6,19.076,72.8777
2025-01-27T06:00,22.0,75,24.0,0.0,0.0,1,29,3.6,357,19.076,72.8777
2025-01-27T07:00,21.6,77,23.8,0.0,0.0,3,80,3.0,14,19.076,72.8777
2025-01-27T08:00,23.4,69,25.4,0.0,0.0,3,99,4.1,23,19.076,72.8777
2025-01-27T09:00,26.3,58,28.3,0.0,0.0,3,100,3.3,29,19.076,72.8777
2025-01-27T10:00,29.3,48,31.3,0.0,0.0,2,74,2.7,356,19.076,72.8777
2025-01-27T11:00,31.3,43,33.8,0.0,0.0,3,92,4.6,312,19.076,72.8777
2025-01-27T12:00,32.2,42,35.2,0.0,0.0,3,80,7.2,305,19.076,72.8777
2025-01-27T13:00,32.5,44,35.6,0.0,0.0,0,18,9.6,298,19.076,72.8777
2025-01-27T14:00,32.3,45,34.9,0.0,0.0,0,14,11.4,299,19.076,72.8777
2025-01-27T15:00,31.8,42,33.0,0.0,0.0,0,13,12.4,306,19.076,72.8777
2025-01-27T16:00,30.7,41,30.8,0.0,0.0,0,14,12.9,312,19.076,72.8777
2025-01-27T17:00,28.9,49,29.5,0.0,0.0,0,1,12.5,325,19.076,72.8777
2025-01-27T18:00,26.9,62,28.5,0.0,0.0,0,0,11.7,324,19.076,72.8777
2025-01-27T19:00,25.9,67,27.7,0.0,0.0,0,1,11.9,329,19.076,72.8777
2025-01-27T20:00,25.7,60,26.3,0.0,0.0,0,0,13.3,337,19.076,72.8777
2025-01-27T21:00,25.5,52,25.4,0.0,0.0,0,0,11.6,345,19.076,72.8777
2025-01-27T22:00,25.3,46,24.8,0.0,0.0,0,0,9.6,356,19.076,72.8777
2025-01-27T23:00,24.9,45,24.5,0.0,0.0,0,0,6.8,3,19.076,72.8777
2025-01-28T00:00,23.9,47,23.8,0.0,0.0,0,0,4.4,7,19.076,72.8777
2025-01-28T01:00,23.2,49,23.1,0.0,0.0,0,0,4.0,352,19.076,72.8777
2025-01-28T02:00,23.3,48,23.1,0.0,0.0,0,0,5.0,325,19.076,72.8777
2025-01-28T03:00,23.2,52,23.2,0.0,0.0,0,0,5.9,346,19.076,72.8777
2025-01-28T04:00,22.5,56,22.8,0.0,0.0,0,0,5.2,354,19.076,72.8777
2025-01-28T05:00,21.8,59,22.3,0.0,0.0,0,0,4.0,352,19.076,72.8777
2025-01-28T06:00,21.3,66,22.2,0.0,0.0,0,12,4.6,339,19.076,72.8777
2025-01-28T07:00,21.3,68,22.3,0.0,0.0,2,53,4.8,349,19.076,72.8777
2025-01-28T08:00,22.9,62,23.9,0.0,0.0,3,99,4.7,9,19.076,72.8777
2025-01-28T09:00,25.4,52,26.5,0.0,0.0,3,100,3.2,3,19.076,72.8777
2025-01-28T10:00,28.1,44,29.3,0.0,0.0,3,100,2.0,315,19.076,72.8777
2025-01-28T11:00,30.1,40,31.6,0.0,0.0,3,100,5.0,285,19.076,72.8777
2025-01-28T12:00,30.0,44,31.8,0.0,0.0,3,100,10.8,298,19.076,72.8777
2025-01-28T13:00,29.9,47,32.1,0.0,0.0,2,62,11.8,306,19.076,72.8777
2025-01-28T14:00,30.5,41,31.9,0.0,0.0,3,88,11.2,305,19.076,72.8777
2025-01-28T15:00,30.4,40,31.1,0.0,0.0,3,96,10.4,300,19.076,72.8777
2025-01-28T16:00,29.5,43,30.0,0.0,0.0,3,87,9.8,300,19.076,72.8777
2025-01-28T17:00,27.9,51,29.0,0.0,0.0,3,97,8.9,308,19.076,72.8777
2025-01-28T18:00,26.1,63,28.2,0.0,0.0,1,38,6.7,306,19.076,72.8777
2025-01-28T19:00,25.1,71,27.8,0.0,0.0,1,38,6.5,318,19.076,72.8777
2025-01-28T20:00,24.4,80,27.3,0.0,0.0,2,74,8.6,330,19.076,72.8777
2025-01-28T21:00,23.9,81,26.8,0.0,0.0,3,100,7.4,337,19.076,72.8777
2025-01-28T22:00,23.2,81,26.4,0.0,0.0,3,100,3.5,24,19.076,72.8777
2025-01-28T23:00,22.5,80,25.4,0.0,0.0,3,98,3.0,52,19.076,72.8777
2025-01-29T00:00,21.8,82,24.5,0.0,0.0,3,90,3.1,28,19.076,72.8777
2025-01-29T01:00,21.4,80,23.7,0.0,0.0,3,100,3.3,9,19.076,72.8777
2025-01-29T02:00,21.2,76,23.0,0.0,0.0,3,100,3.4,6,19.076,72.8777
2025-01-29T03:00,21.1,71,22.4,0.0,0.0,3,100,3.8,355,19.076,72.8777
2025-01-29T04:00,21.0,69,22.0,0.0,0.0,3,100,4.2,355,19.076,72.8777
2025-01-29T05:00,20.7,69,21.6,0.0,0.0,3,100,4.3,358,19.076,72.8777
2025-01-29T06:00,20.6,71,21.6,0.0,0.0,3,100,4.5,355,19.076,72.8777
2025-01-29T07:00,20.8,67,21.5,0.0,0.0,3,98,4.9,358,19.076,72.8777
2025-01-29T08:00,22.3,59,22.7,0.0,0.0,2,62,5.4,14,19.076,72.8777
2025-01-29T09:00,24.9,46,25.0,0.0,0.0,1,24,4.5,7,19.076,72.8777
2025-01-29T10:00,27.8,35,27.2,0.0,0.0,1,26,5.3,336,19.076,72.8777
2025-01-29T11:00,29.8,28,29.6,0.0,0.0,1,27,6.1,310,19.076,72.8777
2025-01-29T12:00,30.8,27,30.9,0.0,0.0,2,59,8.0,295,19.076,72.8777
2025-01-29T13:00,30.8,30,31.1,0.0,0.0,3,97,10.3,295,19.076,72.8777
2025-01-29T14:00,30.4,32,30.5,0.0,0.0,0,18,11.6,302,19.076,72.8777
2025-01-29T15:00,29.7,36,29.3,0.0,0.0,0,8,12.5,307,19.076,72.8777
2025-01-29T16:00,28.7,39,27.9,0.0,0.0,0,0,12.7,315,19.076,72.8777
2025-01-29T17:00,27.4,47,27.3,0.0,0.0,0,0,12.2,323,19.076,72.8777
2025-01-29T18:00,25.6,68,27.3,0.0,0.0,0,0,11.6,325,19.076,72.8777
2025-01-29T19:00,24.6,77,27.1,0.0,0.0,0,0,10.8,334,19.076,72.8777
2025-01-29T20:00,24.3,77,26.5,0.0,0.0,0,0,10.7,337,19.076,72.8777
2025-01-29T21:00,24.0,73,25.7,0.0,0.0,0,0,10.6,345,19.076,72.8777
2025-01-29T22:00,23.5,71,24.9,0.0,0.0,0,0,9.6,352,19.076,72.8777
2025-01-29T23:00,23.2,67,24.4,0.0,0.0,0,0,7.5,8,19.076,72.8777
2025-01-30T00:00,22.7,63,23.7,0.0,0.0,0,0,5.2,2,19.076,72.8777
2025-01-30T01:00,22.1,61,22.8,0.0,0.0,0,0,4.8,349,19.076,72.8777
2025-01-30T02:00,21.8,61,22.3,0.0,0.0,0,0,5.1,343,19.076,72.8777
2025-01-30T03:00,21.6,62,22.0,0.0,0.0,0,0,6.1,341,19.076,72.8777
2025-01-30T04:00,21.4,64,21.7,0.0,0.0,0,3,6.8,348,19.076,72.8777
2025-01-30T05:00,21.0,65,21.4,0.0,0.0,3,86,6.5,355,19.076,72.8777
2025-01-30T06:00,20.3,72,21.1,0.0,0.0,3,81,6.5,358,19.076,72.8777
2025-01-30T07:00,20.2,71,20.8,0.0,0.0,3,80,6.7,5,19.076,72.8777
2025-01-30T08:00,21.8,64,22.3,0.0,0.0,2,74,6.6,13,19.076,72.8777
2025-01-30T09:00,24.7,53,25.6,0.0,0.0,3,91,4.0,18,19.076,72.8777
2025-01-30T10:00,27.8,44,28.8,0.0,0.0,3,92,2.7,4,19.076,72.8777
2025-01-30T11:00,30.2,37,32.1,0.0,0.0,2,54,1.6,276,19.076,72.8777
2025-01-30T12:00,31.4,36,33.4,0.0,0.0,3,94,5.4,274,19.076,72.8777
2025-01-30T13:00,31.2,40,33.3,0.0,0.0,3,91,9.6,290,19.076,72.8777
2025-01-30T14:00,31.0,40,32.6,0.0,0.0,2,73,10.6,300,19.076,72.8777
2025-01-30T15:00,30.8,38,31.3,0.0,0.0,3,82,11.1,309,19.076,72.8777
2025-01-30T16:00,30.2,37,29.8,0.0,0.0,3,84,11.5,318,19.076,72.8777
2025-01-30T17:00,28.7,41,28.3,0.0,0.0,0,1,11.7,323,19.076,72.8777
2025-01-30T18:00,26.9,48,27.0,0.0,0.0,0,0,10.7,327,19.076,72.8777
2025-01-30T19:00,25.8,56,26.5,0.0,0.0,0,0,10.1,333,19.076,72.8777
2025-01-30T20:00,25.3,51,25.2,0.0,0.0,0,0,10.9,341,19.076,72.8777
2025-01-30T21:00,24.8,50,24.5,0.0,0.0,0,0,9.7,345,19.076,72.8777
2025-01-30T22:00,24.3,48,23.8,0.0,0.0,0,0,9.3,344,19.076,72.8777
2025-01-30T23:00,23.9,46,23.1,0.0,0.0,0,0,9.2,349,19.076,72.8777
2025-01-31T00:00,23.5,44,22.5,0.0,0.0,0,0,7.7,351,19.076,72.8777
2025-01-31T01:00,22.9,45,21.9,0.0,0.0,0,0,7.7,349,19.076,72.8777
2025-01-31T02:00,22.2,54,21.6,0.0,0.0,0,0,8.9,354,19.076,72.8777
2025-01-31T03:00,21.6,65,21.9,0.0,0.0,0,0,8.3,359,19.076,72.8777
2025-01-31T04:00,21.2,68,21.8,0.0,0.0,0,0,6.9,6,19.076,72.8777
2025-01-31T05:00,21.0,64,21.3,0.0,0.0,0,0,7.0,4,19.076,72.8777
2025-01-31T06:00,20.6,69,21.4,0.0,0.0,0,0,5.2,2,19.076,72.8777
2025-01-31T07:00,20.5,67,21.1,0.0,0.0,0,0,4.7,2,19.076,72.8777
2025-01-31T08:00,22.4,59,22.8,0.0,0.0,0,0,5.9,14,19.076,72.8777
2025-01-31T09:00,25.0,49,25.6,0.0,0.0,0,5,4.1,13,19.076,72.8777
2025-01-31T10:00,27.5,41,28.0,0.0,0.0,1,36,3.3,338,19.076,72.8777
2025-01-31T11:00,29.2,38,30.3,0.0,0.0,1,26,5.2,301,19.076,72.8777
2025-01-31T12:00,29.6,43,31.6,0.0,0.0,0,6,8.8,289,19.076,72.8777
2025-01-31T13:00,29.4,48,31.8,0.0,0.0,0,3,11.3,290,19.076,72.8777
2025-01-31T14:00,29.3,48,31.1,0.0,0.0,1,35,12.1,297,19.076,72.8777
2025-01-31T15:00,28.7,49,29.8,0.0,0.0,0,13,12.6,304,19.076,72.8777
2025-01-31T16:00,27.7,56,28.8,0.0,0.0,0,0,12.1,310,19.076,72.8777
2025-01-31T17:00,26.5,61,27.8,0.0,0.0,0,9,11.5,314,19.076,72.8777
2025-01-31T18:00,24.7,72,26.4,0.0,0.0,0,5,12.1,320,19.076,72.8777
2025-01-31T19:00,23.9,79,25.9,0.0,0.0,0,0,12.5,325,19.076,72.8777
2025-01-31T20:00,23.6,77,25.2,0.0,0.0,1,28,13.6,331,19.076,72.8777
2025-01-31T21:00,23.4,73,24.6,0.0,0.0,2,56,11.9,340,19.076,72.8777
2025-01-31T22:00,22.9,73,24.5,0.0,0.0,0,0,8.1,359,19.076,72.8777
2025-01-31T23:00,22.3,71,23.7,0.0,0.0,0,0,6.0,17,19.076,72.8777
2025-02-01T00:00,21.7,67,22.8,0.0,0.0,0,12,4.8,22,19.076,72.8777
2025-02-01T01:00,21.2,64,21.9,0.0,0.0,1,40,4.6,18,19.076,72.8777
2025-02-01T02:00,20.4,64,20.9,0.0,0.0,2,54,3.8,19,19.076,72.8777
2025-02-01T03:00,20.0,63,20.2,0.0,0.0,3,82,4.0,8,19.076,72.8777
2025-02-01T04:00,20.1,60,20.0,0.0,0.0,3,96,4.8,11,19.076,72.8777
2025-02-01T05:00,19.9,62,19.9,0.0,0.0,1,49,4.7,18,19.076,72.8777
2025-02-01T06:00,19.9,72,20.7,0.0,0.0,3,100,4.9,6,19.076,72.8777
2025-02-01T07:00,20.0,77,21.1,0.0,0.0,3,100,5.8,14,19.076,72.8777
2025-02-01T08:00,21.5,75,22.9,0.0,0.0,3,100,6.2,26,19.076,72.8777
2025-02-01T09:00,23.7,71,25.8,0.0,0.0,3,97,5.6,25,19.076,72.8777
2025-02-01T10:00,25.8,59,27.7,0.0,0.0,3,91,4.3,28,19.076,72.8777
2025-02-01T11:00,28.1,43,29.9,0.0,0.0,2,63,2.7,340,19.076,72.8777
2025-02-01T12:00,29.1,40,30.8,0.0,0.0,2,55,6.9,307,19.076,72.8777
2025-02-01T13:00,28.6,51,30.7,0.0,0.0,0,4,13.1,308,19.076,72.8777
2025-02-01T14:00,27.9,52,29.3,0.0,0.0,1,21,15.7,315,19.076,72.8777
2025-02-01T15:00,27.7,48,27.8,0.0,0.0,3,90,15.6,321,19.076,72.8777
2025-02-01T16:00,27.2,47,26.7,0.0,0.0,3,100,14.9,323,19.076,72.8777
2025-02-01T17:00,26.2,51,25.8,0.0,0.0,1,28,14.6,327,19.076,72.8777
2025-02-01T18:00,24.8,59,25.1,0.0,0.0,0,4,12.6,332,19.076,72.8777
2025-02-01T19:00,24.1,63,24.6,0.0,0.0,0,1,12.5,337,19.076,72.8777
2025-02-01T20:00,23.9,56,23.4,0.0,0.0,1,46,13.0,346,19.076,72.8777
2025-02-01T21:00,23.5,52,22.7,0.0,0.0,0,0,12.3,350,19.076,72.8777
2025-02-01T22:00,23.3,47,22.0,0.0,0.0,0,0,11.5,352,19.076,72.8777
2025-02-01T23:00,23.0,44,21.5,0.0,0.0,0,13,10.5,356,19.076,72.8777
2025-02-02T00:00,22.7,42,21.3,0.0,0.0,0,2,7.5,8,19.076,72.8777
2025-02-02T01:00,22.1,43,20.9,0.0,0.0,1,34,5.9,12,19.076,72.8777
2025-02-02T02:00,21.7,44,20.3,0.0,0.0,2,52,7.5,349,19.076,72.8777
2025-02-02T03:00,21.6,47,20.1,0.0,0.0,1,26,9.9,341,19.076,72.8777
2025-02-02T04:00,21.3,50,19.9,0.0,0.0,0,8,10.4,349,19.076,72.8777
2025-02-02T05:00,21.1,50,19.8,0.0,0.0,1,47,9.5,360,19.076,72.8777
2025-02-02T06:00,20.7,54,19.9,0.0,0.0,3,96,7.9,357,19.076,72.8777
2025-02-02T07:00,20.5,53,19.7,0.0,0.0,3,93,6.9,7,19.076,72.8777
2025-02-02T08:00,21.5,49,20.7,0.0,0.0,3,96,6.4,18,19.076,72.8777
2025-02-02T09:00,24.1,41,23.4,0.0,0.0,3,91,4.6,18,19.076,72.8777
2025-02-02T10:00,27.0,34,26.4,0.0,0.0,2,68,3.8,360,19.076,72.8777
2025-02-02T11:00,29.2,30,29.1,0.0,0.0,3,93,5.6,320,19.076,72.8777
2025-02-02T12:00,30.3,31,30.6,0.0,0.0,0,15,9.3,314,19.076,72.8777
2025-02-02T13:00,30.9,32,31.3,0.0,0.0,1,24,11.8,313,19.076,72.8777
2025-02-02T14:00,30.8,33,30.7,0.0,0.0,2,55,13.6,313,19.076,72.8777
2025-02-02T15:00,30.2,34,29.4,0.0,0.0,2,62,14.3,315,19.076,72.8777
2025-02-02T16:00,29.1,38,28.1,0.0,0.0,0,4,13.8,321,19.076,72.8777
2025-02-02T17:00,27.6,46,27.3,0.0,0.0,0,0,13.1,327,19.076,72.8777
2025-02-02T18:00,25.9,58,26.5,0.0,0.0,0,5,12.6,326,19.076,72.8777
2025-02-02T19:00,25.1,63,26.0,0.0,0.0,1,34,12.5,330,19.076,72.8777
2025-02-02T20:00,25.0,55,24.7,0.0,0.0,1,26,13.5,341,19.076,72.8777
2025-02-02T21:00,24.7,51,24.2,0.0,0.0,2,51,12.0,351,19.076,72.8777
2025-02-02T22:00,24.3,46,23.5,0.0,0.0,3,99,9.7,356,19.076,72.8777
2025-02-02T23:00,24.1,44,23.0,0.0,0.0,3,88,9.3,350,19.076,72.8777
2025-02-03T00:00,23.8,44,22.8,0.0,0.0,1,29,8.3,347,19.076,72.8777
2025-02-03T01:00,23.2,46,22.7,0.0,0.0,2,75,5.8,353,19.076,72.8777
2025-02-03T02:00,22.6,48,22.2,0.0,0.0,2,53,4.5,360,19.076,72.8777
2025-02-03T03:00,22.1,50,21.8,0.0,0.0,3,91,4.2,355,19.076,72.8777
2025-02-03T04:00,21.9,52,21.6,0.0,0.0,2,55,5.2,340,19.076,72.8777
2025-02-03T05:00,21.6,55,21.4,0.0,0.0,2,75,6.0,344,19.076,72.8777
2025-02-03T06:00,21.2,63,21.7,0.0,0.0,0,16,4.9,2,19.076,72.8777
2025-02-03T07:00,20.7,63,21.2,0.0,0.0,2,71,4.2,18,19.076,72.8777
2025-02-03T08:00,22.3,54,22.3,0.0,0.0,3,83,5.0,2,19.076,72.8777
2025-02-03T09:00,25.3,40,24.5,0.0,0.0,0,5,6.9,335,19.076,72.8777
2025-02-03T10:00,27.4,40,26.7,0.0,0.0,0,5,10.4,328,19.076,72.8777
2025-02-03T11:00,28.5,47,29.4,0.0,0.0,0,1,12.4,320,19.076,72.8777
2025-02-03T12:00,28.9,50,30.7,0.0,0.0,0,0,14.0,314,19.076,72.8777
2025-02-03T13:00,28.9,44,29.7,0.0,0.0,0,0,16.1,312,19.076,72.8777
2025-02-03T14:00,28.7,41,28.5,0.0,0.0,3,80,17.1,313,19.076,72.8777
2025-02-03T15:00,28.1,42,27.4,0.0,0.0,3,96,16.9,315,19.076,72.8777
2025-02-03T16:00,27.4,45,26.5,0.0,0.0,1,28,16.2,316,19.076,72.8777
2025-02-03T17:00,26.2,54,26.2,0.0,0.0,2,61,14.1,321,19.076,72.8777
2025-02-03T18:00,25.1,60,25.7,0.0,0.0,0,0,12.0,328,19.076,72.8777
2025-02-03T19:00,24.4,65,25.4,0.0,0.0,0,7,11.1,338,19.076,72.8777
2025-02-03T20:00,24.2,63,25.2,0.0,0.0,2,61,9.8,347,19.076,72.8777
2025-02-03T21:00,23.8,64,25.0,0.0,0.0,3,85,7.5,17,19.076,72.8777
2025-02-03T22:00,23.4,61,24.3,0.0,0.0,3,100,6.5,2,19.076,72.8777
2025-02-03T23:00,23.0,60,23.5,0.0,0.0,3,94,6.9,355,19.076,72.8777
2025-02-04T00:00,22.6,59,22.9,0.0,0.0,3,93,6.5,2,19.076,72.8777
2025-02-04T01:00,22.2,57,22.4,0.0,0.0,3,98,5.8,4,19.076,72.8777
2025-02-04T02:00,21.8,57,21.9,0.0,0.0,3,100,5.2,356,19.076,72.8777
2025-02-04T03:00,21.5,57,21.5,0.0,0.0,3,98,5.0,2,19.076,72.8777
2025-02-04T04:00,20.5,61,20.8,0.0,0.0,3,99,3.7,23,19.076,72.8777
2025-02-04T05:00,20.1,63,20.5,0.0,0.0,3,97,3.3,22,19.076,72.8777
2025-02-04T06:00,20.5,60,20.4,0.0,0.0,3,98,5.4,346,19.076,72.8777
2025-02-04T07:00,20.8,61,20.8,0.0,0.0,3,98,6.7,352,19.076,72.8777
2025-02-04T08:00,22.6,60,23.0,0.0,0.0,3,98,7.2,357,19.076,72.8777
2025-02-04T09:00,25.0,63,26.5,0.0,0.0,3,91,8.1,342,19.076,72.8777
2025-02-04T10:00,27.2,51,28.2,0.0,0.0,3,84,7.3,340,19.076,72.8777
2025-02-04T11:00,28.5,45,29.5,0.0,0.0,2,60,10.4,324,19.076,72.8777
2025-02-04T12:00,29.1,47,30.9,0.0,0.0,3,96,11.5,316,19.076,72.8777
2025-02-04T13:00,29.6,44,31.3,0.0,0.0,3,93,11.8,309,19.076,72.8777
2025-02-04T14:00,29.7,39,30.4,0.0,0.0,3,92,12.7,305,19.076,72.8777
2025-02-04T15:00,29.1,37,28.5,0.0,0.0,2,74,13.8,307,19.076,72.8777
2025-02-04T16:00,27.9,43,27.2,0.0,0.0,1,25,13.6,313,19.076,72.8777
2025-02-04T17:00,26.6,52,26.6,0.0,0.0,1,24,14.2,319,19.076,72.8777
2025-02-04T18:00,25.1,62,25.4,0.0,0.0,0,16,15.0,327,19.076,72.8777
2025-02-04T19:00,24.4,67,25.3,0.0,0.0,1,32,12.9,330,19.076,72.8777
2025-02-04T20:00,24.4,55,23.9,0.0,0.0,2,57,13.9,346,19.076,72.8777
2025-02-04T21:00,24.4,46,23.1,0.0,0.0,2,72,12.7,353,19.076,72.8777
2025-02-04T22:00,24.1,40,22.4,0.0,0.0,1,25,11.2,357,19.076,72.8777
2025-02-04T23:00,23.7,39,21.9,0.0,0.0,1,36,10.1,356,19.076,72.8777
2025-02-05T00:00,23.2,39,21.3,0.0,0.0,2,51,9.7,356,19.076,72.8777
2025-02-05T01:00,22.7,39,20.5,0.0,0.0,2,69,11.0,358,19.076,72.8777
2025-02-05T02:00,22.4,38,20.0,0.0,0.0,3,88,11.9,358,19.076,72.8777
2025-02-05T03:00,22.2,37,19.5,0.0,0.0,2,61,12.6,359,19.076,72.8777
2025-02-05T04:00,21.9,37,19.2,0.0,0.0,2,63,12.6,1,19.076,72.8777
2025-02-05T05:00,21.7,37,18.8,0.0,0.0,1,20,13.3,360,19.076,72.8777
2025-02-05T06:00,21.2,41,18.7,0.0,0.0,3,84,12.4,358,19.076,72.8777
2025-02-05T07:00,20.9,40,18.5,0.0,0.0,3,83,10.6,4,19.076,72.8777
2025-02-05T08:00,22.1,36,19.8,0.0,0.0,0,13,9.7,1,19.076,72.8777
2025-02-05T09:00,24.6,30,21.9,0.0,0.0,0,1,10.8,356,19.076,72.8777
2025-02-05T10:00,27.3,26,24.7,0.0,0.0,0,0,11.0,354,19.076,72.8777
2025-02-05T11:00,29.6,23,27.7,0.0,0.0,0,0,11.5,349,19.076,72.8777
2025-02-05T12:00,31.2,21,29.8,0.0,0.0,0,0,12.2,338,19.076,72.8777
2025-02-05T13:00,31.6,22,30.3,0.0,0.0,0,0,14.0,327,19.076,72.8777
2025-02-05T14:00,30.7,29,29.6,0.0,0.0,0,0,17.1,319,19.076,72.8777
2025-02-05T15:00,29.5,38,28.6,0.0,0.0,0,0,18.2,321,19.076,72.8777
2025-02-05T16:00,27.9,45,26.6,0.0,0.0,0,0,19.1,324,19.076,72.8777
2025-02-05T17:00,26.4,48,25.3,0.0,0.0,0,0,17.5,328,19.076,72.8777
2025-02-05T18:00,25.1,55,24.8,0.0,0.0,0,0,14.4,330,19.076,72.8777
2025-02-05T19:00,24.4,54,23.7,0.0,0.0,0,0,14.9,342,19.076,72.8777
2025-02-05T20:00,24.2,50,22.8,0.0,0.0,0,0,15.9,348,19.076,72.8777
2025-02-05T21:00,23.8,44,22.1,0.0,0.0,0,0,13.8,354,19.076,72.8777
2025-02-05T22:00,23.5,43,21.6,0.0,0.0,0,0,12.9,353,19.076,72.8777
2025-02-05T23:00,23.2,41,21.3,0.0,0.0,0,0,11.2,357,19.076,72.8777
2025-02-06T00:00,22.9,39,20.9,0.0,0.0,0,0,10.1,355,19.076,72.8777
2025-02-06T01:00,22.6,37,20.2,0.0,0.0,0,0,11.5,351,19.076,72.8777
2025-02-06T02:00,22.2,35,19.6,0.0,0.0,0,0,10.3,353,19.076,72.8777
2025-02-06T03:00,21.7,35,19.3,0.0,0.0,0,0,8.2,351,19.076,72.8777
2025-02-06T04:00,21.0,37,18.9,0.0,0.0,0,0,6.7,351,19.076,72.8777
2025-02-06T05:00,20.5,38,18.5,0.0,0.0,0,0,6.0,357,19.076,72.8777
2025-02-06T06:00,19.5,48,18.3,0.0,0.0,0,0,5.1,354,19.076,72.8777
2025-02-06T07:00,19.3,48,18.2,0.0,0.0,0,0,4.1,23,19.076,72.8777
2025-02-06T08:00,21.2,43,19.9,0.0,0.0,0,0,5.3,12,19.076,72.8777
2025-02-06T09:00,24.2,37,23.1,0.0,0.0,0,0,4.5,5,19.076,72.8777
2025-02-06T10:00,27.3,33,26.5,0.0,0.0,0,0,4.5,355,19.076,72.8777
2025-02-06T11:00,29.9,31,30.3,0.0,0.0,0,0,4.8,335,19.076,72.8777
2025-02-06T12:00,31.4,31,32.5,0.0,0.0,0,0,7.5,316,19.076,72.8777
2025-02-06T13:00,31.8,35,33.4,0.0,0.0,0,0,9.6,304,19.076,72.8777
2025-02-06T14:00,31.6,38,33.1,0.0,0.0,0,0,11.5,304,19.076,72.8777
2025-02-06T15:00,31.0,40,31.9,0.0,0.0,0,0,11.6,305,19.076,72.8777
2025-02-06T16:00,29.9,42,30.0,0.0,0.0,0,0,12.2,313,19.076,72.8777
2025-02-06T17:00,28.7,45,28.8,0.0,0.0,0,0,12.0,316,19.076,72.8777
2025-02-06T18:00,26.9,57,27.9,0.0,0.0,0,0,12.1,322,19.076,72.8777
2025-02-06T19:00,26.3,61,27.4,0.0,0.0,0,0,12.6,334,19.076,72.8777
2025-02-06T20:00,26.1,58,27.0,0.0,0.0,0,0,11.2,338,19.076,72.8777
2025-02-06T21:00,25.7,59,26.9,0.0,0.0,0,0,8.3,5,19.076,72.8777
2025-02-06T22:00,25.6,56,26.8,0.0,0.0,0,0,5.5,46,19.076,72.8777
2025-02-06T23:00,25.2,56,26.6,0.0,0.0,0,0,4.2,47,19.076,72.8777
2025-02-07T00:00,24.8,58,26.4,0.0,0.0,0,0,2.9,360,19.076,72.8777
2025-02-07T01:00,24.2,60,25.7,0.0,0.0,0,0,3.5,332,19.076,72.8777
2025-02-07T02:00,23.7,63,25.1,0.0,0.0,0,0,4.9,336,19.076,72.8777
2025-02-07T03:00,23.0,67,24.4,0.0,0.0,0,0,6.2,348,19.076,72.8777
2025-02-07T04:00,22.4,67,23.8,0.0,0.0,0,0,4.4,30,19.076,72.8777
2025-02-07T05:00,22.3,65,23.4,0.0,0.0,0,0,4.6,42,19.076,72.8777
2025-02-07T06:00,22.6,66,23.5,0.0,0.0,0,0,6.9,49,19.076,72.8777
2025-02-07T07:00,22.5,66,23.5,0.0,0.0,0,0,6.5,46,19.076,72.8777
2025-02-07T08:00,24.0,62,25.2,0.0,0.0,0,0,6.1,14,19.076,72.8777
2025-02-07T09:00,26.6,54,28.2,0.0,0.0,0,0,4.0,8,19.076,72.8777
2025-02-07T10:00,29.8,44,31.5,0.0,0.0,0,0,2.8,27,19.076,72.8777
2025-02-07T11:00,32.4,36,35.2,0.0,0.0,0,0,0.6,326,19.076,72.8777
2025-02-07T12:00,33.9,32,36.8,0.0,0.0,0,0,2.1,255,19.076,72.8777
2025-02-07T13:00,34.3,33,36.8,0.0,0.0,0,0,7.2,256,19.076,72.8777
2025-02-07T14:00,33.7,36,35.8,0.0,0.0,0,0,9.8,263,19.076,72.8777
2025-02-07T15:00,33.1,37,34.4,0.0,0.0,0,0,9.7,270,19.076,72.8777
2025-02-07T16:00,31.6,41,32.3,0.0,0.0,0,0,10.9,282,19.076,72.8777
2025-02-07T17:00,29.7,48,30.8,0.0,0.0,0,0,10.2,306,19.076,72.8777
2025-02-07T18:00,27.8,56,29.5,0.0,0.0,0,0,8.9,328,19.076,72.8777
2025-02-07T19:00,26.9,60,28.9,0.0,0.0,0,0,8.0,337,19.076,72.8777
2025-02-07T20:00,26.6,60,28.4,0.0,0.0,0,0,8.3,346,19.076,72.8777
2025-02-07T21:00,26.5,55,28.1,0.0,0.0,0,0,4.8,27,19.076,72.8777
2025-02-07T22:00,26.2,55,27.7,0.0,0.0,0,0,4.5,360,19.076,72.8777
2025-02-07T23:00,25.4,59,27.4,0.0,0.0,0,0,2.9,7,19.076,72.8777
2025-02-08T00:00,25.1,63,27.8,0.0,0.0,0,0,0.6,146,19.076,72.8777
2025-02-08T01:00,24.5,64,26.9,0.0,0.0,0,0,0.8,207,19.076,72.8777
2025-02-08T02:00,23.9,66,26.4,0.0,0.0,0,0,0.4,360,19.076,72.8777
2025-02-08T03:00,23.3,68,25.7,0.0,0.0,0,0,0.3,45,19.076,72.8777
2025-02-08T04:00,22.6,71,24.9,0.0,0.0,0,0,1.3,45,19.076,72.8777
2025-02-08T05:00,22.1,71,24.1,0.0,0.0,0,0,2.4,9,19.076,72.8777
2025-02-08T06:00,22.1,73,24.0,0.0,0.0,0,0,4.0,30,19.076,72.8777
2025-02-08T07:00,21.9,74,23.6,0.0,0.0,0,0,5.0,49,19.076,72.8777
2025-02-08T08:00,23.9,64,25.3,0.0,0.0,0,0,6.1,60,19.076,72.8777
2025-02-08T09:00,27.3,52,28.9,0.0,0.0,0,0,4.3,68,19.076,72.8777
2025-02-08T10:00,30.6,41,32.2,0.0,0.0,0,0,2.9,83,19.076,72.8777
2025-02-08T11:00,32.7,35,35.2,0.0,0.0,0,0,1.5,284,19.076,72.8777
2025-02-08T12:00,33.3,36,35.9,0.0,0.0,0,0,6.7,289,19.076,72.8777
2025-02-08T13:00,32.9,40,35.7,0.0,0.0,0,2,9.9,295,19.076,72.8777
2025-02-08T14:00,32.8,41,35.2,0.0,0.0,0,0,11.0,302,19.076,72.8777
2025-02-08T15:00,32.5,41,34.0,0.0,0.0,0,0,11.6,306,19.076,72.8777
2025-02-08T16:00,31.6,42,32.3,0.0,0.0,0,0,11.8,308,19.076,72.8777
2025-02-08T17:00,29.9,48,31.0,0.0,0.0,0,0,11.8,317,19.076,72.8777
2025-02-08T18:00,27.8,59,29.4,0.0,0.0,0,0,12.1,328,19.076,72.8777
2025-02-08T19:00,26.8,64,28.7,0.0,0.0,0,0,11.2,334,19.076,72.8777
2025-02-08T20:00,26.5,65,28.2,0.0,0.0,0,0,12.6,332,19.076,72.8777
2025-02-08T21:00,26.7,56,27.4,0.0,0.0,0,0,12.3,356,19.076,72.8777
2025-02-08T22:00,26.8,49,27.3,0.0,0.0,0,0,8.6,26,19.076,72.8777
2025-02-08T23:00,26.5,48,27.3,0.0,0.0,0,0,4.8,56,19.076,72.8777
2025-02-09T00:00,25.8,50,26.6,0.0,0.0,0,0,4.3,42,19.076,72.8777
2025-02-09T01:00,25.0,54,26.2,0.0,0.0,0,0,3.2,16,19.076,72.8777
2025-02-09T02:00,24.3,55,25.5,0.0,0.0,0,0,2.7,328,19.076,72.8777
2025-02-09T03:00,24.1,55,24.8,0.0,0.0,0,0,5.3,325,19.076,72.8777
2025-02-09T04:00,23.9,58,24.4,0.0,0.0,0,0,7.6,332,19.076,72.8777
2025-02-09T05:00,23.7,59,24.0,0.0,0.0,0,0,9.5,333,19.076,72.8777
2025-02-09T06:00,23.1,67,24.1,0.0,0.0,0,0,8.6,352,19.076,72.8777
2025-02-09T07:00,22.7,64,23.5,0.0,0.0,0,0,7.4,7,19.076,72.8777
2025-02-09T08:00,24.1,56,24.6,0.0,0.0,0,0,6.9,6,19.076,72.8777
2025-02-09T09:00,27.1,44,27.5,0.0,0.0,0,0,5.6,6,19.076,72.8777
2025-02-09T10:00,30.2,36,30.5,0.0,0.0,0,0,4.9,356,19.076,72.8777
2025-02-09T11:00,32.4,33,33.8,0.0,0.0,0,0,4.8,326,19.076,72.8777
2025-02-09T12:00,33.1,35,35.3,0.0,0.0,0,0,7.7,298,19.076,72.8777
2025-02-09T13:00,32.8,40,35.3,0.0,0.0,0,0,11.1,295,19.076,72.8777
2025-02-09T14:00,32.5,40,34.4,0.0,0.0,0,0,12.8,299,19.076,72.8777
2025-02-09T15:00,31.9,39,32.6,0.0,0.0,0,0,13.5,308,19.076,72.8777
2025-02-09T16:00,30.9,42,31.2,0.0,0.0,0,0,13.0,315,19.076,72.8777
2025-02-09T17:00,29.5,49,30.4,0.0,0.0,0,0,13.5,322,19.076,72.8777
2025-02-09T18:00,28.3,53,29.0,0.0,0.0,0,0,14.2,327,19.076,72.8777
2025-02-09T19:00,27.6,52,28.1,0.0,0.0,0,0,13.7,333,19.076,72.8777
2025-02-09T20:00,27.6,45,27.1,0.0,0.0,0,0,13.9,336,19.076,72.8777
2025-02-09T21:00,27.3,45,26.7,0.0,0.0,0,0,12.7,347,19.076,72.8777
2025-02-09T22:00,27.0,42,26.3,0.0,0.0,0,0,11.3,359,19.076,72.8777
2025-02-09T23:00,26.7,39,26.0,0.0,0.0,0,0,7.4,18,19.076,72.8777
2025-02-10T00:00,26.1,38,25.3,0.0,0.0,0,0,6.8,358,19.076,72.8777
2025-02-10T01:00,25.5,39,24.4,0.0,0.0,0,0,8.3,347,19.076,72.8777
2025-02-10T02:00,25.1,42,24.1,0.0,0.0,0,0,9.0,337,19.076,72.8777
2025-02-10T03:00,24.6,46,23.9,0.0,0.0,0,0,9.0,345,19.076,72.8777
2025-02-10T04:00,24.3,49,23.6,0.0,0.0,0,0,10.6,342,19.076,72.8777
2025-02-10T05:00,24.0,52,23.5,0.0,0.0,0,0,10.8,345,19.076,72.8777
2025-02-10T06:00,23.6,58,23.6,0.0,0.0,2,64,10.2,351,19.076,72.8777
2025-02-10T07:00,23.3,58,23.3,0.0,0.0,0,0,9.7,2,19.076,72.8777
2025-02-10T08:00,24.5,50,24.4,0.0,0.0,0,0,7.6,15,19.076,72.8777
2025-02-10T09:00,27.2,38,26.9,0.0,0.0,0,0,5.5,23,19.076,72.8777
2025-02-10T10:00,30.3,30,29.7,0.0,0.0,0,0,5.6,7,19.076,72.8777
2025-02-10T11:00,32.7,27,33.0,0.0,0.0,0,0,6.2,345,19.076,72.8777
2025-02-10T12:00,33.6,27,34.7,0.0,0.0,0,0,7.3,308,19.076,72.8777
2025-02-10T13:00,33.1,35,35.0,0.0,0.0,0,0,11.3,292,19.076,72.8777
2025-02-10T14:00,32.7,34,33.6,0.0,0.0,0,0,13.9,299,19.076,72.8777
2025-02-10T15:00,32.0,33,31.7,0.0,0.0,0,0,14.8,307,19.076,72.8777
2025-02-10T16:00,30.8,37,30.2,0.0,0.0,0,0,14.3,312,19.076,72.8777
2025-02-10T17:00,29.1,46,29.3,0.0,0.0,0,0,13.7,321,19.076,72.8777
2025-02-10T18:00,27.2,56,28.0,0.0,0.0,0,0,12.7,325,19.076,72.8777
2025-02-10T19:00,26.3,62,27.4,0.0,0.0,0,0,13.4,329,19.076,72.8777
2025-02-10T20:00,26.1,60,26.6,0.0,0.0,0,0,15.0,333,19.076,72.8777
2025-02-10T21:00,26.0,54,25.8,0.0,0.0,0,0,14.9,337,19.076,72.8777
2025-02-10T22:00,25.2,63,25.8,0.0,0.0,0,0,14.2,342,19.076,72.8777
2025-02-10T23:00,24.9,61,25.8,0.0,0.0,0,0,10.3,356,19.076,72.8777
2025-02-11T00:00,24.3,59,25.2,0.0,0.0,0,0,6.9,30,19.076,72.8777
2025-02-11T01:00,23.5,58,24.3,0.0,0.0,0,0,4.9,17,19.076,72.8777
2025-02-11T02:00,23.2,56,23.7,0.0,0.0,0,0,5.6,356,19.076,72.8777
2025-02-11T03:00,23.1,54,23.2,0.0,0.0,0,0,6.8,348,19.076,72.8777
2025-02-11T04:00,23.2,51,22.7,0.0,0.0,0,0,8.4,345,19.076,72.8777
2025-02-11T05:00,23.0,49,22.3,0.0,0.0,0,0,8.3,356,19.076,72.8777
2025-02-11T06:00,22.1,57,22.1,0.0,0.0,0,0,6.7,8,19.076,72.8777
2025-02-11T07:00,21.7,57,21.6,0.0,0.0,0,0,6.8,12,19.076,72.8777
2025-02-11T08:00,23.4,49,23.0,0.0,0.0,0,0,7.5,8,19.076,72.8777
2025-02-11T09:00,26.5,37,25.8,0.0,0.0,0,0,6.3,3,19.076,72.8777
2025-02-11T10:00,29.7,29,28.7,0.0,0.0,0,0,6.2,350,19.076,72.8777
2025-02-11T11:00,31.7,26,31.4,0.0,0.0,0,0,8.2,328,19.076,72.8777
2025-02-11T12:00,32.4,28,33.0,0.0,0.0,0,0,10.2,314,19.076,72.8777
2025-02-11T13:00,32.2,33,33.2,0.0,0.0,0,0,13.2,305,19.076,72.8777
2025-02-11T14:00,31.6,33,31.6,0.0,0.0,0,0,15.8,312,19.076,72.8777
2025-02-11T15:00,30.8,34,30.2,0.0,0.0,0,0,15.7,316,19.076,72.8777
2025-02-11T16:00,29.4,43,28.9,0.0,0.0,0,0,15.9,317,19.076,72.8777
2025-02-11T17:00,27.9,52,28.2,0.0,0.0,0,0,15.3,324,19.076,72.8777
2025-02-11T18:00,26.1,61,27.0,0.0,0.0,0,0,13.3,325,19.076,72.8777
2025-02-11T19:00,25.3,65,26.5,0.0,0.0,0,0,12.3,331,19.076,72.8777
2025-02-11T20:00,25.2,54,25.0,0.0,0.0,0,0,13.2,338,19.076,72.8777
2025-02-11T21:00,24.8,52,24.5,0.0,0.0,0,0,11.7,343,19.076,72.8777
2025-02-11T22:00,24.4,50,23.9,0.0,0.0,0,0,10.3,348,19.076,72.8777
2025-02-11T23:00,23.9,49,23.4,0.0,0.0,0,0,9.0,350,19.076,72.8777
2025-02-12T00:00,23.2,54,22.9,0.0,0.0,0,0,9.2,349,19.076,72.8777
2025-02-12T01:00,22.5,63,22.7,0.0,0.0,0,0,9.9,351,19.076,72.8777
2025-02-12T02:00,22.0,67,22.3,0.0,0.0,0,0,10.5,354,19.076,72.8777
2025-02-12T03:00,21.7,65,21.7,0.0,0.0,0,0,10.3,353,19.076,72.8777
2025-02-12T04:00,21.5,60,21.1,0.0,0.0,0,0,9.5,358,19.076,72.8777
2025-02-12T05:00,21.3,53,20.5,0.0,0.0,0,0,8.6,360,19.076,72.8777
2025-02-12T06:00,20.7,57,20.1,0.0,0.0,0,0,7.6,7,19.076,72.8777
2025-02-12T07:00,20.4,55,19.7,0.0,0.0,0,0,7.1,15,19.076,72.8777
2025-02-12T08:00,21.9,49,21.2,0.0,0.0,0,0,6.5,23,19.076,72.8777
2025-02-12T09:00,25.1,38,24.3,0.0,0.0,0,0,5.2,16,19.076,72.8777
2025-02-12T10:00,28.6,30,27.4,0.0,0.0,0,0,7.1,10,19.076,72.8777
2025-02-12T11:00,31.1,26,30.7,0.0,0.0,0,0,8.8,360,19.076,72.8777
2025-02-12T12:00,32.7,23,32.5,0.0,0.0,0,0,10.2,342,19.076,72.8777
2025-02-12T13:00,33.3,23,33.1,0.0,0.0,0,0,12.4,329,19.076,72.8777
2025-02-12T14:00,32.5,34,33.2,0.0,0.0,0,0,14.8,316,19.076,72.8777
2025-02-12T15:00,31.4,43,32.6,0.0,0.0,0,0,15.4,314,19.076,72.8777
2025-02-12T16:00,30.5,47,31.2,0.0,0.0,0,0,14.5,318,19.076,72.8777
2025-02-12T17:00,29.0,51,29.7,0.0,0.0,0,0,13.8,319,19.076,72.8777
2025-02-12T18:00,26.9,57,27.9,0.0,0.0,0,0,12.4,327,19.076,72.8777
2025-02-12T19:00,26.0,61,27.1,0.0,0.0,0,0,12.4,339,19.076,72.8777
2025-02-12T20:00,26.1,57,26.6,0.0,0.0,0,0,13.1,347,19.076,72.8777
2025-02-12T21:00,25.8,55,26.1,0.0,0.0,0,0,12.3,352,19.076,72.8777
2025-02-12T22:00,25.4,52,25.3,0.0,0.0,0,0,11.5,357,19.076,72.8777
2025-02-12T23:00,25.1,50,24.6,0.0,0.0,0,0,11.5,360,19.076,72.8777
2025-02-13T00:00,24.7,48,23.8,0.0,0.0,0,0,12.4,358,19.076,72.8777
2025-02-13T01:00,24.5,45,23.4,0.0,0.0,0,0,11.5,3,19.076,72.8777
2025-02-13T02:00,24.2,43,23.1,0.0,0.0,0,0,9.4,4,19.076,72.8777
2025-02-13T03:00,23.7,43,22.5,0.0,0.0,0,0,9.0,2,19.076,72.8777
2025-02-13T04:00,23.1,44,21.8,0.0,0.0,0,0,9.2,6,19.076,72.8777
2025-02-13T05:00,22.7,44,21.2,0.0,0.0,0,0,9.9,9,19.076,72.8777
2025-02-13T06:00,21.7,50,20.8,0.0,0.0,0,0,8.0,23,19.076,72.8777
2025-02-13T07:00,21.5,50,20.5,0.0,0.0,0,0,8.1,32,19.076,72.8777
2025-02-13T08:00,22.9,46,22.0,0.0,0.0,0,0,7.5,37,19.076,72.8777
2025-02-13T09:00,25.8,38,25.0,0.0,0.0,0,0,5.8,30,19.076,72.8777
2025-02-13T10:00,29.2,31,28.7,0.0,0.0,0,0,5.2,20,19.076,72.8777
2025-02-13T11:00,32.2,25,32.7,0.0,0.0,0,0,4.7,9,19.076,72.8777
2025-02-13T12:00,34.1,21,34.6,0.0,0.0,0,0,6.0,335,19.076,72.8777
2025-02-13T13:00,34.8,20,35.1,0.0,0.0,0,0,9.0,317,19.076,72.8777
2025-02-13T14:00,33.9,32,35.1,0.0,0.0,0,0,12.7,310,19.076,72.8777
2025-02-13T15:00,32.8,37,33.5,0.0,0.0,0,0,14.7,313,19.076,72.8777
2025-02-13T16:00,31.4,39,31.1,0.0,0.0,0,0,15.1,311,19.076,72.8777
2025-02-13T17:00,29.7,42,29.7,0.0,0.0,0,0,12.9,325,19.076,72.8777
2025-02-13T18:00,28.4,49,28.9,0.0,0.0,0,0,12.2,326,19.076,72.8777
2025-02-13T19:00,28.2,46,27.7,0.0,0.0,0,0,15.7,340,19.076,72.8777
2025-02-13T20:00,28.0,42,27.0,0.0,0.0,0,0,15.3,348,19.076,72.8777
2025-02-13T21:00,27.7,40,26.4,0.0,0.0,0,0,14.6,355,19.076,72.8777
2025-02-13T22:00,27.4,38,25.8,0.0,0.0,0,0,15.0,357,19.076,72.8777
2025-02-13T23:00,27.2,36,25.3,0.0,0.0,0,0,14.8,357,19.076,72.8777
2025-02-14T00:00,26.6,36,24.8,0.0,0.0,0,0,13.1,2,19.076,72.8777
2025-02-14T01:00,26.3,35,24.3,0.0,0.0,0,0,12.8,2,19.076,72.8777
2025-02-14T02:00,25.8,35,23.9,0.0,0.0,0,0,11.4,5,19.076,72.8777
2025-02-14T03:00,25.2,37,23.6,0.0,0.0,0,0,10.0,9,19.076,72.8777
2025-02-14T04:00,24.6,39,23.2,0.0,0.0,0,0,9.0,16,19.076,72.8777
2025-02-14T05:00,24.2,41,22.9,0.0,0.0,0,0,8.4,20,19.076,72.8777
2025-02-14T06:00,22.8,48,22.1,0.0,0.0,0,0,6.5,32,19.076,72.8777
2025-02-14T07:00,22.6,49,21.9,0.0,0.0,0,0,7.2,39,19.076,72.8777
2025-02-14T08:00,24.2,45,23.5,0.0,0.0,0,0,8.0,38,19.076,72.8777
2025-02-14T09:00,27.3,37,26.7,0.0,0.0,0,0,6.1,32,19.076,72.8777
2025-02-14T10:00,30.7,29,30.1,0.0,0.0,0,0,5.7,28,19.076,72.8777
2025-02-14T11:00,33.4,23,33.7,0.0,0.0,0,0,4.5,360,19.076,72.8777
2025-02-14T12:00,34.7,20,35.1,0.0,0.0,0,0,5.5,324,19.076,72.8777
2025-02-14T13:00,34.6,25,35.4,0.0,0.0,0,0,10.4,304,19.076,72.8777
2025-02-14T14:00,33.7,34,34.9,0.0,0.0,0,0,14.0,307,19.076,72.8777
2025-02-14T15:00,33.0,35,33.4,0.0,0.0,0,0,15.1,309,19.076,72.8777
2025-02-14T16:00,31.9,33,30.5,0.0,0.0,0,0,16.9,317,19.076,72.8777
2025-02-14T17:00,30.6,33,28.7,0.0,0.0,0,0,17.2,332,19.076,72.8777
2025-02-14T18:00,29.2,39,28.1,0.0,0.0,0,0,16.0,333,19.076,72.8777
2025-02-14T19:00,28.8,38,27.0,0.0,0.0,0,0,18.8,341,19.076,72.8777
2025-02-14T20:00,28.9,32,26.3,0.0,0.0,0,0,18.6,347,19.076,72.8777
2025-02-14T21:00,28.7,30,26.1,0.0,0.0,0,0,16.7,359,19.076,72.8777
2025-02-14T22:00,28.3,29,25.8,0.0,0.0,0,0,15.0,3,19.076,72.8777
2025-02-14T23:00,27.9,30,25.4,0.0,0.0,0,0,14.6,4,19.076,72.8777
2025-02-15T00:00,27.5,31,25.3,0.0,0.0,0,0,12.7,8,19.076,72.8777
2025-02-15T01:00,27.0,31,25.2,0.0,0.0,0,0,9.6,21,19.076,72.8777
2025-02-15T02:00,26.4,32,24.9,0.0,0.0,0,0,7.2,35,19.076,72.8777
2025-02-15T03:00,25.6,33,24.2,0.0,0.0,0,0,6.5,34,19.076,72.8777
2025-02-15T04:00,24.6,36,23.4,0.0,0.0,0,0,5.2,27,19.076,72.8777
2025-02-15T05:00,23.9,38,22.8,0.0,0.0,0,0,4.8,11,19.076,72.8777
2025-02-15T06:00,22.1,46,21.4,0.0,0.0,0,0,4.2,10,19.076,72.8777
2025-02-15T07:00,22.3,45,21.4,0.0,0.0,0,0,5.5,13,19.076,72.8777
2025-02-15T08:00,24.2,40,23.1,0.0,0.0,0,0,6.8,22,19.076,72.8777
2025-02-15T09:00,27.6,34,27.0,0.0,0.0,0,0,4.4,27,19.076,72.8777
2025-02-15T10:00,31.2,26,30.6,0.0,0.0,0,0,4.0,32,19.076,72.8777
2025-02-15T11:00,33.6,21,34.0,0.0,0.0,0,0,3.1,3,19.076,72.8777
2025-02-15T12:00,35.0,19,35.7,0.0,0.0,0,0,4.5,310,19.076,72.8777
2025-02-15T13:00,35.2,22,35.5,0.0,0.0,0,0,10.5,303,19.076,72.8777
2025-02-15T14:00,34.7,25,34.7,0.0,0.0,0,0,14.5,308,19.076,72.8777
2025-02-15T15:00,33.9,27,33.0,0.0,0.0,0,0,16.8,317,19.076,72.8777
2025-02-15T16:00,32.9,28,30.9,0.0,0.0,0,0,17.5,323,19.076,72.8777
2025-02-15T17:00,31.8,29,30.0,0.0,0.0,0,0,15.4,330,19.076,72.8777
2025-02-15T18:00,29.8,34,28.4,0.0,0.0,0,0,14.3,331,19.076,72.8777
2025-02-15T19:00,28.9,32,26.7,0.0,0.0,0,0,16.4,336,19.076,72.8777
2025-02-15T20:00,28.3,32,26.1,0.0,0.0,0,0,15.0,340,19.076,72.8777
2025-02-15T21:00,27.8,30,25.4,0.0,0.0,0,0,13.5,346,19.076,72.8777
2025-02-15T22:00,27.5,25,25.0,0.0,0.0,0,0,9.5,1,19.076,72.8777
2025-02-15T23:00,26.6,23,24.2,0.0,0.0,0,0,6.1,19,19.076,72.8777
2025-02-16T00:00,25.4,25,23.1,0.0,0.0,0,0,5.4,360,19.076,72.8777
2025-02-16T01:00,24.6,28,22.2,0.0,0.0,0,0,7.9,343,19.076,72.8777
2025-02-16T02:00,24.1,32,21.8,0.0,0.0,0,0,9.7,350,19.076,72.8777
2025-02-16T03:00,24.2,33,22.0,0.0,0.0,0,0,9.2,354,19.076,72.8777
2025-02-16T04:00,23.8,32,21.6,0.0,0.0,0,0,8.3,359,19.076,72.8777
2025-02-16T05:00,23.2,32,21.2,0.0,0.0,0,0,6.3,15,19.076,72.8777
2025-02-16T06:00,21.6,42,20.3,0.0,0.0,0,0,5.0,13,19.076,72.8777
2025-02-16T07:00,21.6,42,20.3,0.0,0.0,0,0,5.2,29,19.076,72.8777
2025-02-16T08:00,23.8,37,22.4,0.0,0.0,0,0,6.2,22,19.076,72.8777
2025-02-16T09:00,27.9,29,26.5,0.0,0.0,0,0,5.8,2,19.076,72.8777
2025-02-16T10:00,31.3,23,29.7,0.0,0.0,0,0,7.4,347,19.076,72.8777
2025-02-16T11:00,33.7,18,33.0,0.0,0.0,0,0,6.8,349,19.076,72.8777
2025-02-16T12:00,34.9,17,34.6,0.0,0.0,0,0,7.2,325,19.076,72.8777
2025-02-16T13:00,35.1,19,34.8,0.0,0.0,0,0,10.6,305,19.076,72.8777
2025-02-16T14:00,34.1,26,34.1,0.0,0.0,0,0,13.5,306,19.076,72.8777
2025-02-16T15:00,32.7,28,31.8,0.0,0.0,0,0,16.0,313,19.076,72.8777
2025-02-16T16:00,31.6,28,29.7,0.0,0.0,0,0,15.3,321,19.076,72.8777
2025-02-16T17:00,30.0,36,28.9,0.0,0.0,0,0,15.1,325,19.076,72.8777
2025-02-16T18:00,27.7,47,27.6,0.0,0.0,0,0,13.4,327,19.076,72.8777
2025-02-16T19:00,26.7,53,27.1,0.0,0.0,0,0,11.8,331,19.076,72.8777
2025-02-16T20:00,26.5,48,26.4,0.0,0.0,0,0,11.4,336,19.076,72.8777
2025-02-16T21:00,26.1,47,26.0,0.0,0.0,0,0,8.9,341,19.076,72.8777
2025-02-16T22:00,25.2,53,25.8,0.0,0.0,0,0,7.2,335,19.076,72.8777
2025-02-16T23:00,24.4,62,25.7,0.0,0.0,0,0,7.0,348,19.076,72.8777
2025-02-17T00:00,23.8,66,25.0,0.0,0.0,0,0,9.4,355,19.076,72.8777
2025-02-17T01:00,23.6,61,24.4,0.0,0.0,0,0,7.7,3,19.076,72.8777
2025-02-17T02:00,23.2,58,23.7,0.0,0.0,0,0,5.9,23,19.076,72.8777
2025-02-17T03:00,22.3,58,22.8,0.0,0.0,0,0,4.2,36,19.076,72.8777
2025-02-17T04:00,21.7,57,22.0,0.0,0.0,0,0,4.2,25,19.076,72.8777
2025-02-17T05:00,21.3,56,21.3,0.0,0.0,0,0,4.0,36,19.076,72.8777
2025-02-17T06:00,20.8,62,21.4,0.0,0.0,0,0,3.0,17,19.076,72.8777
2025-02-17T07:00,21.2,59,21.4,0.0,0.0,0,0,4.8,347,19.076,72.8777
2025-02-17T08:00,23.7,52,23.8,0.0,0.0,0,0,6.7,352,19.076,72.8777
2025-02-17T09:00,27.2,39,27.2,0.0,0.0,0,0,4.5,5,19.076,72.8777
2025-02-17T10:00,30.6,26,29.6,0.0,0.0,0,0,5.8,353,19.076,72.8777
2025-02-17T11:00,32.7,23,32.7,0.0,0.0,0,0,6.3,342,19.076,72.8777
2025-02-17T12:00,34.2,22,34.9,0.0,0.0,0,0,6.5,326,19.076,72.8777
2025-02-17T13:00,34.3,26,35.0,0.0,0.0,0,0,11.4,303,19.076,72.8777
2025-02-17T14:00,32.6,36,33.7,0.0,0.0,0,0,15.7,307,19.076,72.8777
2025-02-17T15:00,31.8,33,31.2,0.0,0.0,0,0,17.3,313,19.076,72.8777
2025-02-17T16:00,31.1,35,30.0,0.0,0.0,0,0,15.3,320,19.076,72.8777
2025-02-17T17:00,29.9,41,29.7,0.0,0.0,0,0,13.8,323,19.076,72.8777
2025-02-17T18:00,28.1,48,28.1,0.0,0.0,0,0,14.0,329,19.076,72.8777
2025-02-17T19:00,27.7,48,27.3,0.0,0.0,0,0,16.0,336,19.076,72.8777
2025-02-17T20:00,27.7,42,26.6,0.0,0.0,0,0,15.4,343,19.076,72.8777
2025-02-17T21:00,27.2,41,26.2,0.0,0.0,0,0,12.3,355,19.076,72.8777
2025-02-17T22:00,27.0,37,25.7,0.0,0.0,0,0,10.8,10,19.076,72.8777
2025-02-17T23:00,26.5,35,25.1,0.0,0.0,0,0,9.8,353,19.076,72.8777
2025-02-18T00:00,25.8,36,24.2,0.0,0.0,0,0,10.2,353,19.076,72.8777
2025-02-18T01:00,25.2,38,23.7,0.0,0.0,0,0,10.2,352,19.076,72.8777
2025-02-18T02:00,24.8,42,23.5,0.0,0.0,0,0,10.4,352,19.076,72.8777
2025-02-18T03:00,24.3,44,23.4,0.0,0.0,0,0,8.7,353,19.076,72.8777
2025-02-18T04:00,23.9,46,23.1,0.0,0.0,0,0,8.3,354,19.076,72.8777
2025-02-18T05:00,23.5,47,22.8,0.0,0.0,0,0,8.4,351,19.076,72.8777
2025-02-18T06:00,23.4,53,22.9,0.0,0.0,0,0,10.9,351,19.076,72.8777
2025-02-18T07:00,23.4,49,22.6,0.0,0.0,0,0,10.1,5,19.076,72.8777
2025-02-18T08:00,24.9,44,24.2,0.0,0.0,0,0,7.8,23,19.076,72.8777
2025-02-18T09:00,27.9,36,27.6,0.0,0.0,0,0,4.6,31,19.076,72.8777
2025-02-18T10:00,31.2,29,30.8,0.0,0.0,0,0,5.2,12,19.076,72.8777
2025-02-18T11:00,33.6,24,33.9,0.0,0.0,0,0,6.4,349,19.076,72.8777
2025-02-18T12:00,34.8,22,35.3,0.0,0.0,0,0,8.1,323,19.076,72.8777
2025-02-18T13:00,34.6,27,35.4,0.0,0.0,0,0,12.4,310,19.076,72.8777
2025-02-18T14:00,34.1,31,34.8,0.0,0.0,0,0,14.6,308,19.076,72.8777
2025-02-18T15:00,32.1,34,31.5,0.0,0.0,0,0,18.5,314,19.076,72.8777
2025-02-18T16:00,30.6,42,30.1,0.0,0.0,0,0,17.6,323,19.076,72.8777
2025-02-18T17:00,29.7,48,30.1,0.0,0.0,0,0,15.6,321,19.076,72.8777
2025-02-18T18:00,28.6,49,28.8,0.0,0.0,0,0,15.0,326,19.076,72.8777
2025-02-18T19:00,28.5,44,27.9,0.0,0.0,0,0,15.9,340,19.076,72.8777
2025-02-18T20:00,28.4,40,27.5,0.0,0.0,0,0,13.2,355,19.076,72.8777
2025-02-18T21:00,28.3,36,27.2,0.0,0.0,0,0,11.6,7,19.076,72.8777
2025-02-18T22:00,28.3,34,26.9,0.0,0.0,0,0,10.9,20,19.076,72.8777
2025-02-18T23:00,27.9,32,26.5,0.0,0.0,0,0,9.0,33,19.076,72.8777
2025-02-19T00:00,27.1,33,25.8,0.0,0.0,0,0,8.4,37,19.076,72.8777
2025-02-19T01:00,26.2,36,25.2,0.0,0.0,0,0,6.6,26,19.076,72.8777
2025-02-19T02:00,25.5,37,24.6,0.0,0.0,0,0,6.4,8,19.076,72.8777
2025-02-19T03:00,25.1,38,24.0,0.0,0.0,0,0,7.2,359,19.076,72.8777
2025-02-19T04:00,24.9,38,23.5,0.0,0.0,0,0,8.5,354,19.076,72.8777
2025-02-19T05:00,24.7,38,23.2,0.0,0.0,0,0,9.1,352,19.076,72.8777
2025-02-19T06:00,23.4,50,23.1,0.0,0.0,0,0,7.1,341,19.076,72.8777
2025-02-19T07:00,23.3,50,22.8,0.0,0.0,0,0,7.9,348,19.076,72.8777
2025-02-19T08:00,24.9,45,24.4,0.0,0.0,0,0,7.7,357,19.076,72.8777
2025-02-19T09:00,28.0,36,27.6,0.0,0.0,0,0,6.5,355,19.076,72.8777
2025-02-19T10:00,30.8,31,30.1,0.0,0.0,0,0,8.5,343,19.076,72.8777
2025-02-19T11:00,32.6,27,32.6,0.0,0.0,0,0,9.7,335,19.076,72.8777
2025-02-19T12:00,33.4,26,33.6,0.0,0.0,0,8,12.3,322,19.076,72.8777
2025-02-19T13:00,32.9,32,33.5,0.0,0.0,0,0,16.5,311,19.076,72.8777
2025-02-19T14:00,32.5,34,32.9,0.0,0.0,0,0,17.3,312,19.076,72.8777
2025-02-19T15:00,31.9,34,31.5,0.0,0.0,0,0,17.8,316,19.076,72.8777
2025-02-19T16:00,31.3,34,29.9,0.0,0.0,0,0,16.5,319,19.076,72.8777
2025-02-19T17:00,30.2,38,29.4,0.0,0.0,0,0,15.0,323,19.076,72.8777
2025-02-19T18:00,28.3,48,28.6,0.0,0.0,0,0,13.4,325,19.076,72.8777
2025-02-19T19:00,27.9,47,27.8,0.0,0.0,0,0,13.8,336,19.076,72.8777
2025-02-19T20:00,27.6,44,27.0,0.0,0.0,0,0,13.1,344,19.076,72.8777
2025-02-19T21:00,27.4,41,26.5,0.0,0.0,0,0,12.0,348,19.076,72.8777
2025-02-19T22:00,27.0,36,25.8,0.0,0.0,0,0,10.1,355,19.076,72.8777
2025-02-19T23:00,26.2,36,25.2,0.0,0.0,2,53,6.7,354,19.076,72.8777
2025-02-20T00:00,25.4,42,24.6,0.0,0.0,2,71,8.3,349,19.076,72.8777
2025-02-20T01:00,24.7,48,24.2,0.0,0.0,3,88,10.2,350,19.076,72.8777
2025-02-20T02:00,24.3,53,23.9,0.0,0.0,2,50,11.5,352,19.076,72.8777
2025-02-20T03:00,24.1,52,23.5,0.0,0.0,0,5,11.8,352,19.076,72.8777
2025-02-20T04:00,24.3,47,23.4,0.0,0.0,0,14,10.3,359,19.076,72.8777
2025-02-20T05:00,23.8,45,23.2,0.0,0.0,1,20,6.4,25,19.076,72.8777
2025-02-20T06:00,22.3,57,22.5,0.0,0.0,0,3,6.0,3,19.076,72.8777
2025-02-20T07:00,22.4,55,22.3,0.0,0.0,0,1,7.1,7,19.076,72.8777
2025-02-20T08:00,24.4,48,24.1,0.0,0.0,0,2,7.5,10,19.076,72.8777
2025-02-20T09:00,27.8,38,27.6,0.0,0.0,0,5,6.0,5,19.076,72.8777
2025-02-20T10:00,31.4,28,30.5,0.0,0.0,0,8,7.9,1,19.076,72.8777
2025-02-20T11:00,33.5,22,33.1,0.0,0.0,0,8,9.2,359,19.076,72.8777
2025-02-20T12:00,34.6,20,34.4,0.0,0.0,0,3,10.3,344,19.076,72.8777
2025-02-20T13:00,34.7,24,35.0,0.0,0.0,1,37,12.1,320,19.076,72.8777
2025-02-20T14:00,33.5,34,34.5,0.0,0.0,1,33,15.9,312,19.076,72.8777
2025-02-20T15:00,32.9,35,32.9,0.0,0.0,1,25,17.5,312,19.076,72.8777
2025-02-20T16:00,32.5,34,31.5,0.0,0.0,0,2,17.4,316,19.076,72.8777
2025-02-20T17:00,31.3,39,30.8,0.0,0.0,0,0,16.2,321,19.076,72.8777
2025-02-20T18:00,29.1,43,28.5,0.0,0.0,0,3,16.2,331,19.076,72.8777
2025-02-20T19:00,28.9,41,27.5,0.0,0.0,0,7,18.5,341,19.076,72.8777
2025-02-20T20:00,28.8,36,26.9,0.0,0.0,0,12,17.5,350,19.076,72.8777
2025-02-20T21:00,28.6,32,26.4,0.0,0.0,0,2,16.4,357,19.076,72.8777
2025-02-20T22:00,28.5,29,26.0,0.0,0.0,0,1,14.9,9,19.076,72.8777
2025-02-20T23:00,28.3,28,25.5,0.0,0.0,0,0,15.6,6,19.076,72.8777
2025-02-21T00:00,28.0,28,25.3,0.0,0.0,0,0,14.9,11,19.076,72.8777
2025-02-21T01:00,27.8,29,25.1,0.0,0.0,0,0,14.6,16,19.076,72.8777
2025-02-21T02:00,28.0,27,25.0,0.0,0.0,0,0,15.9,18,19.076,72.8777
2025-02-21T03:00,27.8,27,25.0,0.0,0.0,0,0,13.6,28,19.076,72.8777
2025-02-21T04:00,26.9,28,24.6,0.0,0.0,0,0,10.5,37,19.076,72.8777
2025-02-21T05:00,26.2,29,24.0,0.0,0.0,0,0,9.7,24,19.076,72.8777
2025-02-21T06:00,24.8,36,23.2,0.0,0.0,0,0,8.4,23,19.076,72.8777
2025-02-21T07:00,24.7,37,23.0,0.0,0.0,0,0,9.4,32,19.076,72.8777
2025-02-21T08:00,26.4,34,24.7,0.0,0.0,0,0,10.3,44,19.076,72.8777
2025-02-21T09:00,29.1,30,27.8,0.0,0.0,0,0,8.7,43,19.076,72.8777
2025-02-21T10:00,32.4,24,31.0,0.0,0.0,0,0,9.9,44,19.076,72.8777
2025-02-21T11:00,35.1,20,34.3,0.0,0.0,0,0,10.2,46,19.076,72.8777
2025-02-21T12:00,36.3,18,36.7,0.0,0.0,0,0,6.0,25,19.076,72.8777
2025-02-21T13:00,36.7,18,37.2,0.0,0.0,0,0,6.8,318,19.076,72.8777
2025-02-21T14:00,35.4,27,36.1,0.0,0.0,0,0,13.7,308,19.076,72.8777
2025-02-21T15:00,34.2,32,34.3,0.0,0.0,0,0,16.3,311,19.076,72.8777
2025-02-21T16:00,32.8,37,32.6,0.0,0.0,0,0,16.2,313,19.076,72.8777
2025-02-21T17:00,31.5,38,31.2,0.0,0.0,0,0,14.9,328,19.076,72.8777
2025-02-21T18:00,30.2,42,30.2,0.0,0.0,0,0,13.6,331,19.076,72.8777
2025-02-21T19:00,29.7,43,29.2,0.0,0.0,0,0,16.5,338,19.076,72.8777
2025-02-21T20:00,29.5,39,28.4,0.0,0.0,0,0,16.9,349,19.076,72.8777
2025-02-21T21:00,29.4,36,28.1,0.0,0.0,0,0,14.0,1,19.076,72.8777
2025-02-21T22:00,29.0,35,27.8,0.0,0.0,0,0,12.4,17,19.076,72.8777
2025-02-21T23:00,28.8,34,27.2,0.0,0.0,0,0,13.7,18,19.076,72.8777
2025-02-22T00:00,28.7,31,26.6,0.0,0.0,0,0,14.1,15,19.076,72.8777
2025-02-22T01:00,28.3,29,26.1,0.0,0.0,0,0,12.8,16,19.076,72.8777
2025-02-22T02:00,27.6,30,25.7,0.0,0.0,0,0,9.9,35,19.076,72.8777
2025-02-22T03:00,27.2,30,25.2,0.0,0.0,0,0,9.6,30,19.076,72.8777
2025-02-22T04:00,26.7,31,24.8,0.0,0.0,0,0,9.1,18,19.076,72.8777
2025-02-22T05:00,26.0,32,24.3,0.0,0.0,0,0,7.6,27,19.076,72.8777
2025-02-22T06:00,24.8,37,23.5,0.0,0.0,0,0,6.6,43,19.076,72.8777
2025-02-22T07:00,24.5,38,23.2,0.0,0.0,0,0,7.4,51,19.076,72.8777
2025-02-22T08:00,26.0,36,24.8,0.0,0.0,0,0,7.3,62,19.076,72.8777
2025-02-22T09:00,28.8,32,28.3,0.0,0.0,0,0,4.5,61,19.076,72.8777
2025-02-22T10:00,32.0,27,31.9,0.0,0.0,0,0,3.5,55,19.076,72.8777
2025-02-22T11:00,34.2,23,35.4,0.0,0.0,0,0,1.8,307,19.076,72.8777
2025-02-22T12:00,34.9,24,36.3,0.0,0.0,0,0,5.6,287,19.076,72.8777
2025-02-22T13:00,34.6,27,35.8,0.0,0.0,0,0,10.4,288,19.076,72.8777
2025-02-22T14:00,34.0,27,34.1,0.0,0.0,0,0,13.6,298,19.076,72.8777
2025-02-22T15:00,32.9,27,32.1,0.0,0.0,0,0,14.1,309,19.076,72.8777
2025-02-22T16:00,31.4,39,31.3,0.0,0.0,0,0,14.0,314,19.076,72.8777
2025-02-22T17:00,30.2,44,30.4,0.0,0.0,0,0,13.5,307,19.076,72.8777
2025-02-22T18:00,28.3,54,28.7,0.0,0.0,0,0,17.7,321,19.076,72.8777
2025-02-22T19:00,28.1,55,28.7,0.0,0.0,0,0,17.1,322,19.076,72.8777
2025-02-22T20:00,28.4,46,27.9,0.0,0.0,0,0,16.3,335,19.076,72.8777
2025-02-22T21:00,28.4,40,27.8,0.0,0.0,0,0,11.9,342,19.076,72.8777
2025-02-22T22:00,28.3,36,27.1,0.0,0.0,0,0,11.5,343,19.076,72.8777
2025-02-22T23:00,28.0,34,26.5,0.0,0.0,0,0,11.4,353,19.076,72.8777
2025-02-23T00:00,27.5,34,26.1,0.0,0.0,0,0,10.0,17,19.076,72.8777
2025-02-23T01:00,27.2,33,25.6,0.0,0.0,0,0,10.1,27,19.076,72.8777
2025-02-23T02:00,26.9,32,25.2,0.0,0.0,0,0,9.4,30,19.076,72.8777
2025-02-23T03:00,26.4,32,24.6,0.0,0.0,0,0,9.0,30,19.076,72.8777
2025-02-23T04:00,25.7,33,24.2,0.0,0.0,0,0,7.4,34,19.076,72.8777
2025-02-23T05:00,24.9,35,23.5,0.0,0.0,0,0,6.2,54,19.076,72.8777
2025-02-23T06:00,23.7,44,23.1,0.0,0.0,0,0,5.2,56,19.076,72.8777
2025-02-23T07:00,23.6,46,23.1,0.0,0.0,0,0,6.0,49,19.076,72.8777
2025-02-23T08:00,25.5,42,24.9,0.0,0.0,0,0,7.2,51,19.076,72.8777
2025-02-23T09:00,28.8,34,28.4,0.0,0.0,0,0,5.3,35,19.076,72.8777
2025-02-23T10:00,32.6,26,32.3,0.0,0.0,0,0,4.4,32,19.076,72.8777
2025-02-23T11:00,34.9,21,35.6,0.0,0.0,0,0,3.1,332,19.076,72.8777
2025-02-23T12:00,35.6,22,36.9,0.0,0.0,0,0,5.8,296,19.076,72.8777
2025-02-23T13:00,35.7,26,37.0,0.0,0.0,0,1,10.3,293,19.076,72.8777
2025-02-23T14:00,35.7,23,36.0,0.0,0.0,0,0,12.2,290,19.076,72.8777
2025-02-23T15:00,34.8,24,34.2,0.0,0.0,0,0,13.7,295,19.076,72.8777
2025-02-23T16:00,33.3,29,32.3,0.0,0.0,0,0,12.7,301,19.076,72.8777
2025-02-23T17:00,31.5,40,32.1,0.0,0.0,0,0,10.1,316,19.076,72.8777
2025-02-23T18:00,29.9,45,30.6,0.0,0.0,0,0,10.5,325,19.076,72.8777
2025-02-23T19:00,29.2,48,29.8,0.0,0.0,0,0,13.2,328,19.076,72.8777
2025-02-23T20:00,29.1,42,28.6,0.0,0.0,0,0,14.1,337,19.076,72.8777
2025-02-23T21:00,29.4,33,27.7,0.0,0.0,0,0,14.4,352,19.076,72.8777
2025-02-23T22:00,29.3,30,27.0,0.0,0.0,0,0,15.4,353,19.076,72.8777
2025-02-23T23:00,28.8,31,26.5,0.0,0.0,0,0,15.4,353,19.076,72.8777
2025-02-24T00:00,27.8,34,26.3,0.0,0.0,0,0,11.3,1,19.076,72.8777
2025-02-24T01:00,26.9,35,25.9,0.0,0.0,0,0,6.8,32,19.076,72.8777
2025-02-24T02:00,26.2,35,24.8,0.0,0.0,0,0,8.0,25,19.076,72.8777
2025-02-24T03:00,25.8,34,24.1,0.0,0.0,0,0,8.7,21,19.076,72.8777
2025-02-24T04:00,25.2,33,23.7,0.0,0.0,0,0,6.9,39,19.076,72.8777
2025-02-24T05:00,24.6,34,23.0,0.0,0.0,0,5,6.7,54,19.076,72.8777
2025-02-24T06:00,24.3,40,22.8,0.0,0.0,1,49,9.8,50,19.076,72.8777
2025-02-24T07:00,24.4,39,22.7,0.0,0.0,0,9,10.7,44,19.076,72.8777
2025-02-24T08:00,26.1,36,24.6,0.0,0.0,0,0,10.5,51,19.076,72.8777
2025-02-24T09:00,29.4,30,28.3,0.0,0.0,0,0,7.3,59,19.076,72.8777
2025-02-24T10:00,33.3,23,32.2,0.0,0.0,0,0,7.8,75,19.076,72.8777
2025-02-24T11:00,35.8,17,35.8,0.0,0.0,0,0,4.5,97,19.076,72.8777
2025-02-24T12:00,36.9,15,37.7,0.0,0.0,0,0,1.9,253,19.076,72.8777
2025-02-24T13:00,36.2,21,36.8,0.0,0.0,0,0,10.1,275,19.076,72.8777
2025-02-24T14:00,35.4,25,35.9,0.0,0.0,0,0,12.5,288,19.076,72.8777
2025-02-24T15:00,34.8,25,34.3,0.0,0.0,0,0,13.4,296,19.076,72.8777
2025-02-24T16:00,33.7,28,32.5,0.0,0.0,0,0,13.5,300,19.076,72.8777
2025-02-24T17:00,32.3,34,31.6,0.0,0.0,0,0,14.4,317,19.076,72.8777
2025-02-24T18:00,29.9,49,30.8,0.0,0.0,2,58,13.4,321,19.076,72.8777
2025-02-24T19:00,28.8,56,30.3,0.0,0.0,3,92,12.8,331,19.076,72.8777
2025-02-24T20:00,29.0,44,28.8,0.0,0.0,3,90,14.0,338,19.076,72.8777
2025-02-24T21:00,28.9,39,28.1,0.0,0.0,3,82,13.0,350,19.076,72.8777
2025-02-24T22:00,28.9,32,27.4,0.0,0.0,3,97,11.4,4,19.076,72.8777
2025-02-24T23:00,29.0,28,27.0,0.0,0.0,3,99,11.2,3,19.076,72.8777
2025-02-25T00:00,28.5,28,26.6,0.0,0.0,3,100,10.1,5,19.076,72.8777
2025-02-25T01:00,27.9,28,25.9,0.0,0.0,3,90,9.3,8,19.076,72.8777
2025-02-25T02:00,27.1,29,25.4,0.0,0.0,2,69,6.6,37,19.076,72.8777
2025-02-25T03:00,26.4,29,24.7,0.0,0.0,1,23,6.6,57,19.076,72.8777
2025-02-25T04:00,25.8,30,23.8,0.0,0.0,3,100,8.0,52,19.076,72.8777
2025-02-25T05:00,25.4,31,23.4,0.0,0.0,3,96,8.2,38,19.076,72.8777
2025-02-25T06:00,24.7,36,23.3,0.0,0.0,3,86,6.6,49,19.076,72.8777
2025-02-25T07:00,24.8,36,23.1,0.0,0.0,3,96,8.7,56,19.076,72.8777
2025-02-25T08:00,26.4,33,24.8,0.0,0.0,3,100,8.4,74,19.076,72.8777
2025-02-25T09:00,29.4,29,28.4,0.0,0.0,3,100,4.9,84,19.076,72.8777
2025-02-25T10:00,33.1,22,32.5,0.0,0.0,3,100,3.2,93,19.076,72.8777
2025-02-25T11:00,35.7,17,35.4,0.0,0.0,3,100,4.9,80,19.076,72.8777
2025-02-25T12:00,36.9,15,37.6,0.0,0.0,1,32,1.7,198,19.076,72.8777
2025-02-25T13:00,37.5,15,37.7,0.0,0.0,1,36,6.1,275,19.076,72.8777
2025-02-25T14:00,36.7,20,36.4,0.0,0.0,0,0,12.2,279,19.076,72.8777
2025-02-25T15:00,35.8,22,34.7,0.0,0.0,0,4,14.2,288,19.076,72.8777
2025-02-25T16:00,34.1,27,32.8,0.0,0.0,0,0,14.6,305,19.076,72.8777
2025-02-25T17:00,32.2,35,31.9,0.0,0.0,0,0,12.9,325,19.076,72.8777
2025-02-25T18:00,29.1,53,30.6,0.0,0.0,3,92,10.9,315,19.076,72.8777
2025-02-25T19:00,28.3,53,29.9,0.0,0.0,1,30,8.1,302,19.076,72.8777
2025-02-25T20:00,27.8,56,30.2,0.0,0.0,1,38,3.7,321,19.076,72.8777
2025-02-25T21:00,27.8,52,29.7,0.0,0.0,1,39,3.8,85,19.076,72.8777
2025-02-25T22:00,27.3,54,29.6,0.0,0.0,1,28,1.5,30,19.076,72.8777
2025-02-25T23:00,26.7,56,29.1,0.0,0.0,1,48,1.0,315,19.076,72.8777
2025-02-26T00:00,26.1,59,28.6,0.0,0.0,0,1,0.6,198,19.076,72.8777
2025-02-26T01:00,25.6,65,28.7,0.0,0.0,0,17,0.2,180,19.076,72.8777
2025-02-26T02:00,25.0,67,28.0,0.0,0.0,0,3,0.5,225,19.076,72.8777
2025-02-26T03:00,24.0,66,26.5,0.0,0.0,0,2,0.8,27,19.076,72.8777
2025-02-26T04:00,23.2,66,25.0,0.0,0.0,0,3,2.8,35,19.076,72.8777
2025-02-26T05:00,23.1,61,24.2,0.0,0.0,0,2,3.6,49,19.076,72.8777
2025-02-26T06:00,22.9,63,24.4,0.0,0.0,0,1,2.8,27,19.076,72.8777
2025-02-26T07:00,23.4,58,24.3,0.0,0.0,0,0,4.5,37,19.076,72.8777
2025-02-26T08:00,25.7,48,26.2,0.0,0.0,0,0,4.8,63,19.076,72.8777
2025-02-26T09:00,29.2,35,29.3,0.0,0.0,0,0,4.3,75,19.076,72.8777
2025-02-26T10:00,33.1,25,32.9,0.0,0.0,0,0,3.8,95,19.076,72.8777
2025-02-26T11:00,35.4,20,36.1,0.0,0.0,0,0,3.4,137,19.076,72.8777
2025-02-26T12:00,36.8,18,38.2,0.0,0.0,0,0,2.3,225,19.076,72.8777
2025-02-26T13:00,37.2,17,37.8,0.0,0.0,0,0,7.2,271,19.076,72.8777
2025-02-26T14:00,35.7,24,35.9,0.0,0.0,0,0,14.1,267,19.076,72.8777
2025-02-26T15:00,34.2,29,34.0,0.0,0.0,0,0,14.8,266,19.076,72.8777
2025-02-26T16:00,33.1,32,32.9,0.0,0.0,0,0,10.4,270,19.076,72.8777
2025-02-26T17:00,32.3,37,32.7,0.0,0.0,0,5,9.6,287,19.076,72.8777
2025-02-26T18:00,29.8,49,30.8,0.0,0.0,0,0,12.7,301,19.076,72.8777
2025-02-26T19:00,28.7,54,30.4,0.0,0.0,0,0,9.9,327,19.076,72.8777
2025-02-26T20:00,28.2,55,30.6,0.0,0.0,0,0,3.7,11,19.076,72.8777
2025-02-26T21:00,28.1,53,30.0,0.0,0.0,0,0,5.2,12,19.076,72.8777
2025-02-26T22:00,27.8,51,29.5,0.0,0.0,0,0,4.5,16,19.076,72.8777
2025-02-26T23:00,27.3,50,28.7,0.0,0.0,0,0,4.0,8,19.076,72.8777
2025-02-27T00:00,26.5,51,28.0,0.0,0.0,0,0,3.1,360,19.076,72.8777
2025-02-27T01:00,26.0,52,27.4,0.0,0.0,0,0,3.2,341,19.076,72.8777
2025-02-27T02:00,25.6,53,26.7,0.0,0.0,0,0,4.3,360,19.076,72.8777
2025-02-27T03:00,25.1,54,25.9,0.0,0.0,0,0,6.5,347,19.076,72.8777
2025-02-27T04:00,24.6,54,25.4,0.0,0.0,0,0,5.2,16,19.076,72.8777
2025-02-27T05:00,24.1,54,24.7,0.0,0.0,0,0,5.3,35,19.076,72.8777
2025-02-27T06:00,23.9,55,24.6,0.0,0.0,0,0,4.6,36,19.076,72.8777
2025-02-27T07:00,24.1,53,24.5,0.0,0.0,0,0,5.0,35,19.076,72.8777
2025-02-27T08:00,26.2,46,26.5,0.0,0.0,0,0,5.6,48,19.076,72.8777
2025-02-27T09:00,29.7,37,30.2,0.0,0.0,0,0,3.6,63,19.076,72.8777
2025-02-27T10:00,33.4,27,33.9,0.0,0.0,0,0,2.7,86,19.076,72.8777
2025-02-27T11:00,35.3,23,36.4,0.0,0.0,0,0,4.3,202,19.076,72.8777
2025-02-27T12:00,35.8,23,36.9,0.0,0.0,0,0,8.4,225,19.076,72.8777
2025-02-27T13:00,35.6,24,36.6,0.0,0.0,0,1,10.4,238,19.076,72.8777
2025-02-27T14:00,35.4,25,36.0,0.0,0.0,0,0,11.3,252,19.076,72.8777
2025-02-27T15:00,34.5,27,34.3,0.0,0.0,0,0,13.7,272,19.076,72.8777
2025-02-27T16:00,33.2,32,32.4,0.0,0.0,0,0,15.0,284,19.076,72.8777
2025-02-27T17:00,31.5,39,31.5,0.0,0.0,0,1,13.3,297,19.076,72.8777
2025-02-27T18:00,29.8,48,31.0,0.0,0.0,0,7,9.8,284,19.076,72.8777
2025-02-27T19:00,28.9,56,31.3,0.0,0.0,0,6,6.9,313,19.076,72.8777
2025-02-27T20:00,28.6,58,31.8,0.0,0.0,0,0,2.8,345,19.076,72.8777
2025-02-27T21:00,28.4,56,31.1,0.0,0.0,0,0,3.4,58,19.076,72.8777
2025-02-27T22:00,28.1,54,30.3,0.0,0.0,0,0,4.3,90,19.076,72.8777
2025-02-27T23:00,27.1,56,29.4,0.0,0.0,0,3,2.9,133,19.076,72.8777
2025-02-28T00:00,26.4,62,29.2,0.0,0.0,0,0,2.0,135,19.076,72.8777
2025-02-28T01:00,25.9,64,28.9,0.0,0.0,0,0,0.9,323,19.076,72.8777
2025-02-28T02:00,25.5,64,28.0,0.0,0.0,0,0,3.5,305,19.076,72.8777
2025-02-28T03:00,25.2,69,28.0,0.0,0.0,0,0,4.2,313,19.076,72.8777
2025-02-28T04:00,24.8,73,27.8,0.0,0.0,0,0,4.5,331,19.076,72.8777
2025-02-28T05:00,24.3,76,27.3,0.0,0.0,1,20,4.4,351,19.076,72.8777
2025-02-28T06:00,24.2,79,27.6,0.0,0.0,2,56,3.2,34,19.076,72.8777
2025-02-28T07:00,24.2,73,26.9,0.0,0.0,0,14,4.4,78,19.076,72.8777
2025-02-28T08:00,26.2,61,28.7,0.0,0.0,3,80,2.9,86,19.076,72.8777
2025-02-28T09:00,29.4,45,31.4,0.0,0.0,3,84,1.1,351,19.076,72.8777
2025-02-28T10:00,31.8,35,33.1,0.0,0.0,2,72,3.1,298,19.076,72.8777
2025-02-28T11:00,33.2,33,35.2,0.0,0.0,3,81,6.0,295,19.076,72.8777
2025-02-28T12:00,33.4,38,36.3,0.0,0.0,3,92,9.4,299,19.076,72.8777
2025-02-28T13:00,33.3,40,35.9,0.0,0.0,3,94,13.4,306,19.076,72.8777
2025-02-28T14:00,33.3,38,35.1,0.0,0.0,3,91,14.9,313,19.076,72.8777
2025-02-28T15:00,33.4,35,34.4,0.0,0.0,3,97,13.1,312,19.076,72.8777
2025-02-28T16:00,33.3,35,33.5,0.0,0.0,3,94,11.6,309,19.076,72.8777
2025-02-28T17:00,32.1,38,32.1,0.0,0.0,3,98,13.4,317,19.076,72.8777
2025-02-28T18:00,29.6,50,30.4,0.0,0.0,3,90,14.1,326,19.076,72.8777
2025-02-28T19:00,28.7,52,29.8,0.0,0.0,2,71,12.1,340,19.076,72.8777
2025-02-28T20:00,28.5,49,28.7,0.0,0.0,3,96,14.6,342,19.076,72.8777
2025-02-28T21:00,28.7,41,28.1,0.0,0.0,3,96,12.9,348,19.076,72.8777
2025-02-28T22:00,28.3,38,27.6,0.0,0.0,3,80,10.5,5,19.076,72.8777
2025-02-28T23:00,27.9,37,27.0,0.0,0.0,2,70,9.4,355,19.076,72.8777
2025-03-01T00:00,27.1,41,26.6,0.0,0.0,3,98,9.0,350,19.076,72.8777
2025-03-01T01:00,26.4,44,26.1,0.0,0.0,2,70,8.2,351,19.076,72.8777
2025-03-01T02:00,26.1,45,25.5,0.0,0.0,2,72,10.9,338,19.076,72.8777
2025-03-01T03:00,26.0,45,25.3,0.0,0.0,0,1,12.1,333,19.076,72.8777
2025-03-01T04:00,25.8,47,25.2,0.0,0.0,0,0,11.6,338,19.076,72.8777
2025-03-01T05:00,25.4,50,25.1,0.0,0.0,0,0,11.2,342,19.076,72.8777
2025-03-01T06:00,24.9,56,25.6,0.0,0.0,0,0,8.0,9,19.076,72.8777
2025-03-01T07:00,24.6,56,25.3,0.0,0.0,0,0,7.0,23,19.076,72.8777
2025-03-01T08:00,26.2,46,26.8,0.0,0.0,0,0,4.3,28,19.076,72.8777
2025-03-01T09:00,29.2,36,29.4,0.0,0.0,0,0,3.6,360,19.076,72.8777
2025-03-01T10:00,31.9,30,31.9,0.0,0.0,0,0,6.3,333,19.076,72.8777
2025-03-01T11:00,33.1,34,34.8,0.0,0.0,0,0,7.9,317,19.076,72.8777
2025-03-01T12:00,33.3,42,36.8,0.0,0.0,0,0,10.0,304,19.076,72.8777
2025-03-01T13:00,33.4,44,37.3,0.0,0.0,0,0,11.7,299,19.076,72.8777
2025-03-01T14:00,33.7,39,36.1,0.0,0.0,0,0,13.2,304,19.076,72.8777
2025-03-01T15:00,33.5,33,33.9,0.0,0.0,0,0,14.9,308,19.076,72.8777
2025-03-01T16:00,32.2,39,32.3,0.0,0.0,0,0,14.6,316,19.076,72.8777
2025-03-01T17:00,30.8,49,31.7,0.0,0.0,0,0,16.1,323,19.076,72.8777
2025-03-01T18:00,29.3,53,30.4,0.0,0.0,0,0,14.5,328,19.076,72.8777
2025-03-01T19:00,29.0,47,28.9,0.0,0.0,0,1,15.2,334,19.076,72.8777
2025-03-01T20:00,29.2,37,28.1,0.0,0.0,0,8,14.3,349,19.076,72.8777
2025-03-01T21:00,29.1,33,27.6,0.0,0.0,0,0,12.6,357,19.076,72.8777
2025-03-01T22:00,28.9,30,27.1,0.0,0.0,0,14,11.5,359,19.076,72.8777
2025-03-01T23:00,28.3,30,26.7,0.0,0.0,3,95,8.5,356,19.076,72.8777
2025-03-02T00:00,27.2,32,25.9,0.0,0.0,3,92,7.6,359,19.076,72.8777
2025-03-02T01:00,26.2,34,25.2,0.0,0.0,3,95,5.4,356,19.076,72.8777
2025-03-02T02:00,25.8,37,24.7,0.0,0.0,3,100,6.9,335,19.076,72.8777
2025-03-02T03:00,25.4,39,24.5,0.0,0.0,2,64,7.4,338,19.076,72.8777
2025-03-02T04:00,25.1,41,24.1,0.0,0.0,1,29,8.6,338,19.076,72.8777
2025-03-02T05:00,24.8,42,23.7,0.0,0.0,1,34,9.3,342,19.076,72.8777
2025-03-02T06:00,24.6,48,23.8,0.0,0.0,3,100,11.7,346,19.076,72.8777
2025-03-02T07:00,24.8,42,23.3,0.0,0.0,3,93,11.7,356,19.076,72.8777
2025-03-02T08:00,26.4,36,25.0,0.0,0.0,3,97,9.4,4,19.076,72.8777
2025-03-02T09:00,29.6,30,28.5,0.0,0.0,3,94,8.3,2,19.076,72.8777
2025-03-02T10:00,32.8,25,31.8,0.0,0.0,3,94,9.9,360,19.076,72.8777
2025-03-02T11:00,34.9,21,34.3,0.0,0.0,2,79,10.9,352,19.076,72.8777
2025-03-02T12:00,36.0,18,35.5,0.0,0.0,2,65,12.4,338,19.076,72.8777
2025-03-02T13:00,36.2,21,36.3,0.0,0.0,2,51,13.6,321,19.076,72.8777
2025-03-02T14:00,35.9,26,36.5,0.0,0.0,1,32,14.8,312,19.076,72.8777
2025-03-02T15:00,35.1,30,35.3,0.0,0.0,2,77,15.6,309,19.076,72.8777
2025-03-02T16:00,33.0,38,32.9,0.0,0.0,0,3,16.8,316,19.076,72.8777
2025-03-02T17:00,31.5,41,31.4,0.0,0.0,0,1,15.8,328,19.076,72.8777
2025-03-02T18:00,29.1,52,29.9,0.0,0.0,0,0,15.1,327,19.076,72.8777
2025-03-02T19:00,28.3,54,29.1,0.0,0.0,0,3,14.6,328,19.076,72.8777
2025-03-02T20:00,28.6,41,27.4,0.0,0.0,2,64,17.1,336,19.076,72.8777
2025-03-02T21:00,28.4,37,27.0,0.0,0.0,3,87,15.0,342,19.076,72.8777
2025-03-02T22:00,27.9,40,26.7,0.0,0.0,3,95,13.8,344,19.076,72.8777
2025-03-02T23:00,27.1,44,27.0,0.0,0.0,3,88,9.2,359,19.076,72.8777
2025-03-03T00:00,26.2,49,26.1,0.0,0.0,3,97,11.4,356,19.076,72.8777
2025-03-03T01:00,25.4,55,25.5,0.0,0.0,3,100,11.9,1,19.076,72.8777
2025-03-03T02:00,24.9,56,25.1,0.0,0.0,3,100,11.1,8,19.076,72.8777
2025-03-03T03:00,24.7,54,24.6,0.0,0.0,3,100,10.9,9,19.076,72.8777
2025-03-03T04:00,24.7,52,24.6,0.0,0.0,3,100,9.8,18,19.076,72.8777
2025-03-03T05:00,24.8,51,24.6,0.0,0.0,3,100,9.3,27,19.076,72.8777
2025-03-03T06:00,24.3,52,24.7,0.0,0.0,2,72,5.5,11,19.076,72.8777
2025-03-03T07:00,24.5,50,24.6,0.0,0.0,2,54,6.9,14,19.076,72.8777
2025-03-03T08:00,26.3,45,26.4,0.0,0.0,2,75,7.0,12,19.076,72.8777
2025-03-03T09:00,29.9,34,29.6,0.0,0.0,3,89,6.3,360,19.076,72.8777
2025-03-03T10:00,33.1,25,32.4,0.0,0.0,3,99,7.0,356,19.076,72.8777
2025-03-03T11:00,35.4,20,35.1,0.0,0.0,3,93,8.0,344,19.076,72.8777
2025-03-03T12:00,36.2,21,36.4,0.0,0.0,3,92,11.3,324,19.076,72.8777
2025-03-03T13:00,35.2,32,36.9,0.0,0.0,3,97,14.7,313,19.076,72.8777
2025-03-03T14:00,34.4,36,35.8,0.0,0.0,3,100,16.7,315,19.076,72.8777
2025-03-03T15:00,33.9,35,34.2,0.0,0.0,3,100,17.7,316,19.076,72.8777
2025-03-03T16:00,33.4,33,32.6,0.0,0.0,3,100,17.2,322,19.076,72.8777
2025-03-03T17:00,32.1,38,31.7,0.0,0.0,3,100,16.2,329,19.076,72.8777
2025-03-03T18:00,30.9,40,30.5,0.0,0.0,3,100,15.9,337,19.076,72.8777
2025-03-03T19:00,30.2,40,29.4,0.0,0.0,3,89,16.8,343,19.076,72.8777
2025-03-03T20:00,29.7,36,28.2,0.0,0.0,0,4,16.8,350,19.076,72.8777
2025-03-03T21:00,29.5,32,27.5,0.0,0.0,2,68,15.8,353,19.076,72.8777
2025-03-03T22:00,29.3,30,27.0,0.0,0.0,2,51,14.9,360,19.076,72.8777
2025-03-03T23:00,29.0,29,26.8,0.0,0.0,1,43,13.9,2,19.076,72.8777
2025-03-04T00:00,28.6,31,26.6,0.0,0.0,1,39,13.1,9,19.076,72.8777
2025-03-04T01:00,27.9,33,26.4,0.0,0.0,0,1,10.0,7,19.076,72.8777
2025-03-04T02:00,27.0,35,26.1,0.0,0.0,0,15,6.5,2,19.076,72.8777
2025-03-04T03:00,26.5,37,25.7,0.0,0.0,0,19,6.1,348,19.076,72.8777
2025-03-04T04:00,26.1,39,25.3,0.0,0.0,0,7,7.0,347,19.076,72.8777
2025-03-04T05:00,25.7,41,24.9,0.0,0.0,1,20,8.3,344,19.076,72.8777
2025-03-04T06:00,24.9,47,24.5,0.0,0.0,1,30,8.6,352,19.076,72.8777
2025-03-04T07:00,25.0,44,24.1,0.0,0.0,2,52,10.3,356,19.076,72.8777
2025-03-04T08:00,26.9,39,25.9,0.0,0.0,3,100,10.9,353,19.076,72.8777
2025-03-04T09:00,29.9,33,28.6,0.0,0.0,3,87,12.1,353,19.076,72.8777
2025-03-04T10:00,32.3,27,30.4,0.0,0.0,2,69,16.0,360,19.076,72.8777
2025-03-04T11:00,34.4,22,33.0,0.0,0.0,3,92,16.0,2,19.076,72.8777
2025-03-04T12:00,35.8,19,35.1,0.0,0.0,1,35,13.5,352,19.076,72.8777
2025-03-04T13:00,35.8,22,35.9,0.0,0.0,2,74,14.0,325,19.076,72.8777
2025-03-04T14:00,33.3,45,35.9,0.0,0.0,0,5,18.3,319,19.076,72.8777
2025-03-04T15:00,32.3,52,34.9,0.0,0.0,0,1,19.0,323,19.076,72.8777
2025-03-04T16:00,31.7,50,32.8,0.0,0.0,1,20,18.8,326,19.076,72.8777
2025-03-04T17:00,30.8,49,31.4,0.0,0.0,1,25,17.9,331,19.076,72.8777
2025-03-04T18:00,29.3,51,29.8,0.0,0.0,1,20,16.4,334,19.076,72.8777
2025-03-04T19:00,28.5,53,29.0,0.0,0.0,0,0,15.6,338,19.076,72.8777
2025-03-04T20:00,28.7,46,28.2,0.0,0.0,0,13,17.1,348,19.076,72.8777
2025-03-04T21:00,28.6,42,27.7,0.0,0.0,0,3,16.5,354,19.076,72.8777
2025-03-04T22:00,28.4,39,27.3,0.0,0.0,0,1,14.3,7,19.076,72.8777
2025-03-04T23:00,28.2,38,26.8,0.0,0.0,0,0,14.6,9,19.076,72.8777
2025-03-05T00:00,28.0,36,26.2,0.0,0.0,0,0,15.3,2,19.076,72.8777
2025-03-05T01:00,27.6,34,25.6,0.0,0.0,0,0,14.6,4,19.076,72.8777
2025-03-05T02:00,27.2,33,25.0,0.0,0.0,0,0,13.7,359,19.076,72.8777
2025-03-05T03:00,26.6,33,24.4,0.0,0.0,0,0,12.6,358,19.076,72.8777
2025-03-05T04:00,26.1,33,23.8,0.0,0.0,0,0,12.4,359,19.076,72.8777
2025-03-05T05:00,25.6,33,23.3,0.0,0.0,0,0,12.6,358,19.076,72.8777
2025-03-05T06:00,24.3,38,22.4,0.0,0.0,0,0,11.0,360,19.076,72.8777
2025-03-05T07:00,24.2,38,22.6,0.0,0.0,0,0,9.1,14,19.076,72.8777
2025-03-05T08:00,26.0,34,24.7,0.0,0.0,0,0,7.3,17,19.076,72.8777
2025-03-05T09:00,29.0,28,27.6,0.0,0.0,0,0,7.3,20,19.076,72.8777
2025-03-05T10:00,32.1,23,31.1,0.0,0.0,0,0,7.4,18,19.076,72.8777
2025-03-05T11:00,34.7,19,34.5,0.0,0.0,0,0,6.7,5,19.076,72.8777
2025-03-05T12:00,36.4,16,36.7,0.0,0.0,0,0,6.8,343,19.076,72.8777
2025-03-05T13:00,36.8,17,37.2,0.0,0.0,0,0,9.1,309,19.076,72.8777
2025-03-05T14:00,35.4,28,36.7,0.0,0.0,0,0,13.6,304,19.076,72.8777
2025-03-05T15:00,34.8,29,35.1,0.0,0.0,0,0,15.1,305,19.076,72.8777
2025-03-05T16:00,33.5,28,31.9,0.0,0.0,0,0,16.9,315,19.076,72.8777
2025-03-05T17:00,31.6,32,30.3,0.0,0.0,0,0,14.6,328,19.076,72.8777
2025-03-05T18:00,29.2,46,29.1,0.0,0.0,0,0,15.4,323,19.076,72.8777
2025-03-05T19:00,28.3,47,28.1,0.0,0.0,0,0,14.6,333,19.076,72.8777
2025-03-05T20:00,28.4,41,27.4,0.0,0.0,0,0,15.4,334,19.076,72.8777
2025-03-05T21:00,28.6,32,26.8,0.0,0.0,0,0,12.1,343,19.076,72.8777
2025-03-05T22:00,28.8,22,25.8,0.0,0.0,0,0,12.3,357,19.076,72.8777
2025-03-05T23:00,28.8,18,25.1,0.0,0.0,0,0,12.7,7,19.076,72.8777
2025-03-06T00:00,28.0,18,24.6,0.0,0.0,0,0,10.4,17,19.076,72.8777
2025-03-06T01:00,27.2,20,23.8,0.0,0.0,0,0,10.8,21,19.076,72.8777
2025-03-06T02:00,26.3,21,23.2,0.0,0.0,0,0,9.9,19,19.076,72.8777
2025-03-06T03:00,25.5,23,22.7,0.0,0.0,0,0,7.9,12,19.076,72.8777
2025-03-06T04:00,24.8,24,21.8,0.0,0.0,0,0,8.9,6,19.076,72.8777
2025-03-06T05:00,24.3,25,21.2,0.0,0.0,0,0,9.8,14,19.076,72.8777
2025-03-06T06:00,22.6,33,20.5,0.0,0.0,0,0,6.8,29,19.076,72.8777
2025-03-06T07:00,22.5,33,20.4,0.0,0.0,0,0,6.4,45,19.076,72.8777
2025-03-06T08:00,24.6,28,22.6,0.0,0.0,0,0,5.8,54,19.076,72.8777
2025-03-06T09:00,27.7,22,25.6,0.0,0.0,0,0,4.3,57,19.076,72.8777
2025-03-06T10:00,31.0,18,29.8,0.0,0.0,0,0,2.8,75,19.076,72.8777
2025-03-06T11:00,33.8,15,34.0,0.0,0.0,0,0,1.1,279,19.076,72.8777
2025-03-06T12:00,34.8,16,35.0,0.0,0.0,0,0,6.2,292,19.076,72.8777
2025-03-06T13:00,35.0,19,35.4,0.0,0.0,0,0,9.7,292,19.076,72.8777
2025-03-06T14:00,34.3,21,34.0,0.0,0.0,0,0,12.8,298,19.076,72.8777
2025-03-06T15:00,33.3,19,31.2,0.0,0.0,0,0,15.4,312,19.076,72.8777
2025-03-06T16:00,32.3,24,30.0,0.0,0.0,0,0,15.3,322,19.076,72.8777
2025-03-06T17:00,30.8,38,30.4,0.0,0.0,0,0,13.5,318,19.076,72.8777
2025-03-06T18:00,29.1,40,28.3,0.0,0.0,0,0,14.0,324,19.076,72.8777
2025-03-06T19:00,28.3,38,26.7,0.0,0.0,0,0,16.4,334,19.076,72.8777
2025-03-06T20:00,28.4,32,26.0,0.0,0.0,0,0,16.5,344,19.076,72.8777
2025-03-06T21:00,27.9,30,25.6,0.0,0.0,0,0,13.1,353,19.076,72.8777
2025-03-06T22:00,27.5,25,25.0,0.0,0.0,0,0,9.4,7,19.076,72.8777
2025-03-06T23:00,27.0,23,24.2,0.0,0.0,0,0,9.7,2,19.076,72.8777
2025-03-07T00:00,26.9,24,23.7,0.0,0.0,0,0,11.9,355,19.076,72.8777
2025-03-07T01:00,26.7,23,23.8,0.0,0.0,0,0,10.2,7,19.076,72.8777
2025-03-07T02:00,26.1,23,23.2,0.0,0.0,0,0,9.2,12,19.076,72.8777
2025-03-07T03:00,25.6,23,22.5,0.0,0.0,0,0,10.0,9,19.076,72.8777
2025-03-07T04:00,25.3,22,22.0,0.0,0.0,0,0,10.3,6,19.076,72.8777
2025-03-07T05:00,25.2,20,21.6,0.0,0.0,0,0,10.8,5,19.076,72.8777
2025-03-07T06:00,24.5,22,21.2,0.0,0.0,0,0,9.7,4,19.076,72.8777
2025-03-07T07:00,24.5,22,21.3,0.0,0.0,0,0,8.9,14,19.076,72.8777
2025-03-07T08:00,26.3,20,23.3,0.0,0.0,0,0,7.6,28,19.076,72.8777
2025-03-07T09:00,29.3,17,26.5,0.0,0.0,0,0,5.9,40,19.076,72.8777
2025-03-07T10:00,32.4,15,30.4,0.0,0.0,0,0,5.3,35,19.076,72.8777
2025-03-07T11:00,34.9,13,34.3,0.0,0.0,0,0,3.8,11,19.076,72.8777
2025-03-07T12:00,36.5,11,36.5,0.0,0.0,0,0,3.1,324,19.076,72.8777
2025-03-07T13:00,36.9,12,36.8,0.0,0.0,0,0,6.3,290,19.076,72.8777
2025-03-07T14:00,35.7,23,36.2,0.0,0.0,0,0,11.6,294,19.076,72.8777
2025-03-07T15:00,35.0,24,34.6,0.0,0.0,0,0,13.4,301,19.076,72.8777
2025-03-07T16:00,33.3,27,31.8,0.0,0.0,0,0,14.4,310,19.076,72.8777
2025-03-07T17:00,31.5,34,30.5,0.0,0.0,0,0,14.7,323,19.076,72.8777
2025-03-07T18:00,29.7,42,29.2,0.0,0.0,0,0,15.8,326,19.076,72.8777
2025-03-07T19:00,28.8,45,28.3,0.0,0.0,0,0,16.5,328,19.076,72.8777
2025-03-07T20:00,28.6,40,27.3,0.0,0.0,0,0,16.8,335,19.076,72.8777
2025-03-07T21:00,28.3,39,27.5,0.0,0.0,0,0,11.9,342,19.076,72.8777
2025-03-07T22:00,27.3,36,27.1,0.0,0.0,0,0,4.0,18,19.076,72.8777
2025-03-07T23:00,27.0,32,26.1,0.0,0.0,0,0,4.7,351,19.076,72.8777
2025-03-08T00:00,27.2,29,25.4,0.0,0.0,0,0,7.3,337,19.076,72.8777
2025-03-08T01:00,26.4,32,24.7,0.0,0.0,0,0,8.5,335,19.076,72.8777
2025-03-08T02:00,25.7,35,24.2,0.0,0.0,0,0,9.0,338,19.076,72.8777
2025-03-08T03:00,25.2,38,23.6,0.0,0.0,0,0,10.1,343,19.076,72.8777
2025-03-08T04:00,25.0,35,23.2,0.0,0.0,0,0,9.6,348,19.076,72.8777
2025-03-08T05:00,24.8,32,22.8,0.0,0.0,0,0,8.1,357,19.076,72.8777
2025-03-08T06:00,23.6,36,22.0,0.0,0.0,0,0,6.7,5,19.076,72.8777
2025-03-08T07:00,23.5,35,21.8,0.0,0.0,0,0,6.3,24,19.076,72.8777
2025-03-08T08:00,25.7,30,24.0,0.0,0.0,0,0,5.7,44,19.076,72.8777
2025-03-08T09:00,29.4,24,28.1,0.0,0.0,0,0,3.7,47,19.076,72.8777
2025-03-08T10:00,33.1,18,32.2,0.0,0.0,0,0,2.9,11,19.076,72.8777
2025-03-08T11:00,35.3,15,35.2,0.0,0.0,0,0,3.7,325,19.076,72.8777
2025-03-08T12:00,36.0,16,36.2,0.0,0.0,0,0,7.3,290,19.076,72.8777
2025-03-08T13:00,35.5,20,35.6,0.0,0.0,0,0,12.0,287,19.076,72.8777
2025-03-08T14:00,34.4,25,34.4,0.0,0.0,0,0,14.7,295,19.076,72.8777
2025-03-08T15:00,33.5,30,33.6,0.0,0.0,0,0,14.9,304,19.076,72.8777
2025-03-08T16:00,32.5,35,32.1,0.0,0.0,0,0,14.8,312,19.076,72.8777
2025-03-08T17:00,31.2,39,31.0,0.0,0.0,0,0,14.1,313,19.076,72.8777
2025-03-08T18:00,29.3,48,30.0,0.0,0.0,0,0,12.2,323,19.076,72.8777
2025-03-08T19:00,28.2,56,29.4,0.0,0.0,0,0,12.4,326,19.076,72.8777
2025-03-08T20:00,28.2,51,28.8,0.0,0.0,0,0,13.0,333,19.076,72.8777
2025-03-08T21:00,27.6,52,27.9,0.0,0.0,0,0,14.3,335,19.076,72.8777
2025-03-08T22:00,27.0,57,28.4,0.0,0.0,0,0,9.6,354,19.076,72.8777
2025-03-08T23:00,26.3,56,27.9,0.0,0.0,0,0,5.0,75,19.076,72.8777
2025-03-09T00:00,25.4,55,26.8,0.0,0.0,0,0,3.2,344,19.076,72.8777
2025-03-09T01:00,24.8,56,26.1,0.0,0.0,0,0,3.4,72,19.076,72.8777
2025-03-09T02:00,24.6,53,25.9,0.0,0.0,0,0,1.5,353,19.076,72.8777
2025-03-09T03:00,24.2,55,25.6,0.0,0.0,0,16,0.6,56,19.076,72.8777
2025-03-09T04:00,23.7,55,24.8,0.0,0.0,0,0,1.0,112,19.076,72.8777
2025-03-09T05:00,22.9,58,24.0,0.0,0.0,0,0,1.9,112,19.076,72.8777
2025-03-09T06:00,23.1,57,24.0,0.0,0.0,0,0,2.7,53,19.076,72.8777
2025-03-09T07:00,23.4,53,23.9,0.0,0.0,0,0,3.4,32,19.076,72.8777
2025-03-09T08:00,26.2,45,26.5,0.0,0.0,0,0,4.4,32,19.076,72.8777
2025-03-09T09:00,29.4,36,29.8,0.0,0.0,0,0,3.9,28,19.076,72.8777
2025-03-09T10:00,32.5,29,33.1,0.0,0.0,0,0,3.6,354,19.076,72.8777
2025-03-09T11:00,34.9,24,36.3,0.0,0.0,0,0,4.5,320,19.076,72.8777
2025-03-09T12:00,35.6,28,38.0,0.0,0.0,0,0,7.3,300,19.076,72.8777
2025-03-09T13:00,35.1,34,38.1,0.0,0.0,0,0,11.0,293,19.076,72.8777
2025-03-09T14:00,34.5,36,36.9,0.0,0.0,0,0,13.2,296,19.076,72.8777
2025-03-09T15:00,33.6,38,35.2,0.0,0.0,0,0,14.3,304,19.076,72.8777
2025-03-09T16:00,32.8,40,33.3,0.0,0.0,0,0,14.4,318,19.076,72.8777
2025-03-09T17:00,31.0,49,32.1,0.0,0.0,0,0,15.0,325,19.076,72.8777
2025-03-09T18:00,28.7,66,31.3,0.0,0.0,0,0,14.2,330,19.076,72.8777
2025-03-09T19:00,27.6,72,30.7,0.0,0.0,0,0,13.0,329,19.076,72.8777
2025-03-09T20:00,27.5,67,30.1,0.0,0.0,0,0,11.1,338,19.076,72.8777
2025-03-09T21:00,28.1,54,29.9,0.0,0.0,0,0,7.2,12,19.076,72.8777
2025-03-09T22:00,27.7,49,29.1,0.0,0.0,0,0,3.9,24,19.076,72.8777
2025-03-09T23:00,27.3,46,28.2,0.0,0.0,0,0,3.6,351,19.076,72.8777
2025-03-10T00:00,27.2,42,27.4,0.0,0.0,0,0,4.8,349,19.076,72.8777
2025-03-10T01:00,26.6,43,26.6,0.0,0.0,0,0,6.6,331,19.076,72.8777
2025-03-10T02:00,26.2,45,26.0,0.0,0.0,0,0,9.1,339,19.076,72.8777
2025-03-10T03:00,26.1,44,25.7,0.0,0.0,0,0,8.1,357,19.076,72.8777
2025-03-10T04:00,25.2,41,24.8,0.0,0.0,0,0,4.8,37,19.076,72.8777
2025-03-10T05:00,25.5,38,24.6,0.0,0.0,0,0,7.2,12,19.076,72.8777
2025-03-10T06:00,24.3,47,24.3,0.0,0.0,0,0,4.4,63,19.076,72.8777
2025-03-10T07:00,25.0,45,24.6,0.0,0.0,0,0,6.8,55,19.076,72.8777
2025-03-10T08:00,27.5,38,26.9,0.0,0.0,0,0,7.9,47,19.076,72.8777
2025-03-10T09:00,31.0,30,30.6,0.0,0.0,0,0,5.4,70,19.076,72.8777
2025-03-10T10:00,34.8,23,35.0,0.0,0.0,0,0,3.6,99,19.076,72.8777
2025-03-10T11:00,36.8,20,37.8,0.0,0.0,0,0,4.2,170,19.076,72.8777
2025-03-10T12:00,38.6,17,40.4,0.0,0.0,0,0,2.7,233,19.076,72.8777
2025-03-10T13:00,39.0,18,40.0,0.0,0.0,0,0,8.3,256,19.076,72.8777
2025-03-10T14:00,38.0,20,38.1,0.0,0.0,0,0,13.8,262,19.076,72.8777
2025-03-10T15:00,36.2,22,35.0,0.0,0.0,0,0,17.4,264,19.076,72.8777
2025-03-10T16:00,34.9,26,34.1,0.0,0.0,0,0,11.3,250,19.076,72.8777
2025-03-10T17:00,33.5,33,33.9,0.0,0.0,0,0,8.7,252,19.076,72.8777
2025-03-10T18:00,32.0,38,32.5,0.0,0.0,0,0,10.9,303,19.076,72.8777
2025-03-10T19:00,30.9,41,32.1,0.0,0.0,0,0,6.5,309,19.076,72.8777
2025-03-10T20:00,30.5,42,32.1,0.0,0.0,0,0,2.8,315,19.076,72.8777
2025-03-10T21:00,30.0,41,31.4,0.0,0.0,0,0,2.6,39,19.076,72.8777
2025-03-10T22:00,29.5,40,30.6,0.0,0.0,0,0,2.7,8,19.076,72.8777
2025-03-10T23:00,29.2,37,29.8,0.0,0.0,0,0,2.7,32,19.076,72.8777
2025-03-11T00:00,28.4,39,28.9,0.0,0.0,0,0,3.1,77,19.076,72.8777
2025-03-11T01:00,27.9,42,28.8,0.0,0.0,0,0,1.7,77,19.076,72.8777
2025-03-11T02:00,27.3,43,28.1,0.0,0.0,0,0,1.8,37,19.076,72.8777
2025-03-11T03:00,26.4,46,27.2,0.0,0.0,0,0,2.8,105,19.076,72.8777
2025-03-11T04:00,26.0,46,26.5,0.0,0.0,0,0,4.1,49,19.076,72.8777
2025-03-11T05:00,25.6,48,26.2,0.0,0.0,0,0,4.0,95,19.076,72.8777
2025-03-11T06:00,25.7,51,26.9,0.0,0.0,0,0,2.5,90,19.076,72.8777
2025-03-11T07:00,26.4,51,27.4,0.0,0.0,0,0,5.6,153,19.076,72.8777
2025-03-11T08:00,28.2,49,29.7,0.0,0.0,0,0,4.8,132,19.076,72.8777
2025-03-11T09:00,31.3,39,32.6,0.0,0.0,0,0,3.5,141,19.076,72.8777
2025-03-11T10:00,34.2,30,35.4,0.0,0.0,0,0,4.2,173,19.076,72.8777
2025-03-11T11:00,36.4,25,38.2,0.0,0.0,0,0,4.5,209,19.076,72.8777
2025-03-11T12:00,37.4,23,39.5,0.0,0.0,0,0,6.3,235,19.076,72.8777
2025-03-11T13:00,37.2,26,39.1,0.0,0.0,0,0,10.6,256,19.076,72.8777
2025-03-11T14:00,36.2,30,37.9,0.0,0.0,0,0,13.9,271,19.076,72.8777
2025-03-11T15:00,34.9,34,36.0,0.0,0.0,0,0,15.4,281,19.076,72.8777
2025-03-11T16:00,34.2,38,35.5,0.0,0.0,0,0,11.4,286,19.076,72.8777
2025-03-11T17:00,32.7,45,34.2,0.0,0.0,0,0,13.0,299,19.076,72.8777
2025-03-11T18:00,30.5,55,32.7,0.0,0.0,0,0,12.6,298,19.076,72.8777
2025-03-11T19:00,29.4,63,32.9,0.0,0.0,0,0,8.5,322,19.076,72.8777
2025-03-11T20:00,29.2,62,33.1,0.0,0.0,0,0,3.5,339,19.076,72.8777
2025-03-11T21:00,29.0,60,32.1,0.0,0.0,0,0,7.2,22,19.076,72.8777
2025-03-11T22:00,28.9,57,31.9,0.0,0.0,0,0,3.7,39,19.076,72.8777
2025-03-11T23:00,28.6,55,30.9,0.0,0.0,0,0,5.6,22,19.076,72.8777
2025-03-12T00:00,28.1,54,30.3,0.0,0.0,0,0,3.9,34,19.076,72.8777
2025-03-12T01:00,27.4,56,29.8,0.0,0.0,0,0,2.6,344,19.076,72.8777
2025-03-12T02:00,26.8,58,29.1,0.0,0.0,0,0,3.2,322,19.076,72.8777
2025-03-12T03:00,26.6,59,28.3,0.0,0.0,0,0,7.9,333,19.076,72.8777
2025-03-12T04:00,26.0,63,28.2,0.0,0.0,0,0,5.6,353,19.076,72.8777
2025-03-12T05:00,25.4,65,27.7,0.0,0.0,0,0,4.4,9,19.076,72.8777
2025-03-12T06:00,25.1,62,26.9,0.0,0.0,0,0,5.3,8,19.076,72.8777
2025-03-12T07:00,25.8,55,26.9,0.0,0.0,0,0,7.2,18,19.076,72.8777
2025-03-12T08:00,28.2,45,29.1,0.0,0.0,0,0,5.8,36,19.076,72.8777
2025-03-12T09:00,31.5,35,32.0,0.0,0.0,0,0,6.1,23,19.076,72.8777
2025-03-12T10:00,34.4,28,35.7,0.0,0.0,0,0,1.7,131,19.076,72.8777
2025-03-12T11:00,36.2,24,38.3,0.0,0.0,0,0,1.8,259,19.076,72.8777
2025-03-12T12:00,37.1,24,39.3,0.0,0.0,0,6,5.9,259,19.076,72.8777
2025-03-12T13:00,37.0,26,39.1,0.0,0.0,0,0,9.8,264,19.076,72.8777
2025-03-12T14:00,36.3,26,37.5,0.0,0.0,0,0,12.1,264,19.076,72.8777
2025-03-12T15:00,35.4,30,36.3,0.0,0.0,0,0,13.6,277,19.076,72.8777
2025-03-12T16:00,34.0,36,34.4,0.0,0.0,0,0,14.4,293,19.076,72.8777
2025-03-12T17:00,32.0,47,33.5,0.0,0.0,0,0,13.3,308,19.076,72.8777
2025-03-12T18:00,30.0,63,33.6,0.0,0.0,0,0,9.3,297,19.076,72.8777
2025-03-12T19:00,29.1,67,33.3,0.0,0.0,0,0,6.5,304,19.076,72.8777
2025-03-12T20:00,28.7,71,33.5,0.0,0.0,0,0,4.1,331,19.076,72.8777
2025-03-12T21:00,28.9,66,33.4,0.0,0.0,0,0,1.7,103,19.076,72.8777
2025-03-12T22:00,28.4,66,32.7,0.0,0.0,0,0,1.9,163,19.076,72.8777
2025-03-12T23:00,27.9,69,32.2,0.0,0.0,0,0,2.4,171,19.076,72.8777
2025-03-13T00:00,27.3,74,32.2,0.0,0.0,0,0,0.6,198,19.076,72.8777
2025-03-13T01:00,27.1,72,31.1,0.0,0.0,0,0,4.3,332,19.076,72.8777
2025-03-13T02:00,26.2,77,30.5,0.0,0.0,0,0,2.9,300,19.076,72.8777
2025-03-13T03:00,26.0,80,30.3,0.0,0.0,0,0,4.8,315,19.076,72.8777
2025-03-13T04:00,25.4,84,30.0,0.0,0.0,0,0,3.7,337,19.076,72.8777
2025-03-13T05:00,25.0,82,29.0,0.0,0.0,0,0,5.0,35,19.076,72.8777
2025-03-13T06:00,24.8,81,28.6,0.0,0.0,0,0,4.8,53,19.076,72.8777
2025-03-13T07:00,25.4,72,28.3,0.0,0.0,0,14,6.0,61,19.076,72.8777
2025-03-13T08:00,28.0,58,30.7,0.0,0.0,0,8,4.3,42,19.076,72.8777
2025-03-13T09:00,31.3,43,33.7,0.0,0.0,0,0,1.8,37,19.076,72.8777
2025-03-13T10:00,33.9,33,36.0,0.0,0.0,0,0,2.3,231,19.076,72.8777
2025-03-13T11:00,34.2,38,37.3,0.0,0.0,0,0,9.0,232,19.076,72.8777
2025-03-13T12:00,33.8,40,37.1,0.0,0.0,0,0,11.8,242,19.076,72.8777
2025-03-13T13:00,34.2,38,37.4,0.0,0.0,0,0,12.0,261,19.076,72.8777
2025-03-13T14:00,34.2,40,37.4,0.0,0.0,0,0,12.6,274,19.076,72.8777
2025-03-13T15:00,33.7,43,36.4,0.0,0.0,0,0,13.1,282,19.076,72.8777
2025-03-13T16:00,32.8,48,35.0,0.0,0.0,0,0,13.2,296,19.076,72.8777
2025-03-13T17:00,31.9,51,34.0,0.0,0.0,0,0,12.9,309,19.076,72.8777
2025-03-13T18:00,30.1,61,33.5,0.0,0.0,0,0,10.1,294,19.076,72.8777
2025-03-13T19:00,29.0,69,33.1,0.0,0.0,0,0,8.2,289,19.076,72.8777
2025-03-13T20:00,28.5,74,33.1,0.0,0.0,0,0,8.0,295,19.076,72.8777
2025-03-13T21:00,28.1,77,32.8,0.0,0.0,0,0,8.4,313,19.076,72.8777
2025-03-13T22:00,28.0,70,31.9,0.0,0.0,0,0,7.0,347,19.076,72.8777
2025-03-13T23:00,27.6,70,30.9,0.0,0.0,0,0,9.7,360,19.076,72.8777
2025-03-14T00:00,27.1,68,30.5,0.0,0.0,0,0,4.9,24,19.076,72.8777
2025-03-14T01:00,26.5,65,29.3,0.0,0.0,0,0,5.0,15,19.076,72.8777
2025-03-14T02:00,25.8,64,28.3,0.0,0.0,0,0,3.9,16,19.076,72.8777
2025-03-14T03:00,25.0,69,27.8,0.0,0.0,0,17,2.9,79,19.076,72.8777
2025-03-14T04:00,25.0,71,28.3,0.0,0.0,1,20,0.8,63,19.076,72.8777
2025-03-14T05:00,24.5,73,27.8,0.0,0.0,0,3,1.5,54,19.076,72.8777
2025-03-14T06:00,24.3,93,29.5,0.0,0.0,0,6,2.1,110,19.076,72.8777
2025-03-14T07:00,24.9,91,30.4,0.0,0.0,0,3,1.1,72,19.076,72.8777
2025-03-14T08:00,27.6,72,32.4,0.0,0.0,0,0,0.6,18,19.076,72.8777
2025-03-14T09:00,30.5,54,34.1,0.0,0.0,0,0,2.0,270,19.076,72.8777
2025-03-14T10:00,32.4,47,36.0,0.0,0.0,0,0,4.5,268,19.076,72.8777
2025-03-14T11:00,33.3,48,37.8,0.0,0.0,0,0,7.8,277,19.076,72.8777
2025-03-14T12:00,33.8,47,38.5,0.0,0.0,0,0,10.3,286,19.076,72.8777
2025-03-14T13:00,34.3,41,38.0,0.0,0.0,0,0,11.9,293,19.076,72.8777
2025-03-14T14:00,34.7,32,36.3,0.0,0.0,0,3,13.5,303,19.076,72.8777
2025-03-14T15:00,34.6,28,34.5,0.0,0.0,0,0,14.6,304,19.076,72.8777
2025-03-14T16:00,33.9,30,33.0,0.0,0.0,0,0,15.0,309,19.076,72.8777
2025-03-14T17:00,32.7,35,32.4,0.0,0.0,0,0,13.8,311,19.076,72.8777
2025-03-14T18:00,30.5,46,31.4,0.0,0.0,0,0,12.4,312,19.076,72.8777
2025-03-14T19:00,29.4,54,31.0,0.0,0.0,0,0,12.8,320,19.076,72.8777
2025-03-14T20:00,29.1,52,30.1,0.0,0.0,0,0,13.8,323,19.076,72.8777
2025-03-14T21:00,28.5,55,30.1,0.0,0.0,0,0,11.0,330,19.076,72.8777
2025-03-14T22:00,27.8,60,30.4,0.0,0.0,0,0,6.3,345,19.076,72.8777
2025-03-14T23:00,27.3,63,30.2,0.0,0.0,0,0,5.4,340,19.076,72.8777
2025-03-15T00:00,26.9,63,29.3,0.0,0.0,0,0,7.2,3,19.076,72.8777
2025-03-15T01:00,26.4,64,28.3,0.0,0.0,0,0,9.6,357,19.076,72.8777
2025-03-15T02:00,25.9,65,28.2,0.0,0.0,0,0,6.4,18,19.076,72.8777
2025-03-15T03:00,25.3,66,27.3,0.0,0.0,0,0,7.8,9,19.076,72.8777
2025-03-15T04:00,25.2,65,27.0,0.0,0.0,0,0,8.7,13,19.076,72.8777
2025-03-15T05:00,24.8,66,26.7,0.0,0.0,0,0,6.1,28,19.076,72.8777
2025-03-15T06:00,25.0,75,28.0,0.0,0.0,0,0,6.4,29,19.076,72.8777
2025-03-15T07:00,25.1,71,27.7,0.0,0.0,0,0,6.3,39,19.076,72.8777
2025-03-15T08:00,27.3,59,29.8,0.0,0.0,0,0,4.6,42,19.076,72.8777
2025-03-15T09:00,30.5,44,32.4,0.0,0.0,0,0,3.6,45,19.076,72.8777
2025-03-15T10:00,33.3,32,34.9,0.0,0.0,0,0,3.3,351,19.076,72.8777
2025-03-15T11:00,35.1,27,36.8,0.0,0.0,0,0,6.1,304,19.076,72.8777
2025-03-15T12:00,35.5,30,37.6,0.0,0.0,0,4,10.4,290,19.076,72.8777
2025-03-15T13:00,35.4,29,36.9,0.0,0.0,0,13,13.5,293,19.076,72.8777
2025-03-15T14:00,35.0,27,35.3,0.0,0.0,0,18,15.5,298,19.076,72.8777
2025-03-15T15:00,33.8,33,34.2,0.0,0.0,0,13,15.7,300,19.076,72.8777
2025-03-15T16:00,32.4,41,32.8,0.0,0.0,0,0,15.2,304,19.076,72.8777
2025-03-15T17:00,31.0,48,31.9,0.0,0.0,0,17,15.6,307,19.076,72.8777
2025-03-15T18:00,29.4,56,31.0,0.0,0.0,3,81,14.3,314,19.076,72.8777
2025-03-15T19:00,28.8,60,30.9,0.0,0.0,2,60,13.3,318,19.076,72.8777
2025-03-15T20:00,28.5,64,31.1,0.0,0.0,2,67,12.3,320,19.076,72.8777
2025-03-15T21:00,28.2,67,31.6,0.0,0.0,1,20,8.4,335,19.076,72.8777
2025-03-15T22:00,27.8,64,31.0,0.0,0.0,0,0,5.7,9,19.076,72.8777
2025-03-15T23:00,27.2,67,30.0,0.0,0.0,0,13,9.1,351,19.076,72.8777
2025-03-16T00:00,26.7,68,29.7,0.0,0.0,0,6,6.9,9,19.076,72.8777
2025-03-16T01:00,26.1,66,28.9,0.0,0.0,0,9,4.6,36,19.076,72.8777
2025-03-16T02:00,25.5,65,28.1,0.0,0.0,0,9,3.9,34,19.076,72.8777
2025-03-16T03:00,25.3,64,27.4,0.0,0.0,0,7,5.4,4,19.076,72.8777
2025-03-16T04:00,25.2,63,26.9,0.0,0.0,0,2,6.3,353,19.076,72.8777
2025-03-16T05:00,25.2,63,26.7,0.0,0.0,0,2,7.5,349,19.076,72.8777
2025-03-16T06:00,25.4,65,27.2,0.0,0.0,0,1,8.4,350,19.076,72.8777
2025-03-16T07:00,25.7,65,27.9,0.0,0.0,0,1,6.9,15,19.076,72.8777
2025-03-16T08:00,27.4,58,29.6,0.0,0.0,0,3,6.1,32,19.076,72.8777
2025-03-16T09:00,29.6,49,31.5,0.0,0.0,0,12,5.9,20,19.076,72.8777
2025-03-16T10:00,31.7,42,34.0,0.0,0.0,1,22,5.2,338,19.076,72.8777
2025-03-16T11:00,32.9,41,35.9,0.0,0.0,0,19,8.0,314,19.076,72.8777
2025-03-16T12:00,32.9,48,36.9,0.0,0.0,1,24,12.6,307,19.076,72.8777
2025-03-16T13:00,32.8,48,36.2,0.0,0.0,0,14,15.5,309,19.076,72.8777
2025-03-16T14:00,33.2,40,35.3,0.0,0.0,0,4,15.8,310,19.076,72.8777
2025-03-16T15:00,33.2,35,33.7,0.0,0.0,0,3,15.9,313,19.076,72.8777
2025-03-16T16:00,32.5,37,32.3,0.0,0.0,1,24,15.3,316,19.076,72.8777
2025-03-16T17:00,31.3,45,32.0,0.0,0.0,3,94,15.0,321,19.076,72.8777
2025-03-16T18:00,29.8,52,31.0,0.0,0.0,0,6,13.9,326,19.076,72.8777
2025-03-16T19:00,29.0,53,30.2,0.0,0.0,0,2,13.0,331,19.076,72.8777
2025-03-16T20:00,29.1,47,29.2,0.0,0.0,0,1,15.0,333,19.076,72.8777
2025-03-16T21:00,29.3,42,28.9,0.0,0.0,0,2,13.5,335,19.076,72.8777
2025-03-16T22:00,28.6,50,29.1,0.0,0.0,0,5,13.5,335,19.076,72.8777
2025-03-16T23:00,27.3,68,30.2,0.0,0.0,0,0,9.6,346,19.076,72.8777
2025-03-17T00:00,26.6,75,30.0,0.0,0.0,0,4,10.0,346,19.076,72.8777
2025-03-17T01:00,26.2,78,29.6,0.0,0.0,0,3,10.5,348,19.076,72.8777
2025-03-17T02:00,25.9,76,29.3,0.0,0.0,0,4,7.1,6,19.076,72.8777
2025-03-17T03:00,25.4,72,28.4,0.0,0.0,1,22,5.7,18,19.076,72.8777
2025-03-17T04:00,25.2,70,27.7,0.0,0.0,1,42,6.5,19,19.076,72.8777
2025-03-17T05:00,24.8,70,27.2,0.0,0.0,2,75,6.1,19,19.076,72.8777
2025-03-17T06:00,25.3,74,28.4,0.0,0.0,0,7,6.2,12,19.076,72.8777
2025-03-17T07:00,25.5,73,28.4,0.0,0.0,0,0,7.0,32,19.076,72.8777
2025-03-17T08:00,27.2,64,30.1,0.0,0.0,0,8,5.6,25,19.076,72.8777
2025-03-17T09:00,29.6,53,32.1,0.0,0.0,0,0,5.5,11,19.076,72.8777
2025-03-17T10:00,32.0,42,34.6,0.0,0.0,2,52,4.5,346,19.076,72.8777
2025-03-17T11:00,33.5,38,36.5,0.0,0.0,2,54,7.0,310,19.076,72.8777
2025-03-17T12:00,33.4,40,36.2,0.0,0.0,3,88,13.9,306,19.076,72.8777
2025-03-17T13:00,33.3,38,35.3,0.0,0.0,3,100,16.5,310,19.076,72.8777
2025-03-17T14:00,32.9,37,33.8,0.0,0.0,3,99,17.3,314,19.076,72.8777
2025-03-17T15:00,32.6,37,33.0,0.0,0.0,3,93,16.7,316,19.076,72.8777
2025-03-17T16:00,32.0,39,32.1,0.0,0.0,3,95,14.7,317,19.076,72.8777
2025-03-17T17:00,30.6,47,31.7,0.0,0.0,3,100,12.9,320,19.076,72.8777
2025-03-17T18:00,29.2,57,31.1,0.0,0.0,3,100,12.4,320,19.076,72.8777
2025-03-17T19:00,28.3,62,30.7,0.0,0.0,3,92,10.8,324,19.076,72.8777
2025-03-17T20:00,27.8,64,30.4,0.0,0.0,3,100,9.0,327,19.076,72.8777
2025-03-17T21:00,27.6,62,29.9,0.0,0.0,3,96,9.2,329,19.076,72.8777
2025-03-17T22:00,27.2,64,29.5,0.0,0.0,2,59,10.3,327,19.076,72.8777
2025-03-17T23:00,26.6,72,29.1,0.0,0.0,2,69,13.0,325,19.076,72.8777
2025-03-18T00:00,26.0,77,29.9,0.0,0.0,0,2,5.8,338,19.076,72.8777
2025-03-18T01:00,25.5,81,29.3,0.0,0.0,0,0,7.1,336,19.076,72.8777
2025-03-18T02:00,25.0,84,28.9,0.0,0.0,0,0,7.2,348,19.076,72.8777
2025-03-18T03:00,24.1,88,28.3,0.0,0.0,0,1,4.1,45,19.076,72.8777
2025-03-18T04:00,23.5,88,27.5,0.0,0.0,0,0,3.6,41,19.076,72.8777
2025-03-18T05:00,23.1,87,26.8,0.0,0.0,0,0,4.0,8,19.076,72.8777
2025-03-18T06:00,23.7,87,27.3,0.0,0.0,0,0,6.4,350,19.076,72.8777
2025-03-18T07:00,24.1,85,27.4,0.0,0.0,0,0,8.8,349,19.076,72.8777
2025-03-18T08:00,26.2,72,29.2,0.0,0.0,0,0,7.6,353,19.076,72.8777
2025-03-18T09:00,28.8,53,30.7,0.0,0.0,0,0,7.5,343,19.076,72.8777
2025-03-18T10:00,31.2,40,32.8,0.0,0.0,0,0,6.5,330,19.076,72.8777
2025-03-18T11:00,32.8,35,35.2,0.0,0.0,0,0,6.8,310,19.076,72.8777
2025-03-18T12:00,33.2,40,36.5,0.0,0.0,0,0,10.2,296,19.076,72.8777
2025-03-18T13:00,33.0,43,36.5,0.0,0.0,0,0,13.5,295,19.076,72.8777
2025-03-18T14:00,32.5,41,34.8,0.0,0.0,0,0,15.2,296,19.076,72.8777
2025-03-18T15:00,32.1,41,33.3,0.0,0.0,0,0,15.9,301,19.076,72.8777
2025-03-18T16:00,31.5,41,31.6,0.0,0.0,0,0,15.7,306,19.076,72.8777
2025-03-18T17:00,30.3,48,31.0,0.0,0.0,0,0,14.8,310,19.076,72.8777
2025-03-18T18:00,28.8,58,30.7,0.0,0.0,0,0,11.4,309,19.076,72.8777
2025-03-18T19:00,27.7,69,30.8,0.0,0.0,0,0,9.7,310,19.076,72.8777
2025-03-18T20:00,27.2,74,31.0,0.0,0.0,0,0,8.4,318,19.076,72.8777
2025-03-18T21:00,26.9,75,31.0,0.0,0.0,0,0,5.7,332,19.076,72.8777
2025-03-18T22:00,26.4,76,30.7,0.0,0.0,0,0,3.8,355,19.076,72.8777
2025-03-18T23:00,25.6,80,30.1,0.0,0.0,0,0,2.6,348,19.076,72.8777
2025-03-19T00:00,25.3,82,29.7,0.0,0.0,0,0,3.2,344,19.076,72.8777
2025-03-19T01:00,25.2,84,29.3,0.0,0.0,0,0,6.6,331,19.076,72.8777
2025-03-19T02:00,24.9,88,28.8,0.0,0.0,0,0,9.4,337,19.076,72.8777
2025-03-19T03:00,24.3,91,28.8,0.0,0.0,0,0,5.8,4,19.076,72.8777
2025-03-19T04:00,23.6,93,27.9,0.0,0.0,0,0,5.7,66,19.076,72.8777
2025-03-19T05:00,23.2,89,26.7,0.0,0.0,0,0,6.0,74,19.076,72.8777
2025-03-19T06:00,23.2,87,27.1,0.0,0.0,0,0,3.6,53,19.076,72.8777
2025-03-19T07:00,23.9,82,27.3,0.0,0.0,0,0,5.5,63,19.076,72.8777
2025-03-19T08:00,26.4,67,29.7,0.0,0.0,0,0,3.0,65,19.076,72.8777
2025-03-19T09:00,29.1,49,31.5,0.0,0.0,0,0,1.6,6,19.076,72.8777
2025-03-19T10:00,31.2,40,33.6,0.0,0.0,0,0,2.7,290,19.076,72.8777
2025-03-19T11:00,32.3,39,35.2,0.0,0.0,0,0,7.4,276,19.076,72.8777
2025-03-19T12:00,31.8,50,35.8,0.0,0.0,0,0,12.3,275,19.076,72.8777
2025-03-19T13:00,31.6,49,35.3,0.0,0.0,0,0,14.1,283,19.076,72.8777
2025-03-19T14:00,31.5,48,34.5,0.0,0.0,0,0,14.8,294,19.076,72.8777
2025-03-19T15:00,31.2,48,33.3,0.0,0.0,0,0,15.8,308,19.076,72.8777
2025-03-19T16:00,30.5,49,31.4,0.0,0.0,0,0,16.2,317,19.076,72.8777
2025-03-19T17:00,29.8,48,30.2,0.0,0.0,0,0,15.7,319,19.076,72.8777
2025-03-19T18:00,28.5,51,29.1,0.0,0.0,0,0,13.8,323,19.076,72.8777
2025-03-19T19:00,27.7,55,28.8,0.0,0.0,0,1,12.2,326,19.076,72.8777
2025-03-19T20:00,27.6,54,28.7,0.0,0.0,0,4,11.3,324,19.076,72.8777
2025-03-19T21:00,27.4,57,28.8,0.0,0.0,0,1,10.5,325,19.076,72.8777
2025-03-19T22:00,26.9,62,28.7,0.0,0.0,0,0,10.2,326,19.076,72.8777
2025-03-19T23:00,26.6,67,29.1,0.0,0.0,0,0,8.8,337,19.076,72.8777
2025-03-20T00:00,25.9,72,29.2,0.0,0.0,0,0,5.6,360,19.076,72.8777
2025-03-20T01:00,25.2,74,28.5,0.0,0.0,0,0,5.0,44,19.076,72.8777
2025-03-20T02:00,24.6,72,27.3,0.0,0.0,0,0,4.5,50,19.076,72.8777
2025-03-20T03:00,24.2,67,26.2,0.0,0.0,0,0,5.1,45,19.076,72.8777
2025-03-20T04:00,23.7,62,25.1,0.0,0.0,0,0,4.5,53,19.076,72.8777
2025-03-20T05:00,23.2,60,24.2,0.0,0.0,0,0,4.0,60,19.076,72.8777
2025-03-20T06:00,23.6,61,24.9,0.0,0.0,0,0,4.6,51,19.076,72.8777
2025-03-20T07:00,24.4,57,25.2,0.0,0.0,0,0,6.6,43,19.076,72.8777
2025-03-20T08:00,26.9,48,27.8,0.0,0.0,0,0,5.7,55,19.076,72.8777
2025-03-20T09:00,30.0,35,30.0,0.0,0.0,0,0,5.6,40,19.076,72.8777
2025-03-20T10:00,32.7,26,32.5,0.0,0.0,0,0,6.7,16,19.076,72.8777
2025-03-20T11:00,34.6,19,34.5,0.0,0.0,0,0,8.0,335,19.076,72.8777
2025-03-20T12:00,35.1,20,35.0,0.0,0.0,0,0,12.2,311,19.076,72.8777
2025-03-20T13:00,34.4,29,35.2,0.0,0.0,0,2,16.4,309,19.076,72.8777
2025-03-20T14:00,34.8,22,33.8,0.0,0.0,0,0,17.7,313,19.076,72.8777
2025-03-20T15:00,34.7,17,32.1,0.0,0.0,0,2,18.0,316,19.076,72.8777
2025-03-20T16:00,34.2,16,30.6,0.0,0.0,0,5,17.4,320,19.076,72.8777
2025-03-20T17:00,33.2,19,30.0,0.0,0.0,0,7,15.7,324,19.076,72.8777
2025-03-20T18:00,30.9,34,30.3,0.0,0.0,0,9,10.8,323,19.076,72.8777
2025-03-20T19:00,29.3,47,30.1,0.0,0.0,0,3,10.4,323,19.076,72.8777
2025-03-20T20:00,29.1,39,28.7,0.0,0.0,0,1,10.7,320,19.076,72.8777
2025-03-20T21:00,28.2,50,28.8,0.0,0.0,0,0,11.8,316,19.076,72.8777
2025-03-20T22:00,27.2,67,29.3,0.0,0.0,0,0,13.3,320,19.076,72.8777
2025-03-20T23:00,26.8,68,28.9,0.0,0.0,0,0,13.2,328,19.076,72.8777
2025-03-21T00:00,26.5,68,28.6,0.0,0.0,0,0,12.6,333,19.076,72.8777
2025-03-21T01:00,26.2,69,28.3,0.0,0.0,0,0,11.4,335,19.076,72.8777
2025-03-21T02:00,25.9,67,27.8,0.0,0.0,0,0,10.9,343,19.076,72.8777
2025-03-21T03:00,25.7,66,27.3,0.0,0.0,0,0,11.1,344,19.076,72.8777
2025-03-21T04:00,25.5,67,27.1,0.0,0.0,0,0,11.7,342,19.076,72.8777
2025-03-21T05:00,25.3,69,27.2,0.0,0.0,0,0,10.7,346,19.076,72.8777
2025-03-21T06:00,25.5,73,28.1,0.0,0.0,0,0,9.4,349,19.076,72.8777
2025-03-21T07:00,25.6,73,28.2,0.0,0.0,0,0,9.7,360,19.076,72.8777
2025-03-21T08:00,27.3,63,29.7,0.0,0.0,0,0,8.8,5,19.076,72.8777
2025-03-21T09:00,29.3,49,30.5,0.0,0.0,0,0,10.5,357,19.076,72.8777
2025-03-21T10:00,31.2,41,32.4,0.0,0.0,0,0,10.9,344,19.076,72.8777
2025-03-21T11:00,32.4,38,34.3,0.0,0.0,0,0,11.8,326,19.076,72.8777
2025-03-21T12:00,32.4,42,35.0,0.0,0.0,0,0,14.9,311,19.076,72.8777
2025-03-21T13:00,32.2,41,34.3,0.0,0.0,0,0,17.0,307,19.076,72.8777
2025-03-21T14:00,31.7,41,33.1,0.0,0.0,0,0,18.2,309,19.076,72.8777
2025-03-21T15:00,31.2,42,31.9,0.0,0.0,0,0,18.1,313,19.076,72.8777
2025-03-21T16:00,30.7,41,30.3,0.0,0.0,0,0,17.1,313,19.076,72.8777
2025-03-21T17:00,29.4,49,29.5,0.0,0.0,0,0,17.2,315,19.076,72.8777
2025-03-21T18:00,27.8,61,29.1,0.0,0.0,0,0,15.5,316,19.076,72.8777
2025-03-21T19:00,27.2,65,29.1,0.0,0.0,0,0,13.0,316,19.076,72.8777
2025-03-21T20:00,27.0,64,29.2,0.0,0.0,0,0,10.2,316,19.076,72.8777
2025-03-21T21:00,26.7,66,29.3,0.0,0.0,0,0,7.2,309,19.076,72.8777
2025-03-21T22:00,25.8,70,29.1,0.0,0.0,0,0,3.2,304,19.076,72.8777
2025-03-21T23:00,25.3,73,28.7,0.0,0.0,0,0,3.1,347,19.076,72.8777
2025-03-22T00:00,24.9,76,28.5,0.0,0.0,0,0,3.3,351,19.076,72.8777
2025-03-22T01:00,24.3,81,28.2,0.0,0.0,0,0,3.2,357,19.076,72.8777
2025-03-22T02:00,24.1,84,27.8,0.0,0.0,0,0,5.6,7,19.076,72.8777
2025-03-22T03:00,23.6,84,27.1,0.0,0.0,0,0,5.1,27,19.076,72.8777
2025-03-22T04:00,23.0,83,26.2,0.0,0.0,0,0,4.5,43,19.076,72.8777
2025-03-22T05:00,22.6,83,25.6,0.0,0.0,0,0,3.9,43,19.076,72.8777
2025-03-22T06:00,23.1,85,26.5,0.0,0.0,0,0,4.5,50,19.076,72.8777
2025-03-22T07:00,23.6,82,26.6,0.0,0.0,0,0,6.6,55,19.076,72.8777
2025-03-22T08:00,25.7,70,28.5,0.0,0.0,0,0,5.8,56,19.076,72.8777
2025-03-22T09:00,28.2,57,30.6,0.0,0.0,0,0,5.3,38,19.076,72.8777
2025-03-22T10:00,30.6,44,33.2,0.0,0.0,0,0,3.8,341,19.076,72.8777
2025-03-22T11:00,32.2,37,34.8,0.0,0.0,0,0,6.9,309,19.076,72.8777
2025-03-22T12:00,32.7,40,35.9,0.0,0.0,0,0,10.2,300,19.076,72.8777
2025-03-22T13:00,32.3,45,35.7,0.0,0.0,0,0,13.9,293,19.076,72.8777
2025-03-22T14:00,32.3,43,34.7,0.0,0.0,0,0,15.7,292,19.076,72.8777
2025-03-22T15:00,31.7,42,32.9,0.0,0.0,0,0,17.0,300,19.076,72.8777
2025-03-22T16:00,31.1,45,31.7,0.0,0.0,0,0,15.8,311,19.076,72.8777
2025-03-22T17:00,30.2,52,31.4,0.0,0.0,0,0,15.7,315,19.076,72.8777
2025-03-22T18:00,28.4,64,30.7,0.0,0.0,0,0,14.1,318,19.076,72.8777
2025-03-22T19:00,27.5,73,30.9,0.0,0.0,0,0,10.7,319,19.076,72.8777
2025-03-22T20:00,27.1,76,31.1,0.0,0.0,0,0,8.1,323,19.076,72.8777
2025-03-22T21:00,26.8,75,31.3,0.0,0.0,0,0,2.8,40,19.076,72.8777
2025-03-22T22:00,26.3,75,30.6,0.0,0.0,0,0,2.5,94,19.076,72.8777
2025-03-22T23:00,26.2,74,30.7,0.0,0.0,0,0,0.5,180,19.076,72.8777
2025-03-23T00:00,25.9,74,30.1,0.0,0.0,0,0,0.6,252,19.076,72.8777
2025-03-23T01:00,25.9,75,29.6,0.0,0.0,0,0,5.0,285,19.076,72.8777
2025-03-23T02:00,24.9,81,29.0,0.0,0.0,0,0,3.2,308,19.076,72.8777
2025-03-23T03:00,24.7,82,29.1,0.0,0.0,0,0,1.5,315,19.076,72.8777
2025-03-23T04:00,24.3,84,28.8,0.0,0.0,0,0,0.4,117,19.076,72.8777
2025-03-23T05:00,23.7,87,28.1,0.0,0.0,0,0,1.1,99,19.076,72.8777
2025-03-23T06:00,23.7,92,28.6,0.0,0.0,0,2,1.5,60,19.076,72.8777
2025-03-23T07:00,24.5,88,29.2,0.0,0.0,0,1,3.0,57,19.076,72.8777
2025-03-23T08:00,26.7,78,31.5,0.0,0.0,0,0,2.8,55,19.076,72.8777
2025-03-23T09:00,29.0,66,33.7,0.0,0.0,0,0,2.1,15,19.076,72.8777
2025-03-23T10:00,31.5,53,36.4,0.0,0.0,0,0,0.7,284,19.076,72.8777
2025-03-23T11:00,32.9,48,38.2,0.0,0.0,0,0,3.9,248,19.076,72.8777
2025-03-23T12:00,33.6,48,39.1,0.0,0.0,0,0,7.9,267,19.076,72.8777
2025-03-23T13:00,33.8,47,38.8,0.0,0.0,0,0,10.3,274,19.076,72.8777
2025-03-23T14:00,33.7,43,37.3,0.0,0.0,0,2,12.1,271,19.076,72.8777
2025-03-23T15:00,33.1,44,35.7,0.0,0.0,0,3,13.2,281,19.076,72.8777
2025-03-23T16:00,32.1,44,33.2,0.0,0.0,0,0,14.4,294,19.076,72.8777
2025-03-23T17:00,30.9,49,32.3,0.0,0.0,0,0,13.1,302,19.076,72.8777
2025-03-23T18:00,29.3,67,32.7,0.0,0.0,0,0,12.6,290,19.076,72.8777
2025-03-23T19:00,28.5,70,32.4,0.0,0.0,0,0,9.1,291,19.076,72.8777
2025-03-23T20:00,28.0,75,32.7,0.0,0.0,0,0,6.0,299,19.076,72.8777
2025-03-23T21:00,27.7,77,32.5,0.0,0.0,0,0,5.8,54,19.076,72.8777
2025-03-23T22:00,27.4,75,32.3,0.0,0.0,0,0,1.9,146,19.076,72.8777
2025-03-23T23:00,27.1,76,31.4,0.0,0.0,0,0,5.5,161,19.076,72.8777
2025-03-24T00:00,26.5,83,31.3,0.0,0.0,0,0,5.8,200,19.076,72.8777
2025-03-24T01:00,26.0,88,31.3,0.0,0.0,0,0,4.3,202,19.076,72.8777
2025-03-24T02:00,25.3,92,31.0,0.0,0.0,0,0,2.5,201,19.076,72.8777
2025-03-24T03:00,25.1,94,30.7,0.0,0.0,0,0,2.8,235,19.076,72.8777
2025-03-24T04:00,25.1,94,30.7,0.0,0.0,0,0,3.3,257,19.076,72.8777
2025-03-24T05:00,24.6,95,30.2,0.0,0.0,0,0,2.9,274,19.076,72.8777
2025-03-24T06:00,24.7,98,30.9,0.0,0.0,1,22,1.1,162,19.076,72.8777
2025-03-24T07:00,25.4,97,31.6,0.0,0.0,1,40,2.8,117,19.076,72.8777
2025-03-24T08:00,26.8,88,32.9,0.0,0.0,0,18,2.3,129,19.076,72.8777
2025-03-24T09:00,28.8,75,34.6,0.0,0.0,0,8,1.1,198,19.076,72.8777
2025-03-24T10:00,30.8,64,36.5,0.0,0.0,0,1,3.6,229,19.076,72.8777
2025-03-24T11:00,32.1,61,38.6,0.0,0.0,0,0,6.5,240,19.076,72.8777
2025-03-24T12:00,32.7,58,39.2,0.0,0.0,0,0,9.4,259,19.076,72.8777
2025-03-24T13:00,32.9,53,38.2,0.0,0.0,0,18,12.4,270,19.076,72.8777
2025-03-24T14:00,32.5,51,36.4,0.0,0.0,0,15,14.4,279,19.076,72.8777
2025-03-24T15:00,32.2,48,34.6,0.0,0.0,0,2,15.1,290,19.076,72.8777
2025-03-24T16:00,31.6,47,32.5,0.0,0.0,0,4,17.2,300,19.076,72.8777
2025-03-24T17:00,30.5,53,31.8,0.0,0.0,0,4,17.3,309,19.076,72.8777
2025-03-24T18:00,28.8,69,31.5,0.0,0.0,0,6,17.4,307,19.076,72.8777
2025-03-24T19:00,28.1,76,31.6,0.0,0.0,0,13,15.4,307,19.076,72.8777
2025-03-24T20:00,27.8,79,32.4,0.0,0.0,0,13,8.8,341,19.076,72.8777
2025-03-24T21:00,27.6,77,32.4,0.0,0.0,0,4,5.0,46,19.076,72.8777
2025-03-24T22:00,27.4,74,32.0,0.0,0.0,0,3,3.6,70,19.076,72.8777
2025-03-24T23:00,26.7,77,31.6,0.0,0.0,0,2,1.1,342,19.076,72.8777
2025-03-25T00:00,26.0,79,30.7,0.0,0.0,0,1,1.7,311,19.076,72.8777
2025-03-25T01:00,25.7,78,29.9,0.0,0.0,0,0,3.3,347,19.076,72.8777
2025-03-25T02:00,26.0,72,29.1,0.0,0.0,0,0,6.9,319,19.076,72.8777
2025-03-25T03:00,25.7,73,28.8,0.0,0.0,0,0,6.5,321,19.076,72.8777
2025-03-25T04:00,25.1,79,28.7,0.0,0.0,0,0,5.9,333,19.076,72.8777
2025-03-25T05:00,24.6,85,28.8,0.0,0.0,0,0,4.3,355,19.076,72.8777
2025-03-25T06:00,24.8,84,29.1,0.0,0.0,0,0,3.7,349,19.076,72.8777
2025-03-25T07:00,25.8,81,29.8,0.0,0.0,0,0,7.4,338,19.076,72.8777
2025-03-25T08:00,28.1,71,32.4,0.0,0.0,0,0,5.2,340,19.076,72.8777
2025-03-25T09:00,30.3,60,33.7,0.0,0.0,0,0,8.0,320,19.076,72.8777
2025-03-25T10:00,31.8,53,35.6,0.0,0.0,0,0,9.0,308,19.076,72.8777
2025-03-25T11:00,32.6,52,37.2,0.0,0.0,0,0,10.6,298,19.076,72.8777
2025-03-25T12:00,33.0,48,37.1,0.0,0.0,0,0,14.1,297,19.076,72.8777
2025-03-25T13:00,33.2,42,35.9,0.0,0.0,0,0,16.1,301,19.076,72.8777
2025-03-25T14:00,33.0,42,35.3,0.0,0.0,0,1,16.7,302,19.076,72.8777
2025-03-25T15:00,32.5,44,34.2,0.0,0.0,0,7,16.7,302,19.076,72.8777
2025-03-25T16:00,31.5,51,33.0,0.0,0.0,0,15,16.6,299,19.076,72.8777
2025-03-25T17:00,30.2,59,32.3,0.0,0.0,0,12,16.2,294,19.076,72.8777
2025-03-25T18:00,28.8,72,32.3,0.0,0.0,0,4,14.1,293,19.076,72.8777
2025-03-25T19:00,28.0,78,32.4,0.0,0.0,0,0,10.5,295,19.076,72.8777
2025-03-25T20:00,27.8,80,33.3,0.0,0.0,0,0,3.4,6,19.076,72.8777
2025-03-25T21:00,27.6,77,33.0,0.0,0.0,0,0,1.4,113,19.076,72.8777
2025-03-25T22:00,27.1,78,32.3,0.0,0.0,0,0,1.5,120,19.076,72.8777
2025-03-25T23:00,26.7,80,32.2,0.0,0.0,0,0,0.4,207,19.076,72.8777
2025-03-26T00:00,26.1,81,30.9,0.0,0.0,0,0,3.2,254,19.076,72.8777
2025-03-26T01:00,25.7,83,30.7,0.0,0.0,0,0,1.9,221,19.076,72.8777
2025-03-26T02:00,25.4,84,30.4,0.0,0.0,0,0,1.3,262,19.076,72.8777
2025-03-26T03:00,24.7,88,29.7,0.0,0.0,0,0,1.8,11,19.076,72.8777
2025-03-26T04:00,24.1,91,29.1,0.0,0.0,0,0,1.7,77,19.076,72.8777
2025-03-26T05:00,23.9,92,28.6,0.0,0.0,0,3,2.8,108,19.076,72.8777
2025-03-26T06:00,25.0,89,30.4,0.0,0.0,0,0,0.9,180,19.076,72.8777
2025-03-26T07:00,25.8,86,31.0,0.0,0.0,0,0,2.7,148,19.076,72.8777
2025-03-26T08:00,27.4,79,32.7,0.0,0.0,0,0,1.9,202,19.076,72.8777
2025-03-26T09:00,29.1,68,33.7,0.0,0.0,0,0,4.8,250,19.076,72.8777
2025-03-26T10:00,30.5,60,34.9,0.0,0.0,0,0,7.9,266,19.076,72.8777
2025-03-26T11:00,31.2,58,36.2,0.0,0.0,0,0,10.5,276,19.076,72.8777
2025-03-26T12:00,31.5,55,36.2,0.0,0.0,0,0,13.0,284,19.076,72.8777
2025-03-26T13:00,31.6,53,35.7,0.0,0.0,0,0,14.9,291,19.076,72.8777
2025-03-26T14:00,31.3,52,34.9,0.0,0.0,0,0,15.0,299,19.076,72.8777
2025-03-26T15:00,31.1,53,34.1,0.0,0.0,0,0,14.7,303,19.076,72.8777
2025-03-26T16:00,30.3,56,32.2,0.0,0.0,0,5,15.2,304,19.076,72.8777
2025-03-26T17:00,29.3,59,31.2,0.0,0.0,1,39,14.7,305,19.076,72.8777
2025-03-26T18:00,28.1,70,30.8,0.0,0.0,0,1,14.8,304,19.076,72.8777
2025-03-26T19:00,27.4,77,30.9,0.0,0.0,0,2,13.0,307,19.076,72.8777
2025-03-26T20:00,27.0,81,31.2,0.0,0.0,0,4,10.4,314,19.076,72.8777
2025-03-26T21:00,26.9,81,31.4,0.0,0.0,0,4,7.8,310,19.076,72.8777
2025-03-26T22:00,26.5,82,31.3,0.0,0.0,0,4,4.8,312,19.076,72.8777
2025-03-26T23:00,25.9,85,31.1,0.0,0.0,0,5,2.0,333,19.076,72.8777
2025-03-27T00:00,25.6,87,30.9,0.0,0.0,0,5,2.0,360,19.076,72.8777
2025-03-27T01:00,25.3,89,30.5,0.0,0.0,0,2,2.7,48,19.076,72.8777
2025-03-27T02:00,24.8,91,30.1,0.0,0.0,0,3,2.4,48,19.076,72.8777
2025-03-27T03:00,24.5,93,29.7,0.0,0.0,0,4,2.4,347,19.076,72.8777
2025-03-27T04:00,24.3,94,29.5,0.0,0.0,0,12,2.5,352,19.076,72.8777
2025-03-27T05:00,24.4,93,29.5,0.0,0.0,1,32,3.6,360,19.076,72.8777
2025-03-27T06:00,25.0,92,30.4,0.0,0.0,2,58,2.7,8,19.076,72.8777
2025-03-27T07:00,25.2,91,30.6,0.0,0.0,2,69,3.6,33,19.076,72.8777
2025-03-27T08:00,26.8,81,31.9,0.0,0.0,1,22,4.0,18,19.076,72.8777
2025-03-27T09:00,28.5,71,33.0,0.0,0.0,1,25,5.1,321,19.076,72.8777
2025-03-27T10:00,29.7,64,33.8,0.0,0.0,0,16,8.4,301,19.076,72.8777
2025-03-27T11:00,30.2,61,34.5,0.0,0.0,0,9,11.6,296,19.076,72.8777
2025-03-27T12:00,30.6,56,34.9,0.0,0.0,0,2,12.5,297,19.076,72.8777
2025-03-27T13:00,30.8,54,34.7,0.0,0.0,0,0,14.2,296,19.076,72.8777
2025-03-27T14:00,30.3,56,33.6,0.0,0.0,0,1,16.5,300,19.076,72.8777
2025-03-27T15:00,29.9,59,32.9,0.0,0.0,0,0,15.7,304,19.076,72.8777
2025-03-27T16:00,29.3,61,31.6,0.0,0.0,0,0,14.8,311,19.076,72.8777
2025-03-27T17:00,28.5,65,31.1,0.0,0.0,0,0,13.0,314,19.076,72.8777
2025-03-27T18:00,27.2,73,29.9,0.0,0.0,0,1,15.0,314,19.076,72.8777
2025-03-27T19:00,26.6,76,29.5,0.0,0.0,0,0,14.3,316,19.076,72.8777
2025-03-27T20:00,26.4,76,29.8,0.0,0.0,0,1,10.4,321,19.076,72.8777
2025-03-27T21:00,26.2,77,29.9,0.0,0.0,0,0,7.7,327,19.076,72.8777
2025-03-27T22:00,26.0,78,29.8,0.0,0.0,0,0,6.7,341,19.076,72.8777
2025-03-27T23:00,25.8,78,29.6,0.0,0.0,0,0,6.5,355,19.076,72.8777
2025-03-28T00:00,25.4,80,29.3,0.0,0.0,0,0,5.8,5,19.076,72.8777
2025-03-28T01:00,25.0,83,28.9,0.0,0.0,0,2,5.9,11,19.076,72.8777
2025-03-28T02:00,24.5,85,28.6,0.0,0.0,0,1,5.2,14,19.076,72.8777
2025-03-28T03:00,24.2,88,28.4,0.0,0.0,0,1,4.2,10,19.076,72.8777
2025-03-28T04:00,24.0,89,28.3,0.0,0.0,0,0,4.0,36,19.076,72.8777
2025-03-28T05:00,23.7,89,27.7,0.0,0.0,0,0,4.9,62,19.076,72.8777
2025-03-28T06:00,23.9,87,27.6,0.0,0.0,0,0,6.3,59,19.076,72.8777
2025-03-28T07:00,24.4,85,28.3,0.0,0.0,0,0,5.6,61,19.076,72.8777
2025-03-28T08:00,26.6,75,30.7,0.0,0.0,0,0,4.4,52,19.076,72.8777
2025-03-28T09:00,28.7,65,32.8,0.0,0.0,0,0,3.8,355,19.076,72.8777
2025-03-28T10:00,30.9,54,34.9,0.0,0.0,0,0,4.8,315,19.076,72.8777
2025-03-28T11:00,32.2,49,36.8,0.0,0.0,0,0,7.3,298,19.076,72.8777
2025-03-28T12:00,32.5,52,37.3,0.0,0.0,0,0,11.7,293,19.076,72.8777
2025-03-28T13:00,32.3,51,36.2,0.0,0.0,0,0,15.9,305,19.076,72.8777
2025-03-28T14:00,32.0,52,35.5,0.0,0.0,0,0,17.3,313,19.076,72.8777
2025-03-28T15:00,32.1,51,34.8,0.0,0.0,0,0,16.9,315,19.076,72.8777
2025-03-28T16:00,31.7,50,33.1,0.0,0.0,0,0,16.9,316,19.076,72.8777
2025-03-28T17:00,31.2,50,32.4,0.0,0.0,0,2,16.3,318,19.076,72.8777
2025-03-28T18:00,30.3,49,31.0,0.0,0.0,0,2,16.1,320,19.076,72.8777
2025-03-28T19:00,29.9,47,30.3,0.0,0.0,0,4,14.1,333,19.076,72.8777
2025-03-28T20:00,30.3,37,29.3,0.0,0.0,0,2,15.5,345,19.076,72.8777
2025-03-28T21:00,30.1,35,28.9,0.0,0.0,0,0,14.7,342,19.076,72.8777
2025-03-28T22:00,29.9,32,28.5,0.0,0.0,0,0,12.8,350,19.076,72.8777
2025-03-28T23:00,29.4,30,28.0,0.0,0.0,0,0,9.2,6,19.076,72.8777
2025-03-29T00:00,28.7,29,27.3,0.0,0.0,0,0,7.6,3,19.076,72.8777
2025-03-29T01:00,28.5,29,26.5,0.0,0.0,0,0,11.2,342,19.076,72.8777
2025-03-29T02:00,28.0,35,26.4,0.0,0.0,0,0,13.0,338,19.076,72.8777
2025-03-29T03:00,27.3,48,27.0,0.0,0.0,0,0,14.3,341,19.076,72.8777
2025-03-29T04:00,26.9,53,27.1,0.0,0.0,0,0,13.8,345,19.076,72.8777
2025-03-29T05:00,26.7,44,26.1,0.0,0.0,0,0,11.0,356,19.076,72.8777
2025-03-29T06:00,26.4,30,24.1,0.0,0.0,0,0,11.1,347,19.076,72.8777
2025-03-29T07:00,26.8,25,24.1,0.0,0.0,0,0,9.8,353,19.076,72.8777
2025-03-29T08:00,28.6,20,26.0,0.0,0.0,0,0,6.7,3,19.076,72.8777
2025-03-29T09:00,31.3,16,28.9,0.0,0.0,0,0,4.5,360,19.076,72.8777
2025-03-29T10:00,34.1,15,32.8,0.0,0.0,0,0,3.4,328,19.076,72.8777
2025-03-29T11:00,35.9,16,35.8,0.0,0.0,0,0,6.0,299,19.076,72.8777
2025-03-29T12:00,36.2,20,36.7,0.0,0.0,0,0,10.5,297,19.076,72.8777
2025-03-29T13:00,36.2,22,37.0,0.0,0.0,0,3,12.2,303,19.076,72.8777
2025-03-29T14:00,36.0,23,36.3,0.0,0.0,0,1,13.6,305,19.076,72.8777
2025-03-29T15:00,35.4,24,34.8,0.0,0.0,0,0,14.8,309,19.076,72.8777
2025-03-29T16:00,34.1,30,33.2,0.0,0.0,0,0,15.4,318,19.076,72.8777
2025-03-29T17:00,32.6,37,32.2,0.0,0.0,0,0,16.1,323,19.076,72.8777
2025-03-29T18:00,30.5,50,31.5,0.0,0.0,0,3,16.2,319,19.076,72.8777
2025-03-29T19:00,29.6,54,31.3,0.0,0.0,1,21,12.6,332,19.076,72.8777
2025-03-29T20:00,30.0,47,31.2,0.0,0.0,1,32,9.6,5,19.076,72.8777
2025-03-29T21:00,30.8,29,29.8,0.0,0.0,2,63,7.8,19,19.076,72.8777
2025-03-29T22:00,31.0,23,29.2,0.0,0.0,3,97,7.4,6,19.076,72.8777
2025-03-29T23:00,30.8,25,29.9,0.0,0.0,3,97,3.1,28,19.076,72.8777
2025-03-30T00:00,30.0,30,29.0,0.0,0.0,1,25,8.4,290,19.076,72.8777
2025-03-30T01:00,28.3,53,29.6,0.0,0.0,0,0,10.3,313,19.076,72.8777
2025-03-30T02:00,27.7,61,29.8,0.0,0.0,3,80,10.7,320,19.076,72.8777
2025-03-30T03:00,27.6,64,30.1,0.0,0.0,1,47,10.2,328,19.076,72.8777
2025-03-30T04:00,27.3,68,30.2,0.0,0.0,0,12,9.3,331,19.076,72.8777
2025-03-30T05:00,26.8,71,30.1,0.0,0.0,0,16,7.7,339,19.076,72.8777
2025-03-30T06:00,26.6,74,30.4,0.0,0.0,0,14,5.9,337,19.076,72.8777
2025-03-30T07:00,26.8,72,30.5,0.0,0.0,0,9,5.4,352,19.076,72.8777
2025-03-30T08:00,28.9,53,31.3,0.0,0.0,2,55,4.9,2,19.076,72.8777
2025-03-30T09:00,31.8,26,31.0,0.0,0.0,0,14,6.0,3,19.076,72.8777
2025-03-30T10:00,34.8,17,33.5,0.0,0.0,0,1,6.3,3,19.076,72.8777
2025-03-30T11:00,37.0,16,37.4,0.0,0.0,0,3,3.4,317,19.076,72.8777
2025-03-30T12:00,37.7,17,38.5,0.0,0.0,0,1,7.9,283,19.076,72.8777
2025-03-30T13:00,36.8,23,37.6,0.0,0.0,0,0,13.8,296,19.076,72.8777
2025-03-30T14:00,36.1,22,35.6,0.0,0.0,0,4,16.8,308,19.076,72.8777
2025-03-30T15:00,35.4,25,34.6,0.0,0.0,0,13,17.0,318,19.076,72.8777
2025-03-30T16:00,35.1,28,33.6,0.0,0.0,0,9,18.2,322,19.076,72.8777
2025-03-30T17:00,33.9,31,33.0,0.0,0.0,1,41,16.4,327,19.076,72.8777
2025-03-30T18:00,32.2,36,31.5,0.0,0.0,1,20,16.3,325,19.076,72.8777
2025-03-30T19:00,31.4,38,31.4,0.0,0.0,1,25,12.6,336,19.076,72.8777
2025-03-30T20:00,32.3,25,31.6,0.0,0.0,2,52,3.8,19,19.076,72.8777
2025-03-30T21:00,31.6,27,31.7,0.0,0.0,0,4,0.7,194,19.076,72.8777
2025-03-30T22:00,30.5,30,30.4,0.0,0.0,0,12,3.1,263,19.076,72.8777
2025-03-30T23:00,29.9,37,29.6,0.0,0.0,1,20,9.7,289,19.076,72.8777
2025-03-31T00:00,28.7,57,30.6,0.0,0.0,2,78,10.9,310,19.076,72.8777
2025-03-31T01:00,28.4,63,31.2,0.0,0.0,2,50,9.3,333,19.076,72.8777
2025-03-31T02:00,28.2,60,30.6,0.0,0.0,1,26,9.0,337,19.076,72.8777
2025-03-31T03:00,28.1,56,29.7,0.0,0.0,1,41,11.0,342,19.076,72.8777
2025-03-31T04:00,27.9,54,29.5,0.0,0.0,0,8,7.8,5,19.076,72.8777
2025-03-31T05:00,26.8,56,28.7,0.0,0.0,1,38,4.7,97,19.076,72.8777
2025-03-31T06:00,25.5,76,29.6,0.0,0.0,1,31,1.6,96,19.076,72.8777
2025-03-31T07:00,26.7,70,30.5,0.0,0.0,0,18,2.4,324,19.076,72.8777
2025-03-31T08:00,29.3,57,32.9,0.0,0.0,3,95,1.8,323,19.076,72.8777
2025-03-31T09:00,31.2,47,34.3,0.0,0.0,0,7,0.2,180,19.076,72.8777
2025-03-31T10:00,33.4,39,36.2,0.0,0.0,0,5,2.6,258,19.076,72.8777
2025-03-31T11:00,34.8,36,38.3,0.0,0.0,0,0,6.1,273,19.076,72.8777
2025-03-31T12:00,35.5,34,38.6,0.0,0.0,0,0,10.5,289,19.076,72.8777
2025-03-31T13:00,36.3,26,37.4,0.0,0.0,0,0,14.2,308,19.076,72.8777
2025-03-31T14:00,37.1,19,36.3,0.0,0.0,0,2,16.0,319,19.076,72.8777
2025-03-31T15:00,36.5,24,36.1,0.0,0.0,0,9,14.8,320,19.076,72.8777
2025-03-31T16:00,35.2,28,34.3,0.0,0.0,0,10,15.4,324,19.076,72.8777
2025-03-31T17:00,33.6,35,33.3,0.0,0.0,1,26,15.7,324,19.076,72.8777
2025-03-31T18:00,31.8,38,31.5,0.0,0.0,1,22,15.2,323,19.076,72.8777
2025-03-31T19:00,31.5,37,31.3,0.0,0.0,1,30,13.2,334,19.076,72.8777
2025-03-31T20:00,32.0,29,31.0,0.0,0.0,3,99,9.9,344,19.076,72.8777
2025-03-31T21:00,31.6,29,31.3,0.0,0.0,3,92,4.7,310,19.076,72.8777
2025-03-31T22:00,30.6,38,31.2,0.0,0.0,2,59,6.2,319,19.076,72.8777
2025-03-31T23:00,29.9,46,31.2,0.0,0.0,3,99,8.1,321,19.076,72.8777
2025-04-01T00:00,29.4,50,31.4,0.0,0.0,3,82,5.2,314,19.076,72.8777
2025-04-01T01:00,29.0,53,31.7,0.0,0.0,3,100,2.8,259,19.076,72.8777
2025-04-01T02:00,28.5,59,31.3,0.0,0.0,2,62,5.4,274,19.076,72.8777
2025-04-01T03:00,28.2,61,31.4,0.0,0.0,3,95,4.2,265,19.076,72.8777
2025-04-01T04:00,27.6,65,31.5,0.0,0.0,1,43,1.2,27,19.076,72.8777
2025-04-01T05:00,26.9,66,30.6,0.0,0.0,3,96,0.9,79,19.076,72.8777
2025-04-01T06:00,25.9,84,31.1,0.0,0.0,0,12,1.9,119,19.076,72.8777
2025-04-01T07:00,26.9,76,31.6,0.0,0.0,0,18,2.7,110,19.076,72.8777
2025-04-01T08:00,29.1,67,33.9,0.0,0.0,1,26,2.5,4,19.076,72.8777
2025-04-01T09:00,31.3,55,35.0,0.0,0.0,2,53,5.6,329,19.076,72.8777
2025-04-01T10:00,32.8,46,35.2,0.0,0.0,1,30,8.1,328,19.076,72.8777
2025-04-01T11:00,34.5,37,36.5,0.0,0.0,0,10,9.1,335,19.076,72.8777
2025-04-01T12:00,37.0,29,39.1,0.0,0.0,0,13,11.7,329,19.076,72.8777
2025-04-01T13:00,38.2,24,39.3,0.0,0.0,1,36,13.1,326,19.076,72.8777
2025-04-01T14:00,38.9,17,37.4,0.0,0.0,1,39,14.0,324,19.076,72.8777
2025-04-01T15:00,38.6,15,36.6,0.0,0.0,1,21,12.7,310,19.076,72.8777
2025-04-01T16:00,34.9,30,34.5,0.0,0.0,0,12,13.4,316,19.076,72.8777
2025-04-01T17:00,34.6,26,33.2,0.0,0.0,1,21,13.6,312,19.076,72.8777
2025-04-01T18:00,30.9,45,31.7,0.0,0.0,3,100,13.1,331,19.076,72.8777
2025-04-01T19:00,31.3,40,31.8,0.0,0.0,1,30,11.2,344,19.076,72.8777
2025-04-01T20:00,32.1,31,30.8,0.0,0.0,1,27,14.5,340,19.076,72.8777
2025-04-01T21:00,32.0,27,30.6,0.0,0.0,1,32,10.8,349,19.076,72.8777
2025-04-01T22:00,31.9,24,30.4,0.0,0.0,0,16,8.3,14,19.076,72.8777
2025-04-01T23:00,31.6,22,30.1,0.0,0.0,1,39,5.3,38,19.076,72.8777
2025-04-02T00:00,30.8,24,29.6,0.0,0.0,0,18,4.4,99,19.076,72.8777
2025-04-02T01:00,30.2,30,30.3,0.0,0.0,1,23,0.9,37,19.076,72.8777
2025-04-02T02:00,29.1,31,28.9,0.0,0.0,1,32,1.9,326,19.076,72.8777
2025-04-02T03:00,28.7,33,28.8,0.0,0.0,3,80,0.9,307,19.076,72.8777
2025-04-02T04:00,28.3,38,28.9,0.0,0.0,1,45,1.3,278,19.076,72.8777
2025-04-02T05:00,28.1,41,29.2,0.0,0.0,0,17,0.4,333,19.076,72.8777
2025-04-02T06:00,27.8,50,29.9,0.0,0.0,3,95,1.0,135,19.076,72.8777
2025-04-02T07:00,28.9,41,29.5,0.0,0.0,0,0,5.3,98,19.076,72.8777
2025-04-02T08:00,31.8,38,32.8,0.0,0.0,0,9,6.8,122,19.076,72.8777
2025-04-02T09:00,34.4,33,35.2,0.0,0.0,0,7,7.4,131,19.076,72.8777
2025-04-02T10:00,36.4,28,38.0,0.0,0.0,0,6,5.8,146,19.076,72.8777
2025-04-02T11:00,37.4,26,39.8,0.0,0.0,0,0,6.0,217,19.076,72.8777
2025-04-02T12:00,36.9,30,39.6,0.0,0.0,0,0,11.7,247,19.076,72.8777
2025-04-02T13:00,36.9,30,39.4,0.0,0.0,0,0,12.3,249,19.076,72.8777
2025-04-02T14:00,35.9,33,38.2,0.0,0.0,0,0,14.3,264,19.076,72.8777
2025-04-02T15:00,34.8,37,36.4,0.0,0.0,0,0,15.3,269,19.076,72.8777
2025-04-02T16:00,34.2,39,35.4,0.0,0.0,0,0,12.8,273,19.076,72.8777
2025-04-02T17:00,33.1,43,35.1,0.0,0.0,0,0,8.8,272,19.076,72.8777
2025-04-02T18:00,31.5,52,34.1,0.0,0.0,0,2,10.1,292,19.076,72.8777
2025-04-02T19:00,30.5,57,33.7,0.0,0.0,0,7,7.8,296,19.076,72.8777
2025-04-02T20:00,29.9,61,33.6,0.0,0.0,1,22,6.2,311,19.076,72.8777
2025-04-02T21:00,29.8,61,34.4,0.0,0.0,1,28,0.3,135,19.076,72.8777
2025-04-02T22:00,29.8,60,33.7,0.0,0.0,0,0,3.7,157,19.076,72.8777
2025-04-02T23:00,29.1,65,33.0,0.0,0.0,0,0,5.6,153,19.076,72.8777
2025-04-03T00:00,28.2,74,32.7,0.0,0.0,1,37,6.8,155,19.076,72.8777
2025-04-03T01:00,27.9,77,32.7,0.0,0.0,3,83,7.0,168,19.076,72.8777
2025-04-03T02:00,27.9,76,32.3,0.0,0.0,3,100,8.4,164,19.076,72.8777
2025-04-03T03:00,27.9,74,31.9,0.0,0.0,2,77,9.3,164,19.076,72.8777
2025-04-03T04:00,27.6,73,31.5,0.0,0.0,0,6,8.1,168,19.076,72.8777
2025-04-03T05:00,27.3,75,31.6,0.0,0.0,1,28,5.8,180,19.076,72.8777
2025-04-03T06:00,27.5,72,32.3,0.0,0.0,1,46,0.4,27,19.076,72.8777
2025-04-03T07:00,28.0,70,32.6,0.0,0.0,1,33,1.9,56,19.076,72.8777
2025-04-03T08:00,29.6,65,34.2,0.0,0.0,0,8,4.2,175,19.076,72.8777
2025-04-03T09:00,30.9,65,35.4,0.0,0.0,0,15,8.8,185,19.076,72.8777
2025-04-03T10:00,31.5,65,36.6,0.0,0.0,1,31,9.9,205,19.076,72.8777
2025-04-03T11:00,31.9,65,37.7,0.0,0.0,1,37,10.6,223,19.076,72.8777
2025-04-03T12:00,31.4,68,37.8,0.4,0.4,51,41,10.4,226,19.076,72.8777
2025-04-03T13:00,32.5,60,39.4,0.2,0.2,51,27,7.9,213,19.076,72.8777
2025-04-03T14:00,32.1,56,37.7,0.0,0.0,2,51,6.7,216,19.076,72.8777
2025-04-03T15:00,31.5,59,35.9,0.0,0.0,1,33,9.6,247,19.076,72.8777
2025-04-03T16:00,31.3,64,35.4,0.0,0.0,0,3,12.1,259,19.076,72.8777
2025-04-03T17:00,30.2,71,35.0,0.0,0.0,0,0,10.1,267,19.076,72.8777
2025-04-03T18:00,29.5,81,35.6,0.0,0.0,0,1,8.3,290,19.076,72.8777
2025-04-03T19:00,28.9,85,35.1,0.0,0.0,0,3,9.5,279,19.076,72.8777
2025-04-03T20:00,28.5,88,35.0,0.0,0.0,0,6,8.4,277,19.076,72.8777
2025-04-03T21:00,28.4,89,35.1,0.0,0.0,0,13,6.3,272,19.076,72.8777
2025-04-03T22:00,28.2,89,35.3,0.0,0.0,1,29,3.6,229,19.076,72.8777
2025-04-03T23:00,28.2,89,35.1,0.0,0.0,1,43,3.8,205,19.076,72.8777
2025-04-04T00:00,28.0,89,34.7,0.0,0.0,1,35,4.4,189,19.076,72.8777
2025-04-04T01:00,27.6,91,34.4,0.0,0.0,1,36,4.1,214,19.076,72.8777
2025-04-04T02:00,27.4,92,34.0,0.0,0.0,1,27,5.2,226,19.076,72.8777
2025-04-04T03:00,27.3,92,33.7,0.1,0.1,51,26,5.9,270,19.076,72.8777
2025-04-04T04:00,26.5,95,32.8,0.0,0.0,2,51,5.7,279,19.076,72.8777
2025-04-04T05:00,26.6,94,33.0,0.0,0.0,1,34,4.6,306,19.076,72.8777
2025-04-04T06:00,26.4,91,32.1,0.6,0.6,53,97,6.0,219,19.076,72.8777
2025-04-04T07:00,26.8,87,32.3,0.0,0.0,1,29,5.1,225,19.076,72.8777
2025-04-04T08:00,28.4,77,34.1,0.0,0.0,0,9,2.6,205,19.076,72.8777
2025-04-04T09:00,30.3,67,35.5,0.0,0.0,1,36,4.3,202,19.076,72.8777
2025-04-04T10:00,31.9,60,37.1,0.0,0.0,1,21,5.5,216,19.076,72.8777
2025-04-04T11:00,33.0,57,39.1,0.0,0.0,1,24,7.7,254,19.076,72.8777
2025-04-04T12:00,33.3,56,39.2,0.0,0.0,0,14,11.3,271,19.076,72.8777
2025-04-04T13:00,32.7,57,38.2,0.0,0.0,0,16,12.3,285,19.076,72.8777
2025-04-04T14:00,32.7,55,37.2,0.3,0.3,51,23,13.4,301,19.076,72.8777
2025-04-04T15:00,31.8,62,36.2,0.0,0.0,0,9,14.2,309,19.076,72.8777
2025-04-04T16:00,31.5,64,35.3,0.0,0.0,0,5,14.9,318,19.076,72.8777
2025-04-04T17:00,30.4,68,34.1,0.0,0.0,0,5,15.4,318,19.076,72.8777
2025-04-04T18:00,29.0,72,32.6,0.0,0.0,0,14,14.4,314,19.076,72.8777
2025-04-04T19:00,28.3,77,32.5,0.0,0.0,0,1,12.0,316,19.076,72.8777
2025-04-04T20:00,28.1,76,32.5,0.0,0.0,0,1,8.8,332,19.076,72.8777
2025-04-04T21:00,27.9,77,32.9,0.0,0.0,0,0,5.6,15,19.076,72.8777
2025-04-04T22:00,27.5,79,32.4,0.0,0.0,0,0,6.3,357,19.076,72.8777
2025-04-04T23:00,27.1,81,32.0,0.0,0.0,0,0,6.0,357,19.076,72.8777
2025-04-05T00:00,26.7,82,31.7,0.0,0.0,0,0,4.7,351,19.076,72.8777
2025-04-05T01:00,26.3,83,31.1,0.0,0.0,0,0,5.1,354,19.076,72.8777
2025-04-05T02:00,25.9,88,30.7,0.0,0.0,0,5,7.3,335,19.076,72.8777
2025-04-05T03:00,25.5,93,30.9,0.0,0.0,0,3,6.0,350,19.076,72.8777
2025-04-05T04:00,25.0,96,30.7,0.0,0.0,0,0,4.4,351,19.076,72.8777
2025-04-05T05:00,24.7,95,29.9,0.0,0.0,0,4,5.3,24,19.076,72.8777
2025-04-05T06:00,24.8,96,30.4,0.0,0.0,0,5,4.3,28,19.076,72.8777
2025-04-05T07:00,25.4,91,30.4,0.0,0.0,0,3,5.9,31,19.076,72.8777
2025-04-05T08:00,27.8,71,32.0,0.0,0.0,0,4,4.7,23,19.076,72.8777
2025-04-05T09:00,31.4,47,34.1,0.0,0.0,0,0,3.5,332,19.076,72.8777
2025-04-05T10:00,33.9,35,36.0,0.0,0.0,0,0,6.7,314,19.076,72.8777
2025-04-05T11:00,35.2,34,38.0,0.0,0.0,0,0,9.7,304,19.076,72.8777
2025-04-05T12:00,35.1,39,38.7,0.0,0.0,1,27,13.5,306,19.076,72.8777
2025-04-05T13:00,35.4,37,38.4,0.0,0.0,1,31,15.3,307,19.076,72.8777
2025-04-05T14:00,35.1,32,36.1,0.0,0.0,1,30,16.1,306,19.076,72.8777
2025-04-05T15:00,34.8,34,35.6,0.0,0.0,0,9,16.9,309,19.076,72.8777
2025-04-05T16:00,34.0,39,34.2,0.0,0.0,0,13,17.7,312,19.076,72.8777
2025-04-05T17:00,32.7,44,33.2,0.0,0.0,0,14,18.5,315,19.076,72.8777
2025-04-05T18:00,30.7,55,32.9,0.0,0.0,0,8,14.0,308,19.076,72.8777
2025-04-05T19:00,29.7,62,32.3,0.0,0.0,0,1,14.5,319,19.076,72.8777
2025-04-05T20:00,29.1,68,32.5,0.0,0.0,0,0,12.4,320,19.076,72.8777
2025-04-05T21:00,29.0,64,33.1,0.0,0.0,0,0,3.3,6,19.076,72.8777
2025-04-05T22:00,28.3,63,32.3,0.0,0.0,0,0,1.5,104,19.076,72.8777
2025-04-05T23:00,27.6,65,31.4,0.0,0.0,0,0,2.5,315,19.076,72.8777
2025-04-06T00:00,28.0,60,30.7,0.0,0.0,0,0,6.0,314,19.076,72.8777
2025-04-06T01:00,27.5,63,30.5,0.0,0.0,0,0,4.6,321,19.076,72.8777
2025-04-06T02:00,26.5,70,30.1,0.0,0.0,0,0,3.6,307,19.076,72.8777
2025-04-06T03:00,26.2,72,30.4,0.0,0.0,0,0,0.7,14,19.076,72.8777
2025-04-06T04:00,25.5,75,29.7,0.0,0.0,0,0,0.3,45,19.076,72.8777
2025-04-06T05:00,24.8,78,28.8,0.0,0.0,0,0,1.5,83,19.076,72.8777
2025-04-06T06:00,25.5,75,29.3,0.0,0.0,0,0,3.0,76,19.076,72.8777
2025-04-06T07:00,26.2,70,29.5,0.0,0.0,0,0,4.5,74,19.076,72.8777
2025-04-06T08:00,28.9,55,31.9,0.0,0.0,0,0,2.3,72,19.076,72.8777
2025-04-06T09:00,32.5,39,34.7,0.0,0.0,0,0,0.8,117,19.076,72.8777
2025-04-06T10:00,34.9,31,37.2,0.0,0.0,0,0,2.7,233,19.076,72.8777
2025-04-06T11:00,35.7,33,39.0,0.0,0.0,0,0,7.0,244,19.076,72.8777
2025-04-06T12:00,35.3,41,40.1,0.0,0.0,0,7,10.1,251,19.076,72.8777
2025-04-06T13:00,34.8,44,39.4,0.0,0.0,1,26,12.3,264,19.076,72.8777
2025-04-06T14:00,34.1,45,37.5,0.0,0.0,1,34,14.1,275,19.076,72.8777
2025-04-06T15:00,33.7,46,36.2,0.0,0.0,1,29,16.1,290,19.076,72.8777
2025-04-06T16:00,33.4,42,34.4,0.0,0.0,0,12,15.6,304,19.076,72.8777
2025-04-06T17:00,33.0,43,34.1,0.0,0.0,0,18,14.5,308,19.076,72.8777
2025-04-06T18:00,30.3,68,34.8,0.0,0.0,0,3,10.4,278,19.076,72.8777
2025-04-06T19:00,29.4,72,34.5,0.0,0.0,0,0,5.9,284,19.076,72.8777
2025-04-06T20:00,29.2,73,35.2,0.0,0.0,0,0,0.0,270,19.076,72.8777
2025-04-06T21:00,28.8,69,33.7,0.0,0.0,0,1,2.7,143,19.076,72.8777
2025-04-06T22:00,28.1,75,33.5,0.0,0.0,0,0,1.5,210,19.076,72.8777
2025-04-06T23:00,27.8,77,33.2,0.0,0.0,0,0,1.3,286,19.076,72.8777
2025-04-07T00:00,27.2,79,32.6,0.0,0.0,0,0,2.1,128,19.076,72.8777
2025-04-07T01:00,26.3,86,31.8,0.0,0.0,0,4,3.0,142,19.076,72.8777
2025-04-07T02:00,25.8,91,31.7,0.0,0.0,0,7,2.0,190,19.076,72.8777
2025-04-07T03:00,25.5,92,31.3,0.0,0.0,0,15,2.8,145,19.076,72.8777
2025-04-07T04:00,25.6,93,31.5,0.0,0.0,1,34,2.7,118,19.076,72.8777
2025-04-07T05:00,24.9,96,30.6,0.0,0.0,1,48,2.5,111,19.076,72.8777
2025-04-07T06:00,25.0,95,30.7,0.0,0.0,1,43,2.5,90,19.076,72.8777
2025-04-07T07:00,25.4,91,31.0,0.0,0.0,1,33,3.1,62,19.076,72.8777
2025-04-07T08:00,28.6,68,33.1,0.0,0.0,0,0,2.4,73,19.076,72.8777
2025-04-07T09:00,32.5,43,35.4,0.0,0.0,0,0,0.4,153,19.076,72.8777
2025-04-07T10:00,35.1,31,37.6,0.0,0.0,0,0,3.2,286,19.076,72.8777
2025-04-07T11:00,36.3,31,39.5,0.0,0.0,0,0,6.7,273,19.076,72.8777
2025-04-07T12:00,36.4,34,40.3,0.0,0.0,0,2,10.1,276,19.076,72.8777
2025-04-07T13:00,36.4,32,38.8,0.0,0.0,1,25,14.6,294,19.076,72.8777
2025-04-07T14:00,35.8,27,35.9,0.0,0.0,1,22,16.2,311,19.076,72.8777
2025-04-07T15:00,36.2,27,35.9,0.0,0.0,1,21,16.3,307,19.076,72.8777
2025-04-07T16:00,35.2,33,34.6,0.0,0.0,1,20,19.0,305,19.076,72.8777
2025-04-07T17:00,34.5,33,33.7,0.0,0.0,0,6,19.1,321,19.076,72.8777
2025-04-07T18:00,32.1,43,32.5,0.0,0.0,0,5,16.9,329,19.076,72.8777
2025-04-07T19:00,31.5,45,32.3,0.0,0.0,0,1,14.5,332,19.076,72.8777
2025-04-07T20:00,31.0,46,31.9,0.0,0.0,0,0,13.4,340,19.076,72.8777
2025-04-07T21:00,30.5,47,31.5,0.0,0.0,0,0,13.5,335,19.076,72.8777
2025-04-07T22:00,29.8,54,31.4,0.0,0.0,0,0,12.8,338,19.076,72.8777
2025-04-07T23:00,29.2,59,32.1,0.0,0.0,0,0,7.2,356,19.076,72.8777
2025-04-08T00:00,28.2,59,31.1,0.0,0.0,0,0,4.5,88,19.076,72.8777
2025-04-08T01:00,27.3,61,30.1,0.0,0.0,0,0,4.0,360,19.076,72.8777
2025-04-08T02:00,27.1,63,29.6,0.0,0.0,0,0,6.7,14,19.076,72.8777
2025-04-08T03:00,26.8,63,29.3,0.0,0.0,0,0,5.8,39,19.076,72.8777
2025-04-08T04:00,26.0,63,28.5,0.0,0.0,0,0,3.9,62,19.076,72.8777
2025-04-08T05:00,26.1,62,28.8,0.0,0.0,0,0,1.4,23,19.076,72.8777
2025-04-08T06:00,26.2,65,29.5,0.0,0.0,0,0,0.8,225,19.076,72.8777
2025-04-08T07:00,27.8,63,31.0,0.0,0.0,0,0,4.3,287,19.076,72.8777
2025-04-08T08:00,30.2,56,34.0,0.0,0.0,0,0,2.5,339,19.076,72.8777
2025-04-08T09:00,32.4,49,36.0,0.0,0.0,0,0,3.1,332,19.076,72.8777
2025-04-08T10:00,34.7,41,39.0,0.0,0.0,0,0,1.6,276,19.076,72.8777
2025-04-08T11:00,36.0,38,40.8,0.0,0.0,0,0,4.9,262,19.076,72.8777
2025-04-08T12:00,36.1,43,41.6,0.0,0.0,0,3,9.4,271,19.076,72.8777
2025-04-08T13:00,36.1,41,40.6,0.0,0.0,0,18,13.4,294,19.076,72.8777
2025-04-08T14:00,36.5,29,37.3,0.0,0.0,1,23,17.1,314,19.076,72.8777
2025-04-08T15:00,36.6,24,35.4,0.0,0.0,1,27,17.9,323,19.076,72.8777
2025-04-08T16:00,35.7,27,34.2,0.0,0.0,0,18,18.1,326,19.076,72.8777
2025-04-08T17:00,35.0,26,33.1,0.0,0.0,0,11,18.3,329,19.076,72.8777
2025-04-08T18:00,32.3,41,32.0,0.0,0.0,0,1,19.9,326,19.076,72.8777
2025-04-08T19:00,31.2,48,31.7,0.0,0.0,0,1,18.8,330,19.076,72.8777
2025-04-08T20:00,30.4,53,32.1,0.0,0.0,0,0,14.7,335,19.076,72.8777
2025-04-08T21:00,29.7,53,32.7,0.0,0.0,0,0,2.4,54,19.076,72.8777
2025-04-08T22:00,29.6,48,31.7,0.0,0.0,1,24,4.0,60,19.076,72.8777
2025-04-08T23:00,29.1,51,31.7,0.0,0.0,1,35,2.3,4,19.076,72.8777
2025-04-09T00:00,28.6,51,30.9,0.0,0.0,0,7,2.9,274,19.076,72.8777
2025-04-09T01:00,28.1,57,30.8,0.0,0.0,0,0,3.3,299,19.076,72.8777
2025-04-09T02:00,27.9,62,31.6,0.0,0.0,0,0,0.7,270,19.076,72.8777
2025-04-09T03:00,27.3,62,30.7,0.0,0.0,0,0,0.5,135,19.076,72.8777
2025-04-09T04:00,26.4,66,29.8,0.0,0.0,0,0,1.5,126,19.076,72.8777
2025-04-09T05:00,26.1,66,29.0,0.0,0.0,0,12,4.0,122,19.076,72.8777
2025-04-09T06:00,27.3,74,30.7,0.0,0.0,1,43,10.9,153,19.076,72.8777
2025-04-09T07:00,27.6,72,31.2,0.0,0.0,0,1,9.4,148,19.076,72.8777
2025-04-09T08:00,29.0,67,32.8,0.0,0.0,0,0,8.8,149,19.076,72.8777
2025-04-09T09:00,30.8,62,34.8,0.0,0.0,0,0,8.6,172,19.076,72.8777
2025-04-09T10:00,32.4,56,37.4,0.0,0.0,0,0,7.7,191,19.076,72.8777
2025-04-09T11:00,33.5,54,39.6,0.0,0.0,0,0,8.1,219,19.076,72.8777
2025-04-09T12:00,34.2,51,40.4,0.0,0.0,0,0,9.8,244,19.076,72.8777
2025-04-09T13:00,34.4,49,40.1,0.0,0.0,0,0,11.6,262,19.076,72.8777
2025-04-09T14:00,34.6,46,39.7,0.0,0.0,0,8,9.9,280,19.076,72.8777
2025-04-09T15:00,34.2,46,37.3,0.0,0.0,0,19,14.3,295,19.076,72.8777
2025-04-09T16:00,33.5,49,35.8,0.0,0.0,0,15,15.3,307,19.076,72.8777
2025-04-09T17:00,33.6,44,35.4,0.0,0.0,0,11,13.4,314,19.076,72.8777
2025-04-09T18:00,31.0,58,33.4,0.0,0.0,0,9,16.2,310,19.076,72.8777
2025-04-09T19:00,30.6,59,32.9,0.0,0.0,0,13,15.5,321,19.076,72.8777
2025-04-09T20:00,30.2,60,34.3,0.0,0.0,0,6,3.8,59,19.076,72.8777
2025-04-09T21:00,29.8,62,34.4,0.0,0.0,0,3,0.7,14,19.076,72.8777
2025-04-09T22:00,29.2,60,33.1,0.0,0.0,0,2,1.3,196,19.076,72.8777
2025-04-09T23:00,28.8,62,32.9,0.0,0.0,0,2,0.6,214,19.076,72.8777
2025-04-10T00:00,28.3,67,32.1,0.0,0.0,0,0,5.7,162,19.076,72.8777
2025-04-10T01:00,27.7,80,32.6,0.0,0.0,0,0,7.7,177,19.076,72.8777
2025-04-10T02:00,27.1,91,32.8,0.0,0.0,0,0,8.4,169,19.076,72.8777
2025-04-10T03:00,26.9,93,32.5,0.0,0.0,0,18,10.5,177,19.076,72.8777
2025-04-10T04:00,26.8,94,32.4,0.0,0.0,1,27,10.7,172,19.076,72.8777
2025-04-10T05:00,26.7,94,32.4,0.0,0.0,0,10,9.2,163,19.076,72.8777
2025-04-10T06:00,27.6,88,33.0,0.0,0.0,2,52,11.0,159,19.076,72.8777
2025-04-10T07:00,28.1,86,33.5,0.0,0.0,2,67,11.4,168,19.076,72.8777
2025-04-10T08:00,29.1,78,34.1,0.0,0.0,3,84,11.7,175,19.076,72.8777
2025-04-10T09:00,30.2,71,34.7,0.0,0.0,3,100,12.2,180,19.076,72.8777
2025-04-10T10:00,31.0,66,35.3,0.0,0.0,3,97,11.7,191,19.076,72.8777
2025-04-10T11:00,31.9,60,36.6,0.0,0.0,3,88,10.6,208,19.076,72.8777
2025-04-10T12:00,32.3,58,37.2,0.0,0.0,3,89,10.6,227,19.076,72.8777
2025-04-10T13:00,32.6,56,37.8,0.0,0.0,3,84,11.1,240,19.076,72.8777
2025-04-10T14:00,32.8,56,38.3,0.0,0.0,0,15,6.5,224,19.076,72.8777
2025-04-10T15:00,33.2,54,37.5,0.0,0.0,0,9,10.5,243,19.076,72.8777
2025-04-10T16:00,32.4,54,35.4,0.0,0.0,0,1,12.4,269,19.076,72.8777
2025-04-10T17:00,31.5,55,34.7,0.0,0.0,0,1,10.1,287,19.076,72.8777
2025-04-10T18:00,29.4,72,33.7,0.0,0.0,0,0,10.8,266,19.076,72.8777
2025-04-10T19:00,28.7,79,34.0,0.0,0.0,0,0,8.0,262,19.076,72.8777
2025-04-10T20:00,28.5,81,34.5,0.0,0.0,0,0,4.5,247,19.076,72.8777
2025-04-10T21:00,28.2,83,34.8,0.0,0.0,0,0,1.4,203,19.076,72.8777
2025-04-10T22:00,27.9,84,34.2,0.0,0.0,0,0,2.0,170,19.076,72.8777
2025-04-10T23:00,27.6,83,33.5,0.0,0.0,0,0,3.9,156,19.076,72.8777
2025-04-11T00:00,27.1,87,33.2,0.0,0.0,0,0,3.4,164,19.076,72.8777
2025-04-11T01:00,26.7,89,32.7,0.0,0.0,0,0,4.5,151,19.076,72.8777
2025-04-11T02:00,26.4,92,32.1,0.0,0.0,0,0,6.4,153,19.076,72.8777
2025-04-11T03:00,26.0,94,31.8,0.0,0.0,0,0,5.9,149,19.076,72.8777
2025-04-11T04:00,25.8,93,31.4,0.0,0.0,0,1,6.6,143,19.076,72.8777
2025-04-11T05:00,25.6,93,31.0,0.0,0.0,0,3,6.4,137,19.076,72.8777
2025-04-11T06:00,25.9,93,31.3,0.0,0.0,0,2,6.9,133,19.076,72.8777
2025-04-11T07:00,26.6,89,32.1,0.0,0.0,0,10,7.1,139,19.076,72.8777
2025-04-11T08:00,28.4,78,33.5,0.0,0.0,0,2,7.8,157,19.076,72.8777
2025-04-11T09:00,30.4,61,34.0,0.0,0.0,0,2,9.0,177,19.076,72.8777
2025-04-11T10:00,31.7,54,35.5,0.0,0.0,0,1,11.2,191,19.076,72.8777
2025-04-11T11:00,32.3,52,36.6,0.0,0.0,0,0,13.0,204,19.076,72.8777
2025-04-11T12:00,32.7,50,37.1,0.0,0.0,0,0,14.0,215,19.076,72.8777
2025-04-11T13:00,33.0,49,37.4,0.0,0.0,0,0,14.3,226,19.076,72.8777
2025-04-11T14:00,32.6,53,37.1,0.0,0.0,0,0,14.5,233,19.076,72.8777
2025-04-11T15:00,32.2,53,35.9,0.0,0.0,0,0,14.3,236,19.076,72.8777
2025-04-11T16:00,31.4,58,34.6,0.0,0.0,0,0,13.3,235,19.076,72.8777
2025-04-11T17:00,30.4,63,33.8,0.0,0.0,0,0,12.4,236,19.076,72.8777
2025-04-11T18:00,29.2,74,33.3,0.0,0.0,0,0,13.1,238,19.076,72.8777
2025-04-11T19:00,28.6,77,33.0,0.0,0.0,0,0,11.6,244,19.076,72.8777
2025-04-11T20:00,28.4,76,32.9,0.0,0.0,0,0,10.1,245,19.076,72.8777
2025-04-11T21:00,28.2,76,32.7,0.0,0.0,0,0,9.0,248,19.076,72.8777
2025-04-11T22:00,28.0,77,32.7,0.0,0.0,0,0,7.7,240,19.076,72.8777
2025-04-11T23:00,27.6,79,32.6,0.0,0.0,0,0,6.2,213,19.076,72.8777
2025-04-12T00:00,27.2,81,32.3,0.0,0.0,0,0,4.9,204,19.076,72.8777
2025-04-12T01:00,26.7,85,32.1,0.0,0.0,0,0,3.6,210,19.076,72.8777
2025-04-12T02:00,26.3,87,31.9,0.0,0.0,0,0,3.1,220,19.076,72.8777
2025-04-12T03:00,26.0,89,31.6,0.0,0.0,0,6,3.0,205,19.076,72.8777
2025-04-12T04:00,25.6,91,31.4,0.0,0.0,0,16,2.5,201,19.076,72.8777
2025-04-12T05:00,25.6,93,31.5,0.0,0.0,1,22,2.9,173,19.076,72.8777
2025-04-12T06:00,26.6,90,32.5,0.0,0.0,1,21,4.4,161,19.076,72.8777
2025-04-12T07:00,27.2,88,33.3,0.0,0.0,1,20,5.2,151,19.076,72.8777
2025-04-12T08:00,28.7,79,34.2,0.1,0.1,51,34,6.9,175,19.076,72.8777
2025-04-12T09:00,30.4,67,34.9,0.0,0.0,0,19,8.7,194,19.076,72.8777
2025-04-12T10:00,31.4,61,35.8,0.0,0.0,0,15,11.5,202,19.076,72.8777
2025-04-12T11:00,31.9,59,36.9,0.0,0.0,0,15,12.4,210,19.076,72.8777
2025-04-12T12:00,32.3,58,37.8,0.0,0.0,0,4,13.0,223,19.076,72.8777
2025-04-12T13:00,32.3,59,37.9,0.0,0.0,1,21,13.9,243,19.076,72.8777
2025-04-12T14:00,32.0,59,37.1,0.0,0.0,0,17,14.7,263,19.076,72.8777
2025-04-12T15:00,31.8,60,36.7,0.0,0.0,1,20,11.4,267,19.076,72.8777
2025-04-12T16:00,31.2,62,35.2,0.0,0.0,0,7,10.0,247,19.076,72.8777
2025-04-12T17:00,30.4,63,34.2,0.0,0.0,0,4,9.6,237,19.076,72.8777
2025-04-12T18:00,29.1,71,33.3,0.0,0.0,0,0,9.3,257,19.076,72.8777
2025-04-12T19:00,28.3,78,33.1,0.0,0.0,0,5,8.0,260,19.076,72.8777
2025-04-12T20:00,28.1,79,33.2,0.0,0.0,0,15,6.7,261,19.076,72.8777
2025-04-12T21:00,27.9,80,33.1,0.0,0.0,0,9,6.3,246,19.076,72.8777
2025-04-12T22:00,27.7,81,32.9,0.0,0.0,0,2,6.2,232,19.076,72.8777
2025-04-12T23:00,27.5,82,32.9,0.0,0.0,0,13,5.1,247,19.076,72.8777
2025-04-13T00:00,27.2,83,32.9,0.0,0.0,0,18,3.0,245,19.076,72.8777
2025-04-13T01:00,26.8,85,32.6,0.0,0.0,0,13,2.3,241,19.076,72.8777
2025-04-13T02:00,26.5,87,32.0,0.0,0.0,1,28,3.9,304,19.076,72.8777
2025-04-13T03:00,26.2,88,32.0,0.0,0.0,0,17,2.0,315,19.076,72.8777
2025-04-13T04:00,25.8,91,31.8,0.0,0.0,1,27,1.3,45,19.076,72.8777
2025-04-13T05:00,25.6,93,31.2,0.0,0.0,0,8,4.4,111,19.076,72.8777
2025-04-13T06:00,25.8,93,31.7,0.0,0.0,1,32,3.5,111,19.076,72.8777
2025-04-13T07:00,26.5,89,32.4,0.0,0.0,1,31,3.7,101,19.076,72.8777
2025-04-13T08:00,28.2,78,33.9,0.0,0.0,0,15,2.2,90,19.076,72.8777
2025-04-13T09:00,30.3,66,35.7,0.0,0.0,1,29,0.9,323,19.076,72.8777
2025-04-13T10:00,31.8,58,37.1,0.0,0.0,0,8,4.3,272,19.076,72.8777
2025-04-13T11:00,32.7,57,38.7,0.0,0.0,0,4,9.0,272,19.076,72.8777
2025-04-13T12:00,32.6,59,38.6,0.0,0.0,0,0,12.9,282,19.076,72.8777
2025-04-13T13:00,32.6,56,38.0,0.0,0.0,1,21,14.7,293,19.076,72.8777
2025-04-13T14:00,32.3,57,36.8,0.0,0.0,1,21,16.1,299,19.076,72.8777
2025-04-13T15:00,32.0,58,35.8,0.0,0.0,0,9,16.0,306,19.076,72.8777
2025-04-13T16:00,31.7,60,34.9,0.0,0.0,0,7,15.2,310,19.076,72.8777
2025-04-13T17:00,30.8,62,34.0,0.0,0.0,0,7,14.5,313,19.076,72.8777
2025-04-13T18:00,29.2,74,33.4,0.0,0.0,0,3,13.1,304,19.076,72.8777
2025-04-13T19:00,28.6,74,32.6,0.0,0.0,0,0,12.0,307,19.076,72.8777
2025-04-13T20:00,28.2,77,32.4,0.0,0.0,0,2,12.2,315,19.076,72.8777
2025-04-13T21:00,27.9,81,32.2,0.0,0.0,0,0,13.6,321,19.076,72.8777
2025-04-13T22:00,27.6,82,32.6,0.0,0.0,0,0,8.6,344,19.076,72.8777
2025-04-13T23:00,27.1,85,32.3,0.0,0.0,0,0,8.0,354,19.076,72.8777
2025-04-14T00:00,26.9,87,31.9,0.0,0.0,0,0,9.4,353,19.076,72.8777
2025-04-14T01:00,26.5,89,31.7,0.0,0.0,0,0,8.2,10,19.076,72.8777
2025-04-14T02:00,26.0,91,31.6,0.0,0.0,0,0,5.0,44,19.076,72.8777
2025-04-14T03:00,25.5,92,30.9,0.0,0.0,0,0,5.0,75,19.076,72.8777
2025-04-14T04:00,25.0,91,30.1,0.0,0.0,0,2,4.8,79,19.076,72.8777
2025-04-14T05:00,24.6,92,29.4,0.0,0.0,0,1,4.5,67,19.076,72.8777
2025-04-14T06:00,25.1,88,29.8,0.0,0.0,0,0,5.2,44,19.076,72.8777
2025-04-14T07:00,26.2,81,30.6,0.0,0.0,0,1,6.2,41,19.076,72.8777
2025-04-14T08:00,28.9,66,32.9,0.0,0.0,0,0,5.6,22,19.076,72.8777
2025-04-14T09:00,32.0,49,34.8,0.0,0.0,0,0,6.3,358,19.076,72.8777
2025-04-14T10:00,34.7,33,36.6,0.0,0.0,0,0,9.1,335,19.076,72.8777
2025-04-14T11:00,35.8,31,37.8,0.0,0.0,0,0,12.9,321,19.076,72.8777
2025-04-14T12:00,35.6,36,38.3,0.0,0.0,0,0,16.7,315,19.076,72.8777
2025-04-14T13:00,36.3,28,37.3,0.0,0.0,0,0,18.6,319,19.076,72.8777
2025-04-14T14:00,36.4,26,36.7,0.0,0.0,0,0,19.3,319,19.076,72.8777
2025-04-14T15:00,36.0,27,35.9,0.0,0.0,0,1,18.2,319,19.076,72.8777
2025-04-14T16:00,35.0,31,34.5,0.0,0.0,0,0,16.9,317,19.076,72.8777
2025-04-14T17:00,33.3,38,33.5,0.0,0.0,0,0,14.9,313,19.076,72.8777
2025-04-14T18:00,30.9,51,32.3,0.0,0.0,0,0,15.2,311,19.076,72.8777
2025-04-14T19:00,29.3,67,32.1,0.0,0.0,0,0,15.6,308,19.076,72.8777
2025-04-14T20:00,28.8,73,32.2,0.0,0.0,0,0,16.5,314,19.076,72.8777
2025-04-14T21:00,28.6,75,32.3,0.0,0.0,0,0,14.9,323,19.076,72.8777
2025-04-14T22:00,28.4,73,32.2,0.0,0.0,0,0,11.7,335,19.076,72.8777
2025-04-14T23:00,28.2,71,32.4,0.0,0.0,0,0,7.0,359,19.076,72.8777
2025-04-15T00:00,27.8,71,31.9,0.0,0.0,0,0,5.9,12,19.076,72.8777
2025-04-15T01:00,27.3,72,31.2,0.0,0.0,0,0,5.2,27,19.076,72.8777
2025-04-15T02:00,26.9,71,30.8,0.0,0.0,0,0,4.3,28,19.076,72.8777
2025-04-15T03:00,26.4,73,30.3,0.0,0.0,0,0,3.2,43,19.076,72.8777
2025-04-15T04:00,25.8,75,29.8,0.0,0.0,0,0,2.7,58,19.076,72.8777
2025-04-15T05:00,25.6,76,29.8,0.0,0.0,0,0,0.9,53,19.076,72.8777
2025-04-15T06:00,26.4,77,31.2,0.0,0.0,0,0,1.1,9,19.076,72.8777
2025-04-15T07:00,28.1,70,32.4,0.0,0.0,0,0,4.1,360,19.076,72.8777
2025-04-15T08:00,30.2,66,35.1,0.0,0.0,0,0,5.2,340,19.076,72.8777
2025-04-15T09:00,32.3,53,35.9,0.0,0.0,0,0,6.5,330,19.076,72.8777
2025-04-15T10:00,34.0,44,37.7,0.0,0.0,0,0,8.7,313,19.076,72.8777
2025-04-15T11:00,34.5,44,38.5,0.0,0.0,0,0,13.0,304,19.076,72.8777
2025-04-15T12:00,34.7,42,38.4,0.0,0.0,0,0,15.3,304,19.076,72.8777
2025-04-15T13:00,35.1,35,37.6,0.0,0.0,0,0,16.0,305,19.076,72.8777
2025-04-15T14:00,35.1,35,37.2,0.0,0.0,0,0,15.7,304,19.076,72.8777
2025-04-15T15:00,34.7,34,35.9,0.0,0.0,0,6,16.0,310,19.076,72.8777
2025-04-15T16:00,33.4,39,33.8,0.0,0.0,0,5,16.9,308,19.076,72.8777
2025-04-15T17:00,31.6,51,33.2,0.0,0.0,0,1,16.3,306,19.076,72.8777
2025-04-15T18:00,30.1,60,32.4,0.0,0.0,0,0,15.5,314,19.076,72.8777
2025-04-15T19:00,28.9,73,32.5,0.0,0.0,0,0,14.1,313,19.076,72.8777
2025-04-15T20:00,28.4,80,33.1,0.0,0.0,0,0,12.0,317,19.076,72.8777
2025-04-15T21:00,28.3,79,33.1,0.0,0.0,0,0,9.8,328,19.076,72.8777
2025-04-15T22:00,28.0,80,33.3,0.0,0.0,0,0,5.9,337,19.076,72.8777
2025-04-15T23:00,27.6,82,32.8,0.0,0.0,0,0,6.6,327,19.076,72.8777
2025-04-16T00:00,26.9,85,32.7,0.0,0.0,0,0,2.3,360,19.076,72.8777
2025-04-16T01:00,26.5,88,32.6,0.0,0.0,0,0,1.0,31,19.076,72.8777
2025-04-16T02:00,26.1,89,32.1,0.0,0.0,0,0,1.4,113,19.076,72.8777
2025-04-16T03:00,25.9,90,31.7,0.0,0.0,0,0,1.9,131,19.076,72.8777
2025-04-16T04:00,25.8,90,31.6,0.0,0.0,0,0,2.2,132,19.076,72.8777
2025-04-16T05:00,25.7,91,31.5,0.0,0.0,0,0,1.5,135,19.076,72.8777
2025-04-16T06:00,26.4,81,31.8,0.0,0.0,0,0,0.5,135,19.076,72.8777
2025-04-16T07:00,27.8,74,33.0,0.0,0.0,0,0,1.5,104,19.076,72.8777
2025-04-16T08:00,29.7,69,35.1,0.0,0.0,0,0,2.6,245,19.076,72.8777
2025-04-16T09:00,31.3,63,36.3,0.0,0.0,0,0,5.2,266,19.076,72.8777
2025-04-16T10:00,32.4,59,37.9,0.0,0.0,0,0,7.6,274,19.076,72.8777
2025-04-16T11:00,33.0,57,39.0,0.0,0.0,0,0,10.3,270,19.076,72.8777
2025-04-16T12:00,32.7,57,38.3,0.0,0.0,0,0,14.3,274,19.076,72.8777
2025-04-16T13:00,32.7,55,37.9,0.0,0.0,0,0,14.9,278,19.076,72.8777
2025-04-16T14:00,32.5,57,37.5,0.0,0.0,0,0,15.4,280,19.076,72.8777
2025-04-16T15:00,32.3,58,36.8,0.0,0.0,0,0,14.6,284,19.076,72.8777
2025-04-16T16:00,31.6,60,35.4,0.0,0.0,0,4,11.7,285,19.076,72.8777
2025-04-16T17:00,30.6,65,34.3,0.0,0.0,0,12,13.4,281,19.076,72.8777
2025-04-16T18:00,29.1,74,33.0,0.0,0.0,0,11,15.2,286,19.076,72.8777
2025-04-16T19:00,28.4,79,32.6,0.0,0.0,0,5,15.0,286,19.076,72.8777
2025-04-16T20:00,28.2,82,32.9,0.0,0.0,0,2,12.5,288,19.076,72.8777
2025-04-16T21:00,28.0,83,33.1,0.0,0.0,0,0,10.1,297,19.076,72.8777
2025-04-16T22:00,27.8,83,33.2,0.0,0.0,0,0,7.2,305,19.076,72.8777
2025-04-16T23:00,27.3,85,33.4,0.0,0.0,0,0,2.7,318,19.076,72.8777
2025-04-17T00:00,26.9,88,33.2,0.0,0.0,0,2,1.2,309,19.076,72.8777
2025-04-17T01:00,26.6,89,32.7,0.0,0.0,0,1,1.9,338,19.076,72.8777
2025-04-17T02:00,26.4,90,32.8,0.0,0.0,0,0,0.2,360,19.076,72.8777
2025-04-17T03:00,25.9,92,32.0,0.0,0.0,0,1,2.3,129,19.076,72.8777
2025-04-17T04:00,25.8,94,32.0,0.0,0.0,1,26,2.4,126,19.076,72.8777
2025-04-17T05:00,25.7,95,31.9,0.0,0.0,2,61,3.0,123,19.076,72.8777
2025-04-17T06:00,26.0,95,32.4,0.0,0.0,0,15,2.7,118,19.076,72.8777
2025-04-17T07:00,26.8,91,33.1,0.0,0.0,1,25,3.4,133,19.076,72.8777
2025-04-17T08:00,28.5,79,34.5,0.0,0.0,0,16,3.1,183,19.076,72.8777
2025-04-17T09:00,30.3,68,35.7,0.0,0.0,0,7,3.6,233,19.076,72.8777
2025-04-17T10:00,31.7,62,37.3,0.0,0.0,0,4,6.5,242,19.076,72.8777
2025-04-17T11:00,32.2,60,38.3,0.0,0.0,0,2,10.0,249,19.076,72.8777
2025-04-17T12:00,32.3,60,38.5,0.0,0.0,0,0,12.6,257,19.076,72.8777
2025-04-17T13:00,32.4,58,38.3,0.0,0.0,0,0,13.5,262,19.076,72.8777
2025-04-17T14:00,32.1,60,37.4,0.0,0.0,0,0,14.8,266,19.076,72.8777
2025-04-17T15:00,31.7,62,36.6,0.0,0.0,0,0,13.7,269,19.076,72.8777
2025-04-17T16:00,31.2,63,35.0,0.0,0.0,0,3,13.4,275,19.076,72.8777
2025-04-17T17:00,30.2,66,33.6,0.0,0.0,0,10,15.4,280,19.076,72.8777
2025-04-17T18:00,28.8,80,33.2,0.0,0.0,0,5,15.7,288,19.076,72.8777
2025-04-17T19:00,28.3,81,33.2,0.0,0.0,0,1,11.6,288,19.076,72.8777
2025-04-17T20:00,28.1,83,33.1,0.0,0.0,0,2,11.6,291,19.076,72.8777
2025-04-17T21:00,28.0,84,33.4,0.0,0.0,0,12,8.5,294,19.076,72.8777
2025-04-17T22:00,27.8,84,33.4,0.0,0.0,0,1,5.9,301,19.076,72.8777
2025-04-17T23:00,27.3,86,33.6,0.0,0.0,0,3,1.6,333,19.076,72.8777
2025-04-18T00:00,27.0,87,33.2,0.0,0.0,0,3,1.8,11,19.076,72.8777
2025-04-18T01:00,26.7,89,33.0,0.0,0.0,0,1,1.8,45,19.076,72.8777
2025-04-18T02:00,26.5,89,32.6,0.0,0.0,0,0,2.6,102,19.076,72.8777
2025-04-18T03:00,26.1,92,32.2,0.0,0.0,0,0,2.6,124,19.076,72.8777
2025-04-18T04:00,26.1,93,32.2,0.0,0.0,0,6,3.1,126,19.076,72.8777
2025-04-18T05:00,26.0,94,32.2,0.0,0.0,0,10,3.3,139,19.076,72.8777
2025-04-18T06:00,26.2,91,32.2,0.0,0.0,0,11,3.8,135,19.076,72.8777
2025-04-18T07:00,27.0,88,32.8,0.0,0.0,0,19,5.1,141,19.076,72.8777
2025-04-18T08:00,28.7,78,34.2,0.0,0.0,1,35,5.5,171,19.076,72.8777
2025-04-18T09:00,30.4,67,35.4,0.0,0.0,0,7,5.7,204,19.076,72.8777
2025-04-18T10:00,31.6,62,36.9,0.0,0.0,0,1,8.5,224,19.076,72.8777
2025-04-18T11:00,32.1,60,37.9,0.0,0.0,0,1,11.0,238,19.076,72.8777
2025-04-18T12:00,32.2,60,38.3,0.0,0.0,0,0,12.8,251,19.076,72.8777
2025-04-18T13:00,32.3,59,38.1,0.0,0.0,0,0,13.4,262,19.076,72.8777
2025-04-18T14:00,32.1,60,37.5,0.0,0.0,0,0,14.2,269,19.076,72.8777
2025-04-18T15:00,31.8,58,36.2,0.0,0.0,0,0,13.9,274,19.076,72.8777
2025-04-18T16:00,31.3,61,34.9,0.0,0.0,0,0,12.9,276,19.076,72.8777
2025-04-18T17:00,30.4,65,33.8,0.0,0.0,0,0,13.8,282,19.076,72.8777
2025-04-18T18:00,29.1,74,33.0,0.0,0.0,0,6,14.9,289,19.076,72.8777
2025-04-18T19:00,28.6,78,33.1,0.0,0.0,0,1,12.4,294,19.076,72.8777
2025-04-18T20:00,28.4,79,33.1,0.0,0.0,0,0,10.7,301,19.076,72.8777
2025-04-18T21:00,28.2,80,33.6,0.0,0.0,0,1,5.9,320,19.076,72.8777
2025-04-18T22:00,27.8,82,33.8,0.0,0.0,0,0,2.1,329,19.076,72.8777
2025-04-18T23:00,27.5,84,33.9,0.0,0.0,0,0,0.4,63,19.076,72.8777
2025-04-19T00:00,27.2,84,33.1,0.0,0.0,0,0,2.6,102,19.076,72.8777
2025-04-19T01:00,26.8,86,32.6,0.0,0.0,0,0,2.8,125,19.076,72.8777
2025-04-19T02:00,26.5,89,32.2,0.0,0.0,0,0,4.3,156,19.076,72.8777
2025-04-19T03:00,26.3,91,32.1,0.0,0.0,0,1,4.5,164,19.076,72.8777
2025-04-19T04:00,26.1,94,32.2,0.0,0.0,0,8,4.3,156,19.076,72.8777
2025-04-19T05:00,26.1,96,32.2,0.0,0.0,1,23,5.1,148,19.076,72.8777
2025-04-19T06:00,27.2,89,33.1,0.0,0.0,0,16,6.4,170,19.076,72.8777
2025-04-19T07:00,28.1,83,33.7,0.0,0.0,0,10,7.0,168,19.076,72.8777
2025-04-19T08:00,29.6,73,34.7,0.0,0.0,0,9,7.6,181,19.076,72.8777
2025-04-19T09:00,31.0,64,35.7,0.0,0.0,0,5,7.4,202,19.076,72.8777
2025-04-19T10:00,31.8,62,37.1,0.0,0.0,0,5,8.5,216,19.076,72.8777
2025-04-19T11:00,32.3,61,38.4,0.0,0.0,0,6,10.3,227,19.076,72.8777
2025-04-19T12:00,32.6,60,39.1,0.0,0.0,0,4,11.7,238,19.076,72.8777
2025-04-19T13:00,32.7,60,39.0,0.0,0.0,0,1,13.0,252,19.076,72.8777
2025-04-19T14:00,32.4,60,38.1,0.0,0.0,0,0,14.3,266,19.076,72.8777
2025-04-19T15:00,31.9,59,36.2,0.0,0.0,0,2,15.8,278,19.076,72.8777
2025-04-19T16:00,31.3,59,34.2,0.0,0.0,0,7,15.9,286,19.076,72.8777
2025-04-19T17:00,30.4,65,33.8,0.0,0.0,0,9,14.2,288,19.076,72.8777
2025-04-19T18:00,29.4,73,33.8,0.0,0.0,0,7,12.1,288,19.076,72.8777
2025-04-19T19:00,28.9,75,33.4,0.0,0.0,0,4,10.8,294,19.076,72.8777
2025-04-19T20:00,28.6,77,33.0,0.0,0.0,0,0,12.5,303,19.076,72.8777
2025-04-19T21:00,28.3,80,33.0,0.0,0.0,0,0,11.5,312,19.076,72.8777
2025-04-19T22:00,28.1,79,33.3,0.0,0.0,0,0,6.7,333,19.076,72.8777
2025-04-19T23:00,27.8,79,33.1,0.0,0.0,0,0,4.6,351,19.076,72.8777
2025-04-20T00:00,27.4,81,32.9,0.0,0.0,0,0,3.1,357,19.076,72.8777
2025-04-20T01:00,27.0,84,32.4,0.0,0.0,0,0,4.9,6,19.076,72.8777
2025-04-20T02:00,26.6,87,32.1,0.0,0.0,0,0,4.1,49,19.076,72.8777
2025-04-20T03:00,26.2,87,31.4,0.0,0.0,0,0,5.4,75,19.076,72.8777
2025-04-20T04:00,25.8,87,30.8,0.0,0.0,0,0,4.9,82,19.076,72.8777
2025-04-20T05:00,25.3,89,30.5,0.0,0.0,0,2,3.7,79,19.076,72.8777
2025-04-20T06:00,26.0,87,31.2,0.0,0.0,0,2,4.6,59,19.076,72.8777
2025-04-20T07:00,27.2,79,32.2,0.0,0.0,0,2,4.2,72,19.076,72.8777
2025-04-20T08:00,29.2,66,34.0,0.0,0.0,0,0,1.8,79,19.076,72.8777
2025-04-20T09:00,31.0,57,35.2,0.0,0.0,0,1,2.6,245,19.076,72.8777
2025-04-20T10:00,32.2,53,36.9,0.0,0.0,0,0,7.0,249,19.076,72.8777
2025-04-20T11:00,32.6,55,38.1,0.0,0.0,0,0,10.4,252,19.076,72.8777
2025-04-20T12:00,32.9,54,38.5,0.0,0.0,0,0,12.2,256,19.076,72.8777
2025-04-20T13:00,33.0,52,38.2,0.0,0.0,0,0,13.3,262,19.076,72.8777
2025-04-20T14:00,32.8,52,37.3,0.0,0.0,0,0,14.2,270,19.076,72.8777
2025-04-20T15:00,32.3,54,36.2,0.0,0.0,0,0,14.5,278,19.076,72.8777
2025-04-20T16:00,31.6,58,34.8,0.0,0.0,0,0,14.2,279,19.076,72.8777
2025-04-20T17:00,30.5,65,34.2,0.0,0.0,0,0,13.5,280,19.076,72.8777
2025-04-20T18:00,29.4,73,33.5,0.0,0.0,0,0,13.6,285,19.076,72.8777
2025-04-20T19:00,28.8,76,33.1,0.0,0.0,0,0,12.5,288,19.076,72.8777
2025-04-20T20:00,28.4,80,33.3,0.0,0.0,0,0,11.3,292,19.076,72.8777
2025-04-20T21:00,28.2,81,33.3,0.0,0.0,0,0,9.7,297,19.076,72.8777
2025-04-20T22:00,28.0,80,33.0,0.0,0.0,0,0,8.5,306,19.076,72.8777
2025-04-20T23:00,27.7,81,32.9,0.0,0.0,0,0,6.2,330,19.076,72.8777
2025-04-21T00:00,27.3,82,32.6,0.0,0.0,0,0,5.8,344,19.076,72.8777
2025-04-21T01:00,27.0,84,32.3,0.0,0.0,0,0,4.9,360,19.076,72.8777
2025-04-21T02:00,26.7,85,31.9,0.0,0.0,0,0,5.4,360,19.076,72.8777
2025-04-21T03:00,26.3,87,31.7,0.0,0.0,0,11,4.5,23,19.076,72.8777
2025-04-21T04:00,26.1,89,31.4,0.0,0.0,1,25,5.1,58,19.076,72.8777
2025-04-21T05:00,25.9,90,31.1,0.0,0.0,1,26,6.0,81,19.076,72.8777
2025-04-21T06:00,26.3,86,31.6,0.0,0.0,0,8,4.6,77,19.076,72.8777
2025-04-21T07:00,27.4,80,32.6,0.0,0.0,0,14,3.8,82,19.076,72.8777
2025-04-21T08:00,29.1,72,34.6,0.0,0.0,0,16,1.9,151,19.076,72.8777
2025-04-21T09:00,30.8,64,35.8,0.0,0.0,0,12,3.8,211,19.076,72.8777
2025-04-21T10:00,32.1,60,37.8,0.0,0.0,0,8,6.4,230,19.076,72.8777
2025-04-21T11:00,32.6,60,39.0,0.0,0.0,0,4,9.3,241,19.076,72.8777
2025-04-21T12:00,32.7,61,39.2,0.0,0.0,0,6,12.0,258,19.076,72.8777
2025-04-21T13:00,32.7,59,38.8,0.0,0.0,0,0,13.3,272,19.076,72.8777
2025-04-21T14:00,32.5,59,37.9,0.0,0.0,0,0,14.7,282,19.076,72.8777
2025-04-21T15:00,32.0,61,36.7,0.0,0.0,0,0,15.3,291,19.076,72.8777
2025-04-21T16:00,31.5,63,35.3,0.0,0.0,0,9,14.6,299,19.076,72.8777
2025-04-21T17:00,30.6,68,34.5,0.0,0.0,0,11,14.5,304,19.076,72.8777
2025-04-21T18:00,29.3,74,33.4,0.0,0.0,0,8,13.7,303,19.076,72.8777
2025-04-21T19:00,28.8,74,32.9,0.0,0.0,0,6,12.7,306,19.076,72.8777
2025-04-21T20:00,28.6,76,32.7,0.0,0.0,0,3,12.9,312,19.076,72.8777
2025-04-21T21:00,28.3,79,33.0,0.0,0.0,0,0,10.6,326,19.076,72.8777
2025-04-21T22:00,28.0,83,33.4,0.0,0.0,0,0,7.9,357,19.076,72.8777
2025-04-21T23:00,27.6,86,33.2,0.0,0.0,0,3,7.8,5,19.076,72.8777
2025-04-22T00:00,27.1,88,32.8,0.0,0.0,0,4,6.8,12,19.076,72.8777
2025-04-22T01:00,26.7,89,32.3,0.0,0.0,0,6,6.4,22,19.076,72.8777
2025-04-22T02:00,26.2,91,31.7,0.0,0.0,0,4,6.5,44,19.076,72.8777
2025-04-22T03:00,25.8,91,31.2,0.0,0.0,0,0,5.0,55,19.076,72.8777
2025-04-22T04:00,25.4,91,30.9,0.0,0.0,0,0,3.1,66,19.076,72.8777
2025-04-22T05:00,25.4,90,30.7,0.0,0.0,0,0,3.6,87,19.076,72.8777
2025-04-22T06:00,26.0,83,31.0,0.0,0.0,0,0,2.2,66,19.076,72.8777
2025-04-22T07:00,27.3,75,32.1,0.0,0.0,0,0,2.4,13,19.076,72.8777
2025-04-22T08:00,29.9,57,33.4,0.0,0.0,0,0,4.7,337,19.076,72.8777
2025-04-22T09:00,31.9,52,35.4,0.0,0.0,0,0,5.0,319,19.076,72.8777
2025-04-22T10:00,33.6,49,38.4,0.0,0.0,0,0,5.2,292,19.076,72.8777
2025-04-22T11:00,34.3,51,40.1,0.0,0.0,0,0,9.0,282,19.076,72.8777
2025-04-22T12:00,34.1,56,40.4,0.0,0.0,0,0,12.8,281,19.076,72.8777
2025-04-22T13:00,33.8,56,39.8,0.0,0.0,0,0,14.9,285,19.076,72.8777
2025-04-22T14:00,33.6,57,39.2,0.0,0.0,0,0,15.8,291,19.076,72.8777
2025-04-22T15:00,33.1,58,37.7,0.0,0.0,0,0,16.8,299,19.076,72.8777
2025-04-22T16:00,32.6,57,35.8,0.0,0.0,0,1,16.3,308,19.076,72.8777
2025-04-22T17:00,31.9,58,34.7,0.0,0.0,0,5,16.7,306,19.076,72.8777
2025-04-22T18:00,30.6,65,33.9,0.0,0.0,0,3,15.5,309,19.076,72.8777
2025-04-22T19:00,30.0,68,34.2,0.0,0.0,0,1,11.1,312,19.076,72.8777
2025-04-22T20:00,29.8,70,35.1,0.0,0.0,0,1,4.2,329,19.076,72.8777
2025-04-22T21:00,29.5,70,35.1,0.0,0.0,0,3,1.3,146,19.076,72.8777
2025-04-22T22:00,29.1,73,34.7,0.0,0.0,0,0,1.9,229,19.076,72.8777
2025-04-22T23:00,28.7,76,34.4,0.0,0.0,0,0,2.5,210,19.076,72.8777
2025-04-23T00:00,28.1,80,34.1,0.0,0.0,0,0,2.1,211,19.076,72.8777
2025-04-23T01:00,27.7,81,33.5,0.0,0.0,0,0,2.7,176,19.076,72.8777
2025-04-23T02:00,27.8,80,33.2,0.0,0.0,0,0,4.4,159,19.076,72.8777
2025-04-23T03:00,27.1,83,32.7,0.0,0.0,0,0,3.6,177,19.076,72.8777
2025-04-23T04:00,26.9,86,32.6,0.0,0.0,0,0,4.4,142,19.076,72.8777
2025-04-23T05:00,26.5,93,32.6,0.0,0.0,0,0,4.7,137,19.076,72.8777
2025-04-23T06:00,26.8,94,33.2,0.0,0.0,0,0,5.2,134,19.076,72.8777
2025-04-23T07:00,27.5,90,34.0,0.0,0.0,0,1,4.9,126,19.076,72.8777
2025-04-23T08:00,29.6,76,35.6,0.0,0.0,0,3,4.9,152,19.076,72.8777
2025-04-23T09:00,31.8,60,36.6,0.0,0.0,0,0,5.0,180,19.076,72.8777
2025-04-23T10:00,33.4,54,38.9,0.0,0.0,0,0,6.0,207,19.076,72.8777
2025-04-23T11:00,34.4,52,40.6,0.0,0.0,0,0,8.1,231,19.076,72.8777
2025-04-23T12:00,34.8,50,40.8,0.0,0.0,0,0,11.3,252,19.076,72.8777
2025-04-23T13:00,34.7,48,40.0,0.0,0.0,0,0,13.0,265,19.076,72.8777
2025-04-23T14:00,34.6,47,39.3,0.0,0.0,0,0,13.6,275,19.076,72.8777
2025-04-23T15:00,33.9,50,37.6,0.0,0.0,0,0,15.3,288,19.076,72.8777
2025-04-23T16:00,32.8,57,36.3,0.0,0.0,0,0,14.0,296,19.076,72.8777
2025-04-23T17:00,31.9,60,35.1,0.0,0.0,0,0,16.7,304,19.076,72.8777
2025-04-23T18:00,30.3,70,34.1,0.0,0.0,0,0,16.6,307,19.076,72.8777
2025-04-23T19:00,29.6,77,34.9,0.0,0.0,0,0,9.6,311,19.076,72.8777
2025-04-23T20:00,29.3,79,35.5,0.0,0.0,0,0,4.2,310,19.076,72.8777
2025-04-23T21:00,28.8,84,35.9,0.0,0.0,0,0,1.3,236,19.076,72.8777
2025-04-23T22:00,28.7,83,35.4,0.0,0.0,0,0,2.7,270,19.076,72.8777
2025-04-23T23:00,28.2,86,34.9,0.0,0.0,0,0,2.9,259,19.076,72.8777
2025-04-24T00:00,27.9,87,35.0,0.0,0.0,0,0,0.6,198,19.076,72.8777
2025-04-24T01:00,27.6,88,33.9,0.0,0.0,0,0,5.1,108,19.076,72.8777
2025-04-24T02:00,27.2,91,33.4,0.0,0.0,0,0,5.7,136,19.076,72.8777
2025-04-24T03:00,26.9,93,33.1,0.0,0.0,0,0,5.9,162,19.076,72.8777
2025-04-24T04:00,26.9,93,33.0,0.0,0.0,0,0,7.0,167,19.076,72.8777
2025-04-24T05:00,26.7,93,32.5,0.0,0.0,0,0,8.7,158,19.076,72.8777
2025-04-24T06:00,26.8,91,32.6,0.0,0.0,0,0,7.2,145,19.076,72.8777
2025-04-24T07:00,27.9,84,33.5,0.0,0.0,0,0,7.0,159,19.076,72.8777
2025-04-24T08:00,29.5,77,35.3,0.0,0.0,0,4,6.5,175,19.076,72.8777
2025-04-24T09:00,31.1,67,36.2,0.0,0.0,0,2,7.6,195,19.076,72.8777
2025-04-24T10:00,32.4,59,37.8,0.0,0.0,0,0,9.0,215,19.076,72.8777
2025-04-24T11:00,33.1,57,39.1,0.0,0.0,0,0,10.3,234,19.076,72.8777
2025-04-24T12:00,33.4,57,39.7,0.0,0.0,0,0,11.9,248,19.076,72.8777
2025-04-24T13:00,33.3,55,39.2,0.0,0.0,0,0,13.1,261,19.076,72.8777
2025-04-24T14:00,33.3,52,38.0,0.0,0.0,0,0,14.1,272,19.076,72.8777
2025-04-24T15:00,32.8,53,36.7,0.0,0.0,0,0,14.4,282,19.076,72.8777
2025-04-24T16:00,32.1,54,35.0,0.0,0.0,0,0,13.1,289,19.076,72.8777
2025-04-24T17:00,31.2,60,34.2,0.0,0.0,0,0,13.9,299,19.076,72.8777
2025-04-24T18:00,29.8,71,33.7,0.0,0.0,0,0,14.2,296,19.076,72.8777
2025-04-24T19:00,29.1,75,33.9,0.0,0.0,0,0,9.8,308,19.076,72.8777
2025-04-24T20:00,28.8,77,34.2,0.0,0.0,0,0,5.7,319,19.076,72.8777
2025-04-24T21:00,28.6,78,34.4,0.0,0.0,0,0,3.1,291,19.076,72.8777
2025-04-24T22:00,28.3,80,34.1,0.0,0.0,0,0,4.3,270,19.076,72.8777
2025-04-24T23:00,27.8,84,34.2,0.0,0.0,0,0,1.4,230,19.076,72.8777
2025-04-25T00:00,27.6,84,34.0,0.0,0.0,0,1,1.5,150,19.076,72.8777
2025-04-25T01:00,27.4,85,33.6,0.0,0.0,0,11,2.6,155,19.076,72.8777
2025-04-25T02:00,27.1,88,33.2,0.0,0.0,0,10,3.2,180,19.076,72.8777
2025-04-25T03:00,26.9,88,32.8,0.0,0.0,0,4,4.6,167,19.076,72.8777
2025-04-25T04:00,26.6,91,32.8,0.0,0.0,0,1,3.9,158,19.076,72.8777
2025-04-25T05:00,26.3,94,32.7,0.0,0.0,0,4,3.6,147,19.076,72.8777
2025-04-25T06:00,27.0,93,33.7,0.0,0.0,1,26,2.5,135,19.076,72.8777
2025-04-25T07:00,27.8,88,34.7,0.0,0.0,1,33,2.3,148,19.076,72.8777
2025-04-25T08:00,29.4,78,35.9,0.0,0.0,0,19,2.3,198,19.076,72.8777
2025-04-25T09:00,31.1,66,36.6,0.0,0.0,0,15,3.8,245,19.076,72.8777
2025-04-25T10:00,32.4,58,37.9,0.0,0.0,0,14,7.0,266,19.076,72.8777
2025-04-25T11:00,32.8,57,38.6,0.0,0.0,0,11,10.3,273,19.076,72.8777
2025-04-25T12:00,33.3,49,38.1,0.0,0.0,0,7,12.3,282,19.076,72.8777
2025-04-25T13:00,33.7,42,37.4,0.0,0.0,0,17,12.9,286,19.076,72.8777
2025-04-25T14:00,33.3,47,37.0,0.0,0.0,0,14,14.2,290,19.076,72.8777
2025-04-25T15:00,32.8,48,35.9,0.0,0.0,0,12,13.8,292,19.076,72.8777
2025-04-25T16:00,32.0,54,34.7,0.0,0.0,0,11,14.1,297,19.076,72.8777
2025-04-25T17:00,31.1,57,33.7,0.0,0.0,0,3,14.2,302,19.076,72.8777
2025-04-25T18:00,30.1,60,32.4,0.0,0.0,0,4,14.9,315,19.076,72.8777
2025-04-25T19:00,29.3,67,32.8,0.0,0.0,0,9,11.5,319,19.076,72.8777
2025-04-25T20:00,28.9,72,33.5,0.0,0.0,0,18,7.3,332,19.076,72.8777
2025-04-25T21:00,28.6,76,33.7,0.0,0.0,0,14,6.3,325,19.076,72.8777
2025-04-25T22:00,28.2,79,33.6,0.0,0.0,0,3,5.7,311,19.076,72.8777
2025-04-25T23:00,27.8,82,33.8,0.0,0.0,0,9,2.1,301,19.076,72.8777
2025-04-26T00:00,27.5,83,33.4,0.0,0.0,0,5,2.6,254,19.076,72.8777
2025-04-26T01:00,27.3,84,33.3,0.0,0.0,0,12,1.6,174,19.076,72.8777
2025-04-26T02:00,27.1,85,32.9,0.0,0.0,0,17,3.1,156,19.076,72.8777
2025-04-26T03:00,26.7,87,32.6,0.0,0.0,0,4,2.7,157,19.076,72.8777
2025-04-26T04:00,26.4,90,32.5,0.0,0.0,0,17,2.3,157,19.076,72.8777
2025-04-26T05:00,26.2,92,32.4,0.0,0.0,0,11,2.5,176,19.076,72.8777
2025-04-26T06:00,27.9,80,33.3,0.0,0.0,1,42,5.5,203,19.076,72.8777
2025-04-26T07:00,28.6,74,33.8,0.0,0.0,2,69,3.4,196,19.076,72.8777
2025-04-26T08:00,29.6,70,34.6,0.0,0.0,2,53,4.9,213,19.076,72.8777
2025-04-26T09:00,30.8,62,35.4,0.0,0.0,2,53,4.9,264,19.076,72.8777
2025-04-26T10:00,31.9,56,36.0,0.0,0.0,1,45,8.0,265,19.076,72.8777
2025-04-26T11:00,32.4,54,36.9,0.0,0.0,1,37,9.9,270,19.076,72.8777
2025-04-26T12:00,33.1,49,37.5,0.0,0.0,1,42,11.0,281,19.076,72.8777
2025-04-26T13:00,33.3,44,36.4,0.0,0.0,1,43,11.5,284,19.076,72.8777
2025-04-26T14:00,32.9,48,36.1,0.0,0.0,2,53,13.2,282,19.076,72.8777
2025-04-26T15:00,31.9,54,34.8,0.0,0.0,0,5,15.6,294,19.076,72.8777
2025-04-26T16:00,31.2,60,34.3,0.0,0.0,0,2,14.7,298,19.076,72.8777
2025-04-26T17:00,30.6,62,34.0,0.0,0.0,0,3,12.3,297,19.076,72.8777
2025-04-26T18:00,29.5,69,33.7,0.0,0.0,0,15,10.0,293,19.076,72.8777
2025-04-26T19:00,28.8,74,33.2,0.0,0.0,0,2,10.0,290,19.076,72.8777
2025-04-26T20:00,28.4,78,33.4,0.0,0.0,0,0,8.7,291,19.076,72.8777
2025-04-26T21:00,28.3,78,33.6,0.0,0.0,0,0,5.6,299,19.076,72.8777
2025-04-26T22:00,27.9,80,33.8,0.0,0.0,0,0,1.9,287,19.076,72.8777
2025-04-26T23:00,27.5,83,33.6,0.0,0.0,0,2,1.4,270,19.076,72.8777
2025-04-27T00:00,27.3,85,33.5,0.0,0.0,0,1,0.6,252,19.076,72.8777
2025-04-27T01:00,26.9,86,33.1,0.0,0.0,1,20,1.5,324,19.076,72.8777
2025-04-27T02:00,26.9,87,32.7,0.0,0.0,1,30,3.8,357,19.076,72.8777
2025-04-27T03:00,26.6,89,32.5,0.0,0.0,1,30,4.1,34,19.076,72.8777
2025-04-27T04:00,26.2,91,31.8,0.0,0.0,1,22,5.9,79,19.076,72.8777
2025-04-27T05:00,25.9,92,31.4,0.0,0.0,0,7,6.4,106,19.076,72.8777
2025-04-27T06:00,26.8,88,32.4,0.0,0.0,0,3,5.6,107,19.076,72.8777
2025-04-27T07:00,27.6,83,33.2,0.0,0.0,0,3,5.1,100,19.076,72.8777
2025-04-27T08:00,29.2,73,34.8,0.0,0.0,0,0,2.0,80,19.076,72.8777
2025-04-27T09:00,31.2,62,36.4,0.0,0.0,0,0,1.7,252,19.076,72.8777
2025-04-27T10:00,32.9,55,38.5,0.0,0.0,0,0,5.7,259,19.076,72.8777
2025-04-27T11:00,33.4,58,39.9,0.0,0.0,0,0,10.1,264,19.076,72.8777
2025-04-27T12:00,33.0,61,39.7,0.0,0.0,0,0,12.8,270,19.076,72.8777
2025-04-27T13:00,33.1,55,38.8,0.0,0.0,0,0,13.8,276,19.076,72.8777
2025-04-27T14:00,32.7,57,37.8,0.0,0.0,0,7,15.3,278,19.076,72.8777
2025-04-27T15:00,32.0,62,36.8,0.0,0.0,0,8,14.8,283,19.076,72.8777
2025-04-27T16:00,31.7,60,34.8,0.0,0.0,0,2,15.6,291,19.076,72.8777
2025-04-27T17:00,30.7,64,33.9,0.0,0.0,0,6,15.6,296,19.076,72.8777
2025-04-27T18:00,29.5,73,33.4,0.0,0.0,0,1,15.5,303,19.076,72.8777
2025-04-27T19:00,28.8,77,33.3,0.0,0.0,0,1,12.8,308,19.076,72.8777
2025-04-27T20:00,28.5,79,33.3,0.0,0.0,0,0,11.5,315,19.076,72.8777
2025-04-27T21:00,28.3,81,33.9,0.0,0.0,0,0,5.5,347,19.076,72.8777
2025-04-27T22:00,27.9,81,33.7,0.0,0.0,0,0,3.5,99,19.076,72.8777
2025-04-27T23:00,27.5,83,33.4,0.0,0.0,0,0,1.9,197,19.076,72.8777
2025-04-28T00:00,27.1,84,33.0,0.0,0.0,0,0,2.3,141,19.076,72.8777
2025-04-28T01:00,27.1,85,32.7,0.0,0.0,0,1,4.9,178,19.076,72.8777
2025-04-28T02:00,26.9,87,32.5,0.0,0.0,0,5,5.7,193,19.076,72.8777
2025-04-28T03:00,26.7,89,32.6,0.0,0.0,1,20,4.2,216,19.076,72.8777
2025-04-28T04:00,26.5,90,32.6,0.0,0.0,0,14,3.2,214,19.076,72.8777
2025-04-28T05:00,26.2,91,32.2,0.0,0.0,0,19,3.1,180,19.076,72.8777
2025-04-28T06:00,27.0,88,32.0,0.0,0.0,1,31,10.8,170,19.076,72.8777
2025-04-28T07:00,28.0,81,32.7,0.0,0.0,0,16,11.0,179,19.076,72.8777
2025-04-28T08:00,29.3,72,33.7,0.0,0.0,1,20,10.8,185,19.076,72.8777
2025-04-28T09:00,30.6,64,34.9,0.0,0.0,0,8,8.6,192,19.076,72.8777
2025-04-28T10:00,31.7,60,37.1,0.0,0.0,0,8,7.7,211,19.076,72.8777
2025-04-28T11:00,32.5,57,38.5,0.0,0.0,0,2,8.9,243,19.076,72.8777
2025-04-28T12:00,32.8,56,39.0,0.0,0.0,0,0,11.1,257,19.076,72.8777
2025-04-28T13:00,32.8,57,38.9,0.0,0.0,0,0,12.3,264,19.076,72.8777
2025-04-28T14:00,32.7,57,38.3,0.0,0.0,0,0,12.8,271,19.076,72.8777
2025-04-28T15:00,32.2,59,37.1,0.0,0.0,0,5,12.8,276,19.076,72.8777
2025-04-28T16:00,31.6,62,35.3,0.0,0.0,0,7,14.0,290,19.076,72.8777
2025-04-28T17:00,30.5,67,34.0,0.0,0.0,0,6,16.1,295,19.076,72.8777
2025-04-28T18:00,29.5,75,34.1,0.0,0.0,0,4,12.9,288,19.076,72.8777
2025-04-28T19:00,28.9,80,34.0,0.0,0.0,0,3,10.6,285,19.076,72.8777
2025-04-28T20:00,28.7,82,34.0,0.0,0.0,0,2,10.2,291,19.076,72.8777
2025-04-28T21:00,28.4,84,34.6,0.0,0.0,0,4,5.5,314,19.076,72.8777
2025-04-28T22:00,28.2,85,34.6,0.0,0.0,1,32,3.5,15,19.076,72.8777
2025-04-28T23:00,28.0,86,34.8,0.0,0.0,0,16,0.8,117,19.076,72.8777
2025-04-29T00:00,27.7,86,34.1,0.0,0.0,1,34,3.1,144,19.076,72.8777
2025-04-29T01:00,27.5,87,33.7,0.0,0.0,1,21,3.8,169,19.076,72.8777
2025-04-29T02:00,27.2,89,33.8,0.0,0.0,0,17,1.8,204,19.076,72.8777
2025-04-29T03:00,26.9,91,33.6,0.0,0.0,0,7,1.1,270,19.076,72.8777
2025-04-29T04:00,26.5,93,33.2,0.0,0.0,0,1,0.7,90,19.076,72.8777
2025-04-29T05:00,26.3,95,32.6,0.0,0.0,0,11,5.0,109,19.076,72.8777
2025-04-29T06:00,26.7,93,32.8,0.0,0.0,0,13,7.1,135,19.076,72.8777
2025-04-29T07:00,27.6,89,33.4,0.0,0.0,1,35,8.2,154,19.076,72.8777
2025-04-29T08:00,29.1,78,34.5,0.0,0.0,0,13,8.7,175,19.076,72.8777
2025-04-29T09:00,30.6,68,35.5,0.0,0.0,0,11,8.9,194,19.076,72.8777
2025-04-29T10:00,31.7,63,37.0,0.0,0.0,0,6,10.2,208,19.076,72.8777
2025-04-29T11:00,32.4,60,38.4,0.0,0.0,0,2,11.4,221,19.076,72.8777
2025-04-29T12:00,32.8,59,39.0,0.0,0.0,0,3,12.5,231,19.076,72.8777
2025-04-29T13:00,32.8,58,38.8,0.0,0.0,0,0,13.6,244,19.076,72.8777
2025-04-29T14:00,32.6,61,38.5,0.0,0.0,0,9,14.1,256,19.076,72.8777
2025-04-29T15:00,32.2,64,37.7,0.0,0.0,0,3,13.3,261,19.076,72.8777
2025-04-29T16:00,31.6,65,36.0,0.0,0.0,0,3,12.1,258,19.076,72.8777
2025-04-29T17:00,30.8,67,35.0,0.0,0.0,0,1,13.0,270,19.076,72.8777
2025-04-29T18:00,29.5,75,34.1,0.0,0.0,0,4,12.5,275,19.076,72.8777
2025-04-29T19:00,29.1,75,34.0,0.0,0.0,0,4,8.8,275,19.076,72.8777
2025-04-29T20:00,28.9,77,34.2,0.0,0.0,0,2,7.6,277,19.076,72.8777
2025-04-29T21:00,28.7,78,34.2,0.0,0.0,0,1,5.8,275,19.076,72.8777
2025-04-29T22:00,28.4,80,34.2,0.0,0.0,0,0,4.4,279,19.076,72.8777
2025-04-29T23:00,28.0,85,34.8,0.0,0.0,0,2,0.2,270,19.076,72.8777
2025-04-30T00:00,27.6,85,33.9,0.0,0.0,0,7,1.4,67,19.076,72.8777
2025-04-30T01:00,27.4,86,33.9,0.0,0.0,0,6,0.6,72,19.076,72.8777
2025-04-30T02:00,27.0,88,33.5,0.0,0.0,0,2,0.7,104,19.076,72.8777
2025-04-30T03:00,26.8,88,32.6,0.0,0.0,0,0,5.0,136,19.076,72.8777
2025-04-30T04:00,26.3,91,32.5,0.0,0.0,0,12,3.1,126,19.076,72.8777
2025-04-30T05:00,26.3,93,32.4,0.0,0.0,1,28,4.3,135,19.076,72.8777
2025-04-30T06:00,27.8,84,33.9,0.0,0.0,1,35,4.0,183,19.076,72.8777
2025-04-30T07:00,28.7,80,34.5,0.0,0.0,1,36,5.9,192,19.076,72.8777
2025-04-30T08:00,30.1,72,35.5,0.0,0.0,1,30,6.4,207,19.076,72.8777
2025-04-30T09:00,31.3,65,36.3,0.0,0.0,1,37,6.8,217,19.076,72.8777
2025-04-30T10:00,32.2,62,37.5,0.0,0.0,0,7,8.7,228,19.076,72.8777
2025-04-30T11:00,32.5,62,38.6,0.0,0.0,0,9,10.8,234,19.076,72.8777
2025-04-30T12:00,33.0,60,39.6,0.0,0.0,0,2,11.8,249,19.076,72.8777
2025-04-30T13:00,33.1,59,39.5,0.0,0.0,0,0,13.4,265,19.076,72.8777
2025-04-30T14:00,32.7,59,38.1,0.0,0.0,0,0,15.2,277,19.076,72.8777
2025-04-30T15:00,32.7,59,37.7,0.0,0.0,0,0,13.5,280,19.076,72.8777
2025-04-30T16:00,32.0,61,36.2,0.0,0.0,0,1,11.9,273,19.076,72.8777
2025-04-30T17:00,31.2,64,35.1,0.0,0.0,0,3,12.9,279,19.076,72.8777
2025-04-30T18:00,29.8,72,34.1,0.0,0.0,0,1,13.5,289,19.076,72.8777
2025-04-30T19:00,29.0,79,33.6,0.0,0.0,0,1,14.0,296,19.076,72.8777
2025-04-30T20:00,28.7,81,33.7,0.0,0.0,0,1,12.3,304,19.076,72.8777
2025-04-30T21:00,28.6,82,33.9,0.0,0.0,0,0,10.3,313,19.076,72.8777
2025-04-30T22:00,28.3,82,34.2,0.0,0.0,0,0,5.2,335,19.076,72.8777
2025-04-30T23:00,27.9,84,34.2,0.0,0.0,0,0,2.8,27,19.076,72.8777
2025-05-01T00:00,27.6,86,33.9,0.0,0.0,0,1,2.4,42,19.076,72.8777
2025-05-01T01:00,27.2,88,33.6,0.0,0.0,0,2,1.8,45,19.076,72.8777
2025-05-01T02:00,27.0,88,33.0,0.0,0.0,0,0,3.4,122,19.076,72.8777
2025-05-01T03:00,26.6,89,32.6,0.0,0.0,0,0,3.2,128,19.076,72.8777
2025-05-01T04:00,26.2,92,32.4,0.0,0.0,0,2,2.3,135,19.076,72.8777
2025-05-01T05:00,26.0,94,32.3,0.0,0.0,0,12,2.1,142,19.076,72.8777
2025-05-01T06:00,27.2,89,33.7,0.0,0.0,0,14,3.0,147,19.076,72.8777
2025-05-01T07:00,28.1,86,34.7,0.0,0.0,0,18,2.3,129,19.076,72.8777
2025-05-01T08:00,29.8,76,36.3,0.0,0.0,1,25,2.0,265,19.076,72.8777
2025-05-01T09:00,31.5,67,37.5,0.0,0.0,0,3,3.4,270,19.076,72.8777
2025-05-01T10:00,32.8,62,39.2,0.0,0.0,0,3,7.1,264,19.076,72.8777
2025-05-01T11:00,33.1,63,40.0,0.0,0.0,0,7,10.9,261,19.076,72.8777
2025-05-01T12:00,33.2,60,39.8,0.0,0.0,0,0,13.4,266,19.076,72.8777
2025-05-01T13:00,33.4,57,39.4,0.0,0.0,0,0,14.2,273,19.076,72.8777
2025-05-01T14:00,33.3,55,39.0,0.0,0.0,0,0,12.0,282,19.076,72.8777
2025-05-01T15:00,33.3,55,38.2,0.0,0.0,0,3,11.9,281,19.076,72.8777
2025-05-01T16:00,32.5,59,36.0,0.0,0.0,0,3,15.9,286,19.076,72.8777
2025-05-01T17:00,31.5,61,34.4,0.0,0.0,0,5,18.4,290,19.076,72.8777
2025-05-01T18:00,30.2,71,33.8,0.0,0.0,0,4,17.6,298,19.076,72.8777
2025-05-01T19:00,29.5,78,34.7,0.0,0.0,0,0,11.4,296,19.076,72.8777
2025-05-01T20:00,29.3,77,34.7,0.0,0.0,0,0,8.0,297,19.076,72.8777
2025-05-01T21:00,29.1,77,34.9,0.0,0.0,0,0,5.2,331,19.076,72.8777
2025-05-01T22:00,28.6,80,34.9,0.0,0.0,0,0,2.0,350,19.076,72.8777
2025-05-01T23:00,28.2,80,34.3,0.0,0.0,0,0,1.8,79,19.076,72.8777
2025-05-02T00:00,27.7,83,33.8,0.0,0.0,0,0,1.9,73,19.076,72.8777
2025-05-02T01:00,27.3,84,33.4,0.0,0.0,0,0,1.6,90,19.076,72.8777
2025-05-02T02:00,27.0,87,33.2,0.0,0.0,0,0,2.2,132,19.076,72.8777
2025-05-02T03:00,26.4,91,32.8,0.0,0.0,0,0,1.8,84,19.076,72.8777
2025-05-02T04:00,26.1,93,32.5,0.0,0.0,0,2,1.2,117,19.076,72.8777
2025-05-02T05:00,26.0,93,32.6,0.0,0.0,0,7,0.4,90,19.076,72.8777
2025-05-02T06:00,26.8,81,32.3,0.0,0.0,0,0,1.7,103,19.076,72.8777
2025-05-02T07:00,28.4,72,33.4,0.0,0.0,0,0,2.9,150,19.076,72.8777
2025-05-02T08:00,30.2,66,35.3,0.0,0.0,0,0,3.5,201,19.076,72.8777
2025-05-02T09:00,31.7,62,36.8,0.0,0.0,0,0,4.5,233,19.076,72.8777
2025-05-02T10:00,32.9,59,38.9,0.0,0.0,0,0,7.1,249,19.076,72.8777
2025-05-02T11:00,33.6,56,40.0,0.0,0.0,0,0,9.6,257,19.076,72.8777
2025-05-02T12:00,34.2,50,39.8,0.0,0.0,0,0,11.7,268,19.076,72.8777
2025-05-02T13:00,34.5,43,38.8,0.0,0.0,0,0,13.6,275,19.076,72.8777
2025-05-02T14:00,34.0,45,37.8,0.0,0.0,0,0,14.4,279,19.076,72.8777
2025-05-02T15:00,33.4,48,37.0,0.0,0.0,0,0,13.3,278,19.076,72.8777
2025-05-02T16:00,33.0,48,35.4,0.0,0.0,0,0,12.6,281,19.076,72.8777
2025-05-02T17:00,31.9,54,34.6,0.0,0.0,0,0,12.5,281,19.076,72.8777
2025-05-02T18:00,30.5,62,33.8,0.0,0.0,0,1,11.6,292,19.076,72.8777
2025-05-02T19:00,29.5,72,33.8,0.0,0.0,0,2,12.1,295,19.076,72.8777
2025-05-02T20:00,29.2,74,33.4,0.0,0.0,0,2,13.2,302,19.076,72.8777
2025-05-02T21:00,29.2,71,33.0,0.0,0.0,0,3,13.1,312,19.076,72.8777
2025-05-02T22:00,29.1,70,33.5,0.0,0.0,0,0,7.7,321,19.076,72.8777
2025-05-02T23:00,28.8,72,33.2,0.0,0.0,0,1,8.6,311,19.076,72.8777
2025-05-03T00:00,28.4,76,33.5,0.0,0.0,0,0,4.7,337,19.076,72.8777
2025-05-03T01:00,27.7,78,32.8,0.0,0.0,0,4,4.1,75,19.076,72.8777
2025-05-03T02:00,27.2,77,32.2,0.0,0.0,0,0,2.4,73,19.076,72.8777
2025-05-03T03:00,26.7,78,31.5,0.0,0.0,0,0,3.2,43,19.076,72.8777
2025-05-03T04:00,26.3,78,30.7,0.0,0.0,0,0,4.2,50,19.076,72.8777
2025-05-03T05:00,25.7,80,30.1,0.0,0.0,0,1,3.3,41,19.076,72.8777
2025-05-03T06:00,26.9,76,31.7,0.0,0.0,0,0,1.6,84,19.076,72.8777
2025-05-03T07:00,28.5,68,33.0,0.0,0.0,0,1,2.7,148,19.076,72.8777
2025-05-03T08:00,30.3,66,35.2,0.0,0.0,0,2,4.5,196,19.076,72.8777
2025-05-03T09:00,31.7,60,36.0,0.0,0.0,0,0,7.7,211,19.076,72.8777
2025-05-03T10:00,32.6,58,37.9,0.0,0.0,0,0,9.9,225,19.076,72.8777
2025-05-03T11:00,33.1,57,38.9,0.0,0.0,0,0,11.8,236,19.076,72.8777
2025-05-03T12:00,33.2,56,39.1,0.0,0.0,0,0,13.5,240,19.076,72.8777
2025-05-03T13:00,33.2,54,38.5,0.0,0.0,0,0,14.8,239,19.076,72.8777
2025-05-03T14:00,33.1,55,38.0,0.0,0.0,0,0,15.6,241,19.076,72.8777
2025-05-03T15:00,32.8,55,36.9,0.0,0.0,0,0,15.4,241,19.076,72.8777
2025-05-03T16:00,32.1,56,35.1,0.0,0.0,0,0,14.6,244,19.076,72.8777
2025-05-03T17:00,31.5,58,34.5,0.0,0.0,0,0,13.7,249,19.076,72.8777
2025-05-03T18:00,30.0,69,34.1,0.0,0.0,0,0,12.5,250,19.076,72.8777
2025-05-03T19:00,29.4,72,33.8,0.0,0.0,0,0,11.3,250,19.076,72.8777
2025-05-03T20:00,29.1,74,33.7,0.0,0.0,0,0,10.0,247,19.076,72.8777
2025-05-03T21:00,28.9,74,33.5,0.0,0.0,0,0,9.3,234,19.076,72.8777
2025-05-03T22:00,28.7,76,33.6,0.0,0.0,0,0,7.7,242,19.076,72.8777
2025-05-03T23:00,28.4,76,33.5,0.0,0.0,0,0,5.9,268,19.076,72.8777
2025-05-04T00:00,28.0,79,33.4,0.0,0.0,0,0,4.3,270,19.076,72.8777
2025-05-04T01:00,27.5,81,32.9,0.0,0.0,0,0,3.5,231,19.076,72.8777
2025-05-04T02:00,27.1,82,32.5,0.0,0.0,0,0,3.2,232,19.076,72.8777
2025-05-04T03:00,27.2,80,32.2,0.0,0.0,0,0,4.9,262,19.076,72.8777
2025-05-04T04:00,26.9,81,32.0,0.0,0.0,0,0,4.4,258,19.076,72.8777
2025-05-04T05:00,26.7,82,31.9,0.0,0.0,0,1,3.9,227,19.076,72.8777
2025-05-04T06:00,28.0,79,33.3,0.0,0.0,1,32,5.2,221,19.076,72.8777
2025-05-04T07:00,29.0,73,33.9,0.0,0.0,1,33,6.8,235,19.076,72.8777
2025-05-04T08:00,30.4,66,34.7,0.0,0.0,0,16,8.7,240,19.076,72.8777
2025-05-04T09:00,31.4,61,35.5,0.0,0.0,0,13,9.4,240,19.076,72.8777
2025-05-04T10:00,32.1,58,36.7,0.0,0.0,0,7,10.6,242,19.076,72.8777
2025-05-04T11:00,32.6,57,37.8,0.0,0.0,0,7,13.0,253,19.076,72.8777
2025-05-04T12:00,32.8,54,37.8,0.0,0.0,0,3,14.7,264,19.076,72.8777
2025-05-04T13:00,32.9,55,38.1,0.0,0.0,1,24,14.8,266,19.076,72.8777
2025-05-04T14:00,32.7,56,37.6,0.0,0.0,0,6,13.8,262,19.076,72.8777
2025-05-04T15:00,32.7,56,37.7,0.0,0.0,0,3,10.2,263,19.076,72.8777
2025-05-04T16:00,32.3,57,36.3,0.0,0.0,0,8,8.6,269,19.076,72.8777
2025-05-04T17:00,31.5,59,34.3,0.0,0.0,0,1,15.4,277,19.076,72.8777
2025-05-04T18:00,30.6,65,34.3,0.0,0.0,2,58,12.8,264,19.076,72.8777
2025-05-04T19:00,30.1,67,34.1,0.0,0.0,0,3,11.9,267,19.076,72.8777
2025-05-04T20:00,29.5,71,34.1,0.0,0.0,0,1,9.5,243,19.076,72.8777
2025-05-04T21:00,29.4,72,34.3,0.0,0.0,0,4,6.8,243,19.076,72.8777
2025-05-04T22:00,29.3,73,34.5,0.0,0.0,1,20,4.9,246,19.076,72.8777
2025-05-04T23:00,29.1,74,34.3,0.0,0.0,0,4,5.5,257,19.076,72.8777
2025-05-05T00:00,28.8,76,34.1,0.0,0.0,0,9,5.4,268,19.076,72.8777
2025-05-05T01:00,28.5,78,34.1,0.0,0.0,0,3,3.6,261,19.076,72.8777
2025-05-05T02:00,28.3,79,34.0,0.0,0.0,0,6,3.8,253,19.076,72.8777
2025-05-05T03:00,28.1,79,33.6,0.0,0.0,0,18,4.8,233,19.076,72.8777
2025-05-05T04:00,27.9,80,33.6,0.0,0.0,1,33,3.1,249,19.076,72.8777
2025-05-05T05:00,27.8,80,33.4,0.0,0.0,1,46,4.1,225,19.076,72.8777
2025-05-05T06:00,27.9,83,33.9,0.0,0.0,0,15,3.9,196,19.076,72.8777
2025-05-05T07:00,28.8,80,35.0,0.0,0.0,1,21,3.1,187,19.076,72.8777
2025-05-05T08:00,30.2,71,35.8,0.0,0.0,1,40,4.7,198,19.076,72.8777
2025-05-05T09:00,31.6,63,36.8,0.0,0.0,0,16,4.7,223,19.076,72.8777
2025-05-05T10:00,32.8,57,38.3,0.0,0.0,1,29,7.0,249,19.076,72.8777
2025-05-05T11:00,33.1,57,39.0,0.0,0.0,0,9,10.9,251,19.076,72.8777
2025-05-05T12:00,33.3,57,39.1,0.0,0.0,0,3,14.0,255,19.076,72.8777
2025-05-05T13:00,32.9,56,38.5,0.0,0.0,0,0,14.1,255,19.076,72.8777
2025-05-05T14:00,33.1,57,39.4,0.0,0.0,0,1,9.4,238,19.076,72.8777
2025-05-05T15:00,33.5,53,38.4,0.0,0.0,0,4,10.0,221,19.076,72.8777
2025-05-05T16:00,32.3,60,36.2,0.0,0.0,0,0,14.1,248,19.076,72.8777
2025-05-05T17:00,31.1,65,34.9,0.0,0.0,0,0,14.6,266,19.076,72.8777
2025-05-05T18:00,29.8,71,33.7,0.0,0.0,0,0,14.4,269,19.076,72.8777
2025-05-05T19:00,29.2,77,33.9,0.0,0.0,0,7,12.6,270,19.076,72.8777
2025-05-05T20:00,29.4,75,34.0,0.0,0.0,2,53,12.0,278,19.076,72.8777
2025-05-05T21:00,29.3,75,34.5,0.0,0.0,1,28,8.1,269,19.076,72.8777
2025-05-05T22:00,29.1,76,34.3,0.0,0.0,1,33,7.7,246,19.076,72.8777
2025-05-05T23:00,29.0,76,34.1,0.0,0.0,1,38,7.9,250,19.076,72.8777
2025-05-06T00:00,28.8,77,34.0,0.0,0.0,1,40,7.0,270,19.076,72.8777
2025-05-06T01:00,28.5,78,33.8,0.0,0.0,1,20,7.0,260,19.076,72.8777
2025-05-06T02:00,28.3,78,32.9,0.0,0.0,1,32,10.6,293,19.076,72.8777
2025-05-06T03:00,23.3,88,26.7,0.6,0.6,53,44,7.5,82,19.076,72.8777
2025-05-06T04:00,23.7,85,27.2,0.0,0.0,0,1,5.8,95,19.076,72.8777
2025-05-06T05:00,24.1,85,27.6,0.0,0.0,0,0,7.6,128,19.076,72.8777
2025-05-06T06:00,28.1,79,34.1,0.0,0.0,0,9,1.0,338,19.076,72.8777
2025-05-06T07:00,29.1,73,34.6,0.0,0.0,0,3,2.9,184,19.076,72.8777
2025-05-06T08:00,30.5,66,35.6,0.0,0.0,0,5,4.1,214,19.076,72.8777
2025-05-06T09:00,31.9,59,36.3,0.0,0.0,0,15,6.8,238,19.076,72.8777
2025-05-06T10:00,32.5,57,37.3,0.0,0.0,0,10,10.0,242,19.076,72.8777
2025-05-06T11:00,32.7,57,38.0,0.0,0.0,0,3,13.1,223,19.076,72.8777
2025-05-06T12:00,32.9,57,38.5,0.0,0.0,0,1,14.9,223,19.076,72.8777
2025-05-06T13:00,32.7,58,38.5,0.0,0.0,0,3,14.6,230,19.076,72.8777
2025-05-06T14:00,32.8,56,37.7,0.0,0.0,1,23,15.5,237,19.076,72.8777
2025-05-06T15:00,32.5,57,36.5,0.1,0.1,51,83,15.9,242,19.076,72.8777
2025-05-06T16:00,25.0,85,28.6,5.6,5.6,63,100,10.2,334,19.076,72.8777
2025-05-06T17:00,26.0,82,30.7,0.0,0.0,3,100,3.5,219,19.076,72.8777
2025-05-06T18:00,28.4,78,33.1,0.0,0.0,3,100,10.4,270,19.076,72.8777
2025-05-06T19:00,27.8,82,32.5,0.0,0.0,3,100,11.4,274,19.076,72.8777
2025-05-06T20:00,27.6,82,33.0,0.0,0.0,3,89,6.6,259,19.076,72.8777
2025-05-06T21:00,27.7,82,33.1,0.0,0.0,0,17,5.2,272,19.076,72.8777
2025-05-06T22:00,27.7,79,32.8,0.0,0.0,1,31,5.5,261,19.076,72.8777
2025-05-06T23:00,27.5,80,32.6,0.0,0.0,1,30,5.8,240,19.076,72.8777
2025-05-07T00:00,27.5,80,32.4,0.0,0.0,1,42,6.9,211,19.076,72.8777
2025-05-07T01:00,27.6,80,32.2,0.0,0.0,1,32,9.2,192,19.076,72.8777
2025-05-07T02:00,27.6,80,32.2,0.0,0.0,1,47,9.3,189,19.076,72.8777
2025-05-07T03:00,27.7,79,32.4,0.0,0.0,2,77,7.9,204,19.076,72.8777
2025-05-07T04:00,27.5,79,32.3,0.1,0.1,51,100,6.9,229,19.076,72.8777
2025-05-07T05:00,27.3,80,32.2,0.0,0.0,3,97,6.4,207,19.076,72.8777
2025-05-07T06:00,26.1,81,30.4,0.0,0.0,1,28,5.7,127,19.076,72.8777
2025-05-07T07:00,26.8,73,30.5,0.0,0.0,0,15,6.4,126,19.076,72.8777
2025-05-07T08:00,28.5,66,32.3,0.0,0.0,1,35,5.3,170,19.076,72.8777
2025-05-07T09:00,30.1,62,33.9,0.0,0.0,0,18,7.6,187,19.076,72.8777
2025-05-07T10:00,31.3,59,35.7,0.0,0.0,0,7,10.1,191,19.076,72.8777
2025-05-07T11:00,32.3,55,37.7,0.0,0.0,0,1,8.9,222,19.076,72.8777
2025-05-07T12:00,31.0,58,35.1,1.2,1.2,55,92,17.6,256,19.076,72.8777
2025-05-07T13:00,28.2,74,31.6,1.0,1.0,55,69,14.3,252,19.076,72.8777
2025-05-07T14:00,28.0,74,32.2,0.0,0.0,3,100,15.1,232,19.076,72.8777
2025-05-07T15:00,28.5,72,32.5,0.0,0.0,3,100,12.6,224,19.076,72.8777
2025-05-07T16:00,28.4,71,32.1,0.0,0.0,3,100,10.9,224,19.076,72.8777
2025-05-07T17:00,28.5,70,32.0,0.1,0.1,51,100,11.7,255,19.076,72.8777
2025-05-07T18:00,26.7,73,29.8,0.0,0.0,3,100,10.4,259,19.076,72.8777
2025-05-07T19:00,26.8,73,30.2,0.0,0.0,3,100,9.3,248,19.076,72.8777
2025-05-07T20:00,26.9,76,30.9,0.0,0.0,3,100,7.1,229,19.076,72.8777
2025-05-07T21:00,26.7,78,30.6,0.1,0.1,51,100,9.2,228,19.076,72.8777
2025-05-07T22:00,25.4,85,29.2,0.5,0.5,53,100,9.8,215,19.076,72.8777
2025-05-07T23:00,25.7,84,29.4,0.0,0.0,3,100,11.3,200,19.076,72.8777
2025-05-08T00:00,26.0,85,30.2,0.0,0.0,3,100,9.3,195,19.076,72.8777
2025-05-08T01:00,25.0,87,28.6,0.5,0.5,53,100,11.7,217,19.076,72.8777
2025-05-08T02:00,23.7,88,26.9,1.3,1.3,61,100,10.1,311,19.076,72.8777
2025-05-08T03:00,22.7,92,26.1,2.4,2.4,61,100,8.0,190,19.076,72.8777
2025-05-08T04:00,23.2,90,25.8,0.6,0.6,53,100,13.6,211,19.076,72.8777
2025-05-08T05:00,23.7,90,27.1,0.6,0.6,53,100,9.9,199,19.076,72.8777
2025-05-08T06:00,25.5,88,30.6,0.0,0.0,3,80,3.1,156,19.076,72.8777
2025-05-08T07:00,25.9,85,30.9,0.2,0.2,51,98,4.1,135,19.076,72.8777
2025-05-08T08:00,26.6,83,31.5,0.1,0.1,51,39,5.0,161,19.076,72.8777
2025-05-08T09:00,27.1,81,31.3,0.2,0.2,51,94,11.1,188,19.076,72.8777
2025-05-08T10:00,27.3,78,31.6,0.7,0.7,53,54,8.1,179,19.076,72.8777
2025-05-08T11:00,28.4,74,34.0,0.0,0.0,1,22,7.9,197,19.076,72.8777
2025-05-08T12:00,29.2,71,35.5,0.0,0.0,0,4,10.4,214,19.076,72.8777
2025-05-08T13:00,29.4,69,35.0,0.3,0.3,51,43,13.7,225,19.076,72.8777
2025-05-08T14:00,28.4,73,33.3,0.9,0.9,53,38,13.1,233,19.076,72.8777
2025-05-08T15:00,28.6,73,33.5,0.0,0.0,0,1,10.4,216,19.076,72.8777
2025-05-08T16:00,28.6,73,32.7,0.3,0.3,51,12,10.5,211,19.076,72.8777
2025-05-08T17:00,27.4,75,30.6,1.2,1.2,55,66,14.3,215,19.076,72.8777
2025-05-08T18:00,27.4,77,31.9,0.0,0.0,0,0,6.9,221,19.076,72.8777
2025-05-08T19:00,26.8,81,31.5,0.0,0.0,0,0,6.8,212,19.076,72.8777
2025-05-08T20:00,27.1,80,31.5,0.0,0.0,0,4,8.6,206,19.076,72.8777
2025-05-08T21:00,27.3,75,30.9,0.0,0.0,1,22,10.3,193,19.076,72.8777
2025-05-08T22:00,26.7,82,30.9,0.0,0.0,1,24,9.9,192,19.076,72.8777
2025-05-08T23:00,26.5,82,30.7,0.0,0.0,1,37,9.7,177,19.076,72.8777
2025-05-09T00:00,26.2,83,30.2,0.0,0.0,1,34,9.7,168,19.076,72.8777
2025-05-09T01:00,25.7,85,29.6,0.0,0.0,1,46,11.0,182,19.076,72.8777
2025-05-09T02:00,25.3,87,29.3,0.1,0.1,51,65,9.8,185,19.076,72.8777
2025-05-09T03:00,25.4,87,29.6,0.0,0.0,1,42,8.8,169,19.076,72.8777
2025-05-09T04:00,25.3,88,29.5,0.0,0.0,1,44,9.1,153,19.076,72.8777
2025-05-09T05:00,25.0,90,29.2,0.0,0.0,2,56,9.8,150,19.076,72.8777
2025-05-09T06:00,25.6,88,30.7,0.0,0.0,0,14,4.3,158,19.076,72.8777
2025-05-09T07:00,26.6,85,31.8,0.0,0.0,3,82,5.1,144,19.076,72.8777
2025-05-09T08:00,27.6,79,32.5,0.0,0.0,2,79,7.3,160,19.076,72.8777
2025-05-09T09:00,28.2,76,32.5,0.1,0.1,51,30,10.5,193,19.076,72.8777
2025-05-09T10:00,28.3,75,32.5,0.6,0.6,53,47,12.1,190,19.076,72.8777
2025-05-09T11:00,28.4,78,33.9,0.1,0.1,51,46,11.5,207,19.076,72.8777
2025-05-09T12:00,28.2,80,33.9,0.1,0.1,51,53,11.6,215,19.076,72.8777
2025-05-09T13:00,28.1,81,33.6,0.1,0.1,51,69,15.2,217,19.076,72.8777
2025-05-09T14:00,28.2,78,32.8,0.1,0.1,51,86,10.6,214,19.076,72.8777
2025-05-09T15:00,28.0,80,32.5,0.0,0.0,2,64,11.7,217,19.076,72.8777
2025-05-09T16:00,27.9,80,32.6,0.0,0.0,0,19,10.0,218,19.076,72.8777
2025-05-09T17:00,28.3,75,32.5,0.0,0.0,1,28,10.7,207,19.076,72.8777
2025-05-09T18:00,28.5,76,32.5,0.0,0.0,0,19,13.6,203,19.076,72.8777
2025-05-09T19:00,27.5,81,31.5,0.1,0.1,51,46,13.0,206,19.076,72.8777
2025-05-09T20:00,27.4,82,32.0,0.1,0.1,51,27,10.0,219,19.076,72.8777
2025-05-09T21:00,27.1,81,31.7,0.3,0.3,51,72,7.9,207,19.076,72.8777
2025-05-09T22:00,26.9,84,32.1,0.2,0.2,51,51,5.5,243,19.076,72.8777
2025-05-09T23:00,26.1,91,32.2,0.1,0.1,51,41,1.6,264,19.076,72.8777
2025-05-10T00:00,25.8,93,32.0,0.0,0.0,1,28,1.4,320,19.076,72.8777
2025-05-10T01:00,25.5,94,31.7,0.0,0.0,0,19,1.0,31,19.076,72.8777
2025-05-10T02:00,25.3,95,31.1,0.0,0.0,1,29,3.2,52,19.076,72.8777
2025-05-10T03:00,24.9,95,30.1,0.0,0.0,1,36,6.5,62,19.076,72.8777
2025-05-10T04:00,24.6,93,29.3,0.0,0.0,1,24,6.5,67,19.076,72.8777
2025-05-10T05:00,24.6,93,29.3,0.0,0.0,0,9,6.5,71,19.076,72.8777
2025-05-10T06:00,25.6,93,30.9,0.0,0.0,1,27,6.4,98,19.076,72.8777
2025-05-10T07:00,26.5,87,31.8,0.0,0.0,0,5,5.5,107,19.076,72.8777
2025-05-10T08:00,27.8,82,33.3,0.0,0.0,0,2,5.6,130,19.076,72.8777
2025-05-10T09:00,29.1,75,34.3,0.0,0.0,0,0,6.6,159,19.076,72.8777
2025-05-10T10:00,30.1,69,35.8,0.0,0.0,0,4,8.1,181,19.076,72.8777
2025-05-10T11:00,30.5,68,37.0,0.0,0.0,0,2,8.3,207,19.076,72.8777
2025-05-10T12:00,30.8,67,37.4,0.0,0.0,0,4,9.6,229,19.076,72.8777
2025-05-10T13:00,30.9,67,37.3,0.0,0.0,1,21,11.5,239,19.076,72.8777
2025-05-10T14:00,30.8,68,36.8,0.3,0.3,51,30,11.4,243,19.076,72.8777
2025-05-10T15:00,30.3,69,35.3,0.2,0.2,51,29,11.3,239,19.076,72.8777
2025-05-10T16:00,30.1,70,34.7,0.0,0.0,0,10,9.7,246,19.076,72.8777
2025-05-10T17:00,29.8,70,34.3,0.0,0.0,1,27,9.7,241,19.076,72.8777
2025-05-10T18:00,29.4,74,34.5,0.0,0.0,0,1,7.6,262,19.076,72.8777
2025-05-10T19:00,28.6,80,34.4,0.0,0.0,0,0,5.1,266,19.076,72.8777
2025-05-10T20:00,28.3,82,34.4,0.0,0.0,0,6,4.5,270,19.076,72.8777
2025-05-10T21:00,28.0,84,34.2,0.0,0.0,0,17,3.8,275,19.076,72.8777
2025-05-10T22:00,27.8,85,34.0,0.0,0.0,0,12,3.5,282,19.076,72.8777
2025-05-10T23:00,27.4,87,33.7,0.0,0.0,0,10,2.9,277,19.076,72.8777
2025-05-11T00:00,27.2,88,33.7,0.0,0.0,0,11,1.5,300,19.076,72.8777
2025-05-11T01:00,26.7,91,33.2,0.1,0.1,51,23,1.4,360,19.076,72.8777
2025-05-11T02:00,26.3,93,32.8,0.1,0.1,51,25,2.2,42,19.076,72.8777
2025-05-11T03:00,26.0,94,32.3,0.0,0.0,1,34,3.1,40,19.076,72.8777
2025-05-11T04:00,26.0,93,32.2,0.0,0.0,1,20,3.1,24,19.076,72.8777
2025-05-11T05:00,25.9,93,32.0,0.0,0.0,0,12,3.3,49,19.076,72.8777
2025-05-11T06:00,25.8,91,31.6,0.2,0.2,51,23,2.1,121,19.076,72.8777
2025-05-11T07:00,26.5,86,32.0,0.0,0.0,0,7,4.1,113,19.076,72.8777
2025-05-11T08:00,28.0,78,33.4,0.0,0.0,0,10,4.4,97,19.076,72.8777
2025-05-11T09:00,29.7,71,35.1,0.0,0.0,0,5,4.4,120,19.076,72.8777
2025-05-11T10:00,31.3,64,37.5,0.0,0.0,0,3,4.3,165,19.076,72.8777
2025-05-11T11:00,32.2,60,38.7,0.0,0.0,0,2,6.1,208,19.076,72.8777
2025-05-11T12:00,32.5,59,39.1,0.0,0.0,0,1,8.8,237,19.076,72.8777
2025-05-11T13:00,32.3,59,38.2,0.0,0.0,0,14,11.4,249,19.076,72.8777
2025-05-11T14:00,32.0,61,37.6,0.0,0.0,0,1,12.0,262,19.076,72.8777
2025-05-11T15:00,31.4,64,36.8,0.0,0.0,0,1,10.6,266,19.076,72.8777
2025-05-11T16:00,30.9,66,35.3,0.0,0.0,0,6,10.6,267,19.076,72.8777
2025-05-11T17:00,30.3,68,35.1,0.0,0.0,0,14,8.1,264,19.076,72.8777
2025-05-11T18:00,30.4,68,35.1,0.0,0.0,0,9,8.7,284,19.076,72.8777
2025-05-11T19:00,29.6,72,34.6,0.0,0.0,0,6,7.5,278,19.076,72.8777
2025-05-11T20:00,29.5,72,34.6,0.0,0.0,0,5,6.1,268,19.076,72.8777
2025-05-11T21:00,29.3,73,34.6,0.0,0.0,0,5,5.2,268,19.076,72.8777
2025-05-11T22:00,29.1,74,34.7,0.0,0.0,0,3,3.8,251,19.076,72.8777
2025-05-11T23:00,28.8,77,34.6,0.0,0.0,0,7,3.4,254,19.076,72.8777
2025-05-12T00:00,28.4,81,34.6,0.0,0.0,0,9,2.3,252,19.076,72.8777
2025-05-12T01:00,28.2,84,34.7,0.0,0.0,0,19,1.5,201,19.076,72.8777
2025-05-12T02:00,27.9,83,34.1,0.1,0.1,51,25,2.0,170,19.076,72.8777
2025-05-12T03:00,27.8,82,33.8,0.1,0.1,51,25,2.7,143,19.076,72.8777
2025-05-12T04:00,27.4,84,33.2,0.1,0.1,51,28,3.8,155,19.076,72.8777
2025-05-12T05:00,27.1,86,33.3,0.0,0.0,1,22,2.4,167,19.076,72.8777
2025-05-12T06:00,28.0,85,34.3,0.0,0.0,0,12,2.9,97,19.076,72.8777
2025-05-12T07:00,29.1,77,35.0,0.0,0.0,0,17,3.7,125,19.076,72.8777
2025-05-12T08:00,30.5,67,35.7,0.1,0.1,51,24,4.7,162,19.076,72.8777
2025-05-12T09:00,31.9,60,36.6,0.0,0.0,1,22,6.1,177,19.076,72.8777
2025-05-12T10:00,33.1,55,38.1,0.0,0.0,1,33,7.2,198,19.076,72.8777
2025-05-12T11:00,33.6,53,38.9,0.0,0.0,1,23,8.8,219,19.076,72.8777
2025-05-12T12:00,33.6,53,39.0,0.0,0.0,0,10,11.3,237,19.076,72.8777
2025-05-12T13:00,33.3,54,38.1,0.0,0.0,0,7,13.1,249,19.076,72.8777
2025-05-12T14:00,33.0,53,37.9,0.4,0.4,51,37,12.2,262,19.076,72.8777
2025-05-12T15:00,32.8,56,37.2,0.3,0.3,51,36,12.8,270,19.076,72.8777
2025-05-12T16:00,32.3,59,36.1,0.2,0.2,51,17,12.8,273,19.076,72.8777
2025-05-12T17:00,31.1,65,35.5,0.3,0.3,51,33,9.6,282,19.076,72.8777
2025-05-12T18:00,30.4,70,35.0,0.0,0.0,0,18,11.1,307,19.076,72.8777
2025-05-12T19:00,29.9,71,34.7,0.0,0.0,0,5,9.2,317,19.076,72.8777
2025-05-12T20:00,29.7,72,34.6,0.0,0.0,0,2,8.3,338,19.076,72.8777
2025-05-12T21:00,29.5,73,34.7,0.0,0.0,0,2,6.4,342,19.076,72.8777
2025-05-12T22:00,29.3,75,34.9,0.0,0.0,0,1,4.9,332,19.076,72.8777
2025-05-12T23:00,29.0,77,34.9,0.0,0.0,0,2,3.2,341,19.076,72.8777
2025-05-13T00:00,28.8,78,35.0,0.0,0.0,0,3,1.6,354,19.076,72.8777
2025-05-13T01:00,28.5,79,34.7,0.0,0.0,0,3,1.5,324,19.076,72.8777
2025-05-13T02:00,28.3,81,34.5,0.0,0.0,0,5,2.5,315,19.076,72.8777
2025-05-13T03:00,28.1,83,34.5,0.0,0.0,0,11,2.0,333,19.076,72.8777
2025-05-13T04:00,27.9,85,34.4,0.0,0.0,1,20,2.4,347,19.076,72.8777
2025-05-13T05:00,27.7,87,34.2,0.0,0.0,1,23,2.4,351,19.076,72.8777
2025-05-13T06:00,28.7,81,35.0,0.0,0.0,1,26,3.0,327,19.076,72.8777
2025-05-13T07:00,29.7,74,35.8,0.0,0.0,2,50,2.3,360,19.076,72.8777
2025-05-13T08:00,30.9,67,36.7,0.1,0.1,51,34,2.0,315,19.076,72.8777
2025-05-13T09:00,32.1,60,37.3,0.1,0.1,51,22,3.4,288,19.076,72.8777
2025-05-13T10:00,33.2,56,38.8,0.1,0.1,51,24,5.0,283,19.076,72.8777
2025-05-13T11:00,33.8,54,39.9,0.0,0.0,1,28,7.4,276,19.076,72.8777
2025-05-13T12:00,33.3,57,39.2,0.0,0.0,1,24,12.3,277,19.076,72.8777
2025-05-13T13:00,33.2,56,39.2,0.6,0.6,53,9,10.4,290,19.076,72.8777
2025-05-13T14:00,33.0,57,38.3,0.0,0.0,0,7,12.8,289,19.076,72.8777
2025-05-13T15:00,32.6,58,37.5,0.0,0.0,1,34,11.3,297,19.076,72.8777
2025-05-13T16:00,32.3,59,35.9,0.2,0.2,51,52,13.1,293,19.076,72.8777
2025-05-13T17:00,31.2,64,35.1,0.6,0.6,53,53,12.8,299,19.076,72.8777
2025-05-13T18:00,30.4,71,35.3,0.0,0.0,2,64,10.3,319,19.076,72.8777
2025-05-13T19:00,30.0,72,35.3,0.0,0.0,2,53,6.9,323,19.076,72.8777
2025-05-13T20:00,29.8,74,35.4,0.0,0.0,3,89,5.5,314,19.076,72.8777
2025-05-13T21:00,29.7,75,35.4,0.0,0.0,3,100,5.4,304,19.076,72.8777
2025-05-13T22:00,29.6,76,35.4,0.0,0.0,3,100,5.4,307,19.076,72.8777
2025-05-13T23:00,29.5,76,35.1,0.0,0.0,3,100,6.2,311,19.076,72.8777
2025-05-14T00:00,29.3,76,35.0,0.0,0.0,3,99,6.0,316,19.076,72.8777
2025-05-14T01:00,29.1,77,35.0,0.0,0.0,3,95,4.2,324,19.076,72.8777
2025-05-14T02:00,28.7,79,34.6,0.0,0.0,2,77,4.7,320,19.076,72.8777
2025-05-14T03:00,28.1,83,34.0,0.0,0.0,2,59,4.7,310,19.076,72.8777
2025-05-14T04:00,27.5,85,33.4,0.0,0.0,2,60,4.7,353,19.076,72.8777
2025-05-14T05:00,27.3,87,33.4,0.0,0.0,3,90,3.9,323,19.076,72.8777
2025-05-14T06:00,24.7,91,29.4,0.5,0.5,53,100,5.9,40,19.076,72.8777
2025-05-14T07:00,25.9,83,30.7,0.1,0.1,51,70,3.6,30,19.076,72.8777
2025-05-14T08:00,28.3,71,33.0,0.0,0.0,3,85,4.0,60,19.076,72.8777
2025-05-14T09:00,30.9,61,35.9,0.0,0.0,2,56,0.4,297,19.076,72.8777
2025-05-14T10:00,32.2,57,37.4,0.0,0.0,0,0,6.7,284,19.076,72.8777
2025-05-14T11:00,33.0,54,38.6,0.0,0.0,2,54,8.9,279,19.076,72.8777
2025-05-14T12:00,33.3,54,39.1,0.0,0.0,0,4,11.1,279,19.076,72.8777
2025-05-14T13:00,32.7,59,38.9,0.0,0.0,0,11,11.7,281,19.076,72.8777
2025-05-14T14:00,32.9,58,38.6,0.0,0.0,0,7,12.3,282,19.076,72.8777
2025-05-14T15:00,32.4,60,37.4,0.0,0.0,0,13,12.0,283,19.076,72.8777
2025-05-14T16:00,31.9,61,36.0,0.0,0.0,1,38,11.7,288,19.076,72.8777
2025-05-14T17:00,31.1,67,35.7,0.0,0.0,2,59,11.0,298,19.076,72.8777
2025-05-14T18:00,30.6,72,35.9,0.0,0.0,3,99,8.9,312,19.076,72.8777
2025-05-14T19:00,30.0,74,35.4,0.0,0.0,3,95,8.5,324,19.076,72.8777
2025-05-14T20:00,29.9,75,35.6,0.0,0.0,3,90,6.9,321,19.076,72.8777
2025-05-14T21:00,29.7,77,35.7,0.0,0.0,1,20,6.3,333,19.076,72.8777
2025-05-14T22:00,29.5,79,35.6,0.0,0.0,0,4,6.0,321,19.076,72.8777
2025-05-14T23:00,29.3,80,35.5,0.0,0.0,0,4,5.5,311,19.076,72.8777
2025-05-15T00:00,29.1,81,35.3,0.0,0.0,0,5,5.9,305,19.076,72.8777
2025-05-15T01:00,28.9,82,35.1,0.0,0.0,0,13,5.5,314,19.076,72.8777
2025-05-15T02:00,28.6,82,34.7,0.0,0.0,1,40,5.5,314,19.076,72.8777
2025-05-15T03:00,28.5,83,34.6,0.0,0.0,0,12,5.3,315,19.076,72.8777
2025-05-15T04:00,28.2,85,34.5,0.0,0.0,0,15,4.8,323,19.076,72.8777
2025-05-15T05:00,27.8,87,34.0,0.1,0.1,51,97,5.2,329,19.076,72.8777
2025-05-15T06:00,28.3,81,34.6,0.0,0.0,3,86,1.4,220,19.076,72.8777
2025-05-15T07:00,29.2,76,35.5,0.0,0.0,1,32,0.5,225,19.076,72.8777
2025-05-15T08:00,30.6,69,36.5,0.0,0.0,1,28,1.7,229,19.076,72.8777
2025-05-15T09:00,31.6,64,37.2,0.1,0.1,51,25,3.7,241,19.076,72.8777
2025-05-15T10:00,32.6,61,38.4,0.1,0.1,51,29,6.1,256,19.076,72.8777
2025-05-15T11:00,33.2,59,39.5,0.1,0.1,51,29,9.4,265,19.076,72.8777
2025-05-15T12:00,33.0,60,39.0,0.1,0.1,51,40,12.6,270,19.076,72.8777
2025-05-15T13:00,32.9,58,38.5,0.1,0.1,51,58,12.0,288,19.076,72.8777
2025-05-15T14:00,32.8,58,37.2,0.1,0.1,51,40,14.3,282,19.076,72.8777
2025-05-15T15:00,32.2,61,36.5,0.9,0.9,53,55,13.5,284,19.076,72.8777
2025-05-15T16:00,31.7,64,36.1,0.2,0.2,51,83,11.7,293,19.076,72.8777
2025-05-15T17:00,31.4,65,36.1,0.0,0.0,3,100,9.7,304,19.076,72.8777
2025-05-15T18:00,31.1,65,35.8,0.0,0.0,1,42,8.8,301,19.076,72.8777
2025-05-15T19:00,30.5,68,35.5,0.0,0.0,1,38,7.5,314,19.076,72.8777
2025-05-15T20:00,30.3,70,35.7,0.0,0.0,0,11,5.5,311,19.076,72.8777
2025-05-15T21:00,30.2,70,35.7,0.0,0.0,1,41,4.1,308,19.076,72.8777
2025-05-15T22:00,30.0,71,35.7,0.0,0.0,3,93,3.0,295,19.076,72.8777
2025-05-15T23:00,29.9,71,35.7,0.0,0.0,3,100,2.7,274,19.076,72.8777
2025-05-16T00:00,29.7,72,35.3,0.0,0.0,3,100,3.8,270,19.076,72.8777
2025-05-16T01:00,29.6,73,35.0,0.0,0.0,3,100,4.7,247,19.076,72.8777
2025-05-16T02:00,29.4,73,34.8,0.0,0.0,3,98,4.8,239,19.076,72.8777
2025-05-16T03:00,29.3,73,34.8,0.0,0.0,1,21,4.0,249,19.076,72.8777
2025-05-16T04:00,29.1,74,34.7,0.0,0.0,0,10,3.0,253,19.076,72.8777
2025-05-16T05:00,28.9,75,34.7,0.0,0.0,0,12,1.8,259,19.076,72.8777
2025-05-16T06:00,29.6,71,34.8,0.0,0.0,3,100,5.5,216,19.076,72.8777
2025-05-16T07:00,30.4,67,35.1,0.0,0.0,1,33,7.5,222,19.076,72.8777
2025-05-16T08:00,31.2,63,35.7,0.0,0.0,1,42,8.3,226,19.076,72.8777
2025-05-16T09:00,32.0,60,36.4,0.1,0.1,51,61,8.9,232,19.076,72.8777
2025-05-16T10:00,32.7,58,37.5,0.2,0.2,51,58,10.1,237,19.076,72.8777
2025-05-16T11:00,33.3,56,38.5,0.0,0.0,2,77,10.9,243,19.076,72.8777
2025-05-16T12:00,33.8,55,39.5,0.0,0.0,1,44,11.8,243,19.076,72.8777
2025-05-16T13:00,33.5,56,38.5,0.0,0.0,1,42,14.1,253,19.076,72.8777
2025-05-16T14:00,32.8,58,37.4,0.0,0.0,1,41,13.2,260,19.076,72.8777
2025-05-16T15:00,32.9,57,37.2,0.0,0.0,3,100,13.5,261,19.076,72.8777
2025-05-16T16:00,32.0,59,35.7,0.2,0.2,51,99,11.7,273,19.076,72.8777
2025-05-16T17:00,31.4,60,35.4,0.5,0.5,53,100,9.5,271,19.076,72.8777
2025-05-16T18:00,30.7,65,35.0,0.0,0.0,3,100,8.6,248,19.076,72.8777
2025-05-16T19:00,30.3,66,34.8,0.0,0.0,3,100,7.8,236,19.076,72.8777
2025-05-16T20:00,30.3,66,34.8,0.0,0.0,3,100,7.1,229,19.076,72.8777
2025-05-16T21:00,30.3,65,34.9,0.0,0.0,3,100,6.2,226,19.076,72.8777
2025-05-16T22:00,30.2,66,34.9,0.0,0.0,3,100,5.4,220,19.076,72.8777
2025-05-16T23:00,30.1,66,35.0,0.0,0.0,3,100,4.8,209,19.076,72.8777
2025-05-17T00:00,29.9,67,34.8,0.0,0.0,3,98,4.8,200,19.076,72.8777
2025-05-17T01:00,29.7,68,34.6,0.0,0.0,3,100,5.1,207,19.076,72.8777
2025-05-17T02:00,29.4,70,34.3,0.0,0.0,2,58,5.8,206,19.076,72.8777
2025-05-17T03:00,29.0,72,33.9,0.0,0.0,2,56,6.4,191,19.076,72.8777
2025-05-17T04:00,28.7,75,33.8,0.0,0.0,1,43,6.3,193,19.076,72.8777
2025-05-17T05:00,28.6,76,33.8,0.0,0.0,2,79,5.0,195,19.076,72.8777
2025-05-17T06:00,29.3,75,34.9,0.1,0.1,51,100,4.4,168,19.076,72.8777
2025-05-17T07:00,29.4,74,35.0,0.2,0.2,51,44,4.8,167,19.076,72.8777
2025-05-17T08:00,30.1,70,35.5,0.1,0.1,51,97,4.5,182,19.076,72.8777
2025-05-17T09:00,31.5,63,36.1,0.0,0.0,2,50,7.8,202,19.076,72.8777
2025-05-17T10:00,32.3,60,36.8,0.1,0.1,51,32,10.1,226,19.076,72.8777
2025-05-17T11:00,32.1,61,37.3,0.1,0.1,51,35,13.3,234,19.076,72.8777
2025-05-17T12:00,32.2,62,37.9,0.1,0.1,51,37,11.9,240,19.076,72.8777
2025-05-17T13:00,32.4,61,38.2,0.1,0.1,51,49,11.6,244,19.076,72.8777
2025-05-17T14:00,32.4,61,37.9,0.1,0.1,51,52,11.6,251,19.076,72.8777
2025-05-17T15:00,32.5,60,37.0,0.0,0.0,2,60,11.7,255,19.076,72.8777
2025-05-17T16:00,32.0,62,36.2,0.0,0.0,2,65,11.7,269,19.076,72.8777
2025-05-17T17:00,31.5,63,35.8,0.0,0.0,3,100,10.9,278,19.076,72.8777
2025-05-17T18:00,30.8,65,34.8,0.0,0.0,3,84,10.9,277,19.076,72.8777
2025-05-17T19:00,30.4,65,34.9,0.0,0.0,3,81,7.6,266,19.076,72.8777
2025-05-17T20:00,30.4,65,35.1,0.0,0.0,1,21,5.2,258,19.076,72.8777
2025-05-17T21:00,30.4,65,35.1,0.0,0.0,3,90,5.2,258,19.076,72.8777
2025-05-17T22:00,30.3,64,34.9,0.0,0.0,3,99,4.8,248,19.076,72.8777
2025-05-17T23:00,30.2,65,34.8,0.0,0.0,2,78,4.8,245,19.076,72.8777
2025-05-18T00:00,29.9,66,34.8,0.0,0.0,3,100,4.1,257,19.076,72.8777
2025-05-18T01:00,29.7,68,34.6,0.0,0.0,3,100,4.2,263,19.076,72.8777
2025-05-18T02:00,29.4,70,34.5,0.0,0.0,3,100,3.6,267,19.076,72.8777
2025-05-18T03:00,29.2,71,34.4,0.0,0.0,3,99,2.4,279,19.076,72.8777
2025-05-18T04:00,28.9,71,34.3,0.0,0.0,3,100,1.6,270,19.076,72.8777
2025-05-18T05:00,28.7,72,34.1,0.0,0.0,3,83,1.3,278,19.076,72.8777
2025-05-18T06:00,29.4,69,34.7,0.0,0.0,3,100,1.9,158,19.076,72.8777
2025-05-18T07:00,29.9,69,35.1,0.0,0.0,3,99,3.8,149,19.076,72.8777
2025-05-18T08:00,31.2,63,36.3,0.0,0.0,3,100,4.2,198,19.076,72.8777
2025-05-18T09:00,32.4,58,37.0,0.0,0.0,3,99,6.1,210,19.076,72.8777
2025-05-18T10:00,33.5,54,38.4,0.0,0.0,1,32,6.9,219,19.076,72.8777
2025-05-18T11:00,34.3,51,39.7,0.0,0.0,3,100,9.3,229,19.076,72.8777
2025-05-18T12:00,34.4,49,39.4,0.0,0.0,2,62,12.2,242,19.076,72.8777
2025-05-18T13:00,34.3,47,38.7,0.0,0.0,0,10,14.1,253,19.076,72.8777
2025-05-18T14:00,33.7,49,37.8,0.0,0.0,1,35,14.3,258,19.076,72.8777
2025-05-18T15:00,33.5,51,36.9,0.0,0.0,2,76,14.7,263,19.076,72.8777
2025-05-18T16:00,32.7,53,35.4,0.0,0.0,3,100,14.4,268,19.076,72.8777
2025-05-18T17:00,32.1,56,35.5,0.0,0.0,3,87,10.3,268,19.076,72.8777
2025-05-18T18:00,31.0,62,34.9,0.0,0.0,2,79,9.7,281,19.076,72.8777
2025-05-18T19:00,30.5,64,34.5,0.0,0.0,3,100,8.8,289,19.076,72.8777
2025-05-18T20:00,30.4,64,34.6,0.0,0.0,3,100,7.4,296,19.076,72.8777
2025-05-18T21:00,30.3,63,34.6,0.0,0.0,3,100,5.9,288,19.076,72.8777
2025-05-18T22:00,30.2,63,34.7,0.0,0.0,3,100,4.9,276,19.076,72.8777
2025-05-18T23:00,30.0,66,34.9,0.0,0.0,3,99,2.7,274,19.076,72.8777
2025-05-19T00:00,29.7,67,34.7,0.0,0.0,3,100,2.7,290,19.076,72.8777
2025-05-19T01:00,29.4,70,34.6,0.0,0.0,3,100,3.0,327,19.076,72.8777
2025-05-19T02:00,29.1,73,34.6,0.0,0.0,3,100,2.4,351,19.076,72.8777
2025-05-19T03:00,28.9,74,34.4,0.0,0.0,3,100,3.1,339,19.076,72.8777
2025-05-19T04:00,28.7,75,34.4,0.0,0.0,3,100,2.5,4,19.076,72.8777
2025-05-19T05:00,28.4,79,34.4,0.0,0.0,3,89,1.8,11,19.076,72.8777
2025-05-19T06:00,28.9,76,34.8,0.2,0.2,51,100,2.0,63,19.076,72.8777
2025-05-19T07:00,29.3,73,34.8,0.0,0.0,3,100,3.5,69,19.076,72.8777
2025-05-19T08:00,30.0,70,35.6,0.0,0.0,3,100,2.7,94,19.076,72.8777
2025-05-19T09:00,31.1,65,36.7,0.0,0.0,3,100,1.5,216,19.076,72.8777
2025-05-19T10:00,31.8,61,36.9,0.0,0.0,3,100,4.0,249,19.076,72.8777
2025-05-19T11:00,31.8,62,36.6,0.0,0.0,3,100,6.3,239,19.076,72.8777
2025-05-19T12:00,32.2,63,37.2,0.0,0.0,3,100,7.7,254,19.076,72.8777
2025-05-19T13:00,31.7,68,36.5,0.0,0.0,3,100,12.8,271,19.076,72.8777
2025-05-19T14:00,32.1,62,36.1,0.0,0.0,3,100,14.0,290,19.076,72.8777
2025-05-19T15:00,32.4,60,36.1,0.0,0.0,3,100,14.2,299,19.076,72.8777
2025-05-19T16:00,31.8,61,35.1,0.0,0.0,3,99,16.2,314,19.076,72.8777
2025-05-19T17:00,31.4,62,35.3,0.0,0.0,3,100,11.8,317,19.076,72.8777
2025-05-19T18:00,30.6,68,34.9,0.0,0.0,3,100,11.3,326,19.076,72.8777
2025-05-19T19:00,30.1,70,34.7,0.0,0.0,3,100,10.3,325,19.076,72.8777
2025-05-19T20:00,30.1,70,35.0,0.0,0.0,3,100,8.2,322,19.076,72.8777
2025-05-19T21:00,30.0,72,35.1,0.0,0.0,3,100,7.2,325,19.076,72.8777
2025-05-19T22:00,29.8,72,35.1,0.0,0.0,3,100,6.9,323,19.076,72.8777
2025-05-19T23:00,29.6,73,34.9,0.0,0.0,3,100,7.0,316,19.076,72.8777
2025-05-20T00:00,29.5,75,34.7,0.0,0.0,1,44,7.9,319,19.076,72.8777
2025-05-20T01:00,29.3,76,34.9,0.0,0.0,3,87,5.2,348,19.076,72.8777
2025-05-20T02:00,29.0,77,34.9,0.0,0.0,1,23,4.4,325,19.076,72.8777
2025-05-20T03:00,28.8,80,35.2,0.0,0.0,1,25,1.8,349,19.076,72.8777
2025-05-20T04:00,28.7,79,34.8,0.0,0.0,1,22,3.7,317,19.076,72.8777
2025-05-20T05:00,28.7,80,34.7,0.0,0.0,1,22,4.2,350,19.076,72.8777
2025-05-20T06:00,28.3,82,33.1,0.0,0.0,3,99,13.2,338,19.076,72.8777
2025-05-20T07:00,28.4,78,33.5,0.0,0.0,3,82,7.7,339,19.076,72.8777
2025-05-20T08:00,30.0,70,35.4,0.0,0.0,1,41,4.8,345,19.076,72.8777
2025-05-20T09:00,32.1,61,37.2,0.0,0.0,1,42,4.8,329,19.076,72.8777
2025-05-20T10:00,33.7,55,38.8,0.0,0.0,3,90,6.3,325,19.076,72.8777
2025-05-20T11:00,34.4,54,40.0,0.1,0.1,51,50,8.8,303,19.076,72.8777
2025-05-20T12:00,32.5,63,38.1,1.9,1.9,61,81,12.6,313,19.076,72.8777
2025-05-20T13:00,32.2,68,38.9,2.5,2.5,63,99,10.3,289,19.076,72.8777
2025-05-20T14:00,30.9,73,36.3,0.0,0.0,3,100,11.2,328,19.076,72.8777
2025-05-20T15:00,31.4,73,37.5,0.1,0.1,51,100,7.9,317,19.076,72.8777
2025-05-20T16:00,30.4,75,35.8,1.1,1.1,55,100,10.9,304,19.076,72.8777
2025-05-20T17:00,30.1,78,35.8,0.1,0.1,51,100,10.7,330,19.076,72.8777
2025-05-20T18:00,30.5,77,36.7,0.7,0.7,53,100,7.7,323,19.076,72.8777
2025-05-20T19:00,30.0,80,36.9,0.6,0.6,53,100,4.9,287,19.076,72.8777
2025-05-20T20:00,29.7,83,37.1,0.8,0.8,53,100,1.8,259,19.076,72.8777
2025-05-20T21:00,29.4,85,36.8,0.5,0.5,53,100,3.5,231,19.076,72.8777
2025-05-20T22:00,29.1,88,36.6,0.1,0.1,51,100,3.3,248,19.076,72.8777
2025-05-20T23:00,28.8,90,36.3,0.2,0.2,51,100,3.7,309,19.076,72.8777
2025-05-21T00:00,28.6,92,36.2,0.0,0.0,3,100,4.5,353,19.076,72.8777
2025-05-21T01:00,28.4,94,35.7,0.0,0.0,3,100,7.4,29,19.076,72.8777
2025-05-21T02:00,28.0,95,35.4,0.0,0.0,3,100,5.4,48,19.076,72.8777
2025-05-21T03:00,27.7,96,35.1,0.0,0.0,3,100,4.3,88,19.076,72.8777
2025-05-21T04:00,27.6,95,34.8,0.0,0.0,3,100,4.7,72,19.076,72.8777
2025-05-21T05:00,27.4,96,34.7,0.0,0.0,3,100,3.3,84,19.076,72.8777
2025-05-21T06:00,26.6,90,32.7,0.0,0.0,3,100,3.3,54,19.076,72.8777
2025-05-21T07:00,27.5,86,34.0,0.0,0.0,3,100,1.2,51,19.076,72.8777
2025-05-21T08:00,28.3,85,34.8,0.0,0.0,3,100,2.8,345,19.076,72.8777
2025-05-21T09:00,29.3,81,35.8,0.0,0.0,3,100,5.5,328,19.076,72.8777
2025-05-21T10:00,29.3,80,35.5,0.0,0.0,3,100,5.9,337,19.076,72.8777
2025-05-21T11:00,29.7,78,36.0,0.0,0.0,3,100,4.5,353,19.076,72.8777
2025-05-21T12:00,30.6,73,36.5,0.0,0.0,3,100,5.5,349,19.076,72.8777
2025-05-21T13:00,31.4,68,37.3,0.0,0.0,3,100,4.7,328,19.076,72.8777
2025-05-21T14:00,31.4,68,37.1,0.0,0.0,3,100,5.2,319,19.076,72.8777
2025-05-21T15:00,31.6,69,37.2,0.0,0.0,3,100,8.2,311,19.076,72.8777
2025-05-21T16:00,30.6,74,36.3,0.0,0.0,3,100,8.9,304,19.076,72.8777
2025-05-21T17:00,30.4,74,36.1,0.0,0.0,3,100,8.0,310,19.076,72.8777
2025-05-21T18:00,29.9,77,35.6,0.0,0.0,2,58,8.7,322,19.076,72.8777
2025-05-21T19:00,29.4,81,35.8,0.0,0.0,3,100,6.1,310,19.076,72.8777
2025-05-21T20:00,29.4,83,36.0,0.0,0.0,3,100,5.6,272,19.076,72.8777
2025-05-21T21:00,29.4,81,35.9,0.2,0.2,51,100,5.5,232,19.076,72.8777
2025-05-21T22:00,28.0,88,33.6,0.1,0.1,51,100,10.7,174,19.076,72.8777
2025-05-21T23:00,27.4,88,32.8,0.8,0.8,53,95,9.8,175,19.076,72.8777
2025-05-22T00:00,26.6,92,32.4,8.5,8.5,65,100,6.5,148,19.076,72.8777
2025-05-22T01:00,26.7,92,32.6,3.0,3.0,63,100,7.3,149,19.076,72.8777
2025-05-22T02:00,26.6,94,32.9,0.1,0.1,51,100,4.8,121,19.076,72.8777
2025-05-22T03:00,26.4,94,32.3,0.0,0.0,3,100,6.6,112,19.076,72.8777
2025-05-22T04:00,26.0,94,31.5,0.0,0.0,3,99,7.4,113,19.076,72.8777
2025-05-22T05:00,25.8,93,31.7,0.0,0.0,3,95,4.4,97,19.076,72.8777
2025-05-22T06:00,26.6,86,32.1,0.0,0.0,3,100,4.1,90,19.076,72.8777
2025-05-22T07:00,27.4,82,33.0,0.0,0.0,3,86,2.9,4,19.076,72.8777
2025-05-22T08:00,28.6,74,33.7,0.0,0.0,3,93,3.9,347,19.076,72.8777
2025-05-22T09:00,29.6,71,34.5,0.0,0.0,3,92,7.1,317,19.076,72.8777
2025-05-22T10:00,30.7,66,35.6,0.0,0.0,1,28,9.2,327,19.076,72.8777
2025-05-22T11:00,31.8,63,37.7,0.0,0.0,3,92,9.4,329,19.076,72.8777
2025-05-22T12:00,31.5,63,36.2,0.0,0.0,3,100,8.1,331,19.076,72.8777
2025-05-22T13:00,30.6,70,35.5,0.0,0.0,3,100,10.2,315,19.076,72.8777
2025-05-22T14:00,31.1,70,36.9,0.3,0.3,51,81,11.9,319,19.076,72.8777
2025-05-22T15:00,31.0,72,35.7,0.0,0.0,3,99,15.0,321,19.076,72.8777
2025-05-22T16:00,30.0,79,34.7,0.0,0.0,3,98,18.3,326,19.076,72.8777
2025-05-22T17:00,30.3,77,35.1,0.0,0.0,3,100,16.7,326,19.076,72.8777
2025-05-22T18:00,29.2,81,35.1,0.0,0.0,3,100,9.0,331,19.076,72.8777
2025-05-22T19:00,29.0,85,35.6,0.0,0.0,3,100,6.8,335,19.076,72.8777
2025-05-22T20:00,29.0,88,36.6,0.0,0.0,3,100,2.5,262,19.076,72.8777
2025-05-22T21:00,27.2,91,33.9,5.3,5.3,63,100,3.6,135,19.076,72.8777
2025-05-22T22:00,27.3,92,33.6,1.8,1.8,61,92,6.6,169,19.076,72.8777
2025-05-22T23:00,26.3,95,32.6,2.2,2.2,61,100,4.9,126,19.076,72.8777
2025-05-23T00:00,26.4,94,32.6,0.1,0.1,51,99,5.6,213,19.076,72.8777
2025-05-23T01:00,26.3,93,32.8,0.0,0.0,3,100,2.5,201,19.076,72.8777
2025-05-23T02:00,26.4,92,33.0,0.0,0.0,3,100,0.3,135,19.076,72.8777
2025-05-23T03:00,26.4,92,32.8,0.0,0.0,3,100,1.8,45,19.076,72.8777
2025-05-23T04:00,26.4,93,32.7,0.0,0.0,3,86,3.5,69,19.076,72.8777
2025-05-23T05:00,26.2,95,32.7,0.0,0.0,3,100,3.1,3,19.076,72.8777
2025-05-23T06:00,26.4,93,32.4,0.5,0.5,53,100,6.0,351,19.076,72.8777
2025-05-23T07:00,26.8,93,33.3,0.2,0.2,51,100,3.6,3,19.076,72.8777
2025-05-23T08:00,27.4,90,34.1,0.1,0.1,51,100,3.6,41,19.076,72.8777
2025-05-23T09:00,28.0,90,35.0,0.1,0.1,51,100,3.4,354,19.076,72.8777
2025-05-23T10:00,29.3,85,36.6,0.0,0.0,3,100,3.1,306,19.076,72.8777
2025-05-23T11:00,30.3,80,37.6,0.0,0.0,3,100,2.5,291,19.076,72.8777
2025-05-23T12:00,31.2,77,38.5,0.0,0.0,3,99,4.2,317,19.076,72.8777
2025-05-23T13:00,31.5,74,38.3,0.0,0.0,3,98,6.2,324,19.076,72.8777
2025-05-23T14:00,31.8,73,38.8,0.0,0.0,3,99,5.5,328,19.076,72.8777
2025-05-23T15:00,32.5,69,39.7,0.1,0.1,51,100,5.2,319,19.076,72.8777
2025-05-23T16:00,31.9,76,38.2,0.0,0.0,3,100,12.1,322,19.076,72.8777
2025-05-23T17:00,31.0,78,36.9,1.1,1.1,55,100,13.2,314,19.076,72.8777
2025-05-23T18:00,29.2,84,36.0,0.0,0.0,3,100,4.0,350,19.076,72.8777
2025-05-23T19:00,29.1,86,36.4,0.0,0.0,3,100,2.3,299,19.076,72.8777
2025-05-23T20:00,29.1,85,36.1,0.0,0.0,3,100,4.1,326,19.076,72.8777
2025-05-23T21:00,28.9,87,35.7,0.0,0.0,3,100,6.6,323,19.076,72.8777
2025-05-23T22:00,28.9,89,36.5,0.0,0.0,3,100,2.8,333,19.076,72.8777
2025-05-23T23:00,28.6,90,35.9,0.0,0.0,3,100,4.2,5,19.076,72.8777
2025-05-24T00:00,28.4,91,35.7,0.0,0.0,3,100,4.4,9,19.076,72.8777
2025-05-24T01:00,28.2,91,35.2,0.0,0.0,3,100,5.0,13,19.076,72.8777
2025-05-24T02:00,28.0,90,34.8,0.0,0.0,3,100,5.2,16,19.076,72.8777
2025-05-24T03:00,28.1,90,34.8,0.0,0.0,3,100,6.1,5,19.076,72.8777
2025-05-24T04:00,28.0,92,34.7,0.0,0.0,3,100,7.7,16,19.076,72.8777
2025-05-24T05:00,27.9,92,34.5,0.0,0.0,3,100,7.7,18,19.076,72.8777
2025-05-24T06:00,26.5,90,31.9,0.2,0.2,51,100,7.3,316,19.076,72.8777
2025-05-24T07:00,26.8,88,32.2,0.2,0.2,51,100,7.1,351,19.076,72.8777
2025-05-24T08:00,27.4,84,32.0,0.0,0.0,3,100,11.9,309,19.076,72.8777
2025-05-24T09:00,27.9,83,33.1,0.0,0.0,3,100,8.9,346,19.076,72.8777
2025-05-24T10:00,29.0,80,34.7,0.0,0.0,3,100,7.2,359,19.076,72.8777
2025-05-24T11:00,31.1,73,38.2,0.0,0.0,3,100,5.9,340,19.076,72.8777
2025-05-24T12:00,31.1,74,37.4,0.0,0.0,2,79,7.1,326,19.076,72.8777
2025-05-24T13:00,32.1,73,39.7,0.0,0.0,2,78,8.2,331,19.076,72.8777
2025-05-24T14:00,31.9,72,38.5,0.0,0.0,3,96,10.0,334,19.076,72.8777
2025-05-24T15:00,31.5,74,37.4,0.1,0.1,51,99,12.0,309,19.076,72.8777
2025-05-24T16:00,30.9,78,37.0,0.0,0.0,3,100,11.4,301,19.076,72.8777
2025-05-24T17:00,30.4,80,36.4,0.0,0.0,3,100,11.7,304,19.076,72.8777
2025-05-24T18:00,29.8,83,36.5,0.1,0.1,51,100,6.3,340,19.076,72.8777
2025-05-24T19:00,28.8,86,34.8,0.0,0.0,3,100,10.6,342,19.076,72.8777
2025-05-24T20:00,28.5,84,34.6,0.0,0.0,3,100,6.8,18,19.076,72.8777
2025-05-24T21:00,27.2,87,32.8,3.9,3.9,63,100,6.8,37,19.076,72.8777
2025-05-24T22:00,25.7,93,30.6,3.1,3.1,63,100,10.3,358,19.076,72.8777
2025-05-24T23:00,26.5,86,31.8,1.3,1.3,61,100,4.6,39,19.076,72.8777
2025-05-25T00:00,26.6,87,32.3,0.1,0.1,51,100,3.7,223,19.076,72.8777
2025-05-25T01:00,26.5,89,32.4,0.2,0.2,51,100,3.8,205,19.076,72.8777
2025-05-25T02:00,26.7,90,32.5,0.0,0.0,3,100,6.5,276,19.076,72.8777
2025-05-25T03:00,27.1,89,33.3,0.7,0.7,53,100,4.1,283,19.076,72.8777
2025-05-25T04:00,27.0,92,33.3,0.0,0.0,3,99,5.2,346,19.076,72.8777
2025-05-25T05:00,26.7,94,33.1,0.0,0.0,3,100,4.6,26,19.076,72.8777
2025-05-25T06:00,25.6,96,30.6,0.6,0.6,53,100,11.6,312,19.076,72.8777
2025-05-25T07:00,26.2,91,31.4,0.9,0.9,53,100,8.7,330,19.076,72.8777
2025-05-25T08:00,24.3,97,29.3,2.7,2.7,63,100,6.1,58,19.076,72.8777
2025-05-25T09:00,24.7,89,28.7,1.0,1.0,55,100,9.8,319,19.076,72.8777
2025-05-25T10:00,24.0,94,28.1,3.8,3.8,63,100,9.6,70,19.076,72.8777
2025-05-25T11:00,23.9,95,28.9,4.2,4.2,63,100,2.8,40,19.076,72.8777
2025-05-25T12:00,24.1,97,28.9,7.6,7.6,65,100,7.3,83,19.076,72.8777
2025-05-25T13:00,25.6,91,30.4,2.3,2.3,61,79,9.7,312,19.076,72.8777
2025-05-25T14:00,27.7,86,34.3,0.1,0.1,51,100,3.6,243,19.076,72.8777
2025-05-25T15:00,27.7,85,33.3,0.0,0.0,3,100,7.7,288,19.076,72.8777
2025-05-25T16:00,27.8,88,34.3,0.2,0.2,51,100,4.2,282,19.076,72.8777
2025-05-25T17:00,28.3,89,35.1,0.3,0.3,51,100,5.7,336,19.076,72.8777
2025-05-25T18:00,27.0,90,33.5,2.0,2.0,61,100,2.4,117,19.076,72.8777
2025-05-25T19:00,27.8,89,34.5,0.1,0.1,51,100,4.1,326,19.076,72.8777
2025-05-25T20:00,28.5,88,34.4,0.1,0.1,51,100,11.3,313,19.076,72.8777
2025-05-25T21:00,28.0,90,34.8,0.1,0.1,51,100,4.9,352,19.076,72.8777
2025-05-25T22:00,27.6,93,35.1,0.1,0.1,51,100,0.8,333,19.076,72.8777
2025-05-25T23:00,27.4,93,34.0,0.2,0.2,51,100,7.0,316,19.076,72.8777
2025-05-26T00:00,25.4,98,29.9,1.8,1.8,61,100,14.7,295,19.076,72.8777
2025-05-26T01:00,25.1,93,29.9,2.0,2.0,61,99,8.1,282,19.076,72.8777
2025-05-26T02:00,26.0,95,30.9,3.8,3.8,63,100,13.5,333,19.076,72.8777
2025-05-26T03:00,25.7,94,31.5,3.8,3.8,63,100,4.5,358,19.076,72.8777
2025-05-26T04:00,25.7,95,30.3,2.2,2.2,61,100,14.3,348,19.076,72.8777
2025-05-26T05:00,25.1,93,29.4,2.3,2.3,61,100,11.6,53,19.076,72.8777
2025-05-26T06:00,27.8,91,33.1,2.8,2.8,63,100,15.9,296,19.076,72.8777
2025-05-26T07:00,27.1,95,32.4,4.3,4.3,63,100,15.2,321,19.076,72.8777
2025-05-26T08:00,26.0,95,29.7,9.1,9.1,65,100,21.3,358,19.076,72.8777
2025-05-26T09:00,25.4,93,28.9,0.6,0.6,53,100,18.9,8,19.076,72.8777
2025-05-26T10:00,25.9,91,30.2,0.8,0.8,53,100,13.7,39,19.076,72.8777
2025-05-26T11:00,25.6,93,30.3,2.9,2.9,63,100,11.0,52,19.076,72.8777
2025-05-26T12:00,25.7,93,29.8,2.2,2.2,61,100,15.0,350,19.076,72.8777
2025-05-26T13:00,25.6,93,30.0,7.9,7.9,65,100,13.0,80,19.076,72.8777
2025-05-26T14:00,25.2,94,30.6,1.9,1.9,61,100,5.8,30,19.076,72.8777
2025-05-26T15:00,26.9,92,33.0,0.5,0.5,53,100,5.9,2,19.076,72.8777
2025-05-26T16:00,27.6,92,34.3,0.5,0.5,53,100,5.6,353,19.076,72.8777
2025-05-26T17:00,27.6,94,34.5,0.8,0.8,53,100,6.2,324,19.076,72.8777
2025-05-26T18:00,27.1,91,32.8,0.3,0.3,51,100,9.2,244,19.076,72.8777
2025-05-26T19:00,26.9,90,33.7,1.2,1.2,55,100,0.8,117,19.076,72.8777
2025-05-26T20:00,26.5,95,33.1,2.1,2.1,61,100,2.8,230,19.076,72.8777
2025-05-26T21:00,26.6,94,33.6,0.1,0.1,51,100,0.6,72,19.076,72.8777
2025-05-26T22:00,26.6,94,33.2,0.0,0.0,3,100,3.6,135,19.076,72.8777
2025-05-26T23:00,26.7,94,33.2,0.1,0.1,51,100,4.2,121,19.076,72.8777
2025-05-27T00:00,26.7,94,33.2,0.2,0.2,51,100,4.5,313,19.076,72.8777
2025-05-27T01:00,26.8,95,33.7,0.2,0.2,51,100,3.1,353,19.076,72.8777
2025-05-27T02:00,26.3,97,33.1,0.3,0.3,51,99,3.6,311,19.076,72.8777
2025-05-27T03:00,26.7,95,32.9,0.1,0.1,51,100,8.1,313,19.076,72.8777
2025-05-27T04:00,26.4,97,32.8,0.2,0.2,51,100,5.1,306,19.076,72.8777
2025-05-27T05:00,26.1,97,32.2,1.2,1.2,55,100,6.4,295,19.076,72.8777
2025-05-27T06:00,25.6,97,31.6,0.6,0.6,53,100,5.4,84,19.076,72.8777
2025-05-27T07:00,25.7,97,31.9,0.5,0.5,53,100,4.3,105,19.076,72.8777
2025-05-27T08:00,26.0,97,32.5,0.6,0.6,53,100,3.6,93,19.076,72.8777
2025-05-27T09:00,26.5,95,32.7,0.7,0.7,53,100,5.7,79,19.076,72.8777
2025-05-27T10:00,27.0,92,33.3,0.6,0.6,53,100,4.9,90,19.076,72.8777
2025-05-27T11:00,27.7,88,34.3,0.3,0.3,51,100,2.8,35,19.076,72.8777
2025-05-27T12:00,29.0,81,35.9,0.2,0.2,51,100,1.1,18,19.076,72.8777
2025-05-27T13:00,29.7,77,35.8,0.0,0.0,3,100,4.8,301,19.076,72.8777
2025-05-27T14:00,29.8,75,35.2,0.0,0.0,3,100,8.5,291,19.076,72.8777
2025-05-27T15:00,29.8,76,34.8,0.1,0.1,51,98,12.2,294,19.076,72.8777
2025-05-27T16:00,29.2,80,34.3,3.0,3.0,63,100,13.0,296,19.076,72.8777
2025-05-27T17:00,29.1,83,34.8,0.2,0.2,51,100,10.2,277,19.076,72.8777
2025-05-27T18:00,27.1,90,33.5,0.1,0.1,51,100,3.9,214,19.076,72.8777
2025-05-27T19:00,27.1,89,33.0,0.0,0.0,3,100,6.1,192,19.076,72.8777
2025-05-27T20:00,27.1,88,33.0,0.0,0.0,3,100,6.0,190,19.076,72.8777
2025-05-27T21:00,27.1,88,32.8,0.0,0.0,3,100,7.4,186,19.076,72.8777
2025-05-27T22:00,27.1,89,32.9,0.0,0.0,3,100,6.6,189,19.076,72.8777
2025-05-27T23:00,27.0,90,32.7,0.0,0.0,3,100,7.8,176,19.076,72.8777
2025-05-28T00:00,26.3,93,32.1,0.9,0.9,53,100,6.4,218,19.076,72.8777
2025-05-28T01:00,25.9,95,31.9,2.3,2.3,61,100,5.3,242,19.076,72.8777
2025-05-28T02:00,26.0,95,32.0,3.9,3.9,63,100,5.8,236,19.076,72.8777
2025-05-28T03:00,26.2,95,32.6,0.6,0.6,53,100,3.4,196,19.076,72.8777
2025-05-28T04:00,26.1,96,32.3,0.4,0.4,51,100,5.4,230,19.076,72.8777
2025-05-28T05:00,26.0,97,32.1,0.4,0.4,51,100,5.9,149,19.076,72.8777
2025-05-28T06:00,26.3,94,32.2,0.1,0.1,51,100,5.9,169,19.076,72.8777
2025-05-28T07:00,27.0,91,33.2,0.2,0.2,51,100,5.2,186,19.076,72.8777
2025-05-28T08:00,27.2,90,33.3,0.2,0.2,51,99,6.0,201,19.076,72.8777
2025-05-28T09:00,26.8,92,32.4,0.9,0.9,53,100,9.7,215,19.076,72.8777
2025-05-28T10:00,27.4,86,32.6,0.1,0.1,51,100,10.2,226,19.076,72.8777
2025-05-28T11:00,27.4,86,32.2,0.0,0.0,3,100,12.3,230,19.076,72.8777
2025-05-28T12:00,27.7,86,32.7,0.0,0.0,3,100,12.1,238,19.076,72.8777
2025-05-28T13:00,27.5,87,32.4,0.0,0.0,3,96,13.5,218,19.076,72.8777
2025-05-28T14:00,27.8,86,32.8,0.0,0.0,3,100,12.8,211,19.076,72.8777
2025-05-28T15:00,27.7,86,33.1,0.3,0.3,51,99,9.6,210,19.076,72.8777
2025-05-28T16:00,27.8,85,32.8,0.3,0.3,51,99,11.6,255,19.076,72.8777
2025-05-28T17:00,27.6,84,32.6,0.1,0.1,51,99,10.5,262,19.076,72.8777
2025-05-28T18:00,26.8,86,32.2,0.7,0.7,53,99,5.5,191,19.076,72.8777
2025-05-28T19:00,26.8,90,32.4,0.0,0.0,3,100,7.2,179,19.076,72.8777
2025-05-28T20:00,27.0,91,33.3,0.1,0.1,51,99,4.5,173,19.076,72.8777
2025-05-28T21:00,27.1,91,33.2,0.0,0.0,3,100,6.5,177,19.076,72.8777
2025-05-28T22:00,27.2,92,33.1,0.0,0.0,3,100,8.5,180,19.076,72.8777
2025-05-28T23:00,27.4,91,33.5,0.0,0.0,3,97,7.3,170,19.076,72.8777
2025-05-29T00:00,27.1,93,33.6,0.1,0.1,51,97,4.8,138,19.076,72.8777
2025-05-29T01:00,26.6,95,33.4,0.2,0.2,51,100,3.3,174,19.076,72.8777
2025-05-29T02:00,26.6,97,33.0,0.2,0.2,51,100,6.9,211,19.076,72.8777
2025-05-29T03:00,26.7,97,33.3,0.1,0.1,51,100,5.8,194,19.076,72.8777
2025-05-29T04:00,26.6,96,33.6,0.1,0.1,51,100,2.7,188,19.076,72.8777
2025-05-29T05:00,26.7,95,33.9,0.2,0.2,51,99,0.7,284,19.076,72.8777
2025-05-29T06:00,27.4,93,34.5,0.1,0.1,51,100,2.0,100,19.076,72.8777
2025-05-29T07:00,27.7,94,35.0,0.0,0.0,3,99,2.8,108,19.076,72.8777
2025-05-29T08:00,28.6,89,35.8,0.1,0.1,51,100,3.2,304,19.076,72.8777
2025-05-29T09:00,30.1,78,35.8,0.2,0.2,51,98,10.2,300,19.076,72.8777
2025-05-29T10:00,31.0,76,37.4,0.2,0.2,51,68,11.4,286,19.076,72.8777
2025-05-29T11:00,31.3,74,38.2,0.0,0.0,3,100,12.3,275,19.076,72.8777
2025-05-29T12:00,31.4,74,38.5,0.1,0.1,51,94,13.5,266,19.076,72.8777
2025-05-29T13:00,31.3,74,38.2,0.2,0.2,51,94,14.4,262,19.076,72.8777
2025-05-29T14:00,31.2,74,37.4,0.4,0.4,51,99,15.5,262,19.076,72.8777
2025-05-29T15:00,30.3,79,35.7,1.0,1.0,55,100,16.8,264,19.076,72.8777
2025-05-29T16:00,30.1,78,34.7,1.0,1.0,55,67,17.8,267,19.076,72.8777
2025-05-29T17:00,30.1,79,34.9,0.7,0.7,53,40,17.0,263,19.076,72.8777
2025-05-29T18:00,29.2,86,35.3,0.7,0.7,53,98,11.6,251,19.076,72.8777
2025-05-29T19:00,29.2,84,35.1,0.0,0.0,3,89,11.6,249,19.076,72.8777
2025-05-29T20:00,29.1,84,34.6,0.0,0.0,3,99,13.5,251,19.076,72.8777
2025-05-29T21:00,28.9,85,34.5,0.0,0.0,3,100,12.5,254,19.076,72.8777
2025-05-29T22:00,28.6,88,34.4,0.0,0.0,3,99,12.2,253,19.076,72.8777
2025-05-29T23:00,28.2,91,34.1,0.0,0.0,3,99,12.6,251,19.076,72.8777
2025-05-30T00:00,28.2,90,33.9,0.1,0.1,51,99,13.9,251,19.076,72.8777
2025-05-30T01:00,28.4,89,33.6,0.1,0.1,51,97,16.5,256,19.076,72.8777
2025-05-30T02:00,28.3,89,33.3,0.0,0.0,3,100,17.4,259,19.076,72.8777
2025-05-30T03:00,28.5,86,33.6,0.0,0.0,3,100,15.6,262,19.076,72.8777
2025-05-30T04:00,28.5,85,33.4,0.0,0.0,3,100,14.9,269,19.076,72.8777
2025-05-30T05:00,28.5,85,33.3,0.1,0.1,51,100,15.5,275,19.076,72.8777
2025-05-30T06:00,29.0,81,34.1,0.0,0.0,3,100,12.2,256,19.076,72.8777
2025-05-30T07:00,29.5,78,34.5,0.0,0.0,3,100,12.7,255,19.076,72.8777
2025-05-30T08:00,30.2,71,34.4,0.0,0.0,3,97,15.0,260,19.076,72.8777
2025-05-30T09:00,30.7,68,34.7,0.0,0.0,0,17,15.0,257,19.076,72.8777
2025-05-30T10:00,31.1,67,35.9,0.1,0.1,51,57,16.2,256,19.076,72.8777
2025-05-30T11:00,31.0,70,35.9,0.4,0.4,51,96,16.6,255,19.076,72.8777
2025-05-30T12:00,31.3,70,37.0,0.3,0.3,51,100,16.4,255,19.076,72.8777
2025-05-30T13:00,31.5,68,37.4,0.1,0.1,51,100,17.2,254,19.076,72.8777
2025-05-30T14:00,31.2,70,36.6,0.0,0.0,3,100,17.5,251,19.076,72.8777
2025-05-30T15:00,30.7,71,35.0,0.2,0.2,51,100,17.2,245,19.076,72.8777
2025-05-30T16:00,30.7,70,34.5,0.2,0.2,51,100,17.8,242,19.076,72.8777
2025-05-30T17:00,30.2,72,34.1,0.1,0.1,51,90,17.6,241,19.076,72.8777
2025-05-30T18:00,29.6,79,34.7,0.0,0.0,3,85,13.9,237,19.076,72.8777
2025-05-30T19:00,29.1,81,34.2,0.1,0.1,51,98,13.7,235,19.076,72.8777
2025-05-30T20:00,29.2,80,34.0,0.0,0.0,3,95,15.1,237,19.076,72.8777
2025-05-30T21:00,28.9,82,33.6,0.0,0.0,1,47,15.4,236,19.076,72.8777
2025-05-30T22:00,28.7,83,33.5,0.0,0.0,1,37,15.3,236,19.076,72.8777
2025-05-30T23:00,28.9,83,33.8,0.0,0.0,2,72,15.2,235,19.076,72.8777
2025-05-31T00:00,28.8,82,33.6,0.0,0.0,1,47,14.9,238,19.076,72.8777
2025-05-31T01:00,28.5,83,33.4,0.0,0.0,2,68,14.2,243,19.076,72.8777
2025-05-31T02:00,27.5,90,32.6,0.3,0.3,51,100,13.6,239,19.076,72.8777
2025-05-31T03:00,28.0,87,33.2,0.3,0.3,51,93,12.6,242,19.076,72.8777
2025-05-31T04:00,28.2,84,33.2,0.1,0.1,51,47,12.5,245,19.076,72.8777
2025-05-31T05:00,28.0,84,32.7,0.2,0.2,51,36,13.7,247,19.076,72.8777
2025-05-31T06:00,27.9,88,32.5,0.1,0.1,51,92,17.6,235,19.076,72.8777
2025-05-31T07:00,28.4,84,33.7,0.2,0.2,51,99,12.0,234,19.076,72.8777
2025-05-31T08:00,29.6,78,34.4,0.1,0.1,51,97,14.0,232,19.076,72.8777
2025-05-31T09:00,30.1,74,34.2,0.1,0.1,51,100,17.5,233,19.076,72.8777
2025-05-31T10:00,29.4,79,33.6,0.8,0.8,53,100,20.0,239,19.076,72.8777
2025-05-31T11:00,30.0,78,35.6,0.5,0.5,53,100,17.7,243,19.076,72.8777
2025-05-31T12:00,30.6,75,36.7,0.4,0.4,51,100,16.4,237,19.076,72.8777
2025-05-31T13:00,31.1,71,36.9,0.1,0.1,51,100,18.1,239,19.076,72.8777
2025-05-31T14:00,30.9,71,36.4,0.1,0.1,51,100,18.3,240,19.076,72.8777
2025-05-31T15:00,30.8,71,35.4,0.1,0.1,51,100,17.5,238,19.076,72.8777
2025-05-31T16:00,30.4,72,34.6,0.0,0.0,3,100,16.1,241,19.076,72.8777
2025-05-31T17:00,29.9,74,34.4,0.0,0.0,3,100,14.0,240,19.076,72.8777
2025-05-31T18:00,29.7,77,34.9,0.0,0.0,3,100,11.6,219,19.076,72.8777
2025-05-31T19:00,29.0,80,34.1,0.0,0.0,3,100,11.8,214,19.076,72.8777
2025-05-31T20:00,28.7,82,33.9,0.0,0.0,3,100,11.6,212,19.076,72.8777
2025-05-31T21:00,28.6,83,33.7,0.0,0.0,3,100,12.4,210,19.076,72.8777
2025-05-31T22:00,28.5,83,33.6,0.0,0.0,3,100,12.3,209,19.076,72.8777
2025-05-31T23:00,28.1,84,32.9,0.1,0.1,51,100,13.2,200,19.076,72.8777
2025-06-01T00:00,26.9,89,31.8,0.0,0.0,3,100,12.1,195,19.076,72.8777
2025-06-01T01:00,26.6,90,31.0,0.1,0.1,51,100,15.3,204,19.076,72.8777
2025-06-01T02:00,26.8,88,31.0,0.1,0.1,51,98,15.2,194,19.076,72.8777
2025-06-01T03:00,26.5,89,31.0,0.1,0.1,51,98,12.6,194,19.076,72.8777
2025-06-01T04:00,25.7,92,30.1,0.4,0.4,51,100,13.1,187,19.076,72.8777
2025-06-01T05:00,25.9,92,30.1,0.3,0.3,51,100,14.8,190,19.076,72.8777
2025-06-01T06:00,26.8,90,32.0,0.3,0.3,51,100,10.2,216,19.076,72.8777
2025-06-01T07:00,27.1,86,31.5,0.6,0.6,53,100,13.0,198,19.076,72.8777
2025-06-01T08:00,27.0,84,31.5,0.4,0.4,51,100,10.8,182,19.076,72.8777
2025-06-01T09:00,27.4,83,31.5,0.6,0.6,53,99,14.2,184,19.076,72.8777
2025-06-01T10:00,26.9,83,30.2,0.9,0.9,53,100,18.4,207,19.076,72.8777
2025-06-01T11:00,27.2,83,31.0,0.2,0.2,51,100,16.6,196,19.076,72.8777
2025-06-01T12:00,28.9,77,34.0,0.0,0.0,3,100,19.1,200,19.076,72.8777
2025-06-01T13:00,28.6,81,34.3,0.0,0.0,3,99,18.3,200,19.076,72.8777
2025-06-01T14:00,28.9,79,33.9,0.0,0.0,3,95,18.5,204,19.076,72.8777
2025-06-01T15:00,28.9,79,32.9,0.0,0.0,3,90,18.1,208,19.076,72.8777
2025-06-01T16:00,29.2,77,33.3,0.0,0.0,3,96,16.9,208,19.076,72.8777
2025-06-01T17:00,28.5,79,32.2,0.1,0.1,51,98,17.9,214,19.076,72.8777
2025-06-01T18:00,25.9,87,30.8,4.0,4.0,63,100,5.3,215,19.076,72.8777
2025-06-01T19:00,26.6,89,31.6,1.4,1.4,61,100,9.8,206,19.076,72.8777
2025-06-01T20:00,27.3,87,32.5,0.1,0.1,51,100,9.6,206,19.076,72.8777
2025-06-01T21:00,27.5,86,32.9,0.0,0.0,3,100,8.3,198,19.076,72.8777
2025-06-01T22:00,27.3,83,32.4,0.4,0.4,51,96,7.4,206,19.076,72.8777
2025-06-01T23:00,26.8,85,31.8,1.1,1.1,55,99,7.3,205,19.076,72.8777
2025-06-02T00:00,26.1,91,31.1,0.4,0.4,51,100,9.3,172,19.076,72.8777
2025-06-02T01:00,25.6,94,30.7,0.1,0.1,51,100,9.6,172,19.076,72.8777
2025-06-02T02:00,25.7,93,30.4,0.2,0.2,51,100,11.0,165,19.076,72.8777
2025-06-02T03:00,25.7,91,30.0,0.2,0.2,51,100,12.6,170,19.076,72.8777
2025-06-02T04:00,25.9,90,30.0,0.2,0.2,51,96,13.2,195,19.076,72.8777
2025-06-02T05:00,26.0,90,30.4,0.2,0.2,51,99,12.0,197,19.076,72.8777
2025-06-02T06:00,26.0,92,31.2,1.4,1.4,61,94,8.9,201,19.076,72.8777
2025-06-02T07:00,26.8,88,31.7,0.1,0.1,51,40,10.3,161,19.076,72.8777
2025-06-02T08:00,27.4,85,32.2,0.0,0.0,2,62,11.7,169,19.076,72.8777
2025-06-02T09:00,29.1,77,33.5,0.5,0.5,53,26,14.3,208,19.076,72.8777
2025-06-02T10:00,30.4,70,34.7,0.6,0.6,53,24,16.9,218,19.076,72.8777
2025-06-02T11:00,30.7,69,35.5,0.1,0.1,51,31,18.2,222,19.076,72.8777
2025-06-02T12:00,30.6,69,35.8,0.1,0.1,51,91,18.6,224,19.076,72.8777
2025-06-02T13:00,30.6,69,35.4,0.2,0.2,51,100,19.0,228,19.076,72.8777
2025-06-02T14:00,30.4,70,34.8,0.5,0.5,53,100,19.9,232,19.076,72.8777
2025-06-02T15:00,29.6,73,32.8,1.2,1.2,55,99,19.7,232,19.076,72.8777
2025-06-02T16:00,29.3,75,32.9,0.4,0.4,51,99,18.6,227,19.076,72.8777
2025-06-02T17:00,29.0,77,33.0,0.3,0.3,51,91,16.8,217,19.076,72.8777
2025-06-02T18:00,28.0,84,32.4,0.5,0.5,53,84,15.6,204,19.076,72.8777
2025-06-02T19:00,27.7,87,32.6,0.1,0.1,51,71,12.8,202,19.076,72.8777
2025-06-02T20:00,26.5,90,31.0,0.9,0.9,53,43,13.8,174,19.076,72.8777
2025-06-02T21:00,27.1,89,32.0,0.1,0.1,51,30,13.5,178,19.076,72.8777
2025-06-02T22:00,26.9,88,31.1,0.3,0.3,51,43,15.8,188,19.076,72.8777
2025-06-02T23:00,25.8,91,30.0,0.2,0.2,51,74,14.0,168,19.076,72.8777
2025-06-03T00:00,26.0,91,30.2,0.4,0.4,51,88,14.1,176,19.076,72.8777
2025-06-03T01:00,26.2,89,30.2,0.1,0.1,51,95,15.5,175,19.076,72.8777
2025-06-03T02:00,26.6,86,30.9,0.2,0.2,51,96,13.0,183,19.076,72.8777
2025-06-03T03:00,26.5,88,30.8,0.3,0.3,51,97,13.6,186,19.076,72.8777
2025-06-03T04:00,26.1,89,29.2,0.1,0.1,51,100,20.9,193,19.076,72.8777
2025-06-03T05:00,26.0,88,29.3,0.1,0.1,51,100,18.4,182,19.076,72.8777
2025-06-03T06:00,25.9,91,30.1,1.3,1.3,61,100,14.1,185,19.076,72.8777
2025-06-03T07:00,26.9,88,31.9,0.6,0.6,53,99,10.6,170,19.076,72.8777
2025-06-03T08:00,27.2,86,31.3,0.1,0.1,51,96,15.7,171,19.076,72.8777
2025-06-03T09:00,27.1,86,31.0,0.5,0.5,53,99,16.8,185,19.076,72.8777
2025-06-03T10:00,28.5,79,32.8,0.0,0.0,3,93,14.2,181,19.076,72.8777
2025-06-03T11:00,29.5,75,34.6,0.3,0.3,51,93,17.6,195,19.076,72.8777
2025-06-03T12:00,29.8,74,34.7,0.8,0.8,53,86,18.0,208,19.076,72.8777
2025-06-03T13:00,29.9,75,35.3,0.9,0.9,53,83,17.3,205,19.076,72.8777
2025-06-03T14:00,30.2,72,34.8,1.0,1.0,55,90,19.1,225,19.076,72.8777
2025-06-03T15:00,29.0,73,32.9,1.0,1.0,55,99,19.2,242,19.076,72.8777
2025-06-03T16:00,28.2,81,32.9,0.4,0.4,51,93,12.4,220,19.076,72.8777
2025-06-03T17:00,28.8,78,33.2,0.4,0.4,51,88,14.2,237,19.076,72.8777
2025-06-03T18:00,29.3,82,35.3,0.4,0.4,51,64,8.5,228,19.076,72.8777
2025-06-03T19:00,26.4,88,30.4,1.9,1.9,61,100,14.7,228,19.076,72.8777
2025-06-03T20:00,26.9,90,31.9,0.3,0.3,51,81,12.3,184,19.076,72.8777
2025-06-03T21:00,25.9,91,31.6,0.7,0.7,53,100,4.2,175,19.076,72.8777
2025-06-03T22:00,25.4,92,29.8,0.7,0.7,53,88,10.7,174,19.076,72.8777
2025-06-03T23:00,25.8,92,30.5,0.3,0.3,51,94,11.4,183,19.076,72.8777
2025-06-04T00:00,25.5,93,29.7,0.1,0.1,51,88,13.9,159,19.076,72.8777
2025-06-04T01:00,25.3,93,30.1,0.2,0.2,51,99,9.3,158,19.076,72.8777
2025-06-04T02:00,24.9,94,29.0,0.1,0.1,51,98,12.8,156,19.076,72.8777
2025-06-04T03:00,24.4,95,28.2,0.1,0.1,51,100,13.3,155,19.076,72.8777
2025-06-04T04:00,24.3,95,28.5,0.4,0.4,51,100,10.1,145,19.076,72.8777
2025-06-04T05:00,24.6,91,28.3,0.3,0.3,51,100,12.3,153,19.076,72.8777
2025-06-04T06:00,25.0,92,29.7,1.2,1.2,55,100,7.7,139,19.076,72.8777
2025-06-04T07:00,26.2,90,31.5,0.0,0.0,3,84,7.3,150,19.076,72.8777
2025-06-04T08:00,26.3,86,30.6,0.7,0.7,53,87,11.3,167,19.076,72.8777
2025-06-04T09:00,27.5,82,31.9,0.1,0.1,51,97,12.4,163,19.076,72.8777
2025-06-04T10:00,28.5,77,33.1,0.0,0.0,1,46,11.6,184,19.076,72.8777
2025-06-04T11:00,28.9,78,35.0,0.1,0.1,51,16,12.0,202,19.076,72.8777
2025-06-04T12:00,29.3,78,35.5,0.0,0.0,0,14,14.5,210,19.076,72.8777
2025-06-04T13:00,29.0,78,35.2,0.0,0.0,2,77,14.6,209,19.076,72.8777
2025-06-04T14:00,28.6,75,34.2,0.9,0.9,53,49,11.2,220,19.076,72.8777
2025-06-04T15:00,29.1,80,35.4,0.1,0.1,51,14,9.7,215,19.076,72.8777
2025-06-04T16:00,29.1,79,34.4,0.0,0.0,1,30,9.8,232,19.076,72.8777
2025-06-04T17:00,28.7,79,33.9,0.2,0.2,51,14,8.9,236,19.076,72.8777
2025-06-04T18:00,28.2,75,33.3,0.0,0.0,0,12,4.4,161,19.076,72.8777
2025-06-04T19:00,27.4,82,32.9,0.0,0.0,0,5,4.1,142,19.076,72.8777
2025-06-04T20:00,27.0,83,32.4,0.0,0.0,0,7,3.9,124,19.076,72.8777
2025-06-04T21:00,26.9,82,32.1,0.0,0.0,0,8,4.4,153,19.076,72.8777
2025-06-04T22:00,26.8,84,31.8,0.0,0.0,0,10,6.1,168,19.076,72.8777
2025-06-04T23:00,26.3,89,32.0,0.0,0.0,0,11,3.5,168,19.076,72.8777
2025-06-05T00:00,26.4,89,32.0,0.0,0.0,0,18,4.4,173,19.076,72.8777
2025-06-05T01:00,26.1,90,31.9,0.0,0.0,0,18,3.5,165,19.076,72.8777
2025-06-05T02:00,26.0,91,31.6,0.0,0.0,1,39,4.4,145,19.076,72.8777
2025-06-05T03:00,25.0,92,30.6,0.5,0.5,53,78,1.5,60,19.076,72.8777
2025-06-05T04:00,24.9,92,29.5,0.1,0.1,51,32,8.0,108,19.076,72.8777
2025-06-05T05:00,24.7,94,29.2,0.0,0.0,1,23,9.0,123,19.076,72.8777
2025-06-05T06:00,25.4,90,30.0,0.0,0.0,1,20,8.0,128,19.076,72.8777
2025-06-05T07:00,26.2,87,31.2,0.0,0.0,0,3,6.1,130,19.076,72.8777
2025-06-05T08:00,27.6,83,33.1,0.0,0.0,1,26,5.2,131,19.076,72.8777
2025-06-05T09:00,28.5,80,34.0,0.0,0.0,3,100,6.2,144,19.076,72.8777
2025-06-05T10:00,29.4,77,35.5,0.0,0.0,3,100,5.5,163,19.076,72.8777
2025-06-05T11:00,29.6,77,35.6,0.0,0.0,3,98,6.6,191,19.076,72.8777
2025-06-05T12:00,29.9,77,36.4,0.0,0.0,1,20,7.9,204,19.076,72.8777
2025-06-05T13:00,30.2,75,37.4,0.0,0.0,1,25,8.9,228,19.076,72.8777
2025-06-05T14:00,30.0,75,36.8,0.0,0.0,1,29,8.7,225,19.076,72.8777
2025-06-05T15:00,30.1,72,35.4,0.1,0.1,51,19,10.0,236,19.076,72.8777
2025-06-05T16:00,29.4,74,34.7,0.7,0.7,53,65,6.5,236,19.076,72.8777
2025-06-05T17:00,29.6,73,34.9,0.2,0.2,51,27,5.8,272,19.076,72.8777
2025-06-05T18:00,29.2,77,35.4,0.0,0.0,2,59,2.5,291,19.076,72.8777
2025-06-05T19:00,28.9,80,35.5,0.0,0.0,1,23,1.8,225,19.076,72.8777
2025-06-05T20:00,28.3,84,34.8,0.0,0.0,0,14,2.9,259,19.076,72.8777
2025-06-05T21:00,27.8,87,34.5,0.0,0.0,1,26,2.4,253,19.076,72.8777
2025-06-05T22:00,27.7,88,34.4,0.0,0.0,1,34,2.2,246,19.076,72.8777
2025-06-05T23:00,27.6,88,34.2,0.0,0.0,3,86,2.1,232,19.076,72.8777
2025-06-06T00:00,27.3,90,33.9,0.0,0.0,3,100,2.5,225,19.076,72.8777
2025-06-06T01:00,27.1,91,34.0,0.0,0.0,0,7,1.1,189,19.076,72.8777
2025-06-06T02:00,27.0,91,33.9,0.0,0.0,0,9,0.3,135,19.076,72.8777
2025-06-06T03:00,26.8,92,33.6,0.0,0.0,1,20,0.6,198,19.076,72.8777
2025-06-06T04:00,26.6,92,33.3,0.0,0.0,1,31,0.6,124,19.076,72.8777
2025-06-06T05:00,26.5,92,33.1,0.0,0.0,1,20,1.1,99,19.076,72.8777
2025-06-06T06:00,27.5,89,34.0,0.0,0.0,3,94,3.9,158,19.076,72.8777
2025-06-06T07:00,27.5,82,33.3,2.3,2.3,61,61,2.3,274,19.076,72.8777
2025-06-06T08:00,28.1,80,33.4,0.0,0.0,0,16,6.8,258,19.076,72.8777
2025-06-06T09:00,28.4,80,33.8,0.3,0.3,51,54,6.8,248,19.076,72.8777
2025-06-06T10:00,29.2,79,35.8,0.1,0.1,51,46,4.3,246,19.076,72.8777
2025-06-06T11:00,29.9,78,37.6,0.1,0.1,51,16,5.8,240,19.076,72.8777
2025-06-06T12:00,30.2,76,38.1,0.1,0.1,51,16,7.2,257,19.076,72.8777
2025-06-06T13:00,30.2,74,37.5,0.1,0.1,51,25,9.0,273,19.076,72.8777
2025-06-06T14:00,30.0,73,36.2,0.1,0.1,51,19,10.0,283,19.076,72.8777
2025-06-06T15:00,30.1,72,36.0,0.1,0.1,51,47,8.9,283,19.076,72.8777
2025-06-06T16:00,29.2,76,34.5,0.7,0.7,53,76,7.5,281,19.076,72.8777
2025-06-06T17:00,28.8,79,34.2,0.0,0.0,3,98,8.0,286,19.076,72.8777
2025-06-06T18:00,29.3,75,34.4,0.4,0.4,51,41,8.5,306,19.076,72.8777
2025-06-06T19:00,28.4,82,34.5,0.4,0.4,51,48,4.7,288,19.076,72.8777
2025-06-06T20:00,28.3,85,34.6,0.0,0.0,2,57,4.4,289,19.076,72.8777
2025-06-06T21:00,28.1,87,34.9,0.0,0.0,1,32,3.0,303,19.076,72.8777
2025-06-06T22:00,28.1,88,35.1,0.0,0.0,0,17,1.6,333,19.076,72.8777
2025-06-06T23:00,27.7,90,34.9,0.0,0.0,0,15,0.9,349,19.076,72.8777
2025-06-07T00:00,27.5,90,34.6,0.0,0.0,0,18,0.7,284,19.076,72.8777
2025-06-07T01:00,27.4,90,34.5,0.0,0.0,1,28,0.6,252,19.076,72.8777
2025-06-07T02:00,27.2,91,34.1,0.0,0.0,1,32,0.8,315,19.076,72.8777
2025-06-07T03:00,26.3,93,32.7,0.8,0.8,53,95,1.9,331,19.076,72.8777
2025-06-07T04:00,26.2,95,33.1,0.6,0.6,53,100,0.0,270,19.076,72.8777
2025-06-07T05:00,26.1,94,32.1,0.2,0.2,51,100,4.2,173,19.076,72.8777
2025-06-07T06:00,25.2,96,30.9,4.8,4.8,63,98,4.4,117,19.076,72.8777
2025-06-07T07:00,26.0,93,32.5,0.1,0.1,51,97,1.1,171,19.076,72.8777
2025-06-07T08:00,27.1,89,33.1,0.1,0.1,51,99,5.6,228,19.076,72.8777
2025-06-07T09:00,27.7,85,33.3,0.2,0.2,51,56,6.7,243,19.076,72.8777
2025-06-07T10:00,28.6,83,35.0,0.2,0.2,51,51,6.3,255,19.076,72.8777
2025-06-07T11:00,29.2,81,36.5,0.2,0.2,51,41,6.7,261,19.076,72.8777
2025-06-07T12:00,29.6,80,37.3,0.2,0.2,51,41,8.0,276,19.076,72.8777
2025-06-07T13:00,29.7,79,36.8,0.1,0.1,51,28,10.1,286,19.076,72.8777
2025-06-07T14:00,29.5,80,36.5,0.1,0.1,51,95,8.4,277,19.076,72.8777
2025-06-07T15:00,29.0,81,34.6,0.1,0.1,51,100,9.0,276,19.076,72.8777
2025-06-07T16:00,28.8,80,34.0,0.1,0.1,51,83,9.9,273,19.076,72.8777
2025-06-07T17:00,29.0,79,34.4,0.0,0.0,3,83,9.0,264,19.076,72.8777
2025-06-07T18:00,28.1,82,33.8,0.0,0.0,3,100,5.9,252,19.076,72.8777
2025-06-07T19:00,27.9,85,34.1,0.0,0.0,3,99,4.2,234,19.076,72.8777
2025-06-07T20:00,27.8,86,34.1,0.0,0.0,3,98,3.8,251,19.076,72.8777
2025-06-07T21:00,27.6,88,34.0,0.1,0.1,51,87,3.6,243,19.076,72.8777
2025-06-07T22:00,27.5,88,33.8,0.1,0.1,51,99,3.8,221,19.076,72.8777
2025-06-07T23:00,27.4,88,33.6,0.1,0.1,51,99,4.0,231,19.076,72.8777
2025-06-08T00:00,27.0,89,32.8,0.1,0.1,51,51,6.6,229,19.076,72.8777
2025-06-08T01:00,26.8,89,32.3,0.1,0.1,51,32,7.1,234,19.076,72.8777
2025-06-08T02:00,26.9,88,32.8,0.1,0.1,51,29,4.1,247,19.076,72.8777
2025-06-08T03:00,26.7,89,32.8,0.2,0.2,51,47,2.9,248,19.076,72.8777
2025-06-08T04:00,26.5,88,32.4,0.2,0.2,51,47,2.8,252,19.076,72.8777
2025-06-08T05:00,26.4,88,32.2,0.2,0.2,51,91,2.8,288,19.076,72.8777
2025-06-08T06:00,27.0,90,33.8,0.1,0.1,51,100,0.6,108,19.076,72.8777
2025-06-08T07:00,27.3,89,33.9,0.3,0.3,51,98,1.7,148,19.076,72.8777
2025-06-08T08:00,27.9,87,34.6,0.2,0.2,51,79,2.0,180,19.076,72.8777
2025-06-08T09:00,28.8,82,35.1,0.3,0.3,51,45,4.2,275,19.076,72.8777
2025-06-08T10:00,29.6,76,35.7,0.6,0.6,53,34,7.0,274,19.076,72.8777
2025-06-08T11:00,30.0,75,36.5,0.4,0.4,51,38,9.6,274,19.076,72.8777
2025-06-08T12:00,30.3,74,36.9,0.4,0.4,51,39,11.3,280,19.076,72.8777
2025-06-08T13:00,30.1,75,36.1,0.5,0.5,53,42,13.5,289,19.076,72.8777
2025-06-08T14:00,30.0,78,36.1,0.3,0.3,51,49,13.0,295,19.076,72.8777
2025-06-08T15:00,29.6,76,34.3,0.1,0.1,51,54,14.0,292,19.076,72.8777
2025-06-08T16:00,29.6,75,34.3,0.0,0.0,1,46,12.9,286,19.076,72.8777
2025-06-08T17:00,29.5,75,34.1,0.2,0.2,51,74,12.5,286,19.076,72.8777
2025-06-08T18:00,29.4,79,34.5,0.0,0.0,1,35,12.1,295,19.076,72.8777
2025-06-08T19:00,29.1,79,34.4,0.0,0.0,1,45,10.2,284,19.076,72.8777
2025-06-08T20:00,28.9,81,34.2,0.0,0.0,1,25,10.1,292,19.076,72.8777
2025-06-08T21:00,28.6,82,34.1,0.0,0.0,1,36,9.1,288,19.076,72.8777
2025-06-08T22:00,28.3,83,34.0,0.0,0.0,2,74,7.7,288,19.076,72.8777
2025-06-08T23:00,28.1,84,33.8,0.1,0.1,51,39,7.3,298,19.076,72.8777
2025-06-09T00:00,27.7,86,33.5,0.1,0.1,51,42,6.8,302,19.076,72.8777
2025-06-09T01:00,27.6,86,33.4,0.3,0.3,51,40,5.7,294,19.076,72.8777
2025-06-09T02:00,27.4,84,33.0,0.5,0.5,53,71,5.6,287,19.076,72.8777
2025-06-09T03:00,27.5,78,32.2,0.5,0.5,53,47,6.5,300,19.076,72.8777
2025-06-09T04:00,27.4,76,32.0,0.4,0.4,51,48,5.9,301,19.076,72.8777
2025-06-09T05:00,27.3,82,32.4,0.1,0.1,51,23,6.4,308,19.076,72.8777
2025-06-09T06:00,28.1,81,33.6,0.0,0.0,1,46,6.1,310,19.076,72.8777
2025-06-09T07:00,28.9,80,34.7,0.0,0.0,1,42,6.8,320,19.076,72.8777
2025-06-09T08:00,29.8,72,34.6,0.0,0.0,1,35,9.9,314,19.076,72.8777
2025-06-09T09:00,30.2,69,34.4,0.0,0.0,1,37,13.2,307,19.076,72.8777
2025-06-09T10:00,30.5,69,34.8,0.0,0.0,1,32,14.7,306,19.076,72.8777
2025-06-09T11:00,30.6,69,35.8,0.1,0.1,51,17,14.4,299,19.076,72.8777
2025-06-09T12:00,30.8,69,36.1,0.0,0.0,0,8,16.8,294,19.076,72.8777
2025-06-09T13:00,30.7,69,36.0,0.0,0.0,0,11,17.8,293,19.076,72.8777
2025-06-09T14:00,30.6,70,35.5,0.0,0.0,1,25,18.8,294,19.076,72.8777
2025-06-09T15:00,30.3,70,34.7,0.0,0.0,1,38,17.9,292,19.076,72.8777
2025-06-09T16:00,29.9,72,33.6,0.0,0.0,1,40,16.4,295,19.076,72.8777
2025-06-09T17:00,29.5,73,33.5,0.0,0.0,1,38,14.3,290,19.076,72.8777
2025-06-09T18:00,29.5,76,34.4,0.0,0.0,1,35,11.6,288,19.076,72.8777
2025-06-09T19:00,29.0,79,34.0,0.0,0.0,1,25,11.5,287,19.076,72.8777
2025-06-09T20:00,28.7,80,33.9,0.0,0.0,3,81,10.0,288,19.076,72.8777
2025-06-09T21:00,28.5,81,33.8,0.0,0.0,0,6,9.0,283,19.076,72.8777
2025-06-09T22:00,28.1,83,33.7,0.0,0.0,0,18,7.2,292,19.076,72.8777
2025-06-09T23:00,27.7,85,33.6,0.0,0.0,1,22,5.1,297,19.076,72.8777
2025-06-10T00:00,27.4,86,33.3,0.0,0.0,2,77,5.5,289,19.076,72.8777
2025-06-10T01:00,27.2,87,33.1,0.0,0.0,2,68,5.1,302,19.076,72.8777
2025-06-10T02:00,27.2,86,32.6,0.0,0.0,3,81,7.3,280,19.076,72.8777
2025-06-10T03:00,27.3,84,32.3,0.0,0.0,1,44,9.2,271,19.076,72.8777
2025-06-10T04:00,27.3,84,32.4,0.0,0.0,1,44,8.3,284,19.076,72.8777
2025-06-10T05:00,27.2,84,32.2,0.0,0.0,1,40,8.4,295,19.076,72.8777
2025-06-10T06:00,27.6,84,33.2,0.0,0.0,2,51,6.0,316,19.076,72.8777
2025-06-10T07:00,28.6,82,34.9,0.0,0.0,1,46,3.6,340,19.076,72.8777
2025-06-10T08:00,29.2,78,35.1,0.1,0.1,51,41,5.2,316,19.076,72.8777
2025-06-10T09:00,29.9,74,34.8,0.1,0.1,51,47,10.8,306,19.076,72.8777
2025-06-10T10:00,30.3,72,34.8,0.1,0.1,51,47,14.3,297,19.076,72.8777
2025-06-10T11:00,30.3,75,35.8,0.1,0.1,51,40,14.8,300,19.076,72.8777
2025-06-10T12:00,30.5,74,36.5,0.0,0.0,1,43,15.7,298,19.076,72.8777
2025-06-10T13:00,30.6,74,36.4,0.1,0.1,51,30,17.3,299,19.076,72.8777
2025-06-10T14:00,30.5,74,35.8,0.1,0.1,51,30,17.5,302,19.076,72.8777
2025-06-10T15:00,30.4,74,35.5,0.0,0.0,1,46,15.8,304,19.076,72.8777
2025-06-10T16:00,30.1,73,34.4,0.1,0.1,51,69,15.3,301,19.076,72.8777
2025-06-10T17:00,29.7,75,33.9,0.0,0.0,3,94,15.8,299,19.076,72.8777
2025-06-10T18:00,28.9,81,34.0,0.1,0.1,51,99,12.8,289,19.076,72.8777
2025-06-10T19:00,28.1,87,33.7,0.0,0.0,3,88,10.7,290,19.076,72.8777
2025-06-10T20:00,28.5,85,34.4,0.0,0.0,3,100,8.4,290,19.076,72.8777
2025-06-10T21:00,28.6,82,34.5,0.0,0.0,3,100,6.6,292,19.076,72.8777
2025-06-10T22:00,28.4,81,33.7,0.0,0.0,3,81,9.0,286,19.076,72.8777
2025-06-10T23:00,28.3,81,33.6,0.0,0.0,3,100,8.5,295,19.076,72.8777
2025-06-11T00:00,27.9,84,33.7,0.0,0.0,3,99,6.3,301,19.076,72.8777
2025-06-11T01:00,27.8,85,33.3,0.0,0.0,3,100,8.2,285,19.076,72.8777
2025-06-11T02:00,28.0,83,32.9,0.0,0.0,3,100,11.8,283,19.076,72.8777
2025-06-11T03:00,28.1,83,33.3,0.0,0.0,3,100,9.2,301,19.076,72.8777
2025-06-11T04:00,28.0,84,33.3,0.0,0.0,3,100,8.8,316,19.076,72.8777
2025-06-11T05:00,27.9,84,33.4,0.0,0.0,2,75,8.2,319,19.076,72.8777
2025-06-11T06:00,28.2,87,34.4,0.0,0.0,3,100,6.7,324,19.076,72.8777
2025-06-11T07:00,28.8,84,35.0,0.1,0.1,51,99,7.7,332,19.076,72.8777
2025-06-11T08:00,29.4,80,34.8,0.5,0.5,53,96,11.3,331,19.076,72.8777
2025-06-11T09:00,30.6,74,35.6,0.1,0.1,51,80,13.3,318,19.076,72.8777
2025-06-11T10:00,31.2,71,36.6,0.0,0.0,3,92,13.8,313,19.076,72.8777
2025-06-11T11:00,31.1,72,35.9,0.0,0.0,1,27,14.2,310,19.076,72.8777
2025-06-11T12:00,31.7,68,37.5,0.0,0.0,0,17,14.8,311,19.076,72.8777
2025-06-11T13:00,31.8,67,37.8,0.0,0.0,0,16,14.6,309,19.076,72.8777
2025-06-11T14:00,31.6,67,37.2,0.0,0.0,1,40,14.9,313,19.076,72.8777
2025-06-11T15:00,31.3,68,35.6,0.0,0.0,1,36,17.1,303,19.076,72.8777
2025-06-11T16:00,30.9,69,34.9,0.0,0.0,3,88,16.8,297,19.076,72.8777
2025-06-11T17:00,30.3,72,34.4,0.0,0.0,3,92,16.0,296,19.076,72.8777
2025-06-11T18:00,30.4,76,35.8,0.1,0.1,51,42,12.0,309,19.076,72.8777
2025-06-11T19:00,29.9,79,35.6,0.0,0.0,3,100,10.8,306,19.076,72.8777
2025-06-11T20:00,29.7,80,35.9,0.0,0.0,3,100,8.2,293,19.076,72.8777
2025-06-11T21:00,29.7,80,35.2,0.0,0.0,3,100,12.3,284,19.076,72.8777
2025-06-11T22:00,29.6,79,35.0,0.0,0.0,3,100,11.6,285,19.076,72.8777
2025-06-11T23:00,29.6,79,34.3,0.0,0.0,3,99,16.1,286,19.076,72.8777
2025-06-12T00:00,29.3,81,34.4,0.0,0.0,3,96,13.9,293,19.076,72.8777
2025-06-12T01:00,29.1,82,34.3,0.0,0.0,3,100,13.6,296,19.076,72.8777
2025-06-12T02:00,29.0,82,34.1,0.0,0.0,3,100,14.1,297,19.076,72.8777
2025-06-12T03:00,28.8,84,33.8,0.1,0.1,51,100,15.1,299,19.076,72.8777
2025-06-12T04:00,29.0,82,33.8,0.1,0.1,51,100,16.4,303,19.076,72.8777
2025-06-12T05:00,28.6,85,33.6,0.0,0.0,3,98,15.7,310,19.076,72.8777
2025-06-12T06:00,29.2,82,34.7,0.6,0.6,53,94,12.0,319,19.076,72.8777
2025-06-12T07:00,29.3,83,34.7,0.1,0.1,51,68,13.1,326,19.076,72.8777
2025-06-12T08:00,29.4,81,34.1,0.2,0.2,51,99,17.9,323,19.076,72.8777
2025-06-12T09:00,30.4,76,34.7,0.2,0.2,51,69,20.0,318,19.076,72.8777
2025-06-12T10:00,31.3,72,35.3,0.4,0.4,51,44,23.7,321,19.076,72.8777
2025-06-12T11:00,31.5,71,35.8,0.3,0.3,51,57,23.7,321,19.076,72.8777
2025-06-12T12:00,31.2,73,35.9,0.2,0.2,51,68,22.8,313,19.076,72.8777
2025-06-12T13:00,31.6,70,35.9,0.1,0.1,51,63,22.9,307,19.076,72.8777
2025-06-12T14:00,31.3,71,35.4,0.0,0.0,3,95,20.1,312,19.076,72.8777
2025-06-12T15:00,31.3,70,35.6,0.0,0.0,3,99,17.5,311,19.076,72.8777
2025-06-12T16:00,30.7,72,34.9,0.1,0.1,51,99,17.3,312,19.076,72.8777
2025-06-12T17:00,30.3,74,34.8,0.3,0.3,51,99,15.5,310,19.076,72.8777
2025-06-12T18:00,30.4,76,36.1,0.0,0.0,2,58,10.3,303,19.076,72.8777
2025-06-12T19:00,30.0,78,35.7,0.0,0.0,2,53,10.5,297,19.076,72.8777
2025-06-12T20:00,30.0,78,35.6,0.0,0.0,3,100,11.0,289,19.076,72.8777
2025-06-12T21:00,29.8,81,35.5,0.0,0.0,3,95,12.3,293,19.076,72.8777
2025-06-12T22:00,29.5,83,35.4,0.0,0.0,3,100,11.5,295,19.076,72.8777
2025-06-12T23:00,29.0,86,34.8,0.1,0.1,51,100,12.3,300,19.076,72.8777
2025-06-13T00:00,29.0,86,34.8,0.2,0.2,51,99,13.2,299,19.076,72.8777
2025-06-13T01:00,28.9,86,34.7,0.1,0.1,51,100,12.9,300,19.076,72.8777
2025-06-13T02:00,28.8,87,34.8,0.1,0.1,51,100,11.3,303,19.076,72.8777
2025-06-13T03:00,28.6,88,34.4,0.1,0.1,51,100,12.9,310,19.076,72.8777
2025-06-13T04:00,28.2,90,33.9,0.1,0.1,51,100,13.2,323,19.076,72.8777
2025-06-13T05:00,27.8,89,33.3,0.6,0.6,53,100,12.7,321,19.076,72.8777
2025-06-13T06:00,27.0,93,33.1,0.9,0.9,53,100,7.8,355,19.076,72.8777
2025-06-13T07:00,27.4,94,33.5,0.1,0.1,51,100,9.5,359,19.076,72.8777
2025-06-13T08:00,28.1,90,33.9,0.2,0.2,51,100,11.5,343,19.076,72.8777
2025-06-13T09:00,28.9,85,34.2,0.3,0.3,51,100,15.3,336,19.076,72.8777
2025-06-13T10:00,29.5,78,33.9,0.1,0.1,51,100,17.5,338,19.076,72.8777
2025-06-13T11:00,30.1,75,34.4,0.1,0.1,51,100,18.6,337,19.076,72.8777
2025-06-13T12:00,30.5,75,36.1,0.2,0.2,51,100,18.3,332,19.076,72.8777
2025-06-13T13:00,29.9,74,33.8,0.2,0.2,51,100,17.7,340,19.076,72.8777
2025-06-13T14:00,29.5,76,33.2,0.2,0.2,51,96,19.9,331,19.076,72.8777
2025-06-13T15:00,30.0,75,34.4,0.2,0.2,51,100,16.5,326,19.076,72.8777
2025-06-13T16:00,29.5,77,34.2,0.5,0.5,53,100,13.8,332,19.076,72.8777
2025-06-13T17:00,29.3,80,34.8,0.1,0.1,51,100,10.7,340,19.076,72.8777
2025-06-13T18:00,27.1,88,32.5,0.3,0.3,51,100,8.5,347,19.076,72.8777
2025-06-13T19:00,27.1,90,33.4,0.1,0.1,51,100,4.4,353,19.076,72.8777
2025-06-13T20:00,26.9,91,33.3,3.9,3.9,63,100,3.5,321,19.076,72.8777
2025-06-13T21:00,26.4,94,32.9,11.8,11.8,65,100,3.6,307,19.076,72.8777
2025-06-13T22:00,26.3,97,32.9,3.5,3.5,63,100,4.8,42,19.076,72.8777
2025-06-13T23:00,25.4,100,31.8,5.7,5.7,63,100,3.1,111,19.076,72.8777
2025-06-14T00:00,25.6,96,31.4,8.9,8.9,65,100,5.9,113,19.076,72.8777
2025-06-14T01:00,25.6,94,31.0,0.6,0.6,53,100,6.8,25,19.076,72.8777
2025-06-14T02:00,25.4,96,30.7,0.5,0.5,53,100,8.6,49,19.076,72.8777
2025-06-14T03:00,25.4,95,31.5,8.8,8.8,65,100,1.8,114,19.076,72.8777
2025-06-14T04:00,25.6,94,31.7,9.7,9.7,65,100,3.1,77,19.076,72.8777
2025-06-14T05:00,25.4,96,30.8,3.6,3.6,63,100,7.1,49,19.076,72.8777
2025-06-14T06:00,26.3,95,32.5,0.3,0.3,51,100,5.1,72,19.076,72.8777
2025-06-14T07:00,26.6,94,33.2,0.0,0.0,3,100,3.7,43,19.076,72.8777
2025-06-14T08:00,27.4,93,34.0,0.0,0.0,3,100,5.4,30,19.076,72.8777
2025-06-14T09:00,28.9,86,35.6,0.1,0.1,51,100,5.4,345,19.076,72.8777
2025-06-14T10:00,29.8,82,36.6,0.0,0.0,3,100,5.2,331,19.076,72.8777
2025-06-14T11:00,30.6,77,37.1,0.0,0.0,3,100,6.5,302,19.076,72.8777
2025-06-14T12:00,30.5,77,36.8,0.4,0.4,51,100,8.4,298,19.076,72.8777
2025-06-14T13:00,30.2,80,36.7,1.0,1.0,55,99,10.8,280,19.076,72.8777
2025-06-14T14:00,30.1,81,36.8,0.2,0.2,51,99,10.3,276,19.076,72.8777
2025-06-14T15:00,30.1,76,35.3,3.4,3.4,63,100,13.1,282,19.076,72.8777
2025-06-14T16:00,27.7,88,33.4,5.4,5.4,63,100,9.4,258,19.076,72.8777
2025-06-14T17:00,27.4,91,34.0,2.7,2.7,63,100,3.9,294,19.076,72.8777
2025-06-14T18:00,28.3,91,34.3,1.6,1.6,61,100,12.7,285,19.076,72.8777
2025-06-14T19:00,27.0,93,32.8,7.1,7.1,63,100,9.8,320,19.076,72.8777
2025-06-14T20:00,27.1,96,34.1,1.2,1.2,55,100,3.6,342,19.076,72.8777
2025-06-14T21:00,27.0,97,33.8,0.8,0.8,53,100,6.3,35,19.076,72.8777
2025-06-14T22:00,26.4,98,32.5,0.7,0.7,53,100,8.9,58,19.076,72.8777
2025-06-14T23:00,26.2,97,32.5,1.0,1.0,55,100,6.3,90,19.076,72.8777
2025-06-15T00:00,26.2,97,32.5,0.6,0.6,53,100,6.7,146,19.076,72.8777
2025-06-15T01:00,26.2,98,31.9,0.3,0.3,51,100,10.1,156,19.076,72.8777
2025-06-15T02:00,26.2,98,31.9,1.5,1.5,61,100,10.8,191,19.076,72.8777
2025-06-15T03:00,26.0,97,31.1,1.7,1.7,61,100,13.0,169,19.076,72.8777
2025-06-15T04:00,25.6,97,30.4,2.1,2.1,61,100,13.9,159,19.076,72.8777
2025-06-15T05:00,25.3,98,29.7,4.0,4.0,63,100,15.3,137,19.076,72.8777
2025-06-15T06:00,26.3,97,33.2,3.3,3.3,63,100,2.5,94,19.076,72.8777
2025-06-15T07:00,26.5,97,33.2,2.6,2.6,63,100,4.0,177,19.076,72.8777
2025-06-15T08:00,26.7,95,33.5,2.4,2.4,61,100,3.1,135,19.076,72.8777
2025-06-15T09:00,26.7,96,33.2,3.1,3.1,63,100,5.3,170,19.076,72.8777
2025-06-15T10:00,26.9,92,32.5,1.3,1.3,61,100,10.2,148,19.076,72.8777
2025-06-15T11:00,27.0,89,32.5,0.8,0.8,53,100,9.0,121,19.076,72.8777
2025-06-15T12:00,27.0,90,32.7,0.9,0.9,53,100,7.8,105,19.076,72.8777
2025-06-15T13:00,28.4,86,34.7,0.1,0.1,51,99,6.6,106,19.076,72.8777
2025-06-15T14:00,29.6,80,36.1,0.4,0.4,51,96,10.4,178,19.076,72.8777
2025-06-15T15:00,28.1,85,33.8,4.7,4.7,63,100,8.0,162,19.076,72.8777
2025-06-15T16:00,27.3,89,33.7,1.4,1.4,61,100,3.5,336,19.076,72.8777
2025-06-15T17:00,27.1,91,33.8,3.1,3.1,63,100,2.6,51,19.076,72.8777
2025-06-15T18:00,26.7,93,33.2,4.5,4.5,63,99,4.2,70,19.076,72.8777
2025-06-15T19:00,26.4,96,32.2,0.1,0.1,51,98,9.5,339,19.076,72.8777
2025-06-15T20:00,25.8,97,31.8,0.6,0.6,53,100,5.8,340,19.076,72.8777
2025-06-15T21:00,25.8,97,32.5,1.5,1.5,61,100,0.5,135,19.076,72.8777
2025-06-15T22:00,26.0,96,31.8,4.2,4.2,63,100,8.3,275,19.076,72.8777
2025-06-15T23:00,26.5,93,31.2,10.3,10.3,65,100,14.0,306,19.076,72.8777
2025-06-16T00:00,26.3,91,30.6,5.7,5.7,63,100,15.8,277,19.076,72.8777
2025-06-16T01:00,25.9,94,29.7,3.6,3.6,63,100,19.4,247,19.076,72.8777
2025-06-16T02:00,25.7,94,29.4,4.3,4.3,63,100,19.6,250,19.076,72.8777
2025-06-16T03:00,25.9,94,29.5,4.7,4.7,63,100,19.8,258,19.076,72.8777
2025-06-16T04:00,25.8,93,28.5,5.2,5.2,63,100,25.5,248,19.076,72.8777
2025-06-16T05:00,26.2,92,29.3,8.7,8.7,65,100,23.9,253,19.076,72.8777
2025-06-16T06:00,26.0,92,29.8,9.6,9.6,65,100,18.4,269,19.076,72.8777
2025-06-16T07:00,26.3,90,30.2,2.9,2.9,63,100,17.4,259,19.076,72.8777
2025-06-16T08:00,26.0,94,28.9,7.3,7.3,63,100,25.8,237,19.076,72.8777
2025-06-16T09:00,26.1,94,29.2,7.0,7.0,63,100,24.9,234,19.076,72.8777
2025-06-16T10:00,27.0,90,29.7,4.2,4.2,63,100,28.8,264,19.076,72.8777
2025-06-16T11:00,25.8,93,28.2,4.9,4.9,63,100,27.9,248,19.076,72.8777
2025-06-16T12:00,26.2,92,29.0,4.0,4.0,63,100,26.2,252,19.076,72.8777
2025-06-16T13:00,26.1,93,29.4,3.4,3.4,63,100,23.1,254,19.076,72.8777
2025-06-16T14:00,26.4,92,29.4,4.6,4.6,63,100,25.4,262,19.076,72.8777
2025-06-16T15:00,25.9,92,28.6,6.9,6.9,63,100,25.6,260,19.076,72.8777
2025-06-16T16:00,26.6,90,29.7,3.0,3.0,63,100,24.1,253,19.076,72.8777
2025-06-16T17:00,26.3,90,29.5,1.3,1.3,61,100,21.7,241,19.076,72.8777
2025-06-16T18:00,25.9,93,29.9,5.6,5.6,63,100,17.5,255,19.076,72.8777
2025-06-16T19:00,26.5,90,30.7,1.3,1.3,61,100,16.4,253,19.076,72.8777
2025-06-16T20:00,27.2,87,31.2,0.3,0.3,51,97,17.0,238,19.076,72.8777
2025-06-16T21:00,26.7,89,30.7,0.6,0.6,53,91,18.1,223,19.076,72.8777
2025-06-16T22:00,26.2,89,29.5,0.4,0.4,51,100,20.6,225,19.076,72.8777
2025-06-16T23:00,25.9,88,29.3,1.4,1.4,61,100,16.7,228,19.076,72.8777
2025-06-17T00:00,26.1,92,29.7,0.6,0.6,53,100,19.1,232,19.076,72.8777
2025-06-17T01:00,26.4,89,30.0,0.2,0.2,51,100,19.1,227,19.076,72.8777
2025-06-17T02:00,26.7,89,30.4,0.9,0.9,53,100,19.3,226,19.076,72.8777
2025-06-17T03:00,26.9,89,30.6,0.3,0.3,51,93,19.9,224,19.076,72.8777
2025-06-17T04:00,26.1,92,30.2,0.3,0.3,51,71,16.8,219,19.076,72.8777
2025-06-17T05:00,26.4,91,30.1,0.2,0.2,51,100,19.4,236,19.076,72.8777
2025-06-17T06:00,27.1,85,29.8,0.3,0.3,51,100,25.0,232,19.076,72.8777
2025-06-17T07:00,27.4,87,31.2,0.4,0.4,51,99,20.4,229,19.076,72.8777
2025-06-17T08:00,28.5,83,32.5,0.6,0.6,53,94,19.7,231,19.076,72.8777
2025-06-17T09:00,28.9,80,32.4,0.5,0.5,53,85,21.3,233,19.076,72.8777
2025-06-17T10:00,29.2,77,32.6,0.0,0.0,3,87,23.2,235,19.076,72.8777
2025-06-17T11:00,29.5,75,33.0,0.4,0.4,51,77,22.6,233,19.076,72.8777
2025-06-17T12:00,29.3,78,33.5,0.5,0.5,53,82,22.3,223,19.076,72.8777
2025-06-17T13:00,28.9,80,33.6,0.5,0.5,53,40,21.2,220,19.076,72.8777
2025-06-17T14:00,27.7,83,31.8,0.2,0.2,51,90,21.2,228,19.076,72.8777
2025-06-17T15:00,26.7,84,29.1,0.7,0.7,53,100,24.4,226,19.076,72.8777
2025-06-17T16:00,27.3,86,30.9,0.9,0.9,53,72,19.9,221,19.076,72.8777
2025-06-17T17:00,27.9,84,31.7,0.1,0.1,51,33,19.2,220,19.076,72.8777
2025-06-17T18:00,28.4,83,32.1,0.0,0.0,2,66,21.8,200,19.076,72.8777
2025-06-17T19:00,28.1,84,31.7,0.0,0.0,1,23,22.3,196,19.076,72.8777
2025-06-17T20:00,27.4,85,30.7,0.1,0.1,51,73,21.7,199,19.076,72.8777
2025-06-17T21:00,27.1,84,30.1,0.2,0.2,51,93,21.8,214,19.076,72.8777
2025-06-17T22:00,26.4,90,29.9,2.5,2.5,63,100,19.4,223,19.076,72.8777
2025-06-17T23:00,25.7,92,29.0,7.1,7.1,63,99,20.7,219,19.076,72.8777
2025-06-18T00:00,26.8,92,30.5,1.8,1.8,61,97,21.9,222,19.076,72.8777
2025-06-18T01:00,26.3,90,29.7,1.5,1.5,61,100,20.9,238,19.076,72.8777
2025-06-18T02:00,25.9,91,29.0,2.9,2.9,63,100,22.3,244,19.076,72.8777
2025-06-18T03:00,26.5,89,29.9,0.6,0.6,53,99,21.3,240,19.076,72.8777
2025-06-18T04:00,26.2,91,29.4,2.0,2.0,61,97,22.0,244,19.076,72.8777
2025-06-18T05:00,26.2,93,29.8,5.0,5.0,63,97,21.4,243,19.076,72.8777
2025-06-18T06:00,26.4,93,30.5,4.5,4.5,63,100,18.4,244,19.076,72.8777
2025-06-18T07:00,26.8,90,30.4,2.6,2.6,63,100,21.7,250,19.076,72.8777
2025-06-18T08:00,27.1,89,31.1,1.3,1.3,61,97,19.4,239,19.076,72.8777
2025-06-18T09:00,27.4,87,31.1,2.0,2.0,61,100,20.1,236,19.076,72.8777
2025-06-18T10:00,27.8,84,31.0,1.8,1.8,61,100,22.9,242,19.076,72.8777
2025-06-18T11:00,28.4,82,32.0,0.4,0.4,51,98,21.6,247,19.076,72.8777
2025-06-18T12:00,28.4,83,31.9,2.9,2.9,63,100,24.7,246,19.076,72.8777
2025-06-18T13:00,27.9,86,31.7,4.3,4.3,63,100,21.3,246,19.076,72.8777
2025-06-18T14:00,28.2,83,31.7,0.7,0.7,53,100,22.1,243,19.076,72.8777
2025-06-18T15:00,27.8,85,31.3,2.5,2.5,63,100,21.7,241,19.076,72.8777
2025-06-18T16:00,27.2,89,30.3,6.3,6.3,63,100,26.4,240,19.076,72.8777
2025-06-18T17:00,27.1,88,30.2,3.0,3.0,63,100,25.1,240,19.076,72.8777
2025-06-18T18:00,26.8,94,31.7,8.8,8.8,65,100,16.1,275,19.076,72.8777
2025-06-18T19:00,26.6,93,30.7,7.1,7.1,63,100,19.9,293,19.076,72.8777
2025-06-18T20:00,26.6,92,30.7,6.2,6.2,63,100,19.3,282,19.076,72.8777
2025-06-18T21:00,26.9,92,31.2,6.7,6.7,63,100,18.1,276,19.076,72.8777
2025-06-18T22:00,26.7,92,30.8,7.5,7.5,63,100,18.9,273,19.076,72.8777
2025-06-18T23:00,26.1,92,29.7,3.7,3.7,63,100,19.5,260,19.076,72.8777
2025-06-19T00:00,26.1,92,29.8,3.7,3.7,63,100,19.5,258,19.076,72.8777
2025-06-19T01:00,26.6,91,30.4,2.1,2.1,61,100,19.8,262,19.076,72.8777
2025-06-19T02:00,26.5,91,30.3,8.5,8.5,65,100,19.2,260,19.076,72.8777
2025-06-19T03:00,26.4,90,30.1,2.2,2.2,61,100,19.5,251,19.076,72.8777
2025-06-19T04:00,26.6,90,30.3,1.4,1.4,61,100,19.5,252,19.076,72.8777
2025-06-19T05:00,26.4,91,30.1,2.3,2.3,61,100,20.7,253,19.076,72.8777
2025-06-19T06:00,26.8,90,30.1,3.7,3.7,63,100,23.7,259,19.076,72.8777
2025-06-19T07:00,27.1,92,31.6,4.9,4.9,63,100,18.0,256,19.076,72.8777
2025-06-19T08:00,27.0,92,30.9,2.2,2.2,61,100,21.9,249,19.076,72.8777
2025-06-19T09:00,27.9,87,31.6,1.1,1.1,55,100,22.2,239,19.076,72.8777
2025-06-19T10:00,27.1,89,30.7,1.3,1.3,61,100,21.9,240,19.076,72.8777
2025-06-19T11:00,25.6,91,28.4,2.4,2.4,61,100,22.3,225,19.076,72.8777
2025-06-19T12:00,24.4,98,28.2,4.0,4.0,63,100,15.3,253,19.076,72.8777
2025-06-19T13:00,26.3,90,30.2,2.1,2.1,61,100,16.9,246,19.076,72.8777
2025-06-19T14:00,25.3,90,29.3,2.8,2.8,63,100,12.4,248,19.076,72.8777
2025-06-19T15:00,24.5,93,29.6,8.1,8.1,65,100,3.2,196,19.076,72.8777
2025-06-19T16:00,25.0,96,29.4,5.0,5.0,63,100,12.6,244,19.076,72.8777
2025-06-19T17:00,26.2,90,30.7,3.0,3.0,63,100,12.7,212,19.076,72.8777
2025-06-19T18:00,28.4,84,32.3,0.6,0.6,53,82,21.4,241,19.076,72.8777
2025-06-19T19:00,26.7,91,31.3,2.4,2.4,61,100,14.8,244,19.076,72.8777
2025-06-19T20:00,27.3,90,31.9,0.2,0.2,51,97,16.1,248,19.076,72.8777
2025-06-19T21:00,26.8,89,30.9,0.6,0.6,53,100,16.3,238,19.076,72.8777
2025-06-19T22:00,26.8,88,31.1,0.2,0.2,51,100,15.5,244,19.076,72.8777
2025-06-19T23:00,25.6,92,29.8,1.0,1.0,55,100,13.4,242,19.076,72.8777
2025-06-20T00:00,26.0,92,30.5,1.5,1.5,61,100,13.0,217,19.076,72.8777
2025-06-20T01:00,26.4,90,30.7,0.4,0.4,51,99,15.1,239,19.076,72.8777
2025-06-20T02:00,27.5,88,31.8,0.1,0.1,51,88,17.6,242,19.076,72.8777
2025-06-20T03:00,27.6,84,31.1,0.2,0.2,51,95,20.2,242,19.076,72.8777
2025-06-20T04:00,27.3,82,30.6,0.2,0.2,51,76,19.4,242,19.076,72.8777
2025-06-20T05:00,26.7,86,30.0,0.3,0.3,51,77,19.6,243,19.076,72.8777
2025-06-20T06:00,28.1,84,32.6,0.4,0.4,51,92,15.5,234,19.076,72.8777
2025-06-20T07:00,28.6,80,32.8,0.0,0.0,3,100,16.5,241,19.076,72.8777
2025-06-20T08:00,29.5,75,33.5,0.0,0.0,3,100,16.6,240,19.076,72.8777
2025-06-20T09:00,29.2,74,32.5,0.1,0.1,51,100,18.8,238,19.076,72.8777
2025-06-20T10:00,29.0,76,32.2,0.9,0.9,53,100,20.5,236,19.076,72.8777
2025-06-20T11:00,29.5,79,34.4,0.3,0.3,51,100,19.0,232,19.076,72.8777
2025-06-20T12:00,27.6,84,31.7,0.3,0.3,51,100,16.5,202,19.076,72.8777
2025-06-20T13:00,28.2,80,32.6,0.3,0.3,51,100,16.3,229,19.076,72.8777
2025-06-20T14:00,27.9,82,32.7,0.4,0.4,51,100,18.9,228,19.076,72.8777
2025-06-20T15:00,27.6,83,31.0,0.9,0.9,53,74,20.0,229,19.076,72.8777
2025-06-20T16:00,27.7,82,31.1,0.5,0.5,53,100,20.0,227,19.076,72.8777
2025-06-20T17:00,27.4,83,30.8,0.5,0.5,53,91,19.0,240,19.076,72.8777
2025-06-20T18:00,28.0,86,32.7,0.2,0.2,51,36,15.4,203,19.076,72.8777
2025-06-20T19:00,26.1,91,30.3,1.8,1.8,61,100,14.9,226,19.076,72.8777
2025-06-20T20:00,26.6,90,31.1,0.3,0.3,51,93,14.3,219,19.076,72.8777
2025-06-20T21:00,26.8,87,31.3,0.4,0.4,51,72,12.9,233,19.076,72.8777
2025-06-20T22:00,26.7,87,31.2,0.8,0.8,53,82,12.1,218,19.076,72.8777
2025-06-20T23:00,26.4,91,30.6,0.5,0.5,53,92,16.0,203,19.076,72.8777
2025-06-21T00:00,25.5,93,29.9,1.2,1.2,55,100,13.3,205,19.076,72.8777
2025-06-21T01:00,25.4,94,29.9,0.9,0.9,53,100,12.4,199,19.076,72.8777
2025-06-21T02:00,24.9,96,29.4,1.2,1.2,55,100,11.3,223,19.076,72.8777
2025-06-21T03:00,24.9,92,28.8,2.3,2.3,61,100,13.2,217,19.076,72.8777
2025-06-21T04:00,25.3,94,29.8,0.2,0.2,51,100,12.2,227,19.076,72.8777
2025-06-21T05:00,25.4,93,29.8,0.4,0.4,51,100,12.3,210,19.076,72.8777
2025-06-21T06:00,27.6,83,32.0,0.0,0.0,3,100,14.1,224,19.076,72.8777
2025-06-21T07:00,28.3,85,33.5,0.0,0.0,2,54,12.6,222,19.076,72.8777
2025-06-21T08:00,28.6,84,33.9,0.0,0.0,3,100,13.1,222,19.076,72.8777
2025-06-21T09:00,29.2,82,34.0,0.0,0.0,3,97,16.6,229,19.076,72.8777
2025-06-21T10:00,27.5,85,31.7,1.2,1.2,55,100,16.2,221,19.076,72.8777
2025-06-21T11:00,29.5,80,33.9,0.3,0.3,51,100,18.9,233,19.076,72.8777
2025-06-21T12:00,29.4,78,33.7,0.1,0.1,51,99,20.4,243,19.076,72.8777
2025-06-21T13:00,30.1,75,34.8,0.2,0.2,51,86,19.1,247,19.076,72.8777
2025-06-21T14:00,28.7,81,33.7,0.6,0.6,53,72,18.8,236,19.076,72.8777
2025-06-21T15:00,28.6,82,33.2,0.3,0.3,51,90,15.1,242,19.076,72.8777
2025-06-21T16:00,28.3,81,32.2,0.1,0.1,51,97,17.8,247,19.076,72.8777
2025-06-21T17:00,28.6,81,33.0,0.1,0.1,51,95,15.9,247,19.076,72.8777
2025-06-21T18:00,28.5,82,32.7,0.1,0.1,51,9,18.0,234,19.076,72.8777
2025-06-21T19:00,28.3,82,32.2,0.0,0.0,2,56,19.2,233,19.076,72.8777
2025-06-21T20:00,28.4,78,31.8,0.1,0.1,51,66,18.8,243,19.076,72.8777
2025-06-21T21:00,28.1,82,32.1,0.0,0.0,1,26,16.9,243,19.076,72.8777
2025-06-21T22:00,27.9,84,32.3,0.0,0.0,3,96,15.1,232,19.076,72.8777
2025-06-21T23:00,27.0,84,30.9,0.7,0.7,53,94,14.4,234,19.076,72.8777
2025-06-22T00:00,27.0,88,31.3,0.4,0.4,51,88,14.9,228,19.076,72.8777
2025-06-22T01:00,25.9,90,29.8,0.9,0.9,53,100,14.7,228,19.076,72.8777
2025-06-22T02:00,25.9,89,29.5,1.1,1.1,55,100,16.4,238,19.076,72.8777
2025-06-22T03:00,26.3,88,29.6,0.3,0.3,51,100,19.3,243,19.076,72.8777
2025-06-22T04:00,26.6,89,30.7,0.7,0.7,53,98,15.8,225,19.076,72.8777
2025-06-22T05:00,25.7,90,29.6,1.3,1.3,61,91,14.9,236,19.076,72.8777
2025-06-22T06:00,27.9,77,31.3,0.2,0.2,51,100,16.4,232,19.076,72.8777
2025-06-22T07:00,27.5,82,31.0,1.0,1.0,55,100,18.8,229,19.076,72.8777
2025-06-22T08:00,28.5,82,32.6,0.0,0.0,3,100,18.2,225,19.076,72.8777
2025-06-22T09:00,27.4,82,30.6,0.5,0.5,53,99,20.2,238,19.076,72.8777
2025-06-22T10:00,28.6,80,32.8,0.4,0.4,51,68,16.5,233,19.076,72.8777
2025-06-22T11:00,28.9,81,33.7,0.8,0.8,53,79,14.3,225,19.076,72.8777
2025-06-22T12:00,29.2,78,33.3,0.5,0.5,53,69,18.5,238,19.076,72.8777
2025-06-22T13:00,28.5,82,32.7,0.0,0.0,2,66,19.1,252,19.076,72.8777
2025-06-22T14:00,28.9,79,32.9,0.6,0.6,53,89,19.0,250,19.076,72.8777
2025-06-22T15:00,29.1,77,32.8,0.1,0.1,51,97,22.0,245,19.076,72.8777
2025-06-22T16:00,28.8,75,31.4,0.2,0.2,51,88,23.1,245,19.076,72.8777
2025-06-22T17:00,28.4,79,32.0,0.2,0.2,51,93,18.2,240,19.076,72.8777
2025-06-22T18:00,28.3,79,31.7,0.3,0.3,51,85,19.5,230,19.076,72.8777
2025-06-22T19:00,26.4,87,30.0,0.9,0.9,53,100,17.4,236,19.076,72.8777
2025-06-22T20:00,26.8,87,30.6,0.5,0.5,53,98,17.4,227,19.076,72.8777
2025-06-22T21:00,27.0,86,31.1,0.2,0.2,51,98,15.3,221,19.076,72.8777
2025-06-22T22:00,26.0,89,29.6,1.1,1.1,55,100,16.8,221,19.076,72.8777
2025-06-22T23:00,25.8,90,29.6,3.6,3.6,63,99,16.1,217,19.076,72.8777
2025-06-23T00:00,26.2,91,30.2,2.5,2.5,63,100,17.1,221,19.076,72.8777
2025-06-23T01:00,26.1,90,29.8,3.6,3.6,63,99,17.8,227,19.076,72.8777
2025-06-23T02:00,26.1,91,29.9,1.2,1.2,55,100,17.4,225,19.076,72.8777
2025-06-23T03:00,25.9,91,29.7,3.1,3.1,63,98,16.4,244,19.076,72.8777
2025-06-23T04:00,26.3,91,30.4,1.2,1.2,55,100,16.1,220,19.076,72.8777
2025-06-23T05:00,26.2,90,30.2,0.2,0.2,51,99,15.7,239,19.076,72.8777
2025-06-23T06:00,27.9,82,31.2,0.0,0.0,3,100,21.1,230,19.076,72.8777
2025-06-23T07:00,27.0,87,30.2,0.1,0.1,51,100,22.4,240,19.076,72.8777
2025-06-23T08:00,28.3,81,32.3,0.1,0.1,51,99,17.6,237,19.076,72.8777
2025-06-23T09:00,26.6,87,30.6,4.4,4.4,63,100,15.7,255,19.076,72.8777
2025-06-23T10:00,27.8,84,32.0,0.4,0.4,51,100,15.6,234,19.076,72.8777
2025-06-23T11:00,27.5,84,31.4,0.4,0.4,51,100,17.4,246,19.076,72.8777
2025-06-23T12:00,28.1,84,32.7,0.6,0.6,53,100,14.8,240,19.076,72.8777
2025-06-23T13:00,27.5,81,30.1,0.8,0.8,53,100,24.8,253,19.076,72.8777
2025-06-23T14:00,27.1,81,30.0,2.1,2.1,61,100,19.6,257,19.076,72.8777
2025-06-23T15:00,27.6,82,31.4,0.4,0.4,51,100,17.2,250,19.076,72.8777
2025-06-23T16:00,27.1,85,30.7,1.1,1.1,55,100,18.0,244,19.076,72.8777
2025-06-23T17:00,27.0,83,30.0,0.6,0.6,53,100,20.4,244,19.076,72.8777
2025-06-23T18:00,26.5,85,29.1,0.5,0.5,53,100,23.0,234,19.076,72.8777
2025-06-23T19:00,26.2,89,29.3,2.6,2.6,63,100,21.5,242,19.076,72.8777
2025-06-23T20:00,26.3,88,29.6,0.9,0.9,53,100,20.1,233,19.076,72.8777
2025-06-23T21:00,26.2,91,29.7,3.0,3.0,63,100,20.5,242,19.076,72.8777
2025-06-23T22:00,26.3,91,29.4,17.8,17.8,65,100,23.5,248,19.076,72.8777
2025-06-23T23:00,25.5,92,28.3,3.6,3.6,63,100,23.1,250,19.076,72.8777
2025-06-24T00:00,26.1,92,29.6,1.8,1.8,61,100,20.4,258,19.076,72.8777
2025-06-24T01:00,25.8,90,29.4,0.9,0.9,53,100,17.6,255,19.076,72.8777
2025-06-24T02:00,25.9,90,29.6,0.9,0.9,53,100,17.0,248,19.076,72.8777
2025-06-24T03:00,25.5,91,28.9,1.7,1.7,61,100,18.8,241,19.076,72.8777
2025-06-24T04:00,25.4,94,28.9,3.5,3.5,63,100,19.5,245,19.076,72.8777
2025-06-24T05:00,25.5,94,28.3,3.5,3.5,63,100,23.8,249,19.076,72.8777
2025-06-24T06:00,26.6,89,30.7,1.5,1.5,61,100,16.0,261,19.076,72.8777
2025-06-24T07:00,25.7,95,30.6,1.5,1.5,61,100,11.1,248,19.076,72.8777
2025-06-24T08:00,26.8,90,31.8,1.0,1.0,55,99,11.7,216,19.076,72.8777
2025-06-24T09:00,26.5,91,31.1,0.2,0.2,51,100,13.4,204,19.076,72.8777
2025-06-24T10:00,27.8,86,33.1,0.0,0.0,3,100,10.4,212,19.076,72.8777
2025-06-24T11:00,27.2,83,31.0,1.3,1.3,61,100,15.7,267,19.076,72.8777
2025-06-24T12:00,25.7,88,29.1,2.5,2.5,63,100,16.3,239,19.076,72.8777
2025-06-24T13:00,28.1,84,32.8,0.5,0.5,53,100,14.3,231,19.076,72.8777
2025-06-24T14:00,28.8,78,32.4,0.0,0.0,3,100,18.9,246,19.076,72.8777
2025-06-24T15:00,29.1,77,32.4,0.0,0.0,3,100,21.7,253,19.076,72.8777
2025-06-24T16:00,28.8,77,31.6,0.6,0.6,53,100,23.9,258,19.076,72.8777
2025-06-24T17:00,28.8,78,31.8,0.1,0.1,51,100,24.0,256,19.076,72.8777
2025-06-24T18:00,28.3,83,32.3,0.0,0.0,3,100,18.8,230,19.076,72.8777
2025-06-24T19:00,28.3,84,32.5,0.0,0.0,3,100,18.4,236,19.076,72.8777
2025-06-24T20:00,27.9,82,31.3,0.7,0.7,53,100,20.5,239,19.076,72.8777
2025-06-24T21:00,26.3,88,30.8,0.6,0.6,53,100,11.8,251,19.076,72.8777
2025-06-24T22:00,26.4,90,30.1,2.6,2.6,63,100,17.9,225,19.076,72.8777
2025-06-24T23:00,27.1,90,31.4,1.3,1.3,61,100,17.5,238,19.076,72.8777
2025-06-25T00:00,26.7,89,30.7,0.4,0.4,51,100,17.1,238,19.076,72.8777
2025-06-25T01:00,27.9,84,31.6,0.1,0.1,51,100,20.9,247,19.076,72.8777
2025-06-25T02:00,27.1,86,30.6,0.7,0.7,53,100,19.8,245,19.076,72.8777
2025-06-25T03:00,28.0,79,30.6,0.0,0.0,3,100,23.2,247,19.076,72.8777
2025-06-25T04:00,28.2,77,30.9,0.2,0.2,51,100,22.1,244,19.076,72.8777
2025-06-25T05:00,27.9,77,30.3,0.1,0.1,51,100,23.3,250,19.076,72.8777
2025-06-25T06:00,27.9,80,30.8,0.1,0.1,51,87,21.8,246,19.076,72.8777
2025-06-25T07:00,28.3,82,31.8,0.0,0.0,3,90,20.9,245,19.076,72.8777
2025-06-25T08:00,29.2,76,32.3,0.1,0.1,51,44,21.8,243,19.076,72.8777
2025-06-25T09:00,28.9,78,32.2,0.6,0.6,53,95,22.1,243,19.076,72.8777
2025-06-25T10:00,29.2,77,32.8,0.1,0.1,51,78,20.3,249,19.076,72.8777
2025-06-25T11:00,28.1,84,32.5,0.9,0.9,53,73,19.0,257,19.076,72.8777
2025-06-25T12:00,30.0,75,34.0,0.0,0.0,3,84,21.9,251,19.076,72.8777
2025-06-25T13:00,29.7,78,34.8,0.6,0.6,53,96,20.5,249,19.076,72.8777
2025-06-25T14:00,29.2,80,33.6,0.2,0.2,51,98,23.1,246,19.076,72.8777
2025-06-25T15:00,29.2,75,32.2,0.7,0.7,53,100,24.1,243,19.076,72.8777
2025-06-25T16:00,28.8,80,32.0,0.8,0.8,53,99,23.2,244,19.076,72.8777
2025-06-25T17:00,28.4,84,32.1,0.5,0.5,53,99,21.5,247,19.076,72.8777
2025-06-25T18:00,28.3,83,32.5,0.1,0.1,51,100,18.0,234,19.076,72.8777
2025-06-25T19:00,27.8,85,32.1,0.1,0.1,51,100,16.7,225,19.076,72.8777
2025-06-25T20:00,27.0,88,31.3,0.3,0.3,51,100,15.9,236,19.076,72.8777
2025-06-25T21:00,26.7,90,31.4,0.3,0.3,51,100,13.1,240,19.076,72.8777
2025-06-25T22:00,26.4,89,31.2,1.5,1.5,61,100,10.4,247,19.076,72.8777
2025-06-25T23:00,26.4,91,30.6,1.6,1.6,61,100,16.5,239,19.076,72.8777
2025-06-26T00:00,25.3,94,29.6,1.9,1.9,61,100,12.4,239,19.076,72.8777
2025-06-26T01:00,25.7,95,29.8,0.9,0.9,53,100,16.9,224,19.076,72.8777
2025-06-26T02:00,25.7,94,30.0,1.4,1.4,61,100,14.8,248,19.076,72.8777
2025-06-26T03:00,26.1,94,30.7,0.7,0.7,53,100,14.4,247,19.076,72.8777
2025-06-26T04:00,25.9,92,30.5,1.2,1.2,55,100,11.4,218,19.076,72.8777
2025-06-26T05:00,25.6,94,30.1,0.6,0.6,53,100,13.4,255,19.076,72.8777
2025-06-26T06:00,27.5,85,31.7,0.8,0.8,53,58,16.6,228,19.076,72.8777
2025-06-26T07:00,28.2,84,32.9,0.4,0.4,51,84,14.7,229,19.076,72.8777
2025-06-26T08:00,28.6,80,33.0,0.6,0.6,53,51,15.4,233,19.076,72.8777
2025-06-26T09:00,28.6,79,32.7,0.2,0.2,51,100,16.1,236,19.076,72.8777
2025-06-26T10:00,27.9,84,32.6,0.2,0.2,51,100,14.2,220,19.076,72.8777
2025-06-26T11:00,26.9,86,30.7,0.8,0.8,53,100,17.1,221,19.076,72.8777
2025-06-26T12:00,27.6,82,31.6,0.7,0.7,53,100,15.6,240,19.076,72.8777
2025-06-26T13:00,26.8,85,30.6,1.9,1.9,61,100,16.1,215,19.076,72.8777
2025-06-26T14:00,25.8,91,29.4,3.8,3.8,63,100,18.1,245,19.076,72.8777
2025-06-26T15:00,26.2,90,30.1,1.4,1.4,61,100,16.8,239,19.076,72.8777
2025-06-26T16:00,26.6,90,31.4,0.9,0.9,53,100,12.7,224,19.076,72.8777
2025-06-26T17:00,26.0,90,30.2,2.6,2.6,63,100,13.6,231,19.076,72.8777
2025-06-26T18:00,26.3,93,30.7,0.8,0.8,53,100,16.2,212,19.076,72.8777
2025-06-26T19:00,26.0,91,30.4,1.5,1.5,61,100,12.8,202,19.076,72.8777
2025-06-26T20:00,26.9,92,31.8,0.1,0.1,51,100,13.7,226,19.076,72.8777
2025-06-26T21:00,26.5,90,30.6,0.7,0.7,53,100,16.6,230,19.076,72.8777
2025-06-26T22:00,27.1,85,31.3,0.3,0.3,51,100,15.3,228,19.076,72.8777
2025-06-26T23:00,27.4,84,31.2,0.6,0.6,53,100,17.7,230,19.076,72.8777
2025-06-27T00:00,27.2,84,30.8,0.4,0.4,51,100,18.9,230,19.076,72.8777
2025-06-27T01:00,27.2,84,30.8,0.3,0.3,51,100,17.7,227,19.076,72.8777
2025-06-27T02:00,26.5,87,29.9,0.9,0.9,53,100,19.0,228,19.076,72.8777
2025-06-27T03:00,25.9,86,29.1,2.0,2.0,61,100,16.8,231,19.076,72.8777
2025-06-27T04:00,25.9,90,30.0,0.9,0.9,53,100,13.7,219,19.076,72.8777
2025-06-27T05:00,24.9,93,28.4,1.7,1.7,61,100,16.6,230,19.076,72.8777
2025-06-27T06:00,27.5,83,30.9,0.3,0.3,51,100,19.9,239,19.076,72.8777
2025-06-27T07:00,27.6,83,31.5,0.4,0.4,51,100,17.7,231,19.076,72.8777
2025-06-27T08:00,26.9,82,29.5,1.5,1.5,61,100,22.4,236,19.076,72.8777
2025-06-27T09:00,28.3,84,32.8,0.7,0.7,53,99,16.1,220,19.076,72.8777
2025-06-27T10:00,26.7,86,30.2,0.7,0.7,53,99,18.8,218,19.076,72.8777
2025-06-27T11:00,28.3,78,32.5,0.5,0.5,53,100,15.5,223,19.076,72.8777
2025-06-27T12:00,28.1,80,32.5,1.5,1.5,61,79,20.9,216,19.076,72.8777
2025-06-27T13:00,28.5,81,33.0,0.1,0.1,51,94,16.7,209,19.076,72.8777
2025-06-27T14:00,28.8,79,33.3,0.1,0.1,51,97,20.8,210,19.076,72.8777
2025-06-27T15:00,27.4,82,30.8,0.7,0.7,53,100,21.2,215,19.076,72.8777
2025-06-27T16:00,27.3,82,30.2,0.1,0.1,51,98,20.9,224,19.076,72.8777
2025-06-27T17:00,27.2,81,30.0,0.3,0.3,51,100,20.9,222,19.076,72.8777
2025-06-27T18:00,27.6,85,31.6,0.2,0.2,51,82,18.4,220,19.076,72.8777
2025-06-27T19:00,27.7,81,30.9,0.0,0.0,1,49,19.8,230,19.076,72.8777
2025-06-27T20:00,27.6,81,30.9,0.0,0.0,1,28,18.9,227,19.076,72.8777
2025-06-27T21:00,27.5,81,30.6,0.1,0.1,51,55,19.5,225,19.076,72.8777
2025-06-27T22:00,26.8,83,30.1,0.2,0.2,51,95,17.4,225,19.076,72.8777
2025-06-27T23:00,27.0,82,30.4,0.3,0.3,51,83,16.7,223,19.076,72.8777
2025-06-28T00:00,26.0,87,29.3,0.4,0.4,51,74,17.6,223,19.076,72.8777
2025-06-28T01:00,26.3,85,29.6,0.6,0.6,53,54,16.5,225,19.076,72.8777
2025-06-28T02:00,26.2,81,29.1,0.4,0.4,51,68,16.6,217,19.076,72.8777
2025-06-28T03:00,26.9,81,30.2,0.1,0.1,51,8,16.5,219,19.076,72.8777
2025-06-28T04:00,26.4,81,29.4,0.5,0.5,53,62,16.3,216,19.076,72.8777
2025-06-28T05:00,26.9,83,30.6,0.0,0.0,1,38,15.0,212,19.076,72.8777
2025-06-28T06:00,27.8,73,29.5,0.0,0.0,2,66,23.7,218,19.076,72.8777
2025-06-28T07:00,27.9,76,29.9,0.0,0.0,3,94,24.3,220,19.076,72.8777
2025-06-28T08:00,27.4,80,29.9,0.6,0.6,53,100,22.5,219,19.076,72.8777
2025-06-28T09:00,27.7,81,30.4,0.8,0.8,53,87,23.2,225,19.076,72.8777
2025-06-28T10:00,27.6,81,30.5,0.2,0.2,51,66,23.6,232,19.076,72.8777
2025-06-28T11:00,28.9,75,31.8,0.1,0.1,51,62,26.0,235,19.076,72.8777
2025-06-28T12:00,29.4,72,32.4,0.1,0.1,51,85,25.7,233,19.076,72.8777
2025-06-28T13:00,28.7,77,32.5,1.1,1.1,55,91,21.8,234,19.076,72.8777
2025-06-28T14:00,28.7,77,32.0,0.3,0.3,51,99,25.4,239,19.076,72.8777
2025-06-28T15:00,28.5,77,31.0,1.2,1.2,55,28,24.0,229,19.076,72.8777
2025-06-28T16:00,28.1,80,30.9,0.1,0.1,51,69,23.6,232,19.076,72.8777
2025-06-28T17:00,27.9,80,30.7,0.3,0.3,51,53,22.9,233,19.076,72.8777
2025-06-28T18:00,28.0,79,30.7,0.7,0.7,53,51,23.7,226,19.076,72.8777
2025-06-28T19:00,27.5,82,30.3,0.6,0.6,53,39,22.3,229,19.076,72.8777
2025-06-28T20:00,26.3,84,28.5,0.3,0.3,51,75,23.8,241,19.076,72.8777
2025-06-28T21:00,26.1,87,29.3,2.5,2.5,63,100,19.2,243,19.076,72.8777
2025-06-28T22:00,25.7,88,28.9,8.8,8.8,65,100,17.8,237,19.076,72.8777
2025-06-28T23:00,25.9,92,29.7,1.8,1.8,61,100,17.6,241,19.076,72.8777
2025-06-29T00:00,25.7,92,29.6,6.4,6.4,63,100,16.9,225,19.076,72.8777
2025-06-29T01:00,26.4,90,30.0,0.6,0.6,53,100,19.0,222,19.076,72.8777
2025-06-29T02:00,25.9,90,29.4,0.2,0.2,51,100,18.2,232,19.076,72.8777
2025-06-29T03:00,25.7,90,29.3,1.3,1.3,61,100,16.6,221,19.076,72.8777
2025-06-29T04:00,25.8,92,29.9,0.2,0.2,51,100,16.0,219,19.076,72.8777
2025-06-29T05:00,26.2,86,29.4,0.2,0.2,51,100,18.4,220,19.076,72.8777
2025-06-29T06:00,28.0,79,32.3,0.0,0.0,3,100,12.5,229,19.076,72.8777
2025-06-29T07:00,27.9,82,31.7,0.4,0.4,51,95,17.1,231,19.076,72.8777
2025-06-29T08:00,28.5,78,31.8,0.2,0.2,51,60,20.5,231,19.076,72.8777
2025-06-29T09:00,27.2,85,31.1,1.1,1.1,55,97,17.2,221,19.076,72.8777
2025-06-29T10:00,27.6,84,31.3,0.0,0.0,3,96,19.0,225,19.076,72.8777
2025-06-29T11:00,27.2,86,30.8,1.3,1.3,61,100,19.6,234,19.076,72.8777
2025-06-29T12:00,27.4,82,30.3,0.4,0.4,51,100,22.0,246,19.076,72.8777
2025-06-29T13:00,28.6,80,32.8,0.6,0.6,53,94,16.2,241,19.076,72.8777
2025-06-29T14:00,28.9,76,32.2,0.2,0.2,51,96,19.7,247,19.076,72.8777
2025-06-29T15:00,27.8,81,32.0,0.5,0.5,53,92,14.1,238,19.076,72.8777
2025-06-29T16:00,28.8,78,32.4,0.0,0.0,3,84,18.6,238,19.076,72.8777
2025-06-29T17:00,27.4,83,31.1,0.8,0.8,53,76,16.9,235,19.076,72.8777
2025-06-29T18:00,28.0,82,32.1,0.1,0.1,51,66,16.2,233,19.076,72.8777
2025-06-29T19:00,27.8,83,31.6,0.2,0.2,51,14,17.6,226,19.076,72.8777
2025-06-29T20:00,27.6,83,31.3,0.8,0.8,53,55,18.7,226,19.076,72.8777
2025-06-29T21:00,27.4,83,31.1,0.7,0.7,53,78,17.7,225,19.076,72.8777
2025-06-29T22:00,26.5,82,29.4,1.4,1.4,61,100,19.0,233,19.076,72.8777
2025-06-29T23:00,26.5,85,29.9,0.5,0.5,53,98,16.9,215,19.076,72.8777
2025-06-30T00:00,26.6,89,30.2,0.1,0.1,51,98,18.9,220,19.076,72.8777
2025-06-30T01:00,25.2,89,28.8,1.9,1.9,61,93,13.9,223,19.076,72.8777
2025-06-30T02:00,25.5,89,28.7,0.6,0.6,53,71,17.7,226,19.076,72.8777
2025-06-30T03:00,25.4,89,28.4,1.7,1.7,61,96,18.0,233,19.076,72.8777
2025-06-30T04:00,24.8,93,28.0,2.1,2.1,61,100,17.3,247,19.076,72.8777
2025-06-30T05:00,25.6,89,28.7,1.9,1.9,61,91,19.1,234,19.076,72.8777
2025-06-30T06:00,27.0,86,31.1,0.4,0.4,51,99,15.5,241,19.076,72.8777
2025-06-30T07:00,27.9,83,31.8,0.0,0.0,3,98,17.3,241,19.076,72.8777
2025-06-30T08:00,27.4,83,31.0,0.8,0.8,53,74,18.0,241,19.076,72.8777
2025-06-30T09:00,28.3,79,32.0,0.2,0.2,51,43,16.8,242,19.076,72.8777
2025-06-30T10:00,28.4,81,32.5,0.8,0.8,53,79,16.5,242,19.076,72.8777
2025-06-30T11:00,28.7,78,32.7,0.3,0.3,51,70,21.0,250,19.076,72.8777
2025-06-30T12:00,29.1,75,32.5,0.3,0.3,51,68,19.9,244,19.076,72.8777
2025-06-30T13:00,28.9,77,33.0,0.4,0.4,51,70,20.9,248,19.076,72.8777
2025-06-30T14:00,28.5,77,32.0,0.1,0.1,51,74,22.0,250,19.076,72.8777
2025-06-30T15:00,28.6,74,31.0,0.3,0.3,51,89,22.9,251,19.076,72.8777
2025-06-30T16:00,27.8,79,30.7,0.1,0.1,51,99,21.1,250,19.076,72.8777
2025-06-30T17:00,27.5,80,30.6,0.2,0.2,51,85,19.1,248,19.076,72.8777
2025-06-30T18:00,26.4,85,28.8,0.4,0.4,51,96,23.4,262,19.076,72.8777
2025-06-30T19:00,24.8,91,28.8,2.1,2.1,61,100,11.5,253,19.076,72.8777
2025-06-30T20:00,25.3,93,29.1,1.1,1.1,55,100,15.1,250,19.076,72.8777
2025-06-30T21:00,26.6,86,30.2,1.4,1.4,61,100,17.2,239,19.076,72.8777
2025-06-30T22:00,26.6,86,30.8,3.1,3.1,63,100,12.7,239,19.076,72.8777
2025-06-30T23:00,25.3,91,28.9,1.9,1.9,61,100,16.1,277,19.076,72.8777
2025-07-01T00:00,25.5,90,29.2,2.3,2.3,61,100,15.3,248,19.076,72.8777
2025-07-01T01:00,24.5,96,28.2,1.4,1.4,61,90,14.9,236,19.076,72.8777
2025-07-01T02:00,24.8,95,29.1,4.3,4.3,63,100,11.6,246,19.076,72.8777
2025-07-01T03:00,24.7,94,28.8,2.2,2.2,61,100,12.3,263,19.076,72.8777
2025-07-01T04:00,25.2,91,28.8,1.3,1.3,61,100,15.9,238,19.076,72.8777
2025-07-01T05:00,25.1,93,30.0,0.5,0.5,53,99,7.4,219,19.076,72.8777
2025-07-01T06:00,27.6,82,31.3,1.5,1.5,61,100,16.9,245,19.076,72.8777
2025-07-01T07:00,28.1,81,31.9,0.2,0.2,51,100,17.4,251,19.076,72.8777
2025-07-01T08:00,28.1,78,31.3,0.7,0.7,53,100,19.1,256,19.076,72.8777
2025-07-01T09:00,27.9,82,31.8,2.5,2.5,63,100,17.2,263,19.076,72.8777
2025-07-01T10:00,27.7,86,33.4,4.5,4.5,63,100,8.2,244,19.076,72.8777
2025-07-01T11:00,28.5,78,31.9,0.2,0.2,51,100,19.2,250,19.076,72.8777
2025-07-01T12:00,28.6,78,32.2,0.6,0.6,53,100,18.5,249,19.076,72.8777
2025-07-01T13:00,28.8,78,32.7,0.2,0.2,51,100,17.5,243,19.076,72.8777
2025-07-01T14:00,28.3,79,32.0,0.1,0.1,51,100,18.7,247,19.076,72.8777
2025-07-01T15:00,28.1,81,32.1,0.1,0.1,51,100,16.2,240,19.076,72.8777
2025-07-01T16:00,26.2,87,29.8,1.4,1.4,61,100,15.7,222,19.076,72.8777
2025-07-01T17:00,26.4,87,30.2,1.0,1.0,55,100,15.6,236,19.076,72.8777
2025-07-01T18:00,28.0,83,31.9,0.1,0.1,51,100,17.9,234,19.076,72.8777
2025-07-01T19:00,28.0,80,31.5,0.0,0.0,3,100,18.5,240,19.076,72.8777
2025-07-01T20:00,27.4,85,31.1,0.4,0.4,51,100,18.8,240,19.076,72.8777
2025-07-01T21:00,26.3,88,29.8,1.6,1.6,61,100,18.4,250,19.076,72.8777
2025-07-01T22:00,25.3,93,29.9,5.2,5.2,63,98,10.6,251,19.076,72.8777
2025-07-01T23:00,25.9,90,29.7,2.0,2.0,61,93,16.1,241,19.076,72.8777
2025-07-02T00:00,25.8,92,30.2,4.4,4.4,63,100,13.0,239,19.076,72.8777
2025-07-02T01:00,25.1,94,28.6,4.3,4.3,63,100,17.3,251,19.076,72.8777
2025-07-02T02:00,25.3,95,29.4,1.2,1.2,55,100,15.2,246,19.076,72.8777
2025-07-02T03:00,25.3,93,29.7,1.8,1.8,61,97,10.8,226,19.076,72.8777
2025-07-02T04:00,25.3,94,29.8,2.6,2.6,63,100,12.0,258,19.076,72.8777
2025-07-02T05:00,26.0,90,29.9,1.1,1.1,55,87,15.3,254,19.076,72.8777
2025-07-02T06:00,28.2,79,31.7,0.0,0.0,3,100,18.2,252,19.076,72.8777
2025-07-02T07:00,27.7,80,31.0,0.1,0.1,51,98,18.2,253,19.076,72.8777
2025-07-02T08:00,28.1,78,31.7,1.0,1.0,55,97,16.5,250,19.076,72.8777
2025-07-02T09:00,28.3,78,31.7,0.3,0.3,51,99,19.5,252,19.076,72.8777
2025-07-02T10:00,27.9,85,32.4,2.4,2.4,61,77,16.2,249,19.076,72.8777
2025-07-02T11:00,28.7,78,32.5,0.7,0.7,53,99,18.1,249,19.076,72.8777
2025-07-02T12:00,26.7,87,30.4,10.1,10.1,65,100,17.9,248,19.076,72.8777
2025-07-02T13:00,25.4,92,29.0,2.0,2.0,61,100,16.8,260,19.076,72.8777
2025-07-02T14:00,27.1,85,31.4,0.9,0.9,53,98,13.6,252,19.076,72.8777
2025-07-02T15:00,26.8,85,30.4,1.8,1.8,61,100,16.5,248,19.076,72.8777
2025-07-02T16:00,26.2,90,30.2,1.0,1.0,55,100,15.1,241,19.076,72.8777
2025-07-02T17:00,26.1,88,29.9,0.5,0.5,53,100,15.6,246,19.076,72.8777
2025-07-02T18:00,26.6,89,30.7,0.3,0.3,51,86,16.5,248,19.076,72.8777
2025-07-02T19:00,26.1,90,29.7,2.0,2.0,61,100,17.6,256,19.076,72.8777
2025-07-02T20:00,25.7,92,30.4,1.8,1.8,61,100,10.9,243,19.076,72.8777
2025-07-02T21:00,26.3,90,30.5,0.2,0.2,51,100,15.4,236,19.076,72.8777
2025-07-02T22:00,26.5,90,30.8,0.2,0.2,51,100,16.1,236,19.076,72.8777
2025-07-02T23:00,26.4,90,30.2,0.1,0.1,51,90,18.7,220,19.076,72.8777
2025-07-03T00:00,25.5,91,29.1,2.1,2.1,61,100,16.9,230,19.076,72.8777
2025-07-03T01:00,24.9,92,28.6,0.9,0.9,53,100,13.7,226,19.076,72.8777
2025-07-03T02:00,25.1,93,29.2,0.4,0.4,51,100,12.9,208,19.076,72.8777
2025-07-03T03:00,24.8,94,28.9,2.2,2.2,61,100,12.5,230,19.076,72.8777
2025-07-03T04:00,25.0,93,28.6,1.6,1.6,61,100,16.4,231,19.076,72.8777
2025-07-03T05:00,25.4,92,29.8,0.3,0.3,51,99,11.5,231,19.076,72.8777
2025-07-03T06:00,27.2,84,30.9,0.0,0.0,3,95,17.7,237,19.076,72.8777
2025-07-03T07:00,26.9,85,30.3,0.7,0.7,53,76,19.4,239,19.076,72.8777
2025-07-03T08:00,27.6,83,31.7,0.1,0.1,51,99,14.9,236,19.076,72.8777
2025-07-03T09:00,28.3,81,32.6,0.1,0.1,51,100,14.8,228,19.076,72.8777
2025-07-03T10:00,27.7,84,32.2,1.5,1.5,61,100,15.2,226,19.076,72.8777
2025-07-03T11:00,27.4,81,30.6,0.6,0.6,53,100,18.1,239,19.076,72.8777
2025-07-03T12:00,26.9,85,30.1,0.5,0.5,53,100,19.4,236,19.076,72.8777
2025-07-03T13:00,28.1,81,31.8,0.1,0.1,51,100,18.7,238,19.076,72.8777
2025-07-03T14:00,27.8,78,30.6,0.9,0.9,53,88,20.2,238,19.076,72.8777
2025-07-03T15:00,27.6,79,30.2,1.0,1.0,55,100,22.6,238,19.076,72.8777
2025-07-03T16:00,26.7,84,30.3,1.3,1.3,61,78,15.8,238,19.076,72.8777
2025-07-03T17:00,26.2,84,28.6,0.7,0.7,53,100,21.9,232,19.076,72.8777
2025-07-03T18:00,26.9,87,30.7,0.4,0.4,51,84,17.9,218,19.076,72.8777
2025-07-03T19:00,26.3,88,29.4,1.0,1.0,55,100,20.4,233,19.076,72.8777
2025-07-03T20:00,25.6,91,29.3,0.6,0.6,53,100,16.1,230,19.076,72.8777
2025-07-03T21:00,25.6,91,29.7,7.8,7.8,65,99,13.1,218,19.076,72.8777
2025-07-03T22:00,25.5,92,28.5,1.1,1.1,55,100,20.6,224,19.076,72.8777
2025-07-03T23:00,25.6,91,28.8,0.4,0.4,51,100,20.0,227,19.076,72.8777
2025-07-04T00:00,26.3,90,30.0,0.9,0.9,53,89,18.1,218,19.076,72.8777
2025-07-04T01:00,26.2,88,29.6,1.0,1.0,55,100,18.4,219,19.076,72.8777
2025-07-04T02:00,25.5,91,28.7,0.4,0.4,51,100,19.7,217,19.076,72.8777
2025-07-04T03:00,25.8,89,29.2,1.7,1.7,61,100,18.2,229,19.076,72.8777
2025-07-04T04:00,25.9,88,29.1,0.9,0.9,53,99,19.1,229,19.076,72.8777
2025-07-04T05:00,25.5,90,28.4,1.9,1.9,61,70,20.2,227,19.076,72.8777
2025-07-04T06:00,26.8,84,30.2,0.5,0.5,53,89,18.1,237,19.076,72.8777
2025-07-04T07:00,26.9,82,29.8,0.3,0.3,51,98,20.5,245,19.076,72.8777
2025-07-04T08:00,27.3,80,30.2,0.4,0.4,51,100,20.0,244,19.076,72.8777
2025-07-04T09:00,27.5,79,30.4,0.4,0.4,51,100,19.8,240,19.076,72.8777
2025-07-04T10:00,27.9,77,30.6,0.4,0.4,51,100,20.9,241,19.076,72.8777
2025-07-04T11:00,27.2,80,29.8,1.1,1.1,55,99,20.6,236,19.076,72.8777
2025-07-04T12:00,27.4,82,31.0,0.5,0.5,53,97,17.1,234,19.076,72.8777
2025-07-04T13:00,26.9,84,30.6,3.1,3.1,63,100,21.7,228,19.076,72.8777
2025-07-04T14:00,28.0,81,31.6,0.2,0.2,51,100,19.7,224,19.076,72.8777
2025-07-04T15:00,27.5,84,31.4,1.9,1.9,61,100,17.3,226,19.076,72.8777
2025-07-04T16:00,27.5,83,31.6,0.3,0.3,51,98,15.0,230,19.076,72.8777
2025-07-04T17:00,25.8,89,29.8,1.2,1.2,55,100,13.2,218,19.076,72.8777
2025-07-04T18:00,27.7,81,31.2,1.1,1.1,55,100,17.8,228,19.076,72.8777
2025-07-04T19:00,27.3,82,31.0,0.2,0.2,51,100,16.0,220,19.076,72.8777
2025-07-04T20:00,26.8,85,30.4,0.3,0.3,51,100,17.4,214,19.076,72.8777
2025-07-04T21:00,26.4,86,29.6,0.4,0.4,51,100,19.5,223,19.076,72.8777
2025-07-04T22:00,26.2,89,29.7,0.9,0.9,53,100,18.3,219,19.076,72.8777
2025-07-04T23:00,26.4,87,29.3,0.2,0.2,51,100,21.1,232,19.076,72.8777
2025-07-05T00:00,26.2,89,29.3,1.2,1.2,55,100,20.5,228,19.076,72.8777
2025-07-05T01:00,26.5,89,30.1,0.6,0.6,53,100,19.2,224,19.076,72.8777
2025-07-05T02:00,25.8,89,28.8,2.0,2.0,61,100,20.7,231,19.076,72.8777
2025-07-05T03:00,25.9,90,29.3,0.4,0.4,51,100,18.6,232,19.076,72.8777
2025-07-05T04:00,26.1,88,29.5,0.7,0.7,53,100,18.2,231,19.076,72.8777
2025-07-05T05:00,26.0,89,29.4,0.6,0.6,53,100,18.0,234,19.076,72.8777
2025-07-05T06:00,25.8,88,28.7,4.5,4.5,63,100,20.9,239,19.076,72.8777
2025-07-05T07:00,26.8,87,29.7,0.3,0.3,51,100,23.4,241,19.076,72.8777
2025-07-05T08:00,27.2,83,30.5,0.6,0.6,53,100,18.9,237,19.076,72.8777
2025-07-05T09:00,27.3,84,31.4,0.9,0.9,53,100,14.6,230,19.076,72.8777
2025-07-05T10:00,27.5,83,31.5,0.4,0.4,51,75,15.3,238,19.076,72.8777
2025-07-05T11:00,27.5,83,31.1,1.8,1.8,61,92,19.0,247,19.076,72.8777
2025-07-05T12:00,27.5,83,30.6,7.1,7.1,63,95,22.1,254,19.076,72.8777
2025-07-05T13:00,26.9,85,29.9,3.0,3.0,63,100,21.3,256,19.076,72.8777
2025-07-05T14:00,27.2,85,30.9,1.8,1.8,61,99,17.9,248,19.076,72.8777
2025-07-05T15:00,27.5,83,30.7,4.6,4.6,63,100,21.6,251,19.076,72.8777
2025-07-05T16:00,27.1,83,30.3,1.3,1.3,61,100,19.6,248,19.076,72.8777
2025-07-05T17:00,26.1,87,29.1,0.6,0.6,53,100,20.1,254,19.076,72.8777
2025-07-05T18:00,27.0,82,29.9,0.7,0.7,53,100,20.9,247,19.076,72.8777
2025-07-05T19:00,26.4,85,29.6,0.5,0.5,53,100,18.8,249,19.076,72.8777
2025-07-05T20:00,26.9,81,29.4,0.2,0.2,51,100,22.0,242,19.076,72.8777
2025-07-05T21:00,26.9,82,29.7,0.4,0.4,51,100,20.1,236,19.076,72.8777
2025-07-05T22:00,26.0,87,29.3,1.5,1.5,61,100,17.9,240,19.076,72.8777
2025-07-05T23:00,26.0,87,28.6,2.2,2.2,61,100,22.0,242,19.076,72.8777
2025-07-06T00:00,26.2,90,29.9,3.5,3.5,63,100,18.2,242,19.076,72.8777
2025-07-06T01:00,26.3,88,29.6,1.2,1.2,55,100,19.4,239,19.076,72.8777
2025-07-06T02:00,26.4,90,30.3,0.4,0.4,51,100,17.6,235,19.076,72.8777
2025-07-06T03:00,26.0,88,29.4,1.0,1.0,55,100,17.5,235,19.076,72.8777
2025-07-06T04:00,26.4,86,29.6,0.5,0.5,53,100,18.8,238,19.076,72.8777
2025-07-06T05:00,26.2,88,29.5,0.0,0.0,3,100,19.3,233,19.076,72.8777
2025-07-06T06:00,25.7,89,28.4,1.3,1.3,61,100,21.9,234,19.076,72.8777
2025-07-06T07:00,26.5,84,28.5,0.9,0.9,53,94,26.5,238,19.076,72.8777
2025-07-06T08:00,26.6,87,30.2,4.0,4.0,63,99,18.5,233,19.076,72.8777
2025-07-06T09:00,27.0,83,29.8,1.9,1.9,61,100,21.4,237,19.076,72.8777
2025-07-06T10:00,26.3,85,28.6,0.7,0.7,53,100,24.2,234,19.076,72.8777
2025-07-06T11:00,27.0,87,30.9,0.6,0.6,53,100,17.2,238,19.076,72.8777
2025-07-06T12:00,27.5,82,31.0,1.2,1.2,55,100,18.6,244,19.076,72.8777
2025-07-06T13:00,27.6,84,31.6,1.2,1.2,55,91,17.0,236,19.076,72.8777
2025-07-06T14:00,27.3,85,30.6,1.1,1.1,55,98,21.4,245,19.076,72.8777
2025-07-06T15:00,26.3,87,29.1,3.2,3.2,63,100,21.4,253,19.076,72.8777
2025-07-06T16:00,26.5,87,29.9,1.2,1.2,55,99,19.2,245,19.076,72.8777
2025-07-06T17:00,26.4,86,28.8,1.2,1.2,55,100,24.9,243,19.076,72.8777
2025-07-06T18:00,26.2,91,30.0,3.2,3.2,63,100,18.3,255,19.076,72.8777
2025-07-06T19:00,26.1,91,30.0,0.9,0.9,53,100,16.6,250,19.076,72.8777
2025-07-06T20:00,26.0,89,29.2,0.2,0.2,51,100,19.7,239,19.076,72.8777
2025-07-06T21:00,26.1,91,30.5,0.2,0.2,51,100,14.5,236,19.076,72.8777
2025-07-06T22:00,26.0,89,29.8,0.5,0.5,53,100,15.3,236,19.076,72.8777
2025-07-06T23:00,25.6,91,29.1,1.2,1.2,55,100,17.4,242,19.076,72.8777
2025-07-07T00:00,25.5,92,30.1,0.4,0.4,51,100,10.3,239,19.076,72.8777
2025-07-07T01:00,26.3,91,30.6,0.2,0.2,51,97,15.3,236,19.076,72.8777
2025-07-07T02:00,26.3,88,30.1,0.9,0.9,53,100,16.5,246,19.076,72.8777
2025-07-07T03:00,26.3,89,29.7,1.4,1.4,61,100,20.0,248,19.076,72.8777
2025-07-07T04:00,26.3,90,30.1,0.2,0.2,51,100,18.0,248,19.076,72.8777
2025-07-07T05:00,26.9,87,30.6,0.0,0.0,3,100,18.2,245,19.076,72.8777
2025-07-07T06:00,26.9,85,30.3,0.2,0.2,51,97,18.3,232,19.076,72.8777
2025-07-07T07:00,26.5,84,29.8,0.0,0.0,3,100,17.1,237,19.076,72.8777
2025-07-07T08:00,26.2,88,30.1,0.7,0.7,53,100,15.0,236,19.076,72.8777
2025-07-07T09:00,26.7,87,31.2,0.4,0.4,51,100,12.7,235,19.076,72.8777
2025-07-07T10:00,27.5,83,31.3,0.1,0.1,51,100,17.4,230,19.076,72.8777
2025-07-07T11:00,28.0,83,31.7,0.4,0.4,51,100,19.2,238,19.076,72.8777
2025-07-07T12:00,28.4,78,31.3,0.0,0.0,3,100,22.8,248,19.076,72.8777
2025-07-07T13:00,27.8,80,31.0,0.1,0.1,51,100,19.1,250,19.076,72.8777
2025-07-07T14:00,28.6,77,31.8,0.0,0.0,3,100,20.0,257,19.076,72.8777
2025-07-07T15:00,28.4,74,31.3,0.1,0.1,51,100,19.0,255,19.076,72.8777
2025-07-07T16:00,27.7,79,30.8,0.7,0.7,53,100,19.0,255,19.076,72.8777
2025-07-07T17:00,27.6,82,31.0,0.5,0.5,53,100,19.0,253,19.076,72.8777
2025-07-07T18:00,27.5,83,30.9,0.7,0.7,53,100,19.4,232,19.076,72.8777
2025-07-07T19:00,27.4,83,30.6,0.0,0.0,3,100,20.3,237,19.076,72.8777
2025-07-07T20:00,27.3,84,30.9,0.0,0.0,3,100,17.9,231,19.076,72.8777
2025-07-07T21:00,26.5,87,30.3,0.2,0.2,51,100,17.1,234,19.076,72.8777
2025-07-07T22:00,25.8,91,29.8,0.3,0.3,51,99,15.3,251,19.076,72.8777
2025-07-07T23:00,27.3,85,31.2,0.1,0.1,51,81,17.6,244,19.076,72.8777
2025-07-08T00:00,27.4,85,31.1,0.1,0.1,51,48,18.9,248,19.076,72.8777
2025-07-08T01:00,27.3,84,30.8,0.0,0.0,3,86,19.1,249,19.076,72.8777
2025-07-08T02:00,27.3,85,31.0,0.0,0.0,3,89,18.6,247,19.076,72.8777
2025-07-08T03:00,27.3,85,31.3,0.0,0.0,2,67,16.2,244,19.076,72.8777
2025-07-08T04:00,27.1,80,30.4,0.0,0.0,3,100,16.0,247,19.076,72.8777
2025-07-08T05:00,26.9,84,30.5,0.0,0.0,3,100,16.9,248,19.076,72.8777
2025-07-08T06:00,26.9,84,30.6,0.4,0.4,51,99,16.3,235,19.076,72.8777
2025-07-08T07:00,27.7,82,31.4,0.0,0.0,3,100,17.4,237,19.076,72.8777
2025-07-08T08:00,27.9,76,30.4,0.3,0.3,51,100,21.9,237,19.076,72.8777
2025-07-08T09:00,27.6,83,31.3,0.0,0.0,3,100,18.3,230,19.076,72.8777
2025-07-08T10:00,28.2,81,31.7,0.0,0.0,3,100,19.5,233,19.076,72.8777
2025-07-08T11:00,27.7,82,30.8,0.1,0.1,51,100,21.7,241,19.076,72.8777
2025-07-08T12:00,28.6,81,32.5,0.0,0.0,3,100,18.9,238,19.076,72.8777
2025-07-08T13:00,27.9,83,31.9,0.4,0.4,51,100,16.8,254,19.076,72.8777
2025-07-08T14:00,27.8,82,31.2,0.1,0.1,51,100,19.4,253,19.076,72.8777
2025-07-08T15:00,28.2,79,31.1,0.3,0.3,51,99,21.9,248,19.076,72.8777
2025-07-08T16:00,28.5,77,31.2,1.2,1.2,55,100,23.0,250,19.076,72.8777
2025-07-08T17:00,28.0,81,31.3,0.6,0.6,53,100,20.9,249,19.076,72.8777
2025-07-08T18:00,27.6,84,31.5,0.1,0.1,51,100,18.3,240,19.076,72.8777
2025-07-08T19:00,27.7,81,31.5,0.0,0.0,3,100,16.9,239,19.076,72.8777
2025-07-08T20:00,27.3,85,31.3,0.0,0.0,3,99,16.9,241,19.076,72.8777
2025-07-08T21:00,27.2,85,31.1,0.0,0.0,2,78,17.2,249,19.076,72.8777
2025-07-08T22:00,27.2,84,31.0,0.0,0.0,3,81,17.3,247,19.076,72.8777
2025-07-08T23:00,26.4,87,30.0,0.1,0.1,51,64,17.4,252,19.076,72.8777
2025-07-09T00:00,26.8,87,30.6,0.4,0.4,51,63,17.0,251,19.076,72.8777
2025-07-09T01:00,26.7,85,30.2,0.2,0.2,51,100,17.8,252,19.076,72.8777
2025-07-09T02:00,26.7,84,30.0,0.0,0.0,3,100,18.7,250,19.076,72.8777
2025-07-09T03:00,26.7,83,30.0,0.0,0.0,3,100,17.8,247,19.076,72.8777
2025-07-09T04:00,26.4,86,29.8,0.4,0.4,51,99,17.6,250,19.076,72.8777
2025-07-09T05:00,26.2,90,30.2,0.0,0.0,3,95,15.5,250,19.076,72.8777
2025-07-09T06:00,26.7,86,31.3,0.1,0.1,51,100,10.8,249,19.076,72.8777
2025-07-09T07:00,27.2,83,31.1,0.4,0.4,51,100,14.6,252,19.076,72.8777
2025-07-09T08:00,25.7,90,30.4,2.1,2.1,61,100,9.0,273,19.076,72.8777
2025-07-09T09:00,25.8,91,30.8,2.2,2.2,61,100,7.6,298,19.076,72.8777
2025-07-09T10:00,26.1,91,31.5,0.8,0.8,53,100,6.0,287,19.076,72.8777
2025-07-09T11:00,27.1,87,32.7,0.3,0.3,51,96,6.7,251,19.076,72.8777
2025-07-09T12:00,27.5,84,31.9,0.1,0.1,51,98,13.6,227,19.076,72.8777
2025-07-09T13:00,26.8,84,30.1,1.2,1.2,55,93,18.9,239,19.076,72.8777
2025-07-09T14:00,26.0,88,30.5,0.7,0.7,53,80,9.9,248,19.076,72.8777
2025-07-09T15:00,27.3,83,31.9,0.1,0.1,51,52,11.5,224,19.076,72.8777
2025-07-09T16:00,26.4,83,30.1,3.9,3.9,63,100,13.4,246,19.076,72.8777
2025-07-09T17:00,25.8,89,30.0,1.3,1.3,61,100,12.2,211,19.076,72.8777
2025-07-09T18:00,27.4,92,33.2,0.0,0.0,3,100,10.3,241,19.076,72.8777
2025-07-09T19:00,27.3,90,32.3,0.1,0.1,51,100,14.1,242,19.076,72.8777
2025-07-09T20:00,27.3,89,32.4,0.0,0.0,3,98,12.7,238,19.076,72.8777
2025-07-09T21:00,27.2,88,31.9,0.2,0.2,51,97,13.6,239,19.076,72.8777
2025-07-09T22:00,26.9,89,31.4,0.2,0.2,51,88,15.1,241,19.076,72.8777
2025-07-09T23:00,26.5,87,30.6,0.7,0.7,53,81,14.1,243,19.076,72.8777
2025-07-10T00:00,26.8,89,31.8,0.1,0.1,51,62,10.7,243,19.076,72.8777
2025-07-10T01:00,26.3,88,31.0,0.3,0.3,51,54,10.8,233,19.076,72.8777
2025-07-10T02:00,25.7,91,30.4,0.3,0.3,51,76,10.0,250,19.076,72.8777
2025-07-10T03:00,25.2,94,30.0,0.2,0.2,51,84,8.5,241,19.076,72.8777
2025-07-10T04:00,25.0,94,30.4,0.3,0.3,51,78,4.6,257,19.076,72.8777
2025-07-10T05:00,24.8,94,29.8,0.9,0.9,53,76,6.1,214,19.076,72.8777
2025-07-10T06:00,26.1,88,30.8,0.2,0.2,51,100,8.9,245,19.076,72.8777
2025-07-10T07:00,27.1,81,31.7,0.4,0.4,51,100,7.5,255,19.076,72.8777
2025-07-10T08:00,27.8,79,32.8,0.3,0.3,51,100,6.5,242,19.076,72.8777
2025-07-10T09:00,28.1,77,32.7,0.6,0.6,53,91,8.9,242,19.076,72.8777
2025-07-10T10:00,28.0,81,32.5,0.6,0.6,53,88,12.3,245,19.076,72.8777
2025-07-10T11:00,28.7,78,33.1,0.0,0.0,3,98,13.4,248,19.076,72.8777
2025-07-10T12:00,27.5,82,31.7,0.9,0.9,53,98,13.2,250,19.076,72.8777
2025-07-10T13:00,28.2,82,33.5,0.1,0.1,51,61,11.1,243,19.076,72.8777
2025-07-10T14:00,29.1,79,35.5,0.0,0.0,1,42,11.7,245,19.076,72.8777
2025-07-10T15:00,28.5,83,34.2,0.0,0.0,1,25,11.5,250,19.076,72.8777
2025-07-10T16:00,27.1,87,31.5,0.0,0.0,3,100,14.4,222,19.076,72.8777
2025-07-10T17:00,27.1,84,31.5,0.2,0.2,51,100,12.2,229,19.076,72.8777
2025-07-10T18:00,27.9,83,32.3,0.0,0.0,3,100,14.3,227,19.076,72.8777
2025-07-10T19:00,27.3,83,31.6,0.5,0.5,53,100,13.1,232,19.076,72.8777
2025-07-10T20:00,26.8,88,31.6,0.2,0.2,51,100,11.6,228,19.076,72.8777
2025-07-10T21:00,26.6,87,31.2,0.1,0.1,51,100,11.2,228,19.076,72.8777
2025-07-10T22:00,26.3,88,31.1,0.1,0.1,51,100,9.5,226,19.076,72.8777
2025-07-10T23:00,26.0,90,30.9,0.2,0.2,51,100,9.0,206,19.076,72.8777
2025-07-11T00:00,26.0,92,30.9,0.1,0.1,51,100,10.0,206,19.076,72.8777
2025-07-11T01:00,25.7,90,30.2,0.3,0.3,51,100,10.3,224,19.076,72.8777
2025-07-11T02:00,25.4,92,30.0,0.4,0.4,51,100,9.7,215,19.076,72.8777
2025-07-11T03:00,25.1,92,29.5,0.5,0.5,53,100,10.3,213,19.076,72.8777
2025-07-11T04:00,25.1,91,29.2,0.4,0.4,51,100,12.2,218,19.076,72.8777
2025-07-11T05:00,25.4,90,29.9,0.2,0.2,51,99,9.3,217,19.076,72.8777
2025-07-11T06:00,26.2,89,31.3,0.5,0.5,53,96,7.6,225,19.076,72.8777
2025-07-11T07:00,27.0,87,32.2,0.0,0.0,3,99,8.4,250,19.076,72.8777
2025-07-11T08:00,28.0,80,32.9,0.1,0.1,51,71,8.9,243,19.076,72.8777
2025-07-11T09:00,27.7,78,31.8,0.2,0.2,51,93,11.4,232,19.076,72.8777
2025-07-11T10:00,27.3,84,32.3,0.0,0.0,3,100,8.6,260,19.076,72.8777
2025-07-11T11:00,28.0,83,33.5,0.6,0.6,53,97,7.6,255,19.076,72.8777
2025-07-11T12:00,27.9,83,33.1,0.2,0.2,51,100,9.8,235,19.076,72.8777
2025-07-11T13:00,27.1,86,32.3,0.5,0.5,53,99,9.3,220,19.076,72.8777
2025-07-11T14:00,27.8,83,33.0,0.2,0.2,51,90,9.9,225,19.076,72.8777
2025-07-11T15:00,27.6,83,32.6,0.1,0.1,51,77,9.4,227,19.076,72.8777
2025-07-11T16:00,27.2,85,32.2,0.0,0.0,3,93,9.7,236,19.076,72.8777
2025-07-11T17:00,27.3,85,32.3,0.2,0.2,51,100,9.4,239,19.076,72.8777
2025-07-11T18:00,27.6,87,32.8,0.0,0.0,3,94,11.1,248,19.076,72.8777
2025-07-11T19:00,27.1,83,31.5,0.5,0.5,53,100,11.5,256,19.076,72.8777
2025-07-11T20:00,26.4,87,30.7,0.2,0.2,51,79,12.9,251,19.076,72.8777
2025-07-11T21:00,26.3,89,31.0,0.1,0.1,51,36,11.2,246,19.076,72.8777
2025-07-11T22:00,26.4,87,31.0,0.7,0.7,53,88,10.3,251,19.076,72.8777
2025-07-11T23:00,26.4,89,31.5,0.1,0.1,51,98,8.3,246,19.076,72.8777
2025-07-12T00:00,26.0,89,31.0,0.2,0.2,51,97,6.9,242,19.076,72.8777
2025-07-12T01:00,25.7,90,30.9,0.2,0.2,51,95,5.9,223,19.076,72.8777
2025-07-12T02:00,25.3,90,30.2,0.4,0.4,51,78,5.9,232,19.076,72.8777
2025-07-12T03:00,25.4,90,30.4,0.2,0.2,51,95,5.8,219,19.076,72.8777
2025-07-12T04:00,25.1,94,30.2,0.3,0.3,51,68,7.1,232,19.076,72.8777
2025-07-12T05:00,25.3,92,30.6,0.3,0.3,51,86,5.4,201,19.076,72.8777
2025-07-12T06:00,26.6,89,31.6,0.0,0.0,1,29,9.6,256,19.076,72.8777
2025-07-12T07:00,27.0,84,31.7,0.1,0.1,51,42,9.3,260,19.076,72.8777
2025-07-12T08:00,26.2,86,31.0,0.4,0.4,51,97,7.8,318,19.076,72.8777
2025-07-12T09:00,27.4,83,32.6,0.3,0.3,51,84,7.6,270,19.076,72.8777
2025-07-12T10:00,28.3,81,33.5,0.1,0.1,51,95,9.2,270,19.076,72.8777
2025-07-12T11:00,29.2,79,35.5,0.0,0.0,3,100,10.3,263,19.076,72.8777
2025-07-12T12:00,29.3,77,35.1,0.0,0.0,3,100,13.5,257,19.076,72.8777
2025-07-12T13:00,29.2,76,35.0,0.1,0.1,51,93,14.8,257,19.076,72.8777
2025-07-12T14:00,29.1,77,34.5,0.0,0.0,3,100,15.2,257,19.076,72.8777
2025-07-12T15:00,29.0,77,33.8,0.2,0.2,51,100,16.2,253,19.076,72.8777
2025-07-12T16:00,28.4,78,32.1,0.4,0.4,51,100,17.0,252,19.076,72.8777
2025-07-12T17:00,27.9,81,31.9,0.2,0.2,51,85,15.5,252,19.076,72.8777
2025-07-12T18:00,27.4,85,31.8,0.1,0.1,51,79,14.3,245,19.076,72.8777
2025-07-12T19:00,27.1,85,31.3,0.3,0.3,51,58,14.2,248,19.076,72.8777
2025-07-12T20:00,26.8,86,31.2,0.1,0.1,51,92,12.4,246,19.076,72.8777
2025-07-12T21:00,26.9,85,31.3,0.4,0.4,51,93,11.6,249,19.076,72.8777
2025-07-12T22:00,26.5,88,31.2,0.5,0.5,53,46,11.0,246,19.076,72.8777
2025-07-12T23:00,26.1,91,31.1,0.1,0.1,51,98,9.7,239,19.076,72.8777
2025-07-13T00:00,26.1,90,31.2,0.1,0.1,51,100,7.7,231,19.076,72.8777
2025-07-13T01:00,26.1,89,30.9,0.1,0.1,51,100,9.2,244,19.076,72.8777
2025-07-13T02:00,25.7,90,30.3,0.4,0.4,51,100,8.8,227,19.076,72.8777
2025-07-13T03:00,25.5,91,30.2,0.2,0.2,51,100,8.9,225,19.076,72.8777
2025-07-13T04:00,25.4,91,30.0,0.4,0.4,51,100,9.6,244,19.076,72.8777
2025-07-13T05:00,25.5,91,29.9,0.6,0.6,53,100,10.6,236,19.076,72.8777
2025-07-13T06:00,26.2,90,31.4,0.2,0.2,51,100,8.3,257,19.076,72.8777
2025-07-13T07:00,26.6,86,31.3,0.2,0.2,51,100,9.9,241,19.076,72.8777
2025-07-13T08:00,27.1,83,31.5,1.0,1.0,55,100,11.5,253,19.076,72.8777
2025-07-13T09:00,26.7,86,31.2,1.0,1.0,55,100,12.2,239,19.076,72.8777
2025-07-13T10:00,26.5,87,31.1,1.4,1.4,61,100,9.9,266,19.076,72.8777
2025-07-13T11:00,28.0,80,32.6,0.7,0.7,53,100,10.9,258,19.076,72.8777
2025-07-13T12:00,26.7,84,31.1,2.5,2.5,63,100,13.3,222,19.076,72.8777
2025-07-13T13:00,27.8,83,33.0,0.6,0.6,53,100,11.1,239,19.076,72.8777
2025-07-13T14:00,28.5,80,33.4,0.1,0.1,51,100,14.0,254,19.076,72.8777
2025-07-13T15:00,27.5,82,31.4,0.1,0.1,51,100,15.3,250,19.076,72.8777
2025-07-13T16:00,27.6,79,31.1,0.5,0.5,53,100,15.7,246,19.076,72.8777
2025-07-13T17:00,27.5,83,32.0,0.2,0.2,51,100,12.9,255,19.076,72.8777
2025-07-13T18:00,27.8,79,31.8,0.1,0.1,51,100,13.8,246,19.076,72.8777
2025-07-13T19:00,27.5,79,31.3,0.2,0.2,51,100,13.3,249,19.076,72.8777
2025-07-13T20:00,26.7,83,30.6,0.5,0.5,53,100,13.2,239,19.076,72.8777
2025-07-13T21:00,26.0,89,30.3,1.8,1.8,61,100,11.7,238,19.076,72.8777
2025-07-13T22:00,26.0,90,30.4,1.2,1.2,55,100,12.1,215,19.076,72.8777
2025-07-13T23:00,25.7,91,30.2,0.6,0.6,53,100,12.0,233,19.076,72.8777
2025-07-14T00:00,25.8,91,30.1,0.7,0.7,53,100,12.9,216,19.076,72.8777
2025-07-14T01:00,25.8,92,30.1,0.5,0.5,53,100,13.8,222,19.076,72.8777
2025-07-14T02:00,25.5,92,29.6,1.6,1.6,61,100,13.7,220,19.076,72.8777
2025-07-14T03:00,25.9,90,29.8,0.7,0.7,53,100,14.9,233,19.076,72.8777
2025-07-14T04:00,25.6,92,29.8,1.0,1.0,55,100,13.4,231,19.076,72.8777
2025-07-14T05:00,25.6,91,29.6,1.0,1.0,55,100,14.3,236,19.076,72.8777
2025-07-14T06:00,25.5,91,29.3,1.2,1.2,55,100,15.5,230,19.076,72.8777
2025-07-14T07:00,26.2,90,30.5,0.7,0.7,53,100,13.6,230,19.076,72.8777
2025-07-14T08:00,25.8,91,29.7,0.7,0.7,53,100,15.4,237,19.076,72.8777
2025-07-14T09:00,26.8,87,31.4,0.5,0.5,53,100,11.8,224,19.076,72.8777
2025-07-14T10:00,27.5,82,31.3,0.4,0.4,51,100,16.3,235,19.076,72.8777
2025-07-14T11:00,26.3,89,29.8,7.1,7.1,63,100,18.6,242,19.076,72.8777
2025-07-14T12:00,27.1,85,30.7,1.0,1.0,55,100,18.6,242,19.076,72.8777
2025-07-14T13:00,27.0,86,30.8,1.2,1.2,55,100,17.4,253,19.076,72.8777
2025-07-14T14:00,26.8,88,30.0,12.1,12.1,65,100,21.7,263,19.076,72.8777
2025-07-14T15:00,26.4,90,29.9,3.0,3.0,63,100,19.5,260,19.076,72.8777
2025-07-14T16:00,26.7,88,30.6,0.5,0.5,53,100,17.5,262,19.076,72.8777
2025-07-14T17:00,26.5,89,30.6,0.3,0.3,51,100,16.1,256,19.076,72.8777
2025-07-14T18:00,26.8,86,30.8,1.3,1.3,61,100,15.2,260,19.076,72.8777
2025-07-14T19:00,26.4,89,30.9,0.8,0.8,53,100,11.8,253,19.076,72.8777
2025-07-14T20:00,24.6,96,29.0,6.2,6.2,63,100,11.5,239,19.076,72.8777
2025-07-14T21:00,25.4,91,29.9,5.5,5.5,63,100,9.9,237,19.076,72.8777
2025-07-14T22:00,25.8,94,30.8,0.3,0.3,51,87,10.3,232,19.076,72.8777
2025-07-14T23:00,25.2,94,30.0,2.7,2.7,63,100,9.5,248,19.076,72.8777
2025-07-15T00:00,25.4,93,29.6,1.5,1.5,61,100,13.4,237,19.076,72.8777
2025-07-15T01:00,25.8,91,30.2,0.4,0.4,51,100,12.4,237,19.076,72.8777
2025-07-15T02:00,25.5,91,29.4,0.8,0.8,53,100,14.1,231,19.076,72.8777
2025-07-15T03:00,25.6,90,29.8,0.3,0.3,51,100,12.6,241,19.076,72.8777
2025-07-15T04:00,25.6,91,29.9,0.8,0.8,53,99,12.0,237,19.076,72.8777
2025-07-15T05:00,25.2,93,29.3,0.9,0.9,53,100,13.0,242,19.076,72.8777
2025-07-15T06:00,27.0,85,31.4,0.1,0.1,51,98,13.2,302,19.076,72.8777
2025-07-15T07:00,27.3,82,31.4,0.2,0.2,51,99,12.9,302,19.076,72.8777
2025-07-15T08:00,27.4,82,31.7,1.9,1.9,61,90,12.2,297,19.076,72.8777
2025-07-15T09:00,27.1,88,32.7,1.7,1.7,61,100,7.0,282,19.076,72.8777
2025-07-15T10:00,26.5,86,30.9,2.0,2.0,61,99,11.7,252,19.076,72.8777
2025-07-15T11:00,27.0,83,31.1,0.2,0.2,51,85,12.5,276,19.076,72.8777
2025-07-15T12:00,26.9,83,31.3,0.1,0.1,51,100,10.1,260,19.076,72.8777
2025-07-15T13:00,27.0,83,31.8,0.4,0.4,51,100,9.9,254,19.076,72.8777
2025-07-15T14:00,27.6,83,32.5,0.2,0.2,51,100,11.7,232,19.076,72.8777
2025-07-15T15:00,27.1,87,32.0,0.1,0.1,51,100,11.4,243,19.076,72.8777
2025-07-15T16:00,26.9,85,31.4,0.4,0.4,51,100,11.5,240,19.076,72.8777
2025-07-15T17:00,26.7,87,31.2,0.7,0.7,53,100,12.0,227,19.076,72.8777
2025-07-15T18:00,27.3,88,31.9,0.2,0.2,51,100,14.7,246,19.076,72.8777
2025-07-15T19:00,26.6,87,30.6,0.6,0.6,53,100,14.8,247,19.076,72.8777
2025-07-15T20:00,26.9,89,32.0,0.4,0.4,51,100,11.2,244,19.076,72.8777
2025-07-15T21:00,27.0,88,32.0,0.1,0.1,51,100,10.9,241,19.076,72.8777
2025-07-15T22:00,26.3,86,30.6,0.9,0.9,53,88,11.0,228,19.076,72.8777
2025-07-15T23:00,25.6,92,30.4,0.9,0.9,53,92,9.1,221,19.076,72.8777
2025-07-16T00:00,25.6,93,30.7,0.7,0.7,53,90,7.8,232,19.076,72.8777
2025-07-16T01:00,25.8,93,31.5,0.5,0.5,53,100,4.1,241,19.076,72.8777
2025-07-16T02:00,25.9,90,30.9,0.7,0.7,53,100,7.6,225,19.076,72.8777
2025-07-16T03:00,25.7,91,30.5,0.2,0.2,51,98,9.3,241,19.076,72.8777
2025-07-16T04:00,25.6,91,30.6,0.2,0.2,51,100,7.7,237,19.076,72.8777
2025-07-16T05:00,25.5,91,30.1,0.7,0.7,53,100,9.5,238,19.076,72.8777
2025-07-16T06:00,26.4,91,31.7,0.1,0.1,51,97,8.7,263,19.076,72.8777
2025-07-16T07:00,27.1,88,32.4,0.1,0.1,51,90,8.7,278,19.076,72.8777
2025-07-16T08:00,27.7,84,32.8,0.2,0.2,51,78,9.8,277,19.076,72.8777
2025-07-16T09:00,27.9,82,32.6,0.3,0.3,51,78,11.3,287,19.076,72.8777
2025-07-16T10:00,28.4,79,33.1,0.3,0.3,51,98,11.8,278,19.076,72.8777
2025-07-16T11:00,29.0,75,34.0,0.4,0.4,51,53,13.5,274,19.076,72.8777
2025-07-16T12:00,29.1,75,34.0,0.5,0.5,53,68,14.3,276,19.076,72.8777
2025-07-16T13:00,29.2,75,34.2,0.5,0.5,53,100,14.5,275,19.076,72.8777
2025-07-16T14:00,28.9,77,34.0,0.4,0.4,51,99,14.9,271,19.076,72.8777
2025-07-16T15:00,28.6,78,32.9,0.4,0.4,51,99,16.0,267,19.076,72.8777
2025-07-16T16:00,28.4,80,32.4,0.5,0.5,53,96,15.9,267,19.076,72.8777
2025-07-16T17:00,28.1,80,32.3,0.5,0.5,53,68,14.1,263,19.076,72.8777
2025-07-16T18:00,28.0,85,33.0,0.2,0.2,51,53,12.4,267,19.076,72.8777
2025-07-16T19:00,27.4,88,32.6,0.0,0.0,3,99,11.5,268,19.076,72.8777
2025-07-16T20:00,27.1,91,32.5,0.1,0.1,51,81,11.1,263,19.076,72.8777
2025-07-16T21:00,26.8,92,32.1,0.1,0.1,51,100,11.3,260,19.076,72.8777
2025-07-16T22:00,26.7,92,32.0,0.1,0.1,51,100,10.5,257,19.076,72.8777
2025-07-16T23:00,26.3,92,31.4,0.2,0.2,51,100,10.9,246,19.076,72.8777
2025-07-17T00:00,26.4,91,31.5,0.0,0.0,3,100,10.4,242,19.076,72.8777
2025-07-17T01:00,26.3,91,31.6,0.0,0.0,3,100,9.3,233,19.076,72.8777
2025-07-17T02:00,26.1,92,31.3,0.1,0.1,51,100,8.7,228,19.076,72.8777
2025-07-17T03:00,25.8,91,30.9,0.2,0.2,51,100,7.5,224,19.076,72.8777
2025-07-17T04:00,25.5,93,30.9,0.1,0.1,51,100,5.5,234,19.076,72.8777
2025-07-17T05:00,25.5,92,31.0,0.2,0.2,51,100,4.0,212,19.076,72.8777
2025-07-17T06:00,26.3,91,31.9,0.1,0.1,51,100,5.6,312,19.076,72.8777
2025-07-17T07:00,26.7,86,32.4,0.4,0.4,51,100,3.3,221,19.076,72.8777
2025-07-17T08:00,26.5,87,31.8,0.5,0.5,53,100,5.5,247,19.076,72.8777
2025-07-17T09:00,27.6,83,33.5,0.1,0.1,51,100,2.8,235,19.076,72.8777
2025-07-17T10:00,28.5,79,33.7,0.4,0.4,51,100,7.7,254,19.076,72.8777
2025-07-17T11:00,28.9,76,34.6,0.4,0.4,51,88,10.0,261,19.076,72.8777
2025-07-17T12:00,29.3,74,35.5,0.7,0.7,53,100,11.2,264,19.076,72.8777
2025-07-17T13:00,29.3,75,35.4,0.4,0.4,51,100,11.2,266,19.076,72.8777
2025-07-17T14:00,29.0,80,35.1,0.2,0.2,51,100,9.9,261,19.076,72.8777
2025-07-17T15:00,28.9,80,34.7,0.0,0.0,3,98,9.0,255,19.076,72.8777
2025-07-17T16:00,28.7,80,33.8,0.0,0.0,3,100,10.0,252,19.076,72.8777
2025-07-17T17:00,28.3,80,33.4,0.0,0.0,3,100,8.9,252,19.076,72.8777
2025-07-17T18:00,28.4,82,34.1,0.0,0.0,3,100,7.8,263,19.076,72.8777
2025-07-17T19:00,27.7,87,33.5,0.0,0.0,3,100,7.4,256,19.076,72.8777
2025-07-17T20:00,27.5,88,33.3,0.1,0.1,51,100,6.7,239,19.076,72.8777
2025-07-17T21:00,27.3,88,33.0,0.0,0.0,3,100,7.3,222,19.076,72.8777
2025-07-17T22:00,26.9,90,32.7,0.0,0.0,3,100,7.5,226,19.076,72.8777
2025-07-17T23:00,26.6,90,32.0,0.2,0.2,51,99,8.7,230,19.076,72.8777
2025-07-18T00:00,26.4,90,31.9,0.4,0.4,51,100,6.7,239,19.076,72.8777
2025-07-18T01:00,26.1,90,31.3,0.2,0.2,51,100,7.3,240,19.076,72.8777
2025-07-18T02:00,26.0,90,31.2,0.2,0.2,51,100,6.6,221,19.076,72.8777
2025-07-18T03:00,25.8,91,31.0,0.1,0.1,51,100,6.6,213,19.076,72.8777
2025-07-18T04:00,25.6,92,31.0,0.1,0.1,51,100,4.8,217,19.076,72.8777
2025-07-18T05:00,25.8,90,30.9,0.2,0.2,51,100,5.8,210,19.076,72.8777
2025-07-18T06:00,26.6,88,32.2,0.0,0.0,3,100,5.2,248,19.076,72.8777
2025-07-18T07:00,27.1,88,32.8,0.1,0.1,51,86,6.3,257,19.076,72.8777
2025-07-18T08:00,27.9,81,33.0,0.2,0.2,51,100,8.0,262,19.076,72.8777
2025-07-18T09:00,28.6,77,33.5,0.2,0.2,51,100,8.6,254,19.076,72.8777
2025-07-18T10:00,28.6,78,33.4,0.2,0.2,51,100,10.6,260,19.076,72.8777
2025-07-18T11:00,28.9,77,34.0,0.1,0.1,51,100,10.7,261,19.076,72.8777
2025-07-18T12:00,29.1,77,34.9,0.0,0.0,3,100,10.2,260,19.076,72.8777
2025-07-18T13:00,29.4,76,35.6,0.3,0.3,51,100,11.2,264,19.076,72.8777
2025-07-18T14:00,29.5,75,35.7,0.3,0.3,51,100,11.9,269,19.076,72.8777
2025-07-18T15:00,29.1,75,34.2,0.1,0.1,51,100,12.1,273,19.076,72.8777
2025-07-18T16:00,28.7,76,33.2,0.0,0.0,3,100,11.2,276,19.076,72.8777
2025-07-18T17:00,28.4,77,32.9,0.0,0.0,3,95,11.2,267,19.076,72.8777
2025-07-18T18:00,28.2,80,33.0,0.0,0.0,3,100,10.1,282,19.076,72.8777
2025-07-18T19:00,27.7,82,32.7,0.0,0.0,3,100,9.1,278,19.076,72.8777
2025-07-18T20:00,27.5,83,32.7,0.0,0.0,3,100,7.0,273,19.076,72.8777
2025-07-18T21:00,27.3,84,32.6,0.0,0.0,3,100,6.9,261,19.076,72.8777
2025-07-18T22:00,27.0,86,32.4,0.0,0.0,3,99,6.8,238,19.076,72.8777
2025-07-18T23:00,26.6,88,31.8,0.0,0.0,3,100,7.5,226,19.076,72.8777
2025-07-19T00:00,26.0,89,31.1,0.3,0.3,51,100,6.9,240,19.076,72.8777
2025-07-19T01:00,26.3,86,31.4,0.1,0.1,51,100,6.0,226,19.076,72.8777
2025-07-19T02:00,25.9,89,31.1,0.3,0.3,51,100,6.2,237,19.076,72.8777
2025-07-19T03:00,25.3,91,30.4,0.5,0.5,53,100,5.3,225,19.076,72.8777
2025-07-19T04:00,25.3,93,30.6,0.3,0.3,51,100,5.6,207,19.076,72.8777
2025-07-19T05:00,24.9,94,29.9,0.2,0.2,51,100,7.1,223,19.076,72.8777
2025-07-19T06:00,26.3,88,31.2,0.1,0.1,51,100,8.9,246,19.076,72.8777
2025-07-19T07:00,27.0,87,32.2,0.0,0.0,3,100,8.3,240,19.076,72.8777
2025-07-19T08:00,27.9,81,32.8,0.0,0.0,3,100,9.1,248,19.076,72.8777
2025-07-19T09:00,28.2,78,32.9,0.1,0.1,51,85,9.7,248,19.076,72.8777
2025-07-19T10:00,28.2,80,33.2,0.2,0.2,51,83,8.7,233,19.076,72.8777
2025-07-19T11:00,27.7,82,32.8,0.5,0.5,53,65,10.7,230,19.076,72.8777
2025-07-19T12:00,27.9,82,33.8,0.1,0.1,51,94,11.7,261,19.076,72.8777
2025-07-19T13:00,28.2,80,33.5,0.7,0.7,53,92,13.1,245,19.076,72.8777
2025-07-19T14:00,27.6,83,32.6,0.8,0.8,53,45,13.3,249,19.076,72.8777
2025-07-19T15:00,28.1,83,33.7,0.0,0.0,1,29,11.1,250,19.076,72.8777
2025-07-19T16:00,28.0,81,32.7,0.1,0.1,51,81,11.1,258,19.076,72.8777
2025-07-19T17:00,27.5,84,32.4,0.0,0.0,1,28,10.6,249,19.076,72.8777
2025-07-19T18:00,28.3,82,33.3,0.1,0.1,51,51,11.4,259,19.076,72.8777
2025-07-19T19:00,27.8,80,32.4,0.4,0.4,51,66,9.8,256,19.076,72.8777
2025-07-19T20:00,27.5,82,32.2,0.5,0.5,53,54,10.4,244,19.076,72.8777
2025-07-19T21:00,26.9,86,31.8,0.4,0.4,51,39,9.7,231,19.076,72.8777
2025-07-19T22:00,26.7,86,31.5,0.4,0.4,51,39,9.5,226,19.076,72.8777
2025-07-19T23:00,26.0,90,30.8,0.2,0.2,51,88,9.5,226,19.076,72.8777
2025-07-20T00:00,25.7,90,30.7,0.5,0.5,53,84,6.9,203,19.076,72.8777
2025-07-20T01:00,25.3,93,30.2,0.6,0.6,53,97,8.1,211,19.076,72.8777
2025-07-20T02:00,25.1,94,29.8,0.2,0.2,51,87,9.6,203,19.076,72.8777
2025-07-20T03:00,24.9,93,29.3,0.2,0.2,51,100,10.4,208,19.076,72.8777
2025-07-20T04:00,25.1,93,29.5,0.3,0.3,51,100,11.0,215,19.076,72.8777
2025-07-20T05:00,25.1,93,29.6,0.2,0.2,51,92,9.6,206,19.076,72.8777
2025-07-20T06:00,25.8,90,30.7,0.7,0.7,53,98,8.0,228,19.076,72.8777
2025-07-20T07:00,25.9,90,30.2,0.2,0.2,51,96,12.3,217,19.076,72.8777
2025-07-20T08:00,26.5,86,30.7,0.3,0.3,51,100,13.0,227,19.076,72.8777
2025-07-20T09:00,26.5,86,30.4,0.5,0.5,53,97,14.3,236,19.076,72.8777
2025-07-20T10:00,27.3,85,32.1,0.2,0.2,51,99,10.3,237,19.076,72.8777
2025-07-20T11:00,27.9,81,32.4,0.2,0.2,51,85,12.3,245,19.076,72.8777
2025-07-20T12:00,27.7,83,32.8,1.7,1.7,61,93,10.7,240,19.076,72.8777
2025-07-20T13:00,27.6,84,33.8,0.5,0.5,53,97,12.3,243,19.076,72.8777
2025-07-20T14:00,28.0,81,32.6,0.4,0.4,51,100,12.8,235,19.076,72.8777
2025-07-20T15:00,27.3,84,31.6,0.7,0.7,53,78,13.4,231,19.076,72.8777
2025-07-20T16:00,27.5,80,31.3,0.6,0.6,53,88,14.3,235,19.076,72.8777
2025-07-20T17:00,27.4,83,31.9,0.3,0.3,51,68,12.2,237,19.076,72.8777
2025-07-20T18:00,26.7,88,31.9,0.6,0.6,53,100,8.7,218,19.076,72.8777
2025-07-20T19:00,26.6,86,31.3,0.6,0.6,53,100,10.4,224,19.076,72.8777
2025-07-20T20:00,25.7,93,30.4,0.8,0.8,53,100,10.8,218,19.076,72.8777
2025-07-20T21:00,25.5,94,30.6,0.9,0.9,53,100,8.0,203,19.076,72.8777
2025-07-20T22:00,25.7,93,30.4,0.7,0.7,53,100,11.6,206,19.076,72.8777
2025-07-20T23:00,25.8,91,30.3,0.4,0.4,51,100,12.4,204,19.076,72.8777
2025-07-21T00:00,25.7,91,30.3,0.2,0.2,51,100,11.1,193,19.076,72.8777
2025-07-21T01:00,25.8,90,30.5,0.1,0.1,51,100,10.1,204,19.076,72.8777
2025-07-21T02:00,25.8,91,30.4,0.2,0.2,51,100,10.7,209,19.076,72.8777
2025-07-21T03:00,25.7,90,30.4,0.2,0.2,51,100,9.7,207,19.076,72.8777
2025-07-21T04:00,25.7,91,30.6,0.2,0.2,51,100,8.1,205,19.076,72.8777
2025-07-21T05:00,25.6,91,30.6,0.2,0.2,51,100,7.7,201,19.076,72.8777
2025-07-21T06:00,25.8,92,31.1,0.6,0.6,53,100,7.8,222,19.076,72.8777
2025-07-21T07:00,26.1,90,31.2,0.9,0.9,53,100,7.9,240,19.076,72.8777
2025-07-21T08:00,25.9,94,31.5,3.1,3.1,63,100,7.1,243,19.076,72.8777
2025-07-21T09:00,26.5,89,32.0,0.3,0.3,51,100,6.8,248,19.076,72.8777
2025-07-21T10:00,26.8,86,31.9,0.9,0.9,53,100,7.8,251,19.076,72.8777
2025-07-21T11:00,27.1,85,31.8,0.3,0.3,51,100,10.6,247,19.076,72.8777
2025-07-21T12:00,26.8,86,31.7,0.2,0.2,51,100,9.2,239,19.076,72.8777
2025-07-21T13:00,28.1,81,32.6,0.3,0.3,51,100,12.9,237,19.076,72.8777
2025-07-21T14:00,27.4,83,32.0,1.0,1.0,55,100,11.5,240,19.076,72.8777
2025-07-21T15:00,27.7,83,32.3,0.1,0.1,51,100,12.1,238,19.076,72.8777
2025-07-21T16:00,27.1,85,31.7,1.3,1.3,61,100,11.4,247,19.076,72.8777
2025-07-21T17:00,27.4,83,31.7,0.3,0.3,51,100,12.3,243,19.076,72.8777
2025-07-21T18:00,26.2,92,31.3,2.1,2.1,61,98,9.9,254,19.076,72.8777
2025-07-21T19:00,26.0,91,31.5,1.9,1.9,61,100,6.4,260,19.076,72.8777
2025-07-21T20:00,26.1,91,31.4,1.8,1.8,61,100,7.7,270,19.076,72.8777
2025-07-21T21:00,26.1,91,31.5,0.9,0.9,53,99,7.0,271,19.076,72.8777
2025-07-21T22:00,26.2,90,31.5,0.5,0.5,53,66,7.6,242,19.076,72.8777
2025-07-21T23:00,26.1,91,31.3,0.1,0.1,51,81,8.3,229,19.076,72.8777
2025-07-22T00:00,25.6,91,30.4,3.0,3.0,63,83,8.8,235,19.076,72.8777
2025-07-22T01:00,25.5,93,30.4,0.4,0.4,51,79,9.6,223,19.076,72.8777
2025-07-22T02:00,25.7,91,30.7,0.4,0.4,51,99,8.5,218,19.076,72.8777
2025-07-22T03:00,26.0,92,31.2,0.1,0.1,51,100,8.1,223,19.076,72.8777
2025-07-22T04:00,25.7,91,30.6,0.8,0.8,53,100,8.0,245,19.076,72.8777
2025-07-22T05:00,25.7,91,30.5,0.3,0.3,51,100,9.4,223,19.076,72.8777
2025-07-22T06:00,25.9,90,31.3,0.3,0.3,51,100,5.0,226,19.076,72.8777
2025-07-22T07:00,26.2,89,31.4,0.5,0.5,53,100,7.0,238,19.076,72.8777
2025-07-22T08:00,26.8,86,32.2,0.2,0.2,51,100,5.8,234,19.076,72.8777
2025-07-22T09:00,27.6,83,32.7,0.2,0.2,51,99,8.5,243,19.076,72.8777
2025-07-22T10:00,27.7,83,32.4,0.0,0.0,3,100,11.7,245,19.076,72.8777
2025-07-22T11:00,28.1,83,33.6,0.0,0.0,3,100,11.9,252,19.076,72.8777
2025-07-22T12:00,27.2,83,31.7,0.5,0.5,53,100,10.8,259,19.076,72.8777
2025-07-22T13:00,27.2,86,31.9,0.4,0.4,51,98,12.7,263,19.076,72.8777
2025-07-22T14:00,27.7,82,31.8,1.9,1.9,61,91,14.7,258,19.076,72.8777
2025-07-22T15:00,27.1,88,31.9,2.3,2.3,61,99,12.8,253,19.076,72.8777
2025-07-22T16:00,26.9,85,31.0,0.9,0.9,53,100,14.2,262,19.076,72.8777
2025-07-22T17:00,26.8,87,31.1,1.0,1.0,55,100,14.1,263,19.076,72.8777
2025-07-22T18:00,26.9,87,31.6,0.6,0.6,53,100,11.1,284,19.076,72.8777
2025-07-22T19:00,26.4,89,31.2,0.5,0.5,53,100,10.0,278,19.076,72.8777
2025-07-22T20:00,26.5,89,31.6,0.4,0.4,51,100,8.5,271,19.076,72.8777
2025-07-22T21:00,25.9,91,30.6,1.0,1.0,55,100,10.8,266,19.076,72.8777
2025-07-22T22:00,26.0,91,30.7,1.1,1.1,55,100,10.8,255,19.076,72.8777
2025-07-22T23:00,25.2,94,29.8,1.6,1.6,61,100,11.1,250,19.076,72.8777
2025-07-23T00:00,25.6,93,30.1,1.9,1.9,61,100,12.0,261,19.076,72.8777
2025-07-23T01:00,25.7,91,29.8,1.2,1.2,55,100,13.2,253,19.076,72.8777
2025-07-23T02:00,25.5,92,29.9,1.1,1.1,55,100,12.0,251,19.076,72.8777
2025-07-23T03:00,25.0,94,29.8,2.4,2.4,61,100,9.2,237,19.076,72.8777
2025-07-23T04:00,25.0,94,29.1,3.1,3.1,63,100,13.2,240,19.076,72.8777
2025-07-23T05:00,24.7,93,28.7,2.1,2.1,61,100,12.4,246,19.076,72.8777
2025-07-23T06:00,25.7,92,30.8,0.3,0.3,51,100,7.8,257,19.076,72.8777
2025-07-23T07:00,26.0,91,31.0,0.1,0.1,51,95,9.5,259,19.076,72.8777
2025-07-23T08:00,26.2,89,31.1,1.2,1.2,55,100,9.2,273,19.076,72.8777
2025-07-23T09:00,26.5,87,31.1,0.5,0.5,53,100,10.9,257,19.076,72.8777
2025-07-23T10:00,27.1,83,31.5,0.2,0.2,51,100,11.1,240,19.076,72.8777
2025-07-23T11:00,27.1,83,31.2,0.2,0.2,51,94,13.5,273,19.076,72.8777
2025-07-23T12:00,26.9,83,30.8,0.6,0.6,53,100,14.1,257,19.076,72.8777
2025-07-23T13:00,27.9,80,32.4,0.2,0.2,51,100,13.9,246,19.076,72.8777
2025-07-23T14:00,28.0,80,31.7,0.1,0.1,51,100,16.5,256,19.076,72.8777
2025-07-23T15:00,26.4,83,29.6,0.4,0.4,51,100,16.6,243,19.076,72.8777
2025-07-23T16:00,27.3,83,31.4,0.3,0.3,51,100,13.7,254,19.076,72.8777
2025-07-23T17:00,26.6,83,30.1,0.5,0.5,53,100,15.2,260,19.076,72.8777
2025-07-23T18:00,27.5,81,30.9,0.1,0.1,51,100,17.3,255,19.076,72.8777
2025-07-23T19:00,26.7,84,30.7,0.3,0.3,51,100,12.8,246,19.076,72.8777
2025-07-23T20:00,26.6,82,30.0,0.5,0.5,53,100,15.1,247,19.076,72.8777
2025-07-23T21:00,26.4,86,30.5,0.8,0.8,53,97,13.4,241,19.076,72.8777
2025-07-23T22:00,26.4,86,30.4,0.1,0.1,51,100,13.7,235,19.076,72.8777
2025-07-23T23:00,26.3,86,30.4,0.4,0.4,51,100,12.6,233,19.076,72.8777
2025-07-24T00:00,25.7,87,29.8,0.5,0.5,53,100,10.8,210,19.076,72.8777
2025-07-24T01:00,24.9,90,28.4,0.4,0.4,51,100,14.5,221,19.076,72.8777
2025-07-24T02:00,25.4,90,29.5,0.3,0.3,51,100,12.1,221,19.076,72.8777
2025-07-24T03:00,25.3,89,28.6,0.4,0.4,51,100,15.8,234,19.076,72.8777
2025-07-24T04:00,25.5,90,29.3,0.7,0.7,53,100,14.6,235,19.076,72.8777
2025-07-24T05:00,25.1,90,28.6,0.4,0.4,51,100,14.5,235,19.076,72.8777
2025-07-24T06:00,26.0,87,29.3,1.0,1.0,55,99,17.1,237,19.076,72.8777
2025-07-24T07:00,26.2,89,30.4,0.3,0.3,51,100,13.9,247,19.076,72.8777
2025-07-24T08:00,25.8,89,30.0,0.4,0.4,51,100,12.3,247,19.076,72.8777
2025-07-24T09:00,26.8,86,31.6,0.8,0.8,53,95,10.2,233,19.076,72.8777
2025-07-24T10:00,27.4,80,31.1,0.1,0.1,51,84,13.8,238,19.076,72.8777
2025-07-24T11:00,26.6,84,30.4,0.6,0.6,53,100,13.8,244,19.076,72.8777
2025-07-24T12:00,26.0,86,30.0,1.0,1.0,55,72,12.0,251,19.076,72.8777
2025-07-24T13:00,26.9,84,30.6,0.6,0.6,53,100,16.6,238,19.076,72.8777
2025-07-24T14:00,27.2,84,31.1,0.3,0.3,51,100,15.5,242,19.076,72.8777
2025-07-24T15:00,27.1,81,30.0,1.2,1.2,55,100,19.8,239,19.076,72.8777
2025-07-24T16:00,26.7,84,30.2,0.5,0.5,53,100,17.3,241,19.076,72.8777
2025-07-24T17:00,26.6,86,30.6,0.7,0.7,53,100,14.8,240,19.076,72.8777
2025-07-24T18:00,26.8,86,30.8,1.1,1.1,55,100,15.2,237,19.076,72.8777
2025-07-24T19:00,26.3,87,30.5,0.3,0.3,51,100,13.4,243,19.076,72.8777
2025-07-24T20:00,25.8,90,30.0,0.3,0.3,51,100,12.8,242,19.076,72.8777
2025-07-24T21:00,25.9,90,30.3,1.3,1.3,61,98,11.8,237,19.076,72.8777
2025-07-24T22:00,26.0,90,30.2,0.4,0.4,51,100,13.3,230,19.076,72.8777
2025-07-24T23:00,26.0,89,29.9,1.3,1.3,61,100,15.2,230,19.076,72.8777
2025-07-25T00:00,25.8,92,29.8,0.8,0.8,53,100,15.1,232,19.076,72.8777
2025-07-25T01:00,25.8,91,29.4,1.6,1.6,61,100,17.6,243,19.076,72.8777
2025-07-25T02:00,25.9,90,29.2,1.8,1.8,61,100,19.2,243,19.076,72.8777
2025-07-25T03:00,25.8,90,29.1,3.4,3.4,63,93,19.5,242,19.076,72.8777
2025-07-25T04:00,25.7,92,28.9,4.8,4.8,63,100,20.5,248,19.076,72.8777
2025-07-25T05:00,25.8,89,28.8,1.5,1.5,61,100,20.3,251,19.076,72.8777
2025-07-25T06:00,26.3,91,30.2,1.2,1.2,55,100,17.7,255,19.076,72.8777
2025-07-25T07:00,25.7,89,29.0,1.7,1.7,61,100,18.2,261,19.076,72.8777
2025-07-25T08:00,26.2,90,30.3,1.5,1.5,61,100,15.5,255,19.076,72.8777
2025-07-25T09:00,26.5,90,30.6,1.1,1.1,55,100,16.7,244,19.076,72.8777
2025-07-25T10:00,26.1,92,30.7,1.8,1.8,61,100,13.8,244,19.076,72.8777
2025-07-25T11:00,26.7,89,31.1,1.4,1.4,61,100,14.1,247,19.076,72.8777
2025-07-25T12:00,26.8,87,30.9,0.8,0.8,53,100,15.1,258,19.076,72.8777
2025-07-25T13:00,27.0,86,30.7,3.9,3.9,63,98,17.9,252,19.076,72.8777
2025-07-25T14:00,27.1,86,31.3,3.4,3.4,63,97,15.6,248,19.076,72.8777
2025-07-25T15:00,27.2,83,30.6,0.7,0.7,53,100,18.7,249,19.076,72.8777
2025-07-25T16:00,26.9,86,30.3,2.6,2.6,63,100,19.9,252,19.076,72.8777
2025-07-25T17:00,26.9,89,30.9,1.1,1.1,55,100,17.5,246,19.076,72.8777
2025-07-25T18:00,26.5,88,30.5,0.4,0.4,51,100,15.7,248,19.076,72.8777
2025-07-25T19:00,26.6,86,30.2,0.9,0.9,53,100,17.5,251,19.076,72.8777
2025-07-25T20:00,26.5,89,30.6,1.4,1.4,61,100,15.7,255,19.076,72.8777
2025-07-25T21:00,26.4,88,30.1,1.1,1.1,55,99,16.7,249,19.076,72.8777
2025-07-25T22:00,26.1,90,29.5,1.0,1.0,55,100,18.8,243,19.076,72.8777
2025-07-25T23:00,26.2,88,29.6,0.4,0.4,51,100,18.0,252,19.076,72.8777
2025-07-26T00:00,26.1,90,29.8,0.7,0.7,53,100,17.6,250,19.076,72.8777
2025-07-26T01:00,26.1,87,29.0,0.3,0.3,51,100,21.1,253,19.076,72.8777
2025-07-26T02:00,26.1,89,29.3,0.5,0.5,53,100,20.4,254,19.076,72.8777
2025-07-26T03:00,25.9,89,29.3,0.8,0.8,53,100,17.6,256,19.076,72.8777
2025-07-26T04:00,25.8,89,29.0,0.9,0.9,53,99,18.5,252,19.076,72.8777
2025-07-26T05:00,25.5,90,28.9,3.4,3.4,63,100,16.6,255,19.076,72.8777
2025-07-26T06:00,26.5,89,29.8,1.0,1.0,55,100,20.9,257,19.076,72.8777
2025-07-26T07:00,26.4,88,29.6,0.1,0.1,51,100,20.3,263,19.076,72.8777
2025-07-26T08:00,26.4,88,29.8,0.3,0.3,51,100,18.9,257,19.076,72.8777
2025-07-26T09:00,26.7,83,29.7,1.2,1.2,55,100,18.7,253,19.076,72.8777
2025-07-26T10:00,26.9,82,29.8,0.8,0.8,53,100,20.0,259,19.076,72.8777
2025-07-26T11:00,28.0,78,30.6,0.4,0.4,51,100,22.4,255,19.076,72.8777
2025-07-26T12:00,27.3,80,30.0,0.8,0.8,53,100,21.5,252,19.076,72.8777
2025-07-26T13:00,27.1,81,29.8,0.3,0.3,51,100,21.7,259,19.076,72.8777
2025-07-26T14:00,27.1,84,30.5,0.6,0.6,53,100,18.9,252,19.076,72.8777
2025-07-26T15:00,26.9,84,29.9,0.3,0.3,51,100,20.8,255,19.076,72.8777
2025-07-26T16:00,26.3,86,28.9,0.3,0.3,51,100,22.1,254,19.076,72.8777
2025-07-26T17:00,26.6,85,29.8,0.1,0.1,51,100,19.5,248,19.076,72.8777
2025-07-26T18:00,26.8,86,30.3,0.9,0.9,53,100,18.4,255,19.076,72.8777
2025-07-26T19:00,25.9,87,28.6,0.5,0.5,53,100,21.2,270,19.076,72.8777
2025-07-26T20:00,25.5,89,28.8,0.3,0.3,51,100,17.3,254,19.076,72.8777
2025-07-26T21:00,25.6,89,29.0,1.0,1.0,55,100,17.6,250,19.076,72.8777
2025-07-26T22:00,25.8,88,28.6,1.3,1.3,61,100,20.7,256,19.076,72.8777
2025-07-26T23:00,26.3,87,29.3,0.6,0.6,53,100,21.3,257,19.076,72.8777
2025-07-27T00:00,26.1,88,29.3,0.4,0.4,51,100,19.1,259,19.076,72.8777
2025-07-27T01:00,26.2,85,28.9,0.9,0.9,53,100,21.2,261,19.076,72.8777
2025-07-27T02:00,25.9,87,28.7,0.3,0.3,51,100,20.7,256,19.076,72.8777
2025-07-27T03:00,25.3,90,28.1,1.9,1.9,61,100,19.6,256,19.076,72.8777
2025-07-27T04:00,25.3,91,28.2,0.5,0.5,53,100,20.9,262,19.076,72.8777
2025-07-27T05:00,25.6,89,28.9,0.9,0.9,53,100,17.5,238,19.076,72.8777
2025-07-27T06:00,26.7,87,29.5,0.2,0.2,51,99,23.7,250,19.076,72.8777
2025-07-27T07:00,27.2,82,29.6,0.0,0.0,2,57,24.4,251,19.076,72.8777
2025-07-27T08:00,27.2,80,29.0,0.0,0.0,3,81,27.5,256,19.076,72.8777
2025-07-27T09:00,27.9,77,29.8,0.1,0.1,51,71,26.0,256,19.076,72.8777
2025-07-27T10:00,28.2,77,30.3,0.0,0.0,2,55,26.3,253,19.076,72.8777
2025-07-27T11:00,28.1,76,30.1,0.5,0.5,53,47,26.7,250,19.076,72.8777
2025-07-27T12:00,27.9,78,30.6,0.2,0.2,51,50,26.6,252,19.076,72.8777
2025-07-27T13:00,27.5,81,30.6,0.4,0.4,51,46,25.0,244,19.076,72.8777
2025-07-27T14:00,27.5,81,30.1,0.5,0.5,53,53,25.8,248,19.076,72.8777
2025-07-27T15:00,27.6,79,29.7,0.5,0.5,53,84,27.2,247,19.076,72.8777
2025-07-27T16:00,27.4,78,28.8,0.4,0.4,51,93,28.2,249,19.076,72.8777
2025-07-27T17:00,27.6,80,30.0,0.2,0.2,51,40,25.0,246,19.076,72.8777
2025-07-27T18:00,26.3,85,28.8,1.0,1.0,55,91,22.5,251,19.076,72.8777
2025-07-27T19:00,27.0,83,29.4,0.2,0.2,51,92,24.2,245,19.076,72.8777
2025-07-27T20:00,26.1,87,28.9,0.6,0.6,53,44,21.0,247,19.076,72.8777
2025-07-27T21:00,26.1,87,29.0,0.5,0.5,53,69,20.5,242,19.076,72.8777
2025-07-27T22:00,26.7,84,29.5,0.1,0.1,51,37,21.0,243,19.076,72.8777
2025-07-27T23:00,26.2,82,28.3,0.2,0.2,51,95,22.0,248,19.076,72.8777
2025-07-28T00:00,25.6,86,28.0,1.1,1.1,55,65,21.7,243,19.076,72.8777
2025-07-28T01:00,26.0,84,28.1,0.2,0.2,51,65,23.2,244,19.076,72.8777
2025-07-28T02:00,26.3,86,29.0,0.1,0.1,51,60,21.5,247,19.076,72.8777
2025-07-28T03:00,26.2,81,27.9,0.3,0.3,51,94,24.2,246,19.076,72.8777
2025-07-28T04:00,25.7,83,27.4,0.4,0.4,51,89,24.8,247,19.076,72.8777
2025-07-28T05:00,25.9,83,27.7,0.9,0.9,53,100,24.1,253,19.076,72.8777
2025-07-28T06:00,26.4,82,28.6,0.7,0.7,53,100,22.6,245,19.076,72.8777
2025-07-28T07:00,26.9,79,29.1,0.0,0.0,3,100,22.6,246,19.076,72.8777
2025-07-28T08:00,26.5,83,28.8,0.5,0.5,53,100,23.1,249,19.076,72.8777
2025-07-28T09:00,26.5,81,28.3,0.2,0.2,51,100,24.7,250,19.076,72.8777
2025-07-28T10:00,26.8,84,29.9,0.2,0.2,51,100,20.3,248,19.076,72.8777
2025-07-28T11:00,27.5,80,30.0,0.5,0.5,53,99,23.5,254,19.076,72.8777
2025-07-28T12:00,28.2,78,31.3,0.4,0.4,51,99,23.0,256,19.076,72.8777
2025-07-28T13:00,27.4,81,29.9,1.1,1.1,55,100,24.2,259,19.076,72.8777
2025-07-28T14:00,28.3,78,31.3,0.0,0.0,3,95,24.7,254,19.076,72.8777
2025-07-28T15:00,28.2,78,30.9,0.0,0.0,3,82,25.0,253,19.076,72.8777
2025-07-28T16:00,27.8,79,30.3,0.1,0.1,51,95,23.5,249,19.076,72.8777
2025-07-28T17:00,26.7,80,28.7,0.3,0.3,51,100,23.8,251,19.076,72.8777
2025-07-28T18:00,27.2,83,30.2,0.0,0.0,3,97,21.3,240,19.076,72.8777
2025-07-28T19:00,26.5,84,29.4,0.2,0.2,51,100,20.8,242,19.076,72.8777
2025-07-28T20:00,26.1,85,28.7,0.4,0.4,51,100,21.5,251,19.076,72.8777
2025-07-28T21:00,26.4,86,29.5,0.3,0.3,51,100,19.9,245,19.076,72.8777
2025-07-28T22:00,26.0,86,28.6,0.2,0.2,51,100,21.5,251,19.076,72.8777
2025-07-28T23:00,25.7,88,28.8,0.7,0.7,53,100,18.8,248,19.076,72.8777
2025-07-29T00:00,26.1,83,28.5,0.4,0.4,51,100,21.7,251,19.076,72.8777
2025-07-29T01:00,26.0,84,28.4,0.4,0.4,51,100,21.2,256,19.076,72.8777
2025-07-29T02:00,26.1,88,29.2,0.1,0.1,51,100,20.6,254,19.076,72.8777
2025-07-29T03:00,26.0,84,28.3,0.0,0.0,3,100,22.1,252,19.076,72.8777
2025-07-29T04:00,25.6,84,27.6,0.8,0.8,53,100,23.2,254,19.076,72.8777
2025-07-29T05:00,26.1,82,27.9,0.5,0.5,53,100,24.1,256,19.076,72.8777
2025-07-29T06:00,26.0,85,28.3,0.1,0.1,51,100,22.6,241,19.076,72.8777
2025-07-29T07:00,26.4,84,28.9,0.3,0.3,51,100,22.0,245,19.076,72.8777
2025-07-29T08:00,26.4,83,28.7,0.2,0.2,51,100,23.4,254,19.076,72.8777
2025-07-29T09:00,26.3,87,29.5,1.1,1.1,55,100,20.2,259,19.076,72.8777
2025-07-29T10:00,27.4,82,30.1,0.1,0.1,51,100,23.8,257,19.076,72.8777
2025-07-29T11:00,27.5,80,29.5,0.4,0.4,51,100,26.4,257,19.076,72.8777
2025-07-29T12:00,27.2,82,29.5,0.3,0.3,51,100,24.5,257,19.076,72.8777
2025-07-29T13:00,27.6,82,30.2,0.1,0.1,51,100,24.0,257,19.076,72.8777
2025-07-29T14:00,27.1,79,29.4,0.1,0.1,51,100,23.1,260,19.076,72.8777
2025-07-29T15:00,26.7,83,29.2,0.5,0.5,53,100,23.0,258,19.076,72.8777
2025-07-29T16:00,26.7,83,29.2,0.5,0.5,53,100,22.1,258,19.076,72.8777
2025-07-29T17:00,26.5,85,29.3,0.3,0.3,51,100,21.2,252,19.076,72.8777
2025-07-29T18:00,26.7,84,29.5,0.1,0.1,51,100,22.2,248,19.076,72.8777
2025-07-29T19:00,26.7,84,29.6,0.1,0.1,51,100,20.7,251,19.076,72.8777
2025-07-29T20:00,26.2,88,29.4,0.8,0.8,53,100,19.6,253,19.076,72.8777
2025-07-29T21:00,26.3,87,29.6,0.2,0.2,51,100,19.3,254,19.076,72.8777
2025-07-29T22:00,26.6,85,29.8,0.4,0.4,51,100,19.4,259,19.076,72.8777
2025-07-29T23:00,26.2,87,29.0,0.8,0.8,53,100,21.5,260,19.076,72.8777
2025-07-30T00:00,26.5,87,29.3,0.7,0.7,53,100,23.4,257,19.076,72.8777
2025-07-30T01:00,26.1,87,28.6,1.3,1.3,61,100,23.3,253,19.076,72.8777
2025-07-30T02:00,26.1,88,28.6,1.1,1.1,55,100,24.6,253,19.076,72.8777
2025-07-30T03:00,25.7,88,28.2,0.8,0.8,53,100,22.3,256,19.076,72.8777
2025-07-30T04:00,25.8,91,28.8,0.3,0.3,51,100,21.1,254,19.076,72.8777
2025-07-30T05:00,26.0,85,28.8,0.2,0.2,51,100,20.2,253,19.076,72.8777
2025-07-30T06:00,26.4,87,29.5,0.2,0.2,51,100,19.9,245,19.076,72.8777
2025-07-30T07:00,26.7,87,30.1,0.0,0.0,3,100,20.4,244,19.076,72.8777
2025-07-30T08:00,26.8,86,30.0,0.1,0.1,51,100,20.8,251,19.076,72.8777
2025-07-30T09:00,27.0,85,30.2,0.1,0.1,51,100,20.4,250,19.076,72.8777
2025-07-30T10:00,27.2,83,30.2,0.2,0.2,51,100,21.3,250,19.076,72.8777
2025-07-30T11:00,26.9,85,29.6,0.7,0.7,53,100,23.2,251,19.076,72.8777
2025-07-30T12:00,27.0,84,30.1,0.4,0.4,51,100,21.0,250,19.076,72.8777
2025-07-30T13:00,26.8,85,29.8,0.5,0.5,53,100,21.1,250,19.076,72.8777
2025-07-30T14:00,26.8,85,29.9,0.3,0.3,51,100,20.2,251,19.076,72.8777
2025-07-30T15:00,27.0,86,30.5,0.2,0.2,51,100,18.9,246,19.076,72.8777
2025-07-30T16:00,27.1,84,30.6,0.0,0.0,3,100,18.0,244,19.076,72.8777
2025-07-30T17:00,26.8,85,30.3,0.1,0.1,51,100,18.0,245,19.076,72.8777
2025-07-30T18:00,26.8,88,30.4,0.0,0.0,3,100,19.4,230,19.076,72.8777
2025-07-30T19:00,26.3,91,29.9,0.3,0.3,51,100,19.7,233,19.076,72.8777
2025-07-30T20:00,26.2,90,29.8,0.1,0.1,51,100,18.1,237,19.076,72.8777
2025-07-30T21:00,26.2,89,29.8,0.0,0.0,3,100,18.1,239,19.076,72.8777
2025-07-30T22:00,26.0,88,29.5,0.1,0.1,51,100,17.2,241,19.076,72.8777
2025-07-30T23:00,25.9,90,29.3,0.1,0.1,51,100,17.9,239,19.076,72.8777
2025-07-31T00:00,26.3,88,29.6,0.2,0.2,51,100,18.8,236,19.076,72.8777
2025-07-31T01:00,26.5,85,29.3,0.3,0.3,51,100,21.3,238,19.076,72.8777
2025-07-31T02:00,26.1,86,29.1,0.0,0.0,3,100,19.3,236,19.076,72.8777
2025-07-31T03:00,25.9,88,29.0,0.3,0.3,51,100,19.5,234,19.076,72.8777
2025-07-31T04:00,26.3,83,28.9,0.0,0.0,3,100,20.6,235,19.076,72.8777
2025-07-31T05:00,26.4,81,28.9,0.3,0.3,51,100,19.6,238,19.076,72.8777
2025-07-31T06:00,26.4,86,29.4,0.1,0.1,51,75,20.5,236,19.076,72.8777
2025-07-31T07:00,26.7,84,29.9,0.3,0.3,51,100,19.1,234,19.076,72.8777
2025-07-31T08:00,27.0,83,30.2,0.1,0.1,51,100,18.8,236,19.076,72.8777
2025-07-31T09:00,27.3,82,30.3,0.2,0.2,51,100,20.6,241,19.076,72.8777
2025-07-31T10:00,27.3,83,30.6,0.2,0.2,51,100,19.6,243,19.076,72.8777
2025-07-31T11:00,27.3,82,30.6,0.1,0.1,51,100,19.2,244,19.076,72.8777
2025-07-31T12:00,27.4,80,30.3,0.2,0.2,51,100,19.6,241,19.076,72.8777
2025-07-31T13:00,27.6,79,30.4,0.3,0.3,51,66,21.0,241,19.076,72.8777
2025-07-31T14:00,27.6,81,30.8,0.3,0.3,51,81,20.0,242,19.076,72.8777
2025-07-31T15:00,27.5,84,31.1,0.1,0.1,51,94,18.7,241,19.076,72.8777
2025-07-31T16:00,27.2,84,30.9,0.0,0.0,3,94,17.0,237,19.076,72.8777
2025-07-31T17:00,26.6,86,30.2,0.0,0.0,2,77,17.2,236,19.076,72.8777
2025-07-31T18:00,27.1,85,31.1,0.1,0.1,51,40,15.8,234,19.076,72.8777
2025-07-31T19:00,26.8,88,30.9,0.1,0.1,51,25,15.9,235,19.076,72.8777
2025-07-31T20:00,26.7,89,30.6,0.1,0.1,51,5,18.1,236,19.076,72.8777
2025-07-31T21:00,26.2,91,29.8,0.2,0.2,51,55,19.1,238,19.076,72.8777
2025-07-31T22:00,26.5,85,30.0,0.0,0.0,2,71,17.5,240,19.076,72.8777
2025-07-31T23:00,26.1,86,29.1,0.4,0.4,51,94,18.7,234,19.076,72.8777
2025-08-01T00:00,26.3,85,29.4,0.3,0.3,51,57,17.8,235,19.076,72.8777
2025-08-01T01:00,26.3,82,29.1,0.1,0.1,51,69,18.5,237,19.076,72.8777
2025-08-01T02:00,25.9,85,28.8,0.1,0.1,51,44,18.1,238,19.076,72.8777
2025-08-01T03:00,25.6,91,29.1,0.1,0.1,51,37,17.4,236,19.076,72.8777
2025-08-01T04:00,26.0,87,29.5,0.0,0.0,3,97,16.4,238,19.076,72.8777
2025-08-01T05:00,25.7,86,28.8,0.2,0.2,51,86,16.4,241,19.076,72.8777
2025-08-01T06:00,26.2,89,30.3,0.5,0.5,53,57,14.5,234,19.076,72.8777
2025-08-01T07:00,26.4,85,30.0,0.2,0.2,51,78,14.9,245,19.076,72.8777
2025-08-01T08:00,27.4,82,31.6,0.0,0.0,3,95,13.2,246,19.076,72.8777
2025-08-01T09:00,28.0,76,31.2,0.2,0.2,51,100,16.6,251,19.076,72.8777
2025-08-01T10:00,27.8,79,31.6,0.8,0.8,53,100,14.8,249,19.076,72.8777
2025-08-01T11:00,27.9,76,31.3,0.1,0.1,51,100,16.1,248,19.076,72.8777
2025-08-01T12:00,28.3,78,32.2,0.2,0.2,51,100,14.9,248,19.076,72.8777
2025-08-01T13:00,28.3,76,32.1,0.0,0.0,3,100,15.2,248,19.076,72.8777
2025-08-01T14:00,28.4,77,32.8,0.0,0.0,3,100,16.0,246,19.076,72.8777
2025-08-01T15:00,28.4,76,32.2,0.1,0.1,51,100,16.1,246,19.076,72.8777
2025-08-01T16:00,27.9,78,31.4,0.1,0.1,51,86,16.3,245,19.076,72.8777
2025-08-01T17:00,27.4,80,31.0,0.1,0.1,51,49,15.8,247,19.076,72.8777
2025-08-01T18:00,27.2,84,31.6,0.1,0.1,51,100,12.8,253,19.076,72.8777
2025-08-01T19:00,26.8,87,31.4,0.1,0.1,51,100,11.7,245,19.076,72.8777
2025-08-01T20:00,26.5,88,31.0,0.5,0.5,53,95,12.4,244,19.076,72.8777
2025-08-01T21:00,26.6,86,31.0,0.0,0.0,3,100,11.5,239,19.076,72.8777
2025-08-01T22:00,26.3,85,30.5,0.1,0.1,51,99,11.3,234,19.076,72.8777
2025-08-01T23:00,26.0,86,30.1,0.2,0.2,51,100,11.8,236,19.076,72.8777
2025-08-02T00:00,25.9,86,29.8,0.2,0.2,51,100,11.6,235,19.076,72.8777
2025-08-02T01:00,25.8,87,30.0,0.1,0.1,51,100,10.3,230,19.076,72.8777
2025-08-02T02:00,25.1,89,29.0,0.4,0.4,51,100,11.6,231,19.076,72.8777
2025-08-02T03:00,25.3,89,29.6,0.6,0.6,53,100,9.1,238,19.076,72.8777
2025-08-02T04:00,25.2,90,29.1,0.3,0.3,51,99,12.3,235,19.076,72.8777
2025-08-02T05:00,25.2,91,29.6,0.1,0.1,51,100,9.8,234,19.076,72.8777
2025-08-02T06:00,25.5,90,30.3,0.5,0.5,53,96,8.1,249,19.076,72.8777
2025-08-02T07:00,26.3,87,31.1,0.6,0.6,53,87,8.3,257,19.076,72.8777
2025-08-02T08:00,27.0,85,31.7,0.1,0.1,51,68,9.7,243,19.076,72.8777
2025-08-02T09:00,27.5,81,31.7,0.2,0.2,51,81,12.1,259,19.076,72.8777
2025-08-02T10:00,27.9,78,32.0,0.2,0.2,51,100,12.1,260,19.076,72.8777
2025-08-02T11:00,28.1,79,32.7,0.2,0.2,51,100,12.6,253,19.076,72.8777
2025-08-02T12:00,27.8,81,32.6,0.3,0.3,51,100,13.6,265,19.076,72.8777
2025-08-02T13:00,27.9,82,33.4,0.5,0.5,53,100,10.4,252,19.076,72.8777
2025-08-02T14:00,28.3,78,32.5,0.1,0.1,51,100,14.7,255,19.076,72.8777
2025-08-02T15:00,28.0,80,32.4,1.0,1.0,55,100,15.3,258,19.076,72.8777
2025-08-02T16:00,27.6,82,31.9,0.6,0.6,53,100,13.3,260,19.076,72.8777
2025-08-02T17:00,27.1,85,31.5,0.0,0.0,3,100,13.1,251,19.076,72.8777
2025-08-02T18:00,26.7,85,31.2,0.3,0.3,51,90,10.5,253,19.076,72.8777
2025-08-02T19:00,26.6,85,31.3,0.8,0.8,53,94,8.4,250,19.076,72.8777
2025-08-02T20:00,25.8,90,30.5,0.3,0.3,51,100,9.3,242,19.076,72.8777
2025-08-02T21:00,25.7,93,30.8,0.4,0.4,51,100,8.3,237,19.076,72.8777
2025-08-02T22:00,25.6,90,30.5,0.4,0.4,51,100,7.1,227,19.076,72.8777
2025-08-02T23:00,25.5,91,30.5,0.5,0.5,53,100,7.3,222,19.076,72.8777
2025-08-03T00:00,25.2,93,29.6,0.3,0.3,51,96,10.5,207,19.076,72.8777
2025-08-03T01:00,25.3,92,30.0,0.2,0.2,51,65,8.3,210,19.076,72.8777
2025-08-03T02:00,25.0,93,29.8,0.1,0.1,51,100,8.5,212,19.076,72.8777
2025-08-03T03:00,25.2,92,30.0,0.2,0.2,51,100,7.8,203,19.076,72.8777
2025-08-03T04:00,24.9,92,29.4,0.3,0.3,51,100,8.4,205,19.076,72.8777
2025-08-03T05:00,25.0,91,29.7,0.3,0.3,51,99,7.2,194,19.076,72.8777
2025-08-03T06:00,25.2,91,30.0,0.2,0.2,51,99,7.0,215,19.076,72.8777
2025-08-03T07:00,25.8,89,30.6,0.1,0.1,51,92,7.7,205,19.076,72.8777
2025-08-03T08:00,26.3,85,30.7,0.2,0.2,51,100,9.6,218,19.076,72.8777
2025-08-03T09:00,27.3,82,32.1,0.1,0.1,51,72,8.4,215,19.076,72.8777
2025-08-03T10:00,27.8,79,32.2,0.0,0.0,3,100,10.8,223,19.076,72.8777
2025-08-03T11:00,26.9,82,31.2,0.5,0.5,53,100,10.6,226,19.076,72.8777
2025-08-03T12:00,27.6,83,33.5,0.1,0.1,51,73,8.0,232,19.076,72.8777
2025-08-03T13:00,28.2,80,33.6,0.0,0.0,3,99,8.9,232,19.076,72.8777
2025-08-03T14:00,27.9,80,32.9,0.1,0.1,51,50,11.0,242,19.076,72.8777
2025-08-03T15:00,27.9,80,32.9,0.2,0.2,51,44,12.1,247,19.076,72.8777
2025-08-03T16:00,27.7,80,31.9,0.2,0.2,51,77,12.3,249,19.076,72.8777
2025-08-03T17:00,27.5,81,31.7,0.2,0.2,51,32,11.8,247,19.076,72.8777
2025-08-03T18:00,27.6,82,32.5,0.2,0.2,51,100,8.8,250,19.076,72.8777
2025-08-03T19:00,26.8,86,32.3,0.2,0.2,51,100,5.5,229,19.076,72.8777
2025-08-03T20:00,26.7,87,32.1,0.0,0.0,3,93,5.8,236,19.076,72.8777
2025-08-03T21:00,26.6,87,31.8,0.1,0.1,51,100,6.4,230,19.076,72.8777
2025-08-03T22:00,26.4,87,31.7,0.1,0.1,51,100,6.3,231,19.076,72.8777
2025-08-03T23:00,26.0,90,31.3,0.1,0.1,51,86,6.1,227,19.076,72.8777
2025-08-04T00:00,25.6,91,30.9,0.2,0.2,51,100,6.0,219,19.076,72.8777
2025-08-04T01:00,25.4,93,30.6,0.1,0.1,51,100,6.1,220,19.076,72.8777
2025-08-04T02:00,25.2,93,30.3,0.1,0.1,51,100,6.6,209,19.076,72.8777
2025-08-04T03:00,25.3,93,30.4,0.1,0.1,51,100,6.1,210,19.076,72.8777
2025-08-04T04:00,25.0,93,30.0,0.2,0.2,51,100,5.7,208,19.076,72.8777
2025-08-04T05:00,25.0,93,30.3,0.2,0.2,51,100,4.6,201,19.076,72.8777
2025-08-04T06:00,25.6,90,30.7,0.4,0.4,51,100,5.6,245,19.076,72.8777
2025-08-04T07:00,26.2,88,31.7,0.1,0.1,51,100,4.2,230,19.076,72.8777
2025-08-04T08:00,26.6,85,31.8,0.1,0.1,51,100,5.4,240,19.076,72.8777
2025-08-04T09:00,27.3,81,32.3,0.2,0.2,51,100,6.8,238,19.076,72.8777
2025-08-04T10:00,27.7,80,32.3,0.3,0.3,51,100,9.3,233,19.076,72.8777
2025-08-04T11:00,28.1,80,33.8,0.3,0.3,51,100,9.6,244,19.076,72.8777
2025-08-04T12:00,28.4,78,33.9,0.0,0.0,3,100,10.3,257,19.076,72.8777
2025-08-04T13:00,28.6,77,34.5,0.2,0.2,51,100,10.6,261,19.076,72.8777
2025-08-04T14:00,28.6,77,34.6,0.3,0.3,51,100,11.7,267,19.076,72.8777
2025-08-04T15:00,28.7,76,33.4,0.4,0.4,51,100,12.3,273,19.076,72.8777
2025-08-04T16:00,28.5,76,32.6,0.3,0.3,51,100,13.0,274,19.076,72.8777
2025-08-04T17:00,28.0,78,32.2,0.0,0.0,3,100,12.3,273,19.076,72.8777
2025-08-04T18:00,27.7,81,32.4,0.0,0.0,3,97,9.3,279,19.076,72.8777
2025-08-04T19:00,27.1,84,32.5,0.0,0.0,3,80,6.1,270,19.076,72.8777
2025-08-04T20:00,27.0,85,32.3,0.0,0.0,3,95,6.0,260,19.076,72.8777
2025-08-04T21:00,26.8,86,32.2,0.0,0.0,3,100,5.5,253,19.076,72.8777
2025-08-04T22:00,26.7,86,31.9,0.0,0.0,3,100,6.0,243,19.076,72.8777
2025-08-04T23:00,26.5,86,31.6,0.0,0.0,3,98,7.0,249,19.076,72.8777
2025-08-05T00:00,26.2,88,31.3,0.1,0.1,51,100,6.6,257,19.076,72.8777
2025-08-05T01:00,25.7,90,31.1,0.3,0.3,51,100,5.1,260,19.076,72.8777
2025-08-05T02:00,25.6,91,30.8,0.2,0.2,51,100,5.6,249,19.076,72.8777
2025-08-05T03:00,25.6,91,30.9,0.1,0.1,51,100,5.3,252,19.076,72.8777
2025-08-05T04:00,25.3,92,30.8,0.1,0.1,51,100,3.1,239,19.076,72.8777
2025-08-05T05:00,25.1,91,30.5,0.2,0.2,51,100,2.5,274,19.076,72.8777
2025-08-05T06:00,25.5,91,31.1,0.3,0.3,51,98,2.9,137,19.076,72.8777
2025-08-05T07:00,25.9,92,31.8,0.1,0.1,51,61,2.4,144,19.076,72.8777
2025-08-05T08:00,26.2,86,31.4,0.4,0.4,51,63,4.2,227,19.076,72.8777
2025-08-05T09:00,27.2,80,32.5,0.1,0.1,51,55,3.6,270,19.076,72.8777
2025-08-05T10:00,27.8,78,32.7,0.5,0.5,53,41,6.4,259,19.076,72.8777
2025-08-05T11:00,28.3,79,34.4,0.3,0.3,51,34,8.3,256,19.076,72.8777
2025-08-05T12:00,28.9,75,34.9,0.6,0.6,53,47,10.5,257,19.076,72.8777
2025-08-05T13:00,28.9,75,34.5,0.4,0.4,51,34,13.2,265,19.076,72.8777
2025-08-05T14:00,28.6,77,34.0,0.4,0.4,51,32,13.7,271,19.076,72.8777
2025-08-05T15:00,28.4,79,33.4,0.1,0.1,51,13,13.9,280,19.076,72.8777
2025-08-05T16:00,28.1,80,32.4,0.0,0.0,0,17,13.1,279,19.076,72.8777
2025-08-05T17:00,27.9,80,32.3,0.1,0.1,51,16,12.3,281,19.076,72.8777
2025-08-05T18:00,28.1,80,33.0,0.0,0.0,1,46,8.9,284,19.076,72.8777
2025-08-05T19:00,27.4,83,32.5,0.0,0.0,3,97,7.6,274,19.076,72.8777
2025-08-05T20:00,27.1,84,32.3,0.0,0.0,3,83,6.9,275,19.076,72.8777
2025-08-05T21:00,26.9,85,31.9,0.0,0.0,2,50,7.8,285,19.076,72.8777
2025-08-05T22:00,26.7,86,32.1,0.0,0.0,3,98,4.9,287,19.076,72.8777
2025-08-05T23:00,26.2,89,32.0,0.0,0.0,3,100,3.0,287,19.076,72.8777
2025-08-06T00:00,26.1,90,31.9,0.0,0.0,1,29,3.3,292,19.076,72.8777
2025-08-06T01:00,25.9,91,31.6,0.0,0.0,2,78,4.1,299,19.076,72.8777
2025-08-06T02:00,25.8,91,31.4,0.0,0.0,0,17,4.6,296,19.076,72.8777
2025-08-06T03:00,25.7,91,31.3,0.0,0.0,1,24,4.5,293,19.076,72.8777
2025-08-06T04:00,25.4,93,31.1,0.0,0.0,1,28,3.7,313,19.076,72.8777
2025-08-06T05:00,25.2,94,30.7,0.1,0.1,51,93,4.0,321,19.076,72.8777
2025-08-06T06:00,25.9,93,31.9,0.0,0.0,3,100,3.2,52,19.076,72.8777
2025-08-06T07:00,26.1,88,31.3,0.2,0.2,51,100,5.0,285,19.076,72.8777
2025-08-06T08:00,26.7,85,32.2,0.3,0.3,51,98,3.7,313,19.076,72.8777
2025-08-06T09:00,27.6,82,33.1,0.0,0.0,3,100,4.5,317,19.076,72.8777
2025-08-06T10:00,28.3,78,33.5,0.1,0.1,51,94,6.6,305,19.076,72.8777
2025-08-06T11:00,29.1,74,35.1,0.1,0.1,51,89,7.0,291,19.076,72.8777
2025-08-06T12:00,29.2,73,34.9,0.1,0.1,51,91,9.0,290,19.076,72.8777
2025-08-06T13:00,29.3,73,35.0,0.1,0.1,51,45,11.5,290,19.076,72.8777
2025-08-06T14:00,29.3,73,34.8,0.0,0.0,3,84,13.1,293,19.076,72.8777
2025-08-06T15:00,28.8,74,33.1,0.1,0.1,51,98,14.1,291,19.076,72.8777
2025-08-06T16:00,28.3,77,32.1,0.1,0.1,51,100,14.3,293,19.076,72.8777
2025-08-06T17:00,28.0,78,32.2,0.0,0.0,3,100,12.0,291,19.076,72.8777
2025-08-06T18:00,27.9,82,32.9,0.0,0.0,2,78,8.8,317,19.076,72.8777
2025-08-06T19:00,27.3,86,33.0,0.0,0.0,3,100,5.6,315,19.076,72.8777
2025-08-06T20:00,27.1,88,33.1,0.0,0.0,3,100,3.6,297,19.076,72.8777
2025-08-06T21:00,26.9,88,32.9,0.0,0.0,3,100,4.0,278,19.076,72.8777
2025-08-06T22:00,26.8,89,32.8,0.0,0.0,3,100,4.1,270,19.076,72.8777
2025-08-06T23:00,26.7,89,32.4,0.0,0.0,3,100,5.2,268,19.076,72.8777
2025-08-07T00:00,26.4,90,32.2,0.0,0.0,3,100,4.6,261,19.076,72.8777
2025-08-07T01:00,26.2,91,32.0,0.0,0.0,3,100,3.8,275,19.076,72.8777
2025-08-07T02:00,26.1,91,31.9,0.0,0.0,3,100,3.8,281,19.076,72.8777
2025-08-07T03:00,25.9,92,31.8,0.0,0.0,3,100,3.8,289,19.076,72.8777
2025-08-07T04:00,25.9,92,31.6,0.1,0.1,51,99,4.7,298,19.076,72.8777
2025-08-07T05:00,25.8,91,31.6,0.0,0.0,3,99,3.1,294,19.076,72.8777
2025-08-07T06:00,25.8,92,32.0,0.1,0.1,51,100,1.2,333,19.076,72.8777
2025-08-07T07:00,26.0,92,32.3,0.6,0.6,53,100,0.7,76,19.076,72.8777
2025-08-07T08:00,26.4,90,32.7,0.6,0.6,53,100,0.9,307,19.076,72.8777
2025-08-07T09:00,26.7,87,32.7,0.2,0.2,51,100,2.1,285,19.076,72.8777
2025-08-07T10:00,27.3,85,33.2,0.5,0.5,53,100,3.6,290,19.076,72.8777
2025-08-07T11:00,27.5,82,32.8,0.2,0.2,51,100,6.6,281,19.076,72.8777
2025-08-07T12:00,27.9,82,32.9,0.1,0.1,51,100,8.8,290,19.076,72.8777
2025-08-07T13:00,27.8,81,32.5,0.0,0.0,3,100,10.3,289,19.076,72.8777
2025-08-07T14:00,27.8,81,32.3,0.1,0.1,51,92,11.6,289,19.076,72.8777
2025-08-07T15:00,27.9,81,32.4,0.1,0.1,51,100,11.6,286,19.076,72.8777
2025-08-07T16:00,27.8,80,32.2,0.1,0.1,51,100,11.5,293,19.076,72.8777
2025-08-07T17:00,27.6,80,32.3,0.1,0.1,51,100,9.4,299,19.076,72.8777
2025-08-07T18:00,27.9,80,32.8,0.0,0.0,3,100,8.8,309,19.076,72.8777
2025-08-07T19:00,27.3,85,32.9,0.0,0.0,3,100,5.3,305,19.076,72.8777
2025-08-07T20:00,27.1,88,33.1,0.0,0.0,3,100,4.0,288,19.076,72.8777
2025-08-07T21:00,26.8,90,33.2,0.1,0.1,51,100,2.3,309,19.076,72.8777
2025-08-07T22:00,26.6,91,33.3,0.2,0.2,51,100,0.6,304,19.076,72.8777
2025-08-07T23:00,26.5,92,33.1,0.1,0.1,51,100,0.9,281,19.076,72.8777
2025-08-08T00:00,26.3,93,32.8,0.0,0.0,3,100,1.6,276,19.076,72.8777
2025-08-08T01:00,26.3,91,32.3,0.1,0.1,51,100,3.4,252,19.076,72.8777
2025-08-08T02:00,26.1,92,32.2,0.0,0.0,3,100,3.1,267,19.076,72.8777
2025-08-08T03:00,26.1,91,32.1,0.1,0.1,51,100,3.0,256,19.076,72.8777
2025-08-08T04:00,26.1,90,31.8,0.1,0.1,51,82,3.8,251,19.076,72.8777
2025-08-08T05:00,25.9,89,31.5,0.3,0.3,51,100,3.1,263,19.076,72.8777
2025-08-08T06:00,26.3,90,32.0,0.3,0.3,51,100,4.6,339,19.076,72.8777
2025-08-08T07:00,26.7,87,32.5,0.3,0.3,51,100,3.1,324,19.076,72.8777
2025-08-08T08:00,27.3,83,33.0,0.2,0.2,51,100,4.0,278,19.076,72.8777
2025-08-08T09:00,27.3,84,32.9,0.1,0.1,51,100,4.8,299,19.076,72.8777
2025-08-08T10:00,27.6,81,33.3,0.0,0.0,3,100,2.9,277,19.076,72.8777
2025-08-08T11:00,27.8,79,33.1,0.0,0.0,3,100,5.2,258,19.076,72.8777
2025-08-08T12:00,27.9,78,32.8,0.1,0.1,51,100,6.7,272,19.076,72.8777
2025-08-08T13:00,27.9,79,32.6,0.0,0.0,3,100,8.3,275,19.076,72.8777
2025-08-08T14:00,28.1,77,33.0,0.0,0.0,3,100,6.8,272,19.076,72.8777
2025-08-08T15:00,28.1,77,32.8,0.0,0.0,3,100,7.9,273,19.076,72.8777
2025-08-08T16:00,28.0,77,32.6,0.0,0.0,3,100,8.1,266,19.076,72.8777
2025-08-08T17:00,27.7,78,32.2,0.1,0.1,51,100,8.2,260,19.076,72.8777
2025-08-08T18:00,26.7,88,32.2,0.7,0.7,53,100,6.2,314,19.076,72.8777
2025-08-08T19:00,26.1,91,32.6,0.3,0.3,51,100,0.2,180,19.076,72.8777
2025-08-08T20:00,26.1,91,32.4,0.1,0.1,51,100,0.9,143,19.076,72.8777
2025-08-08T21:00,25.8,93,31.9,0.0,0.0,3,100,1.5,201,19.076,72.8777
2025-08-08T22:00,25.9,92,32.1,0.1,0.1,51,100,1.4,220,19.076,72.8777
2025-08-08T23:00,25.8,92,31.8,0.0,0.0,3,100,2.1,218,19.076,72.8777
2025-08-09T00:00,26.0,90,31.9,0.0,0.0,3,100,2.2,215,19.076,72.8777
2025-08-09T01:00,25.9,91,31.6,0.0,0.0,3,100,4.0,212,19.076,72.8777
2025-08-09T02:00,25.7,91,31.4,0.1,0.1,51,100,3.1,211,19.076,72.8777
2025-08-09T03:00,25.7,91,31.4,0.1,0.1,51,100,3.5,204,19.076,72.8777
2025-08-09T04:00,25.4,93,31.2,0.2,0.2,51,100,2.7,180,19.076,72.8777
2025-08-09T05:00,25.1,93,30.8,0.4,0.4,51,97,1.3,236,19.076,72.8777
2025-08-09T06:00,24.8,96,30.2,0.1,0.1,51,100,4.5,97,19.076,72.8777
2025-08-09T07:00,25.0,94,30.6,0.0,0.0,3,100,3.8,109,19.076,72.8777
2025-08-09T08:00,25.8,89,31.1,0.1,0.1,51,100,4.8,155,19.076,72.8777
2025-08-09T09:00,26.7,87,32.4,0.0,0.0,3,100,3.3,139,19.076,72.8777
2025-08-09T10:00,27.4,83,32.9,0.1,0.1,51,100,4.3,204,19.076,72.8777
2025-08-09T11:00,27.9,82,33.3,0.1,0.1,51,100,5.9,191,19.076,72.8777
2025-08-09T12:00,28.4,78,33.8,0.0,0.0,3,98,7.4,225,19.076,72.8777
2025-08-09T13:00,28.5,78,34.5,0.0,0.0,2,54,9.4,250,19.076,72.8777
2025-08-09T14:00,28.3,80,34.2,0.0,0.0,2,65,9.6,262,19.076,72.8777
2025-08-09T15:00,28.0,80,33.2,0.0,0.0,3,100,8.7,264,19.076,72.8777
2025-08-09T16:00,27.8,80,32.6,0.1,0.1,51,100,9.1,261,19.076,72.8777
2025-08-09T17:00,27.6,80,32.3,0.2,0.2,51,100,8.5,269,19.076,72.8777
2025-08-09T18:00,27.8,79,32.7,0.0,0.0,3,97,6.9,298,19.076,72.8777
2025-08-09T19:00,27.1,83,32.5,0.1,0.1,51,97,4.2,288,19.076,72.8777
2025-08-09T20:00,26.8,84,32.3,0.0,0.0,3,100,3.9,286,19.076,72.8777
2025-08-09T21:00,26.7,85,32.1,0.0,0.0,3,99,3.8,289,19.076,72.8777
2025-08-09T22:00,26.5,88,32.5,0.0,0.0,3,89,2.1,285,19.076,72.8777
2025-08-09T23:00,26.6,87,32.7,0.0,0.0,3,80,0.4,297,19.076,72.8777
2025-08-10T00:00,26.0,88,31.7,0.1,0.1,51,78,2.5,176,19.076,72.8777
2025-08-10T01:00,25.9,88,31.3,0.1,0.1,51,87,3.2,199,19.076,72.8777
2025-08-10T02:00,25.8,88,31.2,0.0,0.0,2,50,3.1,230,19.076,72.8777
2025-08-10T03:00,25.4,90,30.9,0.0,0.0,2,67,2.7,208,19.076,72.8777
2025-08-10T04:00,25.1,92,30.5,0.0,0.0,3,93,2.7,180,19.076,72.8777
2025-08-10T05:00,25.0,92,30.4,0.1,0.1,51,100,3.1,152,19.076,72.8777
2025-08-10T06:00,25.5,90,31.3,0.2,0.2,51,100,0.9,127,19.076,72.8777
2025-08-10T07:00,25.8,90,31.8,0.3,0.3,51,100,0.2,360,19.076,72.8777
2025-08-10T08:00,26.3,88,32.5,0.2,0.2,51,100,0.0,270,19.076,72.8777
2025-08-10T09:00,26.9,85,32.7,0.1,0.1,51,100,2.6,214,19.076,72.8777
2025-08-10T10:00,26.9,82,31.7,0.2,0.2,51,97,6.5,212,19.076,72.8777
2025-08-10T11:00,27.4,80,32.3,0.0,0.0,3,95,6.8,209,19.076,72.8777
2025-08-10T12:00,27.7,79,32.6,0.0,0.0,3,83,8.3,229,19.076,72.8777
2025-08-10T13:00,27.9,78,32.9,0.1,0.1,51,78,10.6,244,19.076,72.8777
2025-08-10T14:00,28.1,75,32.6,0.2,0.2,51,68,11.3,250,19.076,72.8777
2025-08-10T15:00,27.9,76,31.7,0.5,0.5,53,68,12.3,252,19.076,72.8777
2025-08-10T16:00,27.7,77,31.4,0.1,0.1,51,96,12.7,252,19.076,72.8777
2025-08-10T17:00,27.5,77,31.3,0.1,0.1,51,100,11.7,250,19.076,72.8777
2025-08-10T18:00,26.6,87,32.0,0.2,0.2,51,100,5.8,270,19.076,72.8777
2025-08-10T19:00,26.4,90,32.3,0.0,0.0,3,100,4.1,272,19.076,72.8777
2025-08-10T20:00,26.3,91,32.6,0.0,0.0,3,98,2.4,283,19.076,72.8777
2025-08-10T21:00,26.1,91,32.2,0.4,0.4,51,100,1.5,315,19.076,72.8777
2025-08-10T22:00,26.0,91,32.1,0.2,0.2,51,99,1.3,286,19.076,72.8777
2025-08-10T23:00,26.0,91,32.2,0.1,0.1,51,100,1.2,207,19.076,72.8777
2025-08-11T00:00,25.9,91,31.6,0.1,0.1,51,100,3.8,183,19.076,72.8777
2025-08-11T01:00,25.8,91,31.5,0.2,0.2,51,99,3.4,223,19.076,72.8777
2025-08-11T02:00,25.6,92,31.3,0.1,0.1,51,99,3.1,211,19.076,72.8777
2025-08-11T03:00,25.7,88,30.6,0.3,0.3,51,100,5.9,232,19.076,72.8777
2025-08-11T04:00,25.3,90,30.4,0.5,0.5,53,100,4.5,268,19.076,72.8777
2025-08-11T05:00,25.0,91,30.0,0.3,0.3,51,99,5.2,241,19.076,72.8777
2025-08-11T06:00,25.9,89,31.1,0.2,0.2,51,99,6.1,242,19.076,72.8777
2025-08-11T07:00,25.8,92,31.4,0.2,0.2,51,100,5.2,266,19.076,72.8777
2025-08-11T08:00,26.0,86,30.6,0.6,0.6,53,100,7.6,251,19.076,72.8777
2025-08-11T09:00,26.7,83,31.2,0.1,0.1,51,94,8.0,254,19.076,72.8777
2025-08-11T10:00,26.9,82,31.7,0.2,0.2,51,72,7.4,266,19.076,72.8777
2025-08-11T11:00,28.0,78,33.6,0.1,0.1,51,74,9.8,253,19.076,72.8777
2025-08-11T12:00,28.2,77,33.3,0.1,0.1,51,98,11.5,260,19.076,72.8777
2025-08-11T13:00,28.2,76,32.9,0.1,0.1,51,100,11.7,253,19.076,72.8777
2025-08-11T14:00,28.2,75,32.9,0.1,0.1,51,92,12.6,259,19.076,72.8777
2025-08-11T15:00,28.0,76,31.8,0.2,0.2,51,95,15.0,264,19.076,72.8777
2025-08-11T16:00,27.9,76,31.4,0.3,0.3,51,90,14.4,262,19.076,72.8777
2025-08-11T17:00,27.6,76,31.2,0.0,0.0,3,90,13.2,258,19.076,72.8777
2025-08-11T18:00,27.2,82,31.6,0.1,0.1,51,94,10.8,272,19.076,72.8777
2025-08-11T19:00,26.6,85,31.5,0.2,0.2,51,98,7.7,273,19.076,72.8777
2025-08-11T20:00,26.5,85,31.3,0.1,0.1,51,99,7.4,252,19.076,72.8777
2025-08-11T21:00,26.6,84,31.5,0.0,0.0,3,100,6.7,256,19.076,72.8777
2025-08-11T22:00,26.5,84,31.2,0.0,0.0,3,84,7.3,245,19.076,72.8777
2025-08-11T23:00,25.8,88,30.6,0.2,0.2,51,93,7.0,226,19.076,72.8777
2025-08-12T00:00,25.8,87,30.9,0.2,0.2,51,94,4.7,203,19.076,72.8777
2025-08-12T01:00,25.7,87,30.5,0.4,0.4,51,100,6.1,223,19.076,72.8777
2025-08-12T02:00,25.3,91,30.3,0.3,0.3,51,99,6.2,244,19.076,72.8777
2025-08-12T03:00,25.3,91,30.1,0.3,0.3,51,98,6.8,207,19.076,72.8777
2025-08-12T04:00,24.9,91,30.1,0.3,0.3,51,100,3.5,235,19.076,72.8777
2025-08-12T05:00,25.0,90,30.1,0.2,0.2,51,100,3.6,229,19.076,72.8777
2025-08-12T06:00,25.7,90,30.9,0.3,0.3,51,100,5.1,243,19.076,72.8777
2025-08-12T07:00,26.0,88,31.1,0.2,0.2,51,96,6.2,218,19.076,72.8777
2025-08-12T08:00,26.9,82,31.7,0.2,0.2,51,90,6.9,239,19.076,72.8777
2025-08-12T09:00,26.0,82,29.7,0.7,0.7,53,100,11.4,258,19.076,72.8777
2025-08-12T10:00,27.2,79,31.2,0.1,0.1,51,89,10.4,260,19.076,72.8777
2025-08-12T11:00,27.8,77,31.8,0.4,0.4,51,91,11.7,269,19.076,72.8777
2025-08-12T12:00,28.2,75,32.2,0.2,0.2,51,99,13.0,276,19.076,72.8777
2025-08-12T13:00,28.3,75,32.7,0.1,0.1,51,100,13.6,278,19.076,72.8777
2025-08-12T14:00,28.4,73,32.5,0.1,0.1,51,59,15.5,279,19.076,72.8777
2025-08-12T15:00,28.6,71,32.2,0.0,0.0,1,37,15.9,275,19.076,72.8777
2025-08-12T16:00,28.2,73,31.2,0.0,0.0,2,75,15.7,273,19.076,72.8777
2025-08-12T17:00,27.7,74,30.8,0.0,0.0,3,89,14.6,271,19.076,72.8777
2025-08-12T18:00,27.2,80,31.2,0.0,0.0,2,62,11.7,270,19.076,72.8777
2025-08-12T19:00,26.8,82,31.4,0.1,0.1,51,95,8.1,265,19.076,72.8777
2025-08-12T20:00,26.7,83,31.4,0.0,0.0,3,96,7.1,254,19.076,72.8777
2025-08-12T21:00,25.9,87,30.6,0.3,0.3,51,84,7.3,261,19.076,72.8777
2025-08-12T22:00,26.2,87,31.6,0.2,0.2,51,69,3.9,227,19.076,72.8777
2025-08-12T23:00,25.7,87,30.4,0.4,0.4,51,100,7.2,233,19.076,72.8777
2025-08-13T00:00,25.3,90,30.1,0.2,0.2,51,100,7.0,244,19.076,72.8777
2025-08-13T01:00,25.0,92,30.0,0.1,0.1,51,98,5.3,215,19.076,72.8777
2025-08-13T02:00,25.1,91,29.9,0.4,0.4,51,100,6.0,229,19.076,72.8777
2025-08-13T03:00,25.2,91,29.7,0.1,0.1,51,100,9.3,217,19.076,72.8777
2025-08-13T04:00,25.0,91,29.6,0.2,0.2,51,100,7.6,251,19.076,72.8777
2025-08-13T05:00,25.0,91,29.6,0.5,0.5,53,100,8.0,256,19.076,72.8777
2025-08-13T06:00,25.2,93,30.3,1.4,1.4,61,100,6.9,253,19.076,72.8777
2025-08-13T07:00,25.6,90,30.3,0.8,0.8,53,100,8.8,265,19.076,72.8777
2025-08-13T08:00,26.4,85,31.3,0.4,0.4,51,100,7.3,263,19.076,72.8777
2025-08-13T09:00,27.5,81,32.3,0.1,0.1,51,100,8.0,243,19.076,72.8777
2025-08-13T10:00,26.8,81,30.9,5.0,5.0,63,100,10.3,245,19.076,72.8777
2025-08-13T11:00,26.9,84,31.9,0.3,0.3,51,100,7.8,244,19.076,72.8777
2025-08-13T12:00,28.3,79,34.0,0.1,0.1,51,100,8.2,260,19.076,72.8777
2025-08-13T13:00,27.2,79,31.3,1.4,1.4,61,100,10.3,258,19.076,72.8777
2025-08-13T14:00,27.8,81,32.6,0.2,0.2,51,100,11.3,253,19.076,72.8777
2025-08-13T15:00,26.7,85,31.0,0.7,0.7,53,100,11.9,256,19.076,72.8777
2025-08-13T16:00,27.4,81,31.9,0.2,0.2,51,100,10.6,259,19.076,72.8777
2025-08-13T17:00,26.8,83,31.3,0.6,0.6,53,100,9.0,268,19.076,72.8777
2025-08-13T18:00,26.3,89,31.8,0.5,0.5,53,100,5.3,232,19.076,72.8777
2025-08-13T19:00,25.6,91,30.6,0.9,0.9,53,100,6.9,219,19.076,72.8777
2025-08-13T20:00,25.7,91,30.7,0.5,0.5,53,100,7.6,252,19.076,72.8777
2025-08-13T21:00,25.7,91,31.1,0.4,0.4,51,100,5.7,224,19.076,72.8777
2025-08-13T22:00,25.6,92,30.7,0.1,0.1,51,100,7.9,215,19.076,72.8777
2025-08-13T23:00,25.5,90,30.5,0.3,0.3,51,100,6.7,250,19.076,72.8777
2025-08-14T00:00,25.8,89,30.9,0.1,0.1,51,100,6.0,241,19.076,72.8777
2025-08-14T01:00,25.5,89,29.8,0.3,0.3,51,100,10.0,229,19.076,72.8777
2025-08-14T02:00,25.7,88,30.5,0.3,0.3,51,100,7.0,220,19.076,72.8777
2025-08-14T03:00,25.2,91,29.7,0.4,0.4,51,100,8.8,223,19.076,72.8777
2025-08-14T04:00,25.1,92,29.9,0.2,0.2,51,100,7.4,225,19.076,72.8777
2025-08-14T05:00,25.2,91,29.7,1.1,1.1,55,100,8.5,212,19.076,72.8777
2025-08-14T06:00,25.4,93,31.0,0.6,0.6,53,100,3.5,195,19.076,72.8777
2025-08-14T07:00,25.2,94,30.6,1.2,1.2,55,100,5.4,188,19.076,72.8777
2025-08-14T08:00,25.9,89,31.1,1.1,1.1,55,100,6.2,163,19.076,72.8777
2025-08-14T09:00,25.5,93,30.5,1.7,1.7,61,100,8.2,172,19.076,72.8777
2025-08-14T10:00,26.2,90,31.3,0.7,0.7,53,100,7.7,169,19.076,72.8777
2025-08-14T11:00,26.0,89,30.9,0.3,0.3,51,100,8.5,184,19.076,72.8777
2025-08-14T12:00,26.6,85,31.0,0.6,0.6,53,100,10.7,197,19.076,72.8777
2025-08-14T13:00,27.0,83,31.2,0.3,0.3,51,100,12.2,211,19.076,72.8777
2025-08-14T14:00,27.2,81,31.2,0.2,0.2,51,100,12.7,223,19.076,72.8777
2025-08-14T15:00,26.9,82,30.9,0.3,0.3,51,100,12.3,231,19.076,72.8777
2025-08-14T16:00,27.0,82,30.9,0.4,0.4,51,100,13.1,234,19.076,72.8777
2025-08-14T17:00,26.8,84,31.1,0.3,0.3,51,100,11.4,242,19.076,72.8777
2025-08-14T18:00,26.4,90,31.8,0.2,0.2,51,100,7.3,220,19.076,72.8777
2025-08-14T19:00,25.9,91,31.0,2.2,2.2,61,100,7.9,235,19.076,72.8777
2025-08-14T20:00,25.4,96,31.2,3.2,3.2,63,100,5.0,215,19.076,72.8777
2025-08-14T21:00,25.5,95,30.7,1.5,1.5,61,100,8.4,217,19.076,72.8777
2025-08-14T22:00,25.2,95,30.0,7.2,7.2,63,100,10.3,243,19.076,72.8777
2025-08-14T23:00,25.3,94,29.7,14.5,14.5,65,100,12.2,250,19.076,72.8777
2025-08-15T00:00,25.5,94,30.2,13.2,13.2,65,100,10.8,246,19.076,72.8777
2025-08-15T01:00,25.2,93,29.3,7.4,7.4,63,100,13.5,226,19.076,72.8777
2025-08-15T02:00,25.5,92,29.6,1.9,1.9,61,100,13.9,230,19.076,72.8777
2025-08-15T03:00,25.5,91,29.6,0.5,0.5,53,100,13.0,237,19.076,72.8777
2025-08-15T04:00,25.5,91,29.9,0.1,0.1,51,100,11.2,235,19.076,72.8777
2025-08-15T05:00,25.3,91,29.3,0.2,0.2,51,100,13.0,248,19.076,72.8777
2025-08-15T06:00,25.5,92,30.7,0.3,0.3,51,100,6.1,238,19.076,72.8777
2025-08-15T07:00,25.8,92,31.0,0.1,0.1,51,100,7.1,234,19.076,72.8777
2025-08-15T08:00,26.4,89,31.9,0.1,0.1,51,100,5.5,224,19.076,72.8777
2025-08-15T09:00,26.8,85,31.8,0.3,0.3,51,100,8.1,223,19.076,72.8777
2025-08-15T10:00,27.1,84,32.0,0.3,0.3,51,100,8.4,214,19.076,72.8777
2025-08-15T11:00,27.2,84,31.8,0.2,0.2,51,100,11.2,235,19.076,72.8777
2025-08-15T12:00,27.1,84,31.4,0.2,0.2,51,100,13.4,237,19.076,72.8777
2025-08-15T13:00,26.8,83,30.7,4.0,4.0,63,100,13.7,247,19.076,72.8777
2025-08-15T14:00,27.1,85,31.3,0.5,0.5,53,100,14.4,250,19.076,72.8777
2025-08-15T15:00,26.8,84,30.8,0.8,0.8,53,100,13.9,260,19.076,72.8777
2025-08-15T16:00,27.0,86,31.5,0.3,0.3,51,100,13.4,259,19.076,72.8777
2025-08-15T17:00,26.4,86,30.6,1.1,1.1,55,100,12.1,253,19.076,72.8777
2025-08-15T18:00,25.8,91,30.0,1.2,1.2,55,100,13.2,265,19.076,72.8777
2025-08-15T19:00,25.5,92,29.7,1.0,1.0,55,100,13.4,250,19.076,72.8777
2025-08-15T20:00,25.8,91,30.8,0.8,0.8,53,100,8.0,256,19.076,72.8777
2025-08-15T21:00,25.4,91,29.9,0.6,0.6,53,100,9.4,239,19.076,72.8777
2025-08-15T22:00,25.6,91,30.4,0.5,0.5,53,100,8.3,257,19.076,72.8777
2025-08-15T23:00,25.4,92,30.5,0.2,0.2,51,100,6.9,256,19.076,72.8777
2025-08-16T00:00,25.4,92,30.4,0.3,0.3,51,100,6.7,254,19.076,72.8777
2025-08-16T01:00,25.0,93,29.5,1.9,1.9,61,100,9.3,245,19.076,72.8777
2025-08-16T02:00,24.7,95,29.6,3.8,3.8,63,100,7.4,257,19.076,72.8777
2025-08-16T03:00,24.8,94,29.8,0.8,0.8,53,100,7.0,228,19.076,72.8777
2025-08-16T04:00,24.9,94,29.9,0.6,0.6,53,100,7.3,224,19.076,72.8777
2025-08-16T05:00,24.9,94,29.7,0.7,0.7,53,100,7.9,240,19.076,72.8777
2025-08-16T06:00,25.4,91,29.3,0.6,0.6,53,100,14.2,255,19.076,72.8777
2025-08-16T07:00,25.2,93,29.9,0.8,0.8,53,100,9.6,274,19.076,72.8777
2025-08-16T08:00,25.2,94,30.1,1.0,1.0,55,100,8.4,254,19.076,72.8777
2025-08-16T09:00,25.4,94,30.2,1.2,1.2,55,100,10.0,247,19.076,72.8777
2025-08-16T10:00,26.2,91,31.3,1.3,1.3,61,100,9.4,253,19.076,72.8777
2025-08-16T11:00,26.1,91,30.8,1.8,1.8,61,100,11.8,244,19.076,72.8777
2025-08-16T12:00,26.5,87,30.6,1.8,1.8,61,100,14.1,247,19.076,72.8777
2025-08-16T13:00,26.1,90,30.7,2.6,2.6,63,100,11.8,249,19.076,72.8777
2025-08-16T14:00,25.6,94,30.5,3.2,3.2,63,100,11.1,236,19.076,72.8777
2025-08-16T15:00,25.3,94,30.3,3.5,3.5,63,100,8.9,238,19.076,72.8777
2025-08-16T16:00,25.3,94,30.1,2.9,2.9,63,100,9.9,245,19.076,72.8777
2025-08-16T17:00,25.4,92,29.8,2.0,2.0,61,100,11.4,245,19.076,72.8777
2025-08-16T18:00,26.3,85,30.1,0.3,0.3,51,100,12.8,241,19.076,72.8777
2025-08-16T19:00,25.5,88,29.9,0.6,0.6,53,100,8.9,264,19.076,72.8777
2025-08-16T20:00,25.5,88,30.1,0.8,0.8,53,100,7.9,249,19.076,72.8777
2025-08-16T21:00,25.4,90,30.3,0.8,0.8,53,100,6.6,235,19.076,72.8777
2025-08-16T22:00,25.4,89,30.3,0.5,0.5,53,100,6.0,253,19.076,72.8777
2025-08-16T23:00,25.2,92,30.3,0.4,0.4,51,100,6.1,225,19.076,72.8777
2025-08-17T00:00,25.2,93,30.0,0.8,0.8,53,100,8.1,238,19.076,72.8777
2025-08-17T01:00,25.2,93,30.3,0.6,0.6,53,100,6.5,240,19.076,72.8777
2025-08-17T02:00,25.3,92,30.0,0.4,0.4,51,100,9.2,249,19.076,72.8777
2025-08-17T03:00,25.3,92,30.1,0.9,0.9,53,100,7.4,247,19.076,72.8777
2025-08-17T04:00,25.3,91,30.1,0.7,0.7,53,100,7.3,242,19.076,72.8777
2025-08-17T05:00,25.4,91,30.4,0.4,0.4,51,100,6.5,238,19.076,72.8777
2025-08-17T06:00,25.1,94,30.1,0.6,0.6,53,100,8.2,195,19.076,72.8777
2025-08-17T07:00,25.3,93,30.1,1.0,1.0,55,100,9.7,222,19.076,72.8777
2025-08-17T08:00,26.1,89,31.1,0.1,0.1,51,100,7.9,223,19.076,72.8777
2025-08-17T09:00,26.2,88,31.0,0.1,0.1,51,100,8.8,211,19.076,72.8777
2025-08-17T10:00,26.9,86,31.5,0.2,0.2,51,100,10.7,216,19.076,72.8777
2025-08-17T11:00,27.8,81,32.9,0.4,0.4,51,100,12.6,221,19.076,72.8777
2025-08-17T12:00,28.1,78,33.1,0.5,0.5,53,100,12.8,228,19.076,72.8777
2025-08-17T13:00,28.0,78,32.8,0.4,0.4,51,100,12.6,226,19.076,72.8777
2025-08-17T14:00,27.9,80,32.3,0.4,0.4,51,98,17.3,226,19.076,72.8777
2025-08-17T15:00,27.5,81,30.8,0.3,0.3,51,100,20.1,234,19.076,72.8777
2025-08-17T16:00,26.9,84,30.1,0.4,0.4,51,100,19.9,235,19.076,72.8777
2025-08-17T17:00,26.7,85,30.0,0.5,0.5,53,100,19.1,240,19.076,72.8777
2025-08-17T18:00,26.6,84,29.9,0.2,0.2,51,100,17.3,255,19.076,72.8777
2025-08-17T19:00,26.2,89,30.1,1.9,1.9,61,86,15.3,255,19.076,72.8777
2025-08-17T20:00,25.7,89,29.3,1.3,1.3,61,100,15.9,245,19.076,72.8777
2025-08-17T21:00,25.4,91,28.9,1.7,1.7,61,100,17.3,241,19.076,72.8777
2025-08-17T22:00,25.8,90,29.3,1.5,1.5,61,100,18.3,236,19.076,72.8777
2025-08-17T23:00,25.8,90,29.5,1.0,1.0,55,100,15.6,232,19.076,72.8777
2025-08-18T00:00,25.3,92,28.9,2.0,2.0,61,100,16.3,232,19.076,72.8777
2025-08-18T01:00,25.2,91,28.7,1.9,1.9,61,87,15.7,228,19.076,72.8777
2025-08-18T02:00,25.4,92,29.3,0.4,0.4,51,96,14.9,225,19.076,72.8777
2025-08-18T03:00,25.2,91,28.5,0.7,0.7,53,100,17.4,232,19.076,72.8777
2025-08-18T04:00,25.5,91,29.2,0.5,0.5,53,100,15.2,241,19.076,72.8777
2025-08-18T05:00,25.3,91,28.9,2.0,2.0,61,100,15.7,240,19.076,72.8777
2025-08-18T06:00,25.3,93,29.4,4.2,4.2,63,100,14.4,267,19.076,72.8777
2025-08-18T07:00,25.4,93,29.2,7.3,7.3,63,100,16.6,261,19.076,72.8777
2025-08-18T08:00,25.4,94,29.0,8.6,8.6,65,100,18.1,260,19.076,72.8777
2025-08-18T09:00,25.6,93,29.4,11.2,11.2,65,100,17.5,241,19.076,72.8777
2025-08-18T10:00,25.4,94,28.4,16.4,16.4,65,100,23.1,240,19.076,72.8777
2025-08-18T11:00,25.4,93,28.4,14.8,14.8,65,100,21.3,243,19.076,72.8777
2025-08-18T12:00,25.3,93,28.3,8.2,8.2,65,100,21.5,243,19.076,72.8777
2025-08-18T13:00,26.0,92,29.2,6.3,6.3,63,100,21.7,243,19.076,72.8777
2025-08-18T14:00,25.6,93,28.8,5.7,5.7,63,100,20.3,235,19.076,72.8777
2025-08-18T15:00,25.1,93,27.7,3.3,3.3,63,100,23.6,236,19.076,72.8777
2025-08-18T16:00,25.2,91,28.1,2.0,2.0,61,100,20.2,238,19.076,72.8777
2025-08-18T17:00,25.7,88,28.2,2.1,2.1,61,100,22.1,238,19.076,72.8777
2025-08-18T18:00,25.4,93,28.6,3.8,3.8,63,100,21.0,254,19.076,72.8777
2025-08-18T19:00,25.4,93,28.7,4.9,4.9,63,100,20.1,246,19.076,72.8777
2025-08-18T20:00,25.4,93,28.7,5.2,5.2,63,100,19.8,239,19.076,72.8777
2025-08-18T21:00,25.4,93,28.5,5.1,5.1,63,100,20.8,242,19.076,72.8777
2025-08-18T22:00,25.4,94,29.1,5.2,5.2,63,100,17.3,236,19.076,72.8777
2025-08-18T23:00,25.3,94,29.1,5.2,5.2,63,100,17.1,240,19.076,72.8777
2025-08-19T00:00,25.4,93,29.1,3.3,3.3,63,100,17.3,250,19.076,72.8777
2025-08-19T01:00,25.2,93,28.6,3.9,3.9,63,100,18.4,252,19.076,72.8777
2025-08-19T02:00,25.2,93,28.6,6.3,6.3,63,100,19.0,253,19.076,72.8777
2025-08-19T03:00,25.2,94,28.4,10.6,10.6,65,100,20.0,262,19.076,72.8777
2025-08-19T04:00,25.1,93,28.4,5.6,5.6,63,100,18.5,257,19.076,72.8777
2025-08-19T05:00,25.1,93,28.2,6.9,6.9,63,100,19.0,255,19.076,72.8777
2025-08-19T06:00,25.5,94,29.2,11.7,11.7,65,100,18.0,254,19.076,72.8777
2025-08-19T07:00,25.4,93,28.4,10.8,10.8,65,100,21.9,245,19.076,72.8777
2025-08-19T08:00,25.5,92,28.2,9.8,9.8,65,100,24.0,253,19.076,72.8777
2025-08-19T09:00,25.4,93,28.2,16.1,16.1,65,100,22.7,250,19.076,72.8777
2025-08-19T10:00,25.7,93,28.3,11.2,11.2,65,100,25.6,252,19.076,72.8777
2025-08-19T11:00,26.0,88,28.2,2.7,2.7,63,100,26.3,250,19.076,72.8777
2025-08-19T12:00,26.2,89,29.0,2.1,2.1,61,100,23.8,245,19.076,72.8777
2025-08-19T13:00,26.1,87,28.3,1.2,1.2,55,100,25.8,244,19.076,72.8777
2025-08-19T14:00,25.9,88,28.1,1.1,1.1,55,100,25.8,243,19.076,72.8777
2025-08-19T15:00,26.0,90,28.0,3.2,3.2,63,100,28.6,240,19.076,72.8777
2025-08-19T16:00,25.8,91,27.8,4.1,4.1,63,100,29.2,245,19.076,72.8777
2025-08-19T17:00,25.7,92,27.5,9.3,9.3,65,100,30.3,240,19.076,72.8777
2025-08-19T18:00,25.2,91,27.3,2.6,2.6,63,100,25.7,246,19.076,72.8777
2025-08-19T19:00,25.1,91,27.4,2.7,2.7,63,100,24.3,250,19.076,72.8777
2025-08-19T20:00,25.4,92,28.0,3.4,3.4,63,100,24.2,252,19.076,72.8777
2025-08-19T21:00,25.7,90,28.6,3.6,3.6,63,100,21.8,252,19.076,72.8777
2025-08-19T22:00,25.5,89,27.5,2.0,2.0,61,100,25.9,250,19.076,72.8777
2025-08-19T23:00,25.6,91,28.0,2.3,2.3,61,100,25.5,247,19.076,72.8777
2025-08-20T00:00,25.6,89,27.4,1.7,1.7,61,100,27.4,247,19.076,72.8777
2025-08-20T01:00,25.6,90,27.9,1.4,1.4,61,100,25.3,248,19.076,72.8777
2025-08-20T02:00,25.6,89,28.0,1.1,1.1,55,100,23.5,249,19.076,72.8777
2025-08-20T03:00,24.9,90,27.5,1.5,1.5,61,100,20.5,252,19.076,72.8777
2025-08-20T04:00,24.8,93,27.6,2.4,2.4,61,100,20.7,250,19.076,72.8777
2025-08-20T05:00,24.8,93,27.8,2.4,2.4,61,100,19.6,248,19.076,72.8777
2025-08-20T06:00,25.4,92,27.5,7.1,7.1,63,100,26.7,250,19.076,72.8777
2025-08-20T07:00,25.7,89,27.6,4.0,4.0,63,100,27.2,248,19.076,72.8777
2025-08-20T08:00,25.6,90,27.8,2.4,2.4,61,100,25.2,242,19.076,72.8777
2025-08-20T09:00,25.3,92,27.7,3.2,3.2,63,100,24.5,240,19.076,72.8777
2025-08-20T10:00,25.7,90,28.0,3.7,3.7,63,100,25.7,239,19.076,72.8777
2025-08-20T11:00,25.8,90,28.1,2.0,2.0,61,100,25.3,240,19.076,72.8777
2025-08-20T12:00,26.0,90,28.9,3.1,3.1,63,100,22.1,240,19.076,72.8777
2025-08-20T13:00,25.5,92,27.9,4.7,4.7,63,100,25.7,244,19.076,72.8777
2025-08-20T14:00,25.6,92,28.1,4.4,4.4,63,100,24.6,244,19.076,72.8777
2025-08-20T15:00,26.1,89,28.8,1.4,1.4,61,100,23.1,243,19.076,72.8777
2025-08-20T16:00,26.2,86,29.0,1.1,1.1,55,100,21.2,240,19.076,72.8777
2025-08-20T17:00,26.4,85,29.0,0.4,0.4,51,100,22.4,237,19.076,72.8777
2025-08-20T18:00,25.9,86,28.3,0.4,0.4,51,86,22.5,239,19.076,72.8777
2025-08-20T19:00,26.5,85,29.4,0.1,0.1,51,100,21.4,231,19.076,72.8777
2025-08-20T20:00,26.1,85,28.4,1.3,1.3,61,100,22.6,233,19.076,72.8777
2025-08-20T21:00,25.3,90,28.0,7.1,7.1,63,100,21.0,233,19.076,72.8777
2025-08-20T22:00,25.8,88,28.3,0.5,0.5,53,100,22.4,236,19.076,72.8777
2025-08-20T23:00,25.4,91,28.1,4.1,4.1,63,100,22.9,242,19.076,72.8777
2025-08-21T00:00,25.6,90,28.6,5.8,5.8,63,100,20.6,233,19.076,72.8777
2025-08-21T01:00,25.3,91,27.9,5.8,5.8,63,100,22.0,238,19.076,72.8777
2025-08-21T02:00,25.6,89,28.5,2.0,2.0,61,99,20.2,235,19.076,72.8777
2025-08-21T03:00,26.0,87,28.8,0.5,0.5,53,100,20.4,230,19.076,72.8777
2025-08-21T04:00,26.0,84,28.6,0.5,0.5,53,100,19.6,229,19.076,72.8777
2025-08-21T05:00,25.8,88,28.9,0.9,0.9,53,100,18.6,223,19.076,72.8777
2025-08-21T06:00,25.8,86,28.7,0.9,0.9,53,100,19.5,232,19.076,72.8777
2025-08-21T07:00,26.2,86,29.3,1.6,1.6,61,100,18.8,226,19.076,72.8777
2025-08-21T08:00,26.7,84,29.6,2.1,2.1,61,100,20.2,230,19.076,72.8777
2025-08-21T09:00,26.8,85,30.2,1.4,1.4,61,100,18.8,229,19.076,72.8777
2025-08-21T10:00,27.9,78,30.7,0.2,0.2,51,100,22.4,236,19.076,72.8777
2025-08-21T11:00,27.4,79,29.7,1.0,1.0,55,100,23.2,239,19.076,72.8777
2025-08-21T12:00,28.0,77,31.0,0.3,0.3,51,100,25.3,239,19.076,72.8777
2025-08-21T13:00,27.9,80,31.2,0.3,0.3,51,97,23.2,240,19.076,72.8777
2025-08-21T14:00,27.6,83,31.4,0.2,0.2,51,100,23.2,240,19.076,72.8777
2025-08-21T15:00,27.6,82,31.0,0.2,0.2,51,100,21.7,235,19.076,72.8777
2025-08-21T16:00,27.1,82,29.6,0.1,0.1,51,97,23.6,239,19.076,72.8777
2025-08-21T17:00,26.3,83,29.0,0.6,0.6,53,99,20.1,245,19.076,72.8777
2025-08-21T18:00,27.2,82,29.9,0.1,0.1,51,100,22.1,233,19.076,72.8777
2025-08-21T19:00,26.6,86,30.2,0.2,0.2,51,100,17.9,231,19.076,72.8777
2025-08-21T20:00,26.0,88,29.6,0.3,0.3,51,100,16.8,238,19.076,72.8777
2025-08-21T21:00,25.9,87,29.2,0.2,0.2,51,100,17.7,237,19.076,72.8777
2025-08-21T22:00,26.5,87,30.0,0.2,0.2,51,100,18.5,232,19.076,72.8777
2025-08-21T23:00,26.1,86,29.4,0.6,0.6,53,100,17.5,233,19.076,72.8777
2025-08-22T00:00,26.3,87,29.7,0.0,0.0,3,100,18.1,235,19.076,72.8777
2025-08-22T01:00,26.4,86,29.6,0.1,0.1,51,100,18.5,238,19.076,72.8777
2025-08-22T02:00,25.6,87,28.3,0.5,0.5,53,100,19.6,242,19.076,72.8777
2025-08-22T03:00,26.2,85,29.2,0.1,0.1,51,100,18.2,236,19.076,72.8777
2025-08-22T04:00,25.6,89,28.9,0.2,0.2,51,100,17.3,239,19.076,72.8777
2025-08-22T05:00,25.7,87,29.2,0.2,0.2,51,100,15.6,237,19.076,72.8777
2025-08-22T06:00,26.5,82,29.5,0.0,0.0,3,100,18.3,238,19.076,72.8777
2025-08-22T07:00,26.2,84,29.2,0.3,0.3,51,100,18.2,240,19.076,72.8777
2025-08-22T08:00,26.8,84,30.3,0.3,0.3,51,100,17.0,238,19.076,72.8777
2025-08-22T09:00,27.6,77,30.3,0.1,0.1,51,100,19.8,242,19.076,72.8777
2025-08-22T10:00,27.9,78,31.2,0.8,0.8,53,100,18.0,241,19.076,72.8777
2025-08-22T11:00,28.0,78,31.5,0.3,0.3,51,95,19.3,241,19.076,72.8777
2025-08-22T12:00,28.0,77,31.5,0.1,0.1,51,90,21.4,243,19.076,72.8777
2025-08-22T13:00,28.2,78,32.2,0.2,0.2,51,97,20.9,245,19.076,72.8777
2025-08-22T14:00,28.2,75,31.9,0.0,0.0,3,87,20.8,243,19.076,72.8777
2025-08-22T15:00,28.1,77,31.5,0.3,0.3,51,22,21.0,243,19.076,72.8777
2025-08-22T16:00,27.8,76,30.2,0.1,0.1,51,44,22.1,242,19.076,72.8777
2025-08-22T17:00,27.1,76,29.3,0.2,0.2,51,69,21.2,244,19.076,72.8777
2025-08-22T18:00,26.8,80,29.7,0.0,0.0,3,97,18.5,237,19.076,72.8777
2025-08-22T19:00,26.3,83,29.6,0.2,0.2,51,97,15.3,240,19.076,72.8777
2025-08-22T20:00,26.2,84,29.5,0.3,0.3,51,100,15.6,240,19.076,72.8777
2025-08-22T21:00,26.8,80,29.9,0.0,0.0,3,100,17.0,242,19.076,72.8777
2025-08-22T22:00,26.5,82,29.6,0.1,0.1,51,98,16.3,238,19.076,72.8777
2025-08-22T23:00,26.5,80,29.6,0.1,0.1,51,100,16.1,239,19.076,72.8777
2025-08-23T00:00,26.1,84,29.4,0.6,0.6,53,100,15.5,238,19.076,72.8777
2025-08-23T01:00,26.0,86,29.5,0.1,0.1,51,100,14.9,236,19.076,72.8777
2025-08-23T02:00,25.4,86,28.4,0.6,0.6,53,100,16.7,240,19.076,72.8777
2025-08-23T03:00,24.8,87,27.3,1.6,1.6,61,100,18.5,249,19.076,72.8777
2025-08-23T04:00,24.7,90,28.2,0.8,0.8,53,94,13.0,231,19.076,72.8777
2025-08-23T05:00,24.8,90,28.0,0.7,0.7,53,99,15.0,235,19.076,72.8777
2025-08-23T06:00,26.4,80,28.8,0.1,0.1,51,95,19.2,238,19.076,72.8777
2025-08-23T07:00,26.5,78,28.6,0.2,0.2,51,86,21.1,240,19.076,72.8777
2025-08-23T08:00,26.3,81,28.5,0.7,0.7,53,87,21.7,245,19.076,72.8777
2025-08-23T09:00,27.4,80,30.3,0.3,0.3,51,39,20.4,244,19.076,72.8777
2025-08-23T10:00,28.2,73,30.2,0.1,0.1,51,49,23.2,244,19.076,72.8777
2025-08-23T11:00,28.1,75,30.4,0.2,0.2,51,93,23.1,244,19.076,72.8777
2025-08-23T12:00,28.3,70,30.7,0.2,0.2,51,83,25.0,243,19.076,72.8777
2025-08-23T13:00,27.5,77,29.8,2.1,2.1,61,98,23.3,243,19.076,72.8777
2025-08-23T14:00,27.7,76,30.0,0.4,0.4,51,93,24.1,242,19.076,72.8777
2025-08-23T15:00,26.6,79,28.2,1.2,1.2,55,98,25.0,245,19.076,72.8777
2025-08-23T16:00,27.6,76,29.4,0.1,0.1,51,80,24.9,240,19.076,72.8777
2025-08-23T17:00,27.3,75,28.9,0.1,0.1,51,100,24.4,241,19.076,72.8777
2025-08-23T18:00,27.1,80,29.6,0.2,0.2,51,91,21.1,243,19.076,72.8777
2025-08-23T19:00,26.7,82,29.7,0.0,0.0,2,74,18.9,240,19.076,72.8777
2025-08-23T20:00,26.6,82,29.6,0.0,0.0,1,41,18.0,237,19.076,72.8777
2025-08-23T21:00,26.6,82,29.7,0.0,0.0,3,97,17.3,234,19.076,72.8777
2025-08-23T22:00,26.5,84,29.5,0.1,0.1,51,100,18.6,235,19.076,72.8777
2025-08-23T23:00,26.4,84,29.3,0.0,0.0,3,99,19.8,239,19.076,72.8777
2025-08-24T00:00,26.1,85,28.6,0.2,0.2,51,87,22.0,237,19.076,72.8777
2025-08-24T01:00,26.0,86,28.8,0.1,0.1,51,100,20.5,236,19.076,72.8777
2025-08-24T02:00,25.9,87,28.6,0.0,0.0,3,100,21.4,236,19.076,72.8777
2025-08-24T03:00,25.5,85,27.6,0.4,0.4,51,62,22.1,236,19.076,72.8777
2025-08-24T04:00,25.4,89,28.5,0.7,0.7,53,100,18.0,236,19.076,72.8777
2025-08-24T05:00,25.4,87,28.3,0.3,0.3,51,97,17.6,238,19.076,72.8777
2025-08-24T06:00,26.3,81,28.3,0.1,0.1,51,71,22.1,235,19.076,72.8777
2025-08-24T07:00,26.5,82,29.2,0.2,0.2,51,51,19.3,235,19.076,72.8777
2025-08-24T08:00,27.6,78,30.2,0.0,0.0,1,28,21.7,238,19.076,72.8777
2025-08-24T09:00,27.9,77,30.6,0.1,0.1,51,86,21.9,240,19.076,72.8777
2025-08-24T10:00,27.7,77,30.1,0.1,0.1,51,28,22.7,245,19.076,72.8777
2025-08-24T11:00,28.5,76,31.8,0.0,0.0,3,91,23.6,241,19.076,72.8777
2025-08-24T12:00,28.5,74,31.6,0.2,0.2,51,93,24.0,240,19.076,72.8777
2025-08-24T13:00,28.4,76,32.2,0.2,0.2,51,97,23.9,242,19.076,72.8777
2025-08-24T14:00,27.9,76,31.2,0.1,0.1,51,96,24.1,243,19.076,72.8777
2025-08-24T15:00,27.3,80,30.4,0.8,0.8,53,16,19.0,242,19.076,72.8777
2025-08-24T16:00,26.7,81,29.4,1.1,1.1,55,47,19.6,246,19.076,72.8777
2025-08-24T17:00,26.0,84,28.8,0.8,0.8,53,45,18.8,244,19.076,72.8777
2025-08-24T18:00,27.0,82,30.1,0.0,0.0,0,12,18.7,236,19.076,72.8777
2025-08-24T19:00,25.8,84,28.5,0.5,0.5,53,64,19.2,243,19.076,72.8777
2025-08-24T20:00,25.7,87,28.9,0.3,0.3,51,52,16.6,233,19.076,72.8777
2025-08-24T21:00,26.6,80,29.1,0.1,0.1,51,69,19.1,235,19.076,72.8777
2025-08-24T22:00,26.3,82,29.0,0.1,0.1,51,71,18.2,239,19.076,72.8777
2025-08-24T23:00,25.9,83,28.5,0.3,0.3,51,89,19.4,236,19.076,72.8777
2025-08-25T00:00,25.5,83,28.0,0.8,0.8,53,100,17.9,239,19.076,72.8777
2025-08-25T01:00,24.7,88,27.4,1.3,1.3,61,100,17.8,235,19.076,72.8777
2025-08-25T02:00,24.7,89,27.3,1.9,1.9,61,100,18.6,243,19.076,72.8777
2025-08-25T03:00,25.2,88,28.3,0.3,0.3,51,100,17.2,235,19.076,72.8777
2025-08-25T04:00,25.1,85,27.5,0.4,0.4,51,100,18.7,247,19.076,72.8777
2025-08-25T05:00,25.0,87,27.7,0.5,0.5,53,100,17.5,241,19.076,72.8777
2025-08-25T06:00,25.0,89,27.8,0.9,0.9,53,100,18.8,229,19.076,72.8777
2025-08-25T07:00,25.3,89,28.1,1.7,1.7,61,100,19.9,235,19.076,72.8777
2025-08-25T08:00,25.6,86,27.9,0.6,0.6,53,100,22.3,237,19.076,72.8777
2025-08-25T09:00,26.1,86,29.0,0.5,0.5,53,100,20.4,244,19.076,72.8777
2025-08-25T10:00,25.9,86,28.6,1.7,1.7,61,100,19.9,245,19.076,72.8777
2025-08-25T11:00,26.0,84,28.2,0.8,0.8,53,100,22.0,255,19.076,72.8777
2025-08-25T12:00,26.1,80,28.1,0.4,0.4,51,86,22.1,246,19.076,72.8777
2025-08-25T13:00,26.8,80,29.5,0.4,0.4,51,100,19.4,245,19.076,72.8777
2025-08-25T14:00,26.1,83,28.7,1.0,1.0,55,100,20.4,248,19.076,72.8777
2025-08-25T15:00,26.2,84,29.2,0.8,0.8,53,100,18.3,247,19.076,72.8777
2025-08-25T16:00,26.4,81,29.0,0.3,0.3,51,100,18.9,252,19.076,72.8777
2025-08-25T17:00,26.4,83,29.2,0.1,0.1,51,62,18.8,249,19.076,72.8777
2025-08-25T18:00,25.5,88,28.9,1.5,1.5,61,96,15.8,251,19.076,72.8777
2025-08-25T19:00,25.5,90,29.9,4.0,4.0,63,100,10.5,243,19.076,72.8777
2025-08-25T20:00,24.6,94,28.4,1.2,1.2,55,100,13.8,250,19.076,72.8777
2025-08-25T21:00,25.3,90,29.6,0.9,0.9,53,55,10.5,221,19.076,72.8777
2025-08-25T22:00,25.1,92,29.4,0.7,0.7,53,99,10.5,245,19.076,72.8777
2025-08-25T23:00,25.3,91,29.3,0.5,0.5,53,78,13.0,235,19.076,72.8777
2025-08-26T00:00,25.1,91,29.3,0.8,0.8,53,100,10.8,249,19.076,72.8777
2025-08-26T01:00,25.1,92,29.3,0.8,0.8,53,100,11.6,235,19.076,72.8777
2025-08-26T02:00,25.0,92,28.9,1.0,1.0,55,100,13.2,235,19.076,72.8777
2025-08-26T03:00,25.0,91,28.9,0.3,0.3,51,100,12.1,247,19.076,72.8777
2025-08-26T04:00,25.2,92,29.4,0.5,0.5,53,100,11.8,236,19.076,72.8777
2025-08-26T05:00,24.9,92,29.1,1.5,1.5,61,99,11.3,233,19.076,72.8777
2025-08-26T06:00,26.1,86,29.7,1.2,1.2,55,90,14.9,251,19.076,72.8777
2025-08-26T07:00,26.8,86,31.1,0.1,0.1,51,27,13.2,253,19.076,72.8777
2025-08-26T08:00,27.3,79,30.9,0.5,0.5,53,67,13.7,253,19.076,72.8777
2025-08-26T09:00,27.8,76,31.2,0.3,0.3,51,68,15.3,255,19.076,72.8777
2025-08-26T10:00,27.7,76,30.8,0.9,0.9,53,90,15.8,247,19.076,72.8777
2025-08-26T11:00,27.8,79,31.7,1.2,1.2,55,100,16.2,249,19.076,72.8777
2025-08-26T12:00,27.1,82,30.7,0.5,0.5,53,95,16.8,249,19.076,72.8777
2025-08-26T13:00,27.4,82,31.6,0.6,0.6,53,100,16.8,258,19.076,72.8777
2025-08-26T14:00,26.5,84,30.1,1.2,1.2,55,99,15.8,249,19.076,72.8777
2025-08-26T15:00,27.3,81,30.9,0.3,0.3,51,100,16.6,269,19.076,72.8777
2025-08-26T16:00,26.4,86,30.2,0.8,0.8,53,100,15.0,264,19.076,72.8777
2025-08-26T17:00,26.6,84,30.5,0.2,0.2,51,100,14.1,266,19.076,72.8777
2025-08-26T18:00,26.9,81,30.0,0.4,0.4,51,100,17.5,271,19.076,72.8777
2025-08-26T19:00,26.4,82,29.7,0.5,0.5,53,100,15.1,269,19.076,72.8777
2025-08-26T20:00,26.2,88,30.4,0.6,0.6,53,100,12.8,269,19.076,72.8777
2025-08-26T21:00,26.4,90,31.0,0.0,0.0,3,100,12.1,266,19.076,72.8777
2025-08-26T22:00,25.9,88,30.3,0.5,0.5,53,100,11.0,265,19.076,72.8777
2025-08-26T23:00,26.1,87,30.3,0.2,0.2,51,100,12.3,265,19.076,72.8777
2025-08-27T00:00,25.8,85,29.6,0.6,0.6,53,100,11.4,267,19.076,72.8777
2025-08-27T01:00,25.4,90,30.1,0.5,0.5,53,100,7.6,271,19.076,72.8777
2025-08-27T02:00,25.6,89,30.1,0.3,0.3,51,100,9.6,258,19.076,72.8777
2025-08-27T03:00,25.4,90,30.0,0.2,0.2,51,94,8.4,260,19.076,72.8777
2025-08-27T04:00,25.3,89,30.3,0.2,0.2,51,100,5.1,266,19.076,72.8777
2025-08-27T05:00,25.0,91,30.0,0.4,0.4,51,100,5.4,278,19.076,72.8777
2025-08-27T06:00,25.0,91,29.5,0.8,0.8,53,100,8.5,277,19.076,72.8777
2025-08-27T07:00,25.8,89,30.7,0.4,0.4,51,55,7.3,260,19.076,72.8777
2025-08-27T08:00,27.0,85,32.0,0.1,0.1,51,70,8.5,272,19.076,72.8777
2025-08-27T09:00,27.6,79,32.3,0.2,0.2,51,86,8.4,290,19.076,72.8777
2025-08-27T10:00,26.9,82,31.6,0.9,0.9,53,94,8.2,292,19.076,72.8777
2025-08-27T11:00,28.2,79,33.4,0.0,0.0,3,98,9.4,296,19.076,72.8777
2025-08-27T12:00,28.4,78,33.9,0.0,0.0,2,79,10.4,287,19.076,72.8777
2025-08-27T13:00,27.9,78,33.0,0.3,0.3,51,96,11.0,284,19.076,72.8777
2025-08-27T14:00,27.6,81,32.0,0.0,0.0,2,74,11.7,274,19.076,72.8777
2025-08-27T15:00,27.8,82,32.4,0.1,0.1,51,94,12.6,274,19.076,72.8777
2025-08-27T16:00,27.5,82,32.0,0.1,0.1,51,100,11.9,284,19.076,72.8777
2025-08-27T17:00,26.7,84,31.2,1.5,1.5,61,100,10.1,282,19.076,72.8777
2025-08-27T18:00,26.9,86,31.8,0.0,0.0,3,99,10.3,281,19.076,72.8777
2025-08-27T19:00,26.7,89,32.0,0.0,0.0,3,100,7.8,275,19.076,72.8777
2025-08-27T20:00,26.8,82,31.2,0.2,0.2,51,100,9.0,283,19.076,72.8777
2025-08-27T21:00,26.4,86,31.3,0.3,0.3,51,96,7.3,281,19.076,72.8777
2025-08-27T22:00,26.2,89,31.3,0.1,0.1,51,100,7.2,270,19.076,72.8777
2025-08-27T23:00,25.5,91,30.7,0.4,0.4,51,97,5.8,279,19.076,72.8777
2025-08-28T00:00,25.3,93,31.1,0.4,0.4,51,100,1.7,311,19.076,72.8777
2025-08-28T01:00,25.2,93,30.3,0.3,0.3,51,100,6.1,203,19.076,72.8777
2025-08-28T02:00,25.2,93,30.2,0.1,0.1,51,100,7.1,221,19.076,72.8777
2025-08-28T03:00,25.2,92,30.1,0.5,0.5,53,100,7.3,254,19.076,72.8777
2025-08-28T04:00,25.4,91,30.5,0.2,0.2,51,98,6.0,245,19.076,72.8777
2025-08-28T05:00,25.1,91,30.0,0.4,0.4,51,100,6.9,277,19.076,72.8777
2025-08-28T06:00,25.7,90,30.2,0.9,0.9,53,100,10.1,292,19.076,72.8777
2025-08-28T07:00,26.1,90,30.6,0.1,0.1,51,100,11.4,305,19.076,72.8777
2025-08-28T08:00,26.5,84,30.7,1.0,1.0,55,100,10.9,306,19.076,72.8777
2025-08-28T09:00,26.4,87,31.3,0.5,0.5,53,100,8.3,303,19.076,72.8777
2025-08-28T10:00,27.2,85,32.4,0.1,0.1,51,99,7.4,317,19.076,72.8777
2025-08-28T11:00,28.0,82,33.0,0.1,0.1,51,100,9.6,298,19.076,72.8777
2025-08-28T12:00,28.3,79,33.6,0.0,0.0,3,100,11.2,296,19.076,72.8777
2025-08-28T13:00,28.3,80,33.6,0.1,0.1,51,100,10.8,298,19.076,72.8777
2025-08-28T14:00,27.9,81,32.6,0.1,0.1,51,100,11.2,302,19.076,72.8777
2025-08-28T15:00,27.9,80,32.7,0.1,0.1,51,100,9.1,292,19.076,72.8777
2025-08-28T16:00,27.5,81,32.2,0.2,0.2,51,100,9.1,287,19.076,72.8777
2025-08-28T17:00,27.1,84,32.2,0.4,0.4,51,100,8.2,279,19.076,72.8777
2025-08-28T18:00,26.8,91,32.3,1.6,1.6,61,100,8.5,297,19.076,72.8777
2025-08-28T19:00,26.3,95,32.3,2.7,2.7,63,100,6.7,286,19.076,72.8777
2025-08-28T20:00,26.2,95,32.4,2.6,2.6,63,100,5.3,288,19.076,72.8777
2025-08-28T21:00,26.1,94,32.2,2.3,2.3,61,100,4.1,272,19.076,72.8777
2025-08-28T22:00,26.0,94,31.6,1.1,1.1,55,100,7.2,258,19.076,72.8777
2025-08-28T23:00,25.9,94,31.6,0.5,0.5,53,100,6.3,267,19.076,72.8777
2025-08-29T00:00,25.9,92,30.8,0.5,0.5,53,100,9.9,248,19.076,72.8777
2025-08-29T01:00,25.8,93,30.8,0.2,0.2,51,100,9.7,248,19.076,72.8777
2025-08-29T02:00,25.7,93,30.6,0.2,0.2,51,100,10.3,239,19.076,72.8777
2025-08-29T03:00,25.7,91,30.6,0.2,0.2,51,100,8.4,223,19.076,72.8777
2025-08-29T04:00,25.5,92,30.3,0.2,0.2,51,100,8.4,217,19.076,72.8777
2025-08-29T05:00,25.4,90,30.4,0.2,0.2,51,100,5.9,220,19.076,72.8777
2025-08-29T06:00,25.9,89,30.9,0.1,0.1,51,98,6.4,252,19.076,72.8777
2025-08-29T07:00,25.9,90,30.9,0.0,0.0,3,100,7.5,255,19.076,72.8777
2025-08-29T08:00,26.6,87,31.8,0.0,0.0,3,100,6.7,270,19.076,72.8777
2025-08-29T09:00,27.0,84,32.2,0.1,0.1,51,100,6.3,275,19.076,72.8777
2025-08-29T10:00,27.5,83,32.8,0.1,0.1,51,100,6.5,268,19.076,72.8777
2025-08-29T11:00,27.8,82,32.8,0.1,0.1,51,84,9.4,246,19.076,72.8777
2025-08-29T12:00,27.6,83,32.7,0.3,0.3,51,77,8.9,246,19.076,72.8777
2025-08-29T13:00,28.0,81,32.9,0.1,0.1,51,98,10.1,254,19.076,72.8777
2025-08-29T14:00,28.0,80,32.5,0.1,0.1,51,97,11.8,247,19.076,72.8777
2025-08-29T15:00,27.9,81,32.5,0.1,0.1,51,96,11.5,245,19.076,72.8777
2025-08-29T16:00,27.3,81,31.4,1.1,1.1,55,100,12.2,241,19.076,72.8777
2025-08-29T17:00,27.0,85,31.5,0.4,0.4,51,100,10.9,237,19.076,72.8777
2025-08-29T18:00,25.8,95,31.3,2.0,2.0,61,100,8.0,230,19.076,72.8777
2025-08-29T19:00,25.5,92,30.1,0.8,0.8,53,100,10.2,231,19.076,72.8777
2025-08-29T20:00,25.5,93,30.8,0.2,0.2,51,100,6.0,219,19.076,72.8777
2025-08-29T21:00,25.6,92,30.6,0.1,0.1,51,100,8.3,204,19.076,72.8777
2025-08-29T22:00,25.5,92,30.4,0.1,0.1,51,100,8.4,200,19.076,72.8777
2025-08-29T23:00,25.5,90,30.6,0.3,0.3,51,100,6.1,212,19.076,72.8777
2025-08-30T00:00,25.3,92,30.1,0.1,0.1,51,100,8.3,191,19.076,72.8777
2025-08-30T01:00,25.2,93,30.3,0.0,0.0,3,98,6.7,185,19.076,72.8777
2025-08-30T02:00,25.1,94,29.7,0.0,0.0,3,100,9.5,171,19.076,72.8777
2025-08-30T03:00,25.0,93,29.5,0.2,0.2,51,100,9.6,188,19.076,72.8777
2025-08-30T04:00,25.3,93,30.4,0.1,0.1,51,100,7.1,195,19.076,72.8777
2025-08-30T05:00,25.1,93,29.9,0.6,0.6,53,100,8.1,204,19.076,72.8777
2025-08-30T06:00,25.4,93,30.4,0.2,0.2,51,100,8.4,214,19.076,72.8777
2025-08-30T07:00,25.9,90,30.8,0.5,0.5,53,100,9.2,222,19.076,72.8777
2025-08-30T08:00,26.1,87,30.8,0.2,0.2,51,70,9.0,237,19.076,72.8777
2025-08-30T09:00,26.8,80,30.7,0.0,0.0,1,44,10.6,260,19.076,72.8777
2025-08-30T10:00,26.8,79,30.7,0.0,0.0,1,49,9.9,267,19.076,72.8777
2025-08-30T11:00,27.7,77,33.1,0.0,0.0,3,100,6.7,251,19.076,72.8777
2025-08-30T12:00,27.6,77,32.3,0.0,0.0,3,95,6.5,242,19.076,72.8777
2025-08-30T13:00,28.2,76,33.5,0.0,0.0,3,100,9.4,232,19.076,72.8777
2025-08-30T14:00,28.4,76,33.7,0.0,0.0,3,100,11.9,236,19.076,72.8777
2025-08-30T15:00,28.2,77,32.3,0.4,0.4,51,100,12.0,248,19.076,72.8777
2025-08-30T16:00,28.0,78,32.2,0.2,0.2,51,99,12.0,252,19.076,72.8777
2025-08-30T17:00,27.6,81,32.0,0.2,0.2,51,99,11.1,245,19.076,72.8777
2025-08-30T18:00,26.8,86,31.6,0.0,0.0,3,100,9.3,242,19.076,72.8777
2025-08-30T19:00,26.4,89,31.4,0.0,0.0,3,100,8.6,241,19.076,72.8777
2025-08-30T20:00,26.3,90,31.7,0.0,0.0,3,99,7.0,226,19.076,72.8777
2025-08-30T21:00,26.3,89,31.6,0.1,0.1,51,99,7.5,226,19.076,72.8777
2025-08-30T22:00,26.2,89,31.4,0.0,0.0,3,99,7.5,222,19.076,72.8777
2025-08-30T23:00,26.0,90,31.0,0.0,0.0,3,100,8.0,222,19.076,72.8777
2025-08-31T00:00,25.8,90,30.4,0.1,0.1,51,100,10.5,215,19.076,72.8777
2025-08-31T01:00,25.8,88,30.2,0.5,0.5,53,100,10.5,221,19.076,72.8777
2025-08-31T02:00,25.6,90,30.1,0.4,0.4,51,100,9.9,224,19.076,72.8777
2025-08-31T03:00,25.4,90,29.4,0.7,0.7,53,99,12.0,224,19.076,72.8777
2025-08-31T04:00,25.0,94,29.6,0.6,0.6,53,100,9.8,226,19.076,72.8777
2025-08-31T05:00,25.2,92,29.5,0.6,0.6,53,100,10.9,239,19.076,72.8777
2025-08-31T06:00,25.7,87,30.0,0.3,0.3,51,100,9.6,232,19.076,72.8777
2025-08-31T07:00,25.8,90,30.6,0.3,0.3,51,100,8.8,229,19.076,72.8777
2025-08-31T08:00,26.7,85,31.3,0.1,0.1,51,99,10.5,229,19.076,72.8777
2025-08-31T09:00,27.1,83,31.8,0.4,0.4,51,100,10.1,227,19.076,72.8777
2025-08-31T10:00,27.4,81,31.5,0.7,0.7,53,100,13.0,236,19.076,72.8777
2025-08-31T11:00,27.0,84,31.5,0.7,0.7,53,100,11.1,245,19.076,72.8777
2025-08-31T12:00,27.6,81,31.8,0.1,0.1,51,100,13.2,253,19.076,72.8777
2025-08-31T13:00,27.6,80,31.7,0.8,0.8,53,100,15.1,250,19.076,72.8777
2025-08-31T14:00,27.5,82,31.3,1.0,1.0,55,99,16.6,253,19.076,72.8777
2025-08-31T15:00,27.7,82,31.4,0.0,0.0,3,100,17.4,256,19.076,72.8777
2025-08-31T16:00,27.4,81,30.7,0.1,0.1,51,100,18.2,263,19.076,72.8777
2025-08-31T17:00,27.0,82,30.3,0.2,0.2,51,100,16.9,262,19.076,72.8777
2025-08-31T18:00,26.2,87,30.2,0.3,0.3,51,100,12.9,276,19.076,72.8777
2025-08-31T19:00,26.3,86,30.5,0.2,0.2,51,100,11.5,271,19.076,72.8777
2025-08-31T20:00,26.1,87,30.2,0.4,0.4,51,100,12.0,257,19.076,72.8777
2025-08-31T21:00,26.2,90,30.7,0.2,0.2,51,100,12.0,252,19.076,72.8777
2025-08-31T22:00,25.7,90,30.1,0.9,0.9,53,100,11.5,240,19.076,72.8777
2025-08-31T23:00,25.6,89,29.5,0.4,0.4,51,100,13.1,257,19.076,72.8777
2025-09-01T00:00,25.3,90,29.6,0.4,0.4,51,100,10.4,244,19.076,72.8777
2025-09-01T01:00,25.5,90,29.8,0.4,0.4,51,100,11.2,246,19.076,72.8777
2025-09-01T02:00,25.1,91,28.9,0.2,0.2,51,100,13.4,256,19.076,72.8777
2025-09-01T03:00,25.4,89,29.4,0.2,0.2,51,99,12.0,251,19.076,72.8777
2025-09-01T04:00,25.4,87,29.2,0.2,0.2,51,97,12.3,243,19.076,72.8777
2025-09-01T05:00,25.5,85,28.9,0.2,0.2,51,100,13.7,251,19.076,72.8777
2025-09-01T06:00,26.3,88,30.3,0.2,0.2,51,86,14.4,246,19.076,72.8777
2025-09-01T07:00,26.7,85,30.2,0.0,0.0,3,86,17.2,249,19.076,72.8777
2025-09-01T08:00,27.1,80,29.9,0.1,0.1,51,97,18.7,254,19.076,72.8777
2025-09-01T09:00,26.5,84,29.7,0.3,0.3,51,99,17.9,260,19.076,72.8777
2025-09-01T10:00,27.1,80,30.2,0.2,0.2,51,94,17.3,261,19.076,72.8777
2025-09-01T11:00,27.6,78,30.8,0.6,0.6,53,81,17.3,260,19.076,72.8777
2025-09-01T12:00,27.1,80,29.9,1.2,1.2,55,85,19.1,258,19.076,72.8777
2025-09-01T13:00,27.7,80,30.9,0.4,0.4,51,69,19.8,263,19.076,72.8777
2025-09-01T14:00,27.8,79,31.0,0.2,0.2,51,80,21.0,263,19.076,72.8777
2025-09-01T15:00,27.2,78,29.6,0.6,0.6,53,91,21.1,268,19.076,72.8777
2025-09-01T16:00,27.2,81,30.2,0.1,0.1,51,93,19.4,264,19.076,72.8777
2025-09-01T17:00,26.4,85,29.6,0.1,0.1,51,99,18.4,268,19.076,72.8777
2025-09-01T18:00,26.6,86,30.0,0.2,0.2,51,87,18.4,258,19.076,72.8777
2025-09-01T19:00,26.8,86,30.5,0.2,0.2,51,100,16.8,257,19.076,72.8777
2025-09-01T20:00,26.2,86,29.7,0.3,0.3,51,100,15.9,257,19.076,72.8777
2025-09-01T21:00,26.3,87,30.2,0.2,0.2,51,100,15.0,253,19.076,72.8777
2025-09-01T22:00,26.2,89,30.0,0.0,0.0,3,100,15.9,250,19.076,72.8777
2025-09-01T23:00,25.8,89,29.3,0.2,0.2,51,100,17.3,255,19.076,72.8777
2025-09-02T00:00,25.9,87,29.5,0.2,0.2,51,100,15.2,253,19.076,72.8777
2025-09-02T01:00,25.8,85,29.1,0.7,0.7,53,100,14.6,254,19.076,72.8777
2025-09-02T02:00,25.2,91,29.0,0.4,0.4,51,100,13.5,267,19.076,72.8777
2025-09-02T03:00,25.4,89,29.6,0.3,0.3,51,100,11.1,263,19.076,72.8777
2025-09-02T04:00,25.5,90,29.7,0.1,0.1,51,90,11.7,260,19.076,72.8777
2025-09-02T05:00,24.9,90,28.8,0.5,0.5,53,100,11.3,268,19.076,72.8777
2025-09-02T06:00,25.7,89,29.5,0.1,0.1,51,100,13.8,278,19.076,72.8777
2025-09-02T07:00,25.9,88,30.0,0.4,0.4,51,100,12.5,277,19.076,72.8777
2025-09-02T08:00,26.3,86,30.2,0.6,0.6,53,95,14.0,286,19.076,72.8777
2025-09-02T09:00,27.0,82,30.6,0.4,0.4,51,57,15.1,285,19.076,72.8777
2025-09-02T10:00,27.6,83,31.9,0.1,0.1,51,49,14.4,282,19.076,72.8777
2025-09-02T11:00,28.0,82,33.0,0.7,0.7,53,24,14.5,291,19.076,72.8777
2025-09-02T12:00,28.2,81,34.2,0.0,0.0,2,53,15.1,285,19.076,72.8777
2025-09-02T13:00,28.1,81,33.3,0.0,0.0,2,55,15.3,286,19.076,72.8777
2025-09-02T14:00,28.3,80,33.8,0.1,0.1,51,92,15.4,281,19.076,72.8777
2025-09-02T15:00,27.9,81,32.2,0.1,0.1,51,99,15.4,276,19.076,72.8777
2025-09-02T16:00,27.4,82,31.4,0.0,0.0,3,100,14.6,275,19.076,72.8777
2025-09-02T17:00,26.8,84,30.7,0.3,0.3,51,100,14.2,269,19.076,72.8777
2025-09-02T18:00,27.0,86,31.5,0.0,0.0,3,100,13.4,266,19.076,72.8777
2025-09-02T19:00,26.8,86,31.1,0.0,0.0,3,100,12.6,267,19.076,72.8777
2025-09-02T20:00,26.4,87,30.8,0.3,0.3,51,98,11.4,266,19.076,72.8777
2025-09-02T21:00,26.3,86,30.5,0.2,0.2,51,98,11.9,266,19.076,72.8777
2025-09-02T22:00,26.3,88,30.8,0.1,0.1,51,100,11.0,264,19.076,72.8777
2025-09-02T23:00,26.2,88,30.6,0.1,0.1,51,100,12.4,261,19.076,72.8777
2025-09-03T00:00,25.7,87,29.4,0.4,0.4,51,100,13.3,268,19.076,72.8777
2025-09-03T01:00,25.2,90,29.2,0.8,0.8,53,100,11.4,263,19.076,72.8777
2025-09-03T02:00,25.4,89,29.7,0.2,0.2,51,100,10.3,269,19.076,72.8777
2025-09-03T03:00,25.0,89,29.0,0.5,0.5,53,100,10.1,265,19.076,72.8777
2025-09-03T04:00,25.2,91,29.7,0.1,0.1,51,100,9.2,281,19.076,72.8777
2025-09-03T05:00,24.7,91,29.0,0.2,0.2,51,100,9.0,292,19.076,72.8777
2025-09-03T06:00,26.4,86,30.2,0.1,0.1,51,97,15.8,282,19.076,72.8777
2025-09-03T07:00,26.7,83,30.3,0.0,0.0,3,100,14.6,286,19.076,72.8777
2025-09-03T08:00,26.8,79,30.0,0.1,0.1,51,100,14.1,302,19.076,72.8777
2025-09-03T09:00,27.7,80,31.9,0.0,0.0,3,100,12.7,297,19.076,72.8777
2025-09-03T10:00,28.6,77,33.4,0.0,0.0,3,100,12.8,299,19.076,72.8777
2025-09-03T11:00,28.7,70,33.0,0.3,0.3,51,100,11.8,294,19.076,72.8777
2025-09-03T12:00,28.6,74,33.6,0.7,0.7,53,95,13.5,293,19.076,72.8777
2025-09-03T13:00,28.7,74,33.7,0.6,0.6,53,79,14.5,287,19.076,72.8777
2025-09-03T14:00,28.3,76,32.8,0.2,0.2,51,44,15.3,279,19.076,72.8777
2025-09-03T15:00,28.2,76,32.1,0.1,0.1,51,51,15.8,282,19.076,72.8777
2025-09-03T16:00,27.9,77,31.3,0.1,0.1,51,100,16.2,284,19.076,72.8777
2025-09-03T17:00,27.4,78,30.8,0.1,0.1,51,100,15.1,285,19.076,72.8777
2025-09-03T18:00,27.2,81,31.3,0.1,0.1,51,100,12.0,279,19.076,72.8777
2025-09-03T19:00,26.6,85,31.1,0.1,0.1,51,100,10.1,280,19.076,72.8777
2025-09-03T20:00,26.5,86,31.3,0.0,0.0,3,100,8.6,268,19.076,72.8777
2025-09-03T21:00,26.4,87,31.8,0.0,0.0,3,100,5.4,266,19.076,72.8777
2025-09-03T22:00,26.3,88,31.4,0.0,0.0,3,100,7.2,276,19.076,72.8777
2025-09-03T23:00,26.0,91,30.9,0.1,0.1,51,100,9.0,283,19.076,72.8777
2025-09-04T00:00,25.7,91,30.5,0.5,0.5,53,100,9.4,290,19.076,72.8777
2025-09-04T01:00,25.8,87,30.3,0.1,0.1,51,100,8.6,290,19.076,72.8777
2025-09-04T02:00,25.4,90,30.2,0.4,0.4,51,100,7.1,285,19.076,72.8777
2025-09-04T03:00,24.8,91,29.4,0.7,0.7,53,93,6.7,265,19.076,72.8777
2025-09-04T04:00,25.0,92,29.8,0.5,0.5,53,79,6.8,281,19.076,72.8777
2025-09-04T05:00,24.8,91,29.3,0.2,0.2,51,100,8.0,276,19.076,72.8777
2025-09-04T06:00,25.1,89,28.8,0.7,0.7,53,100,11.9,309,19.076,72.8777
2025-09-04T07:00,25.9,86,30.3,0.2,0.2,51,100,8.9,294,19.076,72.8777
2025-09-04T08:00,25.7,87,29.9,0.8,0.8,53,100,10.6,296,19.076,72.8777
2025-09-04T09:00,25.5,89,30.2,0.7,0.7,53,100,7.2,289,19.076,72.8777
2025-09-04T10:00,25.8,87,30.3,2.0,2.0,61,100,8.2,310,19.076,72.8777
2025-09-04T11:00,25.9,83,30.0,2.0,2.0,61,100,8.3,300,19.076,72.8777
2025-09-04T12:00,25.8,86,30.3,1.6,1.6,61,100,8.3,246,19.076,72.8777
2025-09-04T13:00,25.9,87,30.3,1.2,1.2,55,100,9.9,255,19.076,72.8777
2025-09-04T14:00,25.7,89,30.0,1.3,1.3,61,100,11.3,272,19.076,72.8777
2025-09-04T15:00,25.8,88,30.0,0.4,0.4,51,100,11.5,271,19.076,72.8777
2025-09-04T16:00,25.5,88,29.5,1.2,1.2,55,100,12.1,277,19.076,72.8777
2025-09-04T17:00,25.7,89,30.4,0.2,0.2,51,100,9.0,272,19.076,72.8777
2025-09-04T18:00,26.0,88,30.3,0.5,0.5,53,100,12.2,278,19.076,72.8777
2025-09-04T19:00,25.8,87,29.9,0.4,0.4,51,100,12.1,276,19.076,72.8777
2025-09-04T20:00,26.2,86,30.2,0.5,0.5,53,98,12.4,268,19.076,72.8777
2025-09-04T21:00,25.9,88,30.1,0.3,0.3,51,100,12.1,274,19.076,72.8777
2025-09-04T22:00,25.8,88,30.1,0.5,0.5,53,100,11.2,269,19.076,72.8777
2025-09-04T23:00,25.2,91,29.5,0.3,0.3,51,100,11.2,271,19.076,72.8777
2025-09-05T00:00,25.1,91,29.7,0.7,0.7,53,100,8.5,265,19.076,72.8777
2025-09-05T01:00,25.3,91,29.8,0.8,0.8,53,100,9.5,289,19.076,72.8777
2025-09-05T02:00,25.2,91,29.8,0.5,0.5,53,98,8.9,252,19.076,72.8777
2025-09-05T03:00,24.9,93,29.3,1.7,1.7,61,100,10.5,265,19.076,72.8777
2025-09-05T04:00,25.1,93,29.3,2.0,2.0,61,100,11.9,255,19.076,72.8777
2025-09-05T05:00,25.1,92,29.3,2.1,2.1,61,100,11.8,254,19.076,72.8777
2025-09-05T06:00,24.9,92,29.1,0.9,0.9,53,100,10.6,256,19.076,72.8777
2025-09-05T07:00,25.4,89,29.5,0.3,0.3,51,100,11.2,273,19.076,72.8777
2025-09-05T08:00,25.7,90,30.1,0.6,0.6,53,100,10.5,258,19.076,72.8777
2025-09-05T09:00,26.3,88,30.6,0.4,0.4,51,100,12.4,261,19.076,72.8777
2025-09-05T10:00,26.6,88,30.6,0.8,0.8,53,100,16.2,260,19.076,72.8777
2025-09-05T11:00,26.1,91,29.8,3.5,3.5,63,100,17.6,269,19.076,72.8777
2025-09-05T12:00,26.6,87,30.9,1.4,1.4,61,100,14.1,265,19.076,72.8777
2025-09-05T13:00,26.9,85,31.1,0.2,0.2,51,100,13.3,260,19.076,72.8777
2025-09-05T14:00,27.4,83,31.5,0.0,0.0,3,100,14.4,258,19.076,72.8777
2025-09-05T15:00,27.0,84,31.0,0.0,0.0,3,100,14.5,247,19.076,72.8777
2025-09-05T16:00,26.9,85,31.0,0.0,0.0,3,100,13.9,259,19.076,72.8777
2025-09-05T17:00,26.8,84,30.8,0.0,0.0,3,100,13.8,256,19.076,72.8777
2025-09-05T18:00,26.1,90,30.9,0.7,0.7,53,100,9.6,261,19.076,72.8777
2025-09-05T19:00,26.0,90,30.8,0.1,0.1,51,100,9.3,252,19.076,72.8777
2025-09-05T20:00,25.6,90,30.0,0.2,0.2,51,100,10.2,263,19.076,72.8777
2025-09-05T21:00,25.5,91,30.2,0.4,0.4,51,100,8.4,261,19.076,72.8777
2025-09-05T22:00,25.8,89,30.6,0.3,0.3,51,100,8.1,267,19.076,72.8777
2025-09-05T23:00,25.5,90,30.1,0.6,0.6,53,100,9.0,250,19.076,72.8777
2025-09-06T00:00,25.3,91,29.8,0.4,0.4,51,100,9.1,248,19.076,72.8777
2025-09-06T01:00,25.4,90,29.7,0.4,0.4,51,100,10.9,241,19.076,72.8777
2025-09-06T02:00,25.2,92,29.3,1.0,1.0,55,100,12.6,245,19.076,72.8777
2025-09-06T03:00,25.2,92,29.5,0.7,0.7,53,100,11.6,231,19.076,72.8777
2025-09-06T04:00,25.0,93,29.1,1.3,1.3,61,100,12.6,236,19.076,72.8777
2025-09-06T05:00,24.8,94,29.0,2.6,2.6,63,100,12.6,246,19.076,72.8777
2025-09-06T06:00,25.1,93,29.3,2.1,2.1,61,100,12.7,240,19.076,72.8777
2025-09-06T07:00,25.2,93,29.2,2.3,2.3,61,100,14.0,237,19.076,72.8777
2025-09-06T08:00,25.5,91,29.3,1.3,1.3,61,100,15.2,244,19.076,72.8777
2025-09-06T09:00,25.7,90,29.2,2.0,2.0,61,100,17.1,234,19.076,72.8777
2025-09-06T10:00,25.5,91,28.9,3.8,3.8,63,100,17.8,239,19.076,72.8777
2025-09-06T11:00,26.0,86,28.9,5.3,5.3,63,100,19.7,245,19.076,72.8777
2025-09-06T12:00,25.4,83,27.8,1.2,1.2,55,100,18.6,250,19.076,72.8777
2025-09-06T13:00,25.8,82,28.7,0.0,0.0,3,100,15.2,243,19.076,72.8777
2025-09-06T14:00,26.5,80,28.9,0.0,0.0,3,100,19.8,239,19.076,72.8777
2025-09-06T15:00,26.4,81,29.1,0.2,0.2,51,100,18.5,238,19.076,72.8777
2025-09-06T16:00,26.3,83,29.3,0.1,0.1,51,100,17.5,233,19.076,72.8777
2025-09-06T17:00,26.2,84,29.4,0.1,0.1,51,100,16.7,234,19.076,72.8777
2025-09-06T18:00,26.5,83,30.2,0.0,0.0,3,100,13.6,236,19.076,72.8777
2025-09-06T19:00,26.2,82,29.7,0.0,0.0,3,100,12.6,236,19.076,72.8777
2025-09-06T20:00,26.1,83,29.8,0.0,0.0,3,100,12.0,226,19.076,72.8777
2025-09-06T21:00,26.2,84,30.0,0.0,0.0,3,100,11.7,218,19.076,72.8777
2025-09-06T22:00,26.2,84,30.0,0.0,0.0,3,100,12.9,216,19.076,72.8777
2025-09-06T23:00,26.1,84,29.4,0.1,0.1,51,100,15.3,218,19.076,72.8777
2025-09-07T00:00,25.9,85,29.3,0.1,0.1,51,100,14.9,215,19.076,72.8777
2025-09-07T01:00,25.5,86,28.9,0.3,0.3,51,100,13.9,216,19.076,72.8777
2025-09-07T02:00,25.3,87,28.5,0.3,0.3,51,100,15.5,215,19.076,72.8777
2025-09-07T03:00,25.1,88,28.0,0.3,0.3,51,100,17.8,216,19.076,72.8777
2025-09-07T04:00,25.3,89,28.7,0.3,0.3,51,100,15.8,215,19.076,72.8777
2025-09-07T05:00,25.3,89,28.7,0.6,0.6,53,100,15.8,209,19.076,72.8777
2025-09-07T06:00,25.0,91,28.3,3.6,3.6,63,100,17.0,238,19.076,72.8777
2025-09-07T07:00,26.0,87,29.8,0.2,0.2,51,99,14.1,231,19.076,72.8777
2025-09-07T08:00,26.6,84,30.3,0.0,0.0,3,100,14.8,233,19.076,72.8777
2025-09-07T09:00,27.6,76,30.8,0.0,0.0,3,97,15.5,242,19.076,72.8777
2025-09-07T10:00,28.1,74,31.2,0.0,0.0,3,100,16.3,244,19.076,72.8777
2025-09-07T11:00,27.9,75,31.0,0.0,0.0,3,100,16.3,239,19.076,72.8777
2025-09-07T12:00,27.8,76,31.6,0.1,0.1,51,100,16.0,236,19.076,72.8777
2025-09-07T13:00,27.7,80,32.0,0.3,0.3,51,100,15.0,243,19.076,72.8777
2025-09-07T14:00,28.0,78,32.3,0.0,0.0,3,98,17.0,242,19.076,72.8777
2025-09-07T15:00,27.5,79,31.0,0.1,0.1,51,86,16.0,247,19.076,72.8777
2025-09-07T16:00,26.7,81,30.2,1.2,1.2,55,84,14.2,255,19.076,72.8777
2025-09-07T17:00,26.6,82,30.2,0.1,0.1,51,76,13.8,243,19.076,72.8777
2025-09-07T18:00,26.3,85,30.1,0.3,0.3,51,71,12.9,233,19.076,72.8777
2025-09-07T19:00,25.5,86,29.6,0.8,0.8,53,79,8.9,222,19.076,72.8777
2025-09-07T20:00,25.4,91,30.5,0.2,0.2,51,96,5.8,231,19.076,72.8777
2025-09-07T21:00,25.3,92,30.3,0.0,0.0,3,99,7.1,186,19.076,72.8777
2025-09-07T22:00,25.2,91,29.9,0.2,0.2,51,91,8.1,197,19.076,72.8777
2025-09-07T23:00,24.7,92,29.0,0.2,0.2,51,87,9.2,182,19.076,72.8777
2025-09-08T00:00,24.7,92,28.8,0.2,0.2,51,47,10.6,184,19.076,72.8777
2025-09-08T01:00,24.6,92,28.4,0.1,0.1,51,90,11.8,186,19.076,72.8777
2025-09-08T02:00,24.4,92,27.9,0.7,0.7,53,96,13.3,190,19.076,72.8777
2025-09-08T03:00,24.3,93,27.8,1.3,1.3,61,95,13.9,190,19.076,72.8777
2025-09-08T04:00,24.6,92,28.1,0.1,0.1,51,79,14.0,187,19.076,72.8777
2025-09-08T05:00,24.6,91,28.2,0.4,0.4,51,55,13.5,193,19.076,72.8777
2025-09-08T06:00,24.7,92,28.6,0.2,0.2,51,94,12.3,183,19.076,72.8777
2025-09-08T07:00,25.3,90,29.4,0.1,0.1,51,100,11.8,189,19.076,72.8777
2025-09-08T08:00,26.1,84,29.5,0.2,0.2,51,85,15.0,197,19.076,72.8777
2025-09-08T09:00,26.8,80,30.1,0.2,0.2,51,56,15.8,201,19.076,72.8777
2025-09-08T10:00,27.6,77,31.2,0.2,0.2,51,67,16.6,209,19.076,72.8777
2025-09-08T11:00,27.6,77,31.5,0.3,0.3,51,64,16.6,216,19.076,72.8777
2025-09-08T12:00,27.7,75,31.7,0.7,0.7,53,75,17.1,218,19.076,72.8777
2025-09-08T13:00,27.3,82,32.2,0.4,0.4,51,72,15.3,217,19.076,72.8777
2025-09-08T14:00,27.7,80,32.8,0.0,0.0,1,31,14.7,221,19.076,72.8777
2025-09-08T15:00,27.8,79,32.6,0.1,0.1,51,19,13.2,226,19.076,72.8777
2025-09-08T16:00,27.6,78,31.5,0.1,0.1,51,12,12.9,233,19.076,72.8777
2025-09-08T17:00,27.1,80,31.0,0.1,0.1,51,18,12.8,232,19.076,72.8777
2025-09-08T18:00,27.0,84,31.7,0.0,0.0,0,16,9.1,236,19.076,72.8777
2025-09-08T19:00,26.5,87,31.6,0.0,0.0,0,10,7.2,219,19.076,72.8777
2025-09-08T20:00,26.3,89,31.6,0.0,0.0,0,17,6.1,208,19.076,72.8777
2025-09-08T21:00,25.9,90,31.3,0.0,0.0,0,15,5.5,203,19.076,72.8777
2025-09-08T22:00,25.5,92,30.9,0.0,0.0,1,30,5.4,182,19.076,72.8777
2025-09-08T23:00,25.2,94,30.3,0.1,0.1,51,82,7.1,173,19.076,72.8777
2025-09-09T00:00,24.9,95,30.0,0.1,0.1,51,44,6.7,164,19.076,72.8777
2025-09-09T01:00,24.7,96,29.7,0.1,0.1,51,30,6.8,158,19.076,72.8777
2025-09-09T02:00,24.6,95,29.5,0.1,0.1,51,39,6.9,143,19.076,72.8777
2025-09-09T03:00,24.4,96,29.2,0.0,0.0,2,54,7.2,141,19.076,72.8777
2025-09-09T04:00,24.3,96,29.0,0.0,0.0,1,38,7.4,133,19.076,72.8777
2025-09-09T05:00,24.2,95,28.7,0.0,0.0,1,35,7.7,139,19.076,72.8777
2025-09-09T06:00,24.7,95,29.7,0.1,0.1,51,31,7.0,148,19.076,72.8777
2025-09-09T07:00,25.2,93,30.0,0.1,0.1,51,38,8.8,149,19.076,72.8777
2025-09-09T08:00,25.9,90,30.5,0.1,0.1,51,41,10.3,153,19.076,72.8777
2025-09-09T09:00,27.2,81,31.5,0.1,0.1,51,47,10.4,169,19.076,72.8777
2025-09-09T10:00,28.0,77,32.6,0.0,0.0,1,35,10.1,186,19.076,72.8777
2025-09-09T11:00,28.6,74,34.2,0.0,0.0,0,19,10.3,195,19.076,72.8777
2025-09-09T12:00,28.8,74,35.2,0.0,0.0,1,25,9.8,204,19.076,72.8777
2025-09-09T13:00,28.9,72,35.2,0.0,0.0,1,24,10.1,207,19.076,72.8777
2025-09-09T14:00,28.9,72,34.8,0.0,0.0,0,13,10.0,214,19.076,72.8777
2025-09-09T15:00,28.8,74,34.1,0.0,0.0,0,5,9.8,221,19.076,72.8777
2025-09-09T16:00,28.4,75,32.8,0.0,0.0,0,16,9.3,233,19.076,72.8777
2025-09-09T17:00,27.9,76,32.2,0.0,0.0,0,2,8.7,248,19.076,72.8777
2025-09-09T18:00,27.2,84,32.0,0.0,0.0,1,21,9.4,257,19.076,72.8777
2025-09-09T19:00,26.5,90,32.2,0.0,0.0,0,12,5.8,272,19.076,72.8777
2025-09-09T20:00,26.0,93,32.2,0.0,0.0,0,4,2.7,262,19.076,72.8777
2025-09-09T21:00,25.7,94,32.0,0.0,0.0,0,1,1.3,304,19.076,72.8777
2025-09-09T22:00,25.3,95,31.5,0.0,0.0,0,2,1.4,320,19.076,72.8777
2025-09-09T23:00,25.0,96,31.1,0.0,0.0,0,5,0.8,63,19.076,72.8777
2025-09-10T00:00,24.6,97,30.4,0.0,0.0,0,6,2.3,119,19.076,72.8777
2025-09-10T01:00,24.8,97,30.5,0.0,0.0,1,23,3.5,141,19.076,72.8777
2025-09-10T02:00,24.9,97,30.7,0.0,0.0,3,100,3.2,124,19.076,72.8777
2025-09-10T03:00,24.6,98,30.4,0.0,0.0,3,100,3.5,118,19.076,72.8777
2025-09-10T04:00,24.7,97,30.2,0.0,0.0,3,100,4.6,126,19.076,72.8777
2025-09-10T05:00,24.6,98,30.1,0.0,0.0,3,100,4.9,118,19.076,72.8777
2025-09-10T06:00,24.7,99,30.4,0.0,0.0,3,100,4.6,81,19.076,72.8777
2025-09-10T07:00,24.8,99,30.5,0.0,0.0,3,100,4.9,80,19.076,72.8777
2025-09-10T08:00,26.0,93,31.9,0.0,0.0,1,46,4.2,85,19.076,72.8777
2025-09-10T09:00,27.7,81,33.7,0.1,0.1,51,10,1.7,108,19.076,72.8777
2025-09-10T10:00,28.9,71,34.9,0.0,0.0,0,12,1.7,229,19.076,72.8777
2025-09-10T11:00,29.4,68,35.7,0.0,0.0,0,18,5.0,251,19.076,72.8777
2025-09-10T12:00,29.5,68,35.9,0.1,0.1,51,29,7.3,260,19.076,72.8777
2025-09-10T13:00,29.2,70,35.5,0.1,0.1,51,22,9.4,273,19.076,72.8777
2025-09-10T14:00,29.0,71,34.6,0.0,0.0,0,7,10.6,284,19.076,72.8777
2025-09-10T15:00,28.7,73,33.6,0.0,0.0,0,6,11.0,284,19.076,72.8777
2025-09-10T16:00,28.4,75,32.5,0.0,0.0,0,18,11.9,288,19.076,72.8777
2025-09-10T17:00,27.8,77,31.8,0.0,0.0,0,11,11.7,299,19.076,72.8777
2025-09-10T18:00,27.8,75,32.0,0.0,0.0,0,4,8.0,308,19.076,72.8777
2025-09-10T19:00,27.1,79,31.6,0.0,0.0,0,1,6.4,315,19.076,72.8777
2025-09-10T20:00,26.7,82,31.6,0.0,0.0,0,3,5.9,320,19.076,72.8777
2025-09-10T21:00,26.5,84,31.5,0.0,0.0,0,0,5.2,319,19.076,72.8777
2025-09-10T22:00,26.1,86,31.4,0.0,0.0,0,2,3.6,327,19.076,72.8777
2025-09-10T23:00,25.8,89,31.3,0.0,0.0,0,10,2.9,7,19.076,72.8777
2025-09-11T00:00,25.3,91,30.9,0.0,0.0,0,11,2.3,39,19.076,72.8777
2025-09-11T01:00,25.0,93,30.7,0.0,0.0,0,13,1.2,27,19.076,72.8777
2025-09-11T02:00,24.7,94,30.3,0.0,0.0,0,9,1.7,77,19.076,72.8777
2025-09-11T03:00,24.4,94,29.7,0.0,0.0,0,13,2.7,127,19.076,72.8777
2025-09-11T04:00,24.3,95,29.6,0.0,0.0,1,24,2.4,163,19.076,72.8777
2025-09-11T05:00,24.2,96,29.6,0.0,0.0,1,28,2.5,180,19.076,72.8777
2025-09-11T06:00,25.4,90,30.2,0.1,0.1,51,69,7.2,258,19.076,72.8777
2025-09-11T07:00,25.8,87,31.0,0.0,0.0,2,60,3.7,235,19.076,72.8777
2025-09-11T08:00,26.7,83,31.9,0.1,0.1,51,65,3.8,251,19.076,72.8777
2025-09-11T09:00,26.7,82,31.5,0.2,0.2,51,100,6.2,300,19.076,72.8777
2025-09-11T10:00,27.7,78,32.8,0.2,0.2,51,100,4.0,300,19.076,72.8777
2025-09-11T11:00,28.3,74,33.7,0.3,0.3,51,76,5.5,287,19.076,72.8777
2025-09-11T12:00,28.8,71,34.9,0.3,0.3,51,41,7.1,277,19.076,72.8777
2025-09-11T13:00,28.7,71,34.3,0.2,0.2,51,38,8.6,280,19.076,72.8777
2025-09-11T14:00,28.9,70,34.1,0.1,0.1,51,73,10.2,283,19.076,72.8777
2025-09-11T15:00,28.6,72,33.1,0.0,0.0,3,100,11.0,281,19.076,72.8777
2025-09-11T16:00,28.2,72,31.8,0.0,0.0,3,100,11.5,290,19.076,72.8777
2025-09-11T17:00,27.8,74,31.5,0.0,0.0,3,100,10.5,297,19.076,72.8777
2025-09-11T18:00,28.0,73,31.8,0.0,0.0,3,100,10.1,303,19.076,72.8777
2025-09-11T19:00,27.3,77,31.9,0.0,0.0,3,99,6.2,322,19.076,72.8777
2025-09-11T20:00,26.8,80,31.3,0.0,0.0,3,99,6.9,317,19.076,72.8777
2025-09-11T21:00,26.5,82,31.4,0.0,0.0,3,100,4.8,323,19.076,72.8777
2025-09-11T22:00,26.1,87,31.5,0.0,0.0,3,100,2.7,332,19.076,72.8777
2025-09-11T23:00,25.9,87,31.5,0.0,0.0,3,100,1.4,320,19.076,72.8777
2025-09-12T00:00,25.7,88,31.2,0.0,0.0,3,98,2.1,301,19.076,72.8777
2025-09-12T01:00,25.6,88,31.1,0.0,0.0,3,100,1.7,302,19.076,72.8777
2025-09-12T02:00,25.4,88,30.9,0.0,0.0,3,100,1.3,315,19.076,72.8777
2025-09-12T03:00,25.1,90,30.5,0.0,0.0,3,100,2.2,312,19.076,72.8777
2025-09-12T04:00,25.0,90,30.3,0.0,0.0,3,100,2.5,315,19.076,72.8777
2025-09-12T05:00,24.8,92,30.2,0.0,0.0,3,100,2.0,315,19.076,72.8777
2025-09-12T06:00,25.5,86,30.0,0.0,0.0,3,100,5.7,281,19.076,72.8777
2025-09-12T07:00,26.0,82,30.5,0.0,0.0,3,100,5.4,274,19.076,72.8777
2025-09-12T08:00,27.0,78,31.9,0.0,0.0,3,100,3.8,275,19.076,72.8777
2025-09-12T09:00,28.1,75,33.0,0.0,0.0,3,99,4.5,286,19.076,72.8777
2025-09-12T10:00,28.9,73,34.5,0.0,0.0,3,81,4.3,312,19.076,72.8777
2025-09-12T11:00,29.3,69,34.4,0.1,0.1,51,92,6.6,299,19.076,72.8777
2025-09-12T12:00,29.1,68,34.2,0.1,0.1,51,93,10.3,301,19.076,72.8777
2025-09-12T13:00,28.3,71,32.7,0.7,0.7,53,100,9.7,321,19.076,72.8777
2025-09-12T14:00,28.9,70,33.6,0.2,0.2,51,76,11.8,303,19.076,72.8777
2025-09-12T15:00,28.6,71,32.3,0.1,0.1,51,99,12.9,306,19.076,72.8777
2025-09-12T16:00,27.9,75,31.6,0.0,0.0,3,100,11.8,316,19.076,72.8777
2025-09-12T17:00,27.5,77,31.6,0.0,0.0,3,100,9.8,317,19.076,72.8777
2025-09-12T18:00,27.3,81,32.0,0.0,0.0,3,100,8.0,335,19.076,72.8777
2025-09-12T19:00,27.0,85,32.5,0.0,0.0,3,100,4.3,360,19.076,72.8777
2025-09-12T20:00,26.8,88,32.6,0.0,0.0,3,100,3.8,19,19.076,72.8777
2025-09-12T21:00,26.5,91,32.9,0.0,0.0,3,100,1.9,29,19.076,72.8777
2025-09-12T22:00,26.4,92,32.8,0.0,0.0,3,100,1.8,53,19.076,72.8777
2025-09-12T23:00,26.1,93,32.5,0.0,0.0,3,100,2.1,59,19.076,72.8777
2025-09-13T00:00,25.7,96,32.3,0.0,0.0,3,100,1.3,82,19.076,72.8777
2025-09-13T01:00,25.6,96,32.0,0.1,0.1,51,100,2.0,85,19.076,72.8777
2025-09-13T02:00,25.5,96,31.7,0.1,0.1,51,100,2.2,95,19.076,72.8777
2025-09-13T03:00,25.1,98,31.4,0.4,0.4,51,100,1.2,51,19.076,72.8777
2025-09-13T04:00,25.0,98,31.2,0.2,0.2,51,100,1.3,360,19.076,72.8777
2025-09-13T05:00,25.1,97,31.2,0.2,0.2,51,91,2.9,360,19.076,72.8777
2025-09-13T06:00,25.7,93,31.4,0.1,0.1,51,100,3.9,347,19.076,72.8777
2025-09-13T07:00,26.0,88,31.2,0.0,0.0,3,100,5.1,352,19.076,72.8777
2025-09-13T08:00,26.4,87,32.1,0.2,0.2,51,99,2.7,352,19.076,72.8777
2025-09-13T09:00,27.0,84,32.6,0.1,0.1,51,100,3.3,13,19.076,72.8777
2025-09-13T10:00,27.8,81,33.3,0.0,0.0,3,100,5.2,344,19.076,72.8777
2025-09-13T11:00,28.3,77,33.2,0.0,0.0,3,100,6.6,319,19.076,72.8777
2025-09-13T12:00,28.2,76,32.6,0.0,0.0,3,99,8.7,308,19.076,72.8777
2025-09-13T13:00,28.3,75,32.6,0.1,0.1,51,73,12.1,310,19.076,72.8777
2025-09-13T14:00,28.6,74,32.7,0.1,0.1,51,99,13.7,309,19.076,72.8777
2025-09-13T15:00,28.3,75,31.9,0.0,0.0,3,99,14.6,305,19.076,72.8777
2025-09-13T16:00,28.1,75,31.8,0.0,0.0,3,100,13.5,307,19.076,72.8777
2025-09-13T17:00,27.4,79,31.6,0.4,0.4,51,100,11.0,310,19.076,72.8777
2025-09-13T18:00,25.9,93,31.1,3.1,3.1,63,100,8.4,312,19.076,72.8777
2025-09-13T19:00,25.7,95,30.9,3.5,3.5,63,100,8.9,313,19.076,72.8777
2025-09-13T20:00,25.8,93,31.0,1.3,1.3,61,100,8.6,323,19.076,72.8777
2025-09-13T21:00,25.6,95,31.1,1.7,1.7,61,100,7.0,310,19.076,72.8777
2025-09-13T22:00,25.7,93,30.9,0.5,0.5,53,100,8.2,320,19.076,72.8777
2025-09-13T23:00,25.4,95,31.1,0.6,0.6,53,100,5.1,343,19.076,72.8777
2025-09-14T00:00,25.4,94,30.7,0.5,0.5,53,100,6.3,325,19.076,72.8777
2025-09-14T01:00,25.4,94,30.6,0.2,0.2,51,100,7.3,320,19.076,72.8777
2025-09-14T02:00,25.3,94,30.5,0.1,0.1,51,100,6.9,329,19.076,72.8777
2025-09-14T03:00,25.4,94,30.8,0.1,0.1,51,100,5.5,328,19.076,72.8777
2025-09-14T04:00,25.1,96,30.5,0.8,0.8,53,100,6.2,338,19.076,72.8777
2025-09-14T05:00,25.1,96,30.9,1.9,1.9,61,100,3.1,339,19.076,72.8777
2025-09-14T06:00,24.8,94,29.6,0.5,0.5,53,100,8.0,350,19.076,72.8777
2025-09-14T07:00,24.9,97,30.4,0.9,0.9,53,100,5.9,18,19.076,72.8777
2025-09-14T08:00,26.0,91,31.4,0.4,0.4,51,100,5.9,360,19.076,72.8777
2025-09-14T09:00,26.7,86,32.0,0.1,0.1,51,100,5.8,351,19.076,72.8777
2025-09-14T10:00,27.9,78,33.2,0.0,0.0,3,100,4.0,355,19.076,72.8777
2025-09-14T11:00,28.9,73,35.0,0.1,0.1,51,100,6.6,331,19.076,72.8777
2025-09-14T12:00,29.1,71,34.6,0.0,0.0,3,100,8.5,297,19.076,72.8777
2025-09-14T13:00,29.0,71,34.3,0.4,0.4,51,100,13.5,293,19.076,72.8777
2025-09-14T14:00,27.8,77,31.2,0.7,0.7,53,100,15.6,294,19.076,72.8777
2025-09-14T15:00,27.5,82,31.6,0.2,0.2,51,100,14.2,303,19.076,72.8777
2025-09-14T16:00,27.5,81,31.6,0.2,0.2,51,100,12.7,305,19.076,72.8777
2025-09-14T17:00,27.2,80,31.1,0.3,0.3,51,100,13.4,305,19.076,72.8777
2025-09-14T18:00,26.5,87,30.9,0.8,0.8,53,100,12.0,314,19.076,72.8777
2025-09-14T19:00,26.0,90,31.1,0.5,0.5,53,100,7.7,329,19.076,72.8777
2025-09-14T20:00,26.3,89,31.3,0.4,0.4,51,100,8.8,321,19.076,72.8777
2025-09-14T21:00,26.2,90,31.2,0.1,0.1,51,100,9.0,337,19.076,72.8777
2025-09-14T22:00,26.1,90,31.2,0.2,0.2,51,100,8.1,347,19.076,72.8777
2025-09-14T23:00,25.6,93,31.2,2.8,2.8,63,100,4.7,337,19.076,72.8777
2025-09-15T00:00,25.2,96,31.0,4.6,4.6,63,100,3.8,5,19.076,72.8777
2025-09-15T01:00,25.2,96,31.2,7.9,7.9,65,100,3.1,10,19.076,72.8777
2025-09-15T02:00,25.3,95,31.0,8.6,8.6,65,100,5.0,289,19.076,72.8777
2025-09-15T03:00,25.4,94,30.9,5.7,5.7,63,100,6.0,299,19.076,72.8777
2025-09-15T04:00,24.9,96,29.9,4.7,4.7,63,100,8.6,323,19.076,72.8777
2025-09-15T05:00,25.3,93,30.0,0.8,0.8,53,100,8.8,313,19.076,72.8777
2025-09-15T06:00,25.3,95,30.2,4.6,4.6,63,100,9.8,294,19.076,72.8777
2025-09-15T07:00,25.3,94,30.1,3.6,3.6,63,100,10.2,311,19.076,72.8777
2025-09-15T08:00,25.2,93,30.2,10.6,10.6,65,100,7.5,307,19.076,72.8777
2025-09-15T09:00,25.5,94,30.5,8.2,8.2,65,100,8.7,307,19.076,72.8777
2025-09-15T10:00,25.6,95,30.7,4.1,4.1,63,100,9.3,314,19.076,72.8777
2025-09-15T11:00,26.5,90,31.7,1.0,1.0,55,100,9.5,302,19.076,72.8777
2025-09-15T12:00,26.3,87,30.8,0.2,0.2,51,100,10.6,304,19.076,72.8777
2025-09-15T13:00,27.0,86,31.9,0.2,0.2,51,100,13.5,286,19.076,72.8777
2025-09-15T14:00,27.1,85,31.1,0.1,0.1,51,100,16.2,293,19.076,72.8777
2025-09-15T15:00,26.9,86,31.0,0.1,0.1,51,100,15.7,303,19.076,72.8777
2025-09-15T16:00,26.6,85,30.3,0.3,0.3,51,100,15.3,300,19.076,72.8777
2025-09-15T17:00,26.7,85,30.9,0.2,0.2,51,100,12.6,301,19.076,72.8777
2025-09-15T18:00,26.9,85,31.5,0.0,0.0,3,100,10.2,315,19.076,72.8777
2025-09-15T19:00,26.6,86,31.2,0.0,0.0,3,100,10.2,314,19.076,72.8777
2025-09-15T20:00,26.3,85,30.6,0.0,0.0,3,100,10.0,309,19.076,72.8777
2025-09-15T21:00,26.0,87,30.7,0.0,0.0,3,100,8.0,298,19.076,72.8777
2025-09-15T22:00,26.0,90,31.1,0.0,0.0,3,100,7.3,286,19.076,72.8777
2025-09-15T23:00,25.8,91,31.3,0.0,0.0,3,100,5.5,293,19.076,72.8777
2025-09-16T00:00,25.7,92,31.2,0.0,0.0,3,100,5.1,302,19.076,72.8777
2025-09-16T01:00,25.4,94,31.2,0.1,0.1,51,100,3.3,306,19.076,72.8777
2025-09-16T02:00,25.2,93,30.7,0.2,0.2,51,100,3.4,276,19.076,72.8777
2025-09-16T03:00,25.4,92,30.7,0.2,0.2,51,100,4.8,299,19.076,72.8777
2025-09-16T04:00,25.4,91,30.9,0.2,0.2,51,100,3.6,290,19.076,72.8777
2025-09-16T05:00,25.4,90,30.8,0.2,0.2,51,100,3.6,311,19.076,72.8777
2025-09-16T06:00,25.7,90,30.7,0.2,0.2,51,100,7.2,302,19.076,72.8777
2025-09-16T07:00,25.8,91,31.0,0.2,0.2,51,100,6.6,279,19.076,72.8777
2025-09-16T08:00,26.1,90,31.5,0.1,0.1,51,100,6.7,308,19.076,72.8777
2025-09-16T09:00,26.6,87,32.0,0.2,0.2,51,99,5.7,332,19.076,72.8777
2025-09-16T10:00,27.2,85,32.8,0.1,0.1,51,100,5.3,336,19.076,72.8777
2025-09-16T11:00,27.1,84,32.5,0.2,0.2,51,100,5.2,311,19.076,72.8777
2025-09-16T12:00,27.4,83,32.4,0.1,0.1,51,100,7.8,299,19.076,72.8777
2025-09-16T13:00,27.8,82,32.8,0.1,0.1,51,100,9.3,288,19.076,72.8777
2025-09-16T14:00,27.1,85,31.8,0.1,0.1,51,100,11.8,286,19.076,72.8777
2025-09-16T15:00,26.8,85,31.2,0.3,0.3,51,100,11.4,283,19.076,72.8777
2025-09-16T16:00,26.5,87,31.4,0.4,0.4,51,100,9.6,287,19.076,72.8777
2025-09-16T17:00,26.4,88,31.6,0.4,0.4,51,100,7.7,286,19.076,72.8777
2025-09-16T18:00,25.9,93,31.6,0.9,0.9,53,100,5.1,216,19.076,72.8777
2025-09-16T19:00,25.6,95,31.6,0.5,0.5,53,100,4.0,238,19.076,72.8777
2025-09-16T20:00,25.5,94,31.0,0.1,0.1,51,100,6.2,216,19.076,72.8777
2025-09-16T21:00,25.5,95,31.2,0.1,0.1,51,100,5.1,188,19.076,72.8777
2025-09-16T22:00,25.4,95,31.1,0.1,0.1,51,100,5.2,192,19.076,72.8777
2025-09-16T23:00,25.4,93,30.8,0.2,0.2,51,100,5.0,178,19.076,72.8777
2025-09-17T00:00,24.9,96,30.6,0.1,0.1,51,100,3.6,162,19.076,72.8777
2025-09-17T01:00,24.9,95,30.6,0.4,0.4,51,99,3.5,141,19.076,72.8777
2025-09-17T02:00,24.8,96,30.4,0.1,0.1,51,100,3.6,127,19.076,72.8777
2025-09-17T03:00,24.7,96,30.5,1.5,1.5,61,98,2.8,105,19.076,72.8777
2025-09-17T04:00,24.7,97,30.4,0.2,0.2,51,48,3.3,119,19.076,72.8777
2025-09-17T05:00,24.7,97,30.5,0.1,0.1,51,77,2.2,85,19.076,72.8777
2025-09-17T06:00,25.1,95,31.0,0.2,0.2,51,88,2.7,160,19.076,72.8777
2025-09-17T07:00,25.8,92,31.9,0.1,0.1,51,73,1.9,131,19.076,72.8777
2025-09-17T08:00,26.5,89,32.6,0.2,0.2,51,100,2.3,148,19.076,72.8777
2025-09-17T09:00,27.2,88,33.4,0.3,0.3,51,100,3.3,174,19.076,72.8777
2025-09-17T10:00,28.2,81,34.3,0.2,0.2,51,100,2.7,222,19.076,72.8777
2025-09-17T11:00,27.9,82,33.1,3.5,3.5,63,100,8.4,230,19.076,72.8777
2025-09-17T12:00,26.4,86,31.0,14.8,14.8,65,100,9.9,249,19.076,72.8777
2025-09-17T13:00,26.8,87,32.4,2.8,2.8,63,81,4.8,326,19.076,72.8777
2025-09-17T14:00,27.7,82,32.9,0.3,0.3,51,95,8.1,274,19.076,72.8777
2025-09-17T15:00,27.7,83,32.7,0.2,0.2,51,100,9.7,273,19.076,72.8777
2025-09-17T16:00,27.6,83,32.6,0.0,0.0,3,100,9.5,289,19.076,72.8777
2025-09-17T17:00,27.4,83,32.4,0.1,0.1,51,100,8.3,288,19.076,72.8777
2025-09-17T18:00,27.1,89,33.2,0.1,0.1,51,100,4.5,310,19.076,72.8777
2025-09-17T19:00,26.8,91,33.2,0.0,0.0,3,97,2.5,339,19.076,72.8777
2025-09-17T20:00,26.3,92,32.6,0.3,0.3,51,99,1.8,270,19.076,72.8777
2025-09-17T21:00,26.1,93,32.5,0.1,0.1,51,100,1.5,249,19.076,72.8777
2025-09-17T22:00,26.1,91,32.2,0.1,0.1,51,97,2.3,309,19.076,72.8777
2025-09-17T23:00,25.9,92,32.2,0.0,0.0,3,98,0.9,360,19.076,72.8777
2025-09-18T00:00,25.4,92,31.1,1.3,1.3,61,100,2.2,265,19.076,72.8777
2025-09-18T01:00,25.4,94,31.5,0.4,0.4,51,100,1.4,50,19.076,72.8777
2025-09-18T02:00,24.9,96,30.8,0.5,0.5,53,99,2.4,153,19.076,72.8777
2025-09-18T03:00,24.8,97,30.6,0.1,0.1,51,100,2.4,197,19.076,72.8777
2025-09-18T04:00,24.8,96,30.8,0.0,0.0,3,99,1.3,188,19.076,72.8777
2025-09-18T05:00,24.6,96,30.4,0.0,0.0,3,98,1.8,174,19.076,72.8777
2025-09-18T06:00,25.1,96,31.1,0.8,0.8,53,100,1.9,17,19.076,72.8777
2025-09-18T07:00,25.4,95,31.3,0.5,0.5,53,100,3.3,29,19.076,72.8777
2025-09-18T08:00,25.4,93,30.9,0.3,0.3,51,100,4.6,54,19.076,72.8777
2025-09-18T09:00,26.3,90,32.2,0.3,0.3,51,100,2.6,74,19.076,72.8777
2025-09-18T10:00,27.2,87,33.7,0.4,0.4,51,100,0.4,333,19.076,72.8777
2025-09-18T11:00,27.5,84,33.4,0.3,0.3,51,100,3.5,261,19.076,72.8777
2025-09-18T12:00,27.8,84,33.6,0.2,0.2,51,100,6.7,261,19.076,72.8777
2025-09-18T13:00,27.6,83,32.9,0.7,0.7,53,100,9.8,275,19.076,72.8777
2025-09-18T14:00,27.2,85,32.2,0.3,0.3,51,100,8.7,284,19.076,72.8777
2025-09-18T15:00,27.3,84,32.3,0.2,0.2,51,100,8.4,281,19.076,72.8777
2025-09-18T16:00,27.5,82,32.5,0.1,0.1,51,100,8.3,288,19.076,72.8777
2025-09-18T17:00,26.9,85,32.0,0.1,0.1,51,100,7.7,282,19.076,72.8777
2025-09-18T18:00,27.1,89,32.8,0.1,0.1,51,100,7.3,293,19.076,72.8777
2025-09-18T19:00,26.9,89,32.7,0.1,0.1,51,100,5.5,297,19.076,72.8777
2025-09-18T20:00,26.8,88,32.5,0.0,0.0,3,100,5.2,301,19.076,72.8777
2025-09-18T21:00,25.7,92,31.7,1.9,1.9,61,100,1.7,32,19.076,72.8777
2025-09-18T22:00,25.2,96,31.2,1.7,1.7,61,98,3.2,43,19.076,72.8777
2025-09-18T23:00,24.9,97,30.7,0.1,0.1,51,99,3.8,107,19.076,72.8777
2025-09-19T00:00,24.7,98,30.3,0.0,0.0,3,100,4.9,92,19.076,72.8777
2025-09-19T01:00,24.7,97,30.2,0.0,0.0,3,100,4.2,100,19.076,72.8777
2025-09-19T02:00,24.7,96,30.2,0.0,0.0,3,100,4.0,85,19.076,72.8777
2025-09-19T03:00,24.7,96,30.0,0.2,0.2,51,100,5.4,120,19.076,72.8777
2025-09-19T04:00,24.7,97,30.2,0.2,0.2,51,100,4.4,173,19.076,72.8777
2025-09-19T05:00,24.8,96,30.4,0.7,0.7,53,100,3.9,164,19.076,72.8777
2025-09-19T06:00,25.5,93,31.0,0.1,0.1,51,95,4.8,250,19.076,72.8777
2025-09-19T07:00,26.1,89,31.6,0.0,0.0,3,100,4.1,229,19.076,72.8777
2025-09-19T08:00,26.6,86,31.9,0.1,0.1,51,63,6.4,252,19.076,72.8777
2025-09-19T09:00,27.4,83,32.6,0.1,0.1,51,100,7.5,255,19.076,72.8777
2025-09-19T10:00,27.5,83,32.7,0.1,0.1,51,100,8.0,247,19.076,72.8777
2025-09-19T11:00,27.5,83,32.6,0.2,0.2,51,100,8.1,252,19.076,72.8777
2025-09-19T12:00,28.1,80,33.4,0.2,0.2,51,100,9.1,256,19.076,72.8777
2025-09-19T13:00,28.2,79,33.9,0.1,0.1,51,98,9.6,279,19.076,72.8777
2025-09-19T14:00,27.6,81,32.1,0.0,0.0,3,99,11.7,283,19.076,72.8777
2025-09-19T15:00,27.5,81,32.0,0.0,0.0,3,99,10.7,283,19.076,72.8777
2025-09-19T16:00,27.3,81,31.8,0.0,0.0,3,95,9.9,289,19.076,72.8777
2025-09-19T17:00,27.3,81,31.9,0.1,0.1,51,68,9.0,283,19.076,72.8777
2025-09-19T18:00,26.0,93,31.9,2.2,2.2,61,100,4.5,272,19.076,72.8777
2025-09-19T19:00,25.9,95,32.0,0.9,0.9,53,100,4.1,308,19.076,72.8777
2025-09-19T20:00,25.7,96,32.3,1.0,1.0,55,100,0.4,27,19.076,72.8777
2025-09-19T21:00,25.6,92,31.3,1.4,1.4,61,97,4.1,139,19.076,72.8777
2025-09-19T22:00,25.0,96,30.4,0.5,0.5,53,100,6.3,127,19.076,72.8777
2025-09-19T23:00,24.9,97,30.2,0.1,0.1,51,100,7.0,145,19.076,72.8777
2025-09-20T00:00,24.7,98,29.9,0.6,0.6,53,88,7.1,120,19.076,72.8777
2025-09-20T01:00,24.8,97,30.4,0.5,0.5,53,100,4.3,158,19.076,72.8777
2025-09-20T02:00,24.8,96,30.1,1.5,1.5,61,97,5.6,158,19.076,72.8777
2025-09-20T03:00,24.7,96,30.1,1.7,1.7,61,98,5.3,145,19.076,72.8777
2025-09-20T04:00,24.7,97,30.1,0.2,0.2,51,96,5.7,148,19.076,72.8777
2025-09-20T05:00,24.7,95,30.1,0.1,0.1,51,60,4.3,163,19.076,72.8777
2025-09-20T06:00,25.1,93,30.7,0.6,0.6,53,94,3.1,204,19.076,72.8777
2025-09-20T07:00,26.1,90,31.9,0.1,0.1,51,87,3.4,196,19.076,72.8777
2025-09-20T08:00,26.9,87,32.6,0.0,0.0,3,97,4.1,236,19.076,72.8777
2025-09-20T09:00,27.7,82,32.9,0.1,0.1,51,90,6.9,256,19.076,72.8777
2025-09-20T10:00,28.2,79,33.4,0.1,0.1,51,94,7.2,264,19.076,72.8777
2025-09-20T11:00,28.7,78,34.8,0.1,0.1,51,91,7.2,270,19.076,72.8777
2025-09-20T12:00,29.0,76,35.0,0.1,0.1,51,99,10.1,272,19.076,72.8777
2025-09-20T13:00,28.5,73,33.6,1.2,1.2,55,93,11.2,274,19.076,72.8777
2025-09-20T14:00,28.5,80,34.5,0.3,0.3,51,85,9.5,271,19.076,72.8777
2025-09-20T15:00,28.5,78,33.1,0.0,0.0,3,95,11.3,278,19.076,72.8777
2025-09-20T16:00,27.7,77,31.6,0.5,0.5,53,94,11.2,281,19.076,72.8777
2025-09-20T17:00,27.1,81,31.6,0.4,0.4,51,99,8.9,289,19.076,72.8777
2025-09-20T18:00,27.1,87,32.5,0.1,0.1,51,97,7.0,296,19.076,72.8777
2025-09-20T19:00,26.0,91,32.0,2.7,2.7,63,99,1.9,304,19.076,72.8777
2025-09-20T20:00,25.6,94,32.1,1.3,1.3,61,99,0.2,360,19.076,72.8777
2025-09-20T21:00,25.5,95,31.5,0.0,0.0,3,98,3.7,133,19.076,72.8777
2025-09-20T22:00,25.3,96,30.9,0.1,0.1,51,73,6.2,136,19.076,72.8777
2025-09-20T23:00,25.3,96,31.2,0.0,0.0,1,39,3.8,155,19.076,72.8777
2025-09-21T00:00,25.0,95,30.9,0.1,0.1,51,88,2.1,149,19.076,72.8777
2025-09-21T01:00,25.0,95,30.9,0.1,0.1,51,47,2.3,129,19.076,72.8777
2025-09-21T02:00,25.0,93,30.4,2.0,2.0,61,100,4.0,129,19.076,72.8777
2025-09-21T03:00,25.0,94,30.4,0.6,0.6,53,97,5.1,153,19.076,72.8777
2025-09-21T04:00,24.8,95,30.9,1.4,1.4,61,99,0.2,360,19.076,72.8777
2025-09-21T05:00,24.9,94,30.8,0.1,0.1,51,63,0.6,288,19.076,72.8777
2025-09-21T06:00,24.8,94,30.8,0.1,0.1,51,100,0.2,90,19.076,72.8777
2025-09-21T07:00,25.6,93,31.7,0.1,0.1,51,61,1.3,262,19.076,72.8777
2025-09-21T08:00,26.5,90,32.6,0.1,0.1,51,89,2.0,243,19.076,72.8777
2025-09-21T09:00,27.4,86,33.3,0.1,0.1,51,66,4.8,250,19.076,72.8777
2025-09-21T10:00,27.9,84,33.7,0.1,0.1,51,100,5.2,270,19.076,72.8777
2025-09-21T11:00,28.1,82,33.7,0.1,0.1,51,100,6.1,272,19.076,72.8777
2025-09-21T12:00,28.3,80,33.5,0.0,0.0,3,100,9.0,269,19.076,72.8777
2025-09-21T13:00,28.6,78,34.3,0.1,0.1,51,100,10.9,278,19.076,72.8777
2025-09-21T14:00,28.0,81,33.2,0.9,0.9,53,100,11.6,277,19.076,72.8777
2025-09-21T15:00,27.7,81,32.0,0.2,0.2,51,100,12.6,295,19.076,72.8777
2025-09-21T16:00,27.0,82,30.9,0.8,0.8,53,97,13.5,293,19.076,72.8777
2025-09-21T17:00,27.0,86,31.7,1.1,1.1,55,83,10.7,292,19.076,72.8777
2025-09-21T18:00,25.9,92,31.5,3.5,3.5,63,98,5.4,307,19.076,72.8777
2025-09-21T19:00,25.8,92,30.5,1.5,1.5,61,100,10.9,333,19.076,72.8777
2025-09-21T20:00,25.3,94,31.3,1.0,1.0,55,100,1.8,53,19.076,72.8777
2025-09-21T21:00,25.2,96,31.3,1.3,1.3,61,100,1.8,114,19.076,72.8777
2025-09-21T22:00,25.0,98,31.1,0.3,0.3,51,100,1.9,139,19.076,72.8777
2025-09-21T23:00,24.8,97,30.2,0.1,0.1,51,100,5.8,97,19.076,72.8777
2025-09-22T00:00,24.4,98,29.7,0.2,0.2,51,100,5.4,124,19.076,72.8777
2025-09-22T01:00,24.3,97,29.6,0.1,0.1,51,100,5.1,113,19.076,72.8777
2025-09-22T02:00,24.2,97,29.3,0.0,0.0,3,100,5.3,108,19.076,72.8777
2025-09-22T03:00,24.1,97,29.5,0.1,0.1,51,98,3.0,128,19.076,72.8777
2025-09-22T04:00,24.0,98,29.4,0.0,0.0,3,100,3.2,109,19.076,72.8777
2025-09-22T05:00,24.2,97,29.5,0.0,0.0,3,98,3.8,98,19.076,72.8777
2025-09-22T06:00,25.4,91,31.2,0.1,0.1,51,100,0.8,153,19.076,72.8777
2025-09-22T07:00,25.8,88,31.5,0.3,0.3,51,100,1.3,45,19.076,72.8777
2025-09-22T08:00,26.4,86,31.9,0.1,0.1,51,100,2.6,231,19.076,72.8777
2025-09-22T09:00,27.0,82,32.2,0.2,0.2,51,100,4.4,279,19.076,72.8777
2025-09-22T10:00,27.8,78,32.5,0.4,0.4,51,100,7.2,288,19.076,72.8777
2025-09-22T11:00,28.3,77,33.9,0.5,0.5,53,99,9.0,283,19.076,72.8777
2025-09-22T12:00,27.9,80,32.9,0.6,0.6,53,88,11.6,286,19.076,72.8777
2025-09-22T13:00,27.2,80,31.5,3.9,3.9,63,100,10.2,293,19.076,72.8777
2025-09-22T14:00,26.8,85,31.2,0.5,0.5,53,98,11.3,283,19.076,72.8777
2025-09-22T15:00,27.0,83,31.3,0.5,0.5,53,100,11.8,276,19.076,72.8777
2025-09-22T16:00,26.4,82,30.0,1.7,1.7,61,100,12.7,283,19.076,72.8777
2025-09-22T17:00,26.1,88,31.0,0.8,0.8,53,100,8.0,276,19.076,72.8777
2025-09-22T18:00,25.5,92,30.6,1.1,1.1,55,100,7.7,300,19.076,72.8777
2025-09-22T19:00,25.7,92,30.9,0.7,0.7,53,100,7.5,312,19.076,72.8777
2025-09-22T20:00,25.2,95,30.4,1.1,1.1,55,100,7.4,342,19.076,72.8777
2025-09-22T21:00,25.1,96,30.7,1.3,1.3,61,100,5.1,32,19.076,72.8777
2025-09-22T22:00,25.0,97,31.2,1.6,1.6,61,100,0.9,90,19.076,72.8777
2025-09-22T23:00,25.1,97,31.3,1.2,1.2,55,100,1.0,31,19.076,72.8777
2025-09-23T00:00,25.2,95,31.4,1.9,1.9,61,100,0.7,14,19.076,72.8777
2025-09-23T01:00,25.3,94,31.4,0.9,0.9,53,100,0.7,360,19.076,72.8777
2025-09-23T02:00,25.1,95,31.1,0.0,0.0,3,98,1.5,21,19.076,72.8777
2025-09-23T03:00,25.2,95,31.0,0.0,0.0,3,100,2.8,11,19.076,72.8777
2025-09-23T04:00,24.9,96,30.5,0.0,0.0,3,100,3.7,55,19.076,72.8777
2025-09-23T05:00,24.5,98,29.8,0.0,0.0,3,96,6.0,95,19.076,72.8777
2025-09-23T06:00,25.0,95,30.4,1.1,1.1,55,100,5.5,139,19.076,72.8777
2025-09-23T07:00,25.2,94,31.0,1.1,1.1,55,100,2.7,217,19.076,72.8777
2025-09-23T08:00,25.5,93,31.4,1.6,1.6,61,100,1.8,264,19.076,72.8777
2025-09-23T09:00,25.5,94,31.5,2.5,2.5,63,100,2.8,305,19.076,72.8777
2025-09-23T10:00,26.7,85,32.0,0.6,0.6,53,100,4.7,270,19.076,72.8777
2025-09-23T11:00,27.7,80,32.8,0.3,0.3,51,92,5.9,270,19.076,72.8777
2025-09-23T12:00,28.2,78,33.3,0.2,0.2,51,100,7.4,266,19.076,72.8777
2025-09-23T13:00,27.9,78,32.3,0.1,0.1,51,71,10.3,254,19.076,72.8777
2025-09-23T14:00,28.4,72,32.1,0.1,0.1,51,77,12.1,263,19.076,72.8777
2025-09-23T15:00,28.7,69,31.9,0.0,0.0,2,71,13.8,264,19.076,72.8777
2025-09-23T16:00,27.5,76,30.4,0.1,0.1,51,91,16.4,274,19.076,72.8777
2025-09-23T17:00,26.7,81,30.2,0.1,0.1,51,51,13.7,269,19.076,72.8777
2025-09-23T18:00,26.9,85,32.1,0.0,0.0,1,35,6.7,278,19.076,72.8777
2025-09-23T19:00,26.7,86,32.2,0.0,0.0,2,51,4.0,278,19.076,72.8777
2025-09-23T20:00,26.5,84,31.7,0.1,0.1,51,84,4.5,270,19.076,72.8777
2025-09-23T21:00,26.4,83,31.3,0.0,0.0,1,44,5.2,276,19.076,72.8777
2025-09-23T22:00,26.2,83,30.9,0.0,0.0,0,18,6.2,277,19.076,72.8777
2025-09-23T23:00,26.1,83,30.6,0.0,0.0,1,20,6.7,272,19.076,72.8777
2025-09-24T00:00,26.0,84,30.5,0.1,0.1,51,22,6.9,284,19.076,72.8777
2025-09-24T01:00,25.6,86,29.9,0.2,0.2,51,26,8.5,299,19.076,72.8777
2025-09-24T02:00,25.5,88,29.9,0.0,0.0,0,19,8.5,299,19.076,72.8777
2025-09-24T03:00,25.3,90,29.9,0.0,0.0,1,34,7.7,288,19.076,72.8777
2025-09-24T04:00,25.0,91,29.9,0.0,0.0,1,47,5.9,282,19.076,72.8777
2025-09-24T05:00,25.0,90,30.0,0.1,0.1,51,46,4.0,267,19.076,72.8777
2025-09-24T06:00,25.4,89,30.3,0.1,0.1,51,80,5.4,278,19.076,72.8777
2025-09-24T07:00,26.0,88,31.1,0.1,0.1,51,86,5.9,290,19.076,72.8777
2025-09-24T08:00,27.2,81,32.2,0.0,0.0,3,90,5.4,296,19.076,72.8777
2025-09-24T09:00,28.0,76,32.9,0.2,0.2,51,42,5.2,284,19.076,72.8777
2025-09-24T10:00,28.5,74,33.8,0.1,0.1,51,39,6.5,278,19.076,72.8777
2025-09-24T11:00,28.4,75,34.0,0.4,0.4,51,35,8.5,271,19.076,72.8777
2025-09-24T12:00,28.6,74,34.4,0.0,0.0,1,33,8.8,272,19.076,72.8777
2025-09-24T13:00,28.1,71,32.3,0.6,0.6,53,75,10.7,262,19.076,72.8777
2025-09-24T14:00,28.2,75,32.9,0.1,0.1,51,29,11.4,259,19.076,72.8777
2025-09-24T15:00,28.0,75,31.8,0.1,0.1,51,32,11.7,265,19.076,72.8777
2025-09-24T16:00,27.6,77,31.5,0.0,0.0,1,28,11.0,265,19.076,72.8777
2025-09-24T17:00,27.1,78,31.0,0.1,0.1,51,89,10.3,264,19.076,72.8777
2025-09-24T18:00,26.9,77,31.1,0.1,0.1,51,100,7.2,283,19.076,72.8777
2025-09-24T19:00,26.6,83,31.6,0.0,0.0,3,100,5.4,276,19.076,72.8777
2025-09-24T20:00,26.6,85,32.0,0.0,0.0,3,86,3.9,257,19.076,72.8777
2025-09-24T21:00,26.6,85,32.1,0.0,0.0,3,100,3.2,236,19.076,72.8777
2025-09-24T22:00,26.6,82,31.3,0.2,0.2,51,100,6.7,232,19.076,72.8777
2025-09-24T23:00,26.1,83,30.6,0.0,0.0,3,91,6.4,238,19.076,72.8777
2025-09-25T00:00,25.8,84,30.4,0.4,0.4,51,74,4.8,245,19.076,72.8777
2025-09-25T01:00,25.6,85,30.3,0.1,0.1,51,82,4.8,241,19.076,72.8777
2025-09-25T02:00,25.1,87,30.0,0.2,0.2,51,90,3.1,239,19.076,72.8777
2025-09-25T03:00,24.7,89,29.9,0.2,0.2,51,100,1.5,277,19.076,72.8777
2025-09-25T04:00,24.5,92,30.0,0.2,0.2,51,100,0.4,360,19.076,72.8777
2025-09-25T05:00,24.2,93,29.5,0.1,0.1,51,100,1.0,31,19.076,72.8777
2025-09-25T06:00,25.0,89,30.2,0.1,0.1,51,99,1.7,252,19.076,72.8777
2025-09-25T07:00,24.6,90,29.3,0.6,0.6,53,90,4.3,272,19.076,72.8777
2025-09-25T08:00,24.6,88,28.8,0.5,0.5,53,73,6.3,272,19.076,72.8777
2025-09-25T09:00,25.7,84,30.8,0.1,0.1,51,38,1.0,225,19.076,72.8777
2025-09-25T10:00,27.1,80,32.4,0.2,0.2,51,46,3.1,246,19.076,72.8777
2025-09-25T11:00,27.5,79,33.2,0.0,0.0,1,41,6.5,273,19.076,72.8777
2025-09-25T12:00,27.6,80,33.6,0.3,0.3,51,24,7.1,261,19.076,72.8777
2025-09-25T13:00,28.0,80,34.5,0.0,0.0,0,14,7.8,265,19.076,72.8777
2025-09-25T14:00,28.1,79,34.1,0.0,0.0,0,16,9.5,259,19.076,72.8777
2025-09-25T15:00,27.9,79,33.0,0.0,0.0,3,88,9.6,257,19.076,72.8777
2025-09-25T16:00,27.9,77,32.2,0.0,0.0,3,99,10.2,252,19.076,72.8777
2025-09-25T17:00,27.2,80,31.4,0.0,0.0,1,48,10.1,253,19.076,72.8777
2025-09-25T18:00,27.2,82,32.3,0.0,0.0,3,88,6.3,268,19.076,72.8777
2025-09-25T19:00,26.8,84,32.1,0.0,0.0,3,95,5.6,264,19.076,72.8777
2025-09-25T20:00,26.6,86,32.0,0.0,0.0,3,99,5.0,255,19.076,72.8777
2025-09-25T21:00,26.4,87,31.9,0.0,0.0,2,61,4.3,255,19.076,72.8777
2025-09-25T22:00,26.0,89,31.6,0.0,0.0,3,89,3.0,237,19.076,72.8777
2025-09-25T23:00,26.1,88,31.8,0.1,0.1,51,43,1.9,229,19.076,72.8777
2025-09-26T00:00,25.6,89,31.3,0.1,0.1,51,80,0.7,194,19.076,72.8777
2025-09-26T01:00,25.2,92,30.7,0.0,0.0,3,100,2.6,129,19.076,72.8777
2025-09-26T02:00,24.9,93,30.7,0.1,0.1,51,90,0.3,45,19.076,72.8777
2025-09-26T03:00,24.7,94,30.3,0.0,0.0,3,100,1.5,21,19.076,72.8777
2025-09-26T04:00,24.6,95,30.1,0.0,0.0,3,92,2.4,73,19.076,72.8777
2025-09-26T05:00,24.2,97,29.3,0.0,0.0,3,89,5.8,81,19.076,72.8777
2025-09-26T06:00,24.3,97,29.6,0.0,0.0,3,97,4.7,90,19.076,72.8777
2025-09-26T07:00,24.8,95,30.0,0.0,0.0,3,95,4.9,84,19.076,72.8777
2025-09-26T08:00,26.2,89,32.0,0.0,0.0,3,83,3.4,96,19.076,72.8777
2025-09-26T09:00,27.6,80,33.2,0.2,0.2,51,97,2.3,337,19.076,72.8777
2025-09-26T10:00,28.4,74,33.3,0.2,0.2,51,100,7.3,318,19.076,72.8777
2025-09-26T11:00,28.9,72,33.9,0.2,0.2,51,100,9.3,311,19.076,72.8777
2025-09-26T12:00,29.1,72,34.7,0.1,0.1,51,100,11.2,311,19.076,72.8777
2025-09-26T13:00,29.1,73,34.8,0.2,0.2,51,91,11.7,311,19.076,72.8777
2025-09-26T14:00,29.0,74,34.0,0.1,0.1,51,95,12.7,309,19.076,72.8777
2025-09-26T15:00,28.7,74,33.0,0.1,0.1,51,100,10.6,318,19.076,72.8777
2025-09-26T16:00,28.2,75,32.4,0.1,0.1,51,100,9.8,310,19.076,72.8777
2025-09-26T17:00,27.6,80,32.6,1.3,1.3,61,100,7.1,297,19.076,72.8777
2025-09-26T18:00,27.0,88,33.2,0.2,0.2,51,100,2.5,315,19.076,72.8777
2025-09-26T19:00,26.3,94,33.0,0.0,0.0,3,100,1.5,21,19.076,72.8777
2025-09-26T20:00,26.3,94,33.0,0.0,0.0,3,100,0.4,243,19.076,72.8777
2025-09-26T21:00,26.3,93,33.0,0.0,0.0,3,100,0.6,288,19.076,72.8777
2025-09-26T22:00,26.2,93,32.6,0.0,0.0,3,100,1.0,239,19.076,72.8777
2025-09-26T23:00,25.9,91,32.0,0.1,0.1,51,100,1.8,264,19.076,72.8777
2025-09-27T00:00,25.9,90,31.2,0.1,0.1,51,100,6.1,273,19.076,72.8777
2025-09-27T01:00,25.8,86,30.4,0.0,0.0,3,95,7.0,283,19.076,72.8777
2025-09-27T02:00,25.6,83,30.1,0.0,0.0,3,84,4.4,302,19.076,72.8777
2025-09-27T03:00,25.6,82,29.8,0.0,0.0,3,99,5.3,298,19.076,72.8777
2025-09-27T04:00,25.6,82,29.8,0.0,0.0,3,99,5.6,318,19.076,72.8777
2025-09-27T05:00,25.1,88,29.0,0.6,0.6,53,100,10.2,315,19.076,72.8777
2025-09-27T06:00,24.5,95,29.2,1.4,1.4,61,100,7.7,359,19.076,72.8777
2025-09-27T07:00,24.8,94,29.3,0.9,0.9,53,100,10.4,351,19.076,72.8777
2025-09-27T08:00,25.1,93,29.6,1.1,1.1,55,100,9.6,326,19.076,72.8777
2025-09-27T09:00,25.1,91,29.6,1.2,1.2,55,100,8.6,10,19.076,72.8777
2025-09-27T10:00,25.4,90,29.8,0.2,0.2,51,100,10.0,324,19.076,72.8777
2025-09-27T11:00,27.6,81,32.4,0.1,0.1,51,100,9.2,303,19.076,72.8777
2025-09-27T12:00,28.0,81,32.5,0.2,0.2,51,100,12.1,293,19.076,72.8777
2025-09-27T13:00,28.2,80,32.8,0.0,0.0,3,100,12.4,298,19.076,72.8777
2025-09-27T14:00,28.3,79,32.9,0.1,0.1,51,100,12.4,291,19.076,72.8777
2025-09-27T15:00,27.7,80,31.9,0.0,0.0,3,100,12.6,279,19.076,72.8777
2025-09-27T16:00,27.2,83,31.6,0.0,0.0,3,100,12.1,268,19.076,72.8777
2025-09-27T17:00,27.2,84,31.7,0.0,0.0,3,100,11.6,263,19.076,72.8777
2025-09-27T18:00,26.5,86,30.5,0.0,0.0,3,100,14.9,242,19.076,72.8777
2025-09-27T19:00,26.7,85,30.9,0.0,0.0,3,100,12.6,256,19.076,72.8777
2025-09-27T20:00,26.2,84,30.3,0.7,0.7,53,100,10.9,279,19.076,72.8777
2025-09-27T21:00,26.2,89,30.8,0.6,0.6,53,100,11.5,260,19.076,72.8777
2025-09-27T22:00,25.5,94,29.9,2.9,2.9,63,100,13.1,278,19.076,72.8777
2025-09-27T23:00,25.5,94,30.0,4.0,4.0,63,100,12.7,288,19.076,72.8777
2025-09-28T00:00,25.6,95,29.9,5.0,5.0,63,100,15.1,288,19.076,72.8777
2025-09-28T01:00,26.0,95,29.7,5.1,5.1,63,100,21.2,291,19.076,72.8777
2025-09-28T02:00,26.4,93,30.0,5.1,5.1,63,100,21.5,292,19.076,72.8777
2025-09-28T03:00,26.2,93,29.2,14.9,14.9,65,100,25.0,308,19.076,72.8777
2025-09-28T04:00,26.2,93,29.2,6.8,6.8,63,100,25.3,301,19.076,72.8777
2025-09-28T05:00,26.3,92,29.6,5.1,5.1,63,100,23.1,304,19.076,72.8777
2025-09-28T06:00,25.4,91,29.2,3.1,3.1,63,100,14.6,289,19.076,72.8777
2025-09-28T07:00,25.4,93,29.2,4.3,4.3,63,100,16.8,280,19.076,72.8777
2025-09-28T08:00,25.9,93,29.5,9.5,9.5,65,100,20.0,296,19.076,72.8777
2025-09-28T09:00,26.0,92,28.9,10.3,10.3,65,100,23.9,288,19.076,72.8777
2025-09-28T10:00,25.5,92,28.0,15.2,15.2,65,100,25.6,272,19.076,72.8777
2025-09-28T11:00,25.5,93,28.0,14.8,14.8,65,100,25.9,271,19.076,72.8777
2025-09-28T12:00,26.0,88,27.7,5.4,5.4,63,100,30.0,282,19.076,72.8777
2025-09-28T13:00,25.6,92,27.2,3.8,3.8,63,100,31.7,277,19.076,72.8777
2025-09-28T14:00,26.0,90,28.0,5.7,5.7,63,100,29.1,275,19.076,72.8777
2025-09-28T15:00,26.5,84,28.4,1.8,1.8,61,100,26.5,268,19.076,72.8777
2025-09-28T16:00,25.8,93,28.6,2.1,2.1,61,100,24.4,264,19.076,72.8777
2025-09-28T17:00,25.8,90,28.1,3.0,3.0,63,100,25.6,260,19.076,72.8777
2025-09-28T18:00,25.6,93,28.3,2.1,2.1,61,100,24.7,270,19.076,72.8777
2025-09-28T19:00,25.6,84,27.4,0.4,0.4,51,100,24.1,276,19.076,72.8777
2025-09-28T20:00,25.7,83,27.8,0.7,0.7,53,100,21.1,262,19.076,72.8777
2025-09-28T21:00,25.7,83,27.8,0.2,0.2,51,100,21.6,263,19.076,72.8777
2025-09-28T22:00,26.1,80,28.2,0.3,0.3,51,100,20.5,263,19.076,72.8777
2025-09-28T23:00,25.8,82,28.0,1.0,1.0,55,100,20.1,250,19.076,72.8777
2025-09-29T00:00,25.5,86,27.8,2.3,2.3,61,100,21.8,232,19.076,72.8777
2025-09-29T01:00,25.4,87,27.5,0.6,0.6,53,100,23.7,225,19.076,72.8777
2025-09-29T02:00,25.3,90,27.3,2.3,2.3,61,100,26.5,226,19.076,72.8777
2025-09-29T03:00,25.3,91,27.4,2.7,2.7,63,100,26.0,227,19.076,72.8777
2025-09-29T04:00,25.9,89,28.4,0.8,0.8,53,100,23.9,221,19.076,72.8777
2025-09-29T05:00,26.4,84,28.6,0.5,0.5,53,100,23.8,223,19.076,72.8777
2025-09-29T06:00,26.2,77,27.5,0.1,0.1,51,100,24.3,248,19.076,72.8777
2025-09-29T07:00,26.2,80,27.9,0.3,0.3,51,100,22.9,244,19.076,72.8777
2025-09-29T08:00,26.7,76,28.4,0.2,0.2,51,100,21.9,248,19.076,72.8777
2025-09-29T09:00,27.4,69,28.6,0.0,0.0,3,100,21.7,249,19.076,72.8777
2025-09-29T10:00,26.5,77,28.7,0.6,0.6,53,100,19.0,242,19.076,72.8777
2025-09-29T11:00,27.0,79,29.9,1.2,1.2,55,99,16.9,232,19.076,72.8777
2025-09-29T12:00,27.0,77,29.5,1.6,1.6,61,100,19.3,241,19.076,72.8777
2025-09-29T13:00,28.1,72,30.5,0.8,0.8,53,99,19.5,235,19.076,72.8777
2025-09-29T14:00,28.2,69,30.4,0.1,0.1,51,99,18.7,231,19.076,72.8777
2025-09-29T15:00,28.3,69,30.7,0.1,0.1,51,100,18.3,232,19.076,72.8777
2025-09-29T16:00,28.0,70,30.3,0.1,0.1,51,100,17.9,233,19.076,72.8777
2025-09-29T17:00,27.3,75,30.1,0.1,0.1,51,100,15.6,232,19.076,72.8777
2025-09-29T18:00,26.2,78,29.2,0.0,0.0,3,98,14.0,232,19.076,72.8777
2025-09-29T19:00,26.4,78,29.7,0.0,0.0,3,100,12.0,201,19.076,72.8777
2025-09-29T20:00,25.9,80,28.8,0.0,0.0,3,99,14.4,192,19.076,72.8777
2025-09-29T21:00,26.1,79,29.2,0.1,0.1,51,99,12.8,191,19.076,72.8777
2025-09-29T22:00,25.6,84,29.2,0.4,0.4,51,99,11.3,197,19.076,72.8777
2025-09-29T23:00,25.6,85,29.2,0.9,0.9,53,100,12.3,191,19.076,72.8777
2025-09-30T00:00,25.0,86,27.8,0.4,0.4,51,99,15.6,186,19.076,72.8777
2025-09-30T01:00,24.8,87,27.8,0.1,0.1,51,100,15.3,188,19.076,72.8777
2025-09-30T02:00,24.6,88,27.6,0.2,0.2,51,100,14.8,185,19.076,72.8777
2025-09-30T03:00,24.5,90,27.8,0.3,0.3,51,97,13.9,185,19.076,72.8777
2025-09-30T04:00,24.1,90,26.9,0.6,0.6,53,100,15.9,196,19.076,72.8777
2025-09-30T05:00,24.3,90,27.4,0.4,0.4,51,89,14.2,179,19.076,72.8777
2025-09-30T06:00,24.7,88,28.0,0.2,0.2,51,48,13.0,190,19.076,72.8777
2025-09-30T07:00,25.1,87,28.3,0.3,0.3,51,67,14.4,179,19.076,72.8777
2025-09-30T08:00,25.6,86,28.9,0.1,0.1,51,89,14.9,182,19.076,72.8777
2025-09-30T09:00,26.9,79,29.6,0.2,0.2,51,91,18.1,186,19.076,72.8777
2025-09-30T10:00,27.6,77,30.5,0.4,0.4,51,89,19.6,191,19.076,72.8777
2025-09-30T11:00,27.2,78,30.3,0.3,0.3,51,97,20.8,194,19.076,72.8777
2025-09-30T12:00,26.9,80,30.3,0.4,0.4,51,99,19.6,207,19.076,72.8777
2025-09-30T13:00,26.9,80,30.3,0.3,0.3,51,92,16.7,200,19.076,72.8777
2025-09-30T14:00,27.3,79,31.1,0.1,0.1,51,98,19.0,205,19.076,72.8777
2025-09-30T15:00,26.8,79,29.4,1.1,1.1,55,98,19.4,202,19.076,72.8777
2025-09-30T16:00,26.9,79,29.7,0.2,0.2,51,99,17.9,204,19.076,72.8777
2025-09-30T17:00,26.1,83,29.5,0.1,0.1,51,98,14.7,199,19.076,72.8777
2025-09-30T18:00,25.8,84,29.1,0.2,0.2,51,95,14.6,206,19.076,72.8777
2025-09-30T19:00,25.0,89,28.3,0.5,0.5,53,99,14.6,202,19.076,72.8777
2025-09-30T20:00,24.1,89,27.5,3.7,3.7,63,100,10.8,201,19.076,72.8777
2025-09-30T21:00,24.5,92,27.5,0.5,0.5,53,100,16.5,186,19.076,72.8777
2025-09-30T22:00,24.3,91,27.4,0.2,0.2,51,100,14.8,179,19.076,72.8777
2025-09-30T23:00,24.5,90,27.9,0.4,0.4,51,99,13.4,176,19.076,72.8777
2025-10-01T00:00,24.6,89,27.7,0.3,0.3,51,99,15.2,174,19.076,72.8777
2025-10-01T01:00,24.3,92,27.5,0.2,0.2,51,100,14.3,175,19.076,72.8777
2025-10-01T02:00,24.1,92,27.4,0.2,0.2,51,100,14.1,174,19.076,72.8777
2025-10-01T03:00,24.1,93,27.6,0.2,0.2,51,100,13.1,173,19.076,72.8777
2025-10-01T04:00,24.1,93,27.4,0.8,0.8,53,100,14.1,174,19.076,72.8777
2025-10-01T05:00,24.6,91,28.5,0.7,0.7,53,99,10.8,169,19.076,72.8777
2025-10-01T06:00,24.6,93,28.3,0.2,0.2,51,98,13.6,163,19.076,72.8777
2025-10-01T07:00,24.9,92,28.4,0.1,0.1,51,94,14.8,153,19.076,72.8777
2025-10-01T08:00,25.1,89,28.2,0.4,0.4,51,94,17.0,176,19.076,72.8777
2025-10-01T09:00,26.3,83,29.0,0.4,0.4,51,100,19.5,183,19.076,72.8777
2025-10-01T10:00,26.8,81,29.6,0.2,0.2,51,99,20.0,193,19.076,72.8777
2025-10-01T11:00,27.7,79,31.7,0.2,0.2,51,53,17.1,182,19.076,72.8777
2025-10-01T12:00,27.9,79,32.4,0.1,0.1,51,80,18.9,191,19.076,72.8777
2025-10-01T13:00,28.5,74,32.5,0.2,0.2,51,39,20.8,197,19.076,72.8777
2025-10-01T14:00,28.3,74,31.8,0.5,0.5,53,79,21.6,205,19.076,72.8777
2025-10-01T15:00,27.8,76,30.6,0.5,0.5,53,100,19.3,204,19.076,72.8777
2025-10-01T16:00,26.9,79,29.7,0.2,0.2,51,100,17.7,209,19.076,72.8777
2025-10-01T17:00,27.3,83,31.3,0.5,0.5,53,100,14.4,183,19.076,72.8777
2025-10-01T18:00,25.6,87,29.2,0.7,0.7,53,100,14.1,195,19.076,72.8777
2025-10-01T19:00,24.7,94,28.3,2.6,2.6,63,100,15.3,211,19.076,72.8777
2025-10-01T20:00,24.8,92,29.0,1.9,1.9,61,99,11.2,186,19.076,72.8777
2025-10-01T21:00,24.8,93,28.5,0.7,0.7,53,99,14.1,190,19.076,72.8777
2025-10-01T22:00,24.8,93,28.8,0.1,0.1,51,46,12.2,152,19.076,72.8777
2025-10-01T23:00,24.3,94,28.4,0.1,0.1,51,88,10.7,138,19.076,72.8777
2025-10-02T00:00,24.6,94,29.0,0.1,0.1,51,100,9.7,137,19.076,72.8777
2025-10-02T01:00,24.8,95,29.4,0.0,0.0,3,100,9.8,157,19.076,72.8777
2025-10-02T02:00,24.7,91,28.6,0.3,0.3,51,100,11.4,176,19.076,72.8777
2025-10-02T03:00,24.5,91,28.2,0.2,0.2,51,100,12.4,172,19.076,72.8777
2025-10-02T04:00,24.2,93,27.8,0.1,0.1,51,97,12.9,161,19.076,72.8777
2025-10-02T05:00,24.6,94,28.6,0.1,0.1,51,100,12.5,168,19.076,72.8777
2025-10-02T06:00,24.5,95,28.5,0.0,0.0,3,100,12.8,161,19.076,72.8777
2025-10-02T07:00,24.7,92,28.2,0.4,0.4,51,100,15.4,170,19.076,72.8777
2025-10-02T08:00,25.1,92,28.6,0.4,0.4,51,100,16.1,167,19.076,72.8777
2025-10-02T09:00,25.6,89,29.2,0.2,0.2,51,97,15.1,168,19.076,72.8777
2025-10-02T10:00,26.5,85,29.8,0.4,0.4,51,95,17.8,178,19.076,72.8777
2025-10-02T11:00,27.0,81,30.1,0.1,0.1,51,97,18.4,183,19.076,72.8777
2025-10-02T12:00,27.6,80,30.8,0.2,0.2,51,64,18.7,192,19.076,72.8777
2025-10-02T13:00,27.9,79,31.2,0.1,0.1,51,73,20.2,191,19.076,72.8777
2025-10-02T14:00,27.7,77,30.6,0.4,0.4,51,98,22.3,198,19.076,72.8777
2025-10-02T15:00,27.9,80,31.9,0.0,0.0,3,100,15.5,189,19.076,72.8777
2025-10-02T16:00,27.3,79,30.0,0.3,0.3,51,100,20.0,199,19.076,72.8777
2025-10-02T17:00,27.1,81,30.7,0.3,0.3,51,97,15.0,190,19.076,72.8777
2025-10-02T18:00,26.1,87,29.9,0.2,0.2,51,100,14.1,185,19.076,72.8777
2025-10-02T19:00,25.9,89,29.9,0.1,0.1,51,100,14.4,179,19.076,72.8777
2025-10-02T20:00,25.8,89,29.9,0.0,0.0,3,100,13.3,178,19.076,72.8777
2025-10-02T21:00,25.8,90,30.1,0.1,0.1,51,100,11.7,170,19.076,72.8777
2025-10-02T22:00,25.7,91,29.8,0.1,0.1,51,100,13.1,172,19.076,72.8777
2025-10-02T23:00,25.9,89,30.5,0.0,0.0,3,98,9.5,169,19.076,72.8777
2025-10-03T00:00,25.8,90,30.7,0.0,0.0,3,98,8.3,160,19.076,72.8777
2025-10-03T01:00,25.3,89,29.4,0.6,0.6,53,98,10.2,171,19.076,72.8777
2025-10-03T02:00,25.1,89,29.1,0.2,0.2,51,97,11.6,173,19.076,72.8777
2025-10-03T03:00,25.0,90,29.3,0.0,0.0,2,75,9.7,153,19.076,72.8777
2025-10-03T04:00,24.7,92,28.7,0.1,0.1,51,91,10.9,163,19.076,72.8777
2025-10-03T05:00,24.7,94,29.3,0.0,0.0,2,69,8.5,159,19.076,72.8777
2025-10-03T06:00,24.9,94,29.4,0.0,0.0,3,97,10.7,166,19.076,72.8777
2025-10-03T07:00,25.4,93,30.0,0.0,0.0,3,98,10.6,166,19.076,72.8777
2025-10-03T08:00,25.9,90,30.3,0.3,0.3,51,99,11.6,174,19.076,72.8777
2025-10-03T09:00,26.8,85,31.0,0.0,0.0,3,100,13.2,173,19.076,72.8777
2025-10-03T10:00,27.6,82,32.0,0.0,0.0,3,100,14.3,175,19.076,72.8777
2025-10-03T11:00,28.6,79,33.8,0.0,0.0,3,100,15.2,190,19.076,72.8777
2025-10-03T12:00,28.6,77,33.5,0.1,0.1,51,100,15.8,191,19.076,72.8777
2025-10-03T13:00,28.7,78,34.1,0.0,0.0,3,98,15.3,198,19.076,72.8777
2025-10-03T14:00,28.4,78,33.2,0.0,0.0,3,91,15.9,205,19.076,72.8777
2025-10-03T15:00,28.1,79,32.4,0.1,0.1,51,100,14.3,208,19.076,72.8777
2025-10-03T16:00,27.5,82,31.6,0.1,0.1,51,85,14.6,206,19.076,72.8777
2025-10-03T17:00,27.6,83,32.9,0.1,0.1,51,100,7.4,203,19.076,72.8777
2025-10-03T18:00,26.7,86,31.5,0.3,0.3,51,100,9.4,187,19.076,72.8777
2025-10-03T19:00,26.6,86,31.6,0.1,0.1,51,48,8.1,186,19.076,72.8777
2025-10-03T20:00,26.4,87,31.5,0.0,0.0,2,50,7.1,186,19.076,72.8777
2025-10-03T21:00,26.2,89,31.3,0.1,0.1,51,53,7.2,186,19.076,72.8777
2025-10-03T22:00,25.9,90,31.3,0.2,0.2,51,51,5.2,192,19.076,72.8777
2025-10-03T23:00,26.2,89,31.5,0.1,0.1,51,48,5.8,173,19.076,72.8777
2025-10-04T00:00,26.0,91,31.6,0.2,0.2,51,38,5.3,156,19.076,72.8777
2025-10-04T01:00,25.7,90,31.0,0.3,0.3,51,75,5.2,155,19.076,72.8777
2025-10-04T02:00,25.5,91,30.8,0.2,0.2,51,73,5.1,144,19.076,72.8777
2025-10-04T03:00,25.3,94,30.7,0.0,0.0,3,91,5.3,147,19.076,72.8777
2025-10-04T04:00,24.8,94,29.8,0.2,0.2,51,70,7.0,154,19.076,72.8777
2025-10-04T05:00,24.7,96,29.9,0.3,0.3,51,48,5.2,139,19.076,72.8777
2025-10-04T06:00,24.8,96,30.3,0.0,0.0,2,57,3.7,141,19.076,72.8777
2025-10-04T07:00,25.4,92,30.6,0.1,0.1,51,48,5.8,154,19.076,72.8777
2025-10-04T08:00,26.3,88,31.5,0.0,0.0,1,22,6.7,161,19.076,72.8777
2025-10-04T09:00,27.2,84,32.1,0.2,0.2,51,47,9.4,182,19.076,72.8777
2025-10-04T10:00,27.9,79,32.2,0.1,0.1,51,41,12.1,192,19.076,72.8777
2025-10-04T11:00,28.6,77,33.8,0.1,0.1,51,22,12.2,196,19.076,72.8777
2025-10-04T12:00,28.8,76,34.6,0.0,0.0,1,27,11.5,209,19.076,72.8777
2025-10-04T13:00,28.8,76,34.8,0.1,0.1,51,24,11.3,216,19.076,72.8777
2025-10-04T14:00,28.7,77,34.4,0.1,0.1,51,60,11.9,218,19.076,72.8777
2025-10-04T15:00,28.3,78,33.0,0.1,0.1,51,95,11.7,224,19.076,72.8777
2025-10-04T16:00,27.8,79,32.0,0.2,0.2,51,92,12.4,229,19.076,72.8777
2025-10-04T17:00,27.4,83,31.9,0.4,0.4,51,90,11.4,242,19.076,72.8777
2025-10-04T18:00,27.0,82,31.6,0.1,0.1,51,90,8.1,246,19.076,72.8777
2025-10-04T19:00,26.7,83,31.5,0.2,0.2,51,75,7.8,257,19.076,72.8777
2025-10-04T20:00,26.5,85,31.7,0.1,0.1,51,99,4.6,252,19.076,72.8777
2025-10-04T21:00,26.3,87,32.0,0.0,0.0,2,77,1.5,216,19.076,72.8777
2025-10-04T22:00,26.4,86,32.2,0.1,0.1,51,100,0.9,169,19.076,72.8777
2025-10-04T23:00,25.9,88,31.3,0.0,0.0,3,100,3.4,122,19.076,72.8777
2025-10-05T00:00,25.4,93,30.7,0.0,0.0,3,100,5.6,130,19.076,72.8777
2025-10-05T01:00,24.6,97,29.6,0.0,0.0,3,92,7.8,132,19.076,72.8777
2025-10-05T02:00,24.3,95,28.7,0.0,0.0,3,100,9.1,142,19.076,72.8777
2025-10-05T03:00,24.6,93,29.2,0.0,0.0,2,65,7.7,159,19.076,72.8777
2025-10-05T04:00,24.5,94,29.5,0.0,0.0,2,55,5.5,157,19.076,72.8777
2025-10-05T05:00,24.9,96,30.1,0.0,0.0,2,52,6.9,139,19.076,72.8777
2025-10-05T06:00,25.1,94,30.3,0.1,0.1,51,28,6.5,161,19.076,72.8777
2025-10-05T07:00,25.7,90,30.8,0.1,0.1,51,27,5.5,167,19.076,72.8777
2025-10-05T08:00,26.4,87,31.6,0.0,0.0,1,32,5.6,173,19.076,72.8777
2025-10-05T09:00,27.1,82,31.9,0.0,0.0,3,85,7.7,183,19.076,72.8777
2025-10-05T10:00,27.7,78,32.3,0.0,0.0,2,60,8.4,190,19.076,72.8777
2025-10-05T11:00,27.9,77,32.8,0.0,0.0,1,41,8.7,228,19.076,72.8777
2025-10-05T12:00,28.1,75,33.5,0.0,0.0,3,98,9.4,232,19.076,72.8777
2025-10-05T13:00,27.9,76,32.8,0.0,0.0,3,86,9.9,237,19.076,72.8777
2025-10-05T14:00,27.9,75,32.3,0.1,0.1,51,96,10.7,233,19.076,72.8777
2025-10-05T15:00,27.5,76,31.5,0.0,0.0,3,100,9.5,251,19.076,72.8777
2025-10-05T16:00,27.5,75,31.2,0.0,0.0,3,80,10.2,261,19.076,72.8777
2025-10-05T17:00,26.9,80,31.5,0.0,0.0,2,70,6.1,236,19.076,72.8777
2025-10-05T18:00,26.4,86,32.0,0.2,0.2,51,49,2.9,187,19.076,72.8777
2025-10-05T19:00,26.5,87,32.2,0.0,0.0,2,73,2.9,202,19.076,72.8777
2025-10-05T20:00,26.3,87,32.0,0.1,0.1,51,45,2.7,217,19.076,72.8777
2025-10-05T21:00,26.1,86,31.3,0.1,0.1,51,22,3.6,237,19.076,72.8777
2025-10-05T22:00,25.8,85,30.8,0.0,0.0,1,23,3.6,233,19.076,72.8777
2025-10-05T23:00,25.8,81,30.2,0.0,0.0,1,23,4.5,236,19.076,72.8777
2025-10-06T00:00,25.6,82,30.2,0.0,0.0,1,22,3.7,231,19.076,72.8777
2025-10-06T01:00,25.3,84,29.9,0.0,0.0,0,16,3.1,230,19.076,72.8777
2025-10-06T02:00,25.1,84,29.8,0.0,0.0,0,14,2.3,198,19.076,72.8777
2025-10-06T03:00,24.6,87,29.3,0.0,0.0,1,23,2.8,165,19.076,72.8777
2025-10-06T04:00,24.6,89,29.2,0.0,0.0,0,17,4.1,146,19.076,72.8777
2025-10-06T05:00,24.5,92,29.3,0.0,0.0,1,38,5.0,136,19.076,72.8777
2025-10-06T06:00,24.5,94,29.5,0.0,0.0,0,18,5.5,144,19.076,72.8777
2025-10-06T07:00,25.0,92,30.2,0.1,0.1,51,24,4.8,158,19.076,72.8777
2025-10-06T08:00,26.1,87,31.3,0.0,0.0,1,21,5.1,163,19.076,72.8777
2025-10-06T09:00,26.9,81,31.7,0.0,0.0,3,85,6.6,193,19.076,72.8777
2025-10-06T10:00,27.5,78,32.5,0.0,0.0,1,46,7.2,217,19.076,72.8777
2025-10-06T11:00,28.1,75,33.2,0.1,0.1,51,65,10.4,201,19.076,72.8777
2025-10-06T12:00,28.3,74,33.2,0.1,0.1,51,23,11.9,214,19.076,72.8777
2025-10-06T13:00,28.4,75,33.8,0.0,0.0,0,5,12.0,213,19.076,72.8777
2025-10-06T14:00,28.3,75,33.7,0.0,0.0,0,7,11.3,222,19.076,72.8777
2025-10-06T15:00,28.0,77,32.4,0.0,0.0,0,14,12.5,242,19.076,72.8777
2025-10-06T16:00,27.6,78,31.5,0.1,0.1,51,15,12.4,248,19.076,72.8777
2025-10-06T17:00,26.9,81,30.9,0.1,0.1,51,19,11.1,253,19.076,72.8777
2025-10-06T18:00,26.3,81,30.4,0.2,0.2,51,42,9.3,255,19.076,72.8777
2025-10-06T19:00,25.9,86,30.4,0.1,0.1,51,34,7.3,250,19.076,72.8777
2025-10-06T20:00,24.8,92,29.7,0.2,0.2,51,73,5.6,222,19.076,72.8777
2025-10-06T21:00,25.0,91,29.9,0.0,0.0,2,53,5.2,214,19.076,72.8777
2025-10-06T22:00,25.0,91,29.8,0.0,0.0,3,96,6.1,203,19.076,72.8777
2025-10-06T23:00,25.1,91,30.6,0.1,0.1,51,47,2.3,252,19.076,72.8777
2025-10-07T00:00,25.3,90,30.8,0.2,0.2,51,37,1.8,127,19.076,72.8777
2025-10-07T01:00,25.1,92,30.3,0.0,0.0,1,20,4.6,132,19.076,72.8777
2025-10-07T02:00,24.6,95,29.7,0.0,0.0,2,58,5.3,123,19.076,72.8777
2025-10-07T03:00,24.4,92,29.4,0.3,0.3,51,69,3.3,131,19.076,72.8777
2025-10-07T04:00,24.4,93,29.3,0.2,0.2,51,52,5.2,131,19.076,72.8777
2025-10-07T05:00,24.4,93,29.2,0.0,0.0,1,25,5.2,134,19.076,72.8777
2025-10-07T06:00,24.2,94,29.1,0.0,0.0,1,46,4.1,135,19.076,72.8777
2025-10-07T07:00,24.8,91,29.7,0.0,0.0,2,59,5.0,139,19.076,72.8777
2025-10-07T08:00,25.7,86,30.6,0.2,0.2,51,34,4.4,159,19.076,72.8777
2025-10-07T09:00,26.5,83,31.6,0.1,0.1,51,47,4.0,198,19.076,72.8777
2025-10-07T10:00,27.4,80,32.7,0.1,0.1,51,98,4.4,249,19.076,72.8777
2025-10-07T11:00,28.2,76,33.6,0.0,0.0,0,15,5.3,258,19.076,72.8777
2025-10-07T12:00,28.9,73,35.3,0.0,0.0,0,8,6.7,270,19.076,72.8777
2025-10-07T13:00,28.6,74,34.5,0.1,0.1,51,20,9.4,288,19.076,72.8777
2025-10-07T14:00,28.3,74,33.1,0.3,0.3,51,27,13.2,296,19.076,72.8777
2025-10-07T15:00,27.8,74,31.7,0.4,0.4,51,40,10.9,297,19.076,72.8777
2025-10-07T16:00,27.4,79,31.7,0.2,0.2,51,28,9.8,308,19.076,72.8777
2025-10-07T17:00,26.7,83,31.5,0.0,0.0,0,8,7.3,308,19.076,72.8777
2025-10-07T18:00,26.2,88,31.8,0.0,0.0,0,17,2.8,315,19.076,72.8777
2025-10-07T19:00,25.9,91,31.7,0.0,0.0,1,34,2.8,325,19.076,72.8777
2025-10-07T20:00,25.7,92,31.5,0.0,0.0,0,19,2.7,340,19.076,72.8777
2025-10-07T21:00,25.4,94,31.3,0.0,0.0,0,5,2.1,345,19.076,72.8777
2025-10-07T22:00,25.2,94,31.1,0.0,0.0,0,10,1.8,24,19.076,72.8777
2025-10-07T23:00,25.8,90,31.7,0.0,0.0,0,14,0.9,349,19.076,72.8777
2025-10-08T00:00,25.7,91,31.7,0.0,0.0,0,16,1.1,9,19.076,72.8777
2025-10-08T01:00,25.4,93,31.4,0.0,0.0,1,20,1.5,7,19.076,72.8777
2025-10-08T02:00,25.2,94,31.1,0.0,0.0,1,30,2.1,20,19.076,72.8777
2025-10-08T03:00,25.0,95,30.8,0.0,0.0,1,36,2.4,17,19.076,72.8777
2025-10-08T04:00,24.7,96,30.2,0.0,0.0,1,46,4.5,2,19.076,72.8777
2025-10-08T05:00,24.7,97,30.2,0.0,0.0,1,40,4.2,5,19.076,72.8777
2025-10-08T06:00,24.6,98,30.2,0.0,0.0,1,46,3.4,18,19.076,72.8777
2025-10-08T07:00,24.9,97,30.8,0.0,0.0,2,52,3.2,27,19.076,72.8777
2025-10-08T08:00,26.1,90,31.8,0.1,0.1,51,29,4.0,32,19.076,72.8777
2025-10-08T09:00,27.5,81,32.9,0.1,0.1,51,24,3.9,37,19.076,72.8777
2025-10-08T10:00,28.6,73,34.0,0.1,0.1,51,39,3.3,331,19.076,72.8777
2025-10-08T11:00,29.2,70,34.9,0.0,0.0,0,11,5.4,312,19.076,72.8777
2025-10-08T12:00,29.4,71,35.6,0.0,0.0,0,10,8.2,302,19.076,72.8777
2025-10-08T13:00,29.3,68,34.6,0.0,0.0,0,12,10.7,301,19.076,72.8777
2025-10-08T14:00,28.8,73,34.0,0.0,0.0,0,15,11.9,305,19.076,72.8777
2025-10-08T15:00,28.7,73,33.0,0.0,0.0,0,13,12.1,312,19.076,72.8777
2025-10-08T16:00,28.0,77,32.1,0.0,0.0,0,15,12.2,319,19.076,72.8777
2025-10-08T17:00,28.2,80,32.5,0.0,0.0,1,32,13.2,321,19.076,72.8777
2025-10-08T18:00,27.2,85,31.8,0.0,0.0,0,13,11.4,333,19.076,72.8777
2025-10-08T19:00,26.8,86,31.7,0.0,0.0,0,9,10.0,339,19.076,72.8777
2025-10-08T20:00,26.5,89,31.7,0.0,0.0,0,10,7.9,348,19.076,72.8777
2025-10-08T21:00,26.2,90,31.5,0.0,0.0,0,2,7.3,353,19.076,72.8777
2025-10-08T22:00,25.9,91,31.5,0.0,0.0,0,0,4.5,360,19.076,72.8777
2025-10-08T23:00,26.1,92,31.8,0.0,0.0,0,0,6.0,357,19.076,72.8777
2025-10-09T00:00,25.9,93,31.6,0.0,0.0,0,0,5.2,16,19.076,72.8777
2025-10-09T01:00,25.5,94,31.1,0.0,0.0,2,66,4.3,358,19.076,72.8777
2025-10-09T02:00,25.3,93,30.6,0.0,0.0,0,2,5.7,351,19.076,72.8777
2025-10-09T03:00,25.2,92,30.2,0.0,0.0,2,62,5.9,358,19.076,72.8777
2025-10-09T04:00,24.9,92,29.9,0.0,0.0,3,94,4.7,18,19.076,72.8777
2025-10-09T05:00,24.7,95,30.2,0.0,0.0,1,27,3.2,34,19.076,72.8777
2025-10-09T06:00,24.8,95,30.3,0.0,0.0,0,8,3.7,39,19.076,72.8777
2025-10-09T07:00,25.4,89,30.5,0.0,0.0,0,2,4.6,59,19.076,72.8777
2025-10-09T08:00,26.8,83,32.1,0.0,0.0,0,2,3.6,60,19.076,72.8777
2025-10-09T09:00,28.6,75,34.0,0.0,0.0,0,1,3.1,62,19.076,72.8777
2025-10-09T10:00,30.0,69,36.2,0.0,0.0,0,0,1.5,21,19.076,72.8777
2025-10-09T11:00,30.9,65,37.8,0.0,0.0,0,2,3.2,289,19.076,72.8777
2025-10-09T12:00,31.5,61,38.2,0.0,0.0,2,71,4.8,290,19.076,72.8777
2025-10-09T13:00,31.6,60,37.8,0.0,0.0,2,69,6.6,292,19.076,72.8777
2025-10-09T14:00,30.6,63,35.6,0.0,0.0,3,89,9.7,320,19.076,72.8777
2025-10-09T15:00,30.8,60,34.7,0.0,0.0,1,40,9.9,331,19.076,72.8777
2025-10-09T16:00,30.5,60,33.8,0.0,0.0,0,2,10.1,336,19.076,72.8777
2025-10-09T17:00,29.8,68,34.2,0.0,0.0,0,9,8.5,336,19.076,72.8777
2025-10-09T18:00,28.4,78,33.3,0.0,0.0,1,34,8.7,338,19.076,72.8777
2025-10-09T19:00,27.8,77,31.9,0.0,0.0,1,30,10.7,347,19.076,72.8777
2025-10-09T20:00,27.3,75,30.8,0.0,0.0,0,2,10.9,352,19.076,72.8777
2025-10-09T21:00,26.8,74,30.1,0.0,0.0,0,2,10.1,2,19.076,72.8777
2025-10-09T22:00,26.4,71,29.4,0.0,0.0,0,19,8.6,16,19.076,72.8777
2025-10-09T23:00,26.5,73,29.8,0.0,0.0,2,60,8.5,27,19.076,72.8777
2025-10-10T00:00,26.3,73,29.5,0.0,0.0,1,20,7.8,34,19.076,72.8777
2025-10-10T01:00,25.9,72,28.9,0.0,0.0,0,0,6.7,38,19.076,72.8777
2025-10-10T02:00,25.4,71,28.2,0.0,0.0,0,0,6.1,28,19.076,72.8777
2025-10-10T03:00,25.0,70,27.7,0.0,0.0,0,0,5.6,31,19.076,72.8777
2025-10-10T04:00,24.7,69,27.1,0.0,0.0,0,3,5.7,37,19.076,72.8777
2025-10-10T05:00,24.0,79,27.3,0.0,0.0,0,2,4.3,48,19.076,72.8777
2025-10-10T06:00,24.3,77,27.4,0.0,0.0,0,2,5.2,59,19.076,72.8777
2025-10-10T07:00,24.9,77,27.9,0.0,0.0,0,10,7.0,55,19.076,72.8777
2025-10-10T08:00,26.6,74,30.5,0.0,0.0,0,2,5.3,52,19.076,72.8777
2025-10-10T09:00,28.7,69,33.2,0.0,0.0,0,0,4.7,72,19.076,72.8777
2025-10-10T10:00,30.7,59,35.8,0.0,0.0,0,0,3.1,83,19.076,72.8777
2025-10-10T11:00,32.0,49,37.3,0.0,0.0,1,39,0.6,214,19.076,72.8777
2025-10-10T12:00,33.0,43,37.7,0.0,0.0,0,18,2.4,257,19.076,72.8777
2025-10-10T13:00,32.8,44,36.5,0.0,0.0,1,22,6.3,283,19.076,72.8777
2025-10-10T14:00,32.2,51,36.1,0.1,0.1,51,27,9.4,300,19.076,72.8777
2025-10-10T15:00,31.7,54,34.9,0.0,0.0,0,10,9.9,316,19.076,72.8777
2025-10-10T16:00,31.1,54,33.8,0.0,0.0,0,5,10.1,325,19.076,72.8777
2025-10-10T17:00,29.9,62,33.1,0.0,0.0,0,2,10.7,324,19.076,72.8777
2025-10-10T18:00,28.6,70,32.3,0.0,0.0,0,1,10.4,334,19.076,72.8777
2025-10-10T19:00,28.0,72,31.7,0.0,0.0,0,1,10.2,346,19.076,72.8777
2025-10-10T20:00,27.5,74,31.1,0.0,0.0,0,0,10.5,356,19.076,72.8777
2025-10-10T21:00,27.1,73,30.6,0.0,0.0,0,6,9.0,3,19.076,72.8777
2025-10-10T22:00,26.7,73,30.1,0.0,0.0,0,1,7.6,8,19.076,72.8777
2025-10-10T23:00,26.7,72,30.2,0.0,0.0,0,8,6.4,18,19.076,72.8777
2025-10-11T00:00,26.4,73,30.1,0.0,0.0,0,13,4.4,27,19.076,72.8777
2025-10-11T01:00,26.0,73,29.7,0.0,0.0,0,9,3.7,23,19.076,72.8777
2025-10-11T02:00,25.4,77,29.4,0.0,0.0,0,5,2.8,50,19.076,72.8777
2025-10-11T03:00,25.0,77,28.7,0.0,0.0,0,9,3.1,54,19.076,72.8777
2025-10-11T04:00,24.7,77,28.2,0.0,0.0,0,17,3.5,55,19.076,72.8777
2025-10-11T05:00,24.5,81,28.3,0.0,0.0,0,8,3.4,32,19.076,72.8777
2025-10-11T06:00,24.6,78,28.1,0.0,0.0,0,0,4.5,34,19.076,72.8777
2025-10-11T07:00,25.1,76,28.5,0.0,0.0,0,0,5.4,37,19.076,72.8777
2025-10-11T08:00,26.9,70,30.5,0.0,0.0,0,0,4.8,53,19.076,72.8777
2025-10-11T09:00,29.3,61,32.9,0.0,0.0,0,0,4.6,48,19.076,72.8777
2025-10-11T10:00,31.4,51,35.5,0.0,0.0,0,0,3.2,52,19.076,72.8777
2025-10-11T11:00,32.5,42,36.8,0.0,0.0,0,10,1.0,149,19.076,72.8777
2025-10-11T12:00,33.8,38,37.9,0.0,0.0,0,11,3.1,306,19.076,72.8777
2025-10-11T13:00,33.8,38,37.3,0.0,0.0,1,34,6.3,305,19.076,72.8777
2025-10-11T14:00,33.4,41,36.3,0.1,0.1,51,24,8.8,303,19.076,72.8777
2025-10-11T15:00,32.3,48,34.7,0.0,0.0,0,9,11.7,311,19.076,72.8777
2025-10-11T16:00,31.6,48,33.1,0.0,0.0,0,0,12.9,324,19.076,72.8777
2025-10-11T17:00,30.6,53,32.9,0.0,0.0,0,0,10.4,328,19.076,72.8777
2025-10-11T18:00,29.4,59,32.2,0.0,0.0,0,0,9.3,335,19.076,72.8777
2025-10-11T19:00,28.5,65,31.7,0.0,0.0,0,0,9.1,338,19.076,72.8777
2025-10-11T20:00,28.0,68,31.1,0.0,0.0,0,0,10.4,339,19.076,72.8777
2025-10-11T21:00,27.5,71,30.8,0.0,0.0,0,0,10.2,343,19.076,72.8777
2025-10-11T22:00,27.1,70,30.2,0.0,0.0,0,0,9.1,353,19.076,72.8777
2025-10-11T23:00,26.7,70,29.8,0.0,0.0,0,0,7.8,356,19.076,72.8777
2025-10-12T00:00,26.5,69,29.4,0.0,0.0,0,0,7.2,348,19.076,72.8777
2025-10-12T01:00,26.1,68,28.8,0.0,0.0,0,0,6.9,346,19.076,72.8777
2025-10-12T02:00,25.4,71,28.5,0.0,0.0,0,0,4.4,7,19.076,72.8777
2025-10-12T03:00,24.7,76,28.2,0.0,0.0,0,0,2.9,30,19.076,72.8777
2025-10-12T04:00,24.5,77,27.8,0.0,0.0,0,0,4.0,58,19.076,72.8777
2025-10-12T05:00,24.5,77,27.9,0.0,0.0,0,2,3.7,55,19.076,72.8777
2025-10-12T06:00,24.8,77,27.9,0.0,0.0,0,0,5.9,67,19.076,72.8777
2025-10-12T07:00,25.4,75,28.7,0.0,0.0,0,0,5.9,63,19.076,72.8777
2025-10-12T08:00,27.8,66,31.4,0.0,0.0,0,0,4.2,59,19.076,72.8777
2025-10-12T09:00,30.5,53,33.5,0.0,0.0,0,0,4.5,74,19.076,72.8777
2025-10-12T10:00,32.9,40,35.5,0.0,0.0,0,0,4.4,81,19.076,72.8777
2025-10-12T11:00,33.5,34,36.6,0.0,0.0,0,0,2.7,118,19.076,72.8777
2025-10-12T12:00,34.8,32,38.4,0.0,0.0,0,2,1.8,276,19.076,72.8777
2025-10-12T13:00,34.6,35,37.8,0.0,0.0,1,28,6.3,285,19.076,72.8777
2025-10-12T14:00,34.1,37,36.5,0.0,0.0,1,34,9.6,291,19.076,72.8777
2025-10-12T15:00,33.1,42,34.7,0.1,0.1,51,23,11.0,296,19.076,72.8777
2025-10-12T16:00,32.0,51,34.3,0.0,0.0,0,4,12.2,314,19.076,72.8777
2025-10-12T17:00,31.0,60,34.6,0.0,0.0,0,0,10.3,314,19.076,72.8777
2025-10-12T18:00,29.7,64,33.1,0.0,0.0,0,0,9.9,328,19.076,72.8777
2025-10-12T19:00,29.3,62,32.3,0.0,0.0,0,0,9.8,337,19.076,72.8777
2025-10-12T20:00,28.8,63,31.7,0.0,0.0,0,0,10.0,342,19.076,72.8777
2025-10-12T21:00,28.3,63,30.9,0.0,0.0,0,0,10.2,352,19.076,72.8777
2025-10-12T22:00,27.9,63,30.6,0.0,0.0,0,0,7.8,7,19.076,72.8777
2025-10-12T23:00,27.6,63,30.4,0.0,0.0,0,0,6.6,13,19.076,72.8777
2025-10-13T00:00,27.3,62,30.1,0.0,0.0,0,0,5.1,356,19.076,72.8777
2025-10-13T01:00,26.5,68,30.0,0.0,0.0,0,0,2.4,36,19.076,72.8777
2025-10-13T02:00,26.2,66,29.3,0.0,0.0,0,0,2.9,79,19.076,72.8777
2025-10-13T03:00,25.6,69,28.6,0.0,0.0,0,0,3.6,45,19.076,72.8777
2025-10-13T04:00,24.8,74,27.7,0.0,0.0,0,0,5.4,53,19.076,72.8777
2025-10-13T05:00,24.6,76,27.6,0.0,0.0,0,2,5.7,37,19.076,72.8777
2025-10-13T06:00,24.8,76,27.9,0.0,0.0,0,0,5.9,47,19.076,72.8777
2025-10-13T07:00,25.5,71,28.4,0.0,0.0,0,0,6.5,46,19.076,72.8777
2025-10-13T08:00,27.8,60,30.5,0.0,0.0,0,0,5.6,42,19.076,72.8777
2025-10-13T09:00,30.6,47,32.7,0.0,0.0,0,0,6.0,44,19.076,72.8777
2025-10-13T10:00,32.8,39,35.2,0.0,0.0,0,0,5.4,40,19.076,72.8777
2025-10-13T11:00,33.8,36,37.3,0.0,0.0,0,7,3.0,308,19.076,72.8777
2025-10-13T12:00,34.3,35,37.5,0.0,0.0,1,34,6.5,298,19.076,72.8777
2025-10-13T13:00,34.5,35,36.9,0.0,0.0,2,66,10.3,299,19.076,72.8777
2025-10-13T14:00,33.8,40,35.9,0.0,0.0,2,59,13.3,303,19.076,72.8777
2025-10-13T15:00,33.2,44,34.8,0.0,0.0,2,64,13.9,316,19.076,72.8777
2025-10-13T16:00,32.6,44,33.8,0.0,0.0,0,11,14.1,326,19.076,72.8777
2025-10-13T17:00,31.4,49,33.2,0.0,0.0,0,3,11.6,323,19.076,72.8777
2025-10-13T18:00,29.9,55,32.3,0.0,0.0,0,0,9.8,337,19.076,72.8777
2025-10-13T19:00,29.1,60,31.6,0.0,0.0,0,0,10.3,347,19.076,72.8777
2025-10-13T20:00,28.6,60,31.0,0.0,0.0,0,0,10.6,346,19.076,72.8777
2025-10-13T21:00,28.2,59,30.3,0.0,0.0,0,0,9.8,353,19.076,72.8777
2025-10-13T22:00,27.7,58,29.7,0.0,0.0,0,1,8.8,360,19.076,72.8777
2025-10-13T23:00,27.2,60,29.3,0.0,0.0,0,0,8.2,14,19.076,72.8777
2025-10-14T00:00,26.7,61,28.9,0.0,0.0,0,0,6.3,5,19.076,72.8777
2025-10-14T01:00,26.0,62,28.3,0.0,0.0,0,0,4.8,11,19.076,72.8777
2025-10-14T02:00,25.2,67,27.8,0.0,0.0,0,0,3.4,25,19.076,72.8777
2025-10-14T03:00,24.6,71,27.4,0.0,0.0,0,0,3.4,25,19.076,72.8777
2025-10-14T04:00,24.1,72,26.6,0.0,0.0,0,0,5.1,51,19.076,72.8777
2025-10-14T05:00,24.3,71,26.5,0.0,0.0,0,0,6.4,54,19.076,72.8777
2025-10-14T06:00,24.5,71,26.5,0.0,0.0,0,0,8.3,70,19.076,72.8777
2025-10-14T07:00,25.3,67,27.4,0.0,0.0,0,0,7.7,59,19.076,72.8777
2025-10-14T08:00,27.3,58,29.3,0.0,0.0,0,0,7.1,63,19.076,72.8777
2025-10-14T09:00,30.5,45,32.0,0.0,0.0,0,0,7.0,69,19.076,72.8777
2025-10-14T10:00,33.1,35,34.6,0.0,0.0,0,0,7.4,77,19.076,72.8777
2025-10-14T11:00,33.8,35,36.7,0.0,0.0,0,0,4.7,99,19.076,72.8777
2025-10-14T12:00,34.8,32,38.6,0.0,0.0,0,0,1.9,202,19.076,72.8777
2025-10-14T13:00,35.2,32,38.3,0.0,0.0,1,30,5.5,238,19.076,72.8777
2025-10-14T14:00,35.1,33,37.0,0.0,0.0,2,76,9.9,251,19.076,72.8777
2025-10-14T15:00,33.8,39,34.8,0.0,0.0,1,45,14.1,266,19.076,72.8777
2025-10-14T16:00,32.6,43,33.6,0.0,0.0,2,56,13.6,278,19.076,72.8777
2025-10-14T17:00,31.9,53,34.6,0.0,0.0,0,9,11.4,293,19.076,72.8777
2025-10-14T18:00,30.0,68,34.3,0.0,0.0,0,0,9.7,304,19.076,72.8777
2025-10-14T19:00,29.4,66,33.2,0.0,0.0,0,0,9.2,320,19.076,72.8777
2025-10-14T20:00,29.0,63,32.1,0.0,0.0,0,0,9.3,333,19.076,72.8777
2025-10-14T21:00,28.4,63,31.0,0.0,0.0,0,0,10.3,337,19.076,72.8777
2025-10-14T22:00,28.0,61,30.3,0.0,0.0,0,0,8.8,348,19.076,72.8777
2025-10-14T23:00,27.3,64,30.1,0.0,0.0,0,0,6.4,352,19.076,72.8777
2025-10-15T00:00,26.6,65,29.6,0.0,0.0,0,0,4.0,357,19.076,72.8777
2025-10-15T01:00,26.3,65,29.0,0.0,0.0,0,1,4.8,349,19.076,72.8777
2025-10-15T02:00,26.0,64,28.3,0.0,0.0,0,0,5.1,10,19.076,72.8777
2025-10-15T03:00,25.3,65,27.5,0.0,0.0,0,0,5.5,32,19.076,72.8777
2025-10-15T04:00,24.6,67,26.6,0.0,0.0,0,0,6.4,47,19.076,72.8777
2025-10-15T05:00,24.6,67,26.7,0.0,0.0,0,5,5.8,34,19.076,72.8777
2025-10-15T06:00,24.6,67,26.5,0.0,0.0,0,4,6.6,41,19.076,72.8777
2025-10-15T07:00,25.2,65,27.1,0.0,0.0,1,20,7.5,44,19.076,72.8777
2025-10-15T08:00,27.3,57,29.4,0.0,0.0,0,0,5.3,66,19.076,72.8777
2025-10-15T09:00,30.3,47,32.3,0.0,0.0,0,16,5.1,67,19.076,72.8777
2025-10-15T10:00,32.7,39,34.9,0.0,0.0,0,2,5.2,92,19.076,72.8777
2025-10-15T11:00,33.5,38,37.1,0.0,0.0,3,88,3.1,118,19.076,72.8777
2025-10-15T12:00,34.9,37,39.3,0.0,0.0,3,88,3.0,155,19.076,72.8777
2025-10-15T13:00,34.9,37,39.3,0.4,0.4,51,100,1.8,191,19.076,72.8777
2025-10-15T14:00,34.3,40,38.0,0.7,0.7,53,100,1.2,231,19.076,72.8777
2025-10-15T15:00,32.4,50,35.8,0.3,0.3,51,100,4.2,54,19.076,72.8777
2025-10-15T16:00,32.2,52,35.8,0.0,0.0,3,100,5.5,322,19.076,72.8777
2025-10-15T17:00,32.3,48,35.2,0.0,0.0,3,99,6.1,93,19.076,72.8777
2025-10-15T18:00,30.0,61,33.8,0.1,0.1,51,28,6.8,138,19.076,72.8777
2025-10-15T19:00,29.4,65,34.0,0.0,0.0,1,49,2.3,180,19.076,72.8777
2025-10-15T20:00,29.1,66,33.9,0.0,0.0,1,45,1.4,310,19.076,72.8777
2025-10-15T21:00,29.1,67,33.9,0.0,0.0,1,23,1.1,108,19.076,72.8777
2025-10-15T22:00,28.6,70,33.5,0.0,0.0,1,41,2.3,90,19.076,72.8777
2025-10-15T23:00,27.7,77,33.0,0.0,0.0,2,73,3.0,142,19.076,72.8777
2025-10-16T00:00,27.4,85,33.7,0.0,0.0,0,4,0.6,326,19.076,72.8777
2025-10-16T01:00,27.2,81,32.7,0.0,0.0,0,5,2.2,66,19.076,72.8777
2025-10-16T02:00,26.9,82,32.1,0.0,0.0,0,10,4.0,54,19.076,72.8777
2025-10-16T03:00,26.6,81,31.3,0.0,0.0,0,0,5.4,50,19.076,72.8777
2025-10-16T04:00,26.3,81,30.8,0.0,0.0,0,0,6.4,63,19.076,72.8777
2025-10-16T05:00,26.3,81,30.8,0.0,0.0,0,1,6.2,68,19.076,72.8777
2025-10-16T06:00,26.5,81,31.1,0.0,0.0,0,1,5.5,71,19.076,72.8777
2025-10-16T07:00,27.1,80,31.9,0.0,0.0,0,4,5.1,67,19.076,72.8777
2025-10-16T08:00,29.2,70,34.1,0.0,0.0,0,5,4.5,76,19.076,72.8777
2025-10-16T09:00,31.9,58,36.1,0.0,0.0,0,0,6.5,90,19.076,72.8777
2025-10-16T10:00,33.7,49,37.3,0.0,0.0,0,2,10.4,104,19.076,72.8777
2025-10-16T11:00,34.9,45,39.3,0.0,0.0,0,7,8.5,138,19.076,72.8777
2025-10-16T12:00,34.9,44,39.5,0.0,0.0,1,48,8.1,137,19.076,72.8777
2025-10-16T13:00,35.0,44,40.0,0.2,0.2,51,13,3.7,137,19.076,72.8777
2025-10-16T14:00,34.5,47,39.5,0.0,0.0,1,30,2.0,297,19.076,72.8777
2025-10-16T15:00,28.0,78,31.5,5.1,5.1,63,82,16.6,348,19.076,72.8777
2025-10-16T16:00,28.0,77,33.3,0.5,0.5,53,74,4.0,300,19.076,72.8777
2025-10-16T17:00,31.6,62,36.1,0.2,0.2,51,37,8.0,320,19.076,72.8777
2025-10-16T18:00,29.4,71,34.5,0.2,0.2,51,98,5.7,143,19.076,72.8777
2025-10-16T19:00,29.8,71,34.9,0.0,0.0,3,100,6.7,6,19.076,72.8777
2025-10-16T20:00,29.6,70,34.5,0.0,0.0,3,95,5.9,40,19.076,72.8777
2025-10-16T21:00,28.9,74,34.0,0.0,0.0,1,32,5.4,56,19.076,72.8777
2025-10-16T22:00,28.2,77,33.3,0.0,0.0,0,3,5.3,66,19.076,72.8777
2025-10-16T23:00,27.1,79,31.6,0.0,0.0,0,11,6.8,55,19.076,72.8777
2025-10-17T00:00,27.0,78,31.3,0.0,0.0,0,10,6.6,33,19.076,72.8777
2025-10-17T01:00,26.9,77,31.1,0.0,0.0,1,23,6.3,27,19.076,72.8777
2025-10-17T02:00,26.7,78,31.1,0.0,0.0,2,67,5.4,6,19.076,72.8777
2025-10-17T03:00,26.5,78,30.8,0.0,0.0,1,23,5.7,13,19.076,72.8777
2025-10-17T04:00,26.0,81,30.4,0.0,0.0,0,19,5.4,50,19.076,72.8777
2025-10-17T05:00,26.7,80,31.1,0.0,0.0,0,10,7.5,33,19.076,72.8777
2025-10-17T06:00,26.8,81,31.1,0.0,0.0,1,47,8.7,66,19.076,72.8777
2025-10-17T07:00,27.3,78,31.8,0.0,0.0,1,20,7.2,53,19.076,72.8777
2025-10-17T08:00,29.2,69,33.8,0.0,0.0,0,6,6.0,63,19.076,72.8777
2025-10-17T09:00,32.2,55,36.3,0.0,0.0,0,0,6.0,87,19.076,72.8777
2025-10-17T10:00,34.3,43,37.1,0.0,0.0,0,0,9.6,104,19.076,72.8777
2025-10-17T11:00,35.0,41,38.5,0.0,0.0,0,13,9.7,125,19.076,72.8777
2025-10-17T12:00,35.9,38,40.0,0.0,0.0,1,20,6.7,121,19.076,72.8777
2025-10-17T13:00,36.1,35,39.8,0.0,0.0,1,44,5.1,113,19.076,72.8777
2025-10-17T14:00,35.9,36,39.3,0.1,0.1,51,19,2.4,347,19.076,72.8777
2025-10-17T15:00,35.3,39,37.8,0.0,0.0,1,30,6.1,320,19.076,72.8777
2025-10-17T16:00,34.0,48,37.1,0.0,0.0,1,30,9.7,332,19.076,72.8777
2025-10-17T17:00,32.4,62,37.0,0.0,0.0,0,5,11.3,326,19.076,72.8777
2025-10-17T18:00,30.7,71,35.6,0.0,0.0,0,5,11.9,331,19.076,72.8777
2025-10-17T19:00,30.4,69,34.8,0.0,0.0,0,2,12.4,341,19.076,72.8777
2025-10-17T20:00,30.4,64,34.1,0.0,0.0,0,4,12.2,347,19.076,72.8777
2025-10-17T21:00,30.3,65,33.9,0.0,0.0,0,5,12.1,350,19.076,72.8777
2025-10-17T22:00,30.0,64,33.6,0.0,0.0,0,5,10.3,1,19.076,72.8777
2025-10-17T23:00,29.4,69,33.7,0.0,0.0,0,9,8.3,355,19.076,72.8777
2025-10-18T00:00,28.8,70,33.2,0.0,0.0,0,2,6.7,14,19.076,72.8777
2025-10-18T01:00,28.3,71,32.6,0.0,0.0,1,20,6.1,32,19.076,72.8777
2025-10-18T02:00,27.8,72,32.0,0.0,0.0,3,96,5.7,44,19.076,72.8777
2025-10-18T03:00,27.3,72,31.2,0.0,0.0,3,85,6.5,44,19.076,72.8777
2025-10-18T04:00,26.9,73,30.4,0.0,0.0,0,0,7.5,50,19.076,72.8777
2025-10-18T05:00,26.9,70,30.4,0.0,0.0,0,0,5.6,61,19.076,72.8777
2025-10-18T06:00,26.6,71,30.0,0.0,0.0,0,0,6.2,36,19.076,72.8777
2025-10-18T07:00,26.9,71,30.4,0.0,0.0,0,0,6.7,38,19.076,72.8777
2025-10-18T08:00,28.9,63,32.6,0.0,0.0,0,0,5.4,50,19.076,72.8777
2025-10-18T09:00,32.0,50,35.1,0.0,0.0,0,0,5.2,68,19.076,72.8777
2025-10-18T10:00,34.0,41,36.8,0.0,0.0,0,0,6.4,115,19.076,72.8777
2025-10-18T11:00,35.0,38,38.6,0.0,0.0,1,42,5.2,158,19.076,72.8777
2025-10-18T12:00,35.7,35,39.4,0.0,0.0,1,36,3.8,169,19.076,72.8777
2025-10-18T13:00,35.5,34,39.1,0.3,0.3,51,29,2.1,200,19.076,72.8777
2025-10-18T14:00,34.9,36,37.8,0.6,0.6,53,18,3.9,236,19.076,72.8777
2025-10-18T15:00,33.4,43,35.7,0.2,0.2,51,30,7.5,291,19.076,72.8777
2025-10-18T16:00,32.6,48,35.2,0.0,0.0,1,33,8.3,318,19.076,72.8777
2025-10-18T17:00,32.0,52,34.5,0.0,0.0,0,7,12.2,308,19.076,72.8777
2025-10-18T18:00,30.7,62,34.5,0.0,0.0,0,9,9.3,313,19.076,72.8777
2025-10-18T19:00,30.3,65,34.6,0.0,0.0,0,2,7.8,314,19.076,72.8777
2025-10-18T20:00,30.0,67,34.6,0.0,0.0,0,0,7.1,324,19.076,72.8777
2025-10-18T21:00,29.4,71,34.3,0.0,0.0,0,6,6.3,357,19.076,72.8777
2025-10-18T22:00,29.0,71,33.9,0.0,0.0,0,1,4.6,21,19.076,72.8777
2025-10-18T23:00,28.6,72,33.4,0.0,0.0,0,0,4.3,57,19.076,72.8777
2025-10-19T00:00,28.1,73,32.8,0.0,0.0,0,1,4.1,49,19.076,72.8777
2025-10-19T01:00,27.7,73,32.0,0.0,0.0,0,0,5.6,33,19.076,72.8777
2025-10-19T02:00,27.3,73,31.3,0.0,0.0,0,4,6.3,37,19.076,72.8777
2025-10-19T03:00,27.1,72,30.6,0.0,0.0,0,5,8.1,39,19.076,72.8777
2025-10-19T04:00,26.9,71,30.0,0.0,0.0,0,1,9.3,46,19.076,72.8777
2025-10-19T05:00,26.4,78,30.3,0.0,0.0,0,0,7.3,54,19.076,72.8777
2025-10-19T06:00,26.4,78,30.3,0.0,0.0,0,1,7.4,67,19.076,72.8777
2025-10-19T07:00,26.9,76,30.8,0.0,0.0,0,0,7.4,51,19.076,72.8777
2025-10-19T08:00,28.6,69,32.7,0.0,0.0,0,0,6.6,53,19.076,72.8777
2025-10-19T09:00,31.3,57,35.0,0.0,0.0,0,0,6.5,66,19.076,72.8777
2025-10-19T10:00,33.6,44,36.6,0.0,0.0,0,0,8.1,85,19.076,72.8777
2025-10-19T11:00,34.4,41,38.3,0.0,0.0,1,22,6.1,140,19.076,72.8777
2025-10-19T12:00,34.8,39,38.7,0.2,0.2,51,27,5.0,150,19.076,72.8777
2025-10-19T13:00,35.2,36,38.8,0.1,0.1,51,19,2.2,156,19.076,72.8777
2025-10-19T14:00,35.1,35,37.8,0.0,0.0,0,16,4.3,332,19.076,72.8777
2025-10-19T15:00,34.1,42,36.4,0.0,0.0,1,34,8.6,321,19.076,72.8777
2025-10-19T16:00,33.0,52,36.1,0.2,0.2,51,50,10.7,314,19.076,72.8777
2025-10-19T17:00,31.9,60,35.7,0.0,0.0,0,4,11.7,313,19.076,72.8777
2025-10-19T18:00,30.9,64,34.7,0.0,0.0,0,8,11.6,318,19.076,72.8777
2025-10-19T19:00,30.2,69,34.5,0.0,0.0,0,13,10.6,317,19.076,72.8777
2025-10-19T20:00,29.6,74,34.5,0.0,0.0,0,0,10.2,329,19.076,72.8777
2025-10-19T21:00,29.6,69,33.9,0.0,0.0,0,6,9.2,349,19.076,72.8777
2025-10-19T22:00,29.5,62,33.0,0.0,0.0,0,14,7.2,360,19.076,72.8777
2025-10-19T23:00,28.9,66,32.9,0.0,0.0,0,0,5.7,347,19.076,72.8777
2025-10-20T00:00,28.4,67,32.5,0.0,0.0,0,1,5.0,360,19.076,72.8777
2025-10-20T01:00,28.0,70,32.2,0.0,0.0,0,0,4.3,28,19.076,72.8777
2025-10-20T02:00,27.4,72,31.6,0.0,0.0,0,2,4.0,21,19.076,72.8777
2025-10-20T03:00,26.6,75,30.4,0.0,0.0,0,0,6.8,35,19.076,72.8777
2025-10-20T04:00,26.0,77,29.5,0.0,0.0,0,1,8.8,51,19.076,72.8777
2025-10-20T05:00,26.0,80,30.1,0.0,0.0,0,4,6.5,56,19.076,72.8777
2025-10-20T06:00,26.1,80,30.1,0.0,0.0,0,5,7.1,63,19.076,72.8777
2025-10-20T07:00,26.7,78,30.8,0.0,0.0,0,0,7.3,59,19.076,72.8777
2025-10-20T08:00,28.8,68,32.9,0.0,0.0,0,2,5.5,71,19.076,72.8777
2025-10-20T09:00,31.6,52,34.9,0.0,0.0,0,1,5.9,88,19.076,72.8777
2025-10-20T10:00,33.6,41,35.9,0.0,0.0,0,4,9.6,99,19.076,72.8777
2025-10-20T11:00,34.8,37,37.7,0.0,0.0,0,19,7.7,114,19.076,72.8777
2025-10-20T12:00,35.0,35,38.3,0.0,0.0,1,22,5.2,115,19.076,72.8777
2025-10-20T13:00,35.1,34,38.4,0.0,0.0,0,15,1.4,337,19.076,72.8777
2025-10-20T14:00,34.8,38,37.9,0.0,0.0,0,10,6.9,303,19.076,72.8777
2025-10-20T15:00,33.2,52,36.4,0.2,0.2,51,9,12.5,307,19.076,72.8777
2025-10-20T16:00,32.6,56,36.2,0.0,0.0,0,2,12.3,308,19.076,72.8777
2025-10-20T17:00,32.4,58,36.3,0.0,0.0,0,3,11.1,323,19.076,72.8777
2025-10-20T18:00,30.6,72,35.4,0.0,0.0,0,5,12.5,323,19.076,72.8777
2025-10-20T19:00,30.1,67,33.6,0.0,0.0,0,5,14.3,337,19.076,72.8777
2025-10-20T20:00,30.1,61,32.9,0.0,0.0,0,6,12.3,353,19.076,72.8777
2025-10-20T21:00,29.9,58,32.8,0.0,0.0,0,12,9.2,7,19.076,72.8777
2025-10-20T22:00,29.5,58,32.5,0.0,0.0,0,0,7.2,12,19.076,72.8777
2025-10-20T23:00,29.2,61,32.4,0.0,0.0,0,0,7.7,31,19.076,72.8777
2025-10-21T00:00,28.6,63,31.8,0.0,0.0,0,3,7.5,46,19.076,72.8777
2025-10-21T01:00,27.9,64,30.7,0.0,0.0,0,5,9.3,49,19.076,72.8777
2025-10-21T02:00,27.5,64,29.9,0.0,0.0,0,9,9.6,53,19.076,72.8777
2025-10-21T03:00,27.2,63,29.6,0.0,0.0,0,9,8.8,59,19.076,72.8777
2025-10-21T04:00,26.9,64,29.4,0.0,0.0,0,0,7.6,63,19.076,72.8777
2025-10-21T05:00,27.0,64,29.6,0.0,0.0,0,2,6.6,73,19.076,72.8777
2025-10-21T06:00,26.6,66,29.4,0.0,0.0,0,5,5.6,61,19.076,72.8777
2025-10-21T07:00,27.1,65,30.2,0.0,0.0,0,3,4.8,77,19.076,72.8777
2025-10-21T08:00,28.9,59,32.2,0.0,0.0,2,58,4.0,54,19.076,72.8777
2025-10-21T09:00,31.4,51,34.7,0.0,0.0,3,83,3.4,65,19.076,72.8777
2025-10-21T10:00,32.9,47,36.6,0.0,0.0,3,91,3.8,109,19.076,72.8777
2025-10-21T11:00,33.7,46,38.3,0.0,0.0,3,100,4.3,138,19.076,72.8777
2025-10-21T12:00,34.4,43,39.4,0.2,0.2,51,100,1.8,135,19.076,72.8777
2025-10-21T13:00,34.3,43,38.7,0.1,0.1,51,73,3.0,322,19.076,72.8777
2025-10-21T14:00,34.2,43,37.4,0.0,0.0,0,17,7.4,304,19.076,72.8777
2025-10-21T15:00,33.5,48,36.2,0.2,0.2,51,36,11.2,300,19.076,72.8777
2025-10-21T16:00,32.0,56,35.3,0.0,0.0,3,84,11.6,323,19.076,72.8777
2025-10-21T17:00,31.5,56,35.2,0.0,0.0,2,73,6.7,355,19.076,72.8777
2025-10-21T18:00,29.8,63,33.6,0.2,0.2,51,100,7.0,91,19.076,72.8777
2025-10-21T19:00,28.2,74,32.6,0.2,0.2,51,100,7.6,85,19.076,72.8777
2025-10-21T20:00,27.5,79,32.2,0.4,0.4,51,100,7.0,72,19.076,72.8777
2025-10-21T21:00,26.8,84,31.5,0.8,0.8,53,100,9.0,61,19.076,72.8777
2025-10-21T22:00,26.2,90,31.4,2.3,2.3,61,100,7.6,43,19.076,72.8777
2025-10-21T23:00,26.1,90,31.0,1.5,1.5,61,100,9.8,40,19.076,72.8777
2025-10-22T00:00,26.0,88,30.3,0.3,0.3,51,62,11.2,38,19.076,72.8777
2025-10-22T01:00,26.1,86,30.5,0.0,0.0,1,32,9.6,52,19.076,72.8777
2025-10-22T02:00,26.3,84,30.6,0.0,0.0,3,97,9.0,77,19.076,72.8777
2025-10-22T03:00,26.3,84,30.8,0.0,0.0,3,100,8.4,75,19.076,72.8777
2025-10-22T04:00,26.4,84,31.1,0.0,0.0,3,100,6.7,63,19.076,72.8777
2025-10-22T05:00,26.8,81,31.6,0.0,0.0,3,100,5.3,66,19.076,72.8777
2025-10-22T06:00,26.6,82,31.6,0.0,0.0,3,99,4.2,70,19.076,72.8777
2025-10-22T07:00,27.1,80,32.1,0.0,0.0,3,99,4.9,54,19.076,72.8777
2025-10-22T08:00,28.6,73,33.7,0.0,0.0,1,27,4.3,45,19.076,72.8777
2025-10-22T09:00,30.8,64,35.7,0.0,0.0,0,6,5.0,55,19.076,72.8777
2025-10-22T10:00,32.6,55,37.5,0.0,0.0,1,43,4.8,79,19.076,72.8777
2025-10-22T11:00,33.3,53,38.7,0.0,0.0,2,54,4.8,155,19.076,72.8777
2025-10-22T12:00,33.9,52,40.2,0.0,0.0,1,23,3.6,177,19.076,72.8777
2025-10-22T13:00,33.7,53,40.0,0.0,0.0,0,17,3.0,197,19.076,72.8777
2025-10-22T14:00,32.7,58,38.4,0.0,0.0,0,9,5.6,291,19.076,72.8777
2025-10-22T15:00,31.7,63,36.4,0.0,0.0,2,73,8.2,341,19.076,72.8777
2025-10-22T16:00,31.0,65,35.6,1.4,1.4,61,85,8.5,24,19.076,72.8777
2025-10-22T17:00,30.0,72,34.7,3.1,3.1,63,45,11.2,354,19.076,72.8777
2025-10-22T18:00,29.3,79,35.0,0.0,0.0,3,95,8.0,14,19.076,72.8777
2025-10-22T19:00,29.0,80,34.6,0.0,0.0,3,100,7.4,13,19.076,72.8777
2025-10-22T20:00,28.5,80,34.0,0.0,0.0,3,99,6.9,25,19.076,72.8777
2025-10-22T21:00,28.0,81,33.5,0.0,0.0,3,96,6.0,39,19.076,72.8777
2025-10-22T22:00,27.6,84,33.6,0.0,0.0,3,90,3.0,52,19.076,72.8777
2025-10-22T23:00,27.8,86,34.5,0.0,0.0,3,94,1.5,45,19.076,72.8777
2025-10-23T00:00,27.6,85,33.8,0.0,0.0,3,97,3.0,25,19.076,72.8777
2025-10-23T01:00,27.2,85,32.9,0.0,0.0,3,98,4.9,33,19.076,72.8777
2025-10-23T02:00,26.8,87,32.4,0.0,0.0,3,98,5.0,64,19.076,72.8777
2025-10-23T03:00,26.6,87,32.0,0.0,0.0,3,100,5.3,57,19.076,72.8777
2025-10-23T04:00,26.4,86,31.4,0.0,0.0,3,100,6.7,44,19.076,72.8777
2025-10-23T05:00,26.8,83,31.6,0.0,0.0,3,97,7.9,47,19.076,72.8777
2025-10-23T06:00,27.0,79,31.4,0.0,0.0,3,100,7.9,51,19.076,72.8777
2025-10-23T07:00,27.6,77,31.9,0.0,0.0,2,59,8.0,56,19.076,72.8777
2025-10-23T08:00,29.1,72,34.0,0.0,0.0,0,3,6.1,58,19.076,72.8777
2025-10-23T09:00,31.3,63,36.2,0.0,0.0,0,0,5.5,67,19.076,72.8777
2025-10-23T10:00,32.9,53,37.2,0.0,0.0,2,73,6.1,67,19.076,72.8777
2025-10-23T11:00,33.6,51,38.9,0.0,0.0,3,88,5.8,81,19.076,72.8777
2025-10-23T12:00,34.1,51,39.8,0.0,0.0,1,29,5.4,60,19.076,72.8777
2025-10-23T13:00,34.4,50,40.0,0.0,0.0,0,16,6.4,61,19.076,72.8777
2025-10-23T14:00,34.6,49,39.2,0.0,0.0,1,20,7.3,42,19.076,72.8777
2025-10-23T15:00,34.2,51,38.5,0.0,0.0,1,20,6.3,336,19.076,72.8777
2025-10-23T16:00,32.0,66,36.9,0.4,0.4,51,52,12.2,324,19.076,72.8777
2025-10-23T17:00,31.5,76,37.6,3.1,3.1,63,100,11.6,332,19.076,72.8777
2025-10-23T18:00,30.7,77,36.5,0.0,0.0,3,99,12.2,336,19.076,72.8777
2025-10-23T19:00,30.6,73,35.7,0.0,0.0,3,85,11.8,349,19.076,72.8777
2025-10-23T20:00,29.8,75,35.0,0.6,0.6,53,92,10.8,80,19.076,72.8777
2025-10-23T21:00,28.2,77,32.0,1.9,1.9,61,95,13.8,140,19.076,72.8777
2025-10-23T22:00,27.4,78,32.1,0.1,0.1,51,100,6.0,97,19.076,72.8777
2025-10-23T23:00,28.5,72,32.7,0.0,0.0,3,100,8.8,169,19.076,72.8777
2025-10-24T00:00,28.1,80,33.2,0.0,0.0,3,100,7.7,177,19.076,72.8777
2025-10-24T01:00,27.8,82,33.3,0.0,0.0,3,100,5.4,154,19.076,72.8777
2025-10-24T02:00,27.5,83,33.0,0.0,0.0,3,100,5.2,134,19.076,72.8777
2025-10-24T03:00,27.2,85,32.6,0.0,0.0,3,100,6.6,159,19.076,72.8777
2025-10-24T04:00,27.0,85,32.3,0.0,0.0,3,100,6.4,153,19.076,72.8777
2025-10-24T05:00,27.6,82,33.3,0.0,0.0,3,100,3.7,145,19.076,72.8777
2025-10-24T06:00,27.7,83,33.7,0.0,0.0,3,98,3.1,144,19.076,72.8777
2025-10-24T07:00,28.0,83,34.0,0.0,0.0,3,87,3.5,102,19.076,72.8777
2025-10-24T08:00,29.1,74,34.6,0.0,0.0,3,97,4.0,100,19.076,72.8777
2025-10-24T09:00,30.6,65,35.4,0.0,0.0,3,83,5.4,86,19.076,72.8777
2025-10-24T10:00,31.6,58,35.7,0.0,0.0,3,100,7.1,81,19.076,72.8777
2025-10-24T11:00,32.8,54,36.0,0.0,0.0,3,100,13.1,99,19.076,72.8777
2025-10-24T12:00,32.4,55,36.0,0.0,0.0,3,99,10.3,86,19.076,72.8777
2025-10-24T13:00,33.0,54,37.0,0.0,0.0,1,45,8.4,74,19.076,72.8777
2025-10-24T14:00,32.7,55,36.8,0.0,0.0,3,94,6.6,49,19.076,72.8777
2025-10-24T15:00,32.8,54,37.4,0.0,0.0,3,96,2.4,17,19.076,72.8777
2025-10-24T16:00,28.9,74,33.6,3.4,3.4,63,99,7.6,195,19.076,72.8777
2025-10-24T17:00,32.1,58,36.5,5.1,5.1,63,100,6.0,351,19.076,72.8777
2025-10-24T18:00,30.4,75,36.5,0.0,0.0,3,99,5.6,335,19.076,72.8777
2025-10-24T19:00,29.5,79,35.8,0.0,0.0,2,70,4.5,151,19.076,72.8777
2025-10-24T20:00,29.1,74,33.2,0.0,0.0,2,74,13.7,162,19.076,72.8777
2025-10-24T21:00,27.8,79,32.3,0.2,0.2,51,98,9.0,175,19.076,72.8777
2025-10-24T22:00,27.4,82,32.4,0.0,0.0,3,100,7.9,153,19.076,72.8777
2025-10-24T23:00,27.2,85,32.3,0.0,0.0,3,99,7.9,163,19.076,72.8777
2025-10-25T00:00,27.0,86,32.5,0.1,0.1,51,100,5.9,149,19.076,72.8777
2025-10-25T01:00,26.7,87,32.2,0.1,0.1,51,100,6.0,143,19.076,72.8777
2025-10-25T02:00,26.4,88,31.9,0.0,0.0,3,100,5.2,151,19.076,72.8777
2025-10-25T03:00,26.4,86,31.4,0.0,0.0,3,100,6.2,112,19.076,72.8777
2025-10-25T04:00,26.3,84,30.8,0.0,0.0,3,100,8.0,76,19.076,72.8777
2025-10-25T05:00,25.8,95,31.7,0.0,0.0,3,100,5.6,50,19.076,72.8777
2025-10-25T06:00,25.9,92,31.5,0.0,0.0,3,100,5.4,60,19.076,72.8777
2025-10-25T07:00,26.3,90,31.7,0.0,0.0,3,100,6.6,61,19.076,72.8777
2025-10-25T08:00,27.6,85,33.4,0.0,0.0,3,98,5.9,104,19.076,72.8777
2025-10-25T09:00,29.0,74,33.8,0.1,0.1,51,92,9.0,125,19.076,72.8777
2025-10-25T10:00,29.7,69,33.6,0.1,0.1,51,99,12.2,146,19.076,72.8777
2025-10-25T11:00,29.6,71,34.1,3.7,3.7,63,100,9.6,159,19.076,72.8777
2025-10-25T12:00,30.2,64,34.0,0.1,0.1,51,98,14.4,171,19.076,72.8777
2025-10-25T13:00,29.2,71,33.0,0.1,0.1,51,100,12.1,169,19.076,72.8777
2025-10-25T14:00,28.7,74,33.2,0.9,0.9,53,100,9.0,168,19.076,72.8777
2025-10-25T15:00,28.8,71,32.4,0.3,0.3,51,100,13.0,141,19.076,72.8777
2025-10-25T16:00,28.3,73,32.5,0.0,0.0,3,100,9.2,118,19.076,72.8777
2025-10-25T17:00,26.0,90,31.1,0.0,0.0,3,100,7.8,220,19.076,72.8777
2025-10-25T18:00,25.7,91,30.4,0.6,0.6,53,100,10.5,164,19.076,72.8777
2025-10-25T19:00,25.3,93,29.8,1.6,1.6,61,100,10.9,172,19.076,72.8777
2025-10-25T20:00,25.5,94,30.8,2.4,2.4,61,100,6.8,143,19.076,72.8777
2025-10-25T21:00,25.4,96,30.9,2.9,2.9,63,100,7.0,111,19.076,72.8777
2025-10-25T22:00,25.2,95,30.7,0.8,0.8,53,100,6.0,63,19.076,72.8777
2025-10-25T23:00,25.3,92,30.2,0.0,0.0,3,100,7.8,122,19.076,72.8777
2025-10-26T00:00,25.7,93,31.3,0.1,0.1,51,100,5.3,80,19.076,72.8777
2025-10-26T01:00,25.4,94,30.4,0.0,0.0,3,100,9.4,101,19.076,72.8777
2025-10-26T02:00,25.4,91,29.8,0.0,0.0,3,100,10.3,102,19.076,72.8777
2025-10-26T03:00,25.0,93,30.0,0.0,0.0,3,100,6.1,87,19.076,72.8777
2025-10-26T04:00,24.9,93,30.0,0.0,0.0,3,100,5.8,68,19.076,72.8777
2025-10-26T05:00,24.9,93,30.3,0.0,0.0,3,100,3.3,45,19.076,72.8777
2025-10-26T06:00,24.8,92,29.4,0.0,0.0,3,100,7.5,57,19.076,72.8777
2025-10-26T07:00,25.0,91,29.5,0.0,0.0,3,100,8.1,72,19.076,72.8777
2025-10-26T08:00,25.7,89,30.2,0.0,0.0,3,100,9.2,84,19.076,72.8777
2025-10-26T09:00,26.8,83,31.3,0.0,0.0,3,100,8.9,97,19.076,72.8777
2025-10-26T10:00,26.0,88,30.5,4.6,4.6,63,100,10.3,136,19.076,72.8777
2025-10-26T11:00,25.7,91,30.2,3.3,3.3,63,100,10.7,138,19.076,72.8777
2025-10-26T12:00,26.0,90,30.3,2.2,2.2,61,100,12.4,144,19.076,72.8777
2025-10-26T13:00,25.9,90,29.9,2.5,2.5,63,100,15.5,151,19.076,72.8777
2025-10-26T14:00,24.9,92,28.1,5.0,5.0,63,100,17.8,148,19.076,72.8777
2025-10-26T15:00,25.2,89,28.3,0.9,0.9,53,100,17.1,148,19.076,72.8777
2025-10-26T16:00,25.0,91,28.7,1.1,1.1,55,100,13.4,147,19.076,72.8777
2025-10-26T17:00,25.4,93,30.3,0.4,0.4,51,100,9.0,175,19.076,72.8777
2025-10-26T18:00,25.3,95,30.6,3.6,3.6,63,100,7.1,146,19.076,72.8777
2025-10-26T19:00,25.2,97,30.5,1.5,1.5,61,100,7.7,121,19.076,72.8777
2025-10-26T20:00,24.7,96,29.4,1.6,1.6,61,100,9.5,143,19.076,72.8777
2025-10-26T21:00,24.6,97,29.4,0.7,0.7,53,99,9.2,141,19.076,72.8777
2025-10-26T22:00,24.6,96,28.6,1.0,1.0,55,99,13.8,147,19.076,72.8777
2025-10-26T23:00,24.0,97,28.5,5.8,5.8,63,100,8.2,151,19.076,72.8777
2025-10-27T00:00,24.1,96,29.3,4.1,4.1,63,94,3.6,72,19.076,72.8777
2025-10-27T01:00,24.2,96,28.4,0.0,0.0,3,95,10.3,128,19.076,72.8777
2025-10-27T02:00,24.0,97,28.5,0.2,0.2,51,70,8.3,123,19.076,72.8777
2025-10-27T03:00,23.9,96,28.3,0.0,0.0,3,95,8.5,134,19.076,72.8777
2025-10-27T04:00,23.9,96,28.1,0.0,0.0,3,100,9.0,106,19.076,72.8777
2025-10-27T05:00,23.7,96,28.2,0.1,0.1,51,100,6.9,115,19.076,72.8777
2025-10-27T06:00,24.0,95,28.4,0.3,0.3,51,100,8.0,164,19.076,72.8777
2025-10-27T07:00,24.2,93,28.0,0.5,0.5,53,100,11.0,125,19.076,72.8777
2025-10-27T08:00,25.0,89,29.0,0.2,0.2,51,67,10.1,136,19.076,72.8777
2025-10-27T09:00,26.8,84,31.5,0.0,0.0,3,83,8.5,136,19.076,72.8777
2025-10-27T10:00,27.5,80,32.1,0.0,0.0,2,58,8.5,115,19.076,72.8777
2025-10-27T11:00,28.9,76,33.6,0.0,0.0,3,97,11.7,162,19.076,72.8777
2025-10-27T12:00,30.1,69,34.9,0.0,0.0,3,94,12.9,153,19.076,72.8777
2025-10-27T13:00,30.4,67,34.9,0.0,0.0,3,95,15.2,173,19.076,72.8777
2025-10-27T14:00,27.9,80,31.9,2.4,2.4,61,99,14.3,185,19.076,72.8777
2025-10-27T15:00,27.3,83,31.5,0.4,0.4,51,98,13.7,170,19.076,72.8777
2025-10-27T16:00,26.8,85,30.0,2.8,2.8,63,100,20.1,170,19.076,72.8777
2025-10-27T17:00,26.5,87,29.8,0.3,0.3,51,100,20.5,177,19.076,72.8777
2025-10-27T18:00,26.4,88,29.8,0.5,0.5,53,100,19.7,170,19.076,72.8777
2025-10-27T19:00,26.0,90,30.2,0.1,0.1,51,100,14.2,151,19.076,72.8777
2025-10-27T20:00,25.9,90,30.1,1.3,1.3,61,100,13.5,151,19.076,72.8777
2025-10-27T21:00,26.0,89,29.8,0.0,0.0,3,100,15.3,152,19.076,72.8777
2025-10-27T22:00,25.9,89,29.4,0.1,0.1,51,100,17.1,148,19.076,72.8777
2025-10-27T23:00,25.6,89,29.3,0.0,0.0,3,100,15.0,138,19.076,72.8777
2025-10-28T00:00,25.4,89,29.3,0.1,0.1,51,100,12.8,140,19.076,72.8777
2025-10-28T01:00,25.3,89,29.2,0.0,0.0,3,97,12.5,131,19.076,72.8777
2025-10-28T02:00,25.5,87,29.3,0.0,0.0,3,89,12.2,133,19.076,72.8777
2025-10-28T03:00,25.5,86,29.4,0.0,0.0,1,20,10.8,137,19.076,72.8777
2025-10-28T04:00,25.7,84,29.2,0.0,0.0,0,12,12.3,145,19.076,72.8777
2025-10-28T05:00,25.6,83,28.7,0.0,0.0,3,99,13.9,147,19.076,72.8777
2025-10-28T06:00,25.3,84,28.7,0.0,0.0,3,99,11.7,128,19.076,72.8777
2025-10-28T07:00,25.4,84,29.2,0.0,0.0,3,100,9.7,119,19.076,72.8777
2025-10-28T08:00,26.8,78,30.6,0.0,0.0,3,100,9.8,121,19.076,72.8777
2025-10-28T09:00,28.0,73,31.9,0.0,0.0,2,58,9.2,111,19.076,72.8777
2025-10-28T10:00,29.5,66,33.1,0.0,0.0,3,94,12.7,106,19.076,72.8777
2025-10-28T11:00,30.6,60,34.4,0.0,0.0,0,14,14.5,131,19.076,72.8777
2025-10-28T12:00,31.3,57,35.3,0.0,0.0,0,9,14.6,141,19.076,72.8777
2025-10-28T13:00,31.7,54,35.2,0.0,0.0,1,22,14.8,147,19.076,72.8777
2025-10-28T14:00,31.5,56,34.3,0.0,0.0,3,99,13.0,155,19.076,72.8777
2025-10-28T15:00,30.0,71,34.2,0.0,0.0,1,36,12.9,192,19.076,72.8777
2025-10-28T16:00,27.8,82,31.9,0.0,0.0,3,92,15.6,169,19.076,72.8777
2025-10-28T17:00,28.0,83,32.9,0.0,0.0,3,98,11.9,183,19.076,72.8777
2025-10-28T18:00,27.0,86,30.9,0.3,0.3,51,100,16.8,168,19.076,72.8777
2025-10-28T19:00,27.0,83,31.0,0.0,0.0,3,100,14.4,156,19.076,72.8777
2025-10-28T20:00,26.8,81,30.4,0.0,0.0,3,98,14.2,158,19.076,72.8777
2025-10-28T21:00,26.7,80,29.8,0.0,0.0,3,100,16.0,154,19.076,72.8777
2025-10-28T22:00,26.7,79,29.7,0.0,0.0,3,100,15.7,149,19.076,72.8777
2025-10-28T23:00,27.1,79,30.5,0.0,0.0,3,100,14.0,149,19.076,72.8777
2025-10-29T00:00,26.9,79,30.2,0.0,0.0,3,100,13.8,145,19.076,72.8777
2025-10-29T01:00,26.6,79,29.9,0.0,0.0,3,100,13.4,141,19.076,72.8777
2025-10-29T02:00,26.1,80,29.5,0.0,0.0,3,100,11.6,133,19.076,72.8777
2025-10-29T03:00,25.9,79,28.9,0.0,0.0,3,100,11.9,128,19.076,72.8777
2025-10-29T04:00,25.9,76,28.9,0.0,0.0,3,100,10.4,138,19.076,72.8777
2025-10-29T05:00,26.1,78,29.3,0.0,0.0,3,100,11.0,128,19.076,72.8777
2025-10-29T06:00,26.1,76,29.1,0.0,0.0,3,100,11.0,122,19.076,72.8777
2025-10-29T07:00,26.2,76,29.4,0.0,0.0,3,100,10.7,103,19.076,72.8777
2025-10-29T08:00,26.5,83,31.2,0.0,0.0,3,99,7.5,75,19.076,72.8777
2025-10-29T09:00,27.9,82,33.9,0.0,0.0,1,23,2.8,75,19.076,72.8777
2025-10-29T10:00,29.4,75,35.7,0.0,0.0,0,9,2.1,149,19.076,72.8777
2025-10-29T11:00,30.7,64,36.3,0.0,0.0,3,97,6.0,175,19.076,72.8777
2025-10-29T12:00,30.9,62,36.3,0.0,0.0,1,24,5.6,202,19.076,72.8777
2025-10-29T13:00,29.6,74,35.2,0.0,0.0,1,21,13.2,200,19.076,72.8777
2025-10-29T14:00,28.8,82,33.6,0.1,0.1,51,23,18.5,191,19.076,72.8777
2025-10-29T15:00,28.9,80,33.1,0.0,0.0,1,34,16.5,188,19.076,72.8777
2025-10-29T16:00,28.3,82,32.5,0.0,0.0,3,90,16.5,196,19.076,72.8777
2025-10-29T17:00,27.4,83,32.0,0.0,0.0,3,97,11.1,171,19.076,72.8777
2025-10-29T18:00,26.9,86,32.1,0.0,0.0,3,97,7.4,137,19.076,72.8777
2025-10-29T19:00,26.7,86,32.5,0.0,0.0,3,93,3.1,152,19.076,72.8777
2025-10-29T20:00,26.8,84,31.6,0.0,0.0,3,93,8.0,132,19.076,72.8777
2025-10-29T21:00,26.5,85,31.1,0.0,0.0,3,80,9.4,149,19.076,72.8777
2025-10-29T22:00,26.4,86,30.4,0.0,0.0,3,88,13.0,147,19.076,72.8777
2025-10-29T23:00,26.4,86,30.5,0.0,0.0,3,100,13.3,159,19.076,72.8777
2025-10-30T00:00,26.2,87,30.4,0.0,0.0,3,100,12.1,155,19.076,72.8777
2025-10-30T01:00,26.0,85,29.5,0.0,0.0,3,100,14.3,151,19.076,72.8777
2025-10-30T02:00,25.3,88,29.1,0.1,0.1,51,100,12.7,148,19.076,72.8777
2025-10-30T03:00,25.2,90,29.1,0.8,0.8,53,100,12.3,143,19.076,72.8777
2025-10-30T04:00,24.7,92,28.8,0.5,0.5,53,100,11.5,132,19.076,72.8777
2025-10-30T05:00,24.6,96,29.2,6.5,6.5,63,100,10.0,129,19.076,72.8777
2025-10-30T06:00,24.7,94,29.1,1.5,1.5,61,100,10.2,149,19.076,72.8777
2025-10-30T07:00,25.1,94,29.8,1.1,1.1,55,100,9.2,125,19.076,72.8777
2025-10-30T08:00,25.3,94,30.0,0.4,0.4,51,100,10.4,127,19.076,72.8777
2025-10-30T09:00,25.6,92,30.2,0.1,0.1,51,100,10.8,137,19.076,72.8777
2025-10-30T10:00,26.7,86,31.0,0.0,0.0,3,100,12.4,140,19.076,72.8777
2025-10-30T11:00,26.6,82,31.0,0.1,0.1,51,100,12.6,136,19.076,72.8777
2025-10-30T12:00,28.0,75,31.7,0.1,0.1,51,98,12.8,151,19.076,72.8777
2025-10-30T13:00,28.7,69,31.6,0.1,0.1,51,100,17.3,180,19.076,72.8777
2025-10-30T14:00,28.4,73,31.4,0.0,0.0,3,100,17.1,184,19.076,72.8777
2025-10-30T15:00,28.6,69,31.1,0.0,0.0,3,100,18.4,181,19.076,72.8777
2025-10-30T16:00,28.2,72,30.6,0.0,0.0,3,100,20.2,188,19.076,72.8777
2025-10-30T17:00,28.2,73,31.2,0.0,0.0,3,100,15.5,179,19.076,72.8777
2025-10-30T18:00,27.3,76,30.2,0.0,0.0,3,100,16.6,179,19.076,72.8777
2025-10-30T19:00,26.6,81,30.1,0.0,0.0,3,100,14.2,184,19.076,72.8777
2025-10-30T20:00,26.7,82,30.4,0.1,0.1,51,100,14.1,167,19.076,72.8777
2025-10-30T21:00,26.4,82,30.2,0.1,0.1,51,100,12.3,148,19.076,72.8777
2025-10-30T22:00,25.9,83,29.3,0.0,0.0,3,100,12.9,130,19.076,72.8777
2025-10-30T23:00,26.0,84,29.9,0.0,0.0,3,100,11.2,143,19.076,72.8777
2025-10-31T00:00,26.0,83,29.6,0.0,0.0,3,100,12.3,148,19.076,72.8777
2025-10-31T01:00,25.6,84,28.9,0.0,0.0,3,100,13.4,149,19.076,72.8777
2025-10-31T02:00,25.0,87,27.8,0.4,0.4,51,100,17.4,148,19.076,72.8777
2025-10-31T03:00,24.4,89,27.5,0.7,0.7,53,100,15.0,147,19.076,72.8777
2025-10-31T04:00,24.7,88,27.9,0.5,0.5,53,100,13.4,138,19.076,72.8777
2025-10-31T05:00,25.6,82,28.0,3.7,3.7,63,98,18.2,145,19.076,72.8777
2025-10-31T06:00,25.4,84,28.1,0.8,0.8,53,100,16.5,147,19.076,72.8777
2025-10-31T07:00,25.4,85,28.4,0.5,0.5,53,96,15.4,139,19.076,72.8777
2025-10-31T08:00,26.2,83,29.5,0.3,0.3,51,100,15.1,147,19.076,72.8777
2025-10-31T09:00,26.5,83,30.1,0.0,0.0,3,96,14.0,152,19.076,72.8777
2025-10-31T10:00,27.4,79,30.2,0.1,0.1,51,83,19.7,168,19.076,72.8777
2025-10-31T11:00,29.0,70,31.4,0.2,0.2,51,31,20.8,168,19.076,72.8777
2025-10-31T12:00,29.2,72,32.8,0.2,0.2,51,31,20.7,181,19.076,72.8777
2025-10-31T13:00,29.1,74,32.6,0.0,0.0,1,47,21.5,183,19.076,72.8777
2025-10-31T14:00,28.7,74,31.3,0.3,0.3,51,54,24.2,183,19.076,72.8777
2025-10-31T15:00,28.1,80,31.1,0.1,0.1,51,66,22.2,185,19.076,72.8777
2025-10-31T16:00,27.3,84,30.7,0.2,0.2,51,67,19.4,179,19.076,72.8777
2025-10-31T17:00,27.2,84,31.5,0.0,0.0,3,100,14.0,152,19.076,72.8777
2025-10-31T18:00,26.3,89,29.8,0.4,0.4,51,100,19.0,170,19.076,72.8777
2025-10-31T19:00,26.7,87,30.7,0.1,0.1,51,97,15.8,161,19.076,72.8777
2025-10-31T20:00,26.4,89,30.5,0.0,0.0,1,43,15.2,154,19.076,72.8777
2025-10-31T21:00,26.3,89,30.3,0.0,0.0,3,100,15.6,154,19.076,72.8777
2025-10-31T22:00,26.1,90,30.0,0.0,0.0,3,98,16.0,154,19.076,72.8777
2025-10-31T23:00,26.4,89,30.5,0.1,0.1,51,84,14.9,155,19.076,72.8777
2025-11-01T00:00,26.2,90,30.4,0.0,0.0,2,70,14.5,157,19.076,72.8777
2025-11-01T01:00,26.1,90,30.3,0.0,0.0,2,66,14.4,152,19.076,72.8777
2025-11-01T02:00,25.8,91,29.9,0.0,0.0,3,100,14.3,152,19.076,72.8777
2025-11-01T03:00,25.6,92,29.9,0.1,0.1,51,100,13.3,152,19.076,72.8777
2025-11-01T04:00,25.4,91,29.4,0.4,0.4,51,100,14.0,154,19.076,72.8777
2025-11-01T05:00,25.0,94,29.0,0.2,0.2,51,100,13.5,159,19.076,72.8777
2025-11-01T06:00,25.0,96,29.7,0.4,0.4,51,100,10.8,159,19.076,72.8777
2025-11-01T07:00,25.1,94,29.5,0.6,0.6,53,99,11.8,167,19.076,72.8777
2025-11-01T08:00,25.6,92,29.6,0.4,0.4,51,28,15.1,148,19.076,72.8777
2025-11-01T09:00,26.6,86,30.2,0.1,0.1,51,95,16.9,161,19.076,72.8777
2025-11-01T10:00,27.2,82,31.0,0.1,0.1,51,64,15.4,162,19.076,72.8777
2025-11-01T11:00,28.3,83,32.9,0.0,0.0,1,35,16.6,184,19.076,72.8777
2025-11-01T12:00,28.3,82,33.2,0.0,0.0,2,67,17.0,193,19.076,72.8777
2025-11-01T13:00,28.4,83,33.5,0.0,0.0,1,35,15.2,197,19.076,72.8777
2025-11-01T14:00,28.3,81,33.0,0.0,0.0,1,23,14.2,202,19.076,72.8777
2025-11-01T15:00,28.0,77,31.0,0.2,0.2,51,74,19.2,206,19.076,72.8777
2025-11-01T16:00,27.3,82,31.1,0.1,0.1,51,75,15.6,197,19.076,72.8777
2025-11-01T17:00,27.7,86,33.0,0.3,0.3,51,95,10.2,189,19.076,72.8777
2025-11-01T18:00,26.6,87,31.1,0.1,0.1,51,100,12.0,166,19.076,72.8777
2025-11-01T19:00,26.1,90,30.6,0.1,0.1,51,98,11.8,161,19.076,72.8777
2025-11-01T20:00,26.2,90,31.0,0.0,0.0,3,100,10.4,162,19.076,72.8777
2025-11-01T21:00,25.8,92,30.5,0.0,0.0,3,100,10.8,156,19.076,72.8777
2025-11-01T22:00,25.8,92,30.3,0.0,0.0,2,66,12.2,161,19.076,72.8777
2025-11-01T23:00,26.1,89,30.4,0.0,0.0,1,30,12.3,168,19.076,72.8777
2025-11-02T00:00,26.2,89,30.5,0.0,0.0,1,45,12.9,172,19.076,72.8777
2025-11-02T01:00,25.8,91,30.3,0.1,0.1,51,28,12.1,165,19.076,72.8777
2025-11-02T02:00,25.6,92,30.0,0.0,0.0,1,30,12.4,161,19.076,72.8777
2025-11-02T03:00,25.4,93,29.8,0.0,0.0,3,91,11.7,155,19.076,72.8777
2025-11-02T04:00,25.2,93,29.6,0.1,0.1,51,67,11.6,159,19.076,72.8777
2025-11-02T05:00,25.7,91,30.3,0.2,0.2,51,57,10.9,160,19.076,72.8777
2025-11-02T06:00,25.7,91,30.1,0.1,0.1,51,70,11.7,165,19.076,72.8777
2025-11-02T07:00,25.8,91,30.4,0.1,0.1,51,60,11.4,176,19.076,72.8777
2025-11-02T08:00,26.4,86,30.6,0.1,0.1,51,43,12.1,183,19.076,72.8777
2025-11-02T09:00,27.1,84,31.2,0.2,0.2,51,74,14.4,190,19.076,72.8777
2025-11-02T10:00,27.5,82,31.3,0.0,0.0,3,100,16.1,193,19.076,72.8777
2025-11-02T11:00,27.5,81,31.1,0.2,0.2,51,96,16.2,192,19.076,72.8777
2025-11-02T12:00,27.6,82,31.9,0.0,0.0,3,100,14.1,196,19.076,72.8777
2025-11-02T13:00,27.4,81,31.3,0.3,0.3,51,97,15.8,206,19.076,72.8777
2025-11-02T14:00,27.0,85,31.1,0.2,0.2,51,98,13.9,211,19.076,72.8777
2025-11-02T15:00,26.7,84,30.7,0.2,0.2,51,99,13.1,193,19.076,72.8777
2025-11-02T16:00,26.6,85,30.9,0.2,0.2,51,93,11.2,202,19.076,72.8777
2025-11-02T17:00,26.3,90,31.4,0.3,0.3,51,97,9.6,206,19.076,72.8777
2025-11-02T18:00,26.1,92,31.8,0.1,0.1,51,55,5.9,168,19.076,72.8777
2025-11-02T19:00,25.9,91,31.5,1.1,1.1,55,70,4.0,183,19.076,72.8777
2025-11-02T20:00,25.2,94,30.0,0.6,0.6,53,34,9.0,160,19.076,72.8777
2025-11-02T21:00,25.3,93,30.4,0.1,0.1,51,48,6.5,175,19.076,72.8777
2025-11-02T22:00,25.2,94,30.6,0.0,0.0,2,54,5.6,184,19.076,72.8777
2025-11-02T23:00,25.6,93,31.0,0.0,0.0,1,41,5.8,196,19.076,72.8777
2025-11-03T00:00,25.5,94,30.9,0.0,0.0,1,36,6.3,187,19.076,72.8777
2025-11-03T01:00,25.3,94,30.7,0.0,0.0,2,70,5.9,178,19.076,72.8777
2025-11-03T02:00,25.2,94,30.6,0.0,0.0,3,91,5.8,175,19.076,72.8777
2025-11-03T03:00,25.0,94,30.3,0.0,0.0,3,87,5.8,166,19.076,72.8777
2025-11-03T04:00,24.7,95,29.9,0.2,0.2,51,100,4.7,184,19.076,72.8777
2025-11-03T05:00,24.3,96,29.1,0.1,0.1,51,99,6.6,119,19.076,72.8777
2025-11-03T06:00,23.9,96,28.1,0.1,0.1,51,49,8.9,138,19.076,72.8777
2025-11-03T07:00,23.9,95,28.5,0.0,0.0,1,30,6.6,125,19.076,72.8777
2025-11-03T08:00,24.8,93,29.7,0.0,0.0,0,19,6.7,144,19.076,72.8777
2025-11-03T09:00,26.5,85,31.3,0.0,0.0,3,95,8.1,168,19.076,72.8777
2025-11-03T10:00,27.6,80,32.4,0.1,0.1,51,87,7.5,188,19.076,72.8777
2025-11-03T11:00,28.4,78,33.6,0.1,0.1,51,81,9.7,209,19.076,72.8777
2025-11-03T12:00,28.7,76,34.2,0.1,0.1,51,24,10.8,226,19.076,72.8777
2025-11-03T13:00,28.5,78,34.0,0.2,0.2,51,25,11.1,236,19.076,72.8777
2025-11-03T14:00,28.2,79,33.3,0.4,0.4,51,21,11.8,242,19.076,72.8777
2025-11-03T15:00,27.7,79,31.8,0.5,0.5,53,48,12.2,245,19.076,72.8777
2025-11-03T16:00,27.5,83,32.2,0.2,0.2,51,20,10.9,251,19.076,72.8777
2025-11-03T17:00,27.2,86,32.5,0.1,0.1,51,16,7.7,254,19.076,72.8777
2025-11-03T18:00,26.5,90,32.2,0.0,0.0,0,5,5.6,237,19.076,72.8777
2025-11-03T19:00,26.2,92,32.3,0.0,0.0,0,2,2.7,212,19.076,72.8777
2025-11-03T20:00,26.2,90,32.0,0.4,0.4,51,62,3.5,231,19.076,72.8777
2025-11-03T21:00,25.7,91,30.8,0.0,0.0,2,70,7.7,191,19.076,72.8777
2025-11-03T22:00,25.0,90,29.5,0.0,0.0,2,53,8.1,176,19.076,72.8777
2025-11-03T23:00,25.5,88,30.3,0.0,0.0,1,41,6.1,208,19.076,72.8777
2025-11-04T00:00,25.5,89,30.4,0.1,0.1,51,16,6.1,175,19.076,72.8777
2025-11-04T01:00,25.2,91,30.1,0.0,0.0,1,20,6.3,160,19.076,72.8777
2025-11-04T02:00,24.9,93,30.0,0.0,0.0,1,20,5.7,152,19.076,72.8777
2025-11-04T03:00,24.9,94,30.3,0.0,0.0,1,23,3.7,191,19.076,72.8777
2025-11-04T04:00,24.8,93,30.3,0.1,0.1,51,20,1.9,229,19.076,72.8777
2025-11-04T05:00,24.5,93,29.8,0.2,0.2,51,40,2.0,45,19.076,72.8777
2025-11-04T06:00,24.6,94,29.7,0.0,0.0,1,48,5.5,73,19.076,72.8777
2025-11-04T07:00,24.6,96,29.6,0.0,0.0,1,41,6.2,102,19.076,72.8777
2025-11-04T08:00,25.6,91,30.9,0.1,0.1,51,34,5.1,132,19.076,72.8777
2025-11-04T09:00,26.8,83,31.9,0.2,0.2,51,24,5.7,156,19.076,72.8777
2025-11-04T10:00,27.7,78,32.6,0.2,0.2,51,38,5.6,202,19.076,72.8777
2025-11-04T11:00,27.9,78,32.9,0.1,0.1,51,74,9.7,246,19.076,72.8777
2025-11-04T12:00,28.0,78,33.0,0.0,0.0,2,53,9.0,264,19.076,72.8777
2025-11-04T13:00,28.1,77,32.9,0.0,0.0,1,23,8.8,269,19.076,72.8777
2025-11-04T14:00,27.4,79,31.3,0.3,0.3,51,64,11.7,279,19.076,72.8777
2025-11-04T15:00,27.3,79,31.0,0.2,0.2,51,41,13.0,284,19.076,72.8777
2025-11-04T16:00,26.9,79,30.6,0.1,0.1,51,42,11.9,297,19.076,72.8777
2025-11-04T17:00,26.2,85,31.1,0.0,0.0,0,19,5.8,304,19.076,72.8777
2025-11-04T18:00,25.5,89,30.9,0.0,0.0,0,8,2.5,330,19.076,72.8777
2025-11-04T19:00,25.3,91,31.1,0.0,0.0,0,10,0.6,56,19.076,72.8777
2025-11-04T20:00,24.9,93,30.5,0.0,0.0,0,19,1.5,45,19.076,72.8777
2025-11-04T21:00,24.8,93,30.5,0.0,0.0,1,30,0.6,72,19.076,72.8777
2025-11-04T22:00,24.8,93,30.1,0.0,0.0,1,23,3.0,128,19.076,72.8777
2025-11-04T23:00,24.4,89,29.5,0.0,0.0,0,9,0.5,90,19.076,72.8777
2025-11-05T00:00,24.3,91,29.2,0.0,0.0,0,12,3.3,99,19.076,72.8777
2025-11-05T01:00,23.9,94,28.9,0.0,0.0,3,91,3.1,90,19.076,72.8777
2025-11-05T02:00,23.7,95,28.7,0.0,0.0,3,80,2.3,67,19.076,72.8777
2025-11-05T03:00,23.6,96,28.8,0.0,0.0,3,100,1.8,37,19.076,72.8777
2025-11-05T04:00,23.4,96,28.4,0.0,0.0,2,66,2.1,52,19.076,72.8777
2025-11-05T05:00,24.1,95,29.1,0.0,0.0,1,40,3.5,35,19.076,72.8777
2025-11-05T06:00,23.9,96,28.8,0.0,0.0,2,62,4.9,82,19.076,72.8777
2025-11-05T07:00,24.0,98,29.0,0.0,0.0,2,78,5.4,82,19.076,72.8777
2025-11-05T08:00,24.9,92,30.0,0.0,0.0,2,52,4.6,69,19.076,72.8777
2025-11-05T09:00,26.3,80,31.1,0.1,0.1,51,51,3.0,57,19.076,72.8777
2025-11-05T10:00,27.1,73,31.9,0.0,0.0,2,65,0.8,315,19.076,72.8777
2025-11-05T11:00,28.4,66,33.2,0.0,0.0,3,81,3.6,243,19.076,72.8777
2025-11-05T12:00,28.6,65,33.2,0.0,0.0,2,72,6.2,258,19.076,72.8777
2025-11-05T13:00,28.5,65,33.0,0.0,0.0,3,86,7.9,269,19.076,72.8777
2025-11-05T14:00,28.4,62,32.1,0.0,0.0,3,84,9.0,282,19.076,72.8777
2025-11-05T15:00,28.2,61,30.7,0.0,0.0,3,92,8.5,294,19.076,72.8777
2025-11-05T16:00,27.6,65,30.4,0.0,0.0,3,93,8.4,305,19.076,72.8777
2025-11-05T17:00,27.0,73,30.7,0.0,0.0,3,84,7.9,309,19.076,72.8777
2025-11-05T18:00,26.3,77,30.1,0.0,0.0,1,45,6.9,317,19.076,72.8777
2025-11-05T19:00,25.8,79,29.7,0.0,0.0,0,10,6.7,324,19.076,72.8777
2025-11-05T20:00,25.5,81,29.2,0.0,0.0,3,81,7.3,332,19.076,72.8777
2025-11-05T21:00,25.0,84,29.2,0.0,0.0,2,54,5.4,354,19.076,72.8777
2025-11-05T22:00,24.6,87,28.9,0.0,0.0,2,79,5.6,17,19.076,72.8777
2025-11-05T23:00,24.6,89,29.2,0.0,0.0,3,91,4.8,20,19.076,72.8777
2025-11-06T00:00,24.4,90,29.0,0.0,0.0,3,98,3.8,17,19.076,72.8777
2025-11-06T01:00,24.2,90,28.8,0.0,0.0,3,98,3.7,29,19.076,72.8777
2025-11-06T02:00,23.9,91,28.3,0.0,0.0,3,96,4.9,51,19.076,72.8777
2025-11-06T03:00,23.4,92,27.8,0.0,0.0,3,98,4.2,59,19.076,72.8777
2025-11-06T04:00,23.1,92,27.1,0.0,0.0,3,99,4.8,59,19.076,72.8777
2025-11-06T05:00,22.9,91,27.0,0.0,0.0,3,97,3.7,51,19.076,72.8777
2025-11-06T06:00,22.9,92,27.1,0.0,0.0,2,54,3.2,63,19.076,72.8777
2025-11-06T07:00,23.5,90,27.6,0.0,0.0,0,14,4.5,53,19.076,72.8777
2025-11-06T08:00,24.5,88,29.1,0.0,0.0,1,24,3.1,45,19.076,72.8777
2025-11-06T09:00,26.2,81,31.0,0.0,0.0,0,1,3.3,13,19.076,72.8777
2025-11-06T10:00,27.6,74,32.6,0.0,0.0,0,6,2.7,352,19.076,72.8777
2025-11-06T11:00,28.4,70,33.9,0.0,0.0,0,14,3.6,351,19.076,72.8777
2025-11-06T12:00,29.1,69,34.8,0.0,0.0,1,22,4.4,297,19.076,72.8777
2025-11-06T13:00,28.6,71,33.8,0.0,0.0,1,21,8.0,310,19.076,72.8777
2025-11-06T14:00,28.3,71,31.9,0.6,0.6,53,20,10.6,310,19.076,72.8777
2025-11-06T15:00,28.0,74,31.9,0.0,0.0,2,56,10.7,324,19.076,72.8777
2025-11-06T16:00,27.6,74,31.2,0.0,0.0,0,11,10.7,323,19.076,72.8777
2025-11-06T17:00,27.3,76,30.9,0.0,0.0,0,11,11.7,326,19.076,72.8777
2025-11-06T18:00,26.5,78,29.9,0.0,0.0,0,5,12.3,328,19.076,72.8777
2025-11-06T19:00,26.2,80,29.6,0.0,0.0,1,22,11.2,338,19.076,72.8777
2025-11-06T20:00,25.9,81,29.5,0.0,0.0,2,66,10.0,347,19.076,72.8777
2025-11-06T21:00,25.6,82,29.5,0.0,0.0,3,87,8.3,359,19.076,72.8777
2025-11-06T22:00,25.2,84,29.6,0.0,0.0,0,15,4.7,358,19.076,72.8777
2025-11-06T23:00,24.9,87,29.8,0.0,0.0,0,2,2.9,7,19.076,72.8777
2025-11-07T00:00,25.0,87,29.7,0.0,0.0,0,1,3.5,351,19.076,72.8777
2025-11-07T01:00,24.5,89,29.2,0.0,0.0,1,31,3.3,29,19.076,72.8777
2025-11-07T02:00,24.0,91,28.7,0.0,0.0,1,20,2.7,70,19.076,72.8777
2025-11-07T03:00,23.9,91,28.4,0.0,0.0,1,41,3.8,95,19.076,72.8777
2025-11-07T04:00,23.8,91,28.1,0.0,0.0,2,63,4.9,86,19.076,72.8777
2025-11-07T05:00,24.0,94,28.7,0.0,0.0,1,47,4.7,86,19.076,72.8777
2025-11-07T06:00,24.1,95,29.0,0.0,0.0,2,56,4.4,58,19.076,72.8777
2025-11-07T07:00,23.9,97,29.0,0.0,0.0,2,72,4.9,62,19.076,72.8777
2025-11-07T08:00,25.0,94,30.3,0.0,0.0,0,8,4.7,72,19.076,72.8777
2025-11-07T09:00,26.9,81,32.0,0.0,0.0,0,2,4.2,100,19.076,72.8777
2025-11-07T10:00,28.5,67,32.8,0.0,0.0,0,5,4.0,150,19.076,72.8777
2025-11-07T11:00,30.1,58,35.1,0.0,0.0,0,0,2.4,144,19.076,72.8777
2025-11-07T12:00,31.3,51,36.6,0.0,0.0,0,18,0.9,143,19.076,72.8777
2025-11-07T13:00,31.4,50,35.9,0.0,0.0,0,7,3.6,267,19.076,72.8777
2025-11-07T14:00,30.7,52,33.8,0.0,0.0,1,20,9.6,265,19.076,72.8777
2025-11-07T15:00,29.9,54,31.8,0.0,0.0,0,1,11.7,267,19.076,72.8777
2025-11-07T16:00,28.9,58,31.0,0.0,0.0,0,2,11.9,300,19.076,72.8777
2025-11-07T17:00,28.2,68,31.2,0.0,0.0,0,4,11.7,316,19.076,72.8777
2025-11-07T18:00,27.3,68,29.7,0.0,0.0,0,2,12.3,328,19.076,72.8777
2025-11-07T19:00,26.8,68,29.3,0.0,0.0,0,1,11.4,329,19.076,72.8777
2025-11-07T20:00,26.3,72,29.1,0.0,0.0,0,0,10.4,343,19.076,72.8777
2025-11-07T21:00,25.7,70,28.5,0.0,0.0,0,0,7.2,4,19.076,72.8777
2025-11-07T22:00,25.2,68,27.7,0.0,0.0,0,0,5.9,11,19.076,72.8777
2025-11-07T23:00,25.0,66,26.9,0.0,0.0,0,8,7.3,16,19.076,72.8777
2025-11-08T00:00,24.7,64,26.3,0.0,0.0,0,0,7.2,6,19.076,72.8777
2025-11-08T01:00,24.2,65,25.7,0.0,0.0,0,0,7.4,18,19.076,72.8777
2025-11-08T02:00,23.4,69,25.2,0.0,0.0,0,0,5.8,39,19.076,72.8777
2025-11-08T03:00,22.8,72,24.6,0.0,0.0,0,0,5.6,63,19.076,72.8777
2025-11-08T04:00,22.5,77,24.4,0.0,0.0,0,0,7.6,59,19.076,72.8777
2025-11-08T05:00,22.7,79,24.8,0.0,0.0,0,13,8.3,48,19.076,72.8777
2025-11-08T06:00,22.9,77,24.9,0.0,0.0,0,0,8.1,51,19.076,72.8777
2025-11-08T07:00,23.2,74,25.0,0.0,0.0,0,0,8.5,46,19.076,72.8777
2025-11-08T08:00,24.8,68,26.8,0.0,0.0,0,0,7.7,49,19.076,72.8777
2025-11-08T09:00,27.0,61,29.4,0.0,0.0,0,0,6.3,53,19.076,72.8777
2025-11-08T10:00,29.5,50,31.6,0.0,0.0,0,0,7.4,61,19.076,72.8777
2025-11-08T11:00,32.1,36,33.5,0.0,0.0,0,0,8.8,55,19.076,72.8777
2025-11-08T12:00,33.1,29,33.9,0.0,0.0,0,0,10.1,25,19.076,72.8777
2025-11-08T13:00,33.4,28,34.1,0.0,0.0,0,0,10.0,13,19.076,72.8777
2025-11-08T14:00,33.3,27,33.5,0.0,0.0,0,0,9.1,345,19.076,72.8777
2025-11-08T15:00,32.0,40,32.9,0.0,0.0,0,0,11.2,322,19.076,72.8777
2025-11-08T16:00,30.1,63,33.5,0.0,0.0,0,0,11.3,327,19.076,72.8777
2025-11-08T17:00,29.3,70,33.7,0.0,0.0,0,0,8.1,321,19.076,72.8777
2025-11-08T18:00,28.2,72,32.4,0.0,0.0,0,0,7.0,342,19.076,72.8777
2025-11-08T19:00,27.9,67,31.2,0.0,0.0,0,0,7.8,4,19.076,72.8777
2025-11-08T20:00,27.6,53,29.1,0.0,0.0,0,0,7.2,14,19.076,72.8777
2025-11-08T21:00,26.8,49,27.5,0.0,0.0,0,0,6.9,20,19.076,72.8777
2025-11-08T22:00,26.0,50,26.7,0.0,0.0,0,0,5.8,16,19.076,72.8777
2025-11-08T23:00,25.6,52,26.4,0.0,0.0,0,0,6.2,10,19.076,72.8777
2025-11-09T00:00,24.7,58,25.6,0.0,0.0,0,0,6.7,358,19.076,72.8777
2025-11-09T01:00,23.8,64,24.8,0.0,0.0,0,0,8.4,349,19.076,72.8777
2025-11-09T02:00,23.2,65,24.0,0.0,0.0,0,0,9.2,359,19.076,72.8777
2025-11-09T03:00,23.0,61,23.3,0.0,0.0,0,0,9.2,358,19.076,72.8777
2025-11-09T04:00,22.8,60,23.0,0.0,0.0,0,0,8.8,355,19.076,72.8777
2025-11-09T05:00,21.7,74,23.5,0.0,0.0,0,0,4.2,43,19.076,72.8777
2025-11-09T06:00,21.3,76,23.2,0.0,0.0,0,0,3.0,52,19.076,72.8777
2025-11-09T07:00,22.2,71,23.9,0.0,0.0,0,0,4.6,39,19.076,72.8777
2025-11-09T08:00,24.1,62,25.9,0.0,0.0,0,0,2.8,27,19.076,72.8777
2025-11-09T09:00,26.9,49,28.3,0.0,0.0,0,0,2.4,13,19.076,72.8777
2025-11-09T10:00,29.0,42,30.5,0.0,0.0,0,0,2.4,324,19.076,72.8777
2025-11-09T11:00,30.4,37,32.0,0.0,0.0,0,0,6.2,296,19.076,72.8777
2025-11-09T12:00,31.2,32,32.1,0.0,0.0,0,0,9.5,297,19.076,72.8777
2025-11-09T13:00,31.4,27,31.2,0.0,0.0,0,0,11.6,300,19.076,72.8777
2025-11-09T14:00,31.0,29,30.5,0.0,0.0,0,0,12.0,300,19.076,72.8777
2025-11-09T15:00,30.0,38,29.7,0.0,0.0,0,0,11.3,303,19.076,72.8777
2025-11-09T16:00,28.9,45,29.5,0.0,0.0,0,0,9.9,305,19.076,72.8777
2025-11-09T17:00,28.2,52,29.4,0.0,0.0,0,0,8.9,306,19.076,72.8777
2025-11-09T18:00,26.5,65,28.8,0.0,0.0,0,0,8.5,316,19.076,72.8777
2025-11-09T19:00,26.0,68,28.7,0.0,0.0,0,0,6.8,305,19.076,72.8777
2025-11-09T20:00,25.7,70,28.4,0.0,0.0,0,0,6.6,303,19.076,72.8777
2025-11-09T21:00,25.3,71,28.1,0.0,0.0,0,0,5.9,325,19.076,72.8777
2025-11-09T22:00,24.7,74,27.7,0.0,0.0,0,0,4.5,16,19.076,72.8777
2025-11-09T23:00,23.7,79,27.0,0.0,0.0,0,0,3.0,76,19.076,72.8777
2025-11-10T00:00,23.0,79,26.0,0.0,0.0,0,0,2.9,97,19.076,72.8777
2025-11-10T01:00,22.5,77,25.1,0.0,0.0,0,0,2.8,105,19.076,72.8777
2025-11-10T02:00,22.0,77,24.3,0.0,0.0,0,0,3.2,109,19.076,72.8777
2025-11-10T03:00,21.5,78,23.7,0.0,0.0,0,0,3.3,96,19.076,72.8777
2025-11-10T04:00,21.1,78,23.0,0.0,0.0,0,0,3.8,85,19.076,72.8777
2025-11-10T05:00,20.7,84,22.8,0.0,0.0,0,0,4.4,63,19.076,72.8777
2025-11-10T06:00,20.8,78,22.6,0.0,0.0,0,0,4.3,68,19.076,72.8777
2025-11-10T07:00,21.4,72,22.7,0.0,0.0,0,0,5.8,60,19.076,72.8777
2025-11-10T08:00,23.8,60,24.9,0.0,0.0,0,0,5.2,59,19.076,72.8777
2025-11-10T09:00,27.1,43,27.6,0.0,0.0,0,0,4.6,77,19.076,72.8777
2025-11-10T10:00,29.6,34,29.8,0.0,0.0,0,0,4.8,103,19.076,72.8777
2025-11-10T11:00,31.0,28,31.5,0.0,0.0,0,0,5.4,146,19.076,72.8777
2025-11-10T12:00,32.1,26,32.8,0.0,0.0,0,0,6.0,187,19.076,72.8777
2025-11-10T13:00,32.2,27,32.7,0.0,0.0,0,0,7.4,214,19.076,72.8777
2025-11-10T14:00,31.8,29,31.9,0.0,0.0,0,0,8.7,230,19.076,72.8777
2025-11-10T15:00,31.0,34,30.5,0.0,0.0,0,0,10.8,242,19.076,72.8777
2025-11-10T16:00,29.6,45,30.1,0.0,0.0,0,0,11.1,253,19.076,72.8777
2025-11-10T17:00,28.6,48,29.5,0.0,0.0,0,0,9.0,271,19.076,72.8777
2025-11-10T18:00,27.5,56,29.1,0.0,0.0,0,0,8.2,289,19.076,72.8777
2025-11-10T19:00,27.1,60,29.2,0.0,0.0,0,0,6.5,304,19.076,72.8777
2025-11-10T20:00,26.6,63,29.0,0.0,0.0,0,0,6.2,314,19.076,72.8777
2025-11-10T21:00,26.1,65,28.7,0.0,0.0,0,0,5.9,325,19.076,72.8777
2025-11-10T22:00,25.5,69,28.4,0.0,0.0,0,0,3.9,24,19.076,72.8777
2025-11-10T23:00,24.7,75,28.3,0.0,0.0,0,0,1.5,36,19.076,72.8777
2025-11-11T00:00,24.2,77,27.7,0.0,0.0,0,0,1.5,126,19.076,72.8777
2025-11-11T01:00,23.8,79,27.2,0.0,0.0,0,0,2.2,171,19.076,72.8777
2025-11-11T02:00,23.4,82,26.9,0.0,0.0,0,4,2.9,158,19.076,72.8777
2025-11-11T03:00,22.7,87,26.4,0.0,0.0,0,9,3.0,128,19.076,72.8777
2025-11-11T04:00,22.2,90,25.8,0.0,0.0,0,15,2.7,122,19.076,72.8777
2025-11-11T05:00,21.8,88,25.1,0.0,0.0,0,0,2.7,67,19.076,72.8777
2025-11-11T06:00,21.4,89,24.3,0.0,0.0,0,0,4.8,77,19.076,72.8777
2025-11-11T07:00,21.4,87,23.9,0.0,0.0,0,0,6.3,77,19.076,72.8777
2025-11-11T08:00,23.7,73,26.1,0.0,0.0,0,0,5.4,69,19.076,72.8777
2025-11-11T09:00,27.0,55,28.8,0.0,0.0,0,0,5.0,71,19.076,72.8777
2025-11-11T10:00,29.8,39,30.7,0.0,0.0,0,0,5.1,80,19.076,72.8777
2025-11-11T11:00,31.1,31,32.0,0.0,0.0,0,0,4.9,141,19.076,72.8777
2025-11-11T12:00,32.1,28,33.3,0.0,0.0,0,0,4.5,196,19.076,72.8777
2025-11-11T13:00,31.9,30,33.1,0.0,0.0,0,0,6.5,240,19.076,72.8777
2025-11-11T14:00,31.5,35,32.3,0.0,0.0,0,0,9.6,267,19.076,72.8777
2025-11-11T15:00,30.5,42,30.7,0.0,0.0,0,0,12.7,282,19.076,72.8777
2025-11-11T16:00,29.7,42,29.7,0.0,0.0,0,2,12.2,299,19.076,72.8777
2025-11-11T17:00,28.5,50,29.3,0.0,0.0,0,0,11.9,322,19.076,72.8777
2025-11-11T18:00,27.5,55,28.8,0.0,0.0,0,0,9.5,338,19.076,72.8777
2025-11-11T19:00,27.0,58,28.6,0.0,0.0,0,0,8.8,349,19.076,72.8777
2025-11-11T20:00,26.6,53,27.4,0.0,0.0,0,0,8.9,353,19.076,72.8777
2025-11-11T21:00,26.3,47,26.4,0.0,0.0,0,0,8.5,353,19.076,72.8777
2025-11-11T22:00,25.8,46,25.9,0.0,0.0,0,0,6.7,14,19.076,72.8777
2025-11-11T23:00,25.1,51,25.6,0.0,0.0,0,0,6.3,5,19.076,72.8777
2025-11-12T00:00,24.5,54,25.3,0.0,0.0,0,0,4.2,18,19.076,72.8777
2025-11-12T01:00,23.9,54,24.6,0.0,0.0,0,0,3.9,43,19.076,72.8777
2025-11-12T02:00,23.4,54,24.0,0.0,0.0,0,0,4.4,38,19.076,72.8777
2025-11-12T03:00,22.9,55,23.2,0.0,0.0,0,0,5.7,24,19.076,72.8777
2025-11-12T04:00,22.3,57,22.3,0.0,0.0,0,0,7.1,27,19.076,72.8777
2025-11-12T05:00,21.5,64,21.7,0.0,0.0,0,0,8.1,53,19.076,72.8777
2025-11-12T06:00,21.3,66,21.6,0.0,0.0,0,0,8.3,57,19.076,72.8777
2025-11-12T07:00,21.6,65,21.8,0.0,0.0,0,0,8.7,58,19.076,72.8777
2025-11-12T08:00,23.4,59,23.9,0.0,0.0,0,0,7.3,54,19.076,72.8777
2025-11-12T09:00,26.2,49,26.6,0.0,0.0,0,0,7.2,58,19.076,72.8777
2025-11-12T10:00,29.0,39,29.5,0.0,0.0,0,0,6.9,60,19.076,72.8777
2025-11-12T11:00,31.2,31,31.8,0.0,0.0,0,0,7.7,59,19.076,72.8777
2025-11-12T12:00,32.4,28,33.6,0.0,0.0,0,0,5.6,50,19.076,72.8777
2025-11-12T13:00,32.8,28,34.4,0.0,0.0,0,0,3.2,357,19.076,72.8777
2025-11-12T14:00,32.8,28,33.6,0.0,0.0,0,0,4.9,324,19.076,72.8777
2025-11-12T15:00,32.3,31,31.8,0.0,0.0,0,0,9.4,317,19.076,72.8777
2025-11-12T16:00,30.7,44,31.3,0.0,0.0,0,0,13.4,323,19.076,72.8777
2025-11-12T17:00,30.6,40,31.2,0.0,0.0,0,0,8.2,327,19.076,72.8777
2025-11-12T18:00,29.1,46,30.2,0.0,0.0,0,0,7.6,338,19.076,72.8777
2025-11-12T19:00,28.5,43,28.5,0.0,0.0,0,0,9.6,354,19.076,72.8777
2025-11-12T20:00,27.7,41,27.3,0.0,0.0,0,0,10.0,6,19.076,72.8777
2025-11-12T21:00,26.8,43,26.4,0.0,0.0,0,0,9.5,15,19.076,72.8777
2025-11-12T22:00,26.2,45,25.8,0.0,0.0,0,0,9.3,19,19.076,72.8777
2025-11-12T23:00,25.8,47,25.7,0.0,0.0,0,0,8.0,25,19.076,72.8777
2025-11-13T00:00,25.1,48,25.2,0.0,0.0,0,0,6.2,44,19.076,72.8777
2025-11-13T01:00,24.0,52,24.1,0.0,0.0,0,0,7.0,72,19.076,72.8777
2025-11-13T02:00,23.2,57,23.4,0.0,0.0,0,0,7.4,49,19.076,72.8777
2025-11-13T03:00,22.4,61,22.6,0.0,0.0,0,0,8.4,50,19.076,72.8777
2025-11-13T04:00,21.9,63,22.1,0.0,0.0,0,0,8.9,54,19.076,72.8777
2025-11-13T05:00,22.2,59,22.2,0.0,0.0,0,0,8.3,60,19.076,72.8777
2025-11-13T06:00,22.2,57,22.0,0.0,0.0,0,0,8.4,65,19.076,72.8777
2025-11-13T07:00,22.6,54,22.2,0.0,0.0,0,0,8.8,59,19.076,72.8777
2025-11-13T08:00,24.3,50,24.3,0.0,0.0,0,0,7.0,61,19.076,72.8777
2025-11-13T09:00,27.2,43,27.2,0.0,0.0,0,0,6.9,67,19.076,72.8777
2025-11-13T10:00,30.0,36,30.4,0.0,0.0,0,0,6.0,69,19.076,72.8777
2025-11-13T11:00,32.0,29,32.7,0.0,0.0,0,0,6.0,80,19.076,72.8777
2025-11-13T12:00,33.2,26,34.8,0.0,0.0,0,0,2.4,9,19.076,72.8777
2025-11-13T13:00,33.4,26,34.5,0.0,0.0,0,0,4.8,318,19.076,72.8777
2025-11-13T14:00,33.3,27,33.7,0.0,0.0,0,0,7.3,314,19.076,72.8777
2025-11-13T15:00,32.6,31,32.1,0.0,0.0,0,0,10.8,318,19.076,72.8777
2025-11-13T16:00,30.9,42,31.1,0.0,0.0,0,0,13.6,326,19.076,72.8777
2025-11-13T17:00,30.2,45,31.0,0.0,0.0,0,0,11.3,333,19.076,72.8777
2025-11-13T18:00,28.8,46,29.2,0.0,0.0,0,0,11.0,341,19.076,72.8777
2025-11-13T19:00,28.3,44,28.4,0.0,0.0,0,0,10.8,350,19.076,72.8777
2025-11-13T20:00,27.5,50,28.3,0.0,0.0,0,0,8.7,352,19.076,72.8777
2025-11-13T21:00,26.6,55,27.9,0.0,0.0,0,0,7.7,349,19.076,72.8777
2025-11-13T22:00,26.1,54,27.0,0.0,0.0,0,0,8.5,353,19.076,72.8777
2025-11-13T23:00,25.7,52,26.1,0.0,0.0,0,0,8.5,7,19.076,72.8777
2025-11-14T00:00,24.6,54,25.4,0.0,0.0,0,0,4.5,56,19.076,72.8777
2025-11-14T01:00,23.9,55,24.4,0.0,0.0,0,0,6.3,83,19.076,72.8777
2025-11-14T02:00,23.1,57,23.6,0.0,0.0,0,0,5.8,60,19.076,72.8777
2025-11-14T03:00,22.6,58,22.9,0.0,0.0,0,0,6.4,65,19.076,72.8777
2025-11-14T04:00,22.1,60,22.5,0.0,0.0,0,0,6.2,57,19.076,72.8777
2025-11-14T05:00,21.6,62,21.9,0.0,0.0,0,0,6.2,54,19.076,72.8777
2025-11-14T06:00,21.3,63,21.7,0.0,0.0,0,0,5.4,64,19.076,72.8777
2025-11-14T07:00,21.6,62,21.9,0.0,0.0,0,0,6.9,59,19.076,72.8777
2025-11-14T08:00,23.4,56,23.9,0.0,0.0,0,0,6.2,54,19.076,72.8777
2025-11-14T09:00,26.7,46,27.1,0.0,0.0,0,0,6.5,71,19.076,72.8777
2025-11-14T10:00,29.9,34,29.7,0.0,0.0,0,0,7.9,86,19.076,72.8777
2025-11-14T11:00,31.8,27,32.0,0.0,0.0,0,0,6.9,104,19.076,72.8777
2025-11-14T12:00,32.9,25,34.3,0.0,0.0,0,0,1.9,151,19.076,72.8777
2025-11-14T13:00,33.1,24,34.0,0.0,0.0,0,0,4.2,263,19.076,72.8777
2025-11-14T14:00,32.7,29,33.0,0.0,0.0,0,0,8.1,275,19.076,72.8777
2025-11-14T15:00,31.9,34,31.6,0.0,0.0,0,0,10.8,280,19.076,72.8777
2025-11-14T16:00,30.8,37,30.7,0.0,0.0,0,0,10.3,283,19.076,72.8777
2025-11-14T17:00,29.7,50,31.5,0.0,0.0,0,0,7.8,308,19.076,72.8777
2025-11-14T18:00,28.3,58,30.7,0.0,0.0,0,0,7.1,326,19.076,72.8777
2025-11-14T19:00,27.7,50,28.5,0.0,0.0,0,0,9.5,345,19.076,72.8777
2025-11-14T20:00,27.1,51,27.8,0.0,0.0,0,0,9.1,338,19.076,72.8777
2025-11-14T21:00,26.2,60,27.8,0.0,0.0,0,0,8.5,336,19.076,72.8777
2025-11-14T22:00,25.7,62,27.7,0.0,0.0,0,0,5.0,360,19.076,72.8777
2025-11-14T23:00,25.0,62,26.8,0.0,0.0,0,0,4.6,45,19.076,72.8777
2025-11-15T00:00,24.4,60,25.7,0.0,0.0,0,0,5.0,90,19.076,72.8777
2025-11-15T01:00,23.2,62,24.6,0.0,0.0,0,0,3.5,114,19.076,72.8777
2025-11-15T02:00,22.8,61,23.7,0.0,0.0,0,0,4.6,111,19.076,72.8777
2025-11-15T03:00,21.9,62,22.5,0.0,0.0,0,0,5.0,64,19.076,72.8777
2025-11-15T04:00,21.3,61,21.4,0.0,0.0,0,0,6.9,49,19.076,72.8777
2025-11-15T05:00,21.1,62,21.2,0.0,0.0,0,0,6.7,56,19.076,72.8777
2025-11-15T06:00,20.9,60,20.7,0.0,0.0,0,0,7.0,64,19.076,72.8777
2025-11-15T07:00,21.2,58,20.8,0.0,0.0,0,0,8.0,62,19.076,72.8777
2025-11-15T08:00,22.9,52,22.7,0.0,0.0,0,0,6.9,67,19.076,72.8777
2025-11-15T09:00,26.4,42,26.2,0.0,0.0,0,0,6.8,79,19.076,72.8777
2025-11-15T10:00,29.2,32,28.5,0.0,0.0,0,0,8.8,86,19.076,72.8777
2025-11-15T11:00,31.3,26,30.9,0.0,0.0,0,0,8.5,102,19.076,72.8777
2025-11-15T12:00,32.6,22,32.9,0.0,0.0,0,0,4.6,116,19.076,72.8777
2025-11-15T13:00,33.2,21,33.8,0.0,0.0,0,0,2.3,198,19.076,72.8777
2025-11-15T14:00,33.0,22,32.8,0.0,0.0,0,0,5.2,250,19.076,72.8777
2025-11-15T15:00,32.2,27,31.2,0.0,0.0,0,0,9.0,272,19.076,72.8777
2025-11-15T16:00,31.3,27,29.7,0.0,0.0,0,0,11.1,277,19.076,72.8777
2025-11-15T17:00,30.1,35,29.7,0.0,0.0,0,0,8.6,292,19.076,72.8777
2025-11-15T18:00,27.8,52,28.8,0.0,0.0,0,0,9.8,320,19.076,72.8777
2025-11-15T19:00,26.8,51,27.0,0.0,0.0,0,0,11.8,340,19.076,72.8777
2025-11-15T20:00,26.2,57,27.0,0.0,0.0,0,0,11.7,339,19.076,72.8777
2025-11-15T21:00,25.7,63,27.4,0.0,0.0,0,0,9.3,352,19.076,72.8777
2025-11-15T22:00,24.9,62,26.5,0.0,0.0,0,0,6.2,36,19.076,72.8777
2025-11-15T23:00,24.3,62,25.8,0.0,0.0,0,0,5.9,78,19.076,72.8777
2025-11-16T00:00,23.3,63,24.7,0.0,0.0,0,0,3.8,87,19.076,72.8777
2025-11-16T01:00,22.3,66,23.7,0.0,0.0,0,0,3.0,73,19.076,72.8777
2025-11-16T02:00,21.9,62,22.6,0.0,0.0,0,0,4.7,58,19.076,72.8777
2025-11-16T03:00,21.5,56,21.1,0.0,0.0,0,0,7.1,54,19.076,72.8777
2025-11-16T04:00,21.3,51,20.2,0.0,0.0,0,0,9.0,52,19.076,72.8777
2025-11-16T05:00,21.2,50,19.9,0.0,0.0,0,0,9.8,67,19.076,72.8777
2025-11-16T06:00,20.9,52,19.6,0.0,0.0,0,0,10.0,62,19.076,72.8777
2025-11-16T07:00,20.8,53,19.7,0.0,0.0,0,0,9.6,62,19.076,72.8777
2025-11-16T08:00,22.3,50,21.4,0.0,0.0,0,0,9.5,65,19.076,72.8777
2025-11-16T09:00,25.7,41,25.0,0.0,0.0,0,0,7.8,71,19.076,72.8777
2025-11-16T10:00,28.8,32,27.7,0.0,0.0,0,0,10.0,77,19.076,72.8777
2025-11-16T11:00,30.9,26,30.2,0.0,0.0,0,0,9.9,99,19.076,72.8777
2025-11-16T12:00,32.4,21,31.9,0.0,0.0,0,0,7.9,107,19.076,72.8777
2025-11-16T13:00,33.0,19,33.1,0.0,0.0,0,0,3.9,103,19.076,72.8777
2025-11-16T14:00,33.1,19,32.9,0.0,0.0,0,0,2.6,309,19.076,72.8777
2025-11-16T15:00,32.4,22,30.7,0.0,0.0,0,0,7.9,309,19.076,72.8777
2025-11-16T16:00,31.8,22,30.1,0.0,0.0,0,0,6.4,310,19.076,72.8777
2025-11-16T17:00,30.4,26,28.5,0.0,0.0,0,0,10.4,337,19.076,72.8777
2025-11-16T18:00,27.5,46,27.3,0.0,0.0,0,0,12.9,342,19.076,72.8777
2025-11-16T19:00,27.0,57,27.8,0.0,0.0,0,0,12.8,332,19.076,72.8777
2025-11-16T20:00,26.5,64,28.4,0.0,0.0,0,0,11.1,338,19.076,72.8777
2025-11-16T21:00,25.8,59,26.9,0.0,0.0,0,0,9.4,18,19.076,72.8777
2025-11-16T22:00,25.8,42,24.8,0.0,0.0,0,0,10.8,43,19.076,72.8777
2025-11-16T23:00,25.3,38,23.8,0.0,0.0,0,0,9.8,62,19.076,72.8777
2025-11-17T00:00,24.1,39,22.9,0.0,0.0,0,0,6.9,67,19.076,72.8777
2025-11-17T01:00,23.1,42,21.8,0.0,0.0,0,0,7.8,48,19.076,72.8777
2025-11-17T02:00,22.2,45,20.9,0.0,0.0,0,0,8.5,55,19.076,72.8777
2025-11-17T03:00,21.7,48,20.4,0.0,0.0,0,0,9.4,60,19.076,72.8777
2025-11-17T04:00,21.3,51,20.2,0.0,0.0,0,0,8.9,62,19.076,72.8777
2025-11-17T05:00,21.2,52,20.1,0.0,0.0,0,0,9.0,68,19.076,72.8777
2025-11-17T06:00,20.9,53,19.9,0.0,0.0,0,0,8.7,63,19.076,72.8777
2025-11-17T07:00,21.0,54,20.1,0.0,0.0,0,0,8.8,67,19.076,72.8777
2025-11-17T08:00,22.4,51,21.9,0.0,0.0,0,0,7.3,70,19.076,72.8777
2025-11-17T09:00,25.8,41,25.2,0.0,0.0,0,0,7.8,81,19.076,72.8777
2025-11-17T10:00,28.3,32,26.8,0.0,0.0,0,0,12.1,90,19.076,72.8777
2025-11-17T11:00,30.2,26,29.3,0.0,0.0,0,0,10.6,108,19.076,72.8777
2025-11-17T12:00,31.6,22,31.3,0.0,0.0,0,0,7.4,124,19.076,72.8777
2025-11-17T13:00,32.4,20,32.4,0.0,0.0,0,0,4.1,135,19.076,72.8777
2025-11-17T14:00,32.4,20,31.9,0.0,0.0,0,0,4.4,300,19.076,72.8777
2025-11-17T15:00,30.9,30,29.5,0.0,0.0,0,0,12.2,307,19.076,72.8777
2025-11-17T16:00,30.1,30,28.4,0.0,0.0,0,0,12.5,306,19.076,72.8777
2025-11-17T17:00,28.1,44,27.3,0.0,0.0,0,0,15.5,331,19.076,72.8777
2025-11-17T18:00,26.4,51,26.1,0.0,0.0,0,0,14.8,344,19.076,72.8777
2025-11-17T19:00,25.9,61,26.4,0.0,0.0,0,0,15.9,342,19.076,72.8777
2025-11-17T20:00,25.7,65,26.7,0.0,0.0,0,0,14.1,338,19.076,72.8777
2025-11-17T21:00,25.4,65,27.1,0.0,0.0,0,0,9.4,353,19.076,72.8777
2025-11-17T22:00,24.3,66,26.3,0.0,0.0,0,0,5.3,35,19.076,72.8777
2025-11-17T23:00,24.3,55,24.6,0.0,0.0,0,0,8.1,59,19.076,72.8777
2025-11-18T00:00,23.2,54,23.3,0.0,0.0,0,0,6.7,81,19.076,72.8777
2025-11-18T01:00,22.1,58,22.5,0.0,0.0,0,0,4.9,62,19.076,72.8777
2025-11-18T02:00,21.4,55,21.0,0.0,0.0,0,0,6.8,40,19.076,72.8777
2025-11-18T03:00,21.1,51,20.0,0.0,0.0,0,0,8.5,54,19.076,72.8777
2025-11-18T04:00,20.8,51,19.2,0.0,0.0,0,0,10.8,60,19.076,72.8777
2025-11-18T05:00,20.2,51,18.6,0.0,0.0,0,0,10.1,66,19.076,72.8777
2025-11-18T06:00,19.9,52,18.5,0.0,0.0,0,0,8.7,66,19.076,72.8777
2025-11-18T07:00,19.7,54,18.4,0.0,0.0,0,0,8.8,64,19.076,72.8777
2025-11-18T08:00,21.1,51,20.2,0.0,0.0,0,0,7.5,63,19.076,72.8777
2025-11-18T09:00,24.3,42,23.3,0.0,0.0,0,0,7.8,68,19.076,72.8777
2025-11-18T10:00,27.4,32,26.1,0.0,0.0,0,0,8.9,77,19.076,72.8777
2025-11-18T11:00,29.6,24,28.5,0.0,0.0,0,0,9.4,91,19.076,72.8777
2025-11-18T12:00,31.2,19,30.4,0.0,0.0,0,0,7.7,106,19.076,72.8777
2025-11-18T13:00,32.0,18,31.6,0.0,0.0,0,0,4.5,133,19.076,72.8777
2025-11-18T14:00,32.3,19,32.0,0.0,0.0,0,0,1.5,256,19.076,72.8777
2025-11-18T15:00,31.4,22,29.6,0.0,0.0,0,0,7.5,300,19.076,72.8777
2025-11-18T16:00,30.0,27,28.2,0.0,0.0,0,0,10.7,303,19.076,72.8777
2025-11-18T17:00,28.5,37,27.3,0.0,0.0,0,0,12.3,323,19.076,72.8777
2025-11-18T18:00,26.3,46,25.4,0.0,0.0,0,0,14.4,337,19.076,72.8777
2025-11-18T19:00,25.6,55,25.5,0.0,0.0,0,0,14.1,344,19.076,72.8777
2025-11-18T20:00,25.4,63,26.2,0.0,0.0,0,0,13.8,343,19.076,72.8777
2025-11-18T21:00,25.1,67,26.7,0.0,0.0,0,0,10.8,342,19.076,72.8777
2025-11-18T22:00,24.3,70,26.4,0.0,0.0,0,0,6.9,9,19.076,72.8777
2025-11-18T23:00,23.4,69,25.1,0.0,0.0,0,0,6.2,30,19.076,72.8777
2025-11-19T00:00,22.5,66,23.4,0.0,0.0,0,0,7.0,91,19.076,72.8777
2025-11-19T01:00,21.8,63,22.2,0.0,0.0,0,0,6.8,79,19.076,72.8777
2025-11-19T02:00,21.1,61,21.2,0.0,0.0,0,0,6.4,68,19.076,72.8777
2025-11-19T03:00,20.3,61,19.9,0.0,0.0,0,0,7.3,59,19.076,72.8777
2025-11-19T04:00,19.5,60,18.8,0.0,0.0,0,0,7.6,54,19.076,72.8777
2025-11-19T05:00,19.0,59,17.9,0.0,0.0,0,0,8.6,54,19.076,72.8777
2025-11-19T06:00,18.7,59,17.4,0.0,0.0,0,0,9.8,58,19.076,72.8777
2025-11-19T07:00,19.0,57,17.6,0.0,0.0,0,0,10.3,59,19.076,72.8777
2025-11-19T08:00,20.9,53,19.4,0.0,0.0,0,0,12.1,60,19.076,72.8777
2025-11-19T09:00,24.6,42,23.6,0.0,0.0,0,0,8.8,67,19.076,72.8777
2025-11-19T10:00,28.3,31,27.1,0.0,0.0,0,0,8.5,77,19.076,72.8777
2025-11-19T11:00,31.0,26,30.9,0.0,0.0,0,0,6.2,80,19.076,72.8777
2025-11-19T12:00,32.7,23,33.7,0.0,0.0,0,0,1.1,81,19.076,72.8777
2025-11-19T13:00,32.8,22,33.3,0.0,0.0,0,0,4.0,273,19.076,72.8777
2025-11-19T14:00,32.6,24,32.1,0.0,0.0,0,0,8.0,279,19.076,72.8777
2025-11-19T15:00,32.0,25,30.3,0.0,0.0,0,0,10.6,294,19.076,72.8777
2025-11-19T16:00,30.8,28,29.1,0.0,0.0,0,0,12.3,308,19.076,72.8777
2025-11-19T17:00,29.2,37,28.4,0.0,0.0,0,0,11.4,319,19.076,72.8777
2025-11-19T18:00,27.5,47,27.7,0.0,0.0,0,0,10.2,337,19.076,72.8777
2025-11-19T19:00,26.6,52,27.0,0.0,0.0,0,0,10.7,344,19.076,72.8777
2025-11-19T20:00,26.1,43,25.5,0.0,0.0,0,0,9.8,353,19.076,72.8777
2025-11-19T21:00,25.4,43,24.6,0.0,0.0,0,0,8.9,6,19.076,72.8777
2025-11-19T22:00,24.9,45,24.1,0.0,0.0,0,0,9.4,7,19.076,72.8777
2025-11-19T23:00,24.4,50,24.2,0.0,0.0,0,0,7.9,360,19.076,72.8777
2025-11-20T00:00,23.6,55,23.9,0.0,0.0,0,0,6.4,11,19.076,72.8777
2025-11-20T01:00,22.1,61,22.9,0.0,0.0,0,0,4.0,60,19.076,72.8777
2025-11-20T02:00,21.2,65,22.0,0.0,0.0,0,0,3.9,62,19.076,72.8777
2025-11-20T03:00,20.6,67,21.3,0.0,0.0,0,0,4.5,53,19.076,72.8777
2025-11-20T04:00,20.1,68,20.7,0.0,0.0,0,0,4.8,56,19.076,72.8777
2025-11-20T05:00,19.8,66,19.9,0.0,0.0,0,0,6.6,49,19.076,72.8777
2025-11-20T06:00,20.1,63,19.9,0.0,0.0,0,0,7.0,55,19.076,72.8777
2025-11-20T07:00,20.3,60,19.8,0.0,0.0,0,0,8.6,59,19.076,72.8777
2025-11-20T08:00,22.1,55,21.4,0.0,0.0,0,0,10.0,52,19.076,72.8777
2025-11-20T09:00,25.5,44,25.1,0.0,0.0,0,0,7.5,63,19.076,72.8777
2025-11-20T10:00,29.0,33,28.3,0.0,0.0,0,0,7.7,72,19.076,72.8777
2025-11-20T11:00,31.2,28,31.5,0.0,0.0,0,0,5.8,88,19.076,72.8777
2025-11-20T12:00,32.8,23,34.1,0.0,0.0,0,0,0.4,270,19.076,72.8777
2025-11-20T13:00,32.9,23,33.5,0.0,0.0,0,0,4.4,279,19.076,72.8777
2025-11-20T14:00,32.8,25,32.7,0.0,0.0,1,47,7.8,283,19.076,72.8777
2025-11-20T15:00,32.3,26,31.1,0.0,0.0,3,96,9.3,288,19.076,72.8777
2025-11-20T16:00,30.7,34,30.0,0.0,0.0,2,73,10.8,300,19.076,72.8777
2025-11-20T17:00,29.2,45,30.0,0.0,0.0,3,88,8.8,305,19.076,72.8777
2025-11-20T18:00,27.6,47,27.9,0.0,0.0,1,30,9.5,324,19.076,72.8777
2025-11-20T19:00,26.8,48,26.9,0.0,0.0,0,2,10.7,331,19.076,72.8777
2025-11-20T20:00,26.2,57,26.9,0.0,0.0,0,0,12.0,334,19.076,72.8777
2025-11-20T21:00,25.7,61,26.7,0.0,0.0,0,0,10.9,341,19.076,72.8777
2025-11-20T22:00,24.8,64,26.1,0.0,0.0,0,0,8.8,349,19.076,72.8777
2025-11-20T23:00,23.8,66,25.1,0.0,0.0,0,0,7.4,7,19.076,72.8777
2025-11-21T00:00,22.9,67,24.6,0.0,0.0,0,0,3.7,67,19.076,72.8777
2025-11-21T01:00,22.3,69,24.0,0.0,0.0,0,0,3.1,77,19.076,72.8777
2025-11-21T02:00,22.2,67,23.4,0.0,0.0,0,0,4.9,54,19.076,72.8777
2025-11-21T03:00,21.4,65,22.3,0.0,0.0,0,0,4.6,54,19.076,72.8777
2025-11-21T04:00,20.9,62,21.1,0.0,0.0,0,0,5.8,60,19.076,72.8777
2025-11-21T05:00,20.5,61,20.3,0.0,0.0,0,0,6.7,63,19.076,72.8777
2025-11-21T06:00,20.1,61,19.7,0.0,0.0,0,0,7.5,63,19.076,72.8777
2025-11-21T07:00,20.1,61,19.6,0.0,0.0,0,0,8.1,59,19.076,72.8777
2025-11-21T08:00,22.1,55,21.5,0.0,0.0,0,0,9.7,65,19.076,72.8777
2025-11-21T09:00,26.0,43,25.6,0.0,0.0,0,0,7.2,77,19.076,72.8777
2025-11-21T10:00,29.2,33,28.5,0.0,0.0,0,0,8.5,84,19.076,72.8777
2025-11-21T11:00,31.5,29,31.7,0.0,0.0,0,0,7.8,98,19.076,72.8777
2025-11-21T12:00,33.3,25,33.9,0.0,0.0,0,0,5.2,117,19.076,72.8777
2025-11-21T13:00,33.8,23,34.6,0.0,0.0,0,0,2.7,228,19.076,72.8777
2025-11-21T14:00,33.6,24,33.4,0.0,0.0,0,0,7.0,260,19.076,72.8777
2025-11-21T15:00,32.3,33,32.0,0.0,0.0,0,0,10.8,272,19.076,72.8777
2025-11-21T16:00,31.0,36,30.8,0.0,0.0,0,1,10.2,291,19.076,72.8777
2025-11-21T17:00,29.4,46,30.2,0.0,0.0,0,0,10.2,314,19.076,72.8777
2025-11-21T18:00,27.5,56,28.8,0.0,0.0,0,0,9.9,331,19.076,72.8777
2025-11-21T19:00,26.9,61,28.6,0.0,0.0,0,0,10.2,337,19.076,72.8777
2025-11-21T20:00,26.5,58,27.6,0.0,0.0,0,0,11.2,342,19.076,72.8777
2025-11-21T21:00,26.0,58,26.9,0.0,0.0,0,2,10.7,347,19.076,72.8777
2025-11-21T22:00,25.6,58,26.7,0.0,0.0,0,0,7.9,360,19.076,72.8777
2025-11-21T23:00,25.2,60,27.0,0.0,0.0,0,0,4.7,23,19.076,72.8777
2025-11-22T00:00,24.3,65,26.3,0.0,0.0,0,0,3.3,29,19.076,72.8777
2025-11-22T01:00,23.8,67,25.9,0.0,0.0,0,0,3.3,29,19.076,72.8777
2025-11-22T02:00,23.2,69,25.2,0.0,0.0,0,0,3.7,51,19.076,72.8777
2025-11-22T03:00,22.8,68,24.5,0.0,0.0,0,0,4.6,45,19.076,72.8777
2025-11-22T04:00,22.4,68,23.8,0.0,0.0,0,0,5.2,49,19.076,72.8777
2025-11-22T05:00,22.7,65,23.8,0.0,0.0,0,0,5.0,55,19.076,72.8777
2025-11-22T06:00,22.5,65,23.6,0.0,0.0,0,0,5.2,61,19.076,72.8777
2025-11-22T07:00,22.6,65,23.6,0.0,0.0,0,0,6.0,57,19.076,72.8777
2025-11-22T08:00,24.4,60,25.6,0.0,0.0,0,0,5.9,59,19.076,72.8777
2025-11-22T09:00,27.8,48,29.1,0.0,0.0,0,0,4.5,88,19.076,72.8777
2025-11-22T10:00,30.7,40,31.8,0.0,0.0,0,0,5.2,110,19.076,72.8777
2025-11-22T11:00,32.3,37,34.2,0.0,0.0,0,0,4.9,184,19.076,72.8777
2025-11-22T12:00,33.3,34,35.1,0.0,0.0,0,0,7.1,225,19.076,72.8777
2025-11-22T13:00,33.1,34,34.7,0.0,0.0,0,0,8.5,245,19.076,72.8777
2025-11-22T14:00,32.7,36,33.9,0.0,0.0,0,0,8.8,258,19.076,72.8777
2025-11-22T15:00,31.9,39,32.7,0.0,0.0,0,0,9.4,273,19.076,72.8777
2025-11-22T16:00,30.7,44,31.7,0.0,0.0,0,0,9.5,292,19.076,72.8777
2025-11-22T17:00,29.3,49,30.7,0.0,0.0,0,0,8.4,304,19.076,72.8777
2025-11-22T18:00,28.0,56,30.0,0.0,0.0,0,0,8.0,322,19.076,72.8777
2025-11-22T19:00,27.5,61,29.7,0.0,0.0,0,0,8.8,316,19.076,72.8777
2025-11-22T20:00,27.1,64,29.4,0.0,0.0,0,0,9.3,320,19.076,72.8777
2025-11-22T21:00,26.8,65,29.4,0.0,0.0,0,0,6.6,351,19.076,72.8777
2025-11-22T22:00,26.5,62,28.8,0.0,0.0,0,0,5.7,55,19.076,72.8777
2025-11-22T23:00,26.2,62,28.8,0.0,0.0,0,1,3.2,47,19.076,72.8777
2025-11-23T00:00,25.6,65,28.3,0.0,0.0,0,4,2.8,55,19.076,72.8777
2025-11-23T01:00,25.4,66,28.2,0.0,0.0,1,34,2.6,39,19.076,72.8777
2025-11-23T02:00,25.0,68,27.8,0.0,0.0,3,99,2.3,23,19.076,72.8777
2025-11-23T03:00,24.6,68,27.1,0.0,0.0,3,99,3.0,38,19.076,72.8777
2025-11-23T04:00,24.1,69,26.6,0.0,0.0,3,97,3.4,58,19.076,72.8777
2025-11-23T05:00,23.9,73,26.7,0.0,0.0,3,100,3.4,357,19.076,72.8777
2025-11-23T06:00,23.9,72,26.6,0.0,0.0,3,97,2.9,47,19.076,72.8777
2025-11-23T07:00,24.2,70,26.6,0.0,0.0,3,97,4.5,47,19.076,72.8777
2025-11-23T08:00,26.1,63,28.6,0.0,0.0,3,100,4.0,30,19.076,72.8777
2025-11-23T09:00,28.7,55,31.4,0.0,0.0,3,100,3.1,3,19.076,72.8777
2025-11-23T10:00,30.8,47,33.4,0.0,0.0,3,100,2.3,337,19.076,72.8777
2025-11-23T11:00,31.8,45,35.1,0.0,0.0,3,99,3.1,257,19.076,72.8777
2025-11-23T12:00,32.7,45,36.3,0.0,0.0,3,97,6.2,263,19.076,72.8777
2025-11-23T13:00,32.4,47,35.8,0.0,0.0,3,100,9.0,268,19.076,72.8777
2025-11-23T14:00,31.9,47,34.3,0.0,0.0,3,100,9.9,282,19.076,72.8777
2025-11-23T15:00,30.8,49,32.3,0.0,0.0,3,100,11.5,302,19.076,72.8777
2025-11-23T16:00,29.7,53,31.4,0.0,0.0,3,100,11.6,318,19.076,72.8777
2025-11-23T17:00,28.8,58,31.1,0.0,0.0,3,100,9.7,321,19.076,72.8777
2025-11-23T18:00,27.5,68,30.6,0.0,0.0,3,98,8.9,328,19.076,72.8777
2025-11-23T19:00,26.9,73,30.4,0.0,0.0,3,98,8.4,335,19.076,72.8777
2025-11-23T20:00,26.7,72,29.7,0.0,0.0,3,98,9.2,343,19.076,72.8777
2025-11-23T21:00,26.5,66,28.9,0.0,0.0,3,96,8.6,358,19.076,72.8777
2025-11-23T22:00,26.3,62,28.8,0.0,0.0,3,100,4.5,23,19.076,72.8777
2025-11-23T23:00,25.8,71,29.5,0.0,0.0,1,38,1.8,11,19.076,72.8777
2025-11-24T00:00,25.4,70,28.7,0.0,0.0,0,0,2.0,333,19.076,72.8777
2025-11-24T01:00,25.1,72,28.3,0.0,0.0,0,0,2.4,333,19.076,72.8777
2025-11-24T02:00,24.8,73,28.0,0.0,0.0,0,0,2.9,338,19.076,72.8777
2025-11-24T03:00,24.5,74,27.5,0.0,0.0,3,98,3.6,357,19.076,72.8777
2025-11-24T04:00,24.2,74,27.0,0.0,0.0,2,67,4.7,9,19.076,72.8777
2025-11-24T05:00,23.5,82,27.0,0.0,0.0,1,24,2.4,17,19.076,72.8777
2025-11-24T06:00,23.6,79,26.8,0.0,0.0,0,1,3.6,33,19.076,72.8777
2025-11-24T07:00,23.8,78,26.7,0.0,0.0,0,0,5.4,50,19.076,72.8777
2025-11-24T08:00,25.5,73,28.8,0.0,0.0,0,0,3.9,34,19.076,72.8777
2025-11-24T09:00,28.2,62,31.8,0.0,0.0,0,1,3.0,17,19.076,72.8777
2025-11-24T10:00,30.7,51,33.8,0.0,0.0,0,2,3.2,344,19.076,72.8777
2025-11-24T11:00,31.9,47,35.7,0.0,0.0,1,40,3.2,308,19.076,72.8777
2025-11-24T12:00,32.9,45,36.6,0.0,0.0,2,58,5.9,288,19.076,72.8777
2025-11-24T13:00,32.7,48,36.2,0.0,0.0,3,90,8.9,283,19.076,72.8777
2025-11-24T14:00,32.1,52,35.3,0.0,0.0,3,89,11.3,292,19.076,72.8777
2025-11-24T15:00,31.2,55,33.7,0.0,0.0,0,18,12.2,313,19.076,72.8777
2025-11-24T16:00,30.3,55,32.5,0.0,0.0,0,10,12.0,321,19.076,72.8777
2025-11-24T17:00,29.1,60,31.6,0.0,0.0,0,5,11.0,320,19.076,72.8777
2025-11-24T18:00,27.8,69,30.8,0.0,0.0,0,5,11.5,329,19.076,72.8777
2025-11-24T19:00,27.2,69,29.9,0.0,0.0,2,53,11.3,338,19.076,72.8777
2025-11-24T20:00,26.9,66,29.2,0.0,0.0,2,73,10.7,354,19.076,72.8777
2025-11-24T21:00,26.7,62,29.1,0.0,0.0,0,12,6.2,10,19.076,72.8777
2025-11-24T22:00,26.3,64,29.0,0.0,0.0,0,6,3.3,347,19.076,72.8777
2025-11-24T23:00,26.0,66,28.7,0.0,0.0,0,3,5.2,333,19.076,72.8777
2025-11-25T00:00,25.7,68,28.5,0.0,0.0,0,0,4.7,2,19.076,72.8777
2025-11-25T01:00,25.2,70,28.1,0.0,0.0,0,10,4.9,356,19.076,72.8777
2025-11-25T02:00,24.8,73,27.8,0.0,0.0,2,55,4.2,355,19.076,72.8777
2025-11-25T03:00,24.4,76,27.4,0.0,0.0,2,66,4.9,354,19.076,72.8777
2025-11-25T04:00,24.0,78,27.0,0.0,0.0,2,53,5.2,358,19.076,72.8777
2025-11-25T05:00,23.8,80,26.6,0.0,0.0,1,30,7.5,345,19.076,72.8777
2025-11-25T06:00,23.8,80,26.7,0.0,0.0,0,0,7.1,7,19.076,72.8777
2025-11-25T07:00,23.8,80,26.8,0.0,0.0,0,0,6.5,39,19.076,72.8777
2025-11-25T08:00,25.5,73,28.9,0.0,0.0,0,0,4.3,48,19.076,72.8777
2025-11-25T09:00,28.3,63,31.9,0.0,0.0,0,0,3.7,35,19.076,72.8777
2025-11-25T10:00,31.0,51,34.5,0.0,0.0,0,0,2.0,360,19.076,72.8777
2025-11-25T11:00,31.8,46,35.5,0.0,0.0,0,6,2.0,265,19.076,72.8777
2025-11-25T12:00,33.0,42,36.2,0.0,0.0,1,29,5.1,252,19.076,72.8777
2025-11-25T13:00,32.6,44,35.3,0.0,0.0,1,27,7.9,266,19.076,72.8777
2025-11-25T14:00,31.9,49,34.5,0.0,0.0,0,13,9.2,281,19.076,72.8777
2025-11-25T15:00,31.4,50,33.9,0.0,0.0,0,9,8.5,298,19.076,72.8777
2025-11-25T16:00,30.8,51,33.1,0.0,0.0,0,5,8.4,301,19.076,72.8777
2025-11-25T17:00,29.4,56,32.0,0.0,0.0,0,7,8.0,297,19.076,72.8777
2025-11-25T18:00,28.0,67,31.2,0.0,0.0,0,12,8.8,317,19.076,72.8777
2025-11-25T19:00,27.1,77,31.3,0.0,0.0,0,9,8.1,328,19.076,72.8777
2025-11-25T20:00,26.6,84,31.4,0.0,0.0,0,5,6.9,343,19.076,72.8777
2025-11-25T21:00,26.4,80,30.6,0.0,0.0,0,3,7.0,13,19.076,72.8777
2025-11-25T22:00,26.3,76,30.5,0.0,0.0,0,4,3.2,34,19.076,72.8777
2025-11-25T23:00,26.1,76,30.3,0.0,0.0,0,4,2.0,45,19.076,72.8777
2025-11-26T00:00,25.9,76,30.2,0.0,0.0,0,8,1.6,27,19.076,72.8777
2025-11-26T01:00,25.6,76,29.7,0.0,0.0,0,2,2.2,48,19.076,72.8777
2025-11-26T02:00,25.3,77,29.2,0.0,0.0,0,0,2.5,356,19.076,72.8777
2025-11-26T03:00,24.7,79,28.7,0.0,0.0,0,0,2.1,345,19.076,72.8777
2025-11-26T04:00,24.2,83,28.4,0.0,0.0,0,0,1.5,45,19.076,72.8777
2025-11-26T05:00,24.5,82,28.6,0.0,0.0,0,0,2.3,61,19.076,72.8777
2025-11-26T06:00,24.2,82,28.3,0.0,0.0,0,0,1.8,354,19.076,72.8777
2025-11-26T07:00,24.8,79,28.5,0.0,0.0,0,0,4.2,350,19.076,72.8777
2025-11-26T08:00,26.3,71,30.2,0.0,0.0,0,0,2.3,32,19.076,72.8777
2025-11-26T09:00,28.4,63,32.3,0.0,0.0,0,0,1.5,54,19.076,72.8777
2025-11-26T10:00,30.5,50,33.6,0.0,0.0,0,0,2.2,156,19.076,72.8777
2025-11-26T11:00,31.7,42,34.3,0.0,0.0,0,0,4.5,194,19.076,72.8777
2025-11-26T12:00,32.6,39,35.0,0.0,0.0,0,13,6.2,216,19.076,72.8777
2025-11-26T13:00,32.6,40,35.0,0.0,0.0,1,20,7.8,230,19.076,72.8777
2025-11-26T14:00,32.1,44,34.2,0.0,0.0,0,17,9.6,249,19.076,72.8777
2025-11-26T15:00,30.9,50,32.8,0.0,0.0,0,5,11.0,275,19.076,72.8777
2025-11-26T16:00,29.7,57,32.1,0.0,0.0,0,6,10.4,298,19.076,72.8777
2025-11-26T17:00,28.6,65,31.7,0.0,0.0,0,17,9.9,299,19.076,72.8777
2025-11-26T18:00,27.7,69,31.1,0.0,0.0,0,5,8.6,309,19.076,72.8777
2025-11-26T19:00,27.3,73,31.1,0.0,0.0,0,5,7.1,324,19.076,72.8777
2025-11-26T20:00,26.8,78,30.9,0.0,0.0,0,5,7.0,328,19.076,72.8777
2025-11-26T21:00,26.4,80,30.6,0.0,0.0,0,0,6.7,5,19.076,72.8777
2025-11-26T22:00,26.0,78,30.1,0.0,0.0,0,0,4.7,18,19.076,72.8777
2025-11-26T23:00,25.7,78,30.0,0.0,0.0,0,0,2.5,352,19.076,72.8777
2025-11-27T00:00,25.3,79,29.4,0.0,0.0,0,0,3.1,21,19.076,72.8777
2025-11-27T01:00,25.0,79,28.8,0.0,0.0,0,0,4.4,38,19.076,72.8777
2025-11-27T02:00,24.5,81,28.3,0.0,0.0,0,0,3.8,73,19.076,72.8777
2025-11-27T03:00,24.1,82,27.8,0.0,0.0,0,0,3.2,56,19.076,72.8777
2025-11-27T04:00,23.8,81,27.3,0.0,0.0,0,0,3.6,49,19.076,72.8777
2025-11-27T05:00,24.1,77,27.0,0.0,0.0,0,0,6.2,38,19.076,72.8777
2025-11-27T06:00,23.7,80,26.8,0.0,0.0,0,0,5.0,44,19.076,72.8777
2025-11-27T07:00,23.6,81,26.6,0.0,0.0,0,0,6.0,44,19.076,72.8777
2025-11-27T08:00,25.2,75,28.2,0.0,0.0,0,0,6.4,52,19.076,72.8777
2025-11-27T09:00,28.5,55,30.6,0.0,0.0,0,0,6.8,78,19.076,72.8777
2025-11-27T10:00,30.9,40,31.1,0.0,0.0,0,0,10.7,104,19.076,72.8777
2025-11-27T11:00,31.8,36,32.7,0.0,0.0,0,0,9.8,131,19.076,72.8777
2025-11-27T12:00,32.7,34,34.3,0.0,0.0,0,0,7.7,143,19.076,72.8777
2025-11-27T13:00,33.4,32,35.1,0.0,0.0,0,4,4.9,172,19.076,72.8777
2025-11-27T14:00,33.7,30,34.7,0.0,0.0,0,6,5.5,224,19.076,72.8777
2025-11-27T15:00,32.3,38,32.7,0.0,0.0,0,11,12.0,257,19.076,72.8777
2025-11-27T16:00,30.6,45,31.2,0.0,0.0,0,16,13.3,283,19.076,72.8777
2025-11-27T17:00,29.6,49,31.0,0.0,0.0,0,0,9.9,275,19.076,72.8777
2025-11-27T18:00,28.3,61,30.9,0.0,0.0,0,0,8.2,293,19.076,72.8777
2025-11-27T19:00,27.3,72,30.8,0.0,0.0,0,0,8.0,320,19.076,72.8777
2025-11-27T20:00,26.9,72,30.3,0.0,0.0,0,0,7.6,341,19.076,72.8777
2025-11-27T21:00,26.4,74,29.9,0.0,0.0,0,0,7.8,351,19.076,72.8777
2025-11-27T22:00,26.0,73,29.2,0.0,0.0,0,0,6.8,349,19.076,72.8777
2025-11-27T23:00,25.8,70,28.3,0.0,0.0,0,0,8.6,338,19.076,72.8777
2025-11-28T00:00,25.2,70,28.1,0.0,0.0,0,0,5.0,360,19.076,72.8777
2025-11-28T01:00,24.5,73,27.6,0.0,0.0,0,0,3.0,25,19.076,72.8777
2025-11-28T02:00,24.0,75,27.0,0.0,0.0,0,0,2.7,53,19.076,72.8777
2025-11-28T03:00,23.7,73,26.5,0.0,0.0,0,0,2.8,63,19.076,72.8777
2025-11-28T04:00,23.3,73,25.8,0.0,0.0,0,0,3.2,38,19.076,72.8777
2025-11-28T05:00,22.8,77,25.2,0.0,0.0,0,0,5.5,49,19.076,72.8777
2025-11-28T06:00,22.7,72,24.2,0.0,0.0,0,13,6.9,57,19.076,72.8777
2025-11-28T07:00,23.0,65,23.9,0.0,0.0,0,5,7.7,57,19.076,72.8777
2025-11-28T08:00,24.8,57,25.7,0.0,0.0,0,10,6.8,63,19.076,72.8777
2025-11-28T09:00,27.8,48,28.8,0.0,0.0,0,0,5.7,79,19.076,72.8777
2025-11-28T10:00,30.3,41,31.1,0.0,0.0,2,70,6.7,99,19.076,72.8777
2025-11-28T11:00,32.0,33,32.7,0.0,0.0,0,0,8.1,102,19.076,72.8777
2025-11-28T12:00,33.1,29,34.6,0.0,0.0,0,0,3.4,108,19.076,72.8777
2025-11-28T13:00,33.3,29,34.7,0.0,0.0,0,0,3.9,286,19.076,72.8777
2025-11-28T14:00,32.7,35,33.6,0.0,0.0,0,0,8.9,283,19.076,72.8777
2025-11-28T15:00,31.6,42,32.7,0.0,0.0,0,0,9.4,275,19.076,72.8777
2025-11-28T16:00,30.7,50,32.5,0.0,0.0,0,0,9.9,289,19.076,72.8777
2025-11-28T17:00,29.5,57,31.9,0.0,0.0,2,68,9.6,296,19.076,72.8777
2025-11-28T18:00,27.8,67,30.6,0.0,0.0,2,68,10.2,319,19.076,72.8777
2025-11-28T19:00,27.1,64,29.0,0.0,0.0,2,53,11.6,341,19.076,72.8777
2025-11-28T20:00,27.0,67,29.2,0.0,0.0,2,77,12.1,339,19.076,72.8777
2025-11-28T21:00,26.6,69,28.8,0.0,0.0,3,93,12.1,343,19.076,72.8777
2025-11-28T22:00,25.9,72,28.7,0.0,0.0,2,73,8.5,348,19.076,72.8777
2025-11-28T23:00,25.2,73,28.0,0.0,0.0,3,96,7.2,4,19.076,72.8777
2025-11-29T00:00,25.0,66,27.1,0.0,0.0,3,89,6.2,38,19.076,72.8777
2025-11-29T01:00,24.9,62,26.2,0.0,0.0,3,80,7.8,46,19.076,72.8777
2025-11-29T02:00,24.6,61,25.6,0.0,0.0,1,41,9.0,53,19.076,72.8777
2025-11-29T03:00,24.3,63,25.2,0.0,0.0,3,94,9.7,63,19.076,72.8777
2025-11-29T04:00,24.0,64,24.9,0.0,0.0,3,91,9.9,65,19.076,72.8777
2025-11-29T05:00,23.6,64,24.5,0.0,0.0,3,98,8.9,58,19.076,72.8777
2025-11-29T06:00,23.3,64,24.1,0.0,0.0,3,100,8.4,62,19.076,72.8777
2025-11-29T07:00,23.2,63,24.0,0.0,0.0,3,100,8.4,70,19.076,72.8777
2025-11-29T08:00,24.0,61,25.0,0.0,0.0,1,30,7.2,78,19.076,72.8777
2025-11-29T09:00,26.4,50,27.1,0.0,0.0,3,99,7.0,80,19.076,72.8777
2025-11-29T10:00,28.8,39,29.0,0.0,0.0,3,100,5.8,81,19.076,72.8777
2025-11-29T11:00,30.2,33,31.4,0.0,0.0,3,100,2.4,103,19.076,72.8777
2025-11-29T12:00,32.3,26,33.6,0.0,0.0,3,99,1.0,292,19.076,72.8777
2025-11-29T13:00,32.9,21,32.8,0.0,0.0,3,100,4.0,300,19.076,72.8777
2025-11-29T14:00,32.9,20,31.8,0.0,0.0,3,100,5.7,294,19.076,72.8777
2025-11-29T15:00,31.4,34,31.3,0.0,0.0,0,2,8.2,296,19.076,72.8777
2025-11-29T16:00,30.0,48,31.5,0.0,0.0,3,97,9.1,300,19.076,72.8777
2025-11-29T17:00,29.3,50,31.3,0.0,0.0,3,99,5.4,300,19.076,72.8777
2025-11-29T18:00,28.1,60,30.8,0.0,0.0,3,100,6.4,322,19.076,72.8777
2025-11-29T19:00,27.4,63,30.1,0.0,0.0,3,100,7.4,346,19.076,72.8777
2025-11-29T20:00,27.3,48,27.9,0.0,0.0,2,63,7.8,22,19.076,72.8777
2025-11-29T21:00,27.4,32,25.5,0.0,0.0,0,0,11.2,44,19.076,72.8777
2025-11-29T22:00,26.8,35,25.1,0.0,0.0,0,0,11.6,53,19.076,72.8777
2025-11-29T23:00,25.9,38,24.8,0.0,0.0,0,0,8.7,63,19.076,72.8777
2025-11-30T00:00,24.7,43,24.0,0.0,0.0,0,0,7.3,60,19.076,72.8777
2025-11-30T01:00,23.6,48,23.2,0.0,0.0,0,0,6.2,68,19.076,72.8777
2025-11-30T02:00,22.6,53,22.5,0.0,0.0,0,5,6.1,60,19.076,72.8777
2025-11-30T03:00,21.9,56,21.8,0.0,0.0,2,60,6.4,65,19.076,72.8777
2025-11-30T04:00,21.1,59,21.1,0.0,0.0,3,100,6.3,66,19.076,72.8777
2025-11-30T05:00,20.8,58,20.5,0.0,0.0,0,5,7.1,71,19.076,72.8777
2025-11-30T06:00,20.4,60,20.1,0.0,0.0,0,0,6.6,64,19.076,72.8777
2025-11-30T07:00,20.4,59,20.0,0.0,0.0,0,2,7.2,65,19.076,72.8777
2025-11-30T08:00,21.8,54,21.5,0.0,0.0,0,13,6.8,63,19.076,72.8777
2025-11-30T09:00,24.8,44,24.5,0.0,0.0,0,0,5.1,72,19.076,72.8777
2025-11-30T10:00,27.9,32,27.3,0.0,0.0,0,0,3.5,81,19.076,72.8777
2025-11-30T11:00,29.8,25,29.5,0.0,0.0,0,0,4.0,95,19.076,72.8777
2025-11-30T12:00,31.5,21,31.7,0.0,0.0,1,22,1.7,108,19.076,72.8777
2025-11-30T13:00,32.0,20,31.9,0.0,0.0,3,80,2.8,285,19.076,72.8777
2025-11-30T14:00,31.3,27,30.7,0.0,0.0,3,100,9.1,291,19.076,72.8777
2025-11-30T15:00,30.3,32,29.2,0.0,0.0,3,100,11.2,292,19.076,72.8777
2025-11-30T16:00,28.8,40,28.1,0.0,0.0,3,99,13.3,303,19.076,72.8777
2025-11-30T17:00,27.2,51,27.7,0.0,0.0,3,99,11.6,306,19.076,72.8777
2025-11-30T18:00,26.1,54,26.6,0.0,0.0,3,98,10.7,329,19.076,72.8777
2025-11-30T19:00,25.6,61,26.6,0.0,0.0,3,95,12.0,336,19.076,72.8777
2025-11-30T20:00,25.2,67,26.8,0.0,0.0,3,95,11.1,340,19.076,72.8777
2025-11-30T21:00,24.8,70,26.7,0.0,0.0,3,93,10.4,340,19.076,72.8777
2025-11-30T22:00,23.9,74,26.5,0.0,0.0,0,8,4.9,2,19.076,72.8777
2025-11-30T23:00,23.3,74,25.8,0.0,0.0,1,47,3.6,49,19.076,72.8777
2025-12-01T00:00,22.8,65,24.1,0.0,0.0,1,31,4.0,72,19.076,72.8777
2025-12-01T01:00,22.6,56,22.7,0.0,0.0,1,41,6.6,77,19.076,72.8777
2025-12-01T02:00,21.6,55,21.5,0.0,0.0,2,62,4.4,63,19.076,72.8777
2025-12-01T03:00,20.9,56,20.8,0.0,0.0,3,100,4.5,61,19.076,72.8777
2025-12-01T04:00,20.9,56,20.4,0.0,0.0,3,86,6.7,59,19.076,72.8777
2025-12-01T05:00,20.2,59,19.7,0.0,0.0,0,3,7.1,63,19.076,72.8777
2025-12-01T06:00,19.7,61,19.5,0.0,0.0,0,13,5.7,62,19.076,72.8777
2025-12-01T07:00,19.6,62,19.3,0.0,0.0,2,75,6.7,59,19.076,72.8777
2025-12-01T08:00,21.1,60,20.7,0.0,0.0,3,86,9.0,52,19.076,72.8777
2025-12-01T09:00,24.4,49,24.2,0.0,0.0,2,67,7.7,60,19.076,72.8777
2025-12-01T10:00,27.9,37,27.2,0.0,0.0,0,12,8.9,71,19.076,72.8777
2025-12-01T11:00,30.7,27,30.4,0.0,0.0,3,98,6.5,77,19.076,72.8777
2025-12-01T12:00,32.4,20,32.5,0.0,0.0,2,53,2.5,8,19.076,72.8777
2025-12-01T13:00,32.5,21,32.0,0.0,0.0,1,27,6.7,306,19.076,72.8777
2025-12-01T14:00,31.9,26,31.1,0.0,0.0,3,85,10.5,303,19.076,72.8777
2025-12-01T15:00,30.4,34,29.4,0.0,0.0,0,4,13.4,307,19.076,72.8777
2025-12-01T16:00,28.9,41,28.4,0.0,0.0,0,16,13.2,314,19.076,72.8777
2025-12-01T17:00,27.8,50,28.6,0.0,0.0,3,83,9.4,318,19.076,72.8777
2025-12-01T18:00,26.8,55,28.0,0.0,0.0,0,0,8.8,334,19.076,72.8777
2025-12-01T19:00,26.3,57,27.4,0.0,0.0,2,70,9.2,343,19.076,72.8777
2025-12-01T20:00,25.7,57,26.4,0.0,0.0,3,100,10.4,349,19.076,72.8777
2025-12-01T21:00,25.1,55,25.7,0.0,0.0,3,100,8.5,356,19.076,72.8777
2025-12-01T22:00,24.3,55,25.3,0.0,0.0,1,23,3.7,14,19.076,72.8777
2025-12-01T23:00,23.6,62,25.2,0.0,0.0,0,9,2.7,20,19.076,72.8777
2025-12-02T00:00,22.9,64,24.7,0.0,0.0,2,65,1.4,337,19.076,72.8777
2025-12-02T01:00,22.5,67,24.4,0.0,0.0,3,96,1.3,344,19.076,72.8777
2025-12-02T02:00,21.7,70,23.4,0.0,0.0,3,100,2.7,37,19.076,72.8777
2025-12-02T03:00,21.2,69,22.5,0.0,0.0,3,97,2.8,27,19.076,72.8777
2025-12-02T04:00,20.5,67,21.3,0.0,0.0,3,95,3.4,32,19.076,72.8777
2025-12-02T05:00,20.1,62,20.1,0.0,0.0,3,100,5.2,34,19.076,72.8777
2025-12-02T06:00,19.9,62,19.9,0.0,0.0,3,100,4.6,36,19.076,72.8777
2025-12-02T07:00,20.1,60,19.9,0.0,0.0,3,100,6.0,37,19.076,72.8777
2025-12-02T08:00,21.9,54,21.6,0.0,0.0,3,98,6.2,38,19.076,72.8777
2025-12-02T09:00,25.0,43,24.7,0.0,0.0,3,95,5.1,39,19.076,72.8777
2025-12-02T10:00,28.3,33,27.6,0.0,0.0,3,91,6.0,25,19.076,72.8777
2025-12-02T11:00,30.4,28,30.1,0.0,0.0,3,98,5.5,17,19.076,72.8777
2025-12-02T12:00,31.9,24,31.8,0.0,0.0,3,97,5.4,358,19.076,72.8777
2025-12-02T13:00,32.3,23,31.8,0.0,0.0,3,99,7.2,338,19.076,72.8777
2025-12-02T14:00,32.0,27,31.2,0.0,0.0,1,43,9.5,323,19.076,72.8777
2025-12-02T15:00,30.5,42,30.7,0.0,0.0,3,99,12.9,317,19.076,72.8777
2025-12-02T16:00,29.5,47,30.3,0.0,0.0,2,60,11.6,318,19.076,72.8777
2025-12-02T17:00,28.3,57,30.3,0.0,0.0,3,88,8.5,308,19.076,72.8777
2025-12-02T18:00,26.4,72,29.3,0.0,0.0,3,98,10.2,321,19.076,72.8777
2025-12-02T19:00,25.9,73,28.5,0.0,0.0,3,100,10.6,337,19.076,72.8777
2025-12-02T20:00,25.4,70,27.6,0.0,0.0,0,3,9.6,343,19.076,72.8777
2025-12-02T21:00,25.0,67,26.9,0.0,0.0,0,18,7.8,351,19.076,72.8777
2025-12-02T22:00,24.3,63,25.5,0.0,0.0,1,32,7.2,357,19.076,72.8777
2025-12-02T23:00,23.6,61,24.4,0.0,0.0,0,5,7.2,348,19.076,72.8777
2025-12-03T00:00,22.8,62,23.8,0.0,0.0,0,3,4.6,9,19.076,72.8777
2025-12-03T01:00,22.1,63,23.0,0.0,0.0,0,11,4.1,15,19.076,72.8777
2025-12-03T02:00,21.7,61,22.1,0.0,0.0,2,72,5.8,20,19.076,72.8777
2025-12-03T03:00,21.2,60,21.3,0.0,0.0,3,99,6.0,33,19.076,72.8777
2025-12-03T04:00,20.5,61,20.4,0.0,0.0,1,20,6.6,41,19.076,72.8777
2025-12-03T05:00,20.2,61,19.9,0.0,0.0,0,14,6.8,55,19.076,72.8777
2025-12-03T06:00,20.2,61,19.8,0.0,0.0,0,0,7.3,57,19.076,72.8777
2025-12-03T07:00,20.4,60,19.8,0.0,0.0,0,0,8.8,51,19.076,72.8777
2025-12-03T08:00,22.1,55,21.4,0.0,0.0,0,0,10.4,53,19.076,72.8777
2025-12-03T09:00,25.4,45,24.9,0.0,0.0,0,0,8.6,61,19.076,72.8777
2025-12-03T10:00,28.9,35,28.1,0.0,0.0,0,0,9.1,69,19.076,72.8777
2025-12-03T11:00,31.3,29,30.9,0.0,0.0,0,0,9.7,75,19.076,72.8777
2025-12-03T12:00,32.8,24,32.8,0.0,0.0,0,0,6.9,65,19.076,72.8777
2025-12-03T13:00,33.2,22,33.6,0.0,0.0,0,0,3.1,40,19.076,72.8777
2025-12-03T14:00,33.3,22,33.4,0.0,0.0,0,0,2.0,297,19.076,72.8777
2025-12-03T15:00,32.4,27,31.6,0.0,0.0,0,0,7.6,295,19.076,72.8777
2025-12-03T16:00,30.5,43,31.0,0.0,0.0,0,0,11.3,309,19.076,72.8777
2025-12-03T17:00,29.3,50,30.5,0.0,0.0,0,0,10.2,319,19.076,72.8777
2025-12-03T18:00,27.9,54,28.9,0.0,0.0,0,0,11.6,334,19.076,72.8777
2025-12-03T19:00,27.4,48,27.3,0.0,0.0,0,0,12.3,346,19.076,72.8777
2025-12-03T20:00,26.6,53,27.1,0.0,0.0,0,0,11.3,351,19.076,72.8777
2025-12-03T21:00,26.1,56,26.9,0.0,0.0,0,0,10.6,342,19.076,72.8777
2025-12-03T22:00,25.3,59,26.2,0.0,0.0,0,0,9.5,21,19.076,72.8777
2025-12-03T23:00,25.1,58,26.2,0.0,0.0,0,0,7.1,45,19.076,72.8777
2025-12-04T00:00,24.7,56,25.6,0.0,0.0,0,0,5.8,60,19.076,72.8777
2025-12-04T01:00,24.2,55,24.7,0.0,0.0,0,0,6.4,52,19.076,72.8777
2025-12-04T02:00,23.7,54,23.7,0.0,0.0,0,0,8.5,52,19.076,72.8777
2025-12-04T03:00,23.2,54,23.0,0.0,0.0,0,0,8.8,59,19.076,72.8777
2025-12-04T04:00,22.5,55,22.3,0.0,0.0,0,0,8.2,57,19.076,72.8777
2025-12-04T05:00,22.2,56,21.9,0.0,0.0,0,0,8.4,56,19.076,72.8777
2025-12-04T06:00,21.9,57,21.5,0.0,0.0,0,0,9.4,58,19.076,72.8777
2025-12-04T07:00,22.0,57,21.4,0.0,0.0,0,0,10.7,61,19.076,72.8777
2025-12-04T08:00,23.5,53,23.2,0.0,0.0,0,0,9.6,67,19.076,72.8777
2025-12-04T09:00,26.6,45,26.5,0.0,0.0,0,0,8.9,72,19.076,72.8777
2025-12-04T10:00,29.4,39,29.1,0.0,0.0,0,0,11.0,76,19.076,72.8777
2025-12-04T11:00,31.6,35,32.0,0.0,0.0,0,0,10.3,86,19.076,72.8777
2025-12-04T12:00,33.1,30,34.1,0.0,0.0,0,0,7.2,78,19.076,72.8777
2025-12-04T13:00,33.7,28,34.9,0.0,0.0,0,0,4.0,32,19.076,72.8777
2025-12-04T14:00,33.6,27,34.1,0.0,0.0,0,0,5.2,326,19.076,72.8777
2025-12-04T15:00,33.2,28,32.7,0.0,0.0,0,0,8.1,323,19.076,72.8777
2025-12-04T16:00,31.1,43,31.6,0.0,0.0,0,0,12.7,327,19.076,72.8777
2025-12-04T17:00,30.1,47,31.2,0.0,0.0,0,0,11.0,337,19.076,72.8777
2025-12-04T18:00,28.8,49,29.4,0.0,0.0,0,0,12.5,342,19.076,72.8777
2025-12-04T19:00,27.9,48,27.9,0.0,0.0,0,0,13.8,351,19.076,72.8777
2025-12-04T20:00,27.2,53,27.7,0.0,0.0,0,0,12.5,345,19.076,72.8777
2025-12-04T21:00,26.7,54,27.4,0.0,0.0,0,0,11.3,343,19.076,72.8777
2025-12-04T22:00,26.2,55,26.9,0.0,0.0,0,0,9.9,360,19.076,72.8777
2025-12-04T23:00,25.5,55,26.2,0.0,0.0,0,0,8.8,23,19.076,72.8777
2025-12-05T00:00,25.3,54,25.9,0.0,0.0,0,0,8.1,47,19.076,72.8777
2025-12-05T01:00,25.0,55,25.8,0.0,0.0,0,0,6.4,72,19.076,72.8777
2025-12-05T02:00,24.4,56,25.0,0.0,0.0,0,0,7.6,54,19.076,72.8777
2025-12-05T03:00,23.9,59,24.5,0.0,0.0,0,0,7.9,51,19.076,72.8777
2025-12-05T04:00,23.4,60,23.8,0.0,0.0,0,0,9.5,61,19.076,72.8777
2025-12-05T05:00,23.2,61,23.3,0.0,0.0,0,0,11.4,59,19.076,72.8777
2025-12-05T06:00,23.1,61,23.1,0.0,0.0,0,0,11.5,61,19.076,72.8777
2025-12-05T07:00,23.1,61,23.2,0.0,0.0,0,0,11.3,61,19.076,72.8777
2025-12-05T08:00,24.4,57,24.8,0.0,0.0,0,0,9.1,65,19.076,72.8777
2025-12-05T09:00,27.2,48,27.7,0.0,0.0,0,0,8.8,75,19.076,72.8777
2025-12-05T10:00,29.8,42,29.9,0.0,0.0,0,0,10.8,79,19.076,72.8777
2025-12-05T11:00,31.8,38,32.7,0.0,0.0,0,0,10.6,87,19.076,72.8777
2025-12-05T12:00,33.5,33,35.0,0.0,0.0,0,0,7.6,90,19.076,72.8777
2025-12-05T13:00,34.1,30,36.0,0.0,0.0,0,0,3.5,55,19.076,72.8777
2025-12-05T14:00,34.1,29,35.1,0.0,0.0,0,1,4.8,335,19.076,72.8777
2025-12-05T15:00,33.7,30,33.6,0.0,0.0,0,0,8.7,336,19.076,72.8777
2025-12-05T16:00,32.0,42,33.0,0.0,0.0,0,0,11.4,336,19.076,72.8777
2025-12-05T17:00,30.9,49,32.6,0.0,0.0,0,1,10.9,344,19.076,72.8777
2025-12-05T18:00,29.6,51,30.9,0.0,0.0,0,3,13.0,340,19.076,72.8777
2025-12-05T19:00,28.8,51,29.6,0.0,0.0,0,2,12.9,337,19.076,72.8777
2025-12-05T20:00,28.5,46,28.6,0.0,0.0,0,6,13.1,352,19.076,72.8777
2025-12-05T21:00,28.0,41,27.4,0.0,0.0,0,11,12.0,12,19.076,72.8777
2025-12-05T22:00,27.3,45,27.0,0.0,0.0,0,9,10.8,24,19.076,72.8777
2025-12-05T23:00,26.8,49,27.3,0.0,0.0,0,5,8.4,53,19.076,72.8777
2025-12-06T00:00,26.1,52,27.2,0.0,0.0,0,4,5.6,48,19.076,72.8777
2025-12-06T01:00,25.5,55,26.4,0.0,0.0,0,6,6.9,53,19.076,72.8777
2025-12-06T02:00,24.7,58,25.4,0.0,0.0,0,7,8.1,59,19.076,72.8777
2025-12-06T03:00,24.1,59,24.6,0.0,0.0,0,9,9.3,58,19.076,72.8777
2025-12-06T04:00,23.6,60,24.0,0.0,0.0,0,9,9.5,61,19.076,72.8777
2025-12-06T05:00,23.6,59,23.8,0.0,0.0,0,16,10.2,60,19.076,72.8777
2025-12-06T06:00,23.4,58,23.3,0.0,0.0,3,85,10.8,60,19.076,72.8777
2025-12-06T07:00,23.3,56,23.1,0.0,0.0,3,93,10.9,63,19.076,72.8777
2025-12-06T08:00,24.5,52,24.5,0.0,0.0,3,99,9.1,63,19.076,72.8777
2025-12-06T09:00,27.1,44,27.0,0.0,0.0,3,100,8.7,76,19.076,72.8777
2025-12-06T10:00,29.2,37,28.7,0.0,0.0,3,100,10.0,81,19.076,72.8777
2025-12-06T11:00,31.2,33,31.1,0.0,0.0,3,100,9.4,94,19.076,72.8777
2025-12-06T12:00,32.6,30,33.1,0.0,0.0,3,100,6.5,87,19.076,72.8777
2025-12-06T13:00,33.0,29,34.1,0.0,0.0,3,94,2.0,333,19.076,72.8777
2025-12-06T14:00,32.7,30,33.0,0.0,0.0,3,100,6.6,305,19.076,72.8777
2025-12-06T15:00,32.4,32,32.2,0.0,0.0,3,100,8.6,299,19.076,72.8777
2025-12-06T16:00,29.9,48,30.7,0.0,0.0,3,99,13.0,321,19.076,72.8777
2025-12-06T17:00,29.0,52,30.4,0.0,0.0,3,99,10.8,322,19.076,72.8777
2025-12-06T18:00,27.6,56,28.8,0.0,0.0,3,100,11.9,338,19.076,72.8777
2025-12-06T19:00,27.5,49,27.5,0.0,0.0,3,100,12.9,344,19.076,72.8777
2025-12-06T20:00,27.0,53,27.4,0.0,0.0,3,100,12.9,345,19.076,72.8777
2025-12-06T21:00,26.6,57,27.5,0.0,0.0,3,100,11.4,341,19.076,72.8777
2025-12-06T22:00,25.8,59,27.1,0.0,0.0,3,100,8.4,350,19.076,72.8777
2025-12-06T23:00,25.3,59,26.6,0.0,0.0,3,100,7.2,1,19.076,72.8777
2025-12-07T00:00,25.1,55,26.2,0.0,0.0,3,100,5.4,48,19.076,72.8777
2025-12-07T01:00,24.8,51,25.2,0.0,0.0,3,100,5.9,59,19.076,72.8777
2025-12-07T02:00,24.0,49,23.8,0.0,0.0,3,100,6.9,51,19.076,72.8777
2025-12-07T03:00,23.5,47,22.7,0.0,0.0,3,100,8.3,60,19.076,72.8777
2025-12-07T04:00,23.2,46,22.1,0.0,0.0,3,100,8.6,75,19.076,72.8777
2025-12-07T05:00,22.6,48,21.9,0.0,0.0,3,99,7.0,67,19.076,72.8777
2025-12-07T06:00,22.1,49,21.3,0.0,0.0,3,100,7.7,54,19.076,72.8777
2025-12-07T07:00,21.8,50,20.7,0.0,0.0,3,97,9.0,57,19.076,72.8777
2025-12-07T08:00,23.1,47,22.1,0.0,0.0,3,80,8.7,66,19.076,72.8777
2025-12-07T09:00,26.0,40,25.3,0.0,0.0,0,0,7.4,67,19.076,72.8777
2025-12-07T10:00,29.2,32,28.2,0.0,0.0,0,0,8.3,77,19.076,72.8777
2025-12-07T11:00,31.2,28,30.6,0.0,0.0,0,0,9.2,97,19.076,72.8777
2025-12-07T12:00,32.9,24,32.6,0.0,0.0,0,0,8.5,122,19.076,72.8777
2025-12-07T13:00,33.5,23,33.7,0.0,0.0,0,0,5.4,159,19.076,72.8777
2025-12-07T14:00,33.6,23,33.4,0.0,0.0,0,0,4.6,222,19.076,72.8777
2025-12-07T15:00,32.3,31,31.9,0.0,0.0,0,0,9.4,259,19.076,72.8777
2025-12-07T16:00,30.4,41,30.6,0.0,0.0,0,0,11.2,286,19.076,72.8777
2025-12-07T17:00,28.6,50,29.5,0.0,0.0,0,0,10.9,316,19.076,72.8777
2025-12-07T18:00,26.9,55,27.9,0.0,0.0,0,0,10.2,330,19.076,72.8777
2025-12-07T19:00,26.1,67,28.1,0.0,0.0,0,0,11.1,333,19.076,72.8777
2025-12-07T20:00,25.9,64,27.1,0.0,0.0,0,0,13.0,341,19.076,72.8777
2025-12-07T21:00,25.6,57,26.1,0.0,0.0,0,0,12.0,346,19.076,72.8777
2025-12-07T22:00,25.0,61,26.2,0.0,0.0,0,0,9.1,351,19.076,72.8777
2025-12-07T23:00,24.6,63,25.8,0.0,0.0,0,0,8.1,347,19.076,72.8777
2025-12-08T00:00,23.8,63,25.4,0.0,0.0,0,0,4.0,18,19.076,72.8777
2025-12-08T01:00,23.0,68,25.0,0.0,0.0,0,0,2.3,29,19.076,72.8777
2025-12-08T02:00,22.7,68,24.7,0.0,0.0,0,0,1.5,36,19.076,72.8777
2025-12-08T03:00,22.2,68,23.7,0.0,0.0,0,0,3.4,58,19.076,72.8777
2025-12-08T04:00,21.8,69,22.9,0.0,0.0,0,0,5.4,53,19.076,72.8777
2025-12-08T05:00,21.3,71,22.2,0.0,0.0,0,0,7.6,59,19.076,72.8777
2025-12-08T06:00,21.1,71,21.9,0.0,0.0,0,0,7.0,61,19.076,72.8777
2025-12-08T07:00,20.9,66,21.1,0.0,0.0,0,0,8.6,61,19.076,72.8777
2025-12-08T08:00,22.3,57,22.1,0.0,0.0,0,0,8.3,68,19.076,72.8777
2025-12-08T09:00,25.4,45,25.2,0.0,0.0,0,0,6.6,79,19.076,72.8777
2025-12-08T10:00,29.0,32,28.3,0.0,0.0,0,0,6.8,88,19.076,72.8777
2025-12-08T11:00,31.7,24,30.9,0.0,0.0,0,0,7.6,94,19.076,72.8777
2025-12-08T12:00,33.3,21,33.2,0.0,0.0,0,0,4.2,108,19.076,72.8777
2025-12-08T13:00,33.7,20,33.9,0.0,0.0,0,0,2.3,266,19.076,72.8777
2025-12-08T14:00,33.5,22,32.7,0.0,0.0,0,0,7.6,277,19.076,72.8777
2025-12-08T15:00,32.3,28,31.1,0.0,0.0,0,0,11.4,283,19.076,72.8777
2025-12-08T16:00,31.0,31,30.0,0.0,0.0,0,0,10.8,294,19.076,72.8777
2025-12-08T17:00,29.0,45,29.3,0.0,0.0,0,0,11.1,312,19.076,72.8777
2025-12-08T18:00,27.4,49,27.7,0.0,0.0,0,0,11.4,337,19.076,72.8777
2025-12-08T19:00,27.1,47,26.7,0.0,0.0,0,0,13.2,340,19.076,72.8777
2025-12-08T20:00,26.4,52,26.4,0.0,0.0,0,0,13.3,339,19.076,72.8777
2025-12-08T21:00,25.8,56,26.5,0.0,0.0,0,0,10.2,350,19.076,72.8777
2025-12-08T22:00,24.6,58,26.0,0.0,0.0,0,0,3.6,30,19.076,72.8777
2025-12-08T23:00,24.4,57,25.8,0.0,0.0,0,0,3.2,43,19.076,72.8777
2025-12-09T00:00,24.4,52,24.8,0.0,0.0,0,0,5.6,27,19.076,72.8777
2025-12-09T01:00,23.6,47,23.1,0.0,0.0,0,0,6.5,56,19.076,72.8777
2025-12-09T02:00,22.9,41,21.6,0.0,0.0,0,0,6.9,59,19.076,72.8777
2025-12-09T03:00,22.7,38,21.0,0.0,0.0,0,0,7.6,65,19.076,72.8777
2025-12-09T04:00,22.4,37,20.6,0.0,0.0,0,0,7.0,64,19.076,72.8777
2025-12-09T05:00,21.6,41,20.0,0.0,0.0,0,0,6.4,61,19.076,72.8777
2025-12-09T06:00,20.6,43,19.0,0.0,0.0,0,0,6.5,48,19.076,72.8777
2025-12-09T07:00,20.3,44,18.4,0.0,0.0,0,0,8.6,49,19.076,72.8777
2025-12-09T08:00,21.9,41,20.0,0.0,0.0,0,0,8.8,55,19.076,72.8777
2025-12-09T09:00,24.8,35,23.6,0.0,0.0,0,0,5.4,60,19.076,72.8777
2025-12-09T10:00,28.1,29,27.1,0.0,0.0,0,0,4.0,72,19.076,72.8777
2025-12-09T11:00,31.2,17,29.6,0.0,0.0,0,0,5.1,82,19.076,72.8777
2025-12-09T12:00,32.5,15,31.1,0.0,0.0,0,0,6.3,93,19.076,72.8777
2025-12-09T13:00,33.1,14,32.4,0.0,0.0,0,0,2.4,48,19.076,72.8777
2025-12-09T14:00,33.1,15,31.6,0.0,0.0,0,0,4.8,315,19.076,72.8777
2025-12-09T15:00,31.8,26,30.2,0.0,0.0,0,0,10.6,314,19.076,72.8777
2025-12-09T16:00,30.8,32,29.7,0.0,0.0,0,0,11.4,327,19.076,72.8777
2025-12-09T17:00,29.7,41,30.0,0.0,0.0,0,0,9.2,340,19.076,72.8777
2025-12-09T18:00,28.2,44,28.1,0.0,0.0,0,0,11.0,355,19.076,72.8777
2025-12-09T19:00,27.4,37,26.2,0.0,0.0,0,0,10.1,359,19.076,72.8777
2025-12-09T20:00,27.1,35,25.7,0.0,0.0,0,0,10.1,12,19.076,72.8777
2025-12-09T21:00,26.7,33,25.2,0.0,0.0,0,0,8.6,33,19.076,72.8777
2025-12-09T22:00,26.4,28,24.1,0.0,0.0,0,0,9.5,57,19.076,72.8777
2025-12-09T23:00,25.7,29,23.7,0.0,0.0,0,0,7.6,62,19.076,72.8777
2025-12-10T00:00,24.5,31,22.5,0.0,0.0,0,0,7.6,56,19.076,72.8777
2025-12-10T01:00,23.5,34,21.6,0.0,0.0,0,0,6.8,53,19.076,72.8777
2025-12-10T02:00,22.8,36,20.9,0.0,0.0,0,0,8.0,50,19.076,72.8777
2025-12-10T03:00,22.3,39,20.4,0.0,0.0,0,0,8.4,50,19.076,72.8777
2025-12-10T04:00,21.7,41,19.8,0.0,0.0,0,0,9.0,47,19.076,72.8777
2025-12-10T05:00,21.3,42,19.5,0.0,0.0,0,0,8.3,49,19.076,72.8777
2025-12-10T06:00,20.7,44,18.9,0.0,0.0,0,0,8.5,61,19.076,72.8777
2025-12-10T07:00,20.7,44,18.9,0.0,0.0,0,0,8.5,55,19.076,72.8777
2025-12-10T08:00,22.1,41,20.3,0.0,0.0,0,0,8.7,52,19.076,72.8777
2025-12-10T09:00,24.7,36,23.5,0.0,0.0,0,0,5.3,66,19.076,72.8777
2025-12-10T10:00,28.0,28,26.8,0.0,0.0,0,0,4.2,70,19.076,72.8777
2025-12-10T11:00,30.8,18,29.4,0.0,0.0,0,0,4.5,43,19.076,72.8777
2025-12-10T12:00,32.6,14,31.1,0.0,0.0,0,0,5.8,54,19.076,72.8777
2025-12-10T13:00,33.3,12,31.9,0.0,0.0,0,0,3.8,360,19.076,72.8777
2025-12-10T14:00,33.2,13,31.3,0.0,0.0,0,0,5.3,305,19.076,72.8777
2025-12-10T15:00,32.0,21,29.8,0.0,0.0,0,0,9.6,304,19.076,72.8777
2025-12-10T16:00,29.8,31,28.2,0.0,0.0,0,0,12.5,321,19.076,72.8777
2025-12-10T17:00,29.0,35,27.9,0.0,0.0,0,0,11.5,316,19.076,72.8777
2025-12-10T18:00,27.2,42,26.5,0.0,0.0,0,0,11.5,330,19.076,72.8777
2025-12-10T19:00,26.4,49,26.5,0.0,0.0,0,0,9.9,333,19.076,72.8777
2025-12-10T20:00,26.0,50,26.4,0.0,0.0,0,0,8.2,352,19.076,72.8777
2025-12-10T21:00,25.6,43,25.2,0.0,0.0,0,0,7.2,14,19.076,72.8777
2025-12-10T22:00,25.3,33,23.7,0.0,0.0,0,0,7.8,40,19.076,72.8777
2025-12-10T23:00,24.8,31,23.0,0.0,0.0,0,0,6.5,48,19.076,72.8777
2025-12-11T00:00,23.6,34,21.9,0.0,0.0,0,0,5.8,54,19.076,72.8777
2025-12-11T01:00,22.4,37,20.7,0.0,0.0,0,0,5.9,63,19.076,72.8777
2025-12-11T02:00,21.5,39,19.7,0.0,0.0,0,0,7.2,53,19.076,72.8777
2025-12-11T03:00,20.9,42,19.0,0.0,0.0,0,0,8.1,47,19.076,72.8777
2025-12-11T04:00,20.4,44,18.6,0.0,0.0,0,0,8.0,40,19.076,72.8777
2025-12-11T05:00,20.8,43,18.9,0.0,0.0,0,0,8.8,51,19.076,72.8777
2025-12-11T06:00,20.5,44,18.5,0.0,0.0,0,0,9.6,60,19.076,72.8777
2025-12-11T07:00,20.4,45,18.3,0.0,0.0,0,0,10.2,60,19.076,72.8777
2025-12-11T08:00,21.7,42,19.8,0.0,0.0,0,0,9.3,71,19.076,72.8777
2025-12-11T09:00,24.1,37,22.8,0.0,0.0,0,0,6.0,81,19.076,72.8777
2025-12-11T10:00,27.7,28,26.2,0.0,0.0,0,0,5.7,81,19.076,72.8777
2025-12-11T11:00,30.5,20,29.0,0.0,0.0,0,0,7.3,81,19.076,72.8777
2025-12-11T12:00,32.3,14,30.8,0.0,0.0,0,0,5.8,86,19.076,72.8777
2025-12-11T13:00,32.9,13,31.9,0.0,0.0,0,0,2.1,75,19.076,72.8777
2025-12-11T14:00,33.0,13,31.4,0.0,0.0,0,0,3.3,292,19.076,72.8777
2025-12-11T15:00,32.2,18,29.7,0.0,0.0,0,0,7.9,286,19.076,72.8777
2025-12-11T16:00,30.7,24,28.6,0.0,0.0,0,0,10.7,301,19.076,72.8777
2025-12-11T17:00,28.7,41,28.3,0.0,0.0,0,0,11.3,318,19.076,72.8777
2025-12-11T18:00,26.8,45,26.3,0.0,0.0,0,0,12.1,337,19.076,72.8777
2025-12-11T19:00,25.9,47,25.4,0.0,0.0,0,0,11.6,348,19.076,72.8777
2025-12-11T20:00,25.3,54,25.3,0.0,0.0,0,0,11.8,347,19.076,72.8777
2025-12-11T21:00,24.8,49,24.2,0.0,0.0,0,0,11.2,355,19.076,72.8777
2025-12-11T22:00,24.0,46,23.2,0.0,0.0,0,0,8.3,13,19.076,72.8777
2025-12-11T23:00,23.0,48,22.3,0.0,0.0,0,0,7.7,21,19.076,72.8777
2025-12-12T00:00,22.2,49,21.7,0.0,0.0,0,0,5.5,41,19.076,72.8777
2025-12-12T01:00,21.5,50,21.0,0.0,0.0,0,0,4.8,70,19.076,72.8777
2025-12-12T02:00,21.2,48,20.2,0.0,0.0,0,0,6.0,57,19.076,72.8777
2025-12-12T03:00,20.7,45,19.1,0.0,0.0,0,0,7.9,45,19.076,72.8777
2025-12-12T04:00,20.0,45,18.3,0.0,0.0,0,0,7.6,45,19.076,72.8777
2025-12-12T05:00,19.8,48,18.3,0.0,0.0,0,0,7.1,60,19.076,72.8777
2025-12-12T06:00,19.1,50,17.7,0.0,0.0,0,0,6.1,71,19.076,72.8777
2025-12-12T07:00,18.9,51,17.6,0.0,0.0,0,0,6.5,66,19.076,72.8777
2025-12-12T08:00,20.2,48,18.7,0.0,0.0,0,0,7.8,58,19.076,72.8777
2025-12-12T09:00,23.6,40,22.3,0.0,0.0,0,0,6.9,60,19.076,72.8777
2025-12-12T10:00,27.4,29,26.0,0.0,0.0,0,0,5.1,72,19.076,72.8777
2025-12-12T11:00,30.0,23,29.0,0.0,0.0,0,0,5.6,92,19.076,72.8777
2025-12-12T12:00,31.9,17,31.5,0.0,0.0,0,0,1.5,60,19.076,72.8777
2025-12-12T13:00,32.4,16,31.5,0.0,0.0,0,0,3.8,287,19.076,72.8777
2025-12-12T14:00,31.9,20,30.4,0.0,0.0,0,0,8.2,285,19.076,72.8777
2025-12-12T15:00,30.5,29,28.9,0.0,0.0,0,0,11.6,289,19.076,72.8777
2025-12-12T16:00,29.3,31,27.6,0.0,0.0,0,0,12.1,307,19.076,72.8777
2025-12-12T17:00,27.5,39,26.4,0.0,0.0,0,0,11.8,326,19.076,72.8777
2025-12-12T18:00,25.7,52,25.7,0.0,0.0,0,0,11.8,333,19.076,72.8777
2025-12-12T19:00,25.3,59,26.0,0.0,0.0,0,0,11.6,332,19.076,72.8777
2025-12-12T20:00,24.9,59,25.5,0.0,0.0,0,0,11.4,345,19.076,72.8777
2025-12-12T21:00,24.5,53,24.7,0.0,0.0,0,0,7.9,3,19.076,72.8777
2025-12-12T22:00,24.0,46,23.6,0.0,0.0,0,0,5.7,13,19.076,72.8777
2025-12-12T23:00,22.9,51,22.9,0.0,0.0,0,0,3.8,352,19.076,72.8777
2025-12-13T00:00,22.0,53,22.1,0.0,0.0,0,0,3.6,9,19.076,72.8777
2025-12-13T01:00,21.5,57,22.0,0.0,0.0,0,0,2.4,48,19.076,72.8777
2025-12-13T02:00,20.9,59,21.4,0.0,0.0,0,0,2.6,65,19.076,72.8777
2025-12-13T03:00,20.2,60,20.3,0.0,0.0,0,0,3.3,68,19.076,72.8777
2025-12-13T04:00,19.5,62,19.6,0.0,0.0,0,0,3.5,55,19.076,72.8777
2025-12-13T05:00,19.1,67,19.4,0.0,0.0,0,0,4.2,59,19.076,72.8777
2025-12-13T06:00,19.3,65,19.5,0.0,0.0,0,0,4.4,63,19.076,72.8777
2025-12-13T07:00,19.4,62,19.2,0.0,0.0,0,0,5.8,68,19.076,72.8777
2025-12-13T08:00,21.0,54,20.3,0.0,0.0,0,0,7.8,61,19.076,72.8777
2025-12-13T09:00,24.0,43,23.2,0.0,0.0,0,0,6.8,63,19.076,72.8777
2025-12-13T10:00,27.8,31,26.8,0.0,0.0,0,0,5.2,70,19.076,72.8777
2025-12-13T11:00,30.9,23,29.8,0.0,0.0,0,0,6.6,106,19.076,72.8777
2025-12-13T12:00,32.7,18,31.8,0.0,0.0,0,0,5.3,128,19.076,72.8777
2025-12-13T13:00,33.0,17,32.3,0.0,0.0,0,0,3.4,227,19.076,72.8777
2025-12-13T14:00,32.3,22,31.0,0.0,0.0,0,0,9.4,262,19.076,72.8777
2025-12-13T15:00,30.5,33,29.5,0.0,0.0,0,0,11.6,283,19.076,72.8777
2025-12-13T16:00,29.7,29,28.2,0.0,0.0,0,0,9.7,297,19.076,72.8777
2025-12-13T17:00,28.3,34,27.2,0.0,0.0,0,0,8.7,302,19.076,72.8777
2025-12-13T18:00,26.3,53,26.5,0.0,0.0,0,0,12.0,330,19.076,72.8777
2025-12-13T19:00,25.5,64,26.5,0.0,0.0,0,0,13.3,335,19.076,72.8777
2025-12-13T20:00,25.2,59,25.6,0.0,0.0,0,0,13.1,348,19.076,72.8777
2025-12-13T21:00,25.0,48,24.6,0.0,0.0,0,0,9.9,358,19.076,72.8777
2025-12-13T22:00,24.3,44,24.0,0.0,0.0,0,0,4.8,20,19.076,72.8777
2025-12-13T23:00,23.5,51,24.0,0.0,0.0,0,0,2.9,360,19.076,72.8777
2025-12-14T00:00,22.7,52,22.9,0.0,0.0,0,0,2.9,349,19.076,72.8777
2025-12-14T01:00,22.4,53,22.9,0.0,0.0,0,0,1.5,7,19.076,72.8777
2025-12-14T02:00,21.8,56,22.5,0.0,0.0,0,0,1.0,68,19.076,72.8777
2025-12-14T03:00,20.6,59,20.8,0.0,0.0,0,0,3.8,93,19.076,72.8777
2025-12-14T04:00,20.0,61,20.2,0.0,0.0,0,0,3.4,65,19.076,72.8777
2025-12-14T05:00,20.5,60,20.4,0.0,0.0,0,0,5.6,69,19.076,72.8777
2025-12-14T06:00,19.9,61,19.6,0.0,0.0,0,0,5.9,78,19.076,72.8777
2025-12-14T07:00,19.7,60,19.1,0.0,0.0,0,0,7.4,83,19.076,72.8777
2025-12-14T08:00,21.2,53,20.4,0.0,0.0,3,88,8.1,84,19.076,72.8777
2025-12-14T09:00,24.8,42,23.9,0.0,0.0,1,31,8.3,91,19.076,72.8777
2025-12-14T10:00,28.5,30,26.9,0.0,0.0,1,21,9.7,119,19.076,72.8777
2025-12-14T11:00,30.3,26,29.0,0.0,0.0,1,23,9.7,138,19.076,72.8777
2025-12-14T12:00,31.6,23,31.2,0.0,0.0,3,80,6.8,143,19.076,72.8777
2025-12-14T13:00,32.2,23,32.4,0.0,0.0,3,98,3.6,183,19.076,72.8777
2025-12-14T14:00,32.4,22,32.1,0.0,0.0,3,94,3.6,243,19.076,72.8777
2025-12-14T15:00,31.7,25,30.2,0.0,0.0,0,12,9.2,287,19.076,72.8777
2025-12-14T16:00,30.4,29,28.8,0.0,0.0,0,1,11.7,304,19.076,72.8777
2025-12-14T17:00,28.6,34,27.4,0.0,0.0,0,0,10.5,308,19.076,72.8777
2025-12-14T18:00,27.2,35,25.7,0.0,0.0,0,0,10.7,337,19.076,72.8777
2025-12-14T19:00,26.4,48,25.9,0.0,0.0,0,0,13.4,340,19.076,72.8777
2025-12-14T20:00,25.8,49,25.0,0.0,0.0,0,0,14.2,352,19.076,72.8777
2025-12-14T21:00,25.2,46,24.1,0.0,0.0,0,0,13.7,359,19.076,72.8777
2025-12-14T22:00,25.1,42,23.8,0.0,0.0,0,0,11.9,360,19.076,72.8777
2025-12-14T23:00,24.4,44,23.5,0.0,0.0,0,0,9.2,17,19.076,72.8777
2025-12-15T00:00,23.6,47,22.9,0.0,0.0,0,0,7.7,16,19.076,72.8777
2025-12-15T01:00,22.5,52,22.5,0.0,0.0,0,0,4.7,50,19.076,72.8777
2025-12-15T02:00,21.7,56,21.7,0.0,0.0,0,0,5.2,65,19.076,72.8777
2025-12-15T03:00,21.0,59,20.8,0.0,0.0,0,0,6.9,67,19.076,72.8777
2025-12-15T04:00,20.4,62,20.2,0.0,0.0,0,0,7.4,61,19.076,72.8777
2025-12-15T05:00,20.5,61,20.2,0.0,0.0,1,45,7.4,58,19.076,72.8777
2025-12-15T06:00,20.1,62,19.7,0.0,0.0,1,44,7.5,60,19.076,72.8777
2025-12-15T07:00,19.7,61,19.2,0.0,0.0,2,75,7.6,62,19.076,72.8777
2025-12-15T08:00,21.1,54,20.2,0.0,0.0,0,8,8.9,71,19.076,72.8777
2025-12-15T09:00,24.0,44,23.3,0.0,0.0,0,0,6.9,70,19.076,72.8777
2025-12-15T10:00,27.3,35,26.5,0.0,0.0,0,0,6.4,72,19.076,72.8777
2025-12-15T11:00,30.1,26,28.9,0.0,0.0,0,0,9.1,82,19.076,72.8777
2025-12-15T12:00,31.6,21,30.7,0.0,0.0,0,0,8.0,85,19.076,72.8777
2025-12-15T13:00,32.2,20,31.9,0.0,0.0,0,0,3.6,37,19.076,72.8777
2025-12-15T14:00,32.5,19,31.4,0.0,0.0,0,0,5.1,350,19.076,72.8777
2025-12-15T15:00,32.6,18,30.5,0.0,0.0,0,0,5.8,5,19.076,72.8777
2025-12-15T16:00,30.7,29,29.2,0.0,0.0,0,0,11.3,335,19.076,72.8777
2025-12-15T17:00,29.1,38,28.6,0.0,0.0,0,0,9.7,335,19.076,72.8777
2025-12-15T18:00,27.3,44,26.7,0.0,0.0,0,0,12.2,333,19.076,72.8777
2025-12-15T19:00,26.4,42,25.3,0.0,0.0,0,0,12.4,344,19.076,72.8777
2025-12-15T20:00,25.8,46,25.4,0.0,0.0,0,0,9.6,348,19.076,72.8777
2025-12-15T21:00,25.4,41,24.5,0.0,0.0,0,0,8.6,22,19.076,72.8777
2025-12-15T22:00,25.6,32,23.5,0.0,0.0,0,0,10.2,44,19.076,72.8777
2025-12-15T23:00,25.4,31,23.4,0.0,0.0,0,0,8.0,70,19.076,72.8777
2025-12-16T00:00,23.7,35,22.1,0.0,0.0,0,0,5.6,50,19.076,72.8777
2025-12-16T01:00,23.0,37,21.2,0.0,0.0,0,0,7.3,42,19.076,72.8777
2025-12-16T02:00,21.7,41,20.3,0.0,0.0,0,0,5.3,52,19.076,72.8777
2025-12-16T03:00,20.9,44,19.6,0.0,0.0,0,0,5.9,50,19.076,72.8777
2025-12-16T04:00,20.5,46,18.9,0.0,0.0,0,0,7.7,60,19.076,72.8777
2025-12-16T05:00,20.5,47,18.8,0.0,0.0,0,0,8.7,76,19.076,72.8777
2025-12-16T06:00,19.9,49,18.2,0.0,0.0,0,0,9.6,70,19.076,72.8777
2025-12-16T07:00,19.5,51,17.7,0.0,0.0,0,0,10.6,66,19.076,72.8777
2025-12-16T08:00,20.7,49,19.0,0.0,0.0,0,0,11.0,67,19.076,72.8777
2025-12-16T09:00,24.3,40,22.9,0.0,0.0,0,0,9.4,86,19.076,72.8777
2025-12-16T10:00,27.4,34,25.6,0.0,0.0,0,0,12.5,102,19.076,72.8777
2025-12-16T11:00,29.5,29,27.9,0.0,0.0,0,0,14.4,116,19.076,72.8777
2025-12-16T12:00,31.0,26,30.0,0.0,0.0,0,0,11.7,124,19.076,72.8777
2025-12-16T13:00,32.0,24,31.5,0.0,0.0,0,0,8.8,129,19.076,72.8777
2025-12-16T14:00,32.8,23,32.3,0.0,0.0,0,0,5.7,134,19.076,72.8777
2025-12-16T15:00,32.9,22,32.2,0.0,0.0,0,0,1.0,135,19.076,72.8777
2025-12-16T16:00,31.3,29,30.3,0.0,0.0,0,0,8.4,301,19.076,72.8777
2025-12-16T17:00,28.5,43,28.5,0.0,0.0,0,0,10.6,291,19.076,72.8777
2025-12-16T18:00,27.1,46,27.2,0.0,0.0,0,0,9.0,313,19.076,72.8777
2025-12-16T19:00,26.0,56,26.3,0.0,0.0,0,0,13.1,337,19.076,72.8777
2025-12-16T20:00,25.5,56,25.7,0.0,0.0,0,0,12.5,339,19.076,72.8777
2025-12-16T21:00,25.0,56,25.1,0.0,0.0,0,0,12.6,347,19.076,72.8777
2025-12-16T22:00,24.3,60,24.9,0.0,0.0,0,0,10.1,356,19.076,72.8777
2025-12-16T23:00,23.6,61,24.5,0.0,0.0,0,0,6.7,8,19.076,72.8777
2025-12-17T00:00,23.1,59,23.9,0.0,0.0,0,0,5.0,44,19.076,72.8777
2025-12-17T01:00,22.7,57,23.0,0.0,0.0,0,0,6.0,46,19.076,72.8777
2025-12-17T02:00,22.4,55,22.3,0.0,0.0,0,0,6.9,53,19.076,72.8777
2025-12-17T03:00,22.0,53,21.6,0.0,0.0,0,0,6.9,67,19.076,72.8777
2025-12-17T04:00,21.3,54,20.8,0.0,0.0,0,0,6.6,64,19.076,72.8777
2025-12-17T05:00,21.0,54,20.4,0.0,0.0,0,0,7.0,67,19.076,72.8777
2025-12-17T06:00,20.6,56,20.0,0.0,0.0,0,0,7.5,66,19.076,72.8777
2025-12-17T07:00,20.6,56,19.8,0.0,0.0,0,0,8.1,69,19.076,72.8777
2025-12-17T08:00,22.0,52,21.3,0.0,0.0,0,0,8.4,74,19.076,72.8777
2025-12-17T09:00,24.7,45,24.4,0.0,0.0,0,0,5.8,83,19.076,72.8777
2025-12-17T10:00,28.2,36,27.9,0.0,0.0,0,0,4.9,90,19.076,72.8777
2025-12-17T11:00,30.8,31,31.0,0.0,0.0,0,0,5.6,105,19.076,72.8777
2025-12-17T12:00,32.5,28,33.7,0.0,0.0,0,0,2.3,151,19.076,72.8777
2025-12-17T13:00,33.1,25,33.8,0.0,0.0,0,0,3.4,252,19.076,72.8777
2025-12-17T14:00,33.0,26,32.9,0.0,0.0,0,0,7.4,270,19.076,72.8777
2025-12-17T15:00,32.1,31,31.4,0.0,0.0,0,0,10.1,281,19.076,72.8777
2025-12-17T16:00,30.9,34,30.3,0.0,0.0,0,0,10.5,295,19.076,72.8777
2025-12-17T17:00,29.1,41,28.8,0.0,0.0,0,0,11.5,315,19.076,72.8777
2025-12-17T18:00,27.2,51,27.6,0.0,0.0,0,0,11.9,330,19.076,72.8777
2025-12-17T19:00,27.0,51,27.2,0.0,0.0,0,0,12.2,336,19.076,72.8777
2025-12-17T20:00,26.7,52,27.3,0.0,0.0,0,0,10.3,333,19.076,72.8777
2025-12-17T21:00,26.2,57,27.3,0.0,0.0,0,0,9.0,337,19.076,72.8777
2025-12-17T22:00,25.3,60,27.0,0.0,0.0,0,0,4.2,350,19.076,72.8777
2025-12-17T23:00,24.5,60,26.2,0.0,0.0,0,0,3.6,49,19.076,72.8777
2025-12-18T00:00,24.3,53,24.9,0.0,0.0,0,0,4.4,55,19.076,72.8777
2025-12-18T01:00,23.7,51,23.9,0.0,0.0,0,0,4.6,64,19.076,72.8777
2025-12-18T02:00,23.0,51,23.0,0.0,0.0,0,0,4.4,52,19.076,72.8777
2025-12-18T03:00,22.3,51,22.1,0.0,0.0,0,0,5.0,46,19.076,72.8777
2025-12-18T04:00,21.6,52,21.3,0.0,0.0,0,0,4.7,50,19.076,72.8777
2025-12-18T05:00,21.1,55,20.8,0.0,0.0,0,0,5.7,62,19.076,72.8777
2025-12-18T06:00,20.3,57,19.8,0.0,0.0,0,0,6.8,55,19.076,72.8777
2025-12-18T07:00,20.0,57,19.2,0.0,0.0,0,0,8.4,56,19.076,72.8777
2025-12-18T08:00,21.4,52,20.3,0.0,0.0,0,0,9.9,63,19.076,72.8777
2025-12-18T09:00,24.5,43,23.6,0.0,0.0,0,0,8.3,74,19.076,72.8777
2025-12-18T10:00,28.5,32,27.6,0.0,0.0,0,0,5.6,83,19.076,72.8777
2025-12-18T11:00,30.8,25,30.7,0.0,0.0,0,0,3.3,54,19.076,72.8777
2025-12-18T12:00,32.9,19,33.0,0.0,0.0,0,0,1.4,320,19.076,72.8777
2025-12-18T13:00,33.1,20,32.8,0.0,0.0,0,0,4.9,294,19.076,72.8777
2025-12-18T14:00,32.5,26,32.1,0.0,0.0,0,0,9.0,290,19.076,72.8777
2025-12-18T15:00,31.5,31,30.5,0.0,0.0,0,0,10.8,296,19.076,72.8777
2025-12-18T16:00,29.8,36,29.2,0.0,0.0,0,0,10.9,306,19.076,72.8777
2025-12-18T17:00,28.6,48,29.3,0.0,0.0,0,0,10.1,311,19.076,72.8777
2025-12-18T18:00,26.4,54,27.1,0.0,0.0,0,0,10.1,336,19.076,72.8777
2025-12-18T19:00,26.2,47,25.8,0.0,0.0,0,0,11.9,345,19.076,72.8777
2025-12-18T20:00,26.0,49,25.7,0.0,0.0,0,0,11.8,349,19.076,72.8777
2025-12-18T21:00,25.3,56,26.0,0.0,0.0,0,0,8.5,360,19.076,72.8777
2025-12-18T22:00,24.3,60,25.4,0.0,0.0,0,0,5.9,14,19.076,72.8777
2025-12-18T23:00,23.5,61,24.6,0.0,0.0,0,0,5.1,42,19.076,72.8777
2025-12-19T00:00,23.2,55,23.4,0.0,0.0,0,0,6.7,66,19.076,72.8777
2025-12-19T01:00,22.8,46,21.9,0.0,0.0,0,0,7.4,64,19.076,72.8777
2025-12-19T02:00,22.1,42,20.6,0.0,0.0,0,0,6.9,62,19.076,72.8777
2025-12-19T03:00,21.3,42,19.8,0.0,0.0,0,0,6.3,63,19.076,72.8777
2025-12-19T04:00,20.6,43,19.1,0.0,0.0,0,0,6.2,57,19.076,72.8777
2025-12-19T05:00,20.9,41,18.9,0.0,0.0,0,0,8.4,67,19.076,72.8777
2025-12-19T06:00,20.1,44,18.3,0.0,0.0,0,0,7.4,67,19.076,72.8777
2025-12-19T07:00,19.6,46,18.0,0.0,0.0,1,30,6.8,63,19.076,72.8777
2025-12-19T08:00,21.0,45,19.4,0.0,0.0,1,20,8.4,65,19.076,72.8777
2025-12-19T09:00,23.7,40,22.6,0.0,0.0,0,17,5.6,69,19.076,72.8777
2025-12-19T10:00,27.2,31,26.1,0.0,0.0,0,17,5.3,72,19.076,72.8777
2025-12-19T11:00,30.0,23,29.2,0.0,0.0,0,0,4.4,71,19.076,72.8777
2025-12-19T12:00,32.3,17,32.0,0.0,0.0,0,0,1.1,342,19.076,72.8777
2025-12-19T13:00,33.2,15,32.6,0.0,0.0,0,0,2.8,281,19.076,72.8777
2025-12-19T14:00,32.5,24,32.1,0.0,0.0,0,3,7.3,277,19.076,72.8777
2025-12-19T15:00,30.8,36,30.6,0.0,0.0,0,0,10.2,293,19.076,72.8777
2025-12-19T16:00,29.1,40,28.7,0.0,0.0,0,0,11.9,309,19.076,72.8777
2025-12-19T17:00,27.0,51,27.5,0.0,0.0,0,2,10.9,309,19.076,72.8777
2025-12-19T18:00,25.7,66,27.1,0.0,0.0,0,5,13.6,324,19.076,72.8777
2025-12-19T19:00,25.4,61,25.7,0.0,0.0,0,11,15.6,337,19.076,72.8777
2025-12-19T20:00,25.2,58,25.3,0.0,0.0,0,2,14.0,342,19.076,72.8777
2025-12-19T21:00,24.8,48,24.3,0.0,0.0,0,0,10.3,353,19.076,72.8777
2025-12-19T22:00,24.4,40,23.4,0.0,0.0,1,34,6.9,20,19.076,72.8777
2025-12-19T23:00,23.1,43,22.3,0.0,0.0,1,31,4.9,57,19.076,72.8777
2025-12-20T00:00,22.7,40,21.5,0.0,0.0,0,0,5.3,55,19.076,72.8777
2025-12-20T01:00,22.0,39,20.4,0.0,0.0,0,0,5.7,62,19.076,72.8777
2025-12-20T02:00,21.1,40,19.5,0.0,0.0,0,0,5.0,55,19.076,72.8777
2025-12-20T03:00,20.2,41,18.7,0.0,0.0,0,0,4.6,54,19.076,72.8777
2025-12-20T04:00,19.5,43,17.9,0.0,0.0,1,22,4.9,62,19.076,72.8777
2025-12-20T05:00,19.6,42,17.9,0.0,0.0,0,0,5.6,68,19.076,72.8777
2025-12-20T06:00,19.1,44,17.3,0.0,0.0,0,0,6.3,66,19.076,72.8777
2025-12-20T07:00,19.0,44,17.1,0.0,0.0,0,0,6.9,60,19.076,72.8777
2025-12-20T08:00,20.4,41,18.4,0.0,0.0,0,0,8.4,59,19.076,72.8777
2025-12-20T09:00,23.4,36,21.6,0.0,0.0,0,0,7.7,65,19.076,72.8777
2025-12-20T10:00,27.2,27,25.4,0.0,0.0,0,0,5.9,72,19.076,72.8777
2025-12-20T11:00,30.2,18,28.6,0.0,0.0,0,0,4.9,92,19.076,72.8777
2025-12-20T12:00,32.1,14,31.0,0.0,0.0,0,0,3.1,80,19.076,72.8777
2025-12-20T13:00,33.0,11,31.9,0.0,0.0,1,44,1.5,315,19.076,72.8777
2025-12-20T14:00,33.1,11,31.1,0.0,0.0,0,0,4.1,293,19.076,72.8777
2025-12-20T15:00,31.7,20,29.6,0.0,0.0,2,56,8.4,286,19.076,72.8777
2025-12-20T16:00,29.1,35,27.6,0.0,0.0,1,21,13.9,300,19.076,72.8777
2025-12-20T17:00,26.8,47,26.3,0.0,0.0,3,95,12.9,317,19.076,72.8777
2025-12-20T18:00,25.5,61,26.2,0.0,0.0,3,100,12.9,332,19.076,72.8777
2025-12-20T19:00,25.5,61,26.1,0.0,0.0,3,100,13.8,334,19.076,72.8777
2025-12-20T20:00,25.3,63,26.5,0.0,0.0,3,100,10.7,340,19.076,72.8777
2025-12-20T21:00,24.6,62,26.2,0.0,0.0,3,98,5.3,12,19.076,72.8777
2025-12-20T22:00,23.8,55,24.4,0.0,0.0,3,100,5.6,48,19.076,72.8777
2025-12-20T23:00,24.1,42,23.2,0.0,0.0,2,52,6.6,57,19.076,72.8777
2025-12-21T00:00,23.2,38,21.8,0.0,0.0,0,16,6.1,62,19.076,72.8777
2025-12-21T01:00,21.6,38,20.0,0.0,0.0,3,85,4.5,56,19.076,72.8777
2025-12-21T02:00,20.9,38,19.3,0.0,0.0,3,84,4.2,59,19.076,72.8777
2025-12-21T03:00,20.3,39,18.5,0.0,0.0,3,98,4.8,70,19.076,72.8777
2025-12-21T04:00,20.2,38,17.9,0.0,0.0,2,70,8.0,76,19.076,72.8777
2025-12-21T05:00,20.2,38,17.6,0.0,0.0,3,97,9.8,66,19.076,72.8777
2025-12-21T06:00,19.7,41,17.2,0.0,0.0,3,99,10.1,63,19.076,72.8777
2025-12-21T07:00,19.2,43,16.7,0.0,0.0,3,100,10.9,66,19.076,72.8777
2025-12-21T08:00,20.3,42,17.9,0.0,0.0,3,100,10.8,62,19.076,72.8777
2025-12-21T09:00,23.1,37,21.0,0.0,0.0,3,100,9.7,72,19.076,72.8777
2025-12-21T10:00,26.6,30,24.8,0.0,0.0,3,100,7.7,90,19.076,72.8777
2025-12-21T11:00,29.7,23,27.7,0.0,0.0,3,100,7.6,112,19.076,72.8777
2025-12-21T12:00,31.6,17,29.8,0.0,0.0,3,100,5.9,121,19.076,72.8777
2025-12-21T13:00,32.4,14,30.9,0.0,0.0,3,100,2.0,185,19.076,72.8777
2025-12-21T14:00,32.3,15,30.1,0.0,0.0,3,100,5.4,272,19.076,72.8777
2025-12-21T15:00,31.5,20,28.9,0.0,0.0,3,100,9.6,279,19.076,72.8777
2025-12-21T16:00,30.3,23,28.1,0.0,0.0,3,100,9.9,291,19.076,72.8777
2025-12-21T17:00,28.9,33,28.0,0.0,0.0,3,100,8.3,321,19.076,72.8777
2025-12-21T18:00,26.0,56,26.5,0.0,0.0,3,99,11.4,321,19.076,72.8777
2025-12-21T19:00,25.1,57,25.4,0.0,0.0,3,99,11.0,332,19.076,72.8777
2025-12-21T20:00,24.5,65,25.4,0.0,0.0,3,100,12.5,335,19.076,72.8777
2025-12-21T21:00,24.4,66,25.2,0.0,0.0,3,98,12.6,336,19.076,72.8777
2025-12-21T22:00,23.7,66,24.9,0.0,0.0,3,100,8.9,339,19.076,72.8777
2025-12-21T23:00,22.5,62,23.6,0.0,0.0,3,100,3.2,27,19.076,72.8777
2025-12-22T00:00,22.0,53,21.9,0.0,0.0,3,98,4.6,69,19.076,72.8777
2025-12-22T01:00,21.6,49,21.1,0.0,0.0,3,100,4.1,75,19.076,72.8777
2025-12-22T02:00,21.1,47,20.5,0.0,0.0,3,95,3.0,52,19.076,72.8777
2025-12-22T03:00,20.3,46,19.3,0.0,0.0,3,98,3.3,77,19.076,72.8777
2025-12-22T04:00,19.7,45,18.5,0.0,0.0,3,97,3.4,72,19.076,72.8777
2025-12-22T05:00,19.5,46,18.0,0.0,0.0,2,69,5.9,72,19.076,72.8777
2025-12-22T06:00,18.8,48,17.3,0.0,0.0,1,48,5.5,58,19.076,72.8777
2025-12-22T07:00,18.6,49,17.0,0.0,0.0,1,25,6.1,66,19.076,72.8777
2025-12-22T08:00,19.9,45,18.1,0.0,0.0,1,37,7.5,63,19.076,72.8777
2025-12-22T09:00,22.9,38,21.4,0.0,0.0,2,53,6.7,59,19.076,72.8777
2025-12-22T10:00,26.3,30,25.0,0.0,0.0,2,68,3.6,70,19.076,72.8777
2025-12-22T11:00,28.5,25,28.0,0.0,0.0,1,38,1.1,72,19.076,72.8777
2025-12-22T12:00,31.0,20,30.7,0.0,0.0,3,94,2.4,347,19.076,72.8777
2025-12-22T13:00,31.7,19,30.9,0.0,0.0,3,98,4.7,320,19.076,72.8777
2025-12-22T14:00,31.4,22,29.9,0.0,0.0,3,99,8.7,310,19.076,72.8777
2025-12-22T15:00,30.4,22,27.7,0.0,0.0,3,97,12.3,308,19.076,72.8777
2025-12-22T16:00,29.5,23,26.8,0.0,0.0,3,94,11.7,311,19.076,72.8777
2025-12-22T17:00,27.9,34,26.4,0.0,0.0,2,58,11.9,322,19.076,72.8777
2025-12-22T18:00,25.7,51,25.1,0.0,0.0,0,0,14.5,335,19.076,72.8777
2025-12-22T19:00,25.3,53,24.8,0.0,0.0,0,2,14.8,338,19.076,72.8777
2025-12-22T20:00,25.2,47,24.2,0.0,0.0,0,14,13.4,343,19.076,72.8777
2025-12-22T21:00,24.7,53,24.3,0.0,0.0,0,4,12.7,345,19.076,72.8777
2025-12-22T22:00,24.0,54,24.2,0.0,0.0,0,1,6.9,14,19.076,72.8777
2025-12-22T23:00,23.4,53,23.8,0.0,0.0,0,4,4.8,25,19.076,72.8777
2025-12-23T00:00,22.5,54,22.6,0.0,0.0,0,18,4.6,64,19.076,72.8777
2025-12-23T01:00,22.1,53,21.9,0.0,0.0,0,6,5.4,69,19.076,72.8777
2025-12-23T02:00,21.7,49,20.8,0.0,0.0,0,2,7.3,52,19.076,72.8777
2025-12-23T03:00,21.1,48,20.0,0.0,0.0,0,0,7.1,47,19.076,72.8777
2025-12-23T04:00,20.7,47,19.3,0.0,0.0,0,0,7.9,49,19.076,72.8777
2025-12-23T05:00,20.6,47,18.9,0.0,0.0,0,0,9.3,58,19.076,72.8777
2025-12-23T06:00,20.1,49,18.5,0.0,0.0,0,2,8.6,68,19.076,72.8777
2025-12-23T07:00,19.9,50,18.4,0.0,0.0,1,27,8.5,65,19.076,72.8777
2025-12-23T08:00,21.2,47,19.7,0.0,0.0,0,1,9.1,65,19.076,72.8777
2025-12-23T09:00,23.6,41,22.5,0.0,0.0,0,0,6.8,68,19.076,72.8777
2025-12-23T10:00,26.9,34,26.1,0.0,0.0,0,0,5.0,69,19.076,72.8777
2025-12-23T11:00,29.9,27,29.4,0.0,0.0,2,59,5.2,78,19.076,72.8777
2025-12-23T12:00,31.8,21,31.6,0.0,0.0,3,96,3.2,87,19.076,72.8777
2025-12-23T13:00,32.4,19,32.0,0.0,0.0,2,65,3.0,295,19.076,72.8777
2025-12-23T14:00,32.2,21,31.0,0.0,0.0,2,75,8.0,295,19.076,72.8777
2025-12-23T15:00,31.7,23,29.7,0.0,0.0,2,52,9.9,297,19.076,72.8777
2025-12-23T16:00,29.4,40,28.7,0.0,0.0,1,35,14.8,317,19.076,72.8777
2025-12-23T17:00,27.3,51,27.4,0.0,0.0,0,5,14.1,325,19.076,72.8777
2025-12-23T18:00,25.9,59,26.5,0.0,0.0,0,11,13.0,334,19.076,72.8777
2025-12-23T19:00,25.8,56,25.7,0.0,0.0,3,92,15.7,341,19.076,72.8777
2025-12-23T20:00,25.7,51,25.2,0.0,0.0,3,84,14.9,345,19.076,72.8777
2025-12-23T21:00,25.0,64,25.8,0.0,0.0,3,93,12.7,347,19.076,72.8777
2025-12-23T22:00,24.4,67,26.1,0.0,0.0,3,100,7.4,1,19.076,72.8777
2025-12-23T23:00,23.7,64,25.1,0.0,0.0,3,86,5.0,60,19.076,72.8777
2025-12-24T00:00,23.3,59,23.8,0.0,0.0,3,98,7.2,65,19.076,72.8777
2025-12-24T01:00,22.8,52,22.2,0.0,0.0,3,95,8.3,60,19.076,72.8777
2025-12-24T02:00,22.1,47,21.0,0.0,0.0,3,96,8.1,59,19.076,72.8777
2025-12-24T03:00,21.8,46,20.3,0.0,0.0,3,92,9.4,52,19.076,72.8777
2025-12-24T04:00,21.6,45,19.8,0.0,0.0,3,98,10.8,57,19.076,72.8777
2025-12-24T05:00,21.5,45,19.5,0.0,0.0,3,80,11.3,65,19.076,72.8777
2025-12-24T06:00,21.1,45,19.3,0.0,0.0,3,99,10.2,62,19.076,72.8777
2025-12-24T07:00,20.8,47,19.0,0.0,0.0,3,97,9.9,61,19.076,72.8777
2025-12-24T08:00,21.7,45,20.1,0.0,0.0,3,100,9.0,68,19.076,72.8777
2025-12-24T09:00,23.8,40,22.6,0.0,0.0,3,99,7.0,80,19.076,72.8777
2025-12-24T10:00,26.7,34,25.8,0.0,0.0,3,98,5.2,84,19.076,72.8777
2025-12-24T11:00,29.3,28,28.5,0.0,0.0,1,28,6.3,103,19.076,72.8777
2025-12-24T12:00,31.3,22,31.1,0.0,0.0,0,18,4.1,124,19.076,72.8777
2025-12-24T13:00,32.2,19,32.1,0.0,0.0,1,31,1.9,229,19.076,72.8777
2025-12-24T14:00,31.8,23,30.8,0.0,0.0,3,98,8.6,272,19.076,72.8777
2025-12-24T15:00,30.1,34,29.0,0.0,0.0,3,100,12.9,288,19.076,72.8777
2025-12-24T16:00,29.3,36,28.3,0.0,0.0,3,99,12.3,300,19.076,72.8777
2025-12-24T17:00,26.6,55,26.8,0.0,0.0,3,100,14.8,328,19.076,72.8777
2025-12-24T18:00,25.5,58,25.9,0.0,0.0,3,99,12.2,336,19.076,72.8777
2025-12-24T19:00,25.3,55,25.1,0.0,0.0,3,100,13.7,338,19.076,72.8777
2025-12-24T20:00,24.8,55,24.7,0.0,0.0,3,100,12.4,336,19.076,72.8777
2025-12-24T21:00,24.3,57,24.3,0.0,0.0,0,6,12.3,349,19.076,72.8777
2025-12-24T22:00,23.7,58,24.0,0.0,0.0,0,4,9.0,359,19.076,72.8777
2025-12-24T23:00,23.0,60,23.6,0.0,0.0,0,5,6.5,2,19.076,72.8777
2025-12-25T00:00,22.1,60,22.8,0.0,0.0,1,20,4.1,56,19.076,72.8777
2025-12-25T01:00,21.8,58,22.1,0.0,0.0,3,90,4.5,90,19.076,72.8777
2025-12-25T02:00,21.4,58,21.5,0.0,0.0,3,88,5.2,65,19.076,72.8777
2025-12-25T03:00,20.9,59,20.6,0.0,0.0,1,23,6.7,56,19.076,72.8777
2025-12-25T04:00,20.5,57,20.1,0.0,0.0,0,12,6.1,62,19.076,72.8777
2025-12-25T05:00,20.4,58,20.0,0.0,0.0,3,90,6.7,87,19.076,72.8777
2025-12-25T06:00,19.7,60,19.0,0.0,0.0,0,8,7.4,72,19.076,72.8777
2025-12-25T07:00,19.1,60,18.4,0.0,0.0,0,0,7.1,74,19.076,72.8777
2025-12-25T08:00,20.2,56,19.3,0.0,0.0,0,0,8.4,80,19.076,72.8777
2025-12-25T09:00,23.5,48,22.8,0.0,0.0,0,0,8.0,82,19.076,72.8777
2025-12-25T10:00,26.9,35,25.8,0.0,0.0,0,0,7.4,94,19.076,72.8777
2025-12-25T11:00,29.2,30,28.5,0.0,0.0,0,0,7.6,98,19.076,72.8777
2025-12-25T12:00,31.1,23,30.9,0.0,0.0,0,0,4.6,111,19.076,72.8777
2025-12-25T13:00,31.6,22,31.7,0.0,0.0,0,0,2.2,265,19.076,72.8777
2025-12-25T14:00,31.3,24,30.4,0.0,0.0,0,0,7.4,284,19.076,72.8777
2025-12-25T15:00,30.8,25,29.0,0.0,0.0,0,0,9.5,291,19.076,72.8777
2025-12-25T16:00,29.9,29,28.1,0.0,0.0,0,0,11.7,295,19.076,72.8777
2025-12-25T17:00,27.3,46,27.0,0.0,0.0,0,0,12.1,308,19.076,72.8777
2025-12-25T18:00,25.5,58,26.1,0.0,0.0,0,0,11.4,335,19.076,72.8777
2025-12-25T19:00,25.0,65,25.8,0.0,0.0,0,0,13.7,338,19.076,72.8777
2025-12-25T20:00,24.9,56,24.8,0.0,0.0,0,0,12.4,344,19.076,72.8777
2025-12-25T21:00,24.3,54,24.2,0.0,0.0,0,0,10.9,348,19.076,72.8777
2025-12-25T22:00,23.8,54,23.8,0.0,0.0,0,0,8.6,359,19.076,72.8777
2025-12-25T23:00,23.4,51,23.2,0.0,0.0,0,0,6.7,352,19.076,72.8777
2025-12-26T00:00,22.3,53,22.4,0.0,0.0,0,0,4.3,15,19.076,72.8777
2025-12-26T01:00,21.6,55,21.7,0.0,0.0,0,0,3.5,9,19.076,72.8777
2025-12-26T02:00,21.1,58,21.5,0.0,0.0,0,0,2.4,13,19.076,72.8777
2025-12-26T03:00,20.6,60,21.2,0.0,0.0,0,0,1.4,40,19.076,72.8777
2025-12-26T04:00,20.0,60,20.0,0.0,0.0,0,0,3.9,68,19.076,72.8777
2025-12-26T05:00,19.4,64,19.4,0.0,0.0,0,0,4.2,47,19.076,72.8777
2025-12-26T06:00,19.0,64,18.9,0.0,0.0,0,0,4.8,53,19.076,72.8777
2025-12-26T07:00,19.0,63,18.6,0.0,0.0,0,0,6.5,62,19.076,72.8777
2025-12-26T08:00,20.5,57,19.7,0.0,0.0,0,0,8.5,63,19.076,72.8777
2025-12-26T09:00,23.5,47,22.8,0.0,0.0,0,0,7.0,77,19.076,72.8777
2025-12-26T10:00,27.1,35,26.2,0.0,0.0,0,0,6.8,88,19.076,72.8777
2025-12-26T11:00,29.4,30,28.9,0.0,0.0,0,0,6.9,120,19.076,72.8777
2025-12-26T12:00,30.9,24,30.6,0.0,0.0,0,0,4.6,149,19.076,72.8777
2025-12-26T13:00,31.2,23,31.2,0.0,0.0,0,0,3.3,216,19.076,72.8777
2025-12-26T14:00,31.3,24,30.8,0.0,0.0,0,0,5.0,257,19.076,72.8777
2025-12-26T15:00,31.0,25,29.5,0.0,0.0,0,0,8.2,278,19.076,72.8777
2025-12-26T16:00,29.9,29,28.2,0.0,0.0,0,0,11.3,292,19.076,72.8777
2025-12-26T17:00,28.4,37,27.4,0.0,0.0,0,0,10.8,308,19.076,72.8777
2025-12-26T18:00,26.4,49,26.2,0.0,0.0,0,0,12.0,327,19.076,72.8777
2025-12-26T19:00,25.1,60,25.2,0.0,0.0,0,0,15.1,340,19.076,72.8777
2025-12-26T20:00,24.8,61,25.0,0.0,0.0,0,0,13.8,344,19.076,72.8777
2025-12-26T21:00,24.3,57,24.3,0.0,0.0,0,0,11.9,354,19.076,72.8777
2025-12-26T22:00,23.9,54,23.4,0.0,0.0,0,0,11.7,349,19.076,72.8777
2025-12-26T23:00,23.6,55,23.3,0.0,0.0,0,0,10.4,351,19.076,72.8777
2025-12-27T00:00,22.6,59,23.3,0.0,0.0,0,0,3.8,45,19.076,72.8777
2025-12-27T01:00,21.7,61,22.8,0.0,0.0,0,0,1.5,97,19.076,72.8777
2025-12-27T02:00,21.1,62,21.7,0.0,0.0,0,0,3.1,103,19.076,72.8777
2025-12-27T03:00,20.5,64,21.1,0.0,0.0,0,0,3.8,87,19.076,72.8777
2025-12-27T04:00,20.0,66,20.4,0.0,0.0,0,0,4.3,66,19.076,72.8777
2025-12-27T05:00,20.2,65,20.3,0.0,0.0,0,0,6.6,79,19.076,72.8777
2025-12-27T06:00,20.3,61,19.9,0.0,0.0,0,0,7.8,77,19.076,72.8777
2025-12-27T07:00,19.7,61,19.1,0.0,0.0,0,0,8.0,70,19.076,72.8777
2025-12-27T08:00,20.9,56,20.1,0.0,0.0,0,0,8.5,72,19.076,72.8777
2025-12-27T09:00,23.6,46,22.9,0.0,0.0,0,0,7.7,74,19.076,72.8777
2025-12-27T10:00,26.9,36,26.0,0.0,0.0,0,0,7.3,83,19.076,72.8777
2025-12-27T11:00,29.6,30,28.9,0.0,0.0,0,0,8.6,106,19.076,72.8777
2025-12-27T12:00,31.5,24,31.2,0.0,0.0,0,0,6.5,120,19.076,72.8777
2025-12-27T13:00,32.0,23,32.2,0.0,0.0,0,0,2.9,176,19.076,72.8777
2025-12-27T14:00,31.9,23,31.3,0.0,0.0,0,0,5.4,262,19.076,72.8777
2025-12-27T15:00,31.2,26,29.6,0.0,0.0,0,0,10.0,279,19.076,72.8777
2025-12-27T16:00,29.8,33,28.5,0.0,0.0,0,0,12.4,298,19.076,72.8777
2025-12-27T17:00,28.6,36,27.7,0.0,0.0,0,0,9.8,301,19.076,72.8777
2025-12-27T18:00,26.1,52,26.1,0.0,0.0,0,0,13.0,335,19.076,72.8777
2025-12-27T19:00,25.3,55,25.2,0.0,0.0,0,0,12.9,337,19.076,72.8777
2025-12-27T20:00,24.8,57,24.8,0.0,0.0,0,0,13.4,342,19.076,72.8777
2025-12-27T21:00,24.3,55,23.8,0.0,0.0,0,0,13.4,349,19.076,72.8777
2025-12-27T22:00,23.9,52,23.2,0.0,0.0,0,0,12.3,354,19.076,72.8777
2025-12-27T23:00,23.7,49,22.9,0.0,0.0,0,0,10.6,356,19.076,72.8777
2025-12-28T00:00,23.4,48,22.8,0.0,0.0,0,0,8.0,8,19.076,72.8777
2025-12-28T01:00,22.4,53,22.4,0.0,0.0,0,0,4.2,59,19.076,72.8777
2025-12-28T02:00,21.5,58,21.9,0.0,0.0,0,0,3.3,84,19.076,72.8777
2025-12-28T03:00,20.8,60,21.1,0.0,0.0,0,0,3.3,68,19.076,72.8777
2025-12-28T04:00,20.2,62,20.5,0.0,0.0,0,0,3.6,60,19.076,72.8777
2025-12-28T05:00,20.0,65,20.4,0.0,0.0,0,0,4.1,52,19.076,72.8777
2025-12-28T06:00,20.1,62,19.9,0.0,0.0,0,0,6.7,70,19.076,72.8777
2025-12-28T07:00,20.4,58,19.6,0.0,0.0,0,0,9.5,69,19.076,72.8777
2025-12-28T08:00,21.9,51,20.8,0.0,0.0,0,0,9.6,67,19.076,72.8777
2025-12-28T09:00,24.3,45,23.5,0.0,0.0,0,0,8.7,66,19.076,72.8777
2025-12-28T10:00,27.5,34,26.5,0.0,0.0,0,0,7.6,83,19.076,72.8777
2025-12-28T11:00,29.7,29,28.9,0.0,0.0,0,0,8.0,117,19.076,72.8777
2025-12-28T12:00,31.3,23,30.9,0.0,0.0,0,0,5.7,152,19.076,72.8777
2025-12-28T13:00,31.5,22,31.2,0.0,0.0,0,0,5.0,215,19.076,72.8777
2025-12-28T14:00,31.2,24,30.2,0.0,0.0,0,0,8.4,247,19.076,72.8777
2025-12-28T15:00,30.2,28,28.4,0.0,0.0,0,0,11.9,266,19.076,72.8777
2025-12-28T16:00,29.1,32,27.5,0.0,0.0,0,0,12.0,278,19.076,72.8777
2025-12-28T17:00,27.8,36,26.7,0.0,0.0,0,0,9.4,288,19.076,72.8777
2025-12-28T18:00,26.0,49,26.0,0.0,0.0,0,0,9.8,311,19.076,72.8777
2025-12-28T19:00,25.2,59,26.0,0.0,0.0,0,0,10.0,327,19.076,72.8777
2025-12-28T20:00,24.7,62,25.6,0.0,0.0,0,0,10.3,337,19.076,72.8777
2025-12-28T21:00,23.9,69,25.2,0.0,0.0,0,0,10.3,355,19.076,72.8777
2025-12-28T22:00,23.3,67,24.5,0.0,0.0,0,0,7.8,5,19.076,72.8777
2025-12-28T23:00,22.8,62,23.7,0.0,0.0,0,0,5.1,10,19.076,72.8777
2025-12-29T00:00,22.4,55,22.5,0.0,0.0,0,0,5.8,4,19.076,72.8777
2025-12-29T01:00,21.5,58,21.8,0.0,0.0,0,0,3.6,37,19.076,72.8777
2025-12-29T02:00,21.0,61,21.6,0.0,0.0,0,0,2.1,52,19.076,72.8777
2025-12-29T03:00,20.2,63,20.6,0.0,0.0,0,0,3.5,69,19.076,72.8777
2025-12-29T04:00,19.6,66,20.1,0.0,0.0,0,0,3.6,70,19.076,72.8777
2025-12-29T05:00,19.3,68,19.8,0.0,0.0,0,0,3.9,47,19.076,72.8777
2025-12-29T06:00,19.1,68,19.4,0.0,0.0,0,0,4.4,58,19.076,72.8777
2025-12-29T07:00,19.3,66,19.2,0.0,0.0,0,0,6.3,77,19.076,72.8777
2025-12-29T08:00,20.8,58,20.2,0.0,0.0,0,0,8.3,72,19.076,72.8777
2025-12-29T09:00,23.7,49,23.2,0.0,0.0,0,0,8.0,82,19.076,72.8777
2025-12-29T10:00,27.3,35,26.5,0.0,0.0,0,0,6.5,98,19.076,72.8777
2025-12-29T11:00,29.4,29,28.7,0.0,0.0,0,0,7.4,116,19.076,72.8777
2025-12-29T12:00,30.9,22,30.3,0.0,0.0,0,0,5.7,148,19.076,72.8777
2025-12-29T13:00,31.2,21,30.8,0.0,0.0,0,0,4.9,204,19.076,72.8777
2025-12-29T14:00,31.1,22,30.1,0.0,0.0,0,0,7.0,249,19.076,72.8777
2025-12-29T15:00,30.4,25,28.3,0.0,0.0,0,0,10.5,278,19.076,72.8777
2025-12-29T16:00,29.4,27,27.4,0.0,0.0,0,0,10.9,282,19.076,72.8777
2025-12-29T17:00,27.9,35,26.8,0.0,0.0,0,0,9.3,289,19.076,72.8777
2025-12-29T18:00,26.1,49,26.0,0.0,0.0,0,0,10.5,299,19.076,72.8777
2025-12-29T19:00,25.5,55,25.8,0.0,0.0,0,0,10.8,314,19.076,72.8777
2025-12-29T20:00,24.6,65,25.7,0.0,0.0,0,0,11.5,330,19.076,72.8777
2025-12-29T21:00,23.8,72,25.4,0.0,0.0,0,0,10.2,353,19.076,72.8777
2025-12-29T22:00,23.0,70,24.5,0.0,0.0,0,0,6.8,32,19.076,72.8777
2025-12-29T23:00,22.5,65,23.6,0.0,0.0,0,0,5.5,23,19.076,72.8777
2025-12-30T00:00,21.6,65,22.6,0.0,0.0,0,0,3.8,25,19.076,72.8777
2025-12-30T01:00,20.9,68,22.1,0.0,0.0,0,0,2.5,8,19.076,72.8777
2025-12-30T02:00,20.4,69,21.4,0.0,0.0,0,0,3.2,19,19.076,72.8777
2025-12-30T03:00,19.8,71,20.8,0.0,0.0,0,0,3.1,24,19.076,72.8777
2025-12-30T04:00,19.2,74,20.2,0.0,0.0,0,0,3.1,21,19.076,72.8777
2025-12-30T05:00,19.0,75,20.0,0.0,0.0,0,0,3.1,24,19.076,72.8777
2025-12-30T06:00,18.6,76,19.5,0.0,0.0,0,0,3.0,38,19.076,72.8777
2025-12-30T07:00,18.6,75,19.4,0.0,0.0,0,0,3.0,73,19.076,72.8777
2025-12-30T08:00,20.3,66,21.0,0.0,0.0,0,5,3.3,77,19.076,72.8777
2025-12-30T09:00,23.0,54,23.6,0.0,0.0,0,0,2.4,107,19.076,72.8777
2025-12-30T10:00,26.1,43,26.4,0.0,0.0,0,0,2.6,155,19.076,72.8777
2025-12-30T11:00,28.0,36,28.4,0.0,0.0,0,0,4.2,187,19.076,72.8777
2025-12-30T12:00,29.4,32,29.7,0.0,0.0,0,0,6.5,226,19.076,72.8777
2025-12-30T13:00,29.4,34,29.8,0.0,0.0,0,0,8.3,246,19.076,72.8777
2025-12-30T14:00,28.7,40,29.1,0.0,0.0,3,81,9.9,266,19.076,72.8777
2025-12-30T15:00,27.9,46,28.0,0.0,0.0,2,53,10.9,289,19.076,72.8777
2025-12-30T16:00,26.9,55,27.7,0.0,0.0,0,15,11.3,307,19.076,72.8777
2025-12-30T17:00,26.0,60,27.1,0.0,0.0,0,4,10.8,306,19.076,72.8777
2025-12-30T18:00,24.9,70,26.8,0.0,0.0,0,16,9.9,318,19.076,72.8777
2025-12-30T19:00,24.5,73,26.5,0.0,0.0,2,50,10.4,323,19.076,72.8777
2025-12-30T20:00,24.0,77,26.1,0.0,0.0,0,0,10.4,326,19.076,72.8777
2025-12-30T21:00,23.4,79,25.8,0.0,0.0,0,0,8.1,336,19.076,72.8777
2025-12-30T22:00,22.7,82,25.5,0.0,0.0,0,0,4.9,24,19.076,72.8777
2025-12-30T23:00,22.2,86,25.0,0.0,0.0,0,0,6.0,44,19.076,72.8777
2025-12-31T00:00,21.4,88,24.2,0.0,0.0,0,0,4.5,53,19.076,72.8777
2025-12-31T01:00,20.6,91,23.4,0.0,0.0,0,0,3.3,54,19.076,72.8777
2025-12-31T02:00,20.0,92,22.8,0.0,0.0,0,0,2.2,35,19.076,72.8777
2025-12-31T03:00,19.7,92,22.4,0.0,0.0,0,5,2.2,5,19.076,72.8777
2025-12-31T04:00,19.4,92,21.8,0.0,0.0,0,16,3.0,14,19.076,72.8777
2025-12-31T05:00,19.0,92,21.2,0.0,0.0,1,20,3.9,66,19.076,72.8777
2025-12-31T06:00,18.6,93,20.8,0.0,0.0,1,22,3.5,78,19.076,72.8777
2025-12-31T07:00,18.1,95,20.2,0.0,0.0,1,45,3.8,79,19.076,72.8777
2025-12-31T08:00,19.0,90,21.1,0.0,0.0,2,57,3.1,69,19.076,72.8777
2025-12-31T09:00,21.3,79,23.6,0.0,0.0,1,20,2.3,61,19.076,72.8777
2025-12-31T10:00,24.8,58,26.5,0.0,0.0,0,0,1.4,67,19.076,72.8777
2025-12-31T11:00,26.0,49,27.7,0.0,0.0,0,0,1.1,261,19.076,72.8777
2025-12-31T12:00,28.0,41,29.9,0.0,0.0,0,13,1.9,248,19.076,72.8777
2025-12-31T13:00,28.8,38,30.3,0.0,0.0,0,0,4.4,235,19.076,72.8777
2025-12-31T14:00,28.2,46,29.0,0.0,0.0,0,0,11.1,262,19.076,72.8777
2025-12-31T15:00,27.0,51,27.1,0.0,0.0,0,0,13.4,275,19.076,72.8777
2025-12-31T16:00,26.2,55,26.6,0.0,0.0,0,0,12.6,280,19.076,72.8777
2025-12-31T17:00,25.7,58,26.2,0.0,0.0,0,0,12.2,283,19.076,72.8777
2025-12-31T18:00,24.9,67,26.3,0.0,0.0,0,2,10.5,287,19.076,72.8777
2025-12-31T19:00,24.8,68,26.4,0.0,0.0,0,5,10.4,291,19.076,72.8777
2025-12-31T20:00,24.7,69,26.5,0.0,0.0,0,12,9.1,292,19.076,72.8777
2025-12-31T21:00,24.3,73,26.5,0.0,0.0,1,20,8.0,293,19.076,72.8777
2025-12-31T22:00,24.1,74,26.7,0.0,0.0,2,55,5.7,307,19.076,72.8777
2025-12-31T23:00,23.3,79,26.6,0.0,0.0,1,39,2.5,30,19.076,72.8777
